Step,Value
0,2.7773866653442383
1,5.703390598297119
2,4.954172134399414
3,6.351600646972656
4,3.5395498275756836
5,4.155520439147949
6,3.460775852203369
7,5.950326442718506
8,4.456380844116211
9,4.3476691246032715
10,2.2244207859039307
11,4.54874324798584
12,5.426026344299316
13,3.371316909790039
14,2.3370988368988037
15,4.5292840003967285
16,2.116722822189331
17,2.4380548000335693
18,3.1566617488861084
19,5.961540222167969
20,3.2340784072875977
21,4.94061803817749
22,4.977407932281494
23,2.899651527404785
24,4.265880584716797
25,5.085914611816406
26,5.936019420623779
27,4.7335615158081055
28,4.302517414093018
29,5.378062725067139
30,5.319189071655273
31,5.324357032775879
32,6.8763017654418945
33,4.776904582977295
34,4.31467866897583
35,2.455960750579834
36,5.603660583496094
37,5.0921502113342285
38,6.858851432800293
39,1.6175366640090942
40,5.79407262802124
41,5.528719425201416
42,5.357316493988037
43,5.6289286613464355
44,5.050171852111816
45,5.223126411437988
46,5.563437461853027
47,5.593157768249512
48,4.991881370544434
49,5.479250431060791
50,6.632465362548828
51,2.3643343448638916
52,4.769792079925537
53,4.672001361846924
54,3.8731014728546143
55,5.722296237945557
56,2.451326608657837
57,2.8762190341949463
58,4.685660362243652
59,2.1143879890441895
60,5.378941059112549
61,6.110553741455078
62,2.3575634956359863
63,6.410998821258545
64,6.626978397369385
65,3.7833123207092285
66,1.4339609146118164
67,2.389037847518921
68,7.095153331756592
69,4.903655052185059
70,5.464000225067139
71,5.715130805969238
72,5.378626346588135
73,5.662466049194336
74,3.315687894821167
75,6.125148773193359
76,5.456259250640869
77,2.4112319946289062
78,4.953369140625
79,3.356868267059326
80,3.4404191970825195
81,5.141103267669678
82,4.1372761726379395
83,5.387138366699219
84,4.388973712921143
85,4.32994270324707
86,5.0327606201171875
87,3.0825650691986084
88,2.513129234313965
89,4.157991409301758
90,5.24996280670166
91,6.12345027923584
92,4.116123676300049
93,3.3285183906555176
94,1.2844784259796143
95,3.4670846462249756
96,5.499602317810059
97,2.8549604415893555
98,6.532961845397949
99,6.5018510818481445
100,4.316157341003418
101,3.3452811241149902
102,4.265775203704834
103,5.675423622131348
104,5.624234199523926
105,5.557242393493652
106,4.404405117034912
107,3.7948412895202637
108,5.0571417808532715
109,2.5997636318206787
110,2.9750123023986816
111,5.657357692718506
112,4.621974468231201
113,1.2567520141601562
114,6.027200222015381
115,5.731712818145752
116,4.726937294006348
117,5.707962989807129
118,7.112180233001709
119,6.36179256439209
120,6.452906608581543
121,4.632711887359619
122,6.747603893280029
123,5.329775333404541
124,4.2292633056640625
125,5.6849846839904785
126,5.521126747131348
127,3.2863385677337646
128,2.0886926651000977
129,2.248971700668335
130,6.248956203460693
131,2.34258770942688
132,6.86713981628418
133,4.980259895324707
134,5.602846145629883
135,5.652003288269043
136,4.630138397216797
137,5.922776222229004
138,6.391530990600586
139,5.635144233703613
140,7.1273512840271
141,6.171926498413086
142,6.12930965423584
143,6.546131134033203
144,6.578895092010498
145,5.705840110778809
146,5.02678108215332
147,5.719624996185303
148,5.71812629699707
149,4.677926063537598
150,6.570853233337402
151,5.790764808654785
152,6.125199794769287
153,6.538702964782715
154,5.7436909675598145
155,5.994343280792236
156,5.835313320159912
157,5.7506585121154785
158,4.945065021514893
159,5.686669826507568
160,5.668122291564941
161,3.212571382522583
162,6.108762741088867
163,5.6744184494018555
164,6.142000675201416
165,6.561014652252197
166,5.760200500488281
167,5.120199203491211
168,6.740560054779053
169,5.726443290710449
170,5.746305465698242
171,5.73708438873291
172,6.727293491363525
173,5.752780437469482
174,5.903810024261475
175,5.7633795738220215
176,5.8000383377075195
177,6.628543853759766
178,5.7418599128723145
179,5.70299768447876
180,5.6998820304870605
181,5.729852676391602
182,5.722611427307129
183,5.818065643310547
184,5.68482780456543
185,5.641660213470459
186,5.695971965789795
187,5.697899341583252
188,5.684853553771973
189,5.669546127319336
190,5.6839704513549805
191,6.431301116943359
192,5.571331024169922
193,5.541226387023926
194,5.588088512420654
195,5.593484401702881
196,6.545067310333252
197,5.596685886383057
198,5.612149238586426
199,5.6389970779418945
200,5.691762447357178
201,5.724145412445068
202,5.69658899307251
203,5.675029754638672
204,5.666563510894775
205,5.678444862365723
206,5.698760509490967
207,5.688422679901123
208,6.706496238708496
209,6.641075611114502
210,5.706042766571045
211,5.705780982971191
212,5.752010822296143
213,5.7317609786987305
214,5.726653099060059
215,5.741905212402344
216,6.6771697998046875
217,6.624719619750977
218,5.68144416809082
219,6.649889945983887
220,6.6707000732421875
221,5.652844429016113
222,6.558899879455566
223,6.775579452514648
224,5.708298206329346
225,5.735988616943359
226,6.657686710357666
227,6.656534194946289
228,5.734372138977051
229,6.6632256507873535
230,5.637639999389648
231,5.590571880340576
232,5.661736011505127
233,6.654035568237305
234,5.658753871917725
235,5.642674922943115
236,5.646820068359375
237,6.448067665100098
238,6.531161785125732
239,6.627826690673828
240,6.632264137268066
241,7.380214691162109
242,6.690001487731934
243,5.655150413513184
244,5.653227806091309
245,6.132320404052734
246,5.639072418212891
247,5.622074127197266
248,6.650649070739746
249,6.5355658531188965
250,6.531312465667725
251,6.712287902832031
252,6.706625938415527
253,6.530104160308838
254,5.650421619415283
255,6.552884578704834
256,6.632966041564941
257,6.69937801361084
258,5.70303201675415
259,6.683959007263184
260,6.640463829040527
261,6.471899509429932
262,6.674150466918945
263,5.633162498474121
264,6.165810585021973
265,5.607326030731201
266,5.61449670791626
267,5.632014274597168
268,5.649678707122803
269,5.682113170623779
270,6.610533714294434
271,5.724735260009766
272,6.564683437347412
273,5.724316120147705
274,6.660625457763672
275,6.695169925689697
276,5.76112699508667
277,6.735525131225586
278,6.690035820007324
279,5.694948673248291
280,6.588598728179932
281,5.6722822189331055
282,6.5674729347229
283,5.657708644866943
284,6.592862129211426
285,5.608398914337158
286,5.597304344177246
287,5.588326930999756
288,6.520368576049805
289,6.925018310546875
290,6.597728252410889
291,5.606921195983887
292,5.612091541290283
293,5.649814128875732
294,5.676479816436768
295,5.661155700683594
296,6.539528846740723
297,6.7183661460876465
298,6.680125713348389
299,5.771152019500732
300,6.715376377105713
301,6.6910223960876465
302,6.77448034286499
303,6.674797058105469
304,7.194424629211426
305,6.847471237182617
306,6.625782489776611
307,6.669882297515869
308,5.776209354400635
309,5.78029727935791
310,6.766130447387695
311,6.694947719573975
312,6.800287246704102
313,6.808765411376953
314,5.811333656311035
315,6.793060779571533
316,6.677289962768555
317,5.736759662628174
318,6.647615909576416
319,6.693054676055908
320,6.7164483070373535
321,5.757319927215576
322,5.788858413696289
323,6.659841537475586
324,6.780141830444336
325,5.757231712341309
326,6.625949859619141
327,6.668299674987793
328,6.709339618682861
329,6.653266429901123
330,6.633547782897949
331,6.65696382522583
332,6.696029186248779
333,6.69246244430542
334,6.710468769073486
335,6.738946914672852
336,6.719785213470459
337,6.763843536376953
338,6.645499229431152
339,6.765167236328125
340,7.09903621673584
341,6.7249274253845215
342,6.810083389282227
343,6.748869895935059
344,6.719732761383057
345,6.680850982666016
346,6.666723251342773
347,6.627020835876465
348,6.61479377746582
349,6.596697807312012
350,6.566788673400879
351,6.5530290603637695
352,6.593231201171875
353,6.510401248931885
354,6.502557277679443
355,5.599355697631836
356,6.509020805358887
357,5.625298500061035
358,6.55660343170166
359,6.5893988609313965
360,6.628369331359863
361,6.693668842315674
362,6.794497966766357
363,5.702826976776123
364,6.634375095367432
365,6.925803184509277
366,6.630887508392334
367,6.615207672119141
368,6.563070774078369
369,6.604703903198242
370,6.580017566680908
371,5.623864650726318
372,5.606433868408203
373,6.585389137268066
374,6.613361835479736
375,6.641476631164551
376,6.671509742736816
377,6.725315093994141
378,6.71652889251709
379,6.804341793060303
380,6.802979946136475
381,6.641329765319824
382,6.715648174285889
383,6.669429302215576
384,6.64429235458374
385,5.677731990814209
386,6.611388683319092
387,6.572690010070801
388,6.649369239807129
389,6.5473713874816895
390,5.628790378570557
391,6.59053373336792
392,6.644503593444824
393,6.784979343414307
394,6.844040393829346
395,6.814003944396973
396,6.814035415649414
397,6.776834011077881
398,6.833570957183838
399,6.8173017501831055
400,6.7640485763549805
401,6.709828853607178
402,6.794918537139893
403,5.753081321716309
404,6.674668788909912
405,6.683426856994629
406,6.687444686889648
407,6.683190822601318
408,6.6689653396606445
409,6.578066349029541
410,6.733606815338135
411,6.741977691650391
412,6.683707237243652
413,6.66547155380249
414,6.613674640655518
415,6.686690807342529
416,6.698965549468994
417,6.697996139526367
418,6.688068389892578
419,6.66634464263916
420,6.674945831298828
421,6.643394470214844
422,6.613327980041504
423,6.62047815322876
424,6.643614768981934
425,6.5901198387146
426,6.561771392822266
427,6.558420658111572
428,6.625019073486328
429,6.618633270263672
430,6.6732707023620605
431,6.617918014526367
432,6.578065395355225
433,6.673208236694336
434,6.563702583312988
435,6.553681373596191
436,6.531764507293701
437,6.527436256408691
438,6.450096130371094
439,6.5249810218811035
440,6.5315656661987305
441,6.517839431762695
442,6.506974220275879
443,6.620640754699707
444,6.530601978302002
445,6.5407490730285645
446,6.557016849517822
447,6.563241958618164
448,6.55441427230835
449,6.496926307678223
450,6.517787456512451
451,6.511585235595703
452,6.572739601135254
453,6.581809997558594
454,6.616109371185303
455,6.618897438049316
456,6.546684741973877
457,6.599520206451416
458,6.543403625488281
459,6.388673305511475
460,6.478533744812012
461,6.526981830596924
462,6.474302768707275
463,6.48091459274292
464,6.498133182525635
465,6.494844913482666
466,6.420432090759277
467,6.50885534286499
468,6.496670722961426
469,6.574033737182617
470,6.511378765106201
471,6.592612266540527
472,6.513350963592529
473,6.440985202789307
474,6.483826637268066
475,6.50501012802124
476,6.469750881195068
477,6.449733257293701
478,6.540109157562256
479,6.555837631225586
480,6.5264058113098145
481,6.499039173126221
482,6.534244060516357
483,6.588881015777588
484,6.583261013031006
485,6.675039291381836
486,6.632631301879883
487,6.700264930725098
488,6.744109630584717
489,6.675297737121582
490,6.760293483734131
491,6.6560893058776855
492,6.696979999542236
493,6.6225199699401855
494,6.691429615020752
495,6.746962547302246
496,6.632808208465576
497,6.621091842651367
498,6.629305839538574
499,6.623978137969971
500,6.719172954559326
501,6.7458391189575195
502,6.701472759246826
503,6.689884185791016
504,6.730624675750732
505,6.660446643829346
506,6.547171592712402
507,6.624257564544678
508,6.622310161590576
509,6.609795093536377
510,6.620718955993652
511,6.597677707672119
512,6.613583087921143
513,6.573132514953613
514,6.638671398162842
515,6.774877071380615
516,6.706267356872559
517,6.694086074829102
518,6.702919960021973
519,6.697465419769287
520,6.714854717254639
521,6.663393497467041
522,6.661701202392578
523,6.6631927490234375
524,6.566737174987793
525,6.626849174499512
526,6.6378374099731445
527,6.580698490142822
528,6.586071491241455
529,6.641078948974609
530,6.647100448608398
531,6.644721984863281
532,6.5995893478393555
533,6.691195487976074
534,6.614284038543701
535,6.69655179977417
536,6.71771764755249
537,6.711005210876465
538,6.619750022888184
539,6.675778388977051
540,6.583433151245117
541,6.6144700050354
542,6.6090264320373535
543,6.5669474601745605
544,6.543394565582275
545,6.555380821228027
546,6.570634365081787
547,6.565683364868164
548,6.477875709533691
549,6.561913013458252
550,6.559542655944824
551,6.564969062805176
552,6.470833778381348
553,6.549488544464111
554,6.567481994628906
555,6.6133599281311035
556,6.642512798309326
557,6.610879421234131
558,6.664815425872803
559,6.689396381378174
560,6.587049961090088
561,6.490263938903809
562,6.5462470054626465
563,6.5768961906433105
564,6.588091850280762
565,6.594639778137207
566,6.613125324249268
567,6.6189727783203125
568,6.653016090393066
569,6.586913585662842
570,6.68079137802124
571,6.6669230461120605
572,6.691809177398682
573,6.669340133666992
574,6.686910629272461
575,6.680100440979004
576,6.718696117401123
577,6.735098361968994
578,6.686655044555664
579,6.678805351257324
580,6.651658535003662
581,6.672250747680664
582,6.6732988357543945
583,6.673008441925049
584,6.606964111328125
585,6.548911094665527
586,6.679501533508301
587,6.517282485961914
588,6.686738014221191
589,6.594707489013672
590,6.641724586486816
591,6.624272346496582
592,6.609169006347656
593,6.598646640777588
594,6.590445518493652
595,6.512763500213623
596,6.495926856994629
597,6.59043550491333
598,6.606173038482666
599,6.623128414154053
600,6.637150287628174
601,6.670894622802734
602,6.715999603271484
603,6.7146100997924805
604,6.698002338409424
605,6.636075496673584
606,6.702630519866943
607,6.695783615112305
608,6.689203262329102
609,6.714507579803467
610,6.628641128540039
611,6.697512149810791
612,6.671026229858398
613,6.670938014984131
614,6.626701354980469
615,6.631729602813721
616,6.620394229888916
617,6.633642196655273
618,6.600972652435303
619,6.665311813354492
620,6.646851062774658
621,6.626101970672607
622,6.549025058746338
623,6.587705135345459
624,6.573627471923828
625,6.6017351150512695
626,6.619633674621582
627,6.573835849761963
628,6.604457855224609
629,6.6245951652526855
630,6.730445861816406
631,6.656553745269775
632,6.677119255065918
633,6.67678689956665
634,6.71346378326416
635,6.8499555587768555
636,6.8034348487854
637,6.695734977722168
638,6.68180513381958
639,6.660495758056641
640,6.67579460144043
641,6.545097351074219
642,6.614033222198486
643,6.656433582305908
644,6.645608425140381
645,6.6001296043396
646,6.5237836837768555
647,6.603236675262451
648,6.584977626800537
649,6.512744903564453
650,6.505736827850342
651,6.609242916107178
652,6.592433929443359
653,6.585921287536621
654,6.522854804992676
655,6.491001605987549
656,6.484932899475098
657,6.467470169067383
658,6.561984062194824
659,6.532732963562012
660,6.508464813232422
661,6.509584903717041
662,6.519036769866943
663,6.591064929962158
664,6.561620235443115
665,6.569676876068115
666,6.569552421569824
667,6.5259575843811035
668,6.6309638023376465
669,6.538782119750977
670,6.613986015319824
671,6.656378746032715
672,6.6641082763671875
673,6.634365558624268
674,6.631784915924072
675,6.628866195678711
676,6.662243843078613
677,6.676742076873779
678,6.650205612182617
679,6.643635272979736
680,6.654937267303467
681,6.6423020362854
682,6.6493353843688965
683,6.628937244415283
684,6.629073619842529
685,6.572088241577148
686,6.582573413848877
687,6.501211166381836
688,6.47830867767334
689,6.4435553550720215
690,6.4483466148376465
691,6.429318428039551
692,6.446456432342529
693,6.498403072357178
694,6.523303508758545
695,6.605442047119141
696,6.556066989898682
697,6.6519694328308105
698,6.689052581787109
699,6.707798004150391
700,6.644331932067871
701,6.618308067321777
702,6.610105514526367
703,6.581483364105225
704,6.576842784881592
705,6.48929500579834
706,6.642213821411133
707,6.624317646026611
708,6.639746189117432
709,6.644470691680908
710,6.555292129516602
711,6.653338432312012
712,6.5794525146484375
713,6.594809055328369
714,6.581949234008789
715,6.6098809242248535
716,6.629366397857666
717,6.630398273468018
718,6.730727672576904
719,6.590095520019531
720,6.680153846740723
721,6.740620136260986
722,6.674549579620361
723,6.719205379486084
724,6.745569229125977
725,6.7454047203063965
726,6.643064498901367
727,6.638256549835205
728,6.654849052429199
729,6.667778491973877
730,6.729544639587402
731,6.619651794433594
732,6.650418281555176
733,6.5575408935546875
734,6.533147811889648
735,6.524160861968994
736,6.431097507476807
737,6.482180595397949
738,6.488102912902832
739,6.491611480712891
740,6.569581031799316
741,6.503998279571533
742,6.535562992095947
743,6.55666446685791
744,6.5569891929626465
745,6.5462541580200195
746,6.5407915115356445
747,6.561637878417969
748,6.698549747467041
749,6.593883514404297
750,6.515204906463623
751,6.521294116973877
752,6.5261101722717285
753,6.524035453796387
754,6.585962772369385
755,6.608194828033447
756,6.574815273284912
757,6.6750946044921875
758,6.6902241706848145
759,6.722684383392334
760,6.645384788513184
761,6.723724842071533
762,6.727245807647705
763,6.733006000518799
764,6.652181148529053
765,6.747106075286865
766,6.660980224609375
767,6.650822162628174
768,6.659355163574219
769,6.748244762420654
770,6.681818008422852
771,6.743139266967773
772,6.673743724822998
773,6.544543743133545
774,6.529087066650391
775,6.591521739959717
776,6.542248725891113
777,6.514737129211426
778,6.474945068359375
779,6.520396709442139
780,6.427486896514893
781,6.489809513092041
782,6.432513236999512
783,6.516878604888916
784,6.542266368865967
785,6.5660576820373535
786,6.590873718261719
787,6.691791534423828
788,6.719062328338623
789,6.67115592956543
790,6.648296356201172
791,6.652777194976807
792,6.5722246170043945
793,6.595851898193359
794,6.575326442718506
795,6.662961483001709
796,6.58203649520874
797,6.605605602264404
798,6.712679862976074
799,6.755223274230957
800,6.736821174621582
801,6.719332218170166
802,6.710038661956787
803,6.703592777252197
804,6.713616371154785
805,6.707763671875
806,6.695798397064209
807,6.603991508483887
808,6.691405773162842
809,6.616907119750977
810,6.63064432144165
811,6.700220584869385
812,6.608384609222412
813,6.653468132019043
814,6.559382438659668
815,6.661004543304443
816,6.554535388946533
817,6.64330530166626
818,6.550785064697266
819,6.508897304534912
820,6.5730509757995605
821,6.47517728805542
822,6.539146900177002
823,6.464005947113037
824,6.490002632141113
825,6.574713706970215
826,6.613235950469971
827,6.636973857879639
828,6.583942413330078
829,6.651154041290283
830,6.612936496734619
831,6.58491849899292
832,6.619502544403076
833,6.5807719230651855
834,6.5349225997924805
835,6.580758094787598
836,6.505249977111816
837,6.49571418762207
838,6.508683681488037
839,6.545002460479736
840,6.541640281677246
841,6.491758346557617
842,6.484114646911621
843,6.484676837921143
844,6.590765953063965
845,6.577446937561035
846,6.596209526062012
847,6.50851583480835
848,6.518884181976318
849,6.533663272857666
850,6.544730186462402
851,6.6551923751831055
852,6.5760087966918945
853,6.71351957321167
854,6.710861682891846
855,6.674631595611572
856,6.674094200134277
857,6.657156944274902
858,6.618145942687988
859,6.628049373626709
860,6.599105358123779
861,6.504733562469482
862,6.567317962646484
863,6.580503940582275
864,6.58453893661499
865,6.567869663238525
866,6.610110759735107
867,6.640470504760742
868,6.649610996246338
869,6.643617630004883
870,6.674219131469727
871,6.614693641662598
872,6.716789722442627
873,6.601278781890869
874,6.391974925994873
875,6.601354122161865
876,6.704290866851807
877,6.684516906738281
878,6.6642022132873535
879,6.583418846130371
880,6.561163425445557
881,6.578373908996582
882,6.583067893981934
883,6.613211631774902
884,6.643378734588623
885,6.6546220779418945
886,6.634072303771973
887,6.709195613861084
888,6.606533527374268
889,6.687070846557617
890,6.660993576049805
891,6.66202974319458
892,6.646014213562012
893,6.621517181396484
894,6.626949787139893
895,6.629251003265381
896,6.667579650878906
897,6.649808883666992
898,6.661029815673828
899,6.61946439743042
900,6.6511006355285645
901,6.608676910400391
902,6.635682106018066
903,6.687160968780518
904,6.751992225646973
905,6.741215705871582
906,6.771868705749512
907,6.724459171295166
908,6.690160751342773
909,6.573390483856201
910,6.551270961761475
911,6.4437456130981445
912,6.511191368103027
913,6.420546054840088
914,6.420046806335449
915,6.509619235992432
916,6.496820449829102
917,6.513869762420654
918,6.618311882019043
919,6.641926288604736
920,6.67518949508667
921,6.71583890914917
922,6.68381404876709
923,6.78864860534668
924,6.778237819671631
925,6.658941745758057
926,6.752437114715576
927,6.769954204559326
928,6.536244869232178
929,6.65488862991333
930,6.593392372131348
931,6.544125080108643
932,6.564585208892822
933,6.464219093322754
934,6.558146953582764
935,6.466176509857178
936,6.478657245635986
937,6.48959493637085
938,6.598918914794922
939,6.516007900238037
940,6.650199890136719
941,6.65533971786499
942,6.677928924560547
943,6.5810346603393555
944,6.635555267333984
945,6.581751823425293
946,6.57328987121582
947,6.577500343322754
948,6.5520243644714355
949,6.561224460601807
950,6.569316387176514
951,6.593924045562744
952,6.602419853210449
953,6.608857154846191
954,6.609099388122559
955,6.608986854553223
956,6.596264839172363
957,6.575124263763428
958,6.605907917022705
959,6.6311821937561035
960,6.609182357788086
961,6.659256935119629
962,6.618768692016602
963,6.585366249084473
964,6.563836574554443
965,6.503251552581787
966,6.543076038360596
967,6.560269832611084
968,6.592881202697754
969,6.598599910736084
970,6.658873558044434
971,6.6457905769348145
972,6.68076229095459
973,6.697504043579102
974,6.685201168060303
975,6.601949214935303
976,6.66963529586792
977,6.611963748931885
978,6.621450901031494
979,6.503087043762207
980,6.505551815032959
981,6.456282615661621
982,6.5500359535217285
983,6.53857421875
984,6.496642589569092
985,6.48193359375
986,6.557543754577637
987,6.484629154205322
988,6.485196590423584
989,6.575552463531494
990,6.553468704223633
991,6.571417808532715
992,6.553849697113037
993,6.568967819213867
994,6.600098133087158
995,6.586867809295654
996,6.590288162231445
997,6.584550857543945
998,6.610605716705322
999,6.608952045440674
1000,6.707271575927734
1001,6.62925386428833
1002,6.6599273681640625
1003,6.693675994873047
1004,6.649497032165527
1005,6.590476036071777
1006,6.6330718994140625
1007,6.626251697540283
1008,6.622641563415527
1009,6.617449760437012
1010,6.574159145355225
1011,6.5454912185668945
1012,6.673244476318359
1013,6.670285224914551
1014,6.752701759338379
1015,6.686245918273926
1016,6.6865129470825195
1017,6.662479400634766
1018,6.642567157745361
1019,6.616556644439697
1020,6.612795829772949
1021,6.593019008636475
1022,6.583870887756348
1023,6.573402404785156
1024,6.542025089263916
1025,6.512685775756836
1026,6.512308120727539
1027,6.529992580413818
1028,6.543036460876465
1029,6.556351184844971
1030,6.554200649261475
1031,6.534339904785156
1032,6.551469802856445
1033,6.5191216468811035
1034,6.532696723937988
1035,6.559045791625977
1036,6.5490264892578125
1037,6.553831577301025
1038,6.548062801361084
1039,6.52918815612793
1040,6.52406120300293
1041,6.567543029785156
1042,6.5368523597717285
1043,6.567877769470215
1044,6.570531845092773
1045,6.573519229888916
1046,6.562659740447998
1047,6.545098304748535
1048,6.62346076965332
1049,6.537647724151611
1050,6.540207386016846
1051,6.538943290710449
1052,6.545908451080322
1053,6.498105049133301
1054,6.62146520614624
1055,6.646343231201172
1056,6.572831630706787
1057,6.584652900695801
1058,6.600142955780029
1059,6.618510723114014
1060,6.613675594329834
1061,6.619719982147217
1062,6.681992053985596
1063,6.5711445808410645
1064,6.540069103240967
1065,6.502545356750488
1066,6.509448528289795
1067,6.506566524505615
1068,6.52880859375
1069,6.624928951263428
1070,6.642669677734375
1071,6.576459884643555
1072,6.581112861633301
1073,6.606806755065918
1074,6.597310543060303
1075,6.529178142547607
1076,6.608556270599365
1077,6.593296051025391
1078,6.572777271270752
1079,6.6428093910217285
1080,6.552276611328125
1081,6.5513834953308105
1082,6.5463738441467285
1083,6.547551155090332
1084,6.535586833953857
1085,6.5802531242370605
1086,6.57429838180542
1087,6.628767490386963
1088,6.580770969390869
1089,6.510293483734131
1090,6.541154861450195
1091,6.517768383026123
1092,6.547396659851074
1093,6.567474842071533
1094,6.601940631866455
1095,6.603848934173584
1096,6.6214094161987305
1097,6.636762619018555
1098,6.679446220397949
1099,6.68859338760376
1100,6.683542728424072
1101,6.75014591217041
1102,6.728741645812988
1103,6.787436008453369
1104,6.672949314117432
1105,6.6520185470581055
1106,6.6527557373046875
1107,6.641600608825684
1108,6.605304718017578
1109,6.609091281890869
1110,6.5923895835876465
1111,6.614448547363281
1112,6.592132568359375
1113,6.593667507171631
1114,6.587517738342285
1115,6.598217010498047
1116,6.528092384338379
1117,6.551652431488037
1118,6.534024238586426
1119,6.560992240905762
1120,6.5962018966674805
1121,6.519272327423096
1122,6.535503387451172
1123,6.56780481338501
1124,6.569660663604736
1125,6.592818260192871
1126,6.537941932678223
1127,6.6085381507873535
1128,6.525959014892578
1129,6.51445198059082
1130,6.509285926818848
1131,6.506795883178711
1132,6.5398688316345215
1133,6.535913467407227
1134,6.561939716339111
1135,6.560054779052734
1136,6.582004070281982
1137,6.577635288238525
1138,6.601900577545166
1139,6.578404903411865
1140,6.555395126342773
1141,6.566442489624023
1142,6.557858943939209
1143,6.655026435852051
1144,6.578228950500488
1145,6.601380825042725
1146,6.592273712158203
1147,6.570856094360352
1148,6.571101665496826
1149,6.542160987854004
1150,6.535827159881592
1151,6.528593063354492
1152,6.516125202178955
1153,6.517168998718262
1154,6.440281391143799
1155,6.422929286956787
1156,6.4143571853637695
1157,6.417778015136719
1158,6.378912448883057
1159,6.474531173706055
1160,6.521510601043701
1161,6.5182204246521
1162,6.496807098388672
1163,6.516834259033203
1164,6.539340496063232
1165,6.533145904541016
1166,6.545883655548096
1167,6.556114196777344
1168,6.5687689781188965
1169,6.640982151031494
1170,6.570096492767334
1171,6.575106620788574
1172,6.577203750610352
1173,6.578951358795166
1174,6.609914779663086
1175,6.537024021148682
1176,6.614887714385986
1177,6.606297492980957
1178,6.627013683319092
1179,6.6216912269592285
1180,6.649965763092041
1181,6.612861633300781
1182,6.61719274520874
1183,6.569674015045166
1184,6.5491790771484375
1185,6.550309658050537
1186,6.550086975097656
1187,6.659815311431885
1188,6.657203197479248
1189,6.631702899932861
1190,6.586413383483887
1191,6.609319686889648
1192,6.685297012329102
1193,6.714766979217529
1194,6.609777450561523
1195,6.573709487915039
1196,6.641104221343994
1197,6.561779499053955
1198,6.5398149490356445
1199,6.557837963104248
1200,6.551822662353516
1201,6.524099826812744
1202,6.575602054595947
1203,6.60344934463501
1204,6.523364067077637
1205,6.538295269012451
1206,6.551884651184082
1207,6.5662078857421875
1208,6.55398416519165
1209,6.567841529846191
1210,6.662078380584717
1211,6.5721635818481445
1212,6.562384605407715
1213,6.659670829772949
1214,6.607113838195801
1215,6.550902843475342
1216,6.548837661743164
1217,6.564715385437012
1218,6.55087423324585
1219,6.568365573883057
1220,6.549989223480225
1221,6.541750431060791
1222,6.564289569854736
1223,6.553229808807373
1224,6.601308822631836
1225,6.591040134429932
1226,6.592000484466553
1227,6.579273223876953
1228,6.700616836547852
1229,6.650043487548828
1230,6.613527774810791
1231,6.695813179016113
1232,6.631871223449707
1233,6.629961967468262
1234,6.625598430633545
1235,6.62201452255249
1236,6.608668327331543
1237,6.557710647583008
1238,6.528163909912109
1239,6.489173889160156
1240,6.498619556427002
1241,6.508410453796387
1242,6.501723289489746
1243,6.51493501663208
1244,6.522810459136963
1245,6.597966194152832
1246,6.539558410644531
1247,6.53693151473999
1248,6.556387901306152
1249,6.534811496734619
1250,6.529477119445801
1251,6.5812788009643555
1252,6.5748291015625
1253,6.48834753036499
1254,6.464488506317139
1255,6.453072547912598
1256,6.442276954650879
1257,6.451412677764893
1258,6.4736223220825195
1259,6.500362873077393
1260,6.495258331298828
1261,6.487803936004639
1262,6.502673149108887
1263,6.543430805206299
1264,6.610589504241943
1265,6.626109600067139
1266,6.630910873413086
1267,6.641255855560303
1268,6.710319995880127
1269,6.646273136138916
1270,6.631557464599609
1271,6.719598293304443
1272,6.624503135681152
1273,6.573696136474609
1274,6.5703511238098145
1275,6.552833080291748
1276,6.5689473152160645
1277,6.5581231117248535
1278,6.549663066864014
1279,6.659323692321777
1280,6.581606388092041
1281,6.467771530151367
1282,6.569661617279053
1283,6.501719951629639
1284,6.54842472076416
1285,6.534671783447266
1286,6.6126484870910645
1287,6.657498836517334
1288,6.6624064445495605
1289,6.594095706939697
1290,6.630784511566162
1291,6.700776100158691
1292,6.626660346984863
1293,6.687280178070068
1294,6.613818168640137
1295,6.68871545791626
1296,6.600074291229248
1297,6.569013595581055
1298,6.6049652099609375
1299,6.611486434936523
1300,6.618132591247559
1301,6.5975236892700195
1302,6.564629077911377
1303,6.537358283996582
1304,6.537364482879639
1305,6.52009916305542
1306,6.532095909118652
1307,6.5573554039001465
1308,6.561075687408447
1309,6.577424049377441
1310,6.590353488922119
1311,6.61201810836792
1312,6.585901737213135
1313,6.600546836853027
1314,6.608859539031982
1315,6.593555927276611
1316,6.566434383392334
1317,6.58016300201416
1318,6.577327251434326
1319,6.5916428565979
1320,6.603510856628418
1321,6.596217155456543
1322,6.591408729553223
1323,6.5757341384887695
1324,6.584742069244385
1325,6.612547397613525
1326,6.677084922790527
1327,6.644134998321533
1328,6.665936470031738
1329,6.683459758758545
1330,6.70833158493042
1331,6.705536842346191
1332,6.71722412109375
1333,6.733098983764648
1334,6.751194000244141
1335,6.733091354370117
1336,6.746517658233643
1337,6.737689971923828
1338,6.7302069664001465
1339,6.712440490722656
1340,6.735178470611572
1341,6.830855369567871
1342,6.695753574371338
1343,6.750222206115723
1344,6.746814727783203
1345,6.7130327224731445
1346,6.715547561645508
1347,6.651353359222412
1348,6.646306991577148
1349,5.711324691772461
1350,5.723275661468506
1351,6.751194953918457
1352,5.769927978515625
1353,6.7605390548706055
1354,6.840704917907715
1355,6.778474807739258
1356,6.701560974121094
1357,6.790048599243164
1358,6.702150344848633
1359,6.698892116546631
1360,6.6956467628479
1361,6.734496116638184
1362,6.627870082855225
1363,6.588980197906494
1364,6.519140243530273
1365,6.588488578796387
1366,6.545602798461914
1367,6.592735290527344
1368,6.490319728851318
1369,6.566473960876465
1370,6.536108016967773
1371,6.522076606750488
1372,6.514203071594238
1373,6.4696478843688965
1374,6.451267242431641
1375,6.40935754776001
1376,6.489312171936035
1377,6.490732669830322
1378,6.518161296844482
1379,6.543548107147217
1380,6.5592241287231445
1381,6.567747592926025
1382,6.580725193023682
1383,6.687079429626465
1384,6.600061893463135
1385,6.632624626159668
1386,6.652858734130859
1387,6.665183067321777
1388,6.666852951049805
1389,6.779474258422852
1390,6.6711273193359375
1391,6.685094833374023
1392,6.64943265914917
1393,6.648916721343994
1394,6.6244378089904785
1395,6.611344337463379
1396,6.579663276672363
1397,6.5403971672058105
1398,6.588691234588623
1399,6.533843994140625
1400,6.535593032836914
1401,6.532677173614502
1402,6.532313346862793
1403,6.5634565353393555
1404,6.579893112182617
1405,6.564177513122559
1406,6.585445880889893
1407,6.601284027099609
1408,6.615054130554199
1409,6.600773811340332
1410,6.640579700469971
1411,6.631450653076172
1412,6.604417324066162
1413,6.600163459777832
1414,6.632411956787109
1415,6.656373023986816
1416,6.632666110992432
1417,6.638282299041748
1418,6.654090404510498
1419,6.663469314575195
1420,6.640387535095215
1421,6.630371570587158
1422,6.595158100128174
1423,6.585867404937744
1424,6.569299697875977
1425,6.551199436187744
1426,6.567014217376709
1427,6.528934955596924
1428,6.556625843048096
1429,6.469504356384277
1430,6.55593729019165
1431,6.572639465332031
1432,6.577345848083496
1433,6.582248210906982
1434,6.613590240478516
1435,6.609408378601074
1436,6.584509372711182
1437,6.609827995300293
1438,6.570720195770264
1439,6.6580681800842285
1440,6.592543601989746
1441,6.557135581970215
1442,6.596546173095703
1443,6.576423168182373
1444,6.589284420013428
1445,6.598553657531738
1446,6.598277568817139
1447,6.597301006317139
1448,6.613974571228027
1449,6.639795780181885
1450,6.648778438568115
1451,6.648593425750732
1452,6.600465297698975
1453,6.602415084838867
1454,6.602514743804932
1455,6.562414169311523
1456,6.548227787017822
1457,6.5151472091674805
1458,6.530754566192627
1459,6.549811840057373
1460,6.575226306915283
1461,6.552502632141113
1462,6.540049076080322
1463,6.542130947113037
1464,6.573542594909668
1465,6.566900253295898
1466,6.570188999176025
1467,6.562007427215576
1468,6.5347418785095215
1469,6.537546634674072
1470,6.531655311584473
1471,6.518648147583008
1472,6.53542423248291
1473,6.538619518280029
1474,6.560990810394287
1475,6.5370330810546875
1476,6.569971084594727
1477,6.569582462310791
1478,6.583454608917236
1479,6.589407444000244
1480,6.605996608734131
1481,6.610706806182861
1482,6.612613677978516
1483,6.659167766571045
1484,6.613921642303467
1485,6.639886379241943
1486,6.6107892990112305
1487,6.6660051345825195
1488,6.552223205566406
1489,6.482708930969238
1490,6.5365891456604
1491,6.518815994262695
1492,6.450801849365234
1493,6.435499668121338
1494,6.382617473602295
1495,6.3697943687438965
1496,6.355618476867676
1497,6.343705654144287
1498,6.359551429748535
1499,6.384226322174072
1500,6.430152416229248
1501,6.433908462524414
1502,6.430872917175293
1503,6.4660868644714355
1504,6.476244926452637
1505,6.583585739135742
1506,6.5388407707214355
1507,6.537142753601074
1508,6.550814151763916
1509,6.533451080322266
1510,6.544702529907227
1511,6.551212787628174
1512,6.577033996582031
1513,6.569851875305176
1514,6.578269958496094
1515,6.611147880554199
1516,6.598878860473633
1517,6.586148262023926
1518,6.595641136169434
1519,6.617284774780273
1520,6.689316272735596
1521,6.601210117340088
1522,6.686654090881348
1523,6.592071533203125
1524,6.580742835998535
1525,6.6763529777526855
1526,6.60174560546875
1527,6.616997241973877
1528,6.6122541427612305
1529,6.62466287612915
1530,6.6252031326293945
1531,6.605259418487549
1532,6.5973968505859375
1533,6.590343952178955
1534,6.678090572357178
1535,6.5431437492370605
1536,6.632845878601074
1537,6.502788543701172
1538,6.496828556060791
1539,6.471767902374268
1540,6.461768627166748
1541,6.537510395050049
1542,6.472862720489502
1543,6.485843181610107
1544,6.468793869018555
1545,6.496550559997559
1546,6.491808891296387
1547,6.517443656921387
1548,6.546367645263672
1549,6.553917407989502
1550,6.593890190124512
1551,6.59682559967041
1552,6.633716583251953
1553,6.6573944091796875
1554,6.632057189941406
1555,6.621786117553711
1556,6.601682186126709
1557,6.624189853668213
1558,6.59092378616333
1559,6.5754923820495605
1560,6.542360305786133
1561,6.503371238708496
1562,6.502320766448975
1563,6.529328346252441
1564,6.559246063232422
1565,6.560192584991455
1566,6.573904037475586
1567,6.569806098937988
1568,6.614872932434082
1569,6.645846366882324
1570,6.641885757446289
1571,6.659474849700928
1572,6.703117370605469
1573,6.679934024810791
1574,6.676878452301025
1575,6.637051582336426
1576,6.629499912261963
1577,6.633382797241211
1578,6.6347198486328125
1579,6.590188026428223
1580,6.591303825378418
1581,6.565853118896484
1582,6.560880184173584
1583,6.618528366088867
1584,6.610698223114014
1585,6.670891761779785
1586,6.710653305053711
1587,6.668731212615967
1588,6.638106346130371
1589,6.618659496307373
1590,6.631091594696045
1591,6.639807224273682
1592,6.661647319793701
1593,6.649353981018066
1594,6.715227127075195
1595,6.723063945770264
1596,6.781242847442627
1597,6.877870082855225
1598,6.758186340332031
1599,6.729959011077881
1600,6.686732769012451
1601,6.671602249145508
1602,6.660253047943115
1603,6.64959716796875
1604,6.609883785247803
1605,6.576156139373779
1606,6.576038837432861
1607,6.52822732925415
1608,6.5085649490356445
1609,6.483316421508789
1610,6.474950313568115
1611,6.472708702087402
1612,6.548141956329346
1613,6.492641925811768
1614,6.500832557678223
1615,6.552745342254639
1616,6.566690444946289
1617,6.598464012145996
1618,6.633455753326416
1619,6.6708550453186035
1620,6.653948783874512
1621,6.612966060638428
1622,6.554640769958496
1623,6.536542892456055
1624,6.507257461547852
1625,6.520276069641113
1626,6.598572731018066
1627,6.559185028076172
1628,6.6733012199401855
1629,6.660715103149414
1630,6.670751571655273
1631,6.593925476074219
1632,6.68635892868042
1633,6.701420783996582
1634,6.698943614959717
1635,6.756682872772217
1636,6.705343246459961
1637,6.675023555755615
1638,6.710728168487549
1639,6.63394021987915
1640,6.646804332733154
1641,6.743515968322754
1642,6.6830363273620605
1643,6.642178535461426
1644,6.635031223297119
1645,6.684095859527588
1646,6.683868408203125
1647,6.680634498596191
1648,6.591784477233887
1649,6.65882682800293
1650,6.554366111755371
1651,6.5270676612854
1652,6.513192176818848
1653,6.495294570922852
1654,6.506362438201904
1655,6.522646903991699
1656,6.526263236999512
1657,6.551804065704346
1658,6.647153377532959
1659,6.583014965057373
1660,6.636782169342041
1661,6.714820384979248
1662,6.638384819030762
1663,6.76892614364624
1664,6.677443027496338
1665,6.645866394042969
1666,6.612451076507568
1667,6.5997633934021
1668,6.581419944763184
1669,6.578567981719971
1670,6.541394233703613
1671,6.543968677520752
1672,6.529086112976074
1673,6.540881633758545
1674,6.542052268981934
1675,6.532594680786133
1676,6.523402690887451
1677,6.513859748840332
1678,6.502007961273193
1679,6.518916606903076
1680,6.551443099975586
1681,6.533668518066406
1682,6.5564866065979
1683,6.578226566314697
1684,6.569947242736816
1685,6.533097267150879
1686,6.551672458648682
1687,6.566046237945557
1688,6.615094184875488
1689,6.5628342628479
1690,6.579824447631836
1691,6.580953598022461
1692,6.548986434936523
1693,6.534445285797119
1694,6.545816421508789
1695,6.6320881843566895
1696,6.533449649810791
1697,6.524798393249512
1698,6.53399133682251
1699,6.547168254852295
1700,6.5492658615112305
1701,6.553701400756836
1702,6.539572238922119
1703,6.549381256103516
1704,6.49592399597168
1705,6.483113765716553
1706,6.4620585441589355
1707,6.413181781768799
1708,6.410224437713623
1709,6.408275127410889
1710,6.382043361663818
1711,6.38881254196167
1712,6.3769049644470215
1713,6.399714946746826
1714,6.397085666656494
1715,6.394354820251465
1716,6.413403034210205
1717,6.504758358001709
1718,6.41220235824585
1719,6.507349491119385
1720,6.425721168518066
1721,6.439286231994629
1722,6.428684234619141
1723,6.443810939788818
1724,6.4562811851501465
1725,6.469544887542725
1726,6.480921745300293
1727,6.479221820831299
1728,6.5074992179870605
1729,6.539273738861084
1730,6.534627437591553
1731,6.544454574584961
1732,6.552596092224121
1733,6.5861616134643555
1734,6.560876369476318
1735,6.542873859405518
1736,6.540380954742432
1737,6.490930557250977
1738,6.478363037109375
1739,6.475589275360107
1740,6.480136871337891
1741,6.5054168701171875
1742,6.504822254180908
1743,6.502392292022705
1744,6.5309224128723145
1745,6.556352615356445
1746,6.563752174377441
1747,6.56410551071167
1748,6.596494197845459
1749,6.622679233551025
1750,6.5930891036987305
1751,6.596325397491455
1752,6.610797882080078
1753,6.61688232421875
1754,6.6252851486206055
1755,6.654416561126709
1756,6.649510860443115
1757,6.654559135437012
1758,6.661697864532471
1759,6.632888317108154
1760,6.668004989624023
1761,6.56128454208374
1762,6.586303234100342
1763,6.607080936431885
1764,6.598402976989746
1765,6.572466850280762
1766,6.583227634429932
1767,6.57239294052124
1768,6.582981586456299
1769,6.569472789764404
1770,6.573168754577637
1771,6.580095291137695
1772,6.570018768310547
1773,6.536043167114258
1774,6.556938171386719
1775,6.557374954223633
1776,6.567140579223633
1777,6.54153299331665
1778,6.537054061889648
1779,6.5346598625183105
1780,6.516577243804932
1781,6.538249969482422
1782,6.492526531219482
1783,6.476865291595459
1784,6.458603382110596
1785,6.437199115753174
1786,6.454724311828613
1787,6.4604363441467285
1788,6.501131534576416
1789,6.479421138763428
1790,6.49089241027832
1791,6.52567195892334
1792,6.556515693664551
1793,6.570493698120117
1794,6.579616546630859
1795,6.576633453369141
1796,6.605432033538818
1797,6.6010518074035645
1798,6.575047492980957
1799,6.572788715362549
1800,6.619501113891602
1801,6.631322383880615
1802,6.623676776885986
1803,6.725358486175537
1804,6.717875957489014
1805,6.75670862197876
1806,6.745093822479248
1807,6.763789653778076
1808,6.682812213897705
1809,6.740665435791016
1810,6.729084491729736
1811,6.753514766693115
1812,6.694089412689209
1813,6.649849891662598
1814,6.562330722808838
1815,6.6039018630981445
1816,6.508573055267334
1817,6.479247570037842
1818,6.5115509033203125
1819,6.504024505615234
1820,6.501910209655762
1821,6.645049571990967
1822,6.543513298034668
1823,6.573614597320557
1824,6.584194183349609
1825,6.605380058288574
1826,6.625524044036865
1827,6.657725811004639
1828,6.691667556762695
1829,6.702340126037598
1830,6.6952805519104
1831,6.662093639373779
1832,6.675736904144287
1833,6.663572788238525
1834,6.6418962478637695
1835,6.653693675994873
1836,6.662048816680908
1837,6.6502532958984375
1838,6.623013973236084
1839,6.586104393005371
1840,6.560211658477783
1841,6.523049354553223
1842,6.503264427185059
1843,6.5164289474487305
1844,6.481542110443115
1845,6.4844207763671875
1846,6.480099678039551
1847,6.499226093292236
1848,6.549190044403076
1849,6.589486122131348
1850,6.658730983734131
1851,6.655392646789551
1852,6.677000045776367
1853,6.703319072723389
1854,6.688887596130371
1855,6.649940490722656
1856,6.62158727645874
1857,6.600847244262695
1858,6.573761463165283
1859,6.58235502243042
1860,6.611563682556152
1861,6.628329277038574
1862,6.597646236419678
1863,6.711450576782227
1864,6.572179794311523
1865,6.545903205871582
1866,6.573658466339111
1867,6.5855937004089355
1868,6.591240406036377
1869,6.672669887542725
1870,6.613554954528809
1871,6.618656158447266
1872,6.629724979400635
1873,6.655179500579834
1874,6.7005109786987305
1875,6.705938816070557
1876,6.673439025878906
1877,6.630792617797852
1878,6.598562240600586
1879,6.568670272827148
1880,6.536698341369629
1881,6.531920909881592
1882,6.584611892700195
1883,6.511438369750977
1884,6.509000301361084
1885,6.539452075958252
1886,6.577230453491211
1887,6.702608585357666
1888,6.6487016677856445
1889,6.649978160858154
1890,6.68893575668335
1891,6.668713092803955
1892,6.680231094360352
1893,6.67804479598999
1894,6.6624650955200195
1895,6.639954090118408
1896,6.642919540405273
1897,6.664507865905762
1898,6.654414176940918
1899,6.630529880523682
1900,6.629158020019531
1901,6.6274027824401855
1902,6.62564754486084
1903,6.706303119659424
1904,6.6315717697143555
1905,6.605234622955322
1906,6.625894546508789
1907,6.63067102432251
1908,6.596683502197266
1909,6.556145668029785
1910,6.523083209991455
1911,6.517703533172607
1912,6.523232460021973
1913,6.530368328094482
1914,6.529837608337402
1915,6.538808345794678
1916,6.571353912353516
1917,6.590493202209473
1918,6.610077857971191
1919,6.62207555770874
1920,6.630461692810059
1921,6.6392974853515625
1922,6.598772048950195
1923,6.567840099334717
1924,6.524910926818848
1925,6.60470724105835
1926,6.526049613952637
1927,6.547056198120117
1928,6.559859752655029
1929,6.564127445220947
1930,6.627691745758057
1931,6.603051662445068
1932,6.591995716094971
1933,6.58345365524292
1934,6.582269191741943
1935,6.584031581878662
1936,6.606762409210205
1937,6.5925164222717285
1938,6.5886359214782715
1939,6.567607879638672
1940,6.562531471252441
1941,6.558103084564209
1942,6.559171676635742
1943,6.572152614593506
1944,6.598995685577393
1945,6.645795822143555
1946,6.726557731628418
1947,6.739040374755859
1948,6.802490711212158
1949,6.671145915985107
1950,6.648989677429199
1951,6.634673595428467
1952,6.630820274353027
1953,6.625410079956055
1954,6.582997798919678
1955,6.57416296005249
1956,6.562373161315918
1957,6.610888957977295
1958,6.619239330291748
1959,6.624877452850342
1960,6.6175689697265625
1961,6.630012512207031
1962,6.649305820465088
1963,6.628368377685547
1964,6.580168724060059
1965,6.5625152587890625
1966,6.538849353790283
1967,6.537045001983643
1968,6.465300559997559
1969,6.461407661437988
1970,6.458752632141113
1971,6.458379745483398
1972,6.474207401275635
1973,6.4872541427612305
1974,6.489284992218018
1975,6.504512310028076
1976,6.5241169929504395
1977,6.600252628326416
1978,6.561609268188477
1979,6.5733184814453125
1980,6.580319881439209
1981,6.5575785636901855
1982,6.56806755065918
1983,6.587458610534668
1984,6.600727081298828
1985,6.591919898986816
1986,6.571114540100098
1987,6.600700378417969
1988,6.6047773361206055
1989,6.5990705490112305
1990,6.631247043609619
1991,6.661993980407715
1992,6.616231441497803
1993,6.616752624511719
1994,6.627721309661865
1995,6.618416786193848
1996,6.599630832672119
1997,6.6211323738098145
1998,6.6081624031066895
1999,6.53082799911499
2000,6.514557361602783
2001,6.4712324142456055
2002,6.435394763946533
2003,6.409066677093506
2004,6.407068729400635
2005,6.414584636688232
2006,6.419111251831055
2007,6.438811302185059
2008,6.49021577835083
2009,6.527594566345215
2010,6.561722755432129
2011,6.594382286071777
2012,6.62618350982666
2013,6.558775424957275
2014,6.528995990753174
2015,6.544795513153076
2016,6.6130452156066895
2017,6.528298377990723
2018,6.528533458709717
2019,6.524378299713135
2020,6.505727767944336
2021,6.516881942749023
2022,6.5501389503479
2023,6.55579137802124
2024,6.584280967712402
2025,6.578061580657959
2026,6.575793743133545
2027,6.566037654876709
2028,6.560527801513672
2029,6.5349225997924805
2030,6.55001163482666
2031,6.55933952331543
2032,6.53763484954834
2033,6.517700672149658
2034,6.502017974853516
2035,6.477294921875
2036,6.485418796539307
2037,6.493442535400391
2038,6.501593112945557
2039,6.533357620239258
2040,6.6331257820129395
2041,6.586974620819092
2042,6.6231369972229
2043,6.615787029266357
2044,6.609130382537842
2045,6.577622890472412
2046,6.560144901275635
2047,6.583310127258301
2048,6.565319061279297
2049,6.555263519287109
2050,6.569480895996094
2051,6.5885162353515625
2052,6.586426258087158
2053,6.598886966705322
2054,6.605743885040283
2055,6.602428436279297
2056,6.578782558441162
2057,6.559596061706543
2058,6.557923793792725
2059,6.524040699005127
2060,6.515557289123535
2061,6.490840435028076
2062,6.483922481536865
2063,6.496047496795654
2064,6.503923416137695
2065,6.505324363708496
2066,6.52250862121582
2067,6.55095100402832
2068,6.553134441375732
2069,6.587438583374023
2070,6.670613765716553
2071,6.739597320556641
2072,6.7297515869140625
2073,6.700758457183838
2074,6.656081676483154
2075,6.650489807128906
2076,6.662299633026123
2077,6.644510269165039
2078,6.669946193695068
2079,6.653735637664795
2080,6.603686332702637
2081,6.6051788330078125
2082,6.582688331604004
2083,6.562777996063232
2084,6.565189838409424
2085,6.564342975616455
2086,6.580470085144043
2087,6.707235813140869
2088,6.601251602172852
2089,6.587985515594482
2090,6.545413017272949
2091,6.521297931671143
2092,6.492720603942871
2093,6.576348781585693
2094,6.48880672454834
2095,6.495721817016602
2096,6.544576644897461
2097,6.575766563415527
2098,6.613580703735352
2099,6.6525726318359375
2100,6.669409275054932
2101,6.655257225036621
2102,6.636862754821777
2103,6.6228461265563965
2104,6.619860649108887
2105,6.6401472091674805
2106,6.621073246002197
2107,6.614247798919678
2108,6.593518257141113
2109,6.592462539672852
2110,6.564879894256592
2111,6.541444778442383
2112,6.551792621612549
2113,6.538623809814453
2114,6.550849437713623
2115,6.585489273071289
2116,6.623767375946045
2117,6.588703632354736
2118,6.582075119018555
2119,6.646224021911621
2120,6.662184238433838
2121,6.6482439041137695
2122,6.620254039764404
2123,6.622373580932617
2124,6.600839138031006
2125,6.56587553024292
2126,6.546623706817627
2127,6.564566612243652
2128,6.589373588562012
2129,6.555388450622559
2130,6.561886310577393
2131,6.605408191680908
2132,6.609149932861328
2133,6.576473712921143
2134,6.610702991485596
2135,6.595090866088867
2136,6.603024482727051
2137,6.598505973815918
2138,6.584017753601074
2139,6.553938388824463
2140,6.5778679847717285
2141,6.574053764343262
2142,6.561993598937988
2143,6.571681499481201
2144,6.582904815673828
2145,6.599546432495117
2146,6.604728698730469
2147,6.580121040344238
2148,6.570989608764648
2149,6.606095790863037
2150,6.609368801116943
2151,6.56292200088501
2152,6.57154655456543
2153,6.542128086090088
2154,6.527524471282959
2155,6.5260910987854
2156,6.512539386749268
2157,6.533357620239258
2158,6.643098831176758
2159,6.601554870605469
2160,6.587632656097412
2161,6.5558695793151855
2162,6.5692458152771
2163,6.581195831298828
2164,6.607506275177002
2165,6.6483330726623535
2166,6.674693584442139
2167,6.702566146850586
2168,6.7318525314331055
2169,6.7179741859436035
2170,6.745599269866943
2171,6.725423812866211
2172,6.682767868041992
2173,6.697211742401123
2174,6.69534158706665
2175,6.720281600952148
2176,6.725203990936279
2177,6.679410457611084
2178,6.64344596862793
2179,6.625514030456543
2180,6.5826334953308105
2181,6.5197272300720215
2182,6.517637252807617
2183,6.521754741668701
2184,6.645330905914307
2185,6.642219066619873
2186,6.6408915519714355
2187,6.57226037979126
2188,6.671845436096191
2189,6.587287425994873
2190,6.570038795471191
2191,6.5489068031311035
2192,6.558862209320068
2193,6.570277690887451
2194,6.559540748596191
2195,6.54700231552124
2196,6.563904762268066
2197,6.5758891105651855
2198,6.576194763183594
2199,6.574162006378174
2200,6.609031677246094
2201,6.59243631362915
2202,6.6046037673950195
2203,6.582880020141602
2204,6.568542957305908
2205,6.564374923706055
2206,6.670724868774414
2207,6.525656700134277
2208,6.525649070739746
2209,6.524458885192871
2210,6.513244152069092
2211,6.493443489074707
2212,6.452167510986328
2213,6.464105606079102
2214,6.445778846740723
2215,6.446165084838867
2216,6.467629909515381
2217,6.462637901306152
2218,6.437060832977295
2219,6.4743332862854
2220,6.472290515899658
2221,6.5196051597595215
2222,6.5187883377075195
2223,6.5391845703125
2224,6.570662975311279
2225,6.585463047027588
2226,6.639917373657227
2227,6.652218818664551
2228,6.668081283569336
2229,6.635788440704346
2230,6.662238597869873
2231,6.636107921600342
2232,6.672226905822754
2233,6.633523464202881
2234,6.589100360870361
2235,6.566953659057617
2236,6.546418190002441
2237,6.555372714996338
2238,6.557379722595215
2239,6.526905059814453
2240,6.5050764083862305
2241,6.503751754760742
2242,6.490819454193115
2243,6.528674125671387
2244,6.476956367492676
2245,6.448543071746826
2246,6.414352893829346
2247,6.41524600982666
2248,6.428076267242432
2249,6.460423946380615
2250,6.445502281188965
2251,6.509551525115967
2252,6.562282085418701
2253,6.540003776550293
2254,6.635838985443115
2255,6.685222625732422
2256,6.672279357910156
2257,6.626177787780762
2258,6.614857196807861
2259,6.618866920471191
2260,6.611676216125488
2261,6.604283809661865
2262,6.609777927398682
2263,6.630741119384766
2264,6.652013778686523
2265,6.689791679382324
2266,6.766438007354736
2267,6.768688201904297
2268,6.721675872802734
2269,6.765264987945557
2270,6.725138187408447
2271,6.678274154663086
2272,6.673202991485596
2273,6.610139846801758
2274,6.58269739151001
2275,6.519790172576904
2276,6.476395606994629
2277,6.462074279785156
2278,6.465763568878174
2279,6.45068359375
2280,6.504446029663086
2281,6.532047271728516
2282,6.529734134674072
2283,6.563671588897705
2284,6.626510143280029
2285,6.633119106292725
2286,6.605185031890869
2287,6.598787784576416
2288,6.61492395401001
2289,6.609916687011719
2290,6.649501800537109
2291,6.6779608726501465
2292,6.649763584136963
2293,6.594249248504639
2294,6.58333683013916
2295,6.561940670013428
2296,6.5874199867248535
2297,6.565686225891113
2298,6.574178218841553
2299,6.558737754821777
2300,6.547390460968018
2301,6.529267311096191
2302,6.5445122718811035
2303,6.565329074859619
2304,6.5700483322143555
2305,6.6063456535339355
2306,6.595047950744629
2307,6.630490779876709
2308,6.621048927307129
2309,6.71270227432251
2310,6.63726806640625
2311,6.661730766296387
2312,6.622256278991699
2313,6.586305141448975
2314,6.5894904136657715
2315,6.553829193115234
2316,6.539324760437012
2317,6.503423690795898
2318,6.477112770080566
2319,6.470091342926025
2320,6.467353820800781
2321,6.487468242645264
2322,6.539484024047852
2323,6.574014186859131
2324,6.564755439758301
2325,6.584478855133057
2326,6.613320827484131
2327,6.628701210021973
2328,6.636108875274658
2329,6.627681732177734
2330,6.610053062438965
2331,6.591930866241455
2332,6.619312286376953
2333,6.590460777282715
2334,6.58620548248291
2335,6.580748081207275
2336,6.618325233459473
2337,6.613632678985596
2338,6.6168694496154785
2339,6.624757289886475
2340,6.6632819175720215
2341,6.596437931060791
2342,6.599128246307373
2343,6.577860355377197
2344,6.559505939483643
2345,6.515089988708496
2346,6.5321149826049805
2347,6.534331321716309
2348,6.496596813201904
2349,6.558776378631592
2350,6.559957981109619
2351,6.561188697814941
2352,6.551956653594971
2353,6.593741416931152
2354,6.585216999053955
2355,6.6025848388671875
2356,6.723992347717285
2357,6.690848350524902
2358,6.84580659866333
2359,6.727380752563477
2360,6.698026657104492
2361,6.678094387054443
2362,6.685000896453857
2363,6.657658100128174
2364,6.62324333190918
2365,6.632114887237549
2366,6.649179935455322
2367,6.6618146896362305
2368,6.59097957611084
2369,6.622997760772705
2370,6.66666841506958
2371,6.681373596191406
2372,6.669640064239502
2373,6.67509651184082
2374,6.704519748687744
2375,6.696123123168945
2376,6.722105979919434
2377,6.739218235015869
2378,6.720757484436035
2379,6.669471740722656
2380,6.672338962554932
2381,6.6847124099731445
2382,6.713486194610596
2383,6.704851150512695
2384,6.681512832641602
2385,6.6700286865234375
2386,6.6481146812438965
2387,6.6352925300598145
2388,6.630292892456055
2389,6.595822334289551
2390,6.572334289550781
2391,6.555812835693359
2392,6.564480781555176
2393,6.56959342956543
2394,6.574430465698242
2395,6.569169521331787
2396,6.60081672668457
2397,6.599033355712891
2398,6.567009449005127
2399,6.591856002807617
2400,6.665743350982666
2401,6.5914435386657715
2402,6.596592903137207
2403,6.605752944946289
2404,6.571324825286865
2405,6.574239730834961
2406,6.568180084228516
2407,6.568624496459961
2408,6.5535078048706055
2409,6.56021785736084
2410,6.5577311515808105
2411,6.5798797607421875
2412,6.611975193023682
2413,6.622835636138916
2414,6.623257160186768
2415,6.716379642486572
2416,6.6315226554870605
2417,6.628727912902832
2418,6.615915298461914
2419,6.601583957672119
2420,6.571783542633057
2421,6.5715861320495605
2422,6.565752029418945
2423,6.564215183258057
2424,6.544753074645996
2425,6.558763027191162
2426,6.555004596710205
2427,6.597341060638428
2428,6.647979259490967
2429,6.600740909576416
2430,6.5730109214782715
2431,6.552016735076904
2432,6.520514965057373
2433,6.509241104125977
2434,6.488347053527832
2435,6.460620403289795
2436,6.449479103088379
2437,6.4390740394592285
2438,6.443060874938965
2439,6.4325785636901855
2440,6.449882507324219
2441,6.4681782722473145
2442,6.467134952545166
2443,6.445251941680908
2444,6.476246356964111
2445,6.4852471351623535
2446,6.467306137084961
2447,6.453065395355225
2448,6.45377254486084
2449,6.450525760650635
2450,6.445529460906982
2451,6.491025447845459
2452,6.519647121429443
2453,6.520820140838623
2454,6.5271100997924805
2455,6.608139991760254
2456,6.615832328796387
2457,6.580120086669922
2458,6.574260711669922
2459,6.542356014251709
2460,6.547628402709961
2461,6.518078327178955
2462,6.515833377838135
2463,6.530246257781982
2464,6.530989170074463
2465,6.563908100128174
2466,6.567453861236572
2467,6.532601356506348
2468,6.553636074066162
2469,6.531578540802002
2470,6.528644561767578
2471,6.495682716369629
2472,6.463551044464111
2473,6.486806392669678
2474,6.507812976837158
2475,6.488473415374756
2476,6.502469062805176
2477,6.524137020111084
2478,6.5552167892456055
2479,6.570870876312256
2480,6.613653182983398
2481,6.660534381866455
2482,6.673135280609131
2483,6.676244735717773
2484,6.686324596405029
2485,6.688112258911133
2486,6.683531761169434
2487,6.649045944213867
2488,6.598141670227051
2489,6.600744724273682
2490,6.5607500076293945
2491,6.54108190536499
2492,6.526942729949951
2493,6.5061540603637695
2494,6.519580364227295
2495,6.542240142822266
2496,6.607320785522461
2497,6.578274250030518
2498,6.5666399002075195
2499,6.549866676330566
2500,6.542280673980713
2501,6.5532941818237305
2502,6.565404415130615
2503,6.581860065460205
2504,6.575826644897461
2505,6.603762149810791
2506,6.651743412017822
2507,6.692469596862793
2508,6.716226100921631
2509,6.7127366065979
2510,6.645036697387695
2511,6.60645866394043
2512,6.59214973449707
2513,6.65057897567749
2514,6.538501739501953
2515,6.553569793701172
2516,6.507368564605713
2517,6.505693435668945
2518,6.509193420410156
2519,6.512004375457764
2520,6.534430027008057
2521,6.569761276245117
2522,6.589916229248047
2523,6.610086917877197
2524,6.5946173667907715
2525,6.710893630981445
2526,6.653829097747803
2527,6.666354656219482
2528,6.636580467224121
2529,6.615714073181152
2530,6.584468841552734
2531,6.56378698348999
2532,6.549553871154785
2533,6.552977561950684
2534,6.549037933349609
2535,6.5325140953063965
2536,6.570021152496338
2537,6.56441593170166
2538,6.573690891265869
2539,6.577909469604492
2540,6.594839572906494
2541,6.573446273803711
2542,6.557636737823486
2543,6.534798622131348
2544,6.56902551651001
2545,6.610924243927002
2546,6.619014263153076
2547,6.534348487854004
2548,6.559084415435791
2549,6.554560661315918
2550,6.574794769287109
2551,6.570140838623047
2552,6.590859413146973
2553,6.580543518066406
2554,6.569048881530762
2555,6.580766201019287
2556,6.5578203201293945
2557,6.574082851409912
2558,6.556010723114014
2559,6.632995128631592
2560,6.610889911651611
2561,6.626564979553223
2562,6.62161111831665
2563,6.620016098022461
2564,6.646326065063477
2565,6.693733215332031
2566,6.818519115447998
2567,6.76610803604126
2568,5.737068176269531
2569,5.720497131347656
2570,5.709242820739746
2571,6.686247825622559
2572,6.66011381149292
2573,6.67962646484375
2574,6.5977582931518555
2575,6.622476100921631
2576,6.635236740112305
2577,6.659938812255859
2578,6.643170356750488
2579,6.6310343742370605
2580,6.625197887420654
2581,6.62941312789917
2582,6.566388130187988
2583,6.570747375488281
2584,6.587596416473389
2585,6.555116176605225
2586,6.564920425415039
2587,6.583709239959717
2588,6.5754218101501465
2589,6.684961795806885
2590,6.576597690582275
2591,6.606110572814941
2592,6.574527263641357
2593,6.51011848449707
2594,6.599305629730225
2595,6.575790882110596
2596,6.582413196563721
2597,6.589748382568359
2598,6.590792655944824
2599,6.615419864654541
2600,6.571996212005615
2601,6.573270797729492
2602,6.613016605377197
2603,6.571812152862549
2604,6.586167812347412
2605,6.640376091003418
2606,6.614589691162109
2607,6.588791370391846
2608,6.591217041015625
2609,6.602936267852783
2610,6.63649320602417
2611,6.696280479431152
2612,6.672460079193115
2613,6.664734840393066
2614,6.6583099365234375
2615,6.753799915313721
2616,6.725618839263916
2617,6.732990264892578
2618,6.7191481590271
2619,6.710468292236328
2620,6.657543659210205
2621,6.641670227050781
2622,6.672665119171143
2623,6.681075572967529
2624,6.636281490325928
2625,6.635490894317627
2626,6.62326717376709
2627,6.634652614593506
2628,6.663108825683594
2629,6.657884120941162
2630,6.700901985168457
2631,6.643604278564453
2632,6.647282600402832
2633,6.655765056610107
2634,6.601777076721191
2635,6.598537921905518
2636,6.554050922393799
2637,6.610769271850586
2638,6.5110859870910645
2639,6.506730079650879
2640,6.507767200469971
2641,6.5294342041015625
2642,6.520062446594238
2643,6.540234565734863
2644,6.519896984100342
2645,6.5438666343688965
2646,6.523935794830322
2647,6.5233073234558105
2648,6.5593581199646
2649,6.520040035247803
2650,6.542001724243164
2651,6.568280220031738
2652,6.5602521896362305
2653,6.558379173278809
2654,6.55290412902832
2655,6.552709579467773
2656,6.6508660316467285
2657,6.586233139038086
2658,6.613988876342773
2659,6.647212505340576
2660,6.625980377197266
2661,6.620102882385254
2662,6.602442741394043
2663,6.568270206451416
2664,6.552107810974121
2665,6.54266357421875
2666,6.547186374664307
2667,6.570828437805176
2668,6.532516956329346
2669,6.531817436218262
2670,6.544825077056885
2671,6.561459064483643
2672,6.590631008148193
2673,6.591735363006592
2674,6.596221446990967
2675,6.596185684204102
2676,6.596081733703613
2677,6.617969036102295
2678,6.637001991271973
2679,6.645053863525391
2680,6.619667053222656
2681,6.6464691162109375
2682,6.6370015144348145
2683,6.602661609649658
2684,6.581444263458252
2685,6.554862022399902
2686,6.545794486999512
2687,6.5312418937683105
2688,6.506296157836914
2689,6.4976935386657715
2690,6.499155044555664
2691,6.492886543273926
2692,6.498521327972412
2693,6.479410648345947
2694,6.489901065826416
2695,6.488753318786621
2696,6.479248523712158
2697,6.493124961853027
2698,6.5165114402771
2699,6.529999732971191
2700,6.554466247558594
2701,6.575272560119629
2702,6.611448287963867
2703,6.620593547821045
2704,6.656047344207764
2705,6.638908863067627
2706,6.655029773712158
2707,6.664987564086914
2708,6.653722763061523
2709,6.644338130950928
2710,6.602297782897949
2711,6.590037822723389
2712,6.558728218078613
2713,6.568519592285156
2714,6.5280442237854
2715,6.547065258026123
2716,6.560004711151123
2717,6.582392692565918
2718,6.620384216308594
2719,6.627599239349365
2720,6.638549327850342
2721,6.641068458557129
2722,6.62144136428833
2723,6.637153625488281
2724,6.632683277130127
2725,6.611038684844971
2726,6.598763465881348
2727,6.582368850708008
2728,6.54919958114624
2729,6.547901153564453
2730,6.550094127655029
2731,6.551246166229248
2732,6.537932395935059
2733,6.547586917877197
2734,6.558272838592529
2735,6.567887306213379
2736,6.596020698547363
2737,6.5889482498168945
2738,6.6389665603637695
2739,6.649099349975586
2740,6.741466999053955
2741,6.662866592407227
2742,6.688218593597412
2743,6.642668724060059
2744,6.615535736083984
2745,6.597259521484375
2746,6.55972957611084
2747,6.547181606292725
2748,6.463712215423584
2749,6.5439324378967285
2750,6.541379928588867
2751,6.543148040771484
2752,6.56805944442749
2753,6.589597225189209
2754,6.582549571990967
2755,6.555403232574463
2756,6.558248996734619
2757,6.535517692565918
2758,6.548648357391357
2759,6.544551372528076
2760,6.5828046798706055
2761,6.56683874130249
2762,6.49891996383667
2763,6.505275249481201
2764,6.509822845458984
2765,6.519906997680664
2766,6.516545295715332
2767,6.519647598266602
2768,6.502949237823486
2769,6.516448974609375
2770,6.524609088897705
2771,6.537240982055664
2772,6.5463995933532715
2773,6.547764778137207
2774,6.587559223175049
2775,6.58870792388916
2776,6.580673694610596
2777,6.596200466156006
2778,6.560370445251465
2779,6.541535377502441
2780,6.506828784942627
2781,6.502405166625977
2782,6.476473331451416
2783,6.4649786949157715
2784,6.4677958488464355
2785,6.476778984069824
2786,6.583470821380615
2787,6.521711349487305
2788,6.5125346183776855
2789,6.538372039794922
2790,6.576962947845459
2791,6.609744548797607
2792,6.6093878746032715
2793,6.57277774810791
2794,6.562089920043945
2795,6.567924499511719
2796,6.556155204772949
2797,6.531312465667725
2798,6.5848283767700195
2799,6.499171733856201
2800,6.502630233764648
2801,6.528872013092041
2802,6.586684703826904
2803,6.56503963470459
2804,6.56110954284668
2805,6.550711631774902
2806,6.570765495300293
2807,6.595636367797852
2808,6.583466529846191
2809,6.598989963531494
2810,6.595944881439209
2811,6.566366672515869
2812,6.554177284240723
2813,6.57712459564209
2814,6.602365970611572
2815,6.509978294372559
2816,6.489558696746826
2817,6.484437465667725
2818,6.506595611572266
2819,6.503456115722656
2820,6.513233661651611
2821,6.514919757843018
2822,6.549846649169922
2823,6.554418563842773
2824,6.572585582733154
2825,6.539600849151611
2826,6.528633117675781
2827,6.554612159729004
2828,6.567895412445068
2829,6.515153408050537
2830,6.506724834442139
2831,6.533099174499512
2832,6.53068733215332
2833,6.538671493530273
2834,6.584037780761719
2835,6.577681541442871
2836,6.585154056549072
2837,6.578650951385498
2838,6.563741683959961
2839,6.560361862182617
2840,6.569671154022217
2841,6.543138027191162
2842,6.580801963806152
2843,6.569207668304443
2844,6.53895378112793
2845,6.559882640838623
2846,6.586005687713623
2847,6.609862327575684
2848,6.627814769744873
2849,6.632025241851807
2850,6.628976821899414
2851,6.621898174285889
2852,6.626413345336914
2853,6.62986946105957
2854,6.628839015960693
2855,6.588658332824707
2856,6.579823017120361
2857,6.577884674072266
2858,6.577146530151367
2859,6.600191116333008
2860,6.6082916259765625
2861,6.637538909912109
2862,6.628370761871338
2863,6.638917922973633
2864,6.667318820953369
2865,6.636173248291016
2866,6.6312785148620605
2867,6.70457124710083
2868,6.627499580383301
2869,6.664107799530029
2870,6.639467716217041
2871,6.653260707855225
2872,6.670405864715576
2873,6.669620037078857
2874,6.647292613983154
2875,6.626317024230957
2876,6.619596481323242
2877,6.642374038696289
2878,6.584082126617432
2879,6.5631513595581055
2880,6.543974876403809
2881,6.545708656311035
2882,6.504342079162598
2883,6.4952521324157715
2884,6.535708427429199
2885,6.539139747619629
2886,6.503270626068115
2887,6.5037617683410645
2888,6.515659332275391
2889,6.512810230255127
2890,6.515992641448975
2891,6.5691962242126465
2892,6.58937931060791
2893,6.6269354820251465
2894,6.64447546005249
2895,6.681258201599121
2896,6.732753753662109
2897,6.724781036376953
2898,6.711368560791016
2899,6.695521354675293
2900,6.68256950378418
2901,6.6973137855529785
2902,6.67429256439209
2903,6.646153450012207
2904,6.600118637084961
2905,6.562154769897461
2906,6.561806678771973
2907,6.550278186798096
2908,6.549981594085693
2909,6.556054592132568
2910,6.5885233879089355
2911,6.544248104095459
2912,6.559371471405029
2913,6.567563056945801
2914,6.593577861785889
2915,6.628827095031738
2916,6.605995178222656
2917,6.609424114227295
2918,6.571374893188477
2919,6.550254821777344
2920,6.520317077636719
2921,6.532202243804932
2922,6.506777286529541
2923,6.501875400543213
2924,6.496976375579834
2925,6.491183280944824
2926,6.525533199310303
2927,6.515767574310303
2928,6.617455005645752
2929,6.54414176940918
2930,6.602970123291016
2931,6.614986896514893
2932,6.6323161125183105
2933,6.599924087524414
2934,6.579333305358887
2935,6.555730819702148
2936,6.523131847381592
2937,6.517571449279785
2938,6.500125885009766
2939,6.484925270080566
2940,6.580513954162598
2941,6.514013290405273
2942,6.530134677886963
2943,6.529477596282959
2944,6.523296356201172
2945,6.539026737213135
2946,6.560274600982666
2947,6.548550128936768
2948,6.5643720626831055
2949,6.569295406341553
2950,6.589347839355469
2951,6.5775861740112305
2952,6.575078964233398
2953,6.592395305633545
2954,6.582470893859863
2955,6.606411457061768
2956,6.604207992553711
2957,6.593355655670166
2958,6.608856678009033
2959,6.603671550750732
2960,6.613712787628174
2961,6.604526042938232
2962,6.605413436889648
2963,6.60721492767334
2964,6.639926910400391
2965,6.649311542510986
2966,6.666245937347412
2967,6.638952255249023
2968,6.626087665557861
2969,6.593170166015625
2970,6.606090068817139
2971,6.60208797454834
2972,6.573545932769775
2973,6.578491687774658
2974,6.602315425872803
2975,6.599847793579102
2976,6.6106109619140625
2977,6.628111839294434
2978,6.633376121520996
2979,6.601797103881836
2980,6.59783411026001
2981,6.638398170471191
2982,6.590813159942627
2983,6.540003776550293
2984,6.497786045074463
2985,6.478631973266602
2986,6.442176818847656
2987,6.447533130645752
2988,6.453855514526367
2989,6.461246967315674
2990,6.462198257446289
2991,6.507009983062744
2992,6.484575271606445
2993,6.458388805389404
2994,6.4576735496521
2995,6.4681782722473145
2996,6.496169567108154
2997,6.527095317840576
2998,6.5274128913879395
2999,6.524953842163086
3000,6.6147356033325195
3001,6.56500768661499
3002,6.579319953918457
3003,6.592761993408203
3004,6.681461334228516
3005,6.646641254425049
3006,6.594336032867432
3007,6.557885646820068
3008,6.562987804412842
3009,6.5339274406433105
3010,6.507298469543457
3011,6.497631072998047
3012,6.4889445304870605
3013,6.494587421417236
3014,6.529551029205322
3015,6.518326759338379
3016,6.508604049682617
3017,6.565530300140381
3018,6.609315872192383
3019,6.642392635345459
3020,6.620550632476807
3021,6.634702205657959
3022,6.628118991851807
3023,6.627745628356934
3024,6.626250743865967
3025,6.6414971351623535
3026,6.6014862060546875
3027,6.583215236663818
3028,6.53679895401001
3029,6.5512261390686035
3030,6.558611869812012
3031,6.5238447189331055
3032,6.497854232788086
3033,6.505760192871094
3034,6.490351676940918
3035,6.491522789001465
3036,6.520511627197266
3037,6.485942840576172
3038,6.493220806121826
3039,6.489953517913818
3040,6.491622447967529
3041,6.50214958190918
3042,6.5124430656433105
3043,6.537501811981201
3044,6.526913166046143
3045,6.5893635749816895
3046,6.6093010902404785
3047,6.6540937423706055
3048,6.658185005187988
3049,6.645461559295654
3050,6.674968719482422
3051,6.649494647979736
3052,6.685386657714844
3053,6.654030799865723
3054,6.638998508453369
3055,6.599128723144531
3056,6.539875507354736
3057,6.548625469207764
3058,6.516139507293701
3059,6.522618770599365
3060,6.5349345207214355
3061,6.537755966186523
3062,6.511445045471191
3063,6.539223670959473
3064,6.538909912109375
3065,6.512963771820068
3066,6.525115489959717
3067,6.518566608428955
3068,6.535702228546143
3069,6.508788585662842
3070,6.4722418785095215
3071,6.4662299156188965
3072,6.4398722648620605
3073,6.434178352355957
3074,6.4303131103515625
3075,6.435765266418457
3076,6.430214881896973
3077,6.4837646484375
3078,6.496378421783447
3079,6.45274543762207
3080,6.439172744750977
3081,6.454342365264893
3082,6.471856117248535
3083,6.465151786804199
3084,6.509594917297363
3085,6.523654937744141
3086,6.602072715759277
3087,6.618799209594727
3088,6.643809795379639
3089,6.620993137359619
3090,6.638081073760986
3091,6.645463466644287
3092,6.646636009216309
3093,6.663825511932373
3094,6.6719069480896
3095,6.668591022491455
3096,6.626859664916992
3097,6.635926723480225
3098,6.629545211791992
3099,6.622983932495117
3100,6.571030139923096
3101,6.5511016845703125
3102,6.51677131652832
3103,6.516204357147217
3104,6.488879203796387
3105,6.4821295738220215
3106,6.476983070373535
3107,6.464393138885498
3108,6.477720260620117
3109,6.483687877655029
3110,6.501101016998291
3111,6.544252872467041
3112,6.514990329742432
3113,6.609974384307861
3114,6.5196943283081055
3115,6.513761043548584
3116,6.525707721710205
3117,6.5006842613220215
3118,6.491385459899902
3119,6.584863185882568
3120,6.486365795135498
3121,6.497466087341309
3122,6.505941867828369
3123,6.55521297454834
3124,6.549362659454346
3125,6.562439441680908
3126,6.594521522521973
3127,6.593834400177002
3128,6.587668418884277
3129,6.589907169342041
3130,6.588937759399414
3131,6.578718662261963
3132,6.569254398345947
3133,6.566768169403076
3134,6.5622124671936035
3135,6.543265342712402
3136,6.540482044219971
3137,6.549154758453369
3138,6.5969624519348145
3139,6.612285137176514
3140,6.577370643615723
3141,6.567574501037598
3142,6.586408615112305
3143,6.546623229980469
3144,6.515190601348877
3145,6.457903861999512
3146,6.447262287139893
3147,6.4410529136657715
3148,6.425622463226318
3149,6.455045700073242
3150,6.482196807861328
3151,6.528592586517334
3152,6.518604278564453
3153,6.546123027801514
3154,6.590869903564453
3155,6.63432502746582
3156,6.6709980964660645
3157,6.698755264282227
3158,6.695773124694824
3159,6.688682556152344
3160,6.619521141052246
3161,6.5333571434021
3162,6.585725784301758
3163,6.567951679229736
3164,6.554699897766113
3165,6.5580339431762695
3166,6.5783915519714355
3167,6.5783209800720215
3168,6.59002685546875
3169,6.596375465393066
3170,6.654463291168213
3171,6.756699562072754
3172,6.67967414855957
3173,6.736411094665527
3174,6.690070152282715
3175,6.630820274353027
3176,6.638891220092773
3177,6.6471734046936035
3178,6.6575751304626465
3179,6.71651554107666
3180,6.714217185974121
3181,6.7386369705200195
3182,6.708797931671143
3183,6.696249485015869
3184,6.70359992980957
3185,6.704562187194824
3186,6.717962265014648
3187,6.7255635261535645
3188,6.734556198120117
3189,6.734622001647949
3190,6.769992828369141
3191,6.729266166687012
3192,6.721505165100098
3193,6.707644939422607
3194,6.722374439239502
3195,6.722052097320557
3196,6.73750638961792
3197,6.744306564331055
3198,6.731852054595947
3199,6.625289440155029
3200,6.642642498016357
3201,6.622013568878174
3202,6.628364086151123
3203,6.58751916885376
3204,6.576669692993164
3205,6.563510894775391
3206,6.529092788696289
3207,6.533512115478516
3208,6.558466911315918
3209,6.554699897766113
3210,6.595462799072266
3211,6.594471454620361
3212,6.590402126312256
3213,6.576515197753906
3214,6.547298431396484
3215,6.535159111022949
3216,6.56092643737793
3217,6.576626300811768
3218,6.584782123565674
3219,6.622886657714844
3220,6.613481521606445
3221,6.638183116912842
3222,6.638779640197754
3223,6.6536545753479
3224,6.670760154724121
3225,6.669856548309326
3226,6.677602767944336
3227,6.645547866821289
3228,6.650231838226318
3229,6.6463093757629395
3230,6.63078498840332
3231,6.613231182098389
3232,6.61856746673584
3233,6.5611748695373535
3234,6.531604290008545
3235,6.496903896331787
3236,6.489926815032959
3237,6.497161388397217
3238,6.507320880889893
3239,6.511141300201416
3240,6.538177490234375
3241,6.5362629890441895
3242,6.531833171844482
3243,6.5490593910217285
3244,6.538341522216797
3245,6.6000542640686035
3246,6.5824761390686035
3247,6.581286907196045
3248,6.545726776123047
3249,6.529050827026367
3250,6.516932964324951
3251,6.4736762046813965
3252,6.4876933097839355
3253,6.479400634765625
3254,6.449764728546143
3255,6.448572635650635
3256,6.44843864440918
3257,6.452396392822266
3258,6.462796211242676
3259,6.484954357147217
3260,6.512569904327393
3261,6.544498920440674
3262,6.534962177276611
3263,6.521018981933594
3264,6.526647567749023
3265,6.530336380004883
3266,6.536710739135742
3267,6.518401145935059
3268,6.511800765991211
3269,6.51570987701416
3270,6.5078253746032715
3271,6.52107048034668
3272,6.509702682495117
3273,6.517122268676758
3274,6.507144927978516
3275,6.5042572021484375
3276,6.611241817474365
3277,6.563277244567871
3278,6.54226541519165
3279,6.544114589691162
3280,6.50802755355835
3281,6.513998508453369
3282,6.513944149017334
3283,6.5185041427612305
3284,6.543506622314453
3285,6.538572311401367
3286,6.493937015533447
3287,6.5058274269104
3288,6.474128246307373
3289,6.441864013671875
3290,6.412239074707031
3291,6.390320777893066
3292,6.389309406280518
3293,6.39456033706665
3294,6.388086318969727
3295,6.395176887512207
3296,6.3841633796691895
3297,6.417028903961182
3298,6.42417573928833
3299,6.432827472686768
3300,6.438542366027832
3301,6.440490245819092
3302,6.491051197052002
3303,6.5230393409729
3304,6.5604047775268555
3305,6.583070278167725
3306,6.6003265380859375
3307,6.575997829437256
3308,6.579899787902832
3309,6.611270427703857
3310,6.627586364746094
3311,6.606050491333008
3312,6.594831466674805
3313,6.597271919250488
3314,6.566050052642822
3315,6.575971603393555
3316,6.568556785583496
3317,6.566760063171387
3318,6.529881954193115
3319,6.522647380828857
3320,6.51648473739624
3321,6.534139156341553
3322,6.511856555938721
3323,6.50035285949707
3324,6.519084930419922
3325,6.521522521972656
3326,6.568119049072266
3327,6.564103603363037
3328,6.549347400665283
3329,6.530581951141357
3330,6.583537578582764
3331,6.554897785186768
3332,6.531245231628418
3333,6.548437118530273
3334,6.541825294494629
3335,6.5192131996154785
3336,6.508748531341553
3337,6.513497352600098
3338,6.536560535430908
3339,6.537863254547119
3340,6.535529613494873
3341,6.574821472167969
3342,6.629772186279297
3343,6.641880035400391
3344,6.630039215087891
3345,6.6301164627075195
3346,6.657476902008057
3347,6.647579193115234
3348,6.6486382484436035
3349,6.618551731109619
3350,6.6368184089660645
3351,6.629445552825928
3352,6.613055229187012
3353,6.575758934020996
3354,6.5488762855529785
3355,6.549137592315674
3356,6.509901523590088
3357,6.494373798370361
3358,6.482360363006592
3359,6.453622341156006
3360,6.411743640899658
3361,6.394626617431641
3362,6.3888163566589355
3363,6.4051008224487305
3364,6.414085865020752
3365,6.467978000640869
3366,6.429615020751953
3367,6.431988716125488
3368,6.459235191345215
3369,6.475569248199463
3370,6.5174126625061035
3371,6.5741658210754395
3372,6.565405368804932
3373,6.542948246002197
3374,6.528814792633057
3375,6.546835422515869
3376,6.54517936706543
3377,6.565183639526367
3378,6.577709674835205
3379,6.604330062866211
3380,6.6517181396484375
3381,6.614880561828613
3382,6.585656642913818
3383,6.596303462982178
3384,6.589101791381836
3385,6.576931953430176
3386,6.531197547912598
3387,6.548857688903809
3388,6.539237022399902
3389,6.520759105682373
3390,6.508537769317627
3391,6.5417280197143555
3392,6.583418846130371
3393,6.57956600189209
3394,6.57115364074707
3395,6.59807825088501
3396,6.566978931427002
3397,6.570830821990967
3398,6.597194671630859
3399,6.6767258644104
3400,6.627257347106934
3401,6.588723659515381
3402,6.584548473358154
3403,6.577505111694336
3404,6.591973304748535
3405,6.584383010864258
3406,6.570282459259033
3407,6.559711933135986
3408,6.576958179473877
3409,6.56238317489624
3410,6.582117557525635
3411,6.584484100341797
3412,6.554098606109619
3413,6.553292274475098
3414,6.571954727172852
3415,6.5392985343933105
3416,6.515080451965332
3417,6.480166912078857
3418,6.4948954582214355
3419,6.517952919006348
3420,6.520879745483398
3421,6.532295227050781
3422,6.585181713104248
3423,6.611931324005127
3424,6.581421852111816
3425,6.600812911987305
3426,6.617971897125244
3427,6.630341053009033
3428,6.65774393081665
3429,6.698251247406006
3430,6.669821739196777
3431,6.6168532371521
3432,6.638926029205322
3433,6.622272968292236
3434,6.6267409324646
3435,6.65185546875
3436,6.674008846282959
3437,6.646428108215332
3438,6.617616176605225
3439,6.6043500900268555
3440,6.6269001960754395
3441,6.6061201095581055
3442,6.611447811126709
3443,6.572091102600098
3444,6.572662353515625
3445,6.566437244415283
3446,6.579371452331543
3447,6.544668674468994
3448,6.557994365692139
3449,6.527592658996582
3450,6.527085781097412
3451,6.558884620666504
3452,6.531961917877197
3453,6.539669513702393
3454,6.5684332847595215
3455,6.604093551635742
3456,6.631412506103516
3457,6.643467903137207
3458,6.593031883239746
3459,6.5958147048950195
3460,6.607113838195801
3461,6.613968372344971
3462,6.600777626037598
3463,6.602347373962402
3464,6.587972640991211
3465,6.589107990264893
3466,6.583939075469971
3467,6.5599188804626465
3468,6.562800407409668
3469,6.6669020652771
3470,6.5822529792785645
3471,6.596062183380127
3472,6.590866565704346
3473,6.646509647369385
3474,6.660463809967041
3475,6.60951042175293
3476,6.604604721069336
3477,6.642239570617676
3478,6.568467140197754
3479,6.545386791229248
3480,6.534321308135986
3481,6.468632221221924
3482,6.481014251708984
3483,6.458054065704346
3484,6.473488807678223
3485,6.4593987464904785
3486,6.495748043060303
3487,6.538147449493408
3488,6.547325611114502
3489,6.567234992980957
3490,6.589828014373779
3491,6.615866184234619
3492,6.612920761108398
3493,6.597721576690674
3494,6.5904340744018555
3495,6.5918660163879395
3496,6.583841323852539
3497,6.605114459991455
3498,6.633242130279541
3499,6.618475437164307
3500,6.65129280090332
3501,6.657751560211182
3502,6.682316303253174
3503,6.697149276733398
3504,6.710291862487793
3505,6.704668045043945
3506,6.672279357910156
3507,6.632162094116211
3508,6.6176438331604
3509,6.601011753082275
3510,6.518723487854004
3511,6.48878812789917
3512,6.441646099090576
3513,6.403392314910889
3514,6.396350383758545
3515,6.403165340423584
3516,6.399160385131836
3517,6.404094219207764
3518,6.402036190032959
3519,6.415491104125977
3520,6.442648887634277
3521,6.487802505493164
3522,6.5184478759765625
3523,6.536797523498535
3524,6.527318000793457
3525,6.467824459075928
3526,6.453927993774414
3527,6.442203044891357
3528,6.437662124633789
3529,6.4484663009643555
3530,6.458963394165039
3531,6.496121406555176
3532,6.5064005851745605
3533,6.577799320220947
3534,6.57909631729126
3535,6.584649085998535
3536,6.567312240600586
3537,6.606179714202881
3538,6.614974498748779
3539,6.641587257385254
3540,6.658971309661865
3541,6.659470081329346
3542,6.6633453369140625
3543,6.613058567047119
3544,6.632649898529053
3545,6.713816165924072
3546,6.6883344650268555
3547,6.671469688415527
3548,6.585083961486816
3549,6.5329132080078125
3550,6.532342910766602
3551,6.532658576965332
3552,6.501864910125732
3553,6.480964183807373
3554,6.477794647216797
3555,6.48311710357666
3556,6.494883060455322
3557,6.47770357131958
3558,6.475878715515137
3559,6.486922740936279
3560,6.497035503387451
3561,6.520859241485596
3562,6.482990264892578
3563,6.475952625274658
3564,6.488801002502441
3565,6.492440700531006
3566,6.496603488922119
3567,6.530386447906494
3568,6.674598217010498
3569,6.654072284698486
3570,6.640888690948486
3571,6.647669315338135
3572,6.69755220413208
3573,6.680258750915527
3574,6.662384033203125
3575,6.654345512390137
3576,6.644113540649414
3577,6.645809650421143
3578,6.619564056396484
3579,6.587811470031738
3580,6.640862464904785
3581,6.557492256164551
3582,6.554765224456787
3583,6.544388294219971
3584,6.555688381195068
3585,6.571619987487793
3586,6.587493896484375
3587,6.634366512298584
3588,6.6963653564453125
3589,6.684985637664795
3590,6.676592826843262
3591,6.651385307312012
3592,6.684393882751465
3593,6.682658672332764
3594,6.6615753173828125
3595,6.627496719360352
3596,6.598206043243408
3597,6.575131416320801
3598,6.568323135375977
3599,6.660449981689453
3600,6.640206336975098
3601,6.63342809677124
3602,6.579677581787109
3603,6.578988552093506
3604,6.590027332305908
3605,6.625936031341553
3606,6.608352184295654
3607,6.618377685546875
3608,6.62509298324585
3609,6.644353866577148
3610,6.630436420440674
3611,6.685482501983643
3612,6.641925811767578
3613,6.653101444244385
3614,6.616867542266846
3615,6.626673698425293
3616,6.6490092277526855
3617,6.683342456817627
3618,6.681102752685547
3619,6.702081680297852
3620,6.682455539703369
3621,6.694020748138428
3622,6.720624923706055
3623,6.741376876831055
3624,6.695160865783691
3625,6.681822776794434
3626,6.638163089752197
3627,6.624048233032227
3628,6.58248233795166
3629,6.532394886016846
3630,6.552791595458984
3631,6.5460052490234375
3632,6.512608051300049
3633,6.534584045410156
3634,6.545871257781982
3635,6.6028151512146
3636,6.621962547302246
3637,6.6632232666015625
3638,6.663470268249512
3639,6.59598445892334
3640,6.642517566680908
3641,6.6593804359436035
3642,6.6342597007751465
3643,6.602480888366699
3644,6.533844947814941
3645,6.579410552978516
3646,6.590087890625
3647,6.619882583618164
3648,6.598134517669678
3649,6.614451885223389
3650,6.604765892028809
3651,6.607219696044922
3652,6.650914192199707
3653,6.638242721557617
3654,6.649178981781006
3655,6.65053129196167
3656,6.638596057891846
3657,6.613574028015137
3658,6.592835903167725
3659,6.579416275024414
3660,6.564135551452637
3661,6.565881729125977
3662,6.561959266662598
3663,6.572515487670898
3664,6.595891952514648
3665,6.684783458709717
3666,6.64035701751709
3667,6.760688781738281
3668,6.718847274780273
3669,6.7028093338012695
3670,6.6714768409729
3671,6.6494269371032715
3672,6.608607769012451
3673,6.596074104309082
3674,6.5685319900512695
3675,6.564240455627441
3676,6.535667419433594
3677,6.54405403137207
3678,6.534351348876953
3679,6.55775785446167
3680,6.564844131469727
3681,6.5781660079956055
3682,6.596014976501465
3683,6.6602091789245605
3684,6.617348670959473
3685,6.607740879058838
3686,6.593694686889648
3687,6.57211446762085
3688,6.54528284072876
3689,6.530818462371826
3690,6.5263776779174805
3691,6.507478713989258
3692,6.493490695953369
3693,6.479338645935059
3694,6.485843181610107
3695,6.486287593841553
3696,6.5121870040893555
3697,6.541624546051025
3698,6.577691078186035
3699,6.58410120010376
3700,6.589966297149658
3701,6.584070205688477
3702,6.598700046539307
3703,6.60770845413208
3704,6.603236675262451
3705,6.617455959320068
3706,6.590077877044678
3707,6.544912338256836
3708,6.509726047515869
3709,6.5281782150268555
3710,6.515332221984863
3711,6.50490140914917
3712,6.561948299407959
3713,6.580582141876221
3714,6.6704254150390625
3715,6.662172317504883
3716,6.656606197357178
3717,6.648317337036133
3718,6.65071964263916
3719,6.604129791259766
3720,6.623840808868408
3721,6.6136393547058105
3722,6.61911153793335
3723,6.647097587585449
3724,6.656469821929932
3725,6.646407604217529
3726,6.6580305099487305
3727,6.69265079498291
3728,6.693568229675293
3729,6.691117286682129
3730,6.6907477378845215
3731,6.681576728820801
3732,6.667438507080078
3733,6.607954025268555
3734,6.5171732902526855
3735,6.551616668701172
3736,6.534506797790527
3737,6.505856990814209
3738,6.415510177612305
3739,6.501445770263672
3740,6.425280570983887
3741,6.45478630065918
3742,6.466329574584961
3743,6.510137557983398
3744,6.528289318084717
3745,6.5687665939331055
3746,6.576469898223877
3747,6.567379951477051
3748,6.552733898162842
3749,6.539552688598633
3750,6.539059638977051
3751,6.519983291625977
3752,6.510727405548096
3753,6.504879474639893
3754,6.5367112159729
3755,6.553647994995117
3756,6.570082187652588
3757,6.5874104499816895
3758,6.713425159454346
3759,6.72202730178833
3760,6.729100227355957
3761,6.7403459548950195
3762,6.732081890106201
3763,6.707043647766113
3764,6.6978254318237305
3765,6.666499614715576
3766,6.648172378540039
3767,6.638772964477539
3768,6.651854038238525
3769,6.571780681610107
3770,6.576697826385498
3771,6.679778099060059
3772,6.5851616859436035
3773,6.554103851318359
3774,6.566263198852539
3775,6.523583889007568
3776,6.489386081695557
3777,6.445797920227051
3778,6.432718753814697
3779,6.417905807495117
3780,6.408365726470947
3781,6.418148040771484
3782,6.42938756942749
3783,6.449213027954102
3784,6.454803943634033
3785,6.482542037963867
3786,6.5473504066467285
3787,6.591406345367432
3788,6.61045503616333
3789,6.593111515045166
3790,6.607547283172607
3791,6.592543125152588
3792,6.626429080963135
3793,6.598390102386475
3794,6.568663120269775
3795,6.530317783355713
3796,6.519293785095215
3797,6.532145977020264
3798,6.538143157958984
3799,6.533137798309326
3800,6.514288902282715
3801,6.482569694519043
3802,6.466802597045898
3803,6.434500217437744
3804,6.4669318199157715
3805,6.471542835235596
3806,6.471571445465088
3807,6.479555130004883
3808,6.595849514007568
3809,6.527314186096191
3810,6.545966625213623
3811,6.543569087982178
3812,6.5765886306762695
3813,6.5988969802856445
3814,6.638423442840576
3815,6.646483421325684
3816,6.649256229400635
3817,6.649981498718262
3818,6.6847662925720215
3819,6.631814956665039
3820,6.5986175537109375
3821,6.619801998138428
3822,6.596649169921875
3823,6.604162693023682
3824,6.65637731552124
3825,6.645246982574463
3826,6.616776943206787
3827,6.578458309173584
3828,6.6037397384643555
3829,6.543951988220215
3830,6.533588886260986
3831,6.498477458953857
3832,6.522640228271484
3833,6.532904148101807
3834,6.563138961791992
3835,6.549663066864014
3836,6.557833671569824
3837,6.583454132080078
3838,6.66231632232666
3839,6.681673049926758
3840,6.654627799987793
3841,6.630241870880127
3842,6.6098246574401855
3843,6.634831428527832
3844,6.660192966461182
3845,6.67454719543457
3846,6.628550052642822
3847,6.64277458190918
3848,6.599691390991211
3849,6.577178478240967
3850,6.587334156036377
3851,6.610766887664795
3852,6.627519130706787
3853,6.651405334472656
3854,6.6812214851379395
3855,6.684193134307861
3856,6.695749282836914
3857,6.683418273925781
3858,6.677606105804443
3859,6.610101222991943
3860,6.6067914962768555
3861,6.565182685852051
3862,6.567440509796143
3863,6.554478645324707
3864,6.561300277709961
3865,6.57359504699707
3866,6.560013294219971
3867,6.555488586425781
3868,6.5370635986328125
3869,6.5419087409973145
3870,6.534966945648193
3871,6.537843227386475
3872,6.550315856933594
3873,6.497473239898682
3874,6.440454959869385
3875,6.445898056030273
3876,6.511537551879883
3877,6.4552083015441895
3878,6.461921691894531
3879,6.447912693023682
3880,6.471144676208496
3881,6.4875593185424805
3882,6.500735282897949
3883,6.542993068695068
3884,6.573566436767578
3885,6.594829082489014
3886,6.603565692901611
3887,6.638964653015137
3888,6.662512302398682
3889,6.678634166717529
3890,6.647961139678955
3891,6.709604263305664
3892,6.690968990325928
3893,6.718656539916992
3894,6.700437545776367
3895,6.676334857940674
3896,6.636861324310303
3897,6.648588180541992
3898,6.626658916473389
3899,6.630081653594971
3900,6.6222429275512695
3901,6.6207475662231445
3902,6.5924506187438965
3903,6.581753253936768
3904,6.607553958892822
3905,6.637375354766846
3906,6.662382125854492
3907,6.624835014343262
3908,6.616934776306152
3909,6.612663269042969
3910,6.612207889556885
3911,6.606990337371826
3912,6.61838436126709
3913,6.629326820373535
3914,6.620348930358887
3915,6.613804817199707
3916,6.56665563583374
3917,6.568113803863525
3918,6.560852527618408
3919,6.560326099395752
3920,6.540589332580566
3921,6.541666030883789
3922,6.538684368133545
3923,6.552480220794678
3924,6.536052227020264
3925,6.615334510803223
3926,6.559515953063965
3927,6.5841851234436035
3928,6.572932720184326
3929,6.490307331085205
3930,6.569504261016846
3931,6.491751670837402
3932,6.5071868896484375
3933,6.502522945404053
3934,6.537909984588623
3935,6.528669357299805
3936,6.5461955070495605
3937,6.555935382843018
3938,6.57638692855835
3939,6.597919940948486
3940,6.651515483856201
3941,6.699872970581055
3942,6.6787495613098145
3943,6.6272172927856445
3944,6.655355453491211
3945,6.593418598175049
3946,6.513539791107178
3947,6.461073875427246
3948,6.439808368682861
3949,6.450671672821045
3950,6.4602580070495605
3951,6.476565361022949
3952,6.499292850494385
3953,6.5370988845825195
3954,6.5590033531188965
3955,6.573112964630127
3956,6.588586807250977
3957,6.579234600067139
3958,6.606448650360107
3959,6.625571250915527
3960,6.632212162017822
3961,6.608921527862549
3962,6.6210618019104
3963,6.629432201385498
3964,6.596058368682861
3965,6.6053338050842285
3966,6.637837886810303
3967,6.629364490509033
3968,6.624678611755371
3969,6.628366470336914
3970,6.637651443481445
3971,6.621325492858887
3972,6.624555587768555
3973,6.633237838745117
3974,6.6658616065979
3975,6.640308856964111
3976,6.608150005340576
3977,6.5686774253845215
3978,6.631680488586426
3979,6.544775485992432
3980,6.629483699798584
3981,6.531431674957275
3982,6.506463527679443
3983,6.472814559936523
3984,6.488687515258789
3985,6.493327617645264
3986,6.525711536407471
3987,6.544576168060303
3988,6.535828590393066
3989,6.505286693572998
3990,6.527098178863525
3991,6.529338836669922
3992,6.545192718505859
3993,6.532788276672363
3994,6.553414821624756
3995,6.642601013183594
3996,6.583439826965332
3997,6.593733310699463
3998,6.596688270568848
3999,6.616629123687744
4000,6.6128973960876465
4001,6.611606597900391
4002,6.61440372467041
4003,6.605901718139648
4004,6.591516017913818
4005,6.583717346191406
4006,6.602562427520752
4007,6.622603893280029
4008,6.625490188598633
4009,6.6100873947143555
4010,6.587141513824463
4011,6.565101146697998
4012,6.529117107391357
4013,6.531291484832764
4014,6.524957656860352
4015,6.661327362060547
4016,6.558844566345215
4017,6.570584297180176
4018,6.509623050689697
4019,6.522852420806885
4020,6.638956546783447
4021,6.547955513000488
4022,6.565980434417725
4023,6.57020902633667
4024,6.624670505523682
4025,6.624743461608887
4026,6.686792850494385
4027,6.67452335357666
4028,6.660891532897949
4029,6.6214985847473145
4030,6.600159168243408
4031,6.561976432800293
4032,6.548414707183838
4033,6.580170154571533
4034,6.559491157531738
4035,6.562464237213135
4036,6.550708293914795
4037,6.550442695617676
4038,6.575819492340088
4039,6.621144771575928
4040,6.667230129241943
4041,6.659031867980957
4042,6.63625431060791
4043,6.623106002807617
4044,6.623578071594238
4045,6.601860046386719
4046,6.592057228088379
4047,6.5434980392456055
4048,6.500390529632568
4049,6.450207710266113
4050,6.4509077072143555
4051,6.443405628204346
4052,6.502171039581299
4053,6.4670023918151855
4054,6.478717803955078
4055,6.503007411956787
4056,6.545427322387695
4057,6.609136581420898
4058,6.647219657897949
4059,6.613478660583496
4060,6.60146427154541
4061,6.601163864135742
4062,6.595944881439209
4063,6.642929553985596
4064,6.57621955871582
4065,6.561707019805908
4066,6.559690952301025
4067,6.5646467208862305
4068,6.580953598022461
4069,6.596926689147949
4070,6.624988079071045
4071,6.60860538482666
4072,6.61386775970459
4073,6.621438026428223
4074,6.613659381866455
4075,6.592782497406006
4076,6.589663028717041
4077,6.66630744934082
4078,6.567256927490234
4079,6.532355785369873
4080,6.522218704223633
4081,6.574674129486084
4082,6.586591720581055
4083,6.576714515686035
4084,6.585031509399414
4085,6.615811347961426
4086,6.61191463470459
4087,6.627274036407471
4088,6.607102870941162
4089,6.616137504577637
4090,6.601746559143066
4091,6.5763959884643555
4092,6.592644214630127
4093,6.609814643859863
4094,6.641568183898926
4095,6.624892234802246
4096,6.614623546600342
4097,6.590089321136475
4098,6.581814289093018
4099,6.597803115844727
4100,6.6304097175598145
4101,6.591472625732422
4102,6.591757297515869
4103,6.567837238311768
4104,6.570828914642334
4105,6.570993900299072
4106,6.603107452392578
4107,6.694638252258301
4108,6.639141082763672
4109,6.6609086990356445
4110,6.648071765899658
4111,6.660947799682617
4112,6.656055927276611
4113,6.67061710357666
4114,6.659975528717041
4115,6.646706581115723
4116,6.642778396606445
4117,6.638700008392334
4118,6.665464401245117
4119,6.601093292236328
4120,6.616770267486572
4121,6.614226341247559
4122,6.622190952301025
4123,6.5841593742370605
4124,6.5690016746521
4125,6.583763122558594
4126,6.585466384887695
4127,6.589938640594482
4128,6.610311985015869
4129,6.654294013977051
4130,6.685274600982666
4131,6.697880268096924
4132,6.70999813079834
4133,6.716238021850586
4134,6.681596755981445
4135,6.69547700881958
4136,6.674914836883545
4137,6.630212783813477
4138,6.610952854156494
4139,6.613035202026367
4140,6.6370649337768555
4141,6.617575168609619
4142,6.602020740509033
4143,6.609528541564941
4144,6.529204845428467
4145,6.521841526031494
4146,6.527024269104004
4147,6.574948310852051
4148,6.5814313888549805
4149,6.625699996948242
4150,6.677724838256836
4151,6.673068523406982
4152,6.633751392364502
4153,6.626090049743652
4154,6.626794338226318
4155,6.63414192199707
4156,6.624149799346924
4157,6.614769458770752
4158,6.604955673217773
4159,6.613678455352783
4160,6.662712097167969
4161,6.688057899475098
4162,6.687753200531006
4163,6.679572582244873
4164,6.6526336669921875
4165,6.6353583335876465
4166,6.618338108062744
4167,6.592467308044434
4168,6.548635005950928
4169,6.512984275817871
4170,6.506363868713379
4171,6.480852127075195
4172,6.487936019897461
4173,6.486683368682861
4174,6.487372875213623
4175,6.456083297729492
4176,6.488853931427002
4177,6.478521823883057
4178,6.501123428344727
4179,6.497982978820801
4180,6.5109543800354
4181,6.526748180389404
4182,6.558927059173584
4183,6.573234558105469
4184,6.543565273284912
4185,6.582837104797363
4186,6.594907760620117
4187,6.573465824127197
4188,6.584193706512451
4189,6.604959487915039
4190,6.590798854827881
4191,6.603443145751953
4192,6.6410064697265625
4193,6.651554107666016
4194,6.668485641479492
4195,6.6881232261657715
4196,6.729705333709717
4197,6.7127790451049805
4198,6.705974102020264
4199,6.69318962097168
4200,6.687270641326904
4201,6.691251277923584
4202,6.689533233642578
4203,6.631237983703613
4204,6.605657577514648
4205,6.565192222595215
4206,6.511528968811035
4207,6.510984420776367
4208,6.47127628326416
4209,6.518050670623779
4210,6.439798355102539
4211,6.43351411819458
4212,6.435526371002197
4213,6.4410858154296875
4214,6.440554141998291
4215,6.464337348937988
4216,6.462731838226318
4217,6.501016616821289
4218,6.53427267074585
4219,6.549748420715332
4220,6.571839809417725
4221,6.582959175109863
4222,6.603866100311279
4223,6.634881019592285
4224,6.597711563110352
4225,6.69456672668457
4226,6.7020649909973145
4227,6.722444534301758
4228,6.742219924926758
4229,6.728794574737549
4230,6.753964900970459
4231,6.766136646270752
4232,6.720606803894043
4233,6.681787967681885
4234,6.65528678894043
4235,6.631378173828125
4236,6.616432189941406
4237,6.60783052444458
4238,6.60361909866333
4239,6.606208801269531
4240,6.576138973236084
4241,6.55949068069458
4242,6.572385787963867
4243,6.626755714416504
4244,6.61945104598999
4245,6.578164100646973
4246,6.56683349609375
4247,6.581676483154297
4248,6.606827735900879
4249,6.55462646484375
4250,6.539366722106934
4251,6.626214027404785
4252,6.646028518676758
4253,6.597722053527832
4254,6.5873236656188965
4255,6.60954475402832
4256,6.614466667175293
4257,6.626221656799316
4258,6.662036895751953
4259,6.697271347045898
4260,6.596360206604004
4261,6.596686840057373
4262,6.606915473937988
4263,6.575957775115967
4264,6.507101535797119
4265,6.523584365844727
4266,6.511428356170654
4267,6.477338790893555
4268,6.502566337585449
4269,6.516541957855225
4270,6.547901630401611
4271,6.566656112670898
4272,6.534708499908447
4273,6.550124168395996
4274,6.567543983459473
4275,6.536126136779785
4276,6.537623405456543
4277,6.547449111938477
4278,6.53929328918457
4279,6.560475826263428
4280,6.552140235900879
4281,6.662357330322266
4282,6.589087963104248
4283,6.593142032623291
4284,6.589652061462402
4285,6.575200080871582
4286,6.552036285400391
4287,6.539714813232422
4288,6.546565532684326
4289,6.53174352645874
4290,6.480762004852295
4291,6.466722011566162
4292,6.4525675773620605
4293,6.418761730194092
4294,6.4538140296936035
4295,6.491055011749268
4296,6.460008144378662
4297,6.504495620727539
4298,6.519453525543213
4299,6.536589622497559
4300,6.515425682067871
4301,6.5159783363342285
4302,6.501177787780762
4303,6.50913667678833
4304,6.510020732879639
4305,6.535033702850342
4306,6.528237342834473
4307,6.541218280792236
4308,6.538268089294434
4309,6.590188503265381
4310,6.608432769775391
4311,6.647340297698975
4312,6.705484390258789
4313,6.732074737548828
4314,6.714924335479736
4315,6.713913917541504
4316,6.752138137817383
4317,6.73257303237915
4318,6.671927452087402
4319,6.641571044921875
4320,6.60318660736084
4321,6.584164142608643
4322,6.569946765899658
4323,6.587756633758545
4324,6.593367576599121
4325,6.6276445388793945
4326,6.598363876342773
4327,6.611019134521484
4328,6.5785956382751465
4329,6.600940704345703
4330,6.579980850219727
4331,6.585928440093994
4332,6.549315452575684
4333,6.534186363220215
4334,6.508589744567871
4335,6.522252559661865
4336,6.478460311889648
4337,6.497371196746826
4338,6.5058465003967285
4339,6.56350040435791
4340,6.571935653686523
4341,6.58339786529541
4342,6.610065460205078
4343,6.603968620300293
4344,6.624696254730225
4345,6.606586456298828
4346,6.610193252563477
4347,6.588749885559082
4348,6.549248695373535
4349,6.520371913909912
4350,6.518235206604004
4351,6.495908737182617
4352,6.514523506164551
4353,6.527887344360352
4354,6.539951324462891
4355,6.58417272567749
4356,6.596445560455322
4357,6.5971221923828125
4358,6.612869739532471
4359,6.6049113273620605
4360,6.586033344268799
4361,6.5927252769470215
4362,6.637674808502197
4363,6.571813583374023
4364,6.5663042068481445
4365,6.575117588043213
4366,6.581900119781494
4367,6.587754726409912
4368,6.59471321105957
4369,6.614601135253906
4370,6.680984020233154
4371,6.603815078735352
4372,6.592013359069824
4373,6.664730548858643
4374,6.657605171203613
4375,6.642045021057129
4376,6.648932456970215
4377,6.654045104980469
4378,6.687685966491699
4379,6.701263904571533
4380,6.6983537673950195
4381,6.69525146484375
4382,6.666995525360107
4383,6.65151834487915
4384,6.64561128616333
4385,6.641713619232178
4386,6.6258158683776855
4387,6.6256537437438965
4388,6.6034255027771
4389,6.627095699310303
4390,6.575641632080078
4391,6.564387798309326
4392,6.530481338500977
4393,6.510169982910156
4394,6.478091239929199
4395,6.479901313781738
4396,6.491093158721924
4397,6.496744632720947
4398,6.4861159324646
4399,6.492093086242676
4400,6.5155253410339355
4401,6.548516750335693
4402,6.620534896850586
4403,6.5563578605651855
4404,6.578917980194092
4405,6.611018180847168
4406,6.6146087646484375
4407,6.650645732879639
4408,6.662248134613037
4409,6.645293712615967
4410,6.624309062957764
4411,6.624860763549805
4412,6.646840572357178
4413,6.669302463531494
4414,6.597032070159912
4415,6.557057857513428
4416,6.529861927032471
4417,6.49564790725708
4418,6.498528003692627
4419,6.500154495239258
4420,6.512218475341797
4421,6.532952785491943
4422,6.546563148498535
4423,6.560133457183838
4424,6.595930099487305
4425,6.650899410247803
4426,6.6782755851745605
4427,6.709521770477295
4428,6.695548057556152
4429,6.658490180969238
4430,6.634946346282959
4431,6.626687049865723
4432,6.626528263092041
4433,6.634817123413086
4434,6.641251564025879
4435,6.679194927215576
4436,6.677871227264404
4437,6.658431529998779
4438,6.625569820404053
4439,6.570487976074219
4440,6.5649003982543945
4441,6.553717136383057
4442,6.558521747589111
4443,6.543335914611816
4444,6.555809020996094
4445,6.59775447845459
4446,6.581745624542236
4447,6.598343849182129
4448,6.615868091583252
4449,6.652496814727783
4450,6.64254093170166
4451,6.644057750701904
4452,6.653494834899902
4453,6.656498432159424
4454,6.701148986816406
4455,6.723672866821289
4456,6.706693649291992
4457,6.708207607269287
4458,6.694059371948242
4459,6.620237350463867
4460,6.627180576324463
4461,6.5906291007995605
4462,6.5787763595581055
4463,6.569688320159912
4464,6.552544116973877
4465,6.542043209075928
4466,6.552497863769531
4467,6.557615280151367
4468,6.5443549156188965
4469,6.514196872711182
4470,6.524216175079346
4471,6.5556840896606445
4472,6.550179958343506
4473,6.575192928314209
4474,6.643070220947266
4475,6.642673969268799
4476,6.619518280029297
4477,6.636084079742432
4478,6.648860931396484
4479,6.683950424194336
4480,6.621433734893799
4481,6.596420764923096
4482,6.595310688018799
4483,6.574871063232422
4484,6.5631794929504395
4485,6.544695854187012
4486,6.492105484008789
4487,6.455677032470703
4488,6.524921417236328
4489,6.531429290771484
4490,6.534830570220947
4491,6.551227569580078
4492,6.565380573272705
4493,6.590251922607422
4494,6.583265781402588
4495,6.510678768157959
4496,6.609731674194336
4497,6.597212314605713
4498,6.543166160583496
4499,6.531425476074219
4500,6.546697616577148
4501,6.541007041931152
4502,6.538654804229736
4503,6.527950763702393
4504,6.547641277313232
4505,6.579311847686768
4506,6.6024580001831055
4507,6.655490398406982
4508,6.667853832244873
4509,6.654557704925537
4510,6.716142177581787
4511,6.641459941864014
4512,6.624850273132324
4513,6.612222194671631
4514,6.604597091674805
4515,6.611189842224121
4516,6.6318535804748535
4517,6.647245407104492
4518,6.695708751678467
4519,6.6009368896484375
4520,6.615743160247803
4521,6.622685432434082
4522,6.619492530822754
4523,6.658080101013184
4524,6.642590045928955
4525,6.650639533996582
4526,6.663718223571777
4527,6.6730756759643555
4528,6.647284984588623
4529,6.641905784606934
4530,6.598776340484619
4531,6.602392196655273
4532,6.526106357574463
4533,6.496301174163818
4534,6.476670265197754
4535,6.451778888702393
4536,6.417340278625488
4537,6.431798458099365
4538,6.440666675567627
4539,6.410752773284912
4540,6.504988670349121
4541,6.442604064941406
4542,6.4517951011657715
4543,6.4602837562561035
4544,6.437243938446045
4545,6.433860778808594
4546,6.433625221252441
4547,6.4554877281188965
4548,6.443352222442627
4549,6.491189002990723
4550,6.508760929107666
4551,6.521259307861328
4552,6.59235143661499
4553,6.587965965270996
4554,6.682580947875977
4555,6.634994029998779
4556,6.6197404861450195
4557,6.602091312408447
4558,6.593373775482178
4559,6.600546836853027
4560,6.621066093444824
4561,6.599652290344238
4562,6.580873966217041
4563,6.578232765197754
4564,6.571816444396973
4565,6.546144008636475
4566,6.532069683074951
4567,6.478001594543457
4568,6.476925373077393
4569,6.419939994812012
4570,6.403128623962402
4571,6.431236267089844
4572,6.404788970947266
4573,6.397786617279053
4574,6.39768648147583
4575,6.432370662689209
4576,6.42626953125
4577,6.4565043449401855
4578,6.499137878417969
4579,6.5348801612854
4580,6.539811611175537
4581,6.585564136505127
4582,6.609304428100586
4583,6.641810894012451
4584,6.604804039001465
4585,6.594857215881348
4586,6.568338871002197
4587,6.577075481414795
4588,6.571178913116455
4589,6.568687438964844
4590,6.568368911743164
4591,6.555141925811768
4592,6.55606746673584
4593,6.576201915740967
4594,6.601614952087402
4595,6.6860480308532715
4596,6.664381980895996
4597,6.666560173034668
4598,6.680671691894531
4599,6.664993762969971
4600,6.656239032745361
4601,6.643490314483643
4602,6.6595778465271
4603,6.669687271118164
4604,6.683506011962891
4605,6.703890800476074
4606,6.670901298522949
4607,6.67147970199585
4608,6.629799842834473
4609,6.631433963775635
4610,6.602458953857422
4611,6.575308799743652
4612,6.585911273956299
4613,6.5916852951049805
4614,6.532399654388428
4615,6.5616655349731445
4616,6.573426246643066
4617,6.621335983276367
4618,6.642096996307373
4619,6.66068696975708
4620,6.683804988861084
4621,6.649012088775635
4622,6.637696266174316
4623,6.65933084487915
4624,6.658639907836914
4625,6.641028881072998
4626,6.7192702293396
4627,6.646905899047852
4628,6.643495082855225
4629,6.654444217681885
4630,6.623779296875
4631,6.5752692222595215
4632,6.5334858894348145
4633,6.498768329620361
4634,6.466752529144287
4635,6.464322566986084
4636,6.461940765380859
4637,6.5378241539001465
4638,6.442970275878906
4639,6.421104431152344
4640,6.433617115020752
4641,6.481288433074951
4642,6.505157947540283
4643,6.561386585235596
4644,6.585696220397949
4645,6.565913677215576
4646,6.582468032836914
4647,6.640872955322266
4648,6.648065567016602
4649,6.635311603546143
4650,6.6538286209106445
4651,6.606941223144531
4652,6.576511859893799
4653,6.5419392585754395
4654,6.536599159240723
4655,6.537607192993164
4656,6.5409345626831055
4657,6.52828311920166
4658,6.531794548034668
4659,6.570963382720947
4660,6.6029953956604
4661,6.629186630249023
4662,6.643762588500977
4663,6.667026996612549
4664,6.657602310180664
4665,6.650941848754883
4666,6.646914958953857
4667,6.593606472015381
4668,6.542968273162842
4669,6.511405944824219
4670,6.491236209869385
4671,6.459462642669678
4672,6.439826488494873
4673,6.420668125152588
4674,6.429270267486572
4675,6.395318508148193
4676,6.404865264892578
4677,6.413135528564453
4678,6.42379093170166
4679,6.459993839263916
4680,6.469784259796143
4681,6.513800144195557
4682,6.533363342285156
4683,6.5446014404296875
4684,6.52982234954834
4685,6.50468635559082
4686,6.637724876403809
4687,6.634100914001465
4688,6.650775909423828
4689,6.751506805419922
4690,6.6976518630981445
4691,6.718362331390381
4692,6.710139274597168
4693,6.704761028289795
4694,6.7209978103637695
4695,6.723597526550293
4696,6.708852291107178
4697,6.729458332061768
4698,6.722921848297119
4699,6.745345115661621
4700,6.721776008605957
4701,6.667098045349121
4702,6.6470842361450195
4703,6.599714279174805
4704,6.561938762664795
4705,6.53485107421875
4706,6.533094882965088
4707,6.522957801818848
4708,6.488407135009766
4709,6.444882392883301
4710,6.424528121948242
4711,6.419559001922607
4712,6.418673515319824
4713,6.435430526733398
4714,6.454803943634033
4715,6.453302383422852
4716,6.46413516998291
4717,6.492705821990967
4718,6.51239538192749
4719,6.492828845977783
4720,6.535743236541748
4721,6.513571739196777
4722,6.525012493133545
4723,6.551607608795166
4724,6.617342472076416
4725,6.637340068817139
4726,6.602015495300293
4727,6.596107006072998
4728,6.582007884979248
4729,6.590330123901367
4730,6.6204071044921875
4731,6.642465591430664
4732,6.628579616546631
4733,6.579078674316406
4734,6.575777530670166
4735,6.5635271072387695
4736,6.570838451385498
4737,6.594916820526123
4738,6.5590386390686035
4739,6.570188045501709
4740,6.533360481262207
4741,6.537862777709961
4742,6.526113986968994
4743,6.515573024749756
4744,6.511183738708496
4745,6.489603042602539
4746,6.510050296783447
4747,6.511635780334473
4748,6.5106940269470215
4749,6.492727279663086
4750,6.492311477661133
4751,6.491580963134766
4752,6.515264987945557
4753,6.519638538360596
4754,6.502955436706543
4755,6.4964728355407715
4756,6.513425827026367
4757,6.53033971786499
4758,6.56298828125
4759,6.564192295074463
4760,6.551365375518799
4761,6.571811199188232
4762,6.554061412811279
4763,6.539366245269775
4764,6.54140043258667
4765,6.603121757507324
4766,6.559023857116699
4767,6.563760280609131
4768,6.530510902404785
4769,6.5081329345703125
4770,6.495809555053711
4771,6.5237956047058105
4772,6.5538554191589355
4773,6.55453634262085
4774,6.556316375732422
4775,6.511803150177002
4776,6.497382164001465
4777,6.496057033538818
4778,6.497892379760742
4779,6.492086410522461
4780,6.506772041320801
4781,6.5162835121154785
4782,6.514382839202881
4783,6.528491020202637
4784,6.617481708526611
4785,6.534297466278076
4786,6.526089668273926
4787,6.53737211227417
4788,6.532383918762207
4789,6.540609359741211
4790,6.537635803222656
4791,6.549007892608643
4792,6.562966823577881
4793,6.580989360809326
4794,6.586848258972168
4795,6.582803726196289
4796,6.568851470947266
4797,6.5950026512146
4798,6.590059757232666
4799,6.630194187164307
4800,6.624311447143555
4801,6.572676658630371
4802,6.512335777282715
4803,6.463546276092529
4804,6.4532999992370605
4805,6.456155300140381
4806,6.4659013748168945
4807,6.461542129516602
4808,6.492260932922363
4809,6.497628688812256
4810,6.540768146514893
4811,6.564555644989014
4812,6.5945281982421875
4813,6.636889457702637
4814,6.660377502441406
4815,6.692126750946045
4816,6.6677961349487305
4817,6.651662826538086
4818,6.626689910888672
4819,6.617531776428223
4820,6.617244720458984
4821,6.632749080657959
4822,6.619541168212891
4823,6.6327433586120605
4824,6.646709442138672
4825,6.6598358154296875
4826,6.693648815155029
4827,6.701503753662109
4828,6.695349216461182
4829,6.767082691192627
4830,6.648260116577148
4831,6.649806499481201
4832,6.65676212310791
4833,6.598814964294434
4834,6.541931629180908
4835,6.5220441818237305
4836,6.488971710205078
4837,6.468277454376221
4838,6.4837541580200195
4839,6.479329586029053
4840,6.507774829864502
4841,6.524009704589844
4842,6.541145324707031
4843,6.545032024383545
4844,6.535855770111084
4845,6.545973300933838
4846,6.516519069671631
4847,6.511566638946533
4848,6.509909152984619
4849,6.509060382843018
4850,6.495062351226807
4851,6.501969814300537
4852,6.493000030517578
4853,6.530342102050781
4854,6.5452046394348145
4855,6.564816474914551
4856,6.578598499298096
4857,6.610187530517578
4858,6.6239495277404785
4859,6.615838050842285
4860,6.631354808807373
4861,6.609167575836182
4862,6.620099067687988
4863,6.61203145980835
4864,6.608834743499756
4865,6.559569835662842
4866,6.569306373596191
4867,6.53284215927124
4868,6.532853126525879
4869,6.497558116912842
4870,6.4919209480285645
4871,6.431889057159424
4872,6.412203788757324
4873,6.423438549041748
4874,6.40764856338501
4875,6.419493675231934
4876,6.427130699157715
4877,6.463901042938232
4878,6.5729498863220215
4879,6.504011154174805
4880,6.514995098114014
4881,6.536409378051758
4882,6.54843282699585
4883,6.552628517150879
4884,6.565042495727539
4885,6.588143348693848
4886,6.6219377517700195
4887,6.671813488006592
4888,6.691006183624268
4889,6.735843181610107
4890,6.7096757888793945
4891,6.691163063049316
4892,6.674403190612793
4893,6.645707130432129
4894,6.628325939178467
4895,6.620158672332764
4896,6.596750736236572
4897,6.535062789916992
4898,6.529256343841553
4899,6.48451042175293
4900,6.440775394439697
4901,6.4102559089660645
4902,6.3978400230407715
4903,6.385627269744873
4904,6.391268253326416
4905,6.432065010070801
4906,6.453419208526611
4907,6.489346981048584
4908,6.528547286987305
4909,6.567646026611328
4910,6.61628532409668
4911,6.596441268920898
4912,6.576337814331055
4913,6.592137336730957
4914,6.58571720123291
4915,6.569334506988525
4916,6.534281253814697
4917,6.539965629577637
4918,6.5434722900390625
4919,6.55223274230957
4920,6.580142498016357
4921,6.581231117248535
4922,6.596346855163574
4923,6.635122299194336
4924,6.604353904724121
4925,6.624412536621094
4926,6.621889114379883
4927,6.613763332366943
4928,6.640740394592285
4929,6.681631565093994
4930,6.649453163146973
4931,6.68341064453125
4932,6.6952643394470215
4933,6.687160491943359
4934,6.6755876541137695
4935,6.670638084411621
4936,6.64858341217041
4937,6.652827739715576
4938,6.66491174697876
4939,6.656881809234619
4940,6.65576696395874
4941,6.6350178718566895
4942,6.637272834777832
4943,6.586671829223633
4944,6.661330223083496
4945,6.650369644165039
4946,6.638996601104736
4947,6.633657932281494
4948,6.629350185394287
4949,6.623394966125488
4950,6.6296000480651855
4951,6.610184192657471
4952,6.594305515289307
4953,6.607463359832764
4954,6.583621978759766
4955,6.581378936767578
4956,6.555227279663086
4957,6.533872127532959
4958,6.582061290740967
4959,6.585737228393555
4960,6.603517532348633
4961,6.633932113647461
4962,6.622159957885742
4963,6.632241725921631
4964,6.5520782470703125
4965,6.53047513961792
4966,6.533440113067627
4967,6.5260844230651855
4968,6.507294654846191
4969,6.532787322998047
4970,6.548746585845947
4971,6.567751407623291
4972,6.5635175704956055
4973,6.574635982513428
4974,6.545241355895996
4975,6.545191287994385
4976,6.541365146636963
4977,6.545174598693848
4978,6.578846454620361
4979,6.5555925369262695
4980,6.580757141113281
4981,6.534958362579346
4982,6.490584373474121
4983,6.469245433807373
4984,6.456809997558594
4985,6.4180073738098145
4986,6.39389705657959
4987,6.411401748657227
4988,6.391900539398193
4989,6.436418056488037
4990,6.447444438934326
4991,6.475439071655273
4992,6.513282775878906
4993,6.515879154205322
4994,6.507786750793457
4995,6.526622772216797
4996,6.542203426361084
4997,6.589806079864502
4998,6.543322563171387
4999,6.527113437652588
5000,6.547117233276367
5001,6.570387840270996
5002,6.56520414352417
5003,6.566305160522461
5004,6.599899768829346
5005,6.606996059417725
5006,6.570056438446045
5007,6.578036308288574
5008,6.659848690032959
5009,6.673302173614502
5010,6.663374423980713
5011,6.697488784790039
5012,6.738365650177002
5013,6.74484395980835
5014,6.7522993087768555
5015,6.814154148101807
5016,6.786470890045166
5017,6.727482318878174
5018,6.728587627410889
5019,6.703618049621582
5020,6.683260440826416
5021,6.677302837371826
5022,6.652360439300537
5023,6.626420021057129
5024,6.543834686279297
5025,6.575008392333984
5026,6.49064826965332
5027,6.50421142578125
5028,6.502727508544922
5029,6.51305627822876
5030,6.557891845703125
5031,6.551523685455322
5032,6.592740058898926
5033,6.604323863983154
5034,6.625961780548096
5035,6.622755527496338
5036,6.630724906921387
5037,6.633964538574219
5038,6.599393367767334
5039,6.586519718170166
5040,6.580811500549316
5041,6.556824684143066
5042,6.555715560913086
5043,6.575392246246338
5044,6.585791110992432
5045,6.576291084289551
5046,6.552252769470215
5047,6.5500993728637695
5048,6.58046293258667
5049,6.6002397537231445
5050,6.664964199066162
5051,6.61819314956665
5052,6.609740734100342
5053,6.6007890701293945
5054,6.602989196777344
5055,6.586616516113281
5056,6.594575881958008
5057,6.640812873840332
5058,6.609946250915527
5059,6.614749431610107
5060,6.627365589141846
5061,6.633678913116455
5062,6.639587879180908
5063,6.660079479217529
5064,6.678522109985352
5065,6.637815952301025
5066,6.624912738800049
5067,6.644742488861084
5068,6.621525287628174
5069,6.570093154907227
5070,6.539529323577881
5071,6.5580949783325195
5072,6.529013633728027
5073,6.5438103675842285
5074,6.525634765625
5075,6.4868974685668945
5076,6.485311985015869
5077,6.4580230712890625
5078,6.481045246124268
5079,6.497077465057373
5080,6.494182109832764
5081,6.488731384277344
5082,6.487527847290039
5083,6.478677272796631
5084,6.4913458824157715
5085,6.511588096618652
5086,6.522696495056152
5087,6.535480976104736
5088,6.544867992401123
5089,6.562285423278809
5090,6.605251789093018
5091,6.632093906402588
5092,6.618546962738037
5093,6.677067756652832
5094,6.662077903747559
5095,6.662261009216309
5096,6.748249530792236
5097,6.759896755218506
5098,6.777157306671143
5099,6.794656276702881
5100,6.788310527801514
5101,6.781867504119873
5102,6.765560626983643
5103,6.705013275146484
5104,6.687147617340088
5105,6.688098430633545
5106,6.818531036376953
5107,5.728986740112305
5108,5.7155866622924805
5109,5.714324951171875
5110,5.739003658294678
5111,5.679162502288818
5112,6.601927280426025
5113,6.613613128662109
5114,6.475138187408447
5115,6.5003790855407715
5116,6.4907708168029785
5117,6.503076076507568
5118,6.525305271148682
5119,6.496315956115723
5120,6.48060417175293
5121,6.526008129119873
5122,6.482407093048096
5123,6.540141582489014
5124,6.662199020385742
5125,6.7326483726501465
5126,6.7941412925720215
5127,6.743889808654785
5128,6.743345737457275
5129,6.640324115753174
5130,6.639090061187744
5131,6.719447135925293
5132,6.771973133087158
5133,6.7294464111328125
5134,6.657460689544678
5135,6.649348258972168
5136,6.630341529846191
5137,6.623836517333984
5138,6.609312057495117
5139,6.670435428619385
5140,6.609666347503662
5141,6.602519989013672
5142,6.551990509033203
5143,6.535140514373779
5144,6.515478134155273
5145,6.536204814910889
5146,6.544734954833984
5147,6.541259288787842
5148,6.5526251792907715
5149,6.565319538116455
5150,6.576236724853516
5151,6.589686870574951
5152,6.62311315536499
5153,6.639998912811279
5154,6.624893665313721
5155,6.632352352142334
5156,6.6163811683654785
5157,6.603113651275635
5158,6.5947160720825195
5159,6.596992015838623
5160,6.61037540435791
5161,6.606627941131592
5162,6.588202476501465
5163,6.5949907302856445
5164,6.611357688903809
5165,6.64466667175293
5166,6.650915145874023
5167,6.639345169067383
5168,6.599480628967285
5169,6.580749034881592
5170,6.5670294761657715
5171,6.538191318511963
5172,6.524778366088867
5173,6.547528266906738
5174,6.5367536544799805
5175,6.493951320648193
5176,6.491366386413574
5177,6.5060954093933105
5178,6.5060625076293945
5179,6.4968581199646
5180,6.5351128578186035
5181,6.518263816833496
5182,6.531509876251221
5183,6.53048849105835
5184,6.547639846801758
5185,6.550888538360596
5186,6.540958404541016
5187,6.555784702301025
5188,6.602171421051025
5189,6.597215175628662
5190,6.616977214813232
5191,6.637183666229248
5192,6.639484405517578
5193,6.6225690841674805
5194,6.623637676239014
5195,6.632879734039307
5196,6.641547679901123
5197,6.638381481170654
5198,6.610080242156982
5199,6.580794334411621
5200,6.555703163146973
5201,6.515145778656006
5202,6.504702568054199
5203,6.488855838775635
5204,6.4583868980407715
5205,6.471415042877197
5206,6.584455490112305
5207,6.614919185638428
5208,6.644396781921387
5209,6.64570426940918
5210,6.651259899139404
5211,6.683769226074219
5212,6.6669392585754395
5213,6.696606159210205
5214,6.6515889167785645
5215,6.62394380569458
5216,6.644041538238525
5217,6.622369289398193
5218,6.62420129776001
5219,6.604925155639648
5220,6.615338325500488
5221,6.6310014724731445
5222,6.638207912445068
5223,6.646442890167236
5224,6.584406852722168
5225,6.5761237144470215
5226,6.571892261505127
5227,6.554560661315918
5228,6.503396511077881
5229,6.493682384490967
5230,6.479791641235352
5231,6.491949558258057
5232,6.497977256774902
5233,6.475532054901123
5234,6.462867259979248
5235,6.4501237869262695
5236,6.4271979331970215
5237,6.43766450881958
5238,6.4958295822143555
5239,6.519908905029297
5240,6.456506729125977
5241,6.530811786651611
5242,6.554682731628418
5243,6.53398323059082
5244,6.541348934173584
5245,6.533729553222656
5246,6.534204483032227
5247,6.5313401222229
5248,6.540017127990723
5249,6.5493903160095215
5250,6.650670528411865
5251,6.575428485870361
5252,6.585866928100586
5253,6.600741863250732
5254,6.613647937774658
5255,6.603466033935547
5256,6.60344123840332
5257,6.593801021575928
5258,6.596086502075195
5259,6.578555583953857
5260,6.6811370849609375
5261,6.5804667472839355
5262,6.53102445602417
5263,6.50385046005249
5264,6.478478908538818
5265,6.4758734703063965
5266,6.442232131958008
5267,6.485346794128418
5268,6.487640857696533
5269,6.491184234619141
5270,6.505661964416504
5271,6.553732395172119
5272,6.556619644165039
5273,6.551888942718506
5274,6.584855079650879
5275,6.550590515136719
5276,6.558813571929932
5277,6.562041282653809
5278,6.57853364944458
5279,6.599748611450195
5280,6.586620330810547
5281,6.603231430053711
5282,6.613945484161377
5283,6.538496017456055
5284,6.541703701019287
5285,6.540693759918213
5286,6.524250507354736
5287,6.524439811706543
5288,6.542507171630859
5289,6.53305721282959
5290,6.526304721832275
5291,6.526268005371094
5292,6.5395941734313965
5293,6.612958908081055
5294,6.533288478851318
5295,6.541347026824951
5296,6.525408744812012
5297,6.478851318359375
5298,6.486958980560303
5299,6.50324010848999
5300,6.50002908706665
5301,6.574996471405029
5302,6.592051029205322
5303,6.57790994644165
5304,6.583869457244873
5305,6.560973167419434
5306,6.573258876800537
5307,6.478181838989258
5308,6.519771575927734
5309,6.475411891937256
5310,6.447970390319824
5311,6.451274871826172
5312,6.454479217529297
5313,6.460555076599121
5314,6.510581016540527
5315,6.492924213409424
5316,6.506571292877197
5317,6.496288776397705
5318,6.488903522491455
5319,6.513422012329102
5320,6.509912490844727
5321,6.526462554931641
5322,6.511791706085205
5323,6.508211612701416
5324,6.502490520477295
5325,6.515346527099609
5326,6.506413459777832
5327,6.525124549865723
5328,6.511021614074707
5329,6.543652057647705
5330,6.5565667152404785
5331,6.618744850158691
5332,6.672885894775391
5333,6.650156021118164
5334,6.655251502990723
5335,6.685887813568115
5336,6.648317813873291
5337,6.61676025390625
5338,6.6396331787109375
5339,6.631455421447754
5340,6.6381516456604
5341,6.645278453826904
5342,6.650184154510498
5343,6.666403293609619
5344,6.650722980499268
5345,6.616384506225586
5346,6.606247425079346
5347,6.5977959632873535
5348,6.59855842590332
5349,6.59844970703125
5350,6.593081474304199
5351,6.576659202575684
5352,6.5602264404296875
5353,6.555438041687012
5354,6.576423645019531
5355,6.652787685394287
5356,6.59672737121582
5357,6.581063747406006
5358,6.628294467926025
5359,6.6262359619140625
5360,6.60961389541626
5361,6.6323933601379395
5362,6.611231327056885
5363,6.729190826416016
5364,6.729691028594971
5365,6.721505641937256
5366,6.704504489898682
5367,6.669703960418701
5368,6.670164585113525
5369,6.66978645324707
5370,6.690068244934082
5371,6.703009605407715
5372,6.7395453453063965
5373,6.75448751449585
5374,6.751852989196777
5375,6.768651008605957
5376,6.777241230010986
5377,6.76839017868042
5378,6.7620744705200195
5379,6.744101047515869
5380,6.743948936462402
5381,6.748437404632568
5382,6.728789806365967
5383,6.7049055099487305
5384,6.713986873626709
5385,6.673013687133789
5386,6.5857157707214355
5387,6.58848762512207
5388,6.513667106628418
5389,6.485203742980957
5390,6.493005275726318
5391,6.45392370223999
5392,6.428782939910889
5393,6.432031631469727
5394,6.4422383308410645
5395,6.462371349334717
5396,6.479063510894775
5397,6.526020050048828
5398,6.555788516998291
5399,6.625756740570068
5400,6.634608268737793
5401,6.668806076049805
5402,6.753171920776367
5403,6.752992153167725
5404,6.774771213531494
5405,6.814844131469727
5406,6.764013767242432
5407,6.808080673217773
5408,6.742836952209473
5409,6.7190842628479
5410,6.756178855895996
5411,6.651347637176514
5412,6.606395721435547
5413,6.5900750160217285
5414,6.584041118621826
5415,6.608736515045166
5416,6.673954010009766
5417,6.6568498611450195
5418,6.613709926605225
5419,6.591701984405518
5420,6.5783610343933105
5421,6.574329853057861
5422,6.612260818481445
5423,6.625465393066406
5424,6.651423454284668
5425,6.546484470367432
5426,6.527308464050293
5427,6.518986225128174
5428,6.521577835083008
5429,6.504754066467285
5430,6.523806095123291
5431,6.5613884925842285
5432,6.562531471252441
5433,6.575103282928467
5434,6.587268829345703
5435,6.688699722290039
5436,6.615840911865234
5437,6.633750915527344
5438,6.625428676605225
5439,6.645472526550293
5440,6.654446601867676
5441,6.647416114807129
5442,6.658468246459961
5443,6.6493401527404785
5444,6.629467487335205
5445,6.597331523895264
5446,6.5829362869262695
5447,6.570117473602295
5448,6.558638572692871
5449,6.562386989593506
5450,6.59893798828125
5451,6.587712287902832
5452,6.583799839019775
5453,6.563865661621094
5454,6.563906192779541
5455,6.560791492462158
5456,6.565950870513916
5457,6.5611114501953125
5458,6.5599212646484375
5459,6.601186752319336
5460,6.515610694885254
5461,6.490235805511475
5462,6.489055633544922
5463,6.4959564208984375
5464,6.4861555099487305
5465,6.496580600738525
5466,6.510568141937256
5467,6.518462657928467
5468,6.526969909667969
5469,6.57350492477417
5470,6.583057403564453
5471,6.584238052368164
5472,6.613100528717041
5473,6.594047546386719
5474,6.57429838180542
5475,6.569599151611328
5476,6.54783296585083
5477,6.545340061187744
5478,6.517536163330078
5479,6.520059108734131
5480,6.543985843658447
5481,6.53303337097168
5482,6.535882472991943
5483,6.568784713745117
5484,6.597873687744141
5485,6.6110968589782715
5486,6.593404769897461
5487,6.564698696136475
5488,6.558918476104736
5489,6.580048084259033
5490,6.556066036224365
5491,6.578183650970459
5492,6.620824337005615
5493,6.612331390380859
5494,6.619940280914307
5495,6.620868682861328
5496,6.625411510467529
5497,6.659584045410156
5498,6.5939459800720215
5499,6.569446086883545
5500,6.547702789306641
5501,6.540015697479248
5502,6.515974521636963
5503,6.52916145324707
5504,6.512424945831299
5505,6.510970115661621
5506,6.506482124328613
5507,6.5400471687316895
5508,6.560760021209717
5509,6.577639579772949
5510,6.596979141235352
5511,6.5974955558776855
5512,6.605590343475342
5513,6.565713405609131
5514,6.553597450256348
5515,6.531754016876221
5516,6.53943395614624
5517,6.557592868804932
5518,6.652523517608643
5519,6.572000026702881
5520,6.520966053009033
5521,6.535024166107178
5522,6.542664527893066
5523,6.5264363288879395
5524,6.532779216766357
5525,6.513528347015381
5526,6.520928859710693
5527,6.458377838134766
5528,6.46262788772583
5529,6.47670316696167
5530,6.480658531188965
5531,6.519949436187744
5532,6.533165454864502
5533,6.523554801940918
5534,6.5311598777771
5535,6.579331874847412
5536,6.592790126800537
5537,6.643389701843262
5538,6.661861419677734
5539,6.6866302490234375
5540,6.744207382202148
5541,6.710840702056885
5542,6.645290374755859
5543,6.608382701873779
5544,6.566470623016357
5545,6.55927038192749
5546,6.5176777839660645
5547,6.5098748207092285
5548,6.525457859039307
5549,6.516140937805176
5550,6.56103515625
5551,6.564940452575684
5552,6.57780122756958
5553,6.60324764251709
5554,6.589417934417725
5555,6.614136695861816
5556,6.599758148193359
5557,6.598412036895752
5558,6.606209754943848
5559,6.58384370803833
5560,6.578878879547119
5561,6.60360050201416
5562,6.587198734283447
5563,6.5927815437316895
5564,6.589714050292969
5565,6.568386554718018
5566,6.585649013519287
5567,6.556267261505127
5568,6.539394378662109
5569,6.556672096252441
5570,6.4807939529418945
5571,6.534123420715332
5572,6.426634311676025
5573,6.431157112121582
5574,6.440587043762207
5575,6.4525065422058105
5576,6.470645904541016
5577,6.5039191246032715
5578,6.495597839355469
5579,6.525429725646973
5580,6.533576488494873
5581,6.552082538604736
5582,6.548173427581787
5583,6.562312126159668
5584,6.560299396514893
5585,6.534154891967773
5586,6.548924922943115
5587,6.544052600860596
5588,6.559281349182129
5589,6.538522243499756
5590,6.587655067443848
5591,6.549239158630371
5592,6.563216686248779
5593,6.565500736236572
5594,6.544747352600098
5595,6.516268730163574
5596,6.59113883972168
5597,6.603427410125732
5598,6.6025824546813965
5599,6.591603755950928
5600,6.5801472663879395
5601,6.5944600105285645
5602,6.571892261505127
5603,6.610374927520752
5604,6.5208210945129395
5605,6.624965190887451
5606,6.636590480804443
5607,6.643707752227783
5608,6.659225940704346
5609,6.671597480773926
5610,6.678983211517334
5611,6.736360549926758
5612,6.738864421844482
5613,6.76894474029541
5614,6.781464576721191
5615,6.797256946563721
5616,6.843716621398926
5617,6.890161037445068
5618,6.85932731628418
5619,6.801719665527344
5620,6.770059108734131
5621,6.749429702758789
5622,6.636014938354492
5623,6.659842014312744
5624,6.636510848999023
5625,6.592596054077148
5626,6.5697245597839355
5627,6.549128532409668
5628,6.5631890296936035
5629,6.483746528625488
5630,6.469526767730713
5631,6.442504405975342
5632,6.44787073135376
5633,6.462904930114746
5634,6.473739147186279
5635,6.530642032623291
5636,6.483233451843262
5637,6.524633884429932
5638,6.531366348266602
5639,6.5253167152404785
5640,6.512211799621582
5641,6.552034378051758
5642,6.555273532867432
5643,6.583037376403809
5644,6.608209133148193
5645,6.673074245452881
5646,6.670112133026123
5647,6.6793389320373535
5648,6.65811824798584
5649,6.6122941970825195
5650,6.604154109954834
5651,6.592824935913086
5652,6.574012756347656
5653,6.523098468780518
5654,6.557319641113281
5655,6.557253360748291
5656,6.593749046325684
5657,6.604460716247559
5658,6.611578464508057
5659,6.6346755027771
5660,6.704492092132568
5661,6.72609281539917
5662,6.72698450088501
5663,6.736757755279541
5664,6.750889778137207
5665,6.752676963806152
5666,6.708030700683594
5667,6.770450592041016
5668,6.677381992340088
5669,6.648868083953857
5670,6.636236190795898
5671,6.607955455780029
5672,6.62085485458374
5673,6.6460490226745605
5674,6.660698890686035
5675,6.640047073364258
5676,6.635996341705322
5677,6.609840393066406
5678,6.594058513641357
5679,6.58613920211792
5680,6.587169647216797
5681,6.563013076782227
5682,6.539575576782227
5683,6.535868167877197
5684,6.545939922332764
5685,6.554012298583984
5686,6.578917503356934
5687,6.617326259613037
5688,6.584988117218018
5689,6.587661266326904
5690,6.610565185546875
5691,6.6052727699279785
5692,6.6241936683654785
5693,6.6672539710998535
5694,6.587201118469238
5695,6.548633098602295
5696,6.559878349304199
5697,6.547939300537109
5698,6.521056652069092
5699,6.514586925506592
5700,6.506364822387695
5701,6.510233402252197
5702,6.534092903137207
5703,6.554296016693115
5704,6.572351455688477
5705,6.592876434326172
5706,6.58392333984375
5707,6.6805033683776855
5708,6.599936485290527
5709,6.6025190353393555
5710,6.5815300941467285
5711,6.589501857757568
5712,6.5714850425720215
5713,6.574979782104492
5714,6.5725860595703125
5715,6.59849214553833
5716,6.603802680969238
5717,6.535335540771484
5718,6.521222114562988
5719,6.479709625244141
5720,6.482476234436035
5721,6.51111364364624
5722,6.54353666305542
5723,6.554348468780518
5724,6.553760528564453
5725,6.534134864807129
5726,6.570401668548584
5727,6.578015327453613
5728,6.554130554199219
5729,6.527258396148682
5730,6.519577503204346
5731,6.523873329162598
5732,6.533040523529053
5733,6.567081928253174
5734,6.574944496154785
5735,6.561724662780762
5736,6.574881553649902
5737,6.582684516906738
5738,6.5836615562438965
5739,6.605997085571289
5740,6.595052242279053
5741,6.58038854598999
5742,6.565857410430908
5743,6.550852298736572
5744,6.5332465171813965
5745,6.513174533843994
5746,6.494019031524658
5747,6.515469074249268
5748,6.4737701416015625
5749,6.476398944854736
5750,6.468189716339111
5751,6.490882396697998
5752,6.507869243621826
5753,6.620665550231934
5754,6.643767356872559
5755,6.66563081741333
5756,6.678309440612793
5757,6.653144359588623
5758,6.6260786056518555
5759,6.642849445343018
5760,6.667457103729248
5761,6.599506378173828
5762,6.606043815612793
5763,6.602808952331543
5764,6.62834358215332
5765,6.614887237548828
5766,6.557538032531738
5767,6.646767616271973
5768,6.672722816467285
5769,6.68628454208374
5770,6.579939842224121
5771,6.6687421798706055
5772,6.574181079864502
5773,6.584362983703613
5774,6.563615798950195
5775,6.560357093811035
5776,6.54766845703125
5777,6.497026443481445
5778,6.5732598304748535
5779,6.600139617919922
5780,6.733267784118652
5781,6.761484146118164
5782,6.75856876373291
5783,6.687572002410889
5784,6.700117111206055
5785,6.686593532562256
5786,6.715176105499268
5787,6.743472576141357
5788,6.72589635848999
5789,6.682708263397217
5790,6.659165382385254
5791,6.6666107177734375
5792,6.695382595062256
5793,6.714984893798828
5794,6.702176094055176
5795,6.665044784545898
5796,6.626481533050537
5797,6.532136917114258
5798,6.539810657501221
5799,6.53892707824707
5800,6.541594505310059
5801,6.543412685394287
5802,6.509099960327148
5803,6.449178695678711
5804,6.496903896331787
5805,6.507903099060059
5806,6.530944347381592
5807,6.510244369506836
5808,6.507843017578125
5809,6.536710739135742
5810,6.491218090057373
5811,6.50828742980957
5812,6.5209503173828125
5813,6.542887210845947
5814,6.5331196784973145
5815,6.520636558532715
5816,6.510406494140625
5817,6.489119529724121
5818,6.4601731300354
5819,6.458740711212158
5820,6.468423366546631
5821,6.488312244415283
5822,6.511899948120117
5823,6.551577568054199
5824,6.550076484680176
5825,6.567088603973389
5826,6.588542461395264
5827,6.607942581176758
5828,6.630456924438477
5829,6.637009143829346
5830,6.671820163726807
5831,6.669966697692871
5832,6.668843746185303
5833,6.614323616027832
5834,6.573115825653076
5835,6.533878326416016
5836,6.522386074066162
5837,6.513101577758789
5838,6.494073867797852
5839,6.47984504699707
5840,6.474271774291992
5841,6.466424942016602
5842,6.44630241394043
5843,6.478353977203369
5844,6.465273857116699
5845,6.481439113616943
5846,6.4947919845581055
5847,6.495591640472412
5848,6.490816116333008
5849,6.496616840362549
5850,6.519575595855713
5851,6.5221076011657715
5852,6.54105806350708
5853,6.5584001541137695
5854,6.569051742553711
5855,6.589600563049316
5856,6.638771057128906
5857,6.666014671325684
5858,6.683305740356445
5859,6.709410190582275
5860,6.819068431854248
5861,6.812676906585693
5862,6.768194675445557
5863,6.720176696777344
5864,6.688991069793701
5865,6.665167331695557
5866,6.65303897857666
5867,6.629205226898193
5868,6.630856990814209
5869,6.620004653930664
5870,6.619593143463135
5871,6.6718902587890625
5872,6.610769271850586
5873,6.649020195007324
5874,6.609890937805176
5875,6.646206378936768
5876,6.627692699432373
5877,6.606712341308594
5878,6.558848857879639
5879,6.52688455581665
5880,6.483020782470703
5881,6.484455585479736
5882,6.468525409698486
5883,6.465233325958252
5884,6.496434688568115
5885,6.540396213531494
5886,6.588890075683594
5887,6.5875983238220215
5888,6.614610195159912
5889,6.66605806350708
5890,6.682721138000488
5891,6.6984543800354
5892,6.691630840301514
5893,6.7012410163879395
5894,6.7123122215271
5895,6.669452667236328
5896,6.638346195220947
5897,6.622758388519287
5898,6.623527526855469
5899,6.617179870605469
5900,6.625641822814941
5901,6.615012168884277
5902,6.651435375213623
5903,6.637717247009277
5904,6.688521385192871
5905,6.679927349090576
5906,6.634176254272461
5907,6.587540626525879
5908,6.518914699554443
5909,6.478043079376221
5910,6.449492454528809
5911,6.438683032989502
5912,6.447677135467529
5913,6.4204254150390625
5914,6.447394371032715
5915,6.455199718475342
5916,6.509069442749023
5917,6.5336103439331055
5918,6.590089321136475
5919,6.653898239135742
5920,6.670062065124512
5921,6.656129360198975
5922,6.623404502868652
5923,6.598362922668457
5924,6.552872657775879
5925,6.553849697113037
5926,6.535830020904541
5927,6.495794773101807
5928,6.506955623626709
5929,6.516211032867432
5930,6.510673522949219
5931,6.542571067810059
5932,6.594666957855225
5933,6.63598108291626
5934,6.652285575866699
5935,6.696492671966553
5936,6.669246196746826
5937,6.657394886016846
5938,6.639755725860596
5939,6.622858047485352
5940,6.594304084777832
5941,6.595626354217529
5942,6.595961570739746
5943,6.630648612976074
5944,6.6282734870910645
5945,6.613053321838379
5946,6.627371311187744
5947,6.6366753578186035
5948,6.649138927459717
5949,6.6601386070251465
5950,6.640636920928955
5951,6.609576225280762
5952,6.585623741149902
5953,6.552156448364258
5954,6.542594909667969
5955,6.543369770050049
5956,6.543678283691406
5957,6.558627128601074
5958,6.525910377502441
5959,6.515935897827148
5960,6.503283500671387
5961,6.502933502197266
5962,6.505673885345459
5963,6.5205078125
5964,6.559580326080322
5965,6.553936004638672
5966,6.553161144256592
5967,6.554566383361816
5968,6.556386470794678
5969,6.530531406402588
5970,6.551825046539307
5971,6.574891090393066
5972,6.570207118988037
5973,6.61418342590332
5974,6.638641357421875
5975,6.674097061157227
5976,6.678862571716309
5977,6.703128814697266
5978,6.70749568939209
5979,6.6782379150390625
5980,6.668965816497803
5981,6.654562473297119
5982,6.655777931213379
5983,6.60227632522583
5984,6.60506534576416
5985,6.598691940307617
5986,6.608356952667236
5987,6.636428356170654
5988,6.599255084991455
5989,6.627076625823975
5990,6.599233150482178
5991,6.572869300842285
5992,6.5736846923828125
5993,6.558778285980225
5994,6.55055046081543
5995,6.550298690795898
5996,6.519438743591309
5997,6.529151916503906
5998,6.519128799438477
5999,6.50429105758667
6000,6.5194573402404785
6001,6.5242390632629395
6002,6.544762134552002
6003,6.562714099884033
6004,6.602071762084961
6005,6.620729923248291
6006,6.676729679107666
6007,6.716460227966309
6008,6.734095573425293
6009,6.720029830932617
6010,6.670184135437012
6011,6.664838790893555
6012,6.6055192947387695
6013,6.589327812194824
6014,6.554154872894287
6015,6.53218936920166
6016,6.490203380584717
6017,6.478653430938721
6018,6.481537342071533
6019,6.490185737609863
6020,6.490763187408447
6021,6.505117416381836
6022,6.527358531951904
6023,6.544435024261475
6024,6.556247234344482
6025,6.606658458709717
6026,6.600194931030273
6027,6.612112045288086
6028,6.622724533081055
6029,6.625521183013916
6030,6.636133670806885
6031,6.64091157913208
6032,6.62581205368042
6033,6.588983535766602
6034,6.584949016571045
6035,6.577825546264648
6036,6.5654826164245605
6037,6.5532307624816895
6038,6.58478307723999
6039,6.587225437164307
6040,6.6086907386779785
6041,6.700154781341553
6042,6.702038288116455
6043,6.729128837585449
6044,6.673183441162109
6045,6.672787666320801
6046,6.680815696716309
6047,6.651742935180664
6048,6.625216960906982
6049,6.617615222930908
6050,6.593771457672119
6051,6.600781440734863
6052,6.603880405426025
6053,6.610261917114258
6054,6.649142742156982
6055,6.68591833114624
6056,6.642337799072266
6057,6.643092632293701
6058,6.649013042449951
6059,6.645853519439697
6060,6.6534504890441895
6061,6.653080463409424
6062,6.57820987701416
6063,6.587993144989014
6064,6.585702896118164
6065,6.623055934906006
6066,6.626470565795898
6067,6.6472344398498535
6068,6.668001651763916
6069,6.688115119934082
6070,6.732166290283203
6071,6.771587371826172
6072,6.883664608001709
6073,6.7555131912231445
6074,6.753735065460205
6075,6.7468485832214355
6076,6.7041239738464355
6077,6.617291450500488
6078,6.581380367279053
6079,6.538693428039551
6080,6.526979446411133
6081,6.527009963989258
6082,6.516806602478027
6083,6.491907119750977
6084,6.4647955894470215
6085,6.562232971191406
6086,6.525329113006592
6087,6.514839172363281
6088,6.493854999542236
6089,6.494242191314697
6090,6.492468357086182
6091,6.530965805053711
6092,6.464597702026367
6093,6.504767417907715
6094,6.5457658767700195
6095,6.53954553604126
6096,6.569002628326416
6097,6.582856178283691
6098,6.6084089279174805
6099,6.615487098693848
6100,6.646459579467773
6101,6.656280994415283
6102,6.62913179397583
6103,6.6219353675842285
6104,6.588382720947266
6105,6.568024635314941
6106,6.553818702697754
6107,6.540809631347656
6108,6.5165605545043945
6109,6.493375301361084
6110,6.464771270751953
6111,6.441974639892578
6112,6.419165134429932
6113,6.5261945724487305
6114,6.449259281158447
6115,6.479924201965332
6116,6.497499465942383
6117,6.476683139801025
6118,6.474062442779541
6119,6.509097576141357
6120,6.531051158905029
6121,6.558815956115723
6122,6.59824800491333
6123,6.617898941040039
6124,6.652584552764893
6125,6.637401580810547
6126,6.619663715362549
6127,6.655605792999268
6128,6.673912525177002
6129,6.7059173583984375
6130,6.703025817871094
6131,6.708628177642822
6132,6.677248954772949
6133,6.670382499694824
6134,6.658078193664551
6135,6.626646995544434
6136,6.595611095428467
6137,6.557618141174316
6138,6.557744979858398
6139,6.5215349197387695
6140,6.515963554382324
6141,6.496171951293945
6142,6.497359275817871
6143,6.473330020904541
6144,6.410345077514648
6145,6.3955979347229
6146,6.412967205047607
6147,6.411015033721924
6148,6.430911540985107
6149,6.471566677093506
6150,6.489434242248535
6151,6.5067620277404785
6152,6.521146297454834
6153,6.552396297454834
6154,6.567914009094238
6155,6.579426288604736
6156,6.6039958000183105
6157,6.5802083015441895
6158,6.569009304046631
6159,6.603863716125488
6160,6.627703666687012
6161,6.618926048278809
6162,6.7064924240112305
6163,6.5976152420043945
6164,6.600014686584473
6165,6.57899284362793
6166,6.5876078605651855
6167,6.5804033279418945
6168,6.584293842315674
6169,6.5906901359558105
6170,6.582921028137207
6171,6.57217264175415
6172,6.55157470703125
6173,6.566151142120361
6174,6.5470170974731445
6175,6.529969215393066
6176,6.492934226989746
6177,6.505716800689697
6178,6.521743297576904
6179,6.521544456481934
6180,6.4367194175720215
6181,6.440540313720703
6182,6.455448150634766
6183,6.4474945068359375
6184,6.4952569007873535
6185,6.561065673828125
6186,6.587472915649414
6187,6.587099075317383
6188,6.603611469268799
6189,6.648262977600098
6190,6.7374982833862305
6191,6.7377519607543945
6192,6.706975936889648
6193,6.680487632751465
6194,6.674991130828857
6195,6.647972106933594
6196,6.613987445831299
6197,6.616973400115967
6198,6.603320598602295
6199,6.558894634246826
6200,6.537683963775635
6201,6.552530288696289
6202,6.567751884460449
6203,6.565568447113037
6204,6.583619117736816
6205,6.627545356750488
6206,6.626123905181885
6207,6.666846752166748
6208,6.6883344650268555
6209,6.7099127769470215
6210,6.734313488006592
6211,6.666763782501221
6212,6.624464988708496
6213,6.600347518920898
6214,6.5755157470703125
6215,6.56209659576416
6216,6.557796955108643
6217,6.569408416748047
6218,6.584514617919922
6219,6.624121189117432
6220,6.664625644683838
6221,6.713234901428223
6222,6.675966262817383
6223,6.6676177978515625
6224,6.64174747467041
6225,6.603397369384766
6226,6.584587097167969
6227,6.537166118621826
6228,6.490058422088623
6229,6.472259998321533
6230,6.471467018127441
6231,6.499463081359863
6232,6.46927547454834
6233,6.495307922363281
6234,6.53639030456543
6235,6.559815883636475
6236,6.565306186676025
6237,6.5607428550720215
6238,6.55490779876709
6239,6.559381008148193
6240,6.587003707885742
6241,6.566692352294922
6242,6.54422664642334
6243,6.5674309730529785
6244,6.588623046875
6245,6.599193096160889
6246,6.673770904541016
6247,6.68865966796875
6248,6.690451622009277
6249,6.7220234870910645
6250,6.728940010070801
6251,6.738005638122559
6252,6.758364677429199
6253,6.74207878112793
6254,6.709838390350342
6255,6.704024314880371
6256,6.663509368896484
6257,6.646174907684326
6258,6.635867118835449
6259,6.635190486907959
6260,6.5079522132873535
6261,6.501025199890137
6262,6.584921836853027
6263,6.5083770751953125
6264,6.507752418518066
6265,6.552778244018555
6266,6.553792953491211
6267,6.523024082183838
6268,6.491856575012207
6269,6.509592056274414
6270,6.603621006011963
6271,6.601054668426514
6272,6.539361000061035
6273,6.600451469421387
6274,6.550510883331299
6275,6.571709156036377
6276,6.5895915031433105
6277,6.609087944030762
6278,6.644919395446777
6279,6.666855335235596
6280,6.671856880187988
6281,6.66695499420166
6282,6.645706653594971
6283,6.649919033050537
6284,6.653434753417969
6285,6.656352519989014
6286,6.623233795166016
6287,6.576406478881836
6288,6.572531223297119
6289,6.53802490234375
6290,6.556563377380371
6291,6.494261264801025
6292,6.445039749145508
6293,6.429415702819824
6294,6.398990154266357
6295,6.410155296325684
6296,6.42080545425415
6297,6.430558681488037
6298,6.448980808258057
6299,6.463716506958008
6300,6.475109100341797
6301,6.532395839691162
6302,6.555533409118652
6303,6.593329906463623
6304,6.622501850128174
6305,6.648890972137451
6306,6.697909355163574
6307,6.739135265350342
6308,6.730669021606445
6309,6.745792865753174
6310,6.764794826507568
6311,6.722935199737549
6312,6.706871509552002
6313,6.72162389755249
6314,6.616637229919434
6315,6.601245403289795
6316,6.596645832061768
6317,6.607743263244629
6318,6.599933624267578
6319,6.5654449462890625
6320,6.556461334228516
6321,6.5672526359558105
6322,6.594624042510986
6323,6.596951007843018
6324,6.583699703216553
6325,6.576056480407715
6326,6.648586273193359
6327,6.544750213623047
6328,6.56572151184082
6329,6.563457012176514
6330,6.681778907775879
6331,6.611788749694824
6332,6.611978530883789
6333,6.5899457931518555
6334,6.592023849487305
6335,6.5926432609558105
6336,6.613755226135254
6337,6.667865753173828
6338,6.675328254699707
6339,6.711928844451904
6340,6.736806869506836
6341,6.744195938110352
6342,6.754242897033691
6343,6.764876842498779
6344,6.772087097167969
6345,6.759619235992432
6346,6.764482021331787
6347,6.797701835632324
6348,6.75922155380249
6349,6.739168167114258
6350,6.73933744430542
6351,6.73176383972168
6352,6.74885368347168
6353,6.715479850769043
6354,6.634361743927002
6355,6.608015060424805
6356,6.657310962677002
6357,6.525463104248047
6358,6.576442241668701
6359,6.437973499298096
6360,6.458067417144775
6361,6.433940410614014
6362,6.447882652282715
6363,6.4733147621154785
6364,6.528336048126221
6365,6.530773639678955
6366,6.585437774658203
6367,6.6720290184021
6368,6.796778678894043
6369,6.762246608734131
6370,6.784196853637695
6371,6.708164215087891
6372,6.6571784019470215
6373,6.651013374328613
6374,6.625153541564941
6375,6.632559299468994
6376,6.619612693786621
6377,6.633727073669434
6378,6.591038703918457
6379,6.592133522033691
6380,6.6881842613220215
6381,6.747141361236572
6382,6.668047904968262
6383,6.693780422210693
6384,6.695362567901611
6385,6.59758996963501
6386,6.687689304351807
6387,6.574910640716553
6388,6.576509952545166
6389,6.527012348175049
6390,6.530994415283203
6391,6.494414806365967
6392,6.509548664093018
6393,6.489237308502197
6394,6.479607582092285
6395,6.527497291564941
6396,6.543661117553711
6397,6.5687360763549805
6398,6.590952396392822
6399,6.619175434112549
6400,6.622225284576416
6401,6.6281514167785645
6402,6.620046615600586
6403,6.634284973144531
6404,6.6303019523620605
6405,6.648754596710205
6406,6.686102390289307
6407,6.706120014190674
6408,6.742569446563721
6409,6.741466522216797
6410,6.736782073974609
6411,6.702515125274658
6412,6.693537712097168
6413,6.716375350952148
6414,6.68418550491333
6415,6.657175064086914
6416,6.676225185394287
6417,6.607725620269775
6418,6.580414295196533
6419,6.569018840789795
6420,6.559106349945068
6421,6.516193389892578
6422,6.497821807861328
6423,6.506382942199707
6424,6.522522449493408
6425,6.567315578460693
6426,6.668969631195068
6427,6.664190292358398
6428,6.636579513549805
6429,6.6383233070373535
6430,6.662614822387695
6431,6.646223545074463
6432,6.644822597503662
6433,6.617683410644531
6434,6.616175174713135
6435,6.604723930358887
6436,6.562652111053467
6437,6.572911739349365
6438,6.54365873336792
6439,6.543231964111328
6440,6.51619291305542
6441,6.542465686798096
6442,6.5436177253723145
6443,6.542025566101074
6444,6.576237201690674
6445,6.596725940704346
6446,6.609333038330078
6447,6.595186710357666
6448,6.591036319732666
6449,6.596489429473877
6450,6.613844871520996
6451,6.555830478668213
6452,6.5530686378479
6453,6.518265724182129
6454,6.511943340301514
6455,6.606459140777588
6456,6.627365589141846
6457,6.628134727478027
6458,6.643107891082764
6459,6.642539024353027
6460,6.663499355316162
6461,6.681789875030518
6462,6.686836242675781
6463,6.676570892333984
6464,6.661404609680176
6465,6.631935119628906
6466,6.622780799865723
6467,6.596455097198486
6468,6.580235958099365
6469,6.571453094482422
6470,6.592132568359375
6471,6.575305461883545
6472,6.569346904754639
6473,6.57925271987915
6474,6.57267951965332
6475,6.627824306488037
6476,6.626497268676758
6477,6.626643657684326
6478,6.616664409637451
6479,6.5996503829956055
6480,6.524111747741699
6481,6.52993106842041
6482,6.4840474128723145
6483,6.4774274826049805
6484,6.473812580108643
6485,6.557485580444336
6486,6.494015693664551
6487,6.554079055786133
6488,6.579499244689941
6489,6.59158182144165
6490,6.624224662780762
6491,6.656215667724609
6492,6.673979759216309
6493,6.622032165527344
6494,6.640317440032959
6495,6.604192733764648
6496,6.574492931365967
6497,6.552525997161865
6498,6.554318904876709
6499,6.539281845092773
6500,6.544776916503906
6501,6.568336009979248
6502,6.594693660736084
6503,6.565561294555664
6504,6.588954925537109
6505,6.558474063873291
6506,6.551263332366943
6507,6.624220371246338
6508,6.6570658683776855
6509,6.578658580780029
6510,6.552110195159912
6511,6.482043743133545
6512,6.560047626495361
6513,6.575542449951172
6514,6.60501766204834
6515,6.623946189880371
6516,6.636929988861084
6517,6.649951934814453
6518,6.664340019226074
6519,6.658280372619629
6520,6.63140869140625
6521,6.64508056640625
6522,6.540170192718506
6523,6.63063383102417
6524,6.638797283172607
6525,6.6097798347473145
6526,6.612379550933838
6527,6.643173694610596
6528,6.683741092681885
6529,6.708534240722656
6530,6.712756156921387
6531,6.7431440353393555
6532,6.740232467651367
6533,6.712860584259033
6534,6.760669231414795
6535,6.707412242889404
6536,6.65089225769043
6537,6.613998889923096
6538,6.5764899253845215
6539,6.559080123901367
6540,6.548407554626465
6541,6.58085298538208
6542,6.575085163116455
6543,6.580861568450928
6544,6.602085113525391
6545,6.645003318786621
6546,6.665210247039795
6547,6.713552474975586
6548,6.702865123748779
6549,6.765920639038086
6550,6.695006370544434
6551,6.699141979217529
6552,6.662336826324463
6553,6.667300701141357
6554,6.655485153198242
6555,6.694589138031006
6556,6.722739219665527
6557,6.741302490234375
6558,6.732116222381592
6559,6.789736270904541
6560,6.791993141174316
6561,6.7873969078063965
6562,6.739310264587402
6563,6.688595294952393
6564,6.676667213439941
6565,6.595892429351807
6566,6.5807318687438965
6567,6.541149139404297
6568,6.551304340362549
6569,6.543466091156006
6570,6.625779151916504
6571,6.534518718719482
6572,6.57129430770874
6573,6.560485363006592
6574,6.5762858390808105
6575,6.613413333892822
6576,6.638488292694092
6577,6.629212379455566
6578,6.607983589172363
6579,6.635213851928711
6580,6.625304698944092
6581,6.562684059143066
6582,6.559650897979736
6583,6.544607162475586
6584,6.608984470367432
6585,6.548822402954102
6586,6.532344341278076
6587,6.558221340179443
6588,6.5545783042907715
6589,6.5722832679748535
6590,6.574902057647705
6591,6.565570831298828
6592,6.554198741912842
6593,6.519058704376221
6594,6.5067925453186035
6595,6.511950969696045
6596,6.5336713790893555
6597,6.559106826782227
6598,6.572561740875244
6599,6.543100357055664
6600,6.544597148895264
6601,6.595774173736572
6602,6.571533679962158
6603,6.584937572479248
6604,6.534807205200195
6605,6.521716594696045
6606,6.50903844833374
6607,6.535923004150391
6608,6.50066614151001
6609,6.520498275756836
6610,6.5419182777404785
6611,6.523300647735596
6612,6.547651767730713
6613,6.577598571777344
6614,6.549515247344971
6615,6.560028553009033
6616,6.561427116394043
6617,6.553279876708984
6618,6.546763896942139
6619,6.541954517364502
6620,6.527993679046631
6621,6.541219711303711
6622,6.568605899810791
6623,6.579395771026611
6624,6.599996566772461
6625,6.544972896575928
6626,6.543811798095703
6627,6.499627113342285
6628,6.4524827003479
6629,6.438879013061523
6630,6.414642810821533
6631,6.421000003814697
6632,6.399409770965576
6633,6.406801223754883
6634,6.422652721405029
6635,6.477306842803955
6636,6.531208038330078
6637,6.57034158706665
6638,6.59035062789917
6639,6.628032684326172
6640,6.681447982788086
6641,6.720075607299805
6642,6.7396955490112305
6643,6.727836608886719
6644,6.688004970550537
6645,6.6674346923828125
6646,6.639570236206055
6647,6.653775691986084
6648,6.695889949798584
6649,6.61264181137085
6650,6.586038112640381
6651,6.580807209014893
6652,6.602277755737305
6653,6.577624320983887
6654,6.544979572296143
6655,6.513195991516113
6656,6.5005202293396
6657,6.456066608428955
6658,6.45076322555542
6659,6.441186904907227
6660,6.42728853225708
6661,6.404702663421631
6662,6.411154747009277
6663,6.45255184173584
6664,6.48367166519165
6665,6.510105133056641
6666,6.481182098388672
6667,6.50904655456543
6668,6.519341945648193
6669,6.525049686431885
6670,6.52028226852417
6671,6.538000583648682
6672,6.51605224609375
6673,6.607819080352783
6674,6.557774066925049
6675,6.537773609161377
6676,6.541046619415283
6677,6.57269811630249
6678,6.588876724243164
6679,6.596134185791016
6680,6.5908966064453125
6681,6.628242015838623
6682,6.6412553787231445
6683,6.663505554199219
6684,6.703455924987793
6685,6.698065280914307
6686,6.64802885055542
6687,6.707528114318848
6688,6.679409980773926
6689,6.646640777587891
6690,6.5671844482421875
6691,6.554014205932617
6692,6.547623157501221
6693,6.53500509262085
6694,6.539495944976807
6695,6.569660186767578
6696,6.577862739562988
6697,6.5928449630737305
6698,6.571821212768555
6699,6.57326078414917
6700,6.559455394744873
6701,6.543179988861084
6702,6.559383392333984
6703,6.542929649353027
6704,6.569767951965332
6705,6.585751056671143
6706,6.59437894821167
6707,6.598641872406006
6708,6.612756729125977
6709,6.638676166534424
6710,6.676591873168945
6711,6.6393232345581055
6712,6.72274112701416
6713,6.721549034118652
6714,6.682641983032227
6715,6.628760814666748
6716,6.581046104431152
6717,6.547364234924316
6718,6.561800956726074
6719,6.551650047302246
6720,6.538636207580566
6721,6.560303211212158
6722,6.585484981536865
6723,6.609145641326904
6724,6.634775161743164
6725,6.6601996421813965
6726,6.69867467880249
6727,6.7041473388671875
6728,6.687316417694092
6729,6.64841365814209
6730,6.6802897453308105
6731,6.7051591873168945
6732,6.621026515960693
6733,6.631924152374268
6734,6.5344462394714355
6735,6.5485382080078125
6736,6.558801651000977
6737,6.612573623657227
6738,6.571539878845215
6739,6.524288654327393
6740,6.515375137329102
6741,6.500372409820557
6742,6.584898948669434
6743,6.515644073486328
6744,6.516239643096924
6745,6.507013320922852
6746,6.514644145965576
6747,6.522026062011719
6748,6.554582118988037
6749,6.560173034667969
6750,6.6691975593566895
6751,6.576671600341797
6752,6.60682487487793
6753,6.607365131378174
6754,6.601770877838135
6755,6.610816955566406
6756,6.5853753089904785
6757,6.607396602630615
6758,6.605956554412842
6759,6.59562873840332
6760,6.575840950012207
6761,6.550323009490967
6762,6.568943023681641
6763,6.5860137939453125
6764,6.605878829956055
6765,6.613719463348389
6766,6.606799602508545
6767,6.550081253051758
6768,6.554546356201172
6769,6.515728950500488
6770,6.526902675628662
6771,6.5225749015808105
6772,6.554195880889893
6773,6.521519660949707
6774,6.513603687286377
6775,6.490635395050049
6776,6.516812801361084
6777,6.514063835144043
6778,6.510567665100098
6779,6.47783088684082
6780,6.476763725280762
6781,6.467748165130615
6782,6.491324424743652
6783,6.536163330078125
6784,6.528873443603516
6785,6.564678192138672
6786,6.5711822509765625
6787,6.615993976593018
6788,6.625844955444336
6789,6.628543376922607
6790,6.636237144470215
6791,6.664544105529785
6792,6.66211462020874
6793,6.701282024383545
6794,6.700822353363037
6795,6.668196678161621
6796,6.686685562133789
6797,6.64078950881958
6798,6.629456996917725
6799,6.618192672729492
6800,6.598082065582275
6801,6.579992294311523
6802,6.580700874328613
6803,6.599050998687744
6804,6.6072587966918945
6805,6.588463306427002
6806,6.627275466918945
6807,6.643211364746094
6808,6.650951862335205
6809,6.661398887634277
6810,6.651315689086914
6811,6.622662544250488
6812,6.601618766784668
6813,6.608662128448486
6814,6.621067523956299
6815,6.6590423583984375
6816,6.631753921508789
6817,6.5983452796936035
6818,6.616100788116455
6819,6.613335132598877
6820,6.65332555770874
6821,6.6551618576049805
6822,6.567261219024658
6823,6.5804033279418945
6824,6.533315658569336
6825,6.526721000671387
6826,6.539613723754883
6827,6.552396297454834
6828,6.564728736877441
6829,6.582005023956299
6830,6.597050189971924
6831,6.701112747192383
6832,6.6337199211120605
6833,6.638519287109375
6834,6.671115875244141
6835,6.698428630828857
6836,6.684039115905762
6837,6.666874885559082
6838,6.7223801612854
6839,6.600832939147949
6840,6.702293395996094
6841,6.595066070556641
6842,6.637304306030273
6843,6.558279991149902
6844,6.622950077056885
6845,6.562079429626465
6846,6.564018726348877
6847,6.575748920440674
6848,6.629668235778809
6849,6.650974750518799
6850,6.6323161125183105
6851,6.628370761871338
6852,6.605770111083984
6853,6.56425142288208
6854,6.5601348876953125
6855,6.502632141113281
6856,6.5052313804626465
6857,6.495248317718506
6858,6.486604690551758
6859,6.470105171203613
6860,6.491209030151367
6861,6.497430801391602
6862,6.495906352996826
6863,6.5975470542907715
6864,6.573187828063965
6865,6.668429374694824
6866,6.575305938720703
6867,6.568735122680664
6868,6.545039176940918
6869,6.551329135894775
6870,6.555603504180908
6871,6.609055519104004
6872,6.612144947052002
6873,6.621188163757324
6874,6.629151344299316
6875,6.644988059997559
6876,6.711459159851074
6877,6.715001106262207
6878,6.692269802093506
6879,6.673315525054932
6880,6.671319007873535
6881,6.647261619567871
6882,6.633507251739502
6883,6.604461669921875
6884,6.612924575805664
6885,6.60170316696167
6886,6.586529731750488
6887,6.6160078048706055
6888,6.612317085266113
6889,6.607636451721191
6890,6.587091445922852
6891,6.5617499351501465
6892,6.570180416107178
6893,6.557316303253174
6894,6.537689208984375
6895,6.543630599975586
6896,6.515494346618652
6897,6.5061187744140625
6898,6.535358428955078
6899,6.602822303771973
6900,6.535835266113281
6901,6.518020153045654
6902,6.532226085662842
6903,6.540483474731445
6904,6.561243534088135
6905,6.555234909057617
6906,6.591547966003418
6907,6.5878705978393555
6908,6.5824995040893555
6909,6.575280666351318
6910,6.582505702972412
6911,6.616608619689941
6912,6.565417766571045
6913,6.54642391204834
6914,6.542054653167725
6915,6.530974388122559
6916,6.520404815673828
6917,6.506449222564697
6918,6.522860050201416
6919,6.5261030197143555
6920,6.534330368041992
6921,6.577462673187256
6922,6.600963592529297
6923,6.618692398071289
6924,6.620606422424316
6925,6.606815338134766
6926,6.612109184265137
6927,6.57309103012085
6928,6.581803321838379
6929,6.554668426513672
6930,6.56454610824585
6931,6.563363552093506
6932,6.5433454513549805
6933,6.5805277824401855
6934,6.5815229415893555
6935,6.559297561645508
6936,6.537038326263428
6937,6.5731201171875
6938,6.568373203277588
6939,6.578750133514404
6940,6.557751178741455
6941,6.553888320922852
6942,6.551277160644531
6943,6.557103633880615
6944,6.550283432006836
6945,6.563162803649902
6946,6.579834938049316
6947,6.558855056762695
6948,6.567140579223633
6949,6.540058135986328
6950,6.530241966247559
6951,6.540125846862793
6952,6.563588619232178
6953,6.612081050872803
6954,6.654393672943115
6955,6.6468353271484375
6956,6.657459735870361
6957,6.630123615264893
6958,6.711282253265381
6959,6.626136779785156
6960,6.603183269500732
6961,6.622223377227783
6962,6.5661187171936035
6963,6.539750099182129
6964,6.525049686431885
6965,6.482482433319092
6966,6.489847183227539
6967,6.4850993156433105
6968,6.462845325469971
6969,6.4852294921875
6970,6.486046314239502
6971,6.5099382400512695
6972,6.523423671722412
6973,6.543357849121094
6974,6.566648006439209
6975,6.585719585418701
6976,6.588912010192871
6977,6.576714992523193
6978,6.565349578857422
6979,6.57026481628418
6980,6.577015399932861
6981,6.543386459350586
6982,6.5250983238220215
6983,6.5294365882873535
6984,6.51706075668335
6985,6.520074367523193
6986,6.543716907501221
6987,6.532256603240967
6988,6.484529972076416
6989,6.534879207611084
6990,6.559562683105469
6991,6.5586628913879395
6992,6.521564960479736
6993,6.524431228637695
6994,6.505869388580322
6995,6.52559232711792
6996,6.568236827850342
6997,6.565512657165527
6998,6.606576919555664
6999,6.636068344116211
7000,6.654673099517822
7001,6.665363311767578
7002,6.686714172363281
7003,6.68246603012085
7004,6.676690101623535
7005,6.672657489776611
7006,6.648510932922363
7007,6.61945104598999
7008,6.591002464294434
7009,6.551411151885986
7010,6.528125286102295
7011,6.532405853271484
7012,6.510585784912109
7013,6.4591145515441895
7014,6.439614772796631
7015,6.428056240081787
7016,6.440699100494385
7017,6.417850971221924
7018,6.433998107910156
7019,6.445135116577148
7020,6.479700088500977
7021,6.518313407897949
7022,6.57503080368042
7023,6.59659481048584
7024,6.567656517028809
7025,6.6103081703186035
7026,6.606426239013672
7027,6.598383903503418
7028,6.581474304199219
7029,6.601468563079834
7030,6.586776256561279
7031,6.553771495819092
7032,6.533305644989014
7033,6.534739017486572
7034,6.538675308227539
7035,6.530710697174072
7036,6.544280529022217
7037,6.54516077041626
7038,6.553859233856201
7039,6.5816521644592285
7040,6.60768985748291
7041,6.651754856109619
7042,6.64381217956543
7043,6.629671573638916
7044,6.617978096008301
7045,6.5716023445129395
7046,6.548795223236084
7047,6.555048942565918
7048,6.550666332244873
7049,6.559820652008057
7050,6.540868282318115
7051,6.539927959442139
7052,6.567495822906494
7053,6.581445217132568
7054,6.618767738342285
7055,6.642301082611084
7056,6.651119232177734
7057,6.623018741607666
7058,6.5984368324279785
7059,6.599915981292725
7060,6.5630316734313965
7061,6.511552333831787
7062,6.499574184417725
7063,6.490844249725342
7064,6.495561599731445
7065,6.51051139831543
7066,6.542520046234131
7067,6.54783296585083
7068,6.617646217346191
7069,6.634065628051758
7070,6.651824474334717
7071,6.740124702453613
7072,6.650126934051514
7073,6.693708896636963
7074,6.592238903045654
7075,6.583408355712891
7076,6.578449726104736
7077,6.5407609939575195
7078,6.605844497680664
7079,6.564818382263184
7080,6.558440685272217
7081,6.5901079177856445
7082,6.584776878356934
7083,6.586397647857666
7084,6.593332767486572
7085,6.606217861175537
7086,6.5831217765808105
7087,6.5971903800964355
7088,6.601668357849121
7089,6.5896477699279785
7090,6.5728960037231445
7091,6.567140579223633
7092,6.546872615814209
7093,6.546102046966553
7094,6.534094333648682
7095,6.529463768005371
7096,6.54095458984375
7097,6.5471014976501465
7098,6.562385559082031
7099,6.553123950958252
7100,6.555231094360352
7101,6.548424243927002
7102,6.528253555297852
7103,6.521520137786865
7104,6.5419087409973145
7105,6.542128562927246
7106,6.590209484100342
7107,6.571976661682129
7108,6.590720176696777
7109,6.581808567047119
7110,6.573563575744629
7111,6.581681251525879
7112,6.570306301116943
7113,6.571610927581787
7114,6.590920448303223
7115,6.570976257324219
7116,6.572486400604248
7117,6.590237617492676
7118,6.592497825622559
7119,6.619953632354736
7120,6.6224045753479
7121,6.6337690353393555
7122,6.653298854827881
7123,6.644103050231934
7124,6.630044937133789
7125,6.601456642150879
7126,6.66232967376709
7127,6.567409992218018
7128,6.527170658111572
7129,6.511484622955322
7130,6.513120174407959
7131,6.511086940765381
7132,6.613981246948242
7133,6.627458095550537
7134,6.672422409057617
7135,6.657157897949219
7136,6.663125991821289
7137,6.665441989898682
7138,6.631452560424805
7139,6.638189792633057
7140,6.622284889221191
7141,6.594717502593994
7142,6.591482162475586
7143,6.586182117462158
7144,6.602473258972168
7145,6.603386402130127
7146,6.592854976654053
7147,6.636159420013428
7148,6.705953121185303
7149,6.687219142913818
7150,6.75184965133667
7151,6.729079723358154
7152,6.730074882507324
7153,6.697926998138428
7154,6.7037835121154785
7155,6.706311225891113
7156,6.691094398498535
7157,6.664328575134277
7158,6.648151874542236
7159,6.671730995178223
7160,6.693535327911377
7161,6.675302982330322
7162,6.700522422790527
7163,6.72202205657959
7164,6.751482963562012
7165,6.814459800720215
7166,6.737860202789307
7167,6.711888313293457
7168,6.621853351593018
7169,6.576918601989746
7170,6.544039249420166
7171,6.44641637802124
7172,6.514162540435791
7173,6.519561290740967
7174,6.524332046508789
7175,6.540757179260254
7176,6.474033832550049
7177,6.493001937866211
7178,6.490683555603027
7179,6.598482608795166
7180,6.5076398849487305
7181,6.508445739746094
7182,6.5273356437683105
7183,6.538699626922607
7184,6.528894901275635
7185,6.512465953826904
7186,6.4861836433410645
7187,6.489360332489014
7188,6.499228477478027
7189,6.511992454528809
7190,6.592674732208252
7191,6.510488033294678
7192,6.490943431854248
7193,6.460177421569824
7194,6.454894542694092
7195,6.444679260253906
7196,6.453056812286377
7197,6.440176486968994
7198,6.444587230682373
7199,6.472697734832764
7200,6.48187780380249
7201,6.502997398376465
7202,6.594252586364746
7203,6.60968542098999
7204,6.59524393081665
7205,6.622654438018799
7206,6.592204570770264
7207,6.569106101989746
7208,6.586741924285889
7209,6.553386688232422
7210,6.535427093505859
7211,6.532622337341309
7212,6.535524845123291
7213,6.551171779632568
7214,6.553518772125244
7215,6.58330774307251
7216,6.6832966804504395
7217,6.692386627197266
7218,6.697854042053223
7219,6.694190979003906
7220,6.691033840179443
7221,6.729733943939209
7222,6.695112228393555
7223,6.658514499664307
7224,6.61669397354126
7225,6.585870265960693
7226,6.5738091468811035
7227,6.566685676574707
7228,6.566477298736572
7229,6.5653815269470215
7230,6.481932163238525
7231,6.5028533935546875
7232,6.518346309661865
7233,6.526487350463867
7234,6.535241603851318
7235,6.529867172241211
7236,6.555953502655029
7237,6.569572448730469
7238,6.616934299468994
7239,6.586280822753906
7240,6.588955879211426
7241,6.588525772094727
7242,6.626794338226318
7243,6.632004261016846
7244,6.659580230712891
7245,6.687132358551025
7246,6.6756205558776855
7247,6.732893943786621
7248,6.698032855987549
7249,6.669760227203369
7250,6.633946418762207
7251,6.604730606079102
7252,6.590365409851074
7253,6.5789289474487305
7254,6.574678421020508
7255,6.552635669708252
7256,6.556542873382568
7257,6.5853400230407715
7258,6.574466228485107
7259,6.574008464813232
7260,6.597198963165283
7261,6.572718620300293
7262,6.609277248382568
7263,6.505803108215332
7264,6.4905476570129395
7265,6.479483604431152
7266,6.494006156921387
7267,6.508217811584473
7268,6.572434425354004
7269,6.579853057861328
7270,6.614729881286621
7271,6.597182273864746
7272,6.608817100524902
7273,6.622089862823486
7274,6.626348972320557
7275,6.6446404457092285
7276,6.638211727142334
7277,6.614211082458496
7278,6.576786994934082
7279,6.542165279388428
7280,6.568748474121094
7281,6.583908557891846
7282,6.543301582336426
7283,6.540534019470215
7284,6.54280948638916
7285,6.525784015655518
7286,6.545661449432373
7287,6.546717643737793
7288,6.567878723144531
7289,6.579214572906494
7290,6.575096607208252
7291,6.56372594833374
7292,6.589104175567627
7293,6.545586109161377
7294,6.591014385223389
7295,6.604540824890137
7296,6.600695610046387
7297,6.631465911865234
7298,6.624240398406982
7299,6.61509370803833
7300,6.640935897827148
7301,6.614323139190674
7302,6.586568355560303
7303,6.572780132293701
7304,6.567102909088135
7305,6.622148036956787
7306,6.589674949645996
7307,6.582874298095703
7308,6.560736656188965
7309,6.552053451538086
7310,6.570271015167236
7311,6.601478099822998
7312,6.611469745635986
7313,6.622812271118164
7314,6.65035343170166
7315,6.66895866394043
7316,6.6737799644470215
7317,6.673340797424316
7318,6.6693902015686035
7319,6.62878942489624
7320,6.641012191772461
7321,6.629705905914307
7322,6.649160861968994
7323,6.576146125793457
7324,6.5875139236450195
7325,6.5878424644470215
7326,6.602944374084473
7327,6.582206726074219
7328,6.607646465301514
7329,6.605250835418701
7330,6.63077449798584
7331,6.57673978805542
7332,6.558130741119385
7333,6.54028844833374
7334,6.545232772827148
7335,6.5353569984436035
7336,6.539137840270996
7337,6.544358730316162
7338,6.538511276245117
7339,6.593659400939941
7340,6.63298225402832
7341,6.656932830810547
7342,6.633334159851074
7343,6.593742847442627
7344,6.681329250335693
7345,6.645776271820068
7346,6.645450115203857
7347,6.632045745849609
7348,6.615643501281738
7349,6.627416610717773
7350,6.634093284606934
7351,6.654454231262207
7352,6.642000198364258
7353,6.651553153991699
7354,6.664519786834717
7355,6.697072505950928
7356,6.721114635467529
7357,6.7195539474487305
7358,6.7099151611328125
7359,6.698346138000488
7360,6.683666229248047
7361,6.591673851013184
7362,6.5916595458984375
7363,6.663301944732666
7364,6.573418617248535
7365,6.567570209503174
7366,6.555854797363281
7367,6.551222324371338
7368,6.574065208435059
7369,6.5315070152282715
7370,6.496264934539795
7371,6.482515335083008
7372,6.466397285461426
7373,6.38643741607666
7374,6.429040908813477
7375,6.428286075592041
7376,6.4507737159729
7377,6.460329055786133
7378,6.463636875152588
7379,6.467291355133057
7380,6.481935024261475
7381,6.5100603103637695
7382,6.570648670196533
7383,6.570097923278809
7384,6.544277667999268
7385,6.559586524963379
7386,6.572295188903809
7387,6.5714640617370605
7388,6.605244159698486
7389,6.624181747436523
7390,6.662978172302246
7391,6.640180587768555
7392,6.624629020690918
7393,6.646426677703857
7394,6.6425909996032715
7395,6.62177848815918
7396,6.6050496101379395
7397,6.595510482788086
7398,6.590432643890381
7399,6.580714702606201
7400,6.585812568664551
7401,6.583425521850586
7402,6.651093006134033
7403,6.61189603805542
7404,6.588844299316406
7405,6.604097366333008
7406,6.582836151123047
7407,6.558011054992676
7408,6.5448713302612305
7409,6.524191379547119
7410,6.491704940795898
7411,6.442750930786133
7412,6.435754776000977
7413,6.411555767059326
7414,6.413270950317383
7415,6.39795446395874
7416,6.453746795654297
7417,6.486752510070801
7418,6.547471523284912
7419,6.570398807525635
7420,6.599854946136475
7421,6.622217178344727
7422,6.608327865600586
7423,6.627119064331055
7424,6.656190872192383
7425,6.62689208984375
7426,6.602993011474609
7427,6.572661399841309
7428,6.554103374481201
7429,6.553399562835693
7430,6.573173999786377
7431,6.581626892089844
7432,6.62338924407959
7433,6.63839864730835
7434,6.612882137298584
7435,6.614572525024414
7436,6.633411407470703
7437,6.579768657684326
7438,6.597527027130127
7439,6.633850574493408
7440,6.544994354248047
7441,6.490522861480713
7442,6.419942855834961
7443,6.484797477722168
7444,6.488053798675537
7445,6.5344624519348145
7446,6.560957908630371
7447,6.587151050567627
7448,6.62996244430542
7449,6.661688804626465
7450,6.6911468505859375
7451,6.707531929016113
7452,6.714975833892822
7453,6.6768269538879395
7454,6.630502700805664
7455,6.627223491668701
7456,6.615886211395264
7457,6.617807388305664
7458,6.652670860290527
7459,6.6556010246276855
7460,6.666289329528809
7461,6.705499649047852
7462,6.755331516265869
7463,6.810741901397705
7464,6.779911518096924
7465,6.796731472015381
7466,6.828039169311523
7467,6.767293930053711
7468,6.788548469543457
7469,6.736416816711426
7470,6.682363986968994
7471,6.5545735359191895
7472,6.613726615905762
7473,6.605325698852539
7474,6.576546669006348
7475,6.5808939933776855
7476,6.590063095092773
7477,6.578763961791992
7478,6.568163871765137
7479,6.53790807723999
7480,6.529565334320068
7481,6.549075126647949
7482,6.549492835998535
7483,6.514168739318848
7484,6.519357681274414
7485,6.5316314697265625
7486,6.577224254608154
7487,6.566234588623047
7488,6.5714898109436035
7489,6.579287052154541
7490,6.578993320465088
7491,6.606929779052734
7492,6.620950698852539
7493,6.584014415740967
7494,6.604025363922119
7495,6.581542015075684
7496,6.544465065002441
7497,6.529163360595703
7498,6.501150131225586
7499,6.493392467498779
7500,6.4694437980651855
7501,6.496085166931152
7502,6.458350658416748
7503,6.4508771896362305
7504,6.453566074371338
7505,6.525433540344238
7506,6.455255508422852
7507,6.463406562805176
7508,6.507288932800293
7509,6.492934703826904
7510,6.52900505065918
7511,6.553655624389648
7512,6.5803680419921875
7513,6.600287914276123
7514,6.665187358856201
7515,6.693946838378906
7516,6.627563953399658
7517,6.632970333099365
7518,6.613818168640137
7519,6.608519554138184
7520,6.587277889251709
7521,6.5715742111206055
7522,6.5579729080200195
7523,6.554747104644775
7524,6.533551216125488
7525,6.543641567230225
7526,6.531819820404053
7527,6.515095233917236
7528,6.513454914093018
7529,6.521824836730957
7530,6.5352582931518555
7531,6.5771636962890625
7532,6.5324296951293945
7533,6.542873859405518
7534,6.540017604827881
7535,6.55078125
7536,6.540349006652832
7537,6.578366279602051
7538,6.581881999969482
7539,6.566689968109131
7540,6.551101207733154
7541,6.569441318511963
7542,6.5518479347229
7543,6.572264194488525
7544,6.566831588745117
7545,6.56317138671875
7546,6.566287994384766
7547,6.542006492614746
7548,6.535712718963623
7549,6.511070251464844
7550,6.476459503173828
7551,6.485218048095703
7552,6.506487846374512
7553,6.554433822631836
7554,6.552828311920166
7555,6.583967208862305
7556,6.601218223571777
7557,6.711399078369141
7558,6.657573223114014
7559,6.630342960357666
7560,6.649232387542725
7561,6.623234272003174
7562,6.575986385345459
7563,6.566364765167236
7564,6.567955493927002
7565,6.565746307373047
7566,6.550590991973877
7567,6.603338241577148
7568,6.622553825378418
7569,6.584801197052002
7570,6.639672756195068
7571,6.664804935455322
7572,6.690967559814453
7573,6.7237091064453125
7574,6.758153438568115
7575,6.781589984893799
7576,6.738256454467773
7577,6.71901798248291
7578,6.6996073722839355
7579,6.61812162399292
7580,6.593020439147949
7581,6.598459720611572
7582,6.585597991943359
7583,6.607039451599121
7584,6.565295696258545
7585,6.592142105102539
7586,6.564154148101807
7587,6.54404354095459
7588,6.498005390167236
7589,6.485381603240967
7590,6.4875359535217285
7591,6.489595413208008
7592,6.533080577850342
7593,6.506870269775391
7594,6.506537914276123
7595,6.534945487976074
7596,6.553701877593994
7597,6.5855841636657715
7598,6.59967565536499
7599,6.61903715133667
7600,6.610610485076904
7601,6.656461715698242
7602,6.632324695587158
7603,6.605608940124512
7604,6.5959954261779785
7605,6.595376968383789
7606,6.6031494140625
7607,6.591495037078857
7608,6.623228073120117
7609,6.6092143058776855
7610,6.6218342781066895
7611,6.6264824867248535
7612,6.662314414978027
7613,6.628965854644775
7614,6.607917308807373
7615,6.57946252822876
7616,6.56058406829834
7617,6.566413402557373
7618,6.579992294311523
7619,6.5984673500061035
7620,6.60576057434082
7621,6.597561836242676
7622,6.580154895782471
7623,6.573331832885742
7624,6.587680816650391
7625,6.5716447830200195
7626,6.589827537536621
7627,6.581880569458008
7628,6.579746246337891
7629,6.613015174865723
7630,6.552105903625488
7631,6.574636936187744
7632,6.581057071685791
7633,6.579776763916016
7634,6.552969455718994
7635,6.551264762878418
7636,6.568732261657715
7637,6.558933734893799
7638,6.586430549621582
7639,6.609262943267822
7640,6.621626853942871
7641,6.652143955230713
7642,6.677767276763916
7643,6.661795139312744
7644,6.64944314956665
7645,6.652879238128662
7646,6.617208957672119
7647,6.544082164764404
7648,6.5340752601623535
7649,6.509978771209717
7650,6.484834671020508
7651,6.476984977722168
7652,6.44558572769165
7653,6.414472579956055
7654,6.408590793609619
7655,6.397909641265869
7656,6.407265663146973
7657,6.431558609008789
7658,6.467312335968018
7659,6.51771354675293
7660,6.492841720581055
7661,6.4794921875
7662,6.503271102905273
7663,6.547340393066406
7664,6.537505626678467
7665,6.592720031738281
7666,6.580288887023926
7667,6.523802757263184
7668,6.532370090484619
7669,6.528669834136963
7670,6.536811351776123
7671,6.5171685218811035
7672,6.5426836013793945
7673,6.5207929611206055
7674,6.541731834411621
7675,6.542693614959717
7676,6.5443549156188965
7677,6.571829319000244
7678,6.586295127868652
7679,6.580913066864014
7680,6.602044582366943
7681,6.6033124923706055
7682,6.611827373504639
7683,6.634615898132324
7684,6.623708248138428
7685,6.595586776733398
7686,6.596529006958008
7687,6.599157810211182
7688,6.549899101257324
7689,6.5495171546936035
7690,6.5679826736450195
7691,6.581169128417969
7692,6.56535005569458
7693,6.569698810577393
7694,6.602643966674805
7695,6.599255561828613
7696,6.612330913543701
7697,6.637146949768066
7698,6.649576663970947
7699,6.6099700927734375
7700,6.5890913009643555
7701,6.543527126312256
7702,6.538769245147705
7703,6.52484655380249
7704,6.519285202026367
7705,6.519334316253662
7706,6.492857456207275
7707,6.492567539215088
7708,6.498375415802002
7709,6.454225540161133
7710,6.4713006019592285
7711,6.444056510925293
7712,6.459450721740723
7713,6.443892478942871
7714,6.468769073486328
7715,6.478396892547607
7716,6.510189056396484
7717,6.535470485687256
7718,6.564652919769287
7719,6.614687442779541
7720,6.655301094055176
7721,6.681398391723633
7722,6.673168182373047
7723,6.696887493133545
7724,6.702120780944824
7725,6.713627338409424
7726,6.7061662673950195
7727,6.6988205909729
7728,6.668049335479736
7729,6.621800899505615
7730,6.594964504241943
7731,6.564549446105957
7732,6.5551042556762695
7733,6.524777412414551
7734,6.532334327697754
7735,6.5577239990234375
7736,6.449675559997559
7737,6.443100929260254
7738,6.414954662322998
7739,6.428819179534912
7740,6.430152416229248
7741,6.451760292053223
7742,6.467221260070801
7743,6.465330600738525
7744,6.5027666091918945
7745,6.490964412689209
7746,6.534884452819824
7747,6.550514221191406
7748,6.539128303527832
7749,6.540827751159668
7750,6.534463405609131
7751,6.541205406188965
7752,6.536505222320557
7753,6.548203945159912
7754,6.536752223968506
7755,6.52074670791626
7756,6.504112243652344
7757,6.472010135650635
7758,6.476328372955322
7759,6.45914363861084
7760,6.461640357971191
7761,6.459946155548096
7762,6.481353282928467
7763,6.51584529876709
7764,6.542491912841797
7765,6.555149555206299
7766,6.5998311042785645
7767,6.574370384216309
7768,6.604679584503174
7769,6.5732197761535645
7770,6.568258285522461
7771,6.549010753631592
7772,6.535470485687256
7773,6.513347625732422
7774,6.494816780090332
7775,6.454980850219727
7776,6.449782371520996
7777,6.435117721557617
7778,6.456114768981934
7779,6.446946144104004
7780,6.464685916900635
7781,6.472907543182373
7782,6.507979393005371
7783,6.537054061889648
7784,6.564270496368408
7785,6.640214920043945
7786,6.612912178039551
7787,6.645269393920898
7788,6.689210414886475
7789,6.69708776473999
7790,6.756532192230225
7791,6.720383644104004
7792,6.69669771194458
7793,6.660336494445801
7794,6.640230655670166
7795,6.586735725402832
7796,6.546023368835449
7797,6.510679721832275
7798,6.486912727355957
7799,6.472569465637207
7800,6.455652236938477
7801,6.47294282913208
7802,6.462203025817871
7803,6.466357707977295
7804,6.468772888183594
7805,6.467989444732666
7806,6.472986698150635
7807,6.519976615905762
7808,6.496371269226074
7809,6.54884672164917
7810,6.522332191467285
7811,6.510326385498047
7812,6.532558917999268
7813,6.546768665313721
7814,6.563397407531738
7815,6.559915065765381
7816,6.545804977416992
7817,6.54597282409668
7818,6.549490928649902
7819,6.600017070770264
7820,6.5645952224731445
7821,6.558236598968506
7822,6.571244239807129
7823,6.574030876159668
7824,6.582854270935059
7825,6.6295013427734375
7826,6.602636814117432
7827,6.598336696624756
7828,6.614569187164307
7829,6.591262340545654
7830,6.6095123291015625
7831,6.586658000946045
7832,6.557185173034668
7833,6.579449653625488
7834,6.578893661499023
7835,6.586268424987793
7836,6.578720569610596
7837,6.554603576660156
7838,6.551222801208496
7839,6.573823928833008
7840,6.578056812286377
7841,6.585201740264893
7842,6.5806145668029785
7843,6.618196487426758
7844,6.630937576293945
7845,6.560440540313721
7846,6.563882827758789
7847,6.563578128814697
7848,6.55223274230957
7849,6.587018966674805
7850,6.57268762588501
7851,6.611023902893066
7852,6.609126091003418
7853,6.637839317321777
7854,6.623724460601807
7855,6.637800216674805
7856,6.636970043182373
7857,6.591516017913818
7858,6.568572044372559
7859,6.5628132820129395
7860,6.525935173034668
7861,6.490179061889648
7862,6.464081764221191
7863,6.441952228546143
7864,6.433964729309082
7865,6.43734884262085
7866,6.444329738616943
7867,6.50148344039917
7868,6.457776069641113
7869,6.457172870635986
7870,6.451277732849121
7871,6.488458156585693
7872,6.5038909912109375
7873,6.535867691040039
7874,6.571720600128174
7875,6.647337913513184
7876,6.666028022766113
7877,6.669669151306152
7878,6.627465724945068
7879,6.584964752197266
7880,6.5595293045043945
7881,6.564632415771484
7882,6.553398132324219
7883,6.5759453773498535
7884,6.583983421325684
7885,6.577178001403809
7886,6.572206974029541
7887,6.55452823638916
7888,6.543703556060791
7889,6.532522201538086
7890,6.507530212402344
7891,6.483497142791748
7892,6.452081680297852
7893,6.4670820236206055
7894,6.497278690338135
7895,6.5258612632751465
7896,6.599547863006592
7897,6.645778656005859
7898,6.59716796875
7899,6.5932698249816895
7900,6.582791805267334
7901,6.585923671722412
7902,6.627623081207275
7903,6.509335994720459
7904,6.510560512542725
7905,6.484908580780029
7906,6.434845447540283
7907,6.50040340423584
7908,6.529018878936768
7909,6.532698631286621
7910,6.534060478210449
7911,6.567407131195068
7912,6.5756659507751465
7913,6.609735012054443
7914,6.642230987548828
7915,6.665213108062744
7916,6.680869102478027
7917,6.670470237731934
7918,6.649966239929199
7919,6.668209552764893
7920,6.609458923339844
7921,6.592597484588623
7922,6.560199737548828
7923,6.647113800048828
7924,6.55615234375
7925,6.618743896484375
7926,6.6324872970581055
7927,6.559256076812744
7928,6.532899379730225
7929,6.503880023956299
7930,6.474757671356201
7931,6.47782039642334
7932,6.447523593902588
7933,6.452980041503906
7934,6.430229663848877
7935,6.513451099395752
7936,6.4451398849487305
7937,6.473053932189941
7938,6.506321907043457
7939,6.5292768478393555
7940,6.565768718719482
7941,6.676591396331787
7942,6.633241176605225
7943,6.683050155639648
7944,6.65872049331665
7945,6.639212608337402
7946,6.609033107757568
7947,6.58372163772583
7948,6.560975074768066
7949,6.562897205352783
7950,6.526312828063965
7951,6.493012428283691
7952,6.465336799621582
7953,6.465100288391113
7954,6.468809127807617
7955,6.443862438201904
7956,6.441969394683838
7957,6.441070079803467
7958,6.458522796630859
7959,6.494719505310059
7960,6.510993480682373
7961,6.53059720993042
7962,6.549002170562744
7963,6.552331447601318
7964,6.526195049285889
7965,6.505739688873291
7966,6.510657787322998
7967,6.509879112243652
7968,6.513935089111328
7969,6.534803867340088
7970,6.540348052978516
7971,6.5362701416015625
7972,6.545811176300049
7973,6.552236080169678
7974,6.571290016174316
7975,6.581872463226318
7976,6.563009738922119
7977,6.549970626831055
7978,6.5531005859375
7979,6.524714946746826
7980,6.531825065612793
7981,6.545982360839844
7982,6.540041446685791
7983,6.592391014099121
7984,6.609890937805176
7985,6.592639923095703
7986,6.4933977127075195
7987,6.562387466430664
7988,6.551527500152588
7989,6.568138599395752
7990,6.578917503356934
7991,6.59946346282959
7992,6.613494396209717
7993,6.621542930603027
7994,6.66070556640625
7995,6.671734809875488
7996,6.704331398010254
7997,6.707367420196533
7998,6.627292633056641
7999,6.617918491363525
8000,6.596996307373047
8001,6.573812484741211
8002,6.578402996063232
8003,6.576725482940674
8004,6.574891567230225
8005,6.564031600952148
8006,6.541886329650879
8007,6.5484089851379395
8008,6.555914402008057
8009,6.542636871337891
8010,6.549958229064941
8011,6.563258171081543
8012,6.547182083129883
8013,6.577478408813477
8014,6.5388641357421875
8015,6.612644195556641
8016,6.510044097900391
8017,6.587367534637451
8018,6.588528156280518
8019,6.500178813934326
8020,6.625757217407227
8021,6.650837421417236
8022,6.70700216293335
8023,6.762617111206055
8024,6.713925361633301
8025,6.806063175201416
8026,6.8316216468811035
8027,6.768691539764404
8028,6.709870338439941
8029,6.6984944343566895
8030,6.646152496337891
8031,6.535995960235596
8032,6.514664173126221
8033,6.511875629425049
8034,6.5177788734436035
8035,6.558108806610107
8036,6.583149433135986
8037,6.6364545822143555
8038,6.674851417541504
8039,6.665998935699463
8040,6.697795391082764
8041,6.709078788757324
8042,6.676114082336426
8043,6.616069793701172
8044,6.595020294189453
8045,6.578186988830566
8046,6.585739612579346
8047,6.592306613922119
8048,6.577741622924805
8049,6.563487529754639
8050,6.579745769500732
8051,6.583010196685791
8052,6.583264350891113
8053,6.621583938598633
8054,6.64594841003418
8055,6.621860980987549
8056,6.598587512969971
8057,6.564126014709473
8058,6.546998500823975
8059,6.529359340667725
8060,6.518580436706543
8061,6.524892330169678
8062,6.500533103942871
8063,6.5369181632995605
8064,6.530555248260498
8065,6.621819019317627
8066,6.5726470947265625
8067,6.604419708251953
8068,6.65541410446167
8069,6.609882354736328
8070,6.550207138061523
8071,6.52783727645874
8072,6.507665157318115
8073,6.459920883178711
8074,6.497143268585205
8075,6.5101823806762695
8076,6.562464237213135
8077,6.565492153167725
8078,6.600997447967529
8079,6.642663478851318
8080,6.632242202758789
8081,6.630941867828369
8082,6.675339698791504
8083,6.670938491821289
8084,6.65299654006958
8085,6.635251522064209
8086,6.630315780639648
8087,6.644145965576172
8088,6.633388996124268
8089,6.626884460449219
8090,6.6407952308654785
8091,6.630679130554199
8092,6.635948181152344
8093,6.59902286529541
8094,6.674867153167725
8095,6.573395729064941
8096,6.568630218505859
8097,6.5568952560424805
8098,6.547170639038086
8099,6.533832550048828
8100,6.535111427307129
8101,6.491245746612549
8102,6.473169326782227
8103,6.4869890213012695
8104,6.508296012878418
8105,6.564897537231445
8106,6.578341960906982
8107,6.601968288421631
8108,6.634016513824463
8109,6.63277530670166
8110,6.635996341705322
8111,6.641724586486816
8112,6.6435980796813965
8113,6.630860328674316
8114,6.647096633911133
8115,6.65713357925415
8116,6.628602027893066
8117,6.631556987762451
8118,6.581590175628662
8119,6.600461006164551
8120,6.586055278778076
8121,6.573218822479248
8122,6.578420639038086
8123,6.569287300109863
8124,6.579007148742676
8125,6.5969977378845215
8126,6.594098091125488
8127,6.546616077423096
8128,6.568713188171387
8129,6.6647114753723145
8130,6.592804908752441
8131,6.614785671234131
8132,6.609527111053467
8133,6.617428302764893
8134,6.634421348571777
8135,6.634828567504883
8136,6.65342378616333
8137,6.668963432312012
8138,6.615794658660889
8139,6.599178791046143
8140,6.580715656280518
8141,6.5616984367370605
8142,6.570058822631836
8143,6.555891036987305
8144,6.56427526473999
8145,6.57767391204834
8146,6.601654529571533
8147,6.641061782836914
8148,6.646719455718994
8149,6.681041717529297
8150,6.644761085510254
8151,6.663716793060303
8152,6.6523847579956055
8153,6.672544956207275
8154,6.666076183319092
8155,6.676153659820557
8156,6.660574913024902
8157,6.612173080444336
8158,6.585196018218994
8159,6.57064151763916
8160,6.555386543273926
8161,6.5324883460998535
8162,6.573146820068359
8163,6.617617130279541
8164,6.579324245452881
8165,6.545897483825684
8166,6.599449634552002
8167,6.582571983337402
8168,6.567549228668213
8169,6.549138069152832
8170,6.551141738891602
8171,6.580049991607666
8172,6.565634250640869
8173,6.591366291046143
8174,6.590480327606201
8175,6.613304615020752
8176,6.555846214294434
8177,6.539403438568115
8178,6.548741340637207
8179,6.553078651428223
8180,6.568782806396484
8181,6.557235240936279
8182,6.599828243255615
8183,6.585158348083496
8184,6.526228427886963
8185,6.545010566711426
8186,6.529046535491943
8187,6.491104602813721
8188,6.473784446716309
8189,6.459071636199951
8190,6.455521583557129
8191,6.4734721183776855
8192,6.56174373626709
8193,6.5054121017456055
8194,6.51833438873291
8195,6.561049461364746
8196,6.546111583709717
8197,6.56795597076416
8198,6.546853542327881
8199,6.526329040527344
8200,6.5683112144470215
8201,6.556571006774902
8202,6.555440425872803
8203,6.55914831161499
8204,6.532989978790283
8205,6.515559196472168
8206,6.51966667175293
8207,6.500973224639893
8208,6.5107645988464355
8209,6.513155460357666
8210,6.494181156158447
8211,6.48969841003418
8212,6.5234551429748535
8213,6.520341396331787
8214,6.567904949188232
8215,6.535491943359375
8216,6.527894973754883
8217,6.530310153961182
8218,6.494494915008545
8219,6.50893497467041
8220,6.493919372558594
8221,6.467243671417236
8222,6.449306964874268
8223,6.420464515686035
8224,6.465965747833252
8225,6.404079914093018
8226,6.445051670074463
8227,6.391800880432129
8228,6.384972095489502
8229,6.388773441314697
8230,6.412272930145264
8231,6.399097919464111
8232,6.440069198608398
8233,6.441711902618408
8234,6.4384331703186035
8235,6.478991508483887
8236,6.509326457977295
8237,6.518632411956787
8238,6.5162034034729
8239,6.542224884033203
8240,6.5560407638549805
8241,6.6388258934021
8242,6.605402946472168
8243,6.564389705657959
8244,6.561827182769775
8245,6.540622234344482
8246,6.528279781341553
8247,6.508866310119629
8248,6.4849419593811035
8249,6.4757819175720215
8250,6.48178768157959
8251,6.476723670959473
8252,6.4826340675354
8253,6.494276523590088
8254,6.520156383514404
8255,6.539102077484131
8256,6.610736846923828
8257,6.6655802726745605
8258,6.6872053146362305
8259,6.699296951293945
8260,6.684091567993164
8261,6.6535725593566895
8262,6.626880645751953
8263,6.589138507843018
8264,6.560542106628418
8265,6.564217567443848
8266,6.56857442855835
8267,6.561703205108643
8268,6.541640758514404
8269,6.569197654724121
8270,6.547345161437988
8271,6.538036823272705
8272,6.522080421447754
8273,6.499979019165039
8274,6.469358921051025
8275,6.44356107711792
8276,6.415441513061523
8277,6.46497917175293
8278,6.4569292068481445
8279,6.43889856338501
8280,6.468593597412109
8281,6.482151508331299
8282,6.478329181671143
8283,6.467557907104492
8284,6.503773212432861
8285,6.539297580718994
8286,6.557756423950195
8287,6.574482440948486
8288,6.6249871253967285
8289,6.593426704406738
8290,6.631899833679199
8291,6.609275817871094
8292,6.644372940063477
8293,6.6144304275512695
8294,6.588068008422852
8295,6.567101001739502
8296,6.59719181060791
8297,6.610994815826416
8298,6.63123083114624
8299,6.605640888214111
8300,6.608560085296631
8301,6.6186628341674805
8302,6.608695983886719
8303,6.656151294708252
8304,6.649146556854248
8305,6.634021759033203
8306,6.598890781402588
8307,6.557403564453125
8308,6.55411958694458
8309,6.543648719787598
8310,6.514980316162109
8311,6.500070571899414
8312,6.505718231201172
8313,6.56500244140625
8314,6.542886257171631
8315,6.542229175567627
8316,6.556686878204346
8317,6.598376750946045
8318,6.650371551513672
8319,6.737827777862549
8320,6.7395148277282715
8321,6.783172607421875
8322,6.763775825500488
8323,6.718544006347656
8324,6.733590126037598
8325,6.740912437438965
8326,6.74159574508667
8327,6.729036331176758
8328,6.733334064483643
8329,6.732015132904053
8330,6.703317642211914
8331,6.700936317443848
8332,6.710157871246338
8333,6.709190368652344
8334,6.716846466064453
8335,6.739599704742432
8336,6.7230048179626465
8337,6.628182888031006
8338,6.598861217498779
8339,6.599123001098633
8340,6.572712421417236
8341,6.569810390472412
8342,6.553928375244141
8343,6.543336391448975
8344,6.649914741516113
8345,6.556352138519287
8346,6.560408592224121
8347,6.615568161010742
8348,6.626378536224365
8349,6.606537342071533
8350,6.624336242675781
8351,6.641756057739258
8352,6.673379421234131
8353,6.687548637390137
8354,6.702898979187012
8355,6.694741725921631
8356,6.670628547668457
8357,6.669363021850586
8358,6.651115894317627
8359,6.632521152496338
8360,6.630610942840576
8361,6.6123456954956055
8362,6.6165900230407715
8363,6.639492511749268
8364,6.642645359039307
8365,6.653311252593994
8366,6.6520586013793945
8367,6.668910503387451
8368,6.633930683135986
8369,6.6340837478637695
8370,6.627545356750488
8371,6.598686218261719
8372,6.578797817230225
8373,6.544589519500732
8374,6.468191146850586
8375,6.451849460601807
8376,6.488347053527832
8377,6.480753421783447
8378,6.505453109741211
8379,6.558375835418701
8380,6.588280200958252
8381,6.6363525390625
8382,6.64504337310791
8383,6.655858516693115
8384,6.666315078735352
8385,6.655738353729248
8386,6.659725189208984
8387,6.680612564086914
8388,6.625296592712402
8389,6.579578876495361
8390,6.546247959136963
8391,6.533801555633545
8392,6.54725980758667
8393,6.548336029052734
8394,6.561215877532959
8395,6.586269378662109
8396,6.563084125518799
8397,6.560392379760742
8398,6.579814910888672
8399,6.5966691970825195
8400,6.5942535400390625
8401,6.548127174377441
8402,6.517700672149658
8403,6.467995643615723
8404,6.439952850341797
8405,6.431565761566162
8406,6.438570976257324
8407,6.457766532897949
8408,6.469701766967773
8409,6.482539176940918
8410,6.450587272644043
8411,6.544516086578369
8412,6.594900131225586
8413,6.5966362953186035
8414,6.612868785858154
8415,6.609229564666748
8416,6.574336528778076
8417,6.545863151550293
8418,6.53895378112793
8419,6.489669322967529
8420,6.519248962402344
8421,6.536856651306152
8422,6.529345512390137
8423,6.518458366394043
8424,6.5686750411987305
8425,6.567672252655029
8426,6.564332485198975
8427,6.579359531402588
8428,6.616769313812256
8429,6.6380133628845215
8430,6.609518051147461
8431,6.627619743347168
8432,6.627715587615967
8433,6.564674377441406
8434,6.559388160705566
8435,6.555385589599609
8436,6.536942958831787
8437,6.537178039550781
8438,6.523135662078857
8439,6.53558349609375
8440,6.539868354797363
8441,6.563188552856445
8442,6.565010070800781
8443,6.598555564880371
8444,6.606082439422607
8445,6.609129905700684
8446,6.6192498207092285
8447,6.7097673416137695
8448,6.6992506980896
8449,6.701312065124512
8450,6.692299842834473
8451,6.703845500946045
8452,6.707880020141602
8453,6.693490505218506
8454,6.708702564239502
8455,6.700287818908691
8456,6.714475154876709
8457,6.654745101928711
8458,6.686625957489014
8459,6.647973537445068
8460,6.626595497131348
8461,6.5992536544799805
8462,6.5574541091918945
8463,6.524766445159912
8464,6.5138115882873535
8465,6.539335250854492
8466,6.5639824867248535
8467,6.585224151611328
8468,6.5522003173828125
8469,6.586000919342041
8470,6.615565776824951
8471,6.693016529083252
8472,6.634015083312988
8473,6.6188201904296875
8474,6.6985673904418945
8475,6.655828475952148
8476,6.626373767852783
8477,6.606161594390869
8478,6.586631774902344
8479,6.592831134796143
8480,6.585330486297607
8481,6.583861827850342
8482,6.564910888671875
8483,6.58814811706543
8484,6.612703800201416
8485,6.643224239349365
8486,6.6590657234191895
8487,6.663339614868164
8488,6.640493869781494
8489,6.644839763641357
8490,6.675625801086426
8491,6.638895511627197
8492,6.649456977844238
8493,6.599103927612305
8494,6.585272312164307
8495,6.557828903198242
8496,6.5521721839904785
8497,6.560606479644775
8498,6.560898303985596
8499,6.575904369354248
8500,6.6194844245910645
8501,6.639706134796143
8502,6.648042678833008
8503,6.684013843536377
8504,6.655387878417969
8505,6.6713104248046875
8506,6.713085651397705
8507,6.686881065368652
8508,6.717147350311279
8509,6.699953556060791
8510,6.70173454284668
8511,6.739469528198242
8512,6.7108941078186035
8513,6.695876121520996
8514,6.751123905181885
8515,6.719383239746094
8516,6.709537029266357
8517,6.68306827545166
8518,6.691111087799072
8519,6.709293842315674
8520,6.676067352294922
8521,6.692061424255371
8522,6.725339889526367
8523,6.688985824584961
8524,6.6453962326049805
8525,6.622529983520508
8526,6.619697570800781
8527,6.5966949462890625
8528,6.5839338302612305
8529,6.6340532302856445
8530,6.65955114364624
8531,6.668680191040039
8532,6.693281650543213
8533,6.713265895843506
8534,6.702606201171875
8535,6.697279453277588
8536,6.69157075881958
8537,6.663775444030762
8538,6.654435634613037
8539,6.6555938720703125
8540,6.652438640594482
8541,6.657388210296631
8542,6.656667232513428
8543,6.650694847106934
8544,6.655546188354492
8545,6.687973499298096
8546,6.6812615394592285
8547,6.681612014770508
8548,6.714030742645264
8549,6.711151599884033
8550,6.698081970214844
8551,6.673522472381592
8552,6.6452226638793945
8553,6.645893096923828
8554,6.632193565368652
8555,6.646225929260254
8556,6.675631523132324
8557,6.688516616821289
8558,6.658801555633545
8559,6.669338703155518
8560,6.652931213378906
8561,6.585339069366455
8562,6.579364776611328
8563,6.573875904083252
8564,6.5709428787231445
8565,6.547214984893799
8566,6.526798725128174
8567,6.4994683265686035
8568,6.5138630867004395
8569,6.513929843902588
8570,6.525245666503906
8571,6.501309394836426
8572,6.51700496673584
8573,6.520402908325195
8574,6.551314830780029
8575,6.587652683258057
8576,6.60985803604126
8577,6.601375579833984
8578,6.602323532104492
8579,6.60906457901001
8580,6.620817184448242
8581,6.591410160064697
8582,6.575015068054199
8583,6.615971565246582
8584,6.56245231628418
8585,6.5594868659973145
8586,6.559219837188721
8587,6.539915084838867
8588,6.534405708312988
8589,6.525888442993164
8590,6.520803928375244
8591,6.528308868408203
8592,6.551636695861816
8593,6.561407566070557
8594,6.568961143493652
8595,6.580813407897949
8596,6.5968241691589355
8597,6.584845066070557
8598,6.598810195922852
8599,6.6307053565979
8600,6.6277756690979
8601,6.619471073150635
8602,6.603255748748779
8603,6.617177486419678
8604,6.640343189239502
8605,6.636736869812012
8606,6.651350021362305
8607,6.6318440437316895
8608,6.618555545806885
8609,6.61099910736084
8610,6.619165420532227
8611,6.601912975311279
8612,6.610428333282471
8613,6.539326190948486
8614,6.527615070343018
8615,6.50008487701416
8616,6.50547456741333
8617,6.52687406539917
8618,6.5225067138671875
8619,6.598888397216797
8620,6.565087795257568
8621,6.586952209472656
8622,6.583528995513916
8623,6.60023832321167
8624,6.631349563598633
8625,6.588445663452148
8626,6.573850154876709
8627,6.606759548187256
8628,6.599008083343506
8629,6.605342864990234
8630,6.6120123863220215
8631,6.608298301696777
8632,6.618688583374023
8633,6.620863437652588
8634,6.617650508880615
8635,6.61181116104126
8636,6.628236770629883
8637,6.6458740234375
8638,6.674418926239014
8639,6.6898651123046875
8640,6.701577663421631
8641,6.702201843261719
8642,6.708370208740234
8643,6.665525436401367
8644,6.639429092407227
8645,6.643846035003662
8646,6.582369804382324
8647,6.5450663566589355
8648,6.532648086547852
8649,6.5403571128845215
8650,6.573295593261719
8651,6.571566581726074
8652,6.5731730461120605
8653,6.603248596191406
8654,6.562723636627197
8655,6.551116943359375
8656,6.54439115524292
8657,6.534734725952148
8658,6.53493070602417
8659,6.514714241027832
8660,6.493886947631836
8661,6.483649730682373
8662,6.496612071990967
8663,6.492049694061279
8664,6.528932094573975
8665,6.531858921051025
8666,6.558001518249512
8667,6.5877814292907715
8668,6.5581254959106445
8669,6.537776947021484
8670,6.55657958984375
8671,6.548537731170654
8672,6.521627426147461
8673,6.581325054168701
8674,6.472100257873535
8675,6.470191955566406
8676,6.479828357696533
8677,6.474476337432861
8678,6.505868911743164
8679,6.520059108734131
8680,6.561660289764404
8681,6.58139705657959
8682,6.600988388061523
8683,6.6524553298950195
8684,6.677757740020752
8685,6.705401420593262
8686,6.717076301574707
8687,6.70189905166626
8688,6.700268268585205
8689,6.639640808105469
8690,6.626547813415527
8691,6.624109745025635
8692,6.640148162841797
8693,6.620406150817871
8694,6.576878070831299
8695,6.573688983917236
8696,6.548372745513916
8697,6.569328308105469
8698,6.6048502922058105
8699,6.601864814758301
8700,6.54306173324585
8701,6.544344902038574
8702,6.511948108673096
8703,6.51129150390625
8704,6.507362365722656
8705,6.50177526473999
8706,6.49710750579834
8707,6.524259090423584
8708,6.526274681091309
8709,6.528632640838623
8710,6.6111602783203125
8711,6.550484657287598
8712,6.588686466217041
8713,6.583707809448242
8714,6.6294684410095215
8715,6.632772445678711
8716,6.622641563415527
8717,6.6591877937316895
8718,6.6451520919799805
8719,6.610949516296387
8720,6.601870059967041
8721,6.578874111175537
8722,6.5403571128845215
8723,6.518693447113037
8724,6.604942321777344
8725,6.568356037139893
8726,6.546284198760986
8727,6.558426856994629
8728,6.518951416015625
8729,6.507120132446289
8730,6.488197326660156
8731,6.486811637878418
8732,6.480834007263184
8733,6.527215003967285
8734,6.509782791137695
8735,6.5724616050720215
8736,6.50602388381958
8737,6.4801411628723145
8738,6.510361194610596
8739,6.509157180786133
8740,6.55251932144165
8741,6.550557613372803
8742,6.571688652038574
8743,6.566292762756348
8744,6.497498989105225
8745,6.603684425354004
8746,6.564451694488525
8747,6.547685146331787
8748,6.590984344482422
8749,6.544139385223389
8750,6.545139312744141
8751,6.561789035797119
8752,6.568489074707031
8753,6.549135208129883
8754,6.541543006896973
8755,6.552323818206787
8756,6.55010461807251
8757,6.546974182128906
8758,6.633261203765869
8759,6.617332458496094
8760,6.602248191833496
8761,6.601988315582275
8762,6.607236385345459
8763,6.586695671081543
8764,6.60693883895874
8765,6.508285999298096
8766,6.562770843505859
8767,6.472163200378418
8768,6.46917724609375
8769,6.477311134338379
8770,6.47551155090332
8771,6.4684295654296875
8772,6.4777607917785645
8773,6.509352684020996
8774,6.548807144165039
8775,6.577622413635254
8776,6.590643882751465
8777,6.579153060913086
8778,6.577702045440674
8779,6.583321571350098
8780,6.597724437713623
8781,6.601256370544434
8782,6.593618392944336
8783,6.605419158935547
8784,6.6301655769348145
8785,6.621882915496826
8786,6.597278594970703
8787,6.581448078155518
8788,6.583799839019775
8789,6.565873622894287
8790,6.561110019683838
8791,6.584405422210693
8792,6.6568217277526855
8793,6.563883304595947
8794,6.635012149810791
8795,6.552448272705078
8796,6.612062931060791
8797,6.504806995391846
8798,6.505783557891846
8799,6.506770610809326
8800,6.488090991973877
8801,6.466401100158691
8802,6.5086669921875
8803,6.486546993255615
8804,6.466619968414307
8805,6.439911365509033
8806,6.439479351043701
8807,6.444955825805664
8808,6.483368873596191
8809,6.481581687927246
8810,6.502739429473877
8811,6.486032009124756
8812,6.512658596038818
8813,6.523551940917969
8814,6.549569606781006
8815,6.548892021179199
8816,6.568571090698242
8817,6.599603652954102
8818,6.630947113037109
8819,6.679769515991211
8820,6.629179000854492
8821,6.628841400146484
8822,6.6471266746521
8823,6.656640529632568
8824,6.587954998016357
8825,6.561964511871338
8826,6.585999488830566
8827,6.582244396209717
8828,6.556290626525879
8829,6.537846088409424
8830,6.534481048583984
8831,6.506149768829346
8832,6.495349407196045
8833,6.519101142883301
8834,6.544147491455078
8835,6.543962001800537
8836,6.576425075531006
8837,6.643354415893555
8838,6.668297290802002
8839,6.754924297332764
8840,6.7768659591674805
8841,6.742555141448975
8842,5.7415971755981445
8843,5.730574131011963
8844,5.729979038238525
8845,5.730819225311279
8846,5.752099990844727
8847,5.768311023712158
8848,5.798234462738037
8849,5.817822456359863
8850,5.816810607910156
8851,5.808220863342285
8852,5.782679557800293
8853,5.779387950897217
8854,5.7807769775390625
8855,5.811744689941406
8856,5.756050109863281
8857,5.747591495513916
8858,5.723875045776367
8859,5.71249532699585
8860,5.700857639312744
8861,5.728738307952881
8862,5.7534708976745605
8863,5.727734565734863
8864,5.709921360015869
8865,5.722672939300537
8866,5.774437427520752
8867,5.797417163848877
8868,5.781271934509277
8869,5.756657600402832
8870,5.7531561851501465
8871,5.733457565307617
8872,5.768925189971924
8873,5.810649871826172
8874,5.77998685836792
8875,5.732990264892578
8876,5.684157371520996
8877,5.714674949645996
8878,5.718653202056885
8879,5.714971542358398
8880,5.694302082061768
8881,5.667211532592773
8882,5.665918350219727
8883,5.646292209625244
8884,5.66763162612915
8885,5.671006679534912
8886,5.668802261352539
8887,5.668070316314697
8888,5.645962715148926
8889,5.653663158416748
8890,5.669693470001221
8891,5.7097063064575195
8892,5.7227702140808105
8893,5.780866622924805
8894,5.826111793518066
8895,5.831908226013184
8896,5.834004878997803
8897,5.80544376373291
8898,5.787393569946289
8899,5.760138988494873
8900,5.743443012237549
8901,5.686196804046631
8902,5.663623332977295
8903,5.6568217277526855
8904,5.655384063720703
8905,5.66151762008667
8906,5.6531243324279785
8907,5.707936763763428
8908,5.6937971115112305
8909,5.690947532653809
8910,5.71121883392334
8911,5.756685733795166
8912,5.7021565437316895
8913,5.724795818328857
8914,5.715179443359375
8915,5.731766223907471
8916,5.724105358123779
8917,5.714198589324951
8918,5.715518951416016
8919,5.711668014526367
8920,5.707945346832275
8921,5.706219673156738
8922,5.71475076675415
8923,5.710350036621094
8924,5.724976539611816
8925,5.75250768661499
8926,5.746764183044434
8927,5.756154537200928
8928,5.78127908706665
8929,5.767119884490967
8930,5.709036350250244
8931,5.709756851196289
8932,5.667840957641602
8933,6.672817230224609
8934,5.666803359985352
8935,5.667333126068115
8936,5.695506572723389
8937,5.701438903808594
8938,5.703671455383301
8939,5.692624092102051
8940,6.206720352172852
8941,6.558603286743164
8942,6.266912460327148
8943,5.922375679016113
8944,5.61653995513916
8945,6.551837921142578
8946,6.181082725524902
8947,5.63218355178833
8948,6.523223876953125
8949,5.816262245178223
8950,6.486917972564697
8951,6.558823108673096
8952,6.521775245666504
8953,6.595308780670166
8954,6.535409927368164
8955,5.637802600860596
8956,6.285968780517578
8957,5.642044544219971
8958,6.313539505004883
8959,6.4936652183532715
8960,6.362162113189697
8961,6.498498439788818
8962,6.511317729949951
8963,6.501379489898682
8964,6.590455532073975
8965,6.494658470153809
8966,6.478942394256592
8967,6.502315998077393
8968,6.444127082824707
8969,6.53593111038208
8970,6.542930603027344
8971,6.595180034637451
8972,6.520573139190674
8973,6.59919548034668
8974,6.600268840789795
8975,6.536767482757568
8976,6.5229949951171875
8977,6.51312780380249
8978,6.503737449645996
8979,6.573486804962158
8980,6.501513481140137
8981,6.4861273765563965
8982,6.495671272277832
8983,6.514110565185547
8984,6.516994476318359
8985,6.541036605834961
8986,6.55173397064209
8987,6.580392837524414
8988,6.565916538238525
8989,6.5724616050720215
8990,6.559088706970215
8991,6.548531532287598
8992,6.556140899658203
8993,6.584717750549316
8994,6.538295269012451
8995,6.559240341186523
8996,6.533745288848877
8997,6.5231614112854
8998,6.523760795593262
8999,6.534245491027832
9000,6.59193229675293
9001,6.590569972991943
9002,6.624205589294434
9003,6.623661518096924
9004,6.621399402618408
9005,6.6847333908081055
9006,6.575137138366699
9007,6.676842212677002
9008,6.5889573097229
9009,6.605806827545166
9010,6.568421363830566
9011,6.505595684051514
9012,6.5707292556762695
9013,6.474087238311768
9014,6.492849826812744
9015,6.5238871574401855
9016,6.5666046142578125
9017,6.61561393737793
9018,6.6322526931762695
9019,6.625345706939697
9020,6.703452110290527
9021,6.708226680755615
9022,6.667126655578613
9023,6.658349514007568
9024,6.635455131530762
9025,6.599747657775879
9026,6.588120937347412
9027,6.55327844619751
9028,6.519376754760742
9029,6.517303943634033
9030,6.487114906311035
9031,6.4746270179748535
9032,6.4867472648620605
9033,6.478213787078857
9034,6.4737935066223145
9035,6.466126918792725
9036,6.456038475036621
9037,6.574200630187988
9038,6.516339302062988
9039,6.564184665679932
9040,6.480973720550537
9041,6.5392351150512695
9042,6.5650506019592285
9043,6.574192523956299
9044,6.5689592361450195
9045,6.581645965576172
9046,6.597740650177002
9047,6.587903022766113
9048,6.629124164581299
9049,6.609231472015381
9050,6.606822967529297
9051,6.592559814453125
9052,6.593161582946777
9053,6.571528434753418
9054,6.585035800933838
9055,6.566958427429199
9056,6.575051307678223
9057,6.565766334533691
9058,6.541723728179932
9059,6.556649684906006
9060,6.5584330558776855
9061,6.611999988555908
9062,6.601181507110596
9063,6.599337100982666
9064,6.5940752029418945
9065,6.646700859069824
9066,6.580881595611572
9067,6.582513332366943
9068,6.666820049285889
9069,6.6431779861450195
9070,6.583011150360107
9071,6.539793491363525
9072,6.548144817352295
9073,6.524789810180664
9074,6.529855728149414
9075,6.553865432739258
9076,6.557140350341797
9077,6.563661575317383
9078,6.557039260864258
9079,6.575210094451904
9080,6.5551347732543945
9081,6.5476508140563965
9082,6.531264305114746
9083,6.533543586730957
9084,6.560034275054932
9085,6.554287433624268
9086,6.546791076660156
9087,6.527892112731934
9088,6.47935676574707
9089,6.483088970184326
9090,6.555931091308594
9091,6.484551429748535
9092,6.462302207946777
9093,6.4729695320129395
9094,6.4604291915893555
9095,6.437315464019775
9096,6.4405837059021
9097,6.440238952636719
9098,6.428605079650879
9099,6.413964748382568
9100,6.42787504196167
9101,6.404581069946289
9102,6.409945487976074
9103,6.43200159072876
9104,6.452676773071289
9105,6.463469505310059
9106,6.451328754425049
9107,6.534378528594971
9108,6.572158336639404
9109,6.619661808013916
9110,6.630187034606934
9111,6.643235683441162
9112,6.670268535614014
9113,6.715037822723389
9114,6.7169084548950195
9115,6.743878364562988
9116,6.740078449249268
9117,6.686151504516602
9118,6.657620906829834
9119,6.6235785484313965
9120,6.588935852050781
9121,6.603215217590332
9122,6.56165885925293
9123,6.534167766571045
9124,6.547268867492676
9125,6.5680670738220215
9126,6.63087797164917
9127,6.627777099609375
9128,6.627477169036865
9129,6.636179447174072
9130,6.60835075378418
9131,6.596449375152588
9132,6.5470075607299805
9133,6.5292463302612305
9134,6.509832382202148
9135,6.462554931640625
9136,6.475380897521973
9137,6.485204696655273
9138,6.505526542663574
9139,6.517032146453857
9140,6.5307297706604
9141,6.580987453460693
9142,6.578591823577881
9143,6.611084461212158
9144,6.6562676429748535
9145,6.691638469696045
9146,6.685826301574707
9147,6.697208404541016
9148,6.66001033782959
9149,6.620779037475586
9150,6.576090335845947
9151,6.571019649505615
9152,6.5573320388793945
9153,6.548439979553223
9154,6.545645236968994
9155,6.536520957946777
9156,6.5461931228637695
9157,6.552588939666748
9158,6.565745830535889
9159,6.594583988189697
9160,6.540890693664551
9161,6.507513523101807
9162,6.460669994354248
9163,6.466010093688965
9164,6.473767280578613
9165,6.493679523468018
9166,6.504313945770264
9167,6.5216383934021
9168,6.525142669677734
9169,6.543011665344238
9170,6.5290422439575195
9171,6.547935962677002
9172,6.5823187828063965
9173,6.630340576171875
9174,6.632960319519043
9175,6.647526264190674
9176,6.638967990875244
9177,6.632409572601318
9178,6.637230396270752
9179,6.602356910705566
9180,6.594334602355957
9181,6.549824237823486
9182,6.552375316619873
9183,6.539226055145264
9184,6.551823616027832
9185,6.551370143890381
9186,6.55448579788208
9187,6.611321926116943
9188,6.640690326690674
9189,6.676072597503662
9190,6.6767683029174805
9191,6.665098190307617
9192,6.668784141540527
9193,6.7135910987854
9194,6.643056392669678
9195,6.637685298919678
9196,6.592074871063232
9197,6.568016529083252
9198,6.5314764976501465
9199,6.4537506103515625
9200,6.491166114807129
9201,6.486221790313721
9202,6.473168849945068
9203,6.461994171142578
9204,6.489167213439941
9205,6.496099472045898
9206,6.5048298835754395
9207,6.527802467346191
9208,6.547190189361572
9209,6.660665035247803
9210,6.571548938751221
9211,6.555571556091309
9212,6.5628862380981445
9213,6.65276575088501
9214,6.547627925872803
9215,6.544704437255859
9216,6.539209365844727
9217,6.536365985870361
9218,6.5674614906311035
9219,6.5747551918029785
9220,6.574404716491699
9221,6.592031955718994
9222,6.584658622741699
9223,6.5976080894470215
9224,6.634147644042969
9225,6.549392223358154
9226,6.515928268432617
9227,6.508370399475098
9228,6.481517314910889
9229,6.4602837562561035
9230,6.479968070983887
9231,6.457489490509033
9232,6.469143390655518
9233,6.489770889282227
9234,6.522725582122803
9235,6.574795722961426
9236,6.650090217590332
9237,6.687951564788818
9238,6.682405948638916
9239,6.675069808959961
9240,6.678949356079102
9241,6.609009265899658
9242,6.600427627563477
9243,6.547311782836914
9244,6.527873516082764
9245,6.522251129150391
9246,6.4863362312316895
9247,6.4983673095703125
9248,6.495796203613281
9249,6.509317398071289
9250,6.527784824371338
9251,6.546519756317139
9252,6.551026821136475
9253,6.533743381500244
9254,6.5607218742370605
9255,6.599077224731445
9256,6.568861484527588
9257,6.556776523590088
9258,6.531949520111084
9259,6.499131679534912
9260,6.5032501220703125
9261,6.503947734832764
9262,6.493703365325928
9263,6.510386943817139
9264,6.50335168838501
9265,6.526000022888184
9266,6.460765838623047
9267,6.54499626159668
9268,6.542734622955322
9269,6.554240703582764
9270,6.546313285827637
9271,6.53685188293457
9272,6.531935691833496
9273,6.5233049392700195
9274,6.525333881378174
9275,6.520255088806152
9276,6.552361011505127
9277,6.519637107849121
9278,6.5157318115234375
9279,6.520566463470459
9280,6.555754661560059
9281,6.528670787811279
9282,6.511888027191162
9283,6.5120015144348145
9284,6.526057720184326
9285,6.531517505645752
9286,6.53891134262085
9287,6.57384729385376
9288,6.564517021179199
9289,6.56970739364624
9290,6.568637847900391
9291,6.5741424560546875
9292,6.557147979736328
9293,6.547792434692383
9294,6.5580878257751465
9295,6.562385559082031
9296,6.584669589996338
9297,6.586069107055664
9298,6.65391206741333
9299,6.556883811950684
9300,6.549534797668457
9301,6.542794227600098
9302,6.5201945304870605
9303,6.536349773406982
9304,6.528804302215576
9305,6.5251145362854
9306,6.498232841491699
9307,6.496344089508057
9308,6.484184265136719
9309,6.48134183883667
9310,6.506198406219482
9311,6.470243453979492
9312,6.478206157684326
9313,6.480541229248047
9314,6.4883575439453125
9315,6.48837423324585
9316,6.527047634124756
9317,6.612473487854004
9318,6.582949638366699
9319,6.599827289581299
9320,6.632391929626465
9321,6.654295921325684
9322,6.689328193664551
9323,6.6752190589904785
9324,6.628097057342529
9325,6.594402313232422
9326,6.585988998413086
9327,6.58595085144043
9328,6.572383880615234
9329,6.56550931930542
9330,6.587110996246338
9331,6.5511155128479
9332,6.554372787475586
9333,6.533674716949463
9334,6.516371250152588
9335,6.5047807693481445
9336,6.524405479431152
9337,6.528802394866943
9338,6.485712051391602
9339,6.488492012023926
9340,6.499577522277832
9341,6.5427751541137695
9342,6.542886734008789
9343,6.557289123535156
9344,6.585801124572754
9345,6.595020771026611
9346,6.613163948059082
9347,6.644885063171387
9348,6.7066826820373535
9349,6.654341220855713
9350,6.623409748077393
9351,6.549270153045654
9352,6.552982330322266
9353,6.524672985076904
9354,6.478828430175781
9355,6.466970443725586
9356,6.496185779571533
9357,6.433512210845947
9358,6.416532516479492
9359,6.401009559631348
9360,6.38200569152832
9361,6.4089250564575195
9362,6.4144487380981445
9363,6.431793689727783
9364,6.458607196807861
9365,6.459317684173584
9366,6.460751533508301
9367,6.477335453033447
9368,6.4950127601623535
9369,6.470520496368408
9370,6.515500068664551
9371,6.498782157897949
9372,6.504347801208496
9373,6.552000045776367
9374,6.567617893218994
9375,6.557853698730469
9376,6.550877571105957
9377,6.579347133636475
9378,6.578476428985596
9379,6.627705097198486
9380,6.6134033203125
9381,6.616227149963379
9382,6.606724739074707
9383,6.600213527679443
9384,6.58230447769165
9385,6.5825347900390625
9386,6.5788164138793945
9387,6.592049598693848
9388,6.643280506134033
9389,6.59930419921875
9390,6.575479507446289
9391,6.586390495300293
9392,6.616650104522705
9393,6.617419242858887
9394,6.618317127227783
9395,6.658350467681885
9396,6.632527828216553
9397,6.616499900817871
9398,6.595395565032959
9399,6.599287509918213
9400,6.584989070892334
9401,6.553134441375732
9402,6.530697822570801
9403,6.518039226531982
9404,6.502002716064453
9405,6.520961761474609
9406,6.626849174499512
9407,6.634462356567383
9408,6.653942584991455
9409,6.65825080871582
9410,6.662345886230469
9411,6.695382118225098
9412,6.5971832275390625
9413,6.560070514678955
9414,6.569046497344971
9415,6.5761542320251465
9416,6.542037010192871
9417,6.519329071044922
9418,6.542837142944336
9419,6.605165004730225
9420,6.51809024810791
9421,6.54645299911499
9422,6.551017761230469
9423,6.605179786682129
9424,6.637552738189697
9425,6.648044109344482
9426,6.64419412612915
9427,6.637621879577637
9428,6.627089500427246
9429,6.632833003997803
9430,6.688673496246338
9431,6.669898509979248
9432,6.670919418334961
9433,6.640233516693115
9434,6.630892276763916
9435,6.625746250152588
9436,6.5951032638549805
9437,6.673650741577148
9438,6.701320648193359
9439,6.673195838928223
9440,6.64619255065918
9441,6.675168037414551
9442,6.658276081085205
9443,6.692115783691406
9444,6.667521953582764
9445,6.655818462371826
9446,6.6473236083984375
9447,6.646852970123291
9448,6.620058059692383
9449,6.645252704620361
9450,6.595724582672119
9451,6.608378887176514
9452,6.594213008880615
9453,6.689026355743408
9454,6.618400573730469
9455,6.5936102867126465
9456,6.576475143432617
9457,6.7084174156188965
9458,6.546870708465576
9459,6.522124290466309
9460,6.505199432373047
9461,6.51905632019043
9462,6.553705215454102
9463,6.558768272399902
9464,6.549892425537109
9465,6.535910606384277
9466,6.513962268829346
9467,6.552266597747803
9468,6.570853233337402
9469,6.592647552490234
9470,6.583917617797852
9471,6.578152179718018
9472,6.6329569816589355
9473,6.689405918121338
9474,6.705780506134033
9475,6.659311294555664
9476,6.6920084953308105
9477,6.584397792816162
9478,6.5992302894592285
9479,6.554013729095459
9480,6.493474006652832
9481,6.543212413787842
9482,6.52960729598999
9483,6.51267147064209
9484,6.532573699951172
9485,6.516844749450684
9486,6.529224872589111
9487,6.550007343292236
9488,6.57042932510376
9489,6.558164596557617
9490,6.562745094299316
9491,6.5532145500183105
9492,6.556995868682861
9493,6.582170009613037
9494,6.570875644683838
9495,6.58573579788208
9496,6.596959114074707
9497,6.641965389251709
9498,6.630166530609131
9499,6.620362758636475
9500,6.613923072814941
9501,6.5887274742126465
9502,6.5650434494018555
9503,6.553675174713135
9504,6.533441543579102
9505,6.532530307769775
9506,6.529954433441162
9507,6.555225372314453
9508,6.5618977546691895
9509,6.5850114822387695
9510,6.639247894287109
9511,6.686863899230957
9512,6.701320648193359
9513,6.653711318969727
9514,6.6641035079956055
9515,6.726271152496338
9516,6.747860908508301
9517,6.732509136199951
9518,6.756313323974609
9519,6.7635416984558105
9520,6.72846794128418
9521,6.709960460662842
9522,6.60975980758667
9523,6.539676666259766
9524,6.5753960609436035
9525,6.574258327484131
9526,6.5569963455200195
9527,6.567716121673584
9528,6.547094345092773
9529,6.602139949798584
9530,6.552499771118164
9531,6.551714897155762
9532,6.561333179473877
9533,6.560549259185791
9534,6.565896987915039
9535,6.548803329467773
9536,6.536985874176025
9537,6.533459663391113
9538,6.561036109924316
9539,6.559393882751465
9540,6.561127662658691
9541,6.52768611907959
9542,6.533009052276611
9543,6.500874042510986
9544,6.520326614379883
9545,6.5226969718933105
9546,6.509305000305176
9547,6.504015922546387
9548,6.508028507232666
9549,6.48085355758667
9550,6.464968204498291
9551,6.4314866065979
9552,6.44044828414917
9553,6.444268703460693
9554,6.475062847137451
9555,6.468057155609131
9556,6.431128025054932
9557,6.423932075500488
9558,6.418814659118652
9559,6.431150913238525
9560,6.440669059753418
9561,6.42124080657959
9562,6.421417713165283
9563,6.429938316345215
9564,6.422818183898926
9565,6.464351177215576
9566,6.507182598114014
9567,6.548121929168701
9568,6.518644332885742
9569,6.473474979400635
9570,6.471257209777832
9571,6.477402210235596
9572,6.477457046508789
9573,6.488353729248047
9574,6.5084123611450195
9575,6.509829998016357
9576,6.518027305603027
9577,6.521617412567139
9578,6.523150444030762
9579,6.553523063659668
9580,6.5874924659729
9581,6.62834358215332
9582,6.632328510284424
9583,6.6378631591796875
9584,6.626735210418701
9585,6.652150630950928
9586,6.666401386260986
9587,6.704118728637695
9588,6.671477317810059
9589,6.684952735900879
9590,6.67284631729126
9591,6.660819053649902
9592,6.633023262023926
9593,6.587823390960693
9594,6.646454334259033
9595,6.547055721282959
9596,6.523470878601074
9597,6.504925727844238
9598,6.48680305480957
9599,6.483911037445068
9600,6.461780071258545
9601,6.431563377380371
9602,6.44666862487793
9603,6.439952850341797
9604,6.454779624938965
9605,6.453089714050293
9606,6.575977325439453
9607,6.5160088539123535
9608,6.51262903213501
9609,6.60619592666626
9610,6.619805812835693
9611,6.600814342498779
9612,6.59844446182251
9613,6.595005035400391
9614,6.6022233963012695
9615,6.529725551605225
9616,6.524895191192627
9617,6.530861854553223
9618,6.531527519226074
9619,6.537084579467773
9620,6.555296421051025
9621,6.586102485656738
9622,6.571991920471191
9623,6.564802646636963
9624,6.57111120223999
9625,6.593992710113525
9626,6.666373252868652
9627,6.646153450012207
9628,6.558225631713867
9629,6.62331485748291
9630,6.592440128326416
9631,6.610448837280273
9632,6.576341152191162
9633,6.588454723358154
9634,6.598207473754883
9635,6.555267333984375
9636,6.539944648742676
9637,6.546285152435303
9638,6.566684722900391
9639,6.596874713897705
9640,6.652683258056641
9641,6.5597243309021
9642,6.565163612365723
9643,6.570676803588867
9644,6.572080135345459
9645,6.571184158325195
9646,6.595173358917236
9647,6.562746047973633
9648,6.597580432891846
9649,6.5909104347229
9650,6.60884952545166
9651,6.7495222091674805
9652,6.641595840454102
9653,6.646309852600098
9654,6.638476371765137
9655,6.663963794708252
9656,6.650410175323486
9657,6.6491241455078125
9658,6.6492438316345215
9659,6.637217998504639
9660,6.594094753265381
9661,6.583908557891846
9662,6.595798492431641
9663,6.656270980834961
9664,6.554581642150879
9665,6.545661449432373
9666,6.5052618980407715
9667,6.51163911819458
9668,6.515524864196777
9669,6.496927261352539
9670,6.49959135055542
9671,6.501410007476807
9672,6.526406764984131
9673,6.552848815917969
9674,6.564533233642578
9675,6.59072732925415
9676,6.638272762298584
9677,6.616724014282227
9678,6.646773338317871
9679,6.656166076660156
9680,6.636420249938965
9681,6.624203681945801
9682,6.612734317779541
9683,6.611184597015381
9684,6.604766368865967
9685,6.577966690063477
9686,6.543591022491455
9687,6.5334343910217285
9688,6.505843639373779
9689,6.485611438751221
9690,6.468029499053955
9691,6.435898780822754
9692,6.430354118347168
9693,6.4104390144348145
9694,6.446031093597412
9695,6.4699387550354
9696,6.4945173263549805
9697,6.543065547943115
9698,6.5057373046875
9699,6.4995269775390625
9700,6.513800621032715
9701,6.545473098754883
9702,6.553689479827881
9703,6.567647933959961
9704,6.566801071166992
9705,6.586520195007324
9706,6.60690975189209
9707,6.652061939239502
9708,6.645016670227051
9709,6.66201114654541
9710,6.683507919311523
9711,6.66399621963501
9712,6.6705780029296875
9713,6.676201820373535
9714,6.638235569000244
9715,6.669064998626709
9716,6.643719673156738
9717,6.611854553222656
9718,6.6169962882995605
9719,6.605854034423828
9720,6.595696926116943
9721,6.623867034912109
9722,6.61944055557251
9723,6.616239070892334
9724,6.602534770965576
9725,6.588652610778809
9726,6.570520877838135
9727,6.56194543838501
9728,6.552135467529297
9729,6.536674499511719
9730,6.551401138305664
9731,6.526544570922852
9732,6.472021102905273
9733,6.4607319831848145
9734,6.420844078063965
9735,6.407602310180664
9736,6.419107913970947
9737,6.442789554595947
9738,6.4362993240356445
9739,6.484545707702637
9740,6.580209732055664
9741,6.503145694732666
9742,6.523346900939941
9743,6.53687047958374
9744,6.552944183349609
9745,6.588061809539795
9746,6.602407932281494
9747,6.611771583557129
9748,6.628305912017822
9749,6.6607184410095215
9750,6.687881946563721
9751,6.660757064819336
9752,6.729903221130371
9753,6.596022605895996
9754,6.571420192718506
9755,6.566590309143066
9756,6.553993225097656
9757,6.569937705993652
9758,6.559297561645508
9759,6.545415878295898
9760,6.506826400756836
9761,6.528294086456299
9762,6.517002582550049
9763,6.486285209655762
9764,6.477427005767822
9765,6.495039939880371
9766,6.529947280883789
9767,6.532199382781982
9768,6.53120231628418
9769,6.511269569396973
9770,6.508697986602783
9771,6.519901752471924
9772,6.519672870635986
9773,6.555417537689209
9774,6.531335830688477
9775,6.53330135345459
9776,6.557431221008301
9777,6.567765235900879
9778,6.584738731384277
9779,6.637155055999756
9780,6.619930744171143
9781,6.62210750579834
9782,6.623353004455566
9783,6.608746528625488
9784,6.616494655609131
9785,6.633138656616211
9786,6.576743125915527
9787,6.576633453369141
9788,6.5822625160217285
9789,6.560161113739014
9790,6.5729289054870605
9791,6.5602922439575195
9792,6.57231330871582
9793,6.5707244873046875
9794,6.563096046447754
9795,6.5901007652282715
9796,6.594559669494629
9797,6.580847263336182
9798,6.5915961265563965
9799,6.6242523193359375
9800,6.608973503112793
9801,6.623440742492676
9802,6.588582515716553
9803,6.620309352874756
9804,6.628336429595947
9805,6.623250484466553
9806,6.617465496063232
9807,6.575179576873779
9808,6.588512420654297
9809,6.590920448303223
9810,6.597168922424316
9811,6.600128173828125
9812,6.5867018699646
9813,6.5904645919799805
9814,6.592931270599365
9815,6.625937461853027
9816,6.606024265289307
9817,6.602904319763184
9818,6.614902019500732
9819,6.577259540557861
9820,6.520752906799316
9821,6.49924898147583
9822,6.455348014831543
9823,6.41849422454834
9824,6.395480632781982
9825,6.364678382873535
9826,6.32591438293457
9827,6.310858249664307
9828,6.315382480621338
9829,6.347654819488525
9830,6.409421920776367
9831,6.367559432983398
9832,6.371122360229492
9833,6.3933281898498535
9834,6.40654993057251
9835,6.449378967285156
9836,6.501018047332764
9837,6.512226581573486
9838,6.50632381439209
9839,6.481131553649902
9840,6.490687370300293
9841,6.497723579406738
9842,6.486949443817139
9843,6.467213153839111
9844,6.480024337768555
9845,6.461996078491211
9846,6.46515417098999
9847,6.481890678405762
9848,6.467782020568848
9849,6.465465068817139
9850,6.462277889251709
9851,6.488922119140625
9852,6.501824378967285
9853,6.493659496307373
9854,6.514833450317383
9855,6.546648979187012
9856,6.527297019958496
9857,6.535848617553711
9858,6.550710201263428
9859,6.571161270141602
9860,6.59667444229126
9861,6.544932842254639
9862,6.5367817878723145
9863,6.535491943359375
9864,6.537907123565674
9865,6.522148132324219
9866,6.546935081481934
9867,6.561741352081299
9868,6.593201160430908
9869,6.635173797607422
9870,6.5446672439575195
9871,6.543824672698975
9872,6.495456695556641
9873,6.478509426116943
9874,6.459136009216309
9875,6.431512355804443
9876,6.443258285522461
9877,6.4261674880981445
9878,6.4421820640563965
9879,6.470803260803223
9880,6.494007110595703
9881,6.522331237792969
9882,6.559726238250732
9883,6.617760181427002
9884,6.600734233856201
9885,6.586160182952881
9886,6.598610877990723
9887,6.580739974975586
9888,6.581340312957764
9889,6.571157932281494
9890,6.560330390930176
9891,6.545598983764648
9892,6.563600540161133
9893,6.569867134094238
9894,6.56680154800415
9895,6.574268341064453
9896,6.547923564910889
9897,6.560576438903809
9898,6.556323528289795
9899,6.572876930236816
9900,6.5962042808532715
9901,6.617323398590088
9902,6.613170623779297
9903,6.607028007507324
9904,6.6157145500183105
9905,6.583676815032959
9906,6.586753845214844
9907,6.594554424285889
9908,6.564877510070801
9909,6.541419506072998
9910,6.551723480224609
9911,6.571547985076904
9912,6.559843063354492
9913,6.562072277069092
9914,6.5655517578125
9915,6.559286117553711
9916,6.5912766456604
9917,6.624273300170898
9918,6.655813694000244
9919,6.6405415534973145
9920,6.646707057952881
9921,6.660364151000977
9922,6.618381023406982
9923,6.641096591949463
9924,6.623236179351807
9925,6.603640079498291
9926,6.584338188171387
9927,6.5645294189453125
9928,6.535107612609863
9929,6.524604320526123
9930,6.509282112121582
9931,6.484371662139893
9932,6.469467639923096
9933,6.451440334320068
9934,6.461221218109131
9935,6.455261707305908
9936,6.491562366485596
9937,6.505541801452637
9938,6.599851131439209
9939,6.557770252227783
9940,6.6658616065979
9941,6.5803632736206055
9942,6.545319080352783
9943,6.530894756317139
9944,6.511862277984619
9945,6.486419200897217
9946,6.509882926940918
9947,6.497818470001221
9948,6.525237083435059
9949,6.547205924987793
9950,6.568428993225098
9951,6.634737968444824
9952,6.622603416442871
9953,6.635545253753662
9954,6.624424934387207
9955,6.602718353271484
9956,6.624905109405518
9957,6.636927604675293
9958,6.600480556488037
9959,6.586941719055176
9960,6.581445693969727
9961,6.602333068847656
9962,6.609852313995361
9963,6.620884418487549
9964,6.64264440536499
9965,6.657425880432129
9966,6.615180492401123
9967,6.618978500366211
9968,6.598362922668457
9969,6.591944694519043
9970,6.605605602264404
9971,6.576026916503906
9972,6.543694972991943
9973,6.540006160736084
9974,6.5310378074646
9975,6.5407185554504395
9976,6.526926040649414
9977,6.50632905960083
9978,6.529151439666748
9979,6.545623779296875
9980,6.5380330085754395
9981,6.560450553894043
9982,6.5642619132995605
9983,6.612257480621338
9984,6.563395023345947
9985,6.568981170654297
9986,6.586926460266113
9987,6.635653972625732
9988,6.6115851402282715
9989,6.615903377532959
9990,6.652225017547607
9991,6.638607025146484
9992,6.650566101074219
9993,6.678380489349365
9994,6.655367851257324
9995,6.649593830108643
9996,6.637237071990967
9997,6.6347527503967285
9998,6.605467319488525
9999,6.606672763824463
