Step,Value
1,6.237637996673584
2,3.1191024780273438
3,3.158006429672241
4,2.256920337677002
5,2.860163450241089
6,5.2596588134765625
7,3.1841163635253906
8,2.272240400314331
9,6.090545654296875
10,5.3134002685546875
11,6.1119160652160645
12,6.172644138336182
13,5.681610107421875
14,2.7662951946258545
15,3.001781702041626
16,7.13523530960083
17,5.300034999847412
18,5.395728588104248
19,5.699096202850342
20,7.015738487243652
21,7.3228559494018555
22,2.2410786151885986
23,2.774965763092041
24,5.330681324005127
25,5.315765380859375
26,5.318090915679932
27,5.658782958984375
28,6.898766994476318
29,5.339027404785156
30,7.235409736633301
31,5.447202682495117
32,3.1497256755828857
33,6.037245273590088
34,3.1166763305664062
35,4.5447540283203125
36,2.2809910774230957
37,2.245208740234375
38,6.195610523223877
39,2.7488136291503906
40,5.524480819702148
41,4.780595302581787
42,2.8175671100616455
43,5.255082607269287
44,5.32826042175293
45,3.1263675689697266
46,6.109906196594238
47,2.8084263801574707
48,7.13184928894043
49,3.171616315841675
50,2.7594969272613525
51,5.262335300445557
52,2.764906167984009
53,6.088131427764893
54,4.964145660400391
55,6.145298004150391
56,2.279269218444824
57,5.99179220199585
58,5.144801616668701
59,5.711697101593018
60,7.260028839111328
61,3.1457037925720215
62,4.770780086517334
63,2.2865893840789795
64,5.514559745788574
65,5.2996416091918945
66,4.778729438781738
67,2.269320487976074
68,2.2744007110595703
69,5.244462490081787
70,4.448598861694336
71,5.180508613586426
72,5.316591739654541
73,6.234511375427246
74,5.327282905578613
75,7.278487682342529
76,7.138428688049316
77,7.175394058227539
78,6.048366069793701
79,6.2064971923828125
80,5.111073970794678
81,3.126314163208008
82,2.4294941425323486
83,2.794586181640625
84,3.131988286972046
85,3.0389342308044434
86,7.057634353637695
87,5.317808151245117
88,7.241206645965576
89,2.720468759536743
90,5.520788669586182
91,6.20416259765625
92,6.934535503387451
93,7.271186351776123
94,2.76765513420105
95,2.7651166915893555
96,3.1189301013946533
97,3.1658377647399902
98,5.316409111022949
99,3.1149983406066895
100,2.2489800453186035
101,5.227731227874756
102,3.098716974258423
103,5.286397933959961
104,3.142733097076416
105,3.1448862552642822
106,5.313766002655029
107,5.62574577331543
108,5.319608688354492
109,5.596452713012695
110,5.214676856994629
111,2.761012077331543
112,2.6900014877319336
113,2.762974739074707
114,5.271538734436035
115,6.1922783851623535
116,5.695928573608398
117,5.08348274230957
118,4.613981246948242
119,5.350720405578613
120,5.584202766418457
121,7.254995346069336
122,5.362476825714111
123,5.339385032653809
124,4.757445812225342
125,7.331123352050781
126,7.270498752593994
127,6.951969623565674
128,7.337267875671387
129,7.346489429473877
130,7.318557262420654
131,7.3019633293151855
132,7.287869453430176
133,6.264204502105713
134,5.4497175216674805
135,7.377728462219238
136,7.302696228027344
137,7.309197425842285
138,7.2742156982421875
139,7.291626930236816
140,7.288543701171875
141,7.288310527801514
142,7.312356472015381
143,6.245621681213379
144,7.352840423583984
145,7.297038555145264
146,7.313508987426758
147,7.309551239013672
148,7.250603675842285
149,7.327727794647217
150,7.228603363037109
151,7.302121639251709
152,7.340750217437744
153,7.295701503753662
154,7.310734272003174
155,7.30120325088501
156,7.279062747955322
157,6.34199857711792
158,6.63790225982666
159,7.328354358673096
160,7.2720465660095215
161,7.325567722320557
162,7.342973709106445
163,7.288229942321777
164,7.28831672668457
165,7.271948337554932
166,7.323504447937012
167,7.292289733886719
168,7.303415775299072
169,7.297663688659668
170,7.297638893127441
171,7.31485652923584
172,7.3131537437438965
173,7.155055046081543
174,7.291603088378906
175,7.315836429595947
176,7.331526279449463
177,7.327338695526123
178,7.2938232421875
179,7.311985015869141
180,7.258995056152344
181,7.3130316734313965
182,7.317320346832275
183,7.319060802459717
184,7.3261332511901855
185,7.341233253479004
186,7.305022239685059
187,7.28462028503418
188,7.307256698608398
189,7.30504846572876
190,7.285085678100586
191,7.327865123748779
192,7.318519115447998
193,7.282145023345947
194,7.278965473175049
195,7.306468963623047
196,7.3419108390808105
197,7.275071620941162
198,7.315748691558838
199,7.310052394866943
200,7.308488368988037
201,7.3153300285339355
202,7.284674644470215
203,7.349881172180176
204,7.291342735290527
205,7.338696479797363
206,7.333534240722656
207,7.299734592437744
208,7.330604076385498
209,7.248281955718994
210,7.274472236633301
211,7.2919440269470215
212,7.320014476776123
213,7.257375240325928
214,7.321883201599121
215,7.297125339508057
216,7.273352146148682
217,7.281063556671143
218,7.28789758682251
219,7.292781829833984
220,7.3303632736206055
221,7.330904483795166
222,7.325118541717529
223,7.302762985229492
224,7.328709125518799
225,7.337395191192627
226,7.3036208152771
227,7.32410192489624
228,7.294051647186279
229,7.325146198272705
230,7.353109836578369
231,7.261012554168701
232,7.325158596038818
233,7.330361843109131
234,7.350249767303467
235,7.2382917404174805
236,6.4652533531188965
237,7.30091667175293
238,7.307034969329834
239,7.326650619506836
240,7.294360160827637
241,7.2909135818481445
242,7.317197322845459
243,7.327755451202393
244,7.304842472076416
245,7.2901105880737305
246,7.282293796539307
247,7.312901973724365
248,7.293618202209473
249,7.231307506561279
250,7.3006110191345215
251,7.2843828201293945
252,7.291116714477539
253,7.283400058746338
254,7.278519153594971
255,6.699587345123291
256,7.3226470947265625
257,7.311285972595215
258,7.32982063293457
259,7.308929443359375
260,7.292457103729248
261,7.333125114440918
262,7.2947678565979
263,7.327409744262695
264,7.297887802124023
265,7.297974586486816
266,7.327024459838867
267,7.3322553634643555
268,7.299237251281738
269,7.308192253112793
270,7.313144683837891
271,7.299588680267334
272,7.334092617034912
273,7.32703971862793
274,7.286022186279297
275,7.299834251403809
276,7.3129096031188965
277,7.271107196807861
278,7.304201602935791
279,7.363332271575928
280,7.320644855499268
281,7.3338189125061035
282,7.2985968589782715
283,7.2567572593688965
284,7.294597148895264
285,7.278077602386475
286,7.293457984924316
287,7.257059097290039
288,7.3120598793029785
289,7.304559230804443
290,7.323497772216797
291,7.299595355987549
292,7.352171897888184
293,7.274661540985107
294,7.264769077301025
295,7.332976818084717
296,7.300685405731201
297,7.286677360534668
298,7.285086631774902
299,7.294909954071045
300,7.313361644744873
301,7.326352596282959
302,7.342963695526123
303,7.243597030639648
304,7.33927059173584
305,7.297824859619141
306,7.338209629058838
307,7.302031993865967
308,7.314292907714844
309,7.265388011932373
310,7.279613018035889
311,7.284787178039551
312,7.309642791748047
313,7.312539100646973
314,7.283234596252441
315,7.277385711669922
316,7.335050106048584
317,7.295897483825684
318,7.279726505279541
319,7.296429634094238
320,7.278493881225586
321,7.319052696228027
322,7.351071834564209
323,7.286767482757568
324,7.314408779144287
325,7.323066711425781
326,7.330291271209717
327,7.332423210144043
328,7.321278095245361
329,7.337020397186279
330,7.331913948059082
331,7.30847692489624
332,7.261871814727783
333,7.3177618980407715
334,7.299989223480225
335,7.371779918670654
336,7.316848278045654
337,7.312510013580322
338,7.325845718383789
339,7.325183868408203
340,7.257298469543457
341,7.335327625274658
342,7.251562595367432
343,7.326623916625977
344,7.319395542144775
345,7.290395259857178
346,7.315096378326416
347,7.3125128746032715
348,7.323526859283447
349,7.338714122772217
350,7.317346572875977
351,7.300354957580566
352,7.291411399841309
353,7.3345046043396
354,7.32555627822876
355,7.308779716491699
356,7.305442810058594
357,7.269927501678467
358,7.283936977386475
359,7.32842493057251
360,7.269611358642578
361,7.272568702697754
362,7.312178134918213
363,7.276986122131348
364,7.265425205230713
365,7.31174898147583
366,7.313572883605957
367,7.305164813995361
368,7.339451789855957
369,7.347543716430664
370,7.31526517868042
371,7.299441814422607
372,7.259424686431885
373,7.285367965698242
374,7.326962471008301
375,7.310934066772461
376,7.3155717849731445
377,7.316092491149902
378,7.2160964012146
379,7.334494113922119
380,7.296557426452637
381,7.2868332862854
382,7.29280948638916
383,7.280982494354248
384,7.289478778839111
385,7.3275041580200195
386,7.295391082763672
387,7.334505081176758
388,7.30618953704834
389,7.331684589385986
390,7.302225112915039
391,7.336353302001953
392,7.303066730499268
393,7.314126014709473
394,7.289464950561523
395,7.315764904022217
396,7.328120708465576
397,7.303418159484863
398,7.294536113739014
399,7.30520486831665
400,7.305583953857422
401,7.28511905670166
402,7.311392784118652
403,7.283725738525391
404,7.321885585784912
405,7.3184356689453125
406,7.308133125305176
407,7.306950569152832
408,7.319514751434326
409,7.313626766204834
410,7.306651592254639
411,7.2831645011901855
412,7.364461421966553
413,7.29723596572876
414,7.375762462615967
415,7.3178229331970215
416,7.335153579711914
417,7.339231014251709
418,7.261488437652588
419,7.3619914054870605
420,7.290175437927246
421,7.308075904846191
422,7.268936634063721
423,7.270942211151123
424,7.320760726928711
425,7.324338912963867
426,7.295528411865234
427,7.299073219299316
428,7.284862041473389
429,7.332551002502441
430,7.282800197601318
431,7.294823169708252
432,7.319691181182861
433,7.277191162109375
434,7.330787181854248
435,7.309743404388428
436,7.328863620758057
437,7.320870399475098
438,7.278101921081543
439,7.312633991241455
440,7.360206127166748
441,7.336078643798828
442,7.308380126953125
443,5.728933811187744
444,6.365686893463135
445,7.299174785614014
446,7.320456027984619
447,7.289706230163574
448,7.27326774597168
449,7.326472759246826
450,7.276265621185303
451,7.31357479095459
452,7.259812831878662
453,7.306639671325684
454,7.211752414703369
455,7.263708591461182
456,7.352462291717529
457,7.275053024291992
458,7.29860782623291
459,7.309325695037842
460,7.292995452880859
461,7.283369064331055
462,7.309013366699219
463,7.285598278045654
464,7.336686134338379
465,7.3184123039245605
466,7.343893051147461
467,7.315100193023682
468,7.29335355758667
469,7.312268257141113
470,7.326601505279541
471,7.288789749145508
472,7.286705493927002
473,7.306457996368408
474,7.2863993644714355
475,7.305518627166748
476,7.244899272918701
477,7.279749393463135
478,7.339829444885254
479,7.307897090911865
480,7.286504745483398
481,7.254143714904785
482,7.285616874694824
483,7.3421630859375
484,7.334646701812744
485,7.3190507888793945
486,7.298081398010254
487,7.31608772277832
488,7.283764839172363
489,7.29367208480835
490,7.306342601776123
491,7.306221961975098
492,7.302903652191162
493,7.3159260749816895
494,7.283499717712402
495,7.301240921020508
496,7.289333343505859
497,7.293951034545898
498,7.313103675842285
499,7.331167221069336
500,7.30441951751709
501,7.32167911529541
502,7.318652153015137
503,7.328754901885986
504,7.351380825042725
505,7.334341526031494
506,7.322782516479492
507,7.319652557373047
508,7.275087356567383
509,7.328794956207275
510,7.322043418884277
511,7.299107551574707
512,7.287078857421875
513,7.286223888397217
514,7.30919885635376
515,7.3509907722473145
516,7.30778694152832
517,7.340255260467529
518,7.273852825164795
519,7.331789016723633
520,7.300271987915039
521,7.32133674621582
522,7.317836761474609
523,7.287369728088379
524,7.32670783996582
525,7.31135892868042
526,7.302652359008789
527,7.305144786834717
528,7.320223808288574
529,7.326112747192383
530,7.33016300201416
531,7.322679042816162
532,7.322792053222656
533,7.317310333251953
534,7.322981357574463
535,7.308034420013428
536,7.286542892456055
537,7.342068672180176
538,7.322657108306885
539,7.2798261642456055
540,7.290047645568848
541,7.316372871398926
542,7.303287982940674
543,7.2693328857421875
544,7.288038730621338
545,7.315332889556885
546,7.29373836517334
547,7.346102714538574
548,7.302145004272461
549,7.289499759674072
550,7.327394485473633
551,7.320710182189941
552,7.3193769454956055
553,7.334852695465088
554,7.2960052490234375
555,7.315617561340332
556,7.325035572052002
557,7.201073169708252
558,7.323957443237305
559,7.2964186668396
560,7.310014247894287
561,7.30800199508667
562,7.341244220733643
563,7.276080131530762
564,7.306901454925537
565,7.3030924797058105
566,7.327053070068359
567,7.3071112632751465
568,7.322497844696045
569,7.314352512359619
570,7.310595989227295
571,7.314844131469727
572,7.296057224273682
573,7.33336877822876
574,7.323840141296387
575,7.3318095207214355
576,7.326684474945068
577,7.305463790893555
578,7.29064416885376
579,7.24893856048584
580,7.297346115112305
581,7.269744873046875
582,7.329650402069092
583,7.335087776184082
584,7.356067180633545
585,7.2996954917907715
586,7.314401149749756
587,7.3423237800598145
588,7.289568901062012
589,7.3503217697143555
590,7.348472595214844
591,7.228416442871094
592,7.337066173553467
593,7.347310543060303
594,7.28985595703125
595,7.313187599182129
596,7.312745094299316
597,7.273886203765869
598,7.321943759918213
599,7.364654064178467
600,7.286014080047607
601,7.261265277862549
602,7.272759914398193
603,7.297119617462158
604,7.263706684112549
605,7.302191734313965
606,7.296422481536865
607,7.324987411499023
608,7.310707092285156
609,7.288856029510498
610,7.312493801116943
611,7.301393508911133
612,7.327123165130615
613,7.328483581542969
614,7.327714443206787
615,7.315891265869141
616,7.342747211456299
617,7.307777404785156
618,7.310508728027344
619,7.28453254699707
620,7.268435478210449
621,7.32646369934082
622,7.3114848136901855
623,7.334924697875977
624,7.297952651977539
625,7.312900066375732
626,7.308000564575195
627,7.298068523406982
628,7.334611892700195
629,7.30518913269043
630,7.326279163360596
631,7.300650119781494
632,7.3182196617126465
633,7.3342132568359375
634,7.29497766494751
635,7.264155387878418
636,7.320926666259766
637,7.281965732574463
638,7.252254962921143
639,7.324913024902344
640,7.301879405975342
641,7.323741436004639
642,7.285369396209717
643,7.3021721839904785
644,7.3048095703125
645,7.314223766326904
646,7.3049163818359375
647,7.31099796295166
648,7.326750755310059
649,7.289621353149414
650,7.344494342803955
651,7.270795822143555
652,7.324044704437256
653,7.291048526763916
654,7.296751022338867
655,7.313074588775635
656,7.334043502807617
657,7.304988384246826
658,7.320591449737549
659,7.283670902252197
660,7.278771877288818
661,7.282639980316162
662,7.304741382598877
663,7.327188491821289
664,7.323001861572266
665,7.328579902648926
666,7.277459621429443
667,7.309530735015869
668,7.300678253173828
669,7.295836448669434
670,7.284350395202637
671,7.303692817687988
672,7.321180820465088
673,7.3323516845703125
674,7.286169052124023
675,7.326998233795166
676,7.287538051605225
677,7.3041768074035645
678,7.315939903259277
679,7.324929237365723
680,7.243996620178223
681,7.3250041007995605
682,7.318614482879639
683,7.315788269042969
684,7.313344955444336
685,7.293456554412842
686,7.256208419799805
687,7.2771525382995605
688,7.302660942077637
689,7.2880425453186035
690,7.297173500061035
691,7.320444107055664
692,7.294406890869141
693,7.28626823425293
694,7.281447410583496
695,7.3219380378723145
696,7.3019490242004395
697,7.118199825286865
698,7.31757116317749
699,7.305973529815674
700,7.293821811676025
701,7.316112518310547
702,7.289111137390137
703,7.315236568450928
704,7.331966400146484
705,7.317539215087891
706,7.293638706207275
707,7.312119483947754
708,7.298809051513672
709,7.26352071762085
710,7.343352794647217
711,7.263672828674316
712,7.3032917976379395
713,7.300549030303955
714,7.291967868804932
715,7.298763751983643
716,7.334978103637695
717,7.308740615844727
718,7.302664279937744
719,7.2588958740234375
720,7.331844329833984
721,7.341827869415283
722,7.2897467613220215
723,7.2869391441345215
724,7.250756740570068
725,7.272092819213867
726,7.293229579925537
727,7.314754486083984
728,7.344332218170166
729,7.2714338302612305
730,7.300386905670166
731,7.326559543609619
732,7.312809944152832
733,7.311845302581787
734,7.285489082336426
735,7.281630992889404
736,7.306816101074219
737,7.326962947845459
738,7.2332987785339355
739,7.326521396636963
740,7.322597026824951
741,7.313401222229004
742,7.305103302001953
743,7.310304164886475
744,7.281918048858643
745,7.316062927246094
746,7.314714431762695
747,7.311644554138184
748,7.326656341552734
749,7.313912868499756
750,7.303828239440918
751,7.264240741729736
752,7.282228946685791
753,7.2987799644470215
754,7.321386337280273
755,7.281796455383301
756,7.30212926864624
757,7.317060947418213
758,7.3037848472595215
759,7.314883232116699
760,7.311949253082275
761,7.346672534942627
762,7.299015045166016
763,7.283667087554932
764,7.259270191192627
765,7.328986644744873
766,7.284687042236328
767,7.287108898162842
768,7.349054336547852
769,7.3299713134765625
770,7.310963153839111
771,7.310514450073242
772,7.316543102264404
773,7.305233955383301
774,7.3201165199279785
775,7.286037921905518
776,7.329338073730469
777,7.298354625701904
778,7.311916828155518
779,7.297410011291504
780,7.346803665161133
781,7.326025485992432
782,7.298279285430908
783,7.303760528564453
784,7.312658309936523
785,7.327529430389404
786,7.298405647277832
787,7.281083106994629
788,7.325053691864014
789,7.3254570960998535
790,7.267124652862549
791,7.287158012390137
792,7.343204975128174
793,7.3093438148498535
794,7.3163933753967285
795,7.278871536254883
796,7.320322036743164
797,7.30900239944458
798,7.2843804359436035
799,7.310028553009033
800,7.3125457763671875
801,7.342613697052002
802,7.259570598602295
803,7.32494592666626
804,7.312660217285156
805,7.301952838897705
806,7.347857475280762
807,7.30026912689209
808,7.2853474617004395
809,7.320173263549805
810,7.309804439544678
811,7.345192909240723
812,7.315202713012695
813,7.330653190612793
814,7.294821262359619
815,7.275354385375977
816,7.32304573059082
817,7.2919230461120605
818,7.309393882751465
819,7.306577682495117
820,7.312527656555176
821,7.3064799308776855
822,7.3024492263793945
823,7.2917890548706055
824,7.311262130737305
825,7.280028343200684
826,7.328882217407227
827,7.358522415161133
828,7.294219493865967
829,7.268753528594971
830,7.30778169631958
831,7.333405017852783
832,7.339077949523926
833,7.32421350479126
834,7.279381275177002
835,7.297942161560059
836,7.305758476257324
837,7.320872783660889
838,7.321030139923096
839,7.309639930725098
840,7.315639019012451
841,7.29826545715332
842,7.3383660316467285
843,7.307999134063721
844,7.291760444641113
845,7.301860809326172
846,7.311120986938477
847,7.306756973266602
848,7.339226245880127
849,7.317445755004883
850,7.274450302124023
851,7.302737712860107
852,7.293182849884033
853,7.301692008972168
854,7.332380294799805
855,7.29620885848999
856,7.348213195800781
857,7.30503511428833
858,7.25412654876709
859,7.3077592849731445
860,7.296612739562988
861,7.313628196716309
862,7.332779884338379
863,7.285471439361572
864,7.265110492706299
865,7.305835247039795
866,7.311379909515381
867,7.319612503051758
868,7.296224117279053
869,7.332500457763672
870,7.300836563110352
871,7.225666046142578
872,7.293511867523193
873,7.298238754272461
874,7.280289649963379
875,7.311721324920654
876,7.325263023376465
877,7.280253887176514
878,7.292779922485352
879,7.297768592834473
880,7.3271565437316895
881,7.329200744628906
882,7.299039840698242
883,7.2401227951049805
884,7.334027290344238
885,7.243234634399414
886,7.298218250274658
887,7.336397647857666
888,7.300139904022217
889,7.281801223754883
890,7.326303005218506
891,7.30584716796875
892,7.320455074310303
893,7.336109161376953
894,7.30521821975708
895,7.270428657531738
896,7.3210225105285645
897,7.285048961639404
898,7.290475845336914
899,7.289933681488037
900,7.301103115081787
901,7.279984951019287
902,7.363094806671143
903,7.320518970489502
904,7.295316696166992
905,7.3481831550598145
906,7.326081275939941
907,7.2909770011901855
908,7.297830581665039
909,7.294064998626709
910,7.270802021026611
911,7.278851509094238
912,7.294793605804443
913,7.275032997131348
914,7.304528713226318
915,7.328920841217041
916,7.309112071990967
917,7.327770709991455
918,7.263839244842529
919,7.30190896987915
920,7.309128761291504
921,7.324965000152588
922,7.294154644012451
923,7.297407627105713
924,7.341568470001221
925,7.3097991943359375
926,7.330156326293945
927,7.329200267791748
928,7.2909321784973145
929,7.252473831176758
930,7.32567834854126
931,7.349112033843994
932,7.29878044128418
933,7.333182334899902
934,7.3093438148498535
935,7.300177574157715
936,7.309676170349121
937,7.266455173492432
938,7.313303470611572
939,7.284914970397949
940,7.305717945098877
941,7.3567705154418945
942,7.3055806159973145
943,7.297595500946045
944,7.287970542907715
945,7.292994499206543
946,7.254852294921875
947,7.245655059814453
948,7.309877395629883
949,7.273392677307129
950,7.287195205688477
951,7.318409442901611
952,7.3110270500183105
953,7.3164801597595215
954,7.314769268035889
955,7.296258926391602
956,7.317493438720703
957,7.319811820983887
958,7.292250633239746
959,7.31766414642334
960,7.31721305847168
961,7.312790870666504
962,7.335093021392822
963,7.330458164215088
964,7.321367263793945
965,7.298691272735596
966,7.330343723297119
967,7.288550853729248
968,7.345501899719238
969,7.316720485687256
970,7.301722049713135
971,7.3287272453308105
972,7.3058905601501465
973,7.302511692047119
974,7.344171524047852
975,7.340096950531006
976,7.3362884521484375
977,7.2877960205078125
978,7.262357234954834
979,7.283036708831787
980,7.323240756988525
981,7.322819232940674
982,7.264506816864014
983,7.305067539215088
984,7.305638790130615
985,7.272089958190918
986,7.320511341094971
987,7.317244529724121
988,7.286365985870361
989,7.301011085510254
990,7.3338189125061035
991,7.260567665100098
992,7.319144248962402
993,7.288806438446045
994,7.311544895172119
995,7.314280033111572
996,7.317010402679443
997,7.347299575805664
998,7.283030986785889
999,7.295702934265137
1000,7.309763431549072
1001,7.286553859710693
1002,7.323925971984863
1003,7.341458797454834
1004,7.310995101928711
1005,7.2560343742370605
1006,7.2898759841918945
1007,7.324082374572754
1008,7.268104076385498
1009,7.289875507354736
1010,7.274311542510986
1011,7.34201192855835
1012,7.299376010894775
1013,7.297881603240967
1014,7.321248531341553
1015,7.3182525634765625
1016,7.351623058319092
1017,7.298535346984863
1018,7.334330081939697
1019,7.247787952423096
1020,7.32799768447876
1021,7.2765374183654785
1022,7.271782875061035
1023,7.302539825439453
1024,7.291525840759277
1025,7.322663307189941
1026,7.315781593322754
1027,7.3200273513793945
1028,7.323809623718262
1029,7.274196624755859
1030,7.299734115600586
1031,7.312577247619629
1032,7.32153844833374
1033,6.670165538787842
1034,7.160605430603027
1035,7.313685417175293
1036,7.22878885269165
1037,7.286787509918213
1038,7.290798187255859
1039,7.280474662780762
1040,7.260865211486816
1041,7.318863868713379
1042,7.32623815536499
1043,7.314281463623047
1044,7.295351028442383
1045,7.29013729095459
1046,7.337141990661621
1047,7.335514545440674
1048,7.316696643829346
1049,7.287941932678223
1050,7.320370674133301
1051,7.325435638427734
1052,7.317957401275635
1053,7.269408702850342
1054,7.3120551109313965
1055,7.289968013763428
1056,7.279234409332275
1057,7.314223766326904
1058,7.330982685089111
1059,7.3025336265563965
1060,7.339992523193359
1061,7.326663017272949
1062,7.307634353637695
1063,7.289050102233887
1064,7.271714687347412
1065,7.149074077606201
1066,7.336144924163818
1067,7.3403849601745605
1068,7.231805324554443
1069,7.281882286071777
1070,7.295660972595215
1071,7.319278240203857
1072,7.302289962768555
1073,7.298337936401367
1074,7.315833568572998
1075,7.312850475311279
1076,7.319802284240723
1077,7.334000587463379
1078,7.35422945022583
1079,7.305332183837891
1080,7.345671653747559
1081,7.349029541015625
1082,7.26455545425415
1083,7.336001396179199
1084,6.566034317016602
1085,7.256240367889404
1086,7.287532329559326
1087,7.338196754455566
1088,7.285160064697266
1089,7.294434070587158
1090,7.267744064331055
1091,7.304065227508545
1092,7.267909049987793
1093,7.310007095336914
1094,7.305654048919678
1095,7.31068754196167
1096,7.3065185546875
1097,7.3043742179870605
1098,7.3080830574035645
1099,7.3010101318359375
1100,7.30014181137085
1101,7.2991814613342285
1102,7.309085845947266
1103,7.285054683685303
1104,7.323126316070557
1105,7.302350044250488
1106,7.318247318267822
1107,7.308729648590088
1108,7.287785053253174
1109,7.289150714874268
1110,7.281339645385742
1111,7.31688117980957
1112,7.2957868576049805
1113,7.34104061126709
1114,7.306722640991211
1115,7.347986221313477
1116,7.293463706970215
1117,7.298713207244873
1118,7.288947105407715
1119,7.290862083435059
1120,7.304169178009033
1121,7.307563304901123
1122,7.31766414642334
1123,7.2780866622924805
1124,7.302264213562012
1125,7.310233116149902
1126,7.28360652923584
1127,7.283627510070801
1128,7.309365749359131
1129,7.3016204833984375
1130,7.320001602172852
1131,7.285399913787842
1132,7.297426700592041
1133,7.304265975952148
1134,7.2755022048950195
1135,7.297299861907959
1136,7.3042893409729
1137,7.327521800994873
1138,7.157479286193848
1139,7.344892978668213
1140,7.296360969543457
1141,7.33302116394043
1142,7.294480323791504
1143,7.302724361419678
1144,7.283115863800049
1145,7.338510990142822
1146,7.2956037521362305
1147,7.318581581115723
1148,7.29583215713501
1149,7.323371410369873
1150,7.32581090927124
1151,7.2892746925354
1152,7.33658504486084
1153,7.319558143615723
1154,7.272952556610107
1155,7.305185794830322
1156,7.31995153427124
1157,7.327850818634033
1158,7.341085910797119
1159,7.27928352355957
1160,7.319541931152344
1161,7.297950744628906
1162,7.312946796417236
1163,7.320011615753174
1164,7.286919116973877
1165,7.334530353546143
1166,7.308279514312744
1167,7.331975936889648
1168,7.327513217926025
1169,7.305196762084961
1170,7.33751106262207
1171,7.315244674682617
1172,7.271115303039551
1173,7.279424667358398
1174,7.33127498626709
1175,7.270480632781982
1176,7.3091936111450195
1177,7.2860870361328125
1178,7.308797836303711
1179,7.295216083526611
1180,7.318870544433594
1181,7.276064872741699
1182,7.316807746887207
1183,7.3070478439331055
1184,7.301558494567871
1185,7.339555740356445
1186,7.330945014953613
1187,7.3379902839660645
1188,7.353067398071289
1189,7.298245429992676
1190,7.275308609008789
1191,7.2592339515686035
1192,7.306153297424316
1193,7.269922733306885
1194,7.297765731811523
1195,7.251234531402588
1196,7.310877799987793
1197,7.291419506072998
1198,7.28457498550415
1199,7.295830249786377
1200,7.298287868499756
1201,7.324756622314453
1202,7.319115161895752
1203,7.30604362487793
1204,7.275848388671875
1205,7.343415260314941
1206,7.306646347045898
1207,7.323298454284668
1208,7.31439208984375
1209,7.339083671569824
1210,7.347596645355225
1211,7.277296543121338
1212,7.319382667541504
1213,7.2947187423706055
1214,7.30063009262085
1215,7.249079704284668
1216,7.277678489685059
1217,7.337193012237549
1218,7.314604759216309
1219,7.326735496520996
1220,7.307976245880127
1221,7.281238555908203
1222,7.333899021148682
1223,7.313905715942383
1224,7.318503379821777
1225,7.252277374267578
1226,7.275363922119141
1227,7.302505970001221
1228,7.308537006378174
1229,7.310044288635254
1230,7.282863616943359
1231,7.325205326080322
1232,7.281954765319824
1233,7.341299057006836
1234,7.325511932373047
1235,7.304203510284424
1236,7.281539440155029
1237,7.32614278793335
1238,7.302149295806885
1239,7.296544551849365
1240,7.276666641235352
1241,7.307729244232178
1242,7.3045477867126465
1243,7.32627010345459
1244,7.3180389404296875
1245,7.290112495422363
1246,7.282779693603516
1247,7.318567276000977
1248,7.133378028869629
1249,7.3266496658325195
1250,7.316261291503906
1251,7.326757907867432
1252,7.321601867675781
1253,7.308501243591309
1254,7.33491325378418
1255,7.306544303894043
1256,7.296138763427734
1257,7.3197503089904785
1258,7.302387714385986
1259,7.3377861976623535
1260,7.332865238189697
1261,7.32703161239624
1262,7.311091423034668
1263,7.343355655670166
1264,7.314674377441406
1265,7.302338600158691
1266,7.324794769287109
1267,7.291047096252441
1268,7.272844314575195
1269,7.297234535217285
1270,7.339478969573975
1271,7.325046539306641
1272,7.289114952087402
1273,7.261803150177002
1274,7.34358549118042
1275,7.3233561515808105
1276,7.287004470825195
1277,7.306729793548584
1278,7.314874649047852
1279,7.330530643463135
1280,7.297750473022461
1281,7.312783241271973
1282,7.261525630950928
1283,7.326672077178955
1284,7.282896995544434
1285,7.335537910461426
1286,7.308282375335693
1287,7.3080525398254395
1288,7.308180809020996
1289,7.245744228363037
1290,7.251837253570557
1291,7.322412490844727
1292,7.309227466583252
1293,7.313163757324219
1294,7.2841644287109375
1295,7.316586494445801
1296,7.30126953125
1297,7.30744743347168
1298,7.32442569732666
1299,7.281053066253662
1300,7.307994365692139
1301,7.277176380157471
1302,7.240674018859863
1303,7.279658317565918
1304,7.316164970397949
1305,7.265569686889648
1306,7.291389465332031
1307,7.295729160308838
1308,7.329763889312744
1309,7.352978229522705
1310,7.323065757751465
1311,7.335277557373047
1312,7.329373359680176
1313,7.3254547119140625
1314,7.294858455657959
1315,7.311065673828125
1316,7.278620719909668
1317,7.325087547302246
1318,7.3150858879089355
1319,7.351197719573975
1320,7.318358898162842
1321,7.265754699707031
1322,7.253673553466797
1323,7.314013957977295
1324,7.292171955108643
1325,7.326465606689453
1326,7.326888084411621
1327,7.315081596374512
1328,7.331169605255127
1329,7.306853294372559
1330,7.277673244476318
1331,7.279332637786865
1332,7.306292533874512
1333,7.299736499786377
1334,7.257758140563965
1335,7.309070587158203
1336,7.299449920654297
1337,7.3058085441589355
1338,7.271881103515625
1339,7.2994065284729
1340,7.307378768920898
1341,7.311219215393066
1342,7.293918609619141
1343,7.344295978546143
1344,7.279428482055664
1345,7.259067535400391
1346,7.290119171142578
1347,7.316200256347656
1348,7.279349327087402
1349,7.326765537261963
1350,7.285193920135498
1351,7.354959964752197
1352,7.301824569702148
1353,7.346362113952637
1354,7.3325724601745605
1355,7.2994914054870605
1356,7.254207611083984
1357,7.300865650177002
1358,7.300486087799072
1359,7.310133457183838
1360,7.300256252288818
1361,7.336350917816162
1362,7.289956092834473
1363,7.290609359741211
1364,7.3266401290893555
1365,7.324703216552734
1366,7.264616012573242
1367,7.286098003387451
1368,7.29482889175415
1369,7.284419059753418
1370,7.325831413269043
1371,7.300414562225342
1372,7.333732604980469
1373,7.295817852020264
1374,7.32089900970459
1375,7.32737922668457
1376,7.298463344573975
1377,7.235530853271484
1378,7.310564041137695
1379,7.328272819519043
1380,7.330775737762451
1381,7.273867130279541
1382,7.33864164352417
1383,7.302170753479004
1384,7.349595546722412
1385,7.3279194831848145
1386,7.295096397399902
1387,7.296822547912598
1388,7.332653045654297
1389,7.331930160522461
1390,7.317266941070557
1391,7.3392229080200195
1392,7.32634162902832
1393,7.326846599578857
1394,7.305062294006348
1395,7.293590545654297
1396,7.329045295715332
1397,7.351370334625244
1398,7.312810897827148
1399,7.303566932678223
1400,7.296286106109619
1401,7.307519912719727
1402,7.295267105102539
1403,7.298334121704102
1404,7.294282913208008
1405,7.223677158355713
1406,7.317755699157715
1407,7.289450645446777
1408,7.334873676300049
1409,7.2866082191467285
1410,7.293542861938477
1411,7.33139705657959
1412,7.297072410583496
1413,7.338807582855225
1414,7.348201274871826
1415,7.246682167053223
1416,7.310608386993408
1417,7.263614177703857
1418,7.326821327209473
1419,7.288496017456055
1420,7.310184478759766
1421,7.312039852142334
1422,7.291910171508789
1423,7.277794361114502
1424,7.315135955810547
1425,7.290004730224609
1426,7.269787788391113
1427,7.312366485595703
1428,7.319286346435547
1429,7.325946807861328
1430,7.286087989807129
1431,7.312592506408691
1432,7.31821870803833
1433,7.335762023925781
1434,7.28084659576416
1435,7.287374973297119
1436,7.299291133880615
1437,7.2854461669921875
1438,7.303342342376709
1439,7.286169528961182
1440,7.2940354347229
1441,7.307331085205078
1442,7.3253493309021
1443,7.280677318572998
1444,7.148535251617432
1445,7.308680534362793
1446,7.285028457641602
1447,7.292235374450684
1448,7.346339702606201
1449,7.318617343902588
1450,7.274654865264893
1451,7.338357925415039
1452,7.349524021148682
1453,7.332417011260986
1454,7.300711631774902
1455,7.300582408905029
1456,7.263730049133301
1457,7.320643424987793
1458,7.328030586242676
1459,7.312216281890869
1460,7.297850608825684
1461,7.352799892425537
1462,7.274733066558838
1463,7.278884410858154
1464,7.326549053192139
1465,7.2936577796936035
1466,7.2981791496276855
1467,7.270785808563232
1468,7.31207799911499
1469,7.278486251831055
1470,7.3256354331970215
1471,7.3012285232543945
1472,7.2970709800720215
1473,7.287264347076416
1474,7.320676326751709
1475,7.293941974639893
1476,7.27755069732666
1477,7.3242573738098145
1478,7.345650672912598
1479,7.290491104125977
1480,7.332589626312256
1481,7.328307151794434
1482,7.300912857055664
1483,7.312512397766113
1484,7.2525129318237305
1485,7.29460334777832
1486,7.309090614318848
1487,7.2985076904296875
1488,7.308859348297119
1489,7.3178229331970215
1490,7.329013347625732
1491,7.279343128204346
1492,7.33967924118042
1493,7.322028636932373
1494,7.2559428215026855
1495,7.322277545928955
1496,7.330416202545166
1497,7.2915754318237305
1498,7.269490718841553
1499,7.237579822540283
1500,7.28682279586792
1501,7.299148082733154
1502,7.319575786590576
1503,7.300995349884033
1504,7.29396390914917
1505,7.297813415527344
1506,7.309328079223633
1507,7.315977573394775
1508,7.349064350128174
1509,7.323313236236572
1510,7.297641754150391
1511,7.273871421813965
1512,7.290197372436523
1513,7.312325477600098
1514,7.288805961608887
1515,7.268245220184326
1516,7.290241241455078
1517,7.332916736602783
1518,7.2854180335998535
1519,7.3279194831848145
1520,7.278531551361084
1521,7.331844806671143
1522,7.28914737701416
1523,7.307318210601807
1524,7.328116416931152
1525,7.342353820800781
1526,7.284299850463867
1527,7.317000389099121
1528,7.340622425079346
1529,7.25974178314209
1530,7.282604217529297
1531,7.3348517417907715
1532,7.324975490570068
1533,7.304800033569336
1534,7.332208633422852
1535,7.2916483879089355
1536,7.310207366943359
1537,7.308218955993652
1538,7.343859672546387
1539,7.3221917152404785
1540,7.273781776428223
1541,7.30896520614624
1542,7.328226566314697
1543,7.226474285125732
1544,7.333376407623291
1545,7.3201165199279785
1546,7.292713642120361
1547,7.302308082580566
1548,7.30880880355835
1549,7.328939914703369
1550,7.27634859085083
1551,7.358771324157715
1552,7.303908824920654
1553,7.329931259155273
1554,7.289565086364746
1555,7.264066219329834
1556,7.279176712036133
1557,7.3252058029174805
1558,7.288867473602295
1559,7.326828479766846
1560,7.358734130859375
1561,7.326369762420654
1562,7.300332546234131
1563,7.3120856285095215
1564,7.3386149406433105
1565,7.304839134216309
1566,7.325366973876953
1567,7.335366249084473
1568,7.361724376678467
1569,7.328259468078613
1570,7.338055610656738
1571,7.266440391540527
1572,7.275095462799072
1573,7.333807468414307
1574,7.329110145568848
1575,7.306405067443848
1576,7.304376602172852
1577,7.337031841278076
1578,7.298159122467041
1579,7.293382167816162
1580,7.300994873046875
1581,7.257009983062744
1582,7.282833576202393
1583,7.324304580688477
1584,7.283900737762451
1585,7.297552108764648
1586,7.344392776489258
1587,7.313464164733887
1588,7.274117469787598
1589,7.3143415451049805
1590,7.368502616882324
1591,7.308339595794678
1592,7.338065147399902
1593,7.309094429016113
1594,7.29525089263916
1595,7.336063861846924
1596,7.308103561401367
1597,7.260360240936279
1598,7.288273811340332
1599,7.320363521575928
1600,7.34116792678833
1601,7.269214630126953
1602,7.312276363372803
1603,7.313147068023682
1604,7.272342681884766
1605,7.289271354675293
1606,7.347354888916016
1607,7.2945990562438965
1608,7.264401435852051
1609,7.279252529144287
1610,7.296827793121338
1611,7.2859697341918945
1612,7.327037334442139
1613,7.318624019622803
1614,7.339988708496094
1615,7.329237461090088
1616,7.308175086975098
1617,7.2810821533203125
1618,7.312949180603027
1619,7.340383529663086
1620,7.2957611083984375
1621,7.2962870597839355
1622,7.310279846191406
1623,7.316152572631836
1624,7.3002166748046875
1625,7.300187587738037
1626,7.292821407318115
1627,7.316203594207764
1628,7.296952724456787
1629,7.264995098114014
1630,7.311103820800781
1631,7.293308734893799
1632,7.316823482513428
1633,7.306252956390381
1634,7.320724010467529
1635,7.30567741394043
1636,7.322798252105713
1637,7.316925048828125
1638,7.335690021514893
1639,7.322109222412109
1640,7.319271087646484
1641,7.287952423095703
1642,7.333754062652588
1643,7.307182788848877
1644,7.345875263214111
1645,7.2773118019104
1646,7.345496654510498
1647,7.3251848220825195
1648,7.323563098907471
1649,7.319915771484375
1650,7.362918376922607
1651,7.312618732452393
1652,7.214285373687744
1653,7.3014116287231445
1654,7.307423114776611
1655,7.2828240394592285
1656,7.283691883087158
1657,7.29485559463501
1658,7.317427158355713
1659,7.356058597564697
1660,7.307871341705322
1661,7.294644832611084
1662,7.296809673309326
1663,7.334164619445801
1664,7.3154730796813965
1665,7.288253307342529
1666,7.2792205810546875
1667,7.318752288818359
1668,7.208573341369629
1669,7.298293590545654
1670,7.291449546813965
1671,7.300510883331299
1672,7.271854877471924
1673,7.322596549987793
1674,7.278048515319824
1675,7.296403884887695
1676,7.335025310516357
1677,7.294101715087891
1678,7.341813087463379
1679,7.347805976867676
1680,7.329310894012451
1681,7.309360504150391
1682,7.275025844573975
1683,7.283935070037842
1684,7.320183277130127
1685,7.321258544921875
1686,7.3059186935424805
1687,7.301509857177734
1688,7.292316436767578
1689,7.3027472496032715
1690,7.2949676513671875
1691,7.2834696769714355
1692,7.3155837059021
1693,7.323624134063721
1694,7.270047664642334
1695,7.285013198852539
1696,7.349078178405762
1697,7.295489311218262
1698,7.274173259735107
1699,7.332606792449951
1700,7.291901111602783
1701,7.321241855621338
1702,7.292858600616455
1703,7.342283248901367
1704,7.347779750823975
1705,7.311445236206055
1706,7.293090343475342
1707,7.291419506072998
1708,7.315516948699951
1709,7.336462020874023
1710,7.346566200256348
1711,7.325565338134766
1712,7.292846202850342
1713,7.270772457122803
1714,7.306617736816406
1715,7.277338027954102
1716,7.309506893157959
1717,7.307967185974121
1718,7.351438999176025
1719,7.295845031738281
1720,7.291543483734131
1721,7.2894287109375
1722,7.274459362030029
1723,7.26749324798584
1724,7.297552108764648
1725,7.308101654052734
1726,7.325272560119629
1727,7.31906795501709
1728,7.303891181945801
1729,7.277015209197998
1730,7.346736431121826
1731,7.315619945526123
1732,7.317488193511963
1733,7.321596145629883
1734,7.312636852264404
1735,7.33586311340332
1736,7.288039207458496
1737,7.284457206726074
1738,7.300312519073486
1739,7.316733360290527
1740,7.275877952575684
1741,7.304337978363037
1742,7.3412957191467285
1743,7.313973903656006
1744,7.315283298492432
1745,7.328742504119873
1746,7.2797136306762695
1747,7.348358154296875
1748,7.354579448699951
1749,7.3274827003479
1750,7.320467948913574
1751,7.312804698944092
1752,7.324183464050293
1753,7.317049503326416
1754,7.334612846374512
1755,7.337278842926025
1756,7.287046432495117
1757,7.304018974304199
1758,7.28001070022583
1759,7.289536476135254
1760,7.305123329162598
1761,7.306853771209717
1762,7.291910171508789
1763,7.2626447677612305
1764,7.300316333770752
1765,7.333280563354492
1766,7.2866339683532715
1767,7.318628311157227
1768,7.2683305740356445
1769,7.325261116027832
1770,7.305087566375732
1771,7.311234474182129
1772,7.326823711395264
1773,7.30954647064209
1774,7.34451150894165
1775,7.339114189147949
1776,7.277591705322266
1777,7.330819129943848
1778,7.3103837966918945
1779,7.331874370574951
1780,7.281228542327881
1781,7.300323963165283
1782,7.338961601257324
1783,7.3097615242004395
1784,7.298579216003418
1785,7.305628776550293
1786,7.30096960067749
1787,7.30683708190918
1788,7.319577217102051
1789,7.350258827209473
1790,7.297153472900391
1791,7.355953693389893
1792,7.324482440948486
1793,7.335994720458984
1794,7.3227972984313965
1795,7.32512092590332
1796,7.351276397705078
1797,7.314879894256592
1798,7.302037239074707
1799,7.302698135375977
1800,7.336484909057617
1801,7.293271541595459
1802,7.3046441078186035
1803,7.256613254547119
1804,7.304150581359863
1805,7.295821666717529
1806,7.309074878692627
1807,7.312335968017578
1808,7.317813873291016
1809,7.303561210632324
1810,7.291100025177002
1811,7.286816120147705
1812,7.327600955963135
1813,7.302811145782471
1814,7.306254863739014
1815,7.33389949798584
1816,7.296981334686279
1817,7.313647270202637
1818,7.2352776527404785
1819,7.329473972320557
1820,7.294804096221924
1821,7.296962261199951
1822,7.312655925750732
1823,7.295495986938477
1824,7.282148361206055
1825,7.297501564025879
1826,7.303386688232422
1827,7.28501033782959
1828,7.353920936584473
1829,7.335640907287598
1830,7.306474685668945
1831,7.307425022125244
1832,7.295275688171387
1833,7.319514274597168
1834,7.294459819793701
1835,7.267921447753906
1836,7.310606479644775
1837,7.324595928192139
1838,7.307386875152588
1839,7.261011600494385
1840,7.278201103210449
1841,7.296810150146484
1842,7.279919624328613
1843,7.3578362464904785
1844,7.323462963104248
1845,7.302943229675293
1846,7.306332111358643
1847,7.313263416290283
1848,7.289806365966797
1849,7.332621097564697
1850,7.296571731567383
1851,7.306741237640381
1852,7.314804553985596
1853,7.312281131744385
1854,7.290339946746826
1855,7.269357681274414
1856,7.2916975021362305
1857,7.2906413078308105
1858,7.3208394050598145
1859,7.290651321411133
1860,7.307629108428955
1861,7.340108871459961
1862,7.268498420715332
1863,7.350773811340332
1864,7.3149261474609375
1865,7.293257236480713
1866,7.312136650085449
1867,7.288002967834473
1868,7.321033954620361
1869,7.26690149307251
1870,7.3004279136657715
1871,7.308095932006836
1872,7.283135890960693
1873,7.281088352203369
1874,7.322579383850098
1875,7.3375701904296875
1876,7.27947998046875
1877,7.309271812438965
1878,7.320739269256592
1879,7.296115875244141
1880,7.269839286804199
1881,7.320004463195801
1882,7.2827067375183105
1883,7.351362705230713
1884,7.302363872528076
1885,7.308346748352051
1886,7.311065196990967
1887,7.337947368621826
1888,7.314024925231934
1889,7.289869785308838
1890,7.338804244995117
1891,7.291714668273926
1892,7.329019069671631
1893,7.316420555114746
1894,7.274773120880127
1895,7.295186996459961
1896,7.318719387054443
1897,7.318605899810791
1898,7.296433925628662
1899,7.3164286613464355
1900,7.320180892944336
1901,7.2864580154418945
1902,7.299206256866455
1903,7.301673412322998
1904,7.317034721374512
1905,7.326164245605469
1906,7.316852569580078
1907,7.334537029266357
1908,7.324212551116943
1909,7.296209335327148
1910,7.295241355895996
1911,7.310503005981445
1912,7.2949018478393555
1913,7.299002170562744
1914,7.313117504119873
1915,7.342584133148193
1916,7.326257228851318
1917,7.300156593322754
1918,7.313189506530762
1919,7.319202423095703
1920,7.280641555786133
1921,7.301458835601807
1922,7.2949018478393555
1923,7.345959663391113
1924,7.344969272613525
1925,7.3126726150512695
1926,7.307991981506348
1927,7.3281097412109375
1928,7.31234884262085
1929,7.317759037017822
1930,7.305056095123291
1931,7.286683559417725
1932,7.309243202209473
1933,7.248945236206055
1934,7.347060680389404
1935,7.274003505706787
1936,7.294378757476807
1937,7.314367771148682
1938,7.302407741546631
1939,7.329991817474365
1940,7.3176751136779785
1941,7.303437232971191
1942,7.340958118438721
1943,7.320091247558594
1944,7.291077613830566
1945,7.32028865814209
1946,7.313922882080078
1947,7.313202857971191
1948,7.264545917510986
1949,7.289129734039307
1950,7.313407897949219
1951,7.307600498199463
1952,7.314786434173584
1953,7.305021286010742
1954,7.276655673980713
1955,7.336704254150391
1956,7.28246545791626
1957,7.337486743927002
1958,7.299188137054443
1959,7.307835102081299
1960,7.297408103942871
1961,7.309237003326416
1962,7.275856971740723
1963,7.278923511505127
1964,7.314128398895264
1965,7.306807518005371
1966,7.3060078620910645
1967,7.318367004394531
1968,7.3378729820251465
1969,7.322485446929932
1970,7.33198881149292
1971,7.330050468444824
1972,7.317452430725098
1973,7.341104030609131
1974,7.3170599937438965
1975,7.27550745010376
1976,7.311001777648926
1977,7.30607271194458
1978,7.2923431396484375
1979,7.27183198928833
1980,7.312341213226318
1981,7.299863338470459
1982,7.349203586578369
1983,7.280206203460693
1984,7.322721481323242
1985,7.337221145629883
1986,7.285592555999756
1987,7.277720928192139
1988,7.306114673614502
1989,7.281076908111572
1990,7.3025102615356445
1991,7.2858428955078125
1992,7.346522808074951
1993,7.336374759674072
1994,7.2800068855285645
1995,7.323789596557617
1996,7.325660228729248
1997,7.321225166320801
1998,7.289595127105713
1999,7.272899150848389
2000,7.343814849853516
2001,7.318458557128906
2002,7.29935884475708
2003,7.333108901977539
2004,7.315090656280518
2005,7.287708282470703
2006,7.309964656829834
2007,7.317094802856445
2008,7.305859565734863
2009,7.266993999481201
2010,7.339881896972656
2011,7.3260393142700195
2012,7.312178611755371
2013,7.297819137573242
2014,7.277024745941162
2015,7.289693355560303
2016,7.258144378662109
2017,7.3341264724731445
2018,7.3190765380859375
2019,7.312861919403076
2020,7.288165092468262
2021,7.332985877990723
2022,7.332240581512451
2023,7.243022918701172
2024,7.288211345672607
2025,7.28855562210083
2026,7.296448707580566
2027,7.3043646812438965
2028,7.322218418121338
2029,7.29688835144043
2030,7.3166985511779785
2031,7.2915191650390625
2032,7.305636882781982
2033,7.34262228012085
2034,7.300610065460205
2035,7.281707286834717
2036,7.327852725982666
2037,7.308516979217529
2038,7.305416107177734
2039,7.334243297576904
2040,7.334247589111328
2041,7.327168941497803
2042,7.335626125335693
2043,7.31929349899292
2044,7.252083778381348
2045,7.2247796058654785
2046,7.299038887023926
2047,7.295369625091553
2048,7.272899150848389
2049,7.341829776763916
2050,7.322120189666748
2051,7.332327842712402
2052,7.3150105476379395
2053,7.304883003234863
2054,7.317072868347168
2055,7.3112969398498535
2056,7.2691755294799805
2057,7.305536270141602
2058,7.301950931549072
2059,7.301586151123047
2060,7.312862873077393
2061,7.278755187988281
2062,7.290346145629883
2063,7.331162929534912
2064,7.306134223937988
2065,7.333881855010986
2066,7.318032741546631
2067,7.318130970001221
2068,7.315587997436523
2069,7.29616117477417
2070,7.3170166015625
2071,7.289937496185303
2072,7.327498435974121
2073,7.334641456604004
2074,7.336780548095703
2075,7.282154560089111
2076,7.308081150054932
2077,7.313138484954834
2078,7.313552379608154
2079,7.311569690704346
2080,7.307433128356934
2081,7.308979034423828
2082,7.31948709487915
2083,7.290818214416504
2084,7.294327259063721
2085,7.255875587463379
2086,7.291926383972168
2087,7.312185287475586
2088,7.311524868011475
2089,7.296307563781738
2090,7.323920249938965
2091,7.32414436340332
2092,7.316396236419678
2093,7.321793079376221
2094,7.318222999572754
2095,7.303353309631348
2096,7.300333023071289
2097,7.299070358276367
2098,7.2985124588012695
2099,7.34442138671875
2100,7.308337688446045
2101,7.320895671844482
2102,7.304323196411133
2103,7.327006816864014
2104,7.298104286193848
2105,7.309378147125244
2106,7.324482440948486
2107,7.336696147918701
2108,7.2765116691589355
2109,7.318741321563721
2110,7.280921459197998
2111,7.268898010253906
2112,7.356271743774414
2113,7.283123970031738
2114,7.336235523223877
2115,7.311774730682373
2116,7.26913595199585
2117,7.333713054656982
2118,7.280439376831055
2119,7.325162410736084
2120,7.265020847320557
2121,7.330832004547119
2122,7.321286201477051
2123,7.316784858703613
2124,7.3378095626831055
2125,7.285280704498291
2126,7.302648544311523
2127,7.297080039978027
2128,7.265951156616211
2129,7.301027774810791
2130,7.331614971160889
2131,7.293867588043213
2132,7.316538333892822
2133,7.332142353057861
2134,7.290653228759766
2135,7.304544925689697
2136,7.312344074249268
2137,7.3513946533203125
2138,7.311497211456299
2139,7.257288455963135
2140,7.323720455169678
2141,7.276601314544678
2142,7.3404459953308105
2143,7.261458396911621
2144,7.23820161819458
2145,7.284701824188232
2146,7.267107009887695
2147,7.31907844543457
2148,7.307144641876221
2149,7.305697441101074
2150,7.305802822113037
2151,7.337892532348633
2152,7.306736469268799
2153,7.3277177810668945
2154,7.329622745513916
2155,7.301775932312012
2156,7.310650825500488
2157,7.318577289581299
2158,7.3191752433776855
2159,7.314013957977295
2160,7.286098003387451
2161,7.302741527557373
2162,7.317894458770752
2163,7.330111980438232
2164,7.307784080505371
2165,7.304211139678955
2166,7.32756233215332
2167,7.299581527709961
2168,7.3481292724609375
2169,7.307106971740723
2170,7.262051105499268
2171,7.262259006500244
2172,7.274545669555664
2173,7.314209938049316
2174,7.303359508514404
2175,7.27198600769043
2176,7.294790267944336
2177,7.325247287750244
2178,7.300571441650391
2179,7.338827133178711
2180,7.284232139587402
2181,7.331808567047119
2182,7.303887844085693
2183,7.30491828918457
2184,7.318182945251465
2185,7.283751487731934
2186,7.323387145996094
2187,7.323958396911621
2188,7.3063836097717285
2189,7.317255973815918
2190,7.3250603675842285
2191,7.314730167388916
2192,7.327113628387451
2193,7.285368919372559
2194,7.298820972442627
2195,7.36445426940918
2196,7.331737518310547
2197,7.322135925292969
2198,7.269200325012207
2199,7.285813808441162
2200,7.331905841827393
2201,7.2902936935424805
2202,7.284043312072754
2203,7.2755866050720215
2204,7.300328731536865
2205,7.337425708770752
2206,7.308367729187012
2207,7.318419456481934
2208,7.295629501342773
2209,7.2714152336120605
2210,7.339526176452637
2211,7.28457498550415
2212,7.327922821044922
2213,7.3042449951171875
2214,7.3387627601623535
2215,7.300024509429932
2216,7.300217628479004
2217,7.27623987197876
2218,7.3044514656066895
2219,7.297356128692627
2220,7.285713195800781
2221,7.267695903778076
2222,7.315850734710693
2223,7.306425094604492
2224,7.327397346496582
2225,7.296436309814453
2226,7.317148685455322
2227,7.339135646820068
2228,7.309493064880371
2229,7.3009843826293945
2230,7.2807087898254395
2231,7.298395156860352
2232,7.24844217300415
2233,7.304464340209961
2234,7.329253196716309
2235,7.291701793670654
2236,7.285443305969238
2237,7.330263137817383
2238,7.353130340576172
2239,7.293496608734131
2240,7.329729080200195
2241,7.335769176483154
2242,7.297765731811523
2243,7.323962211608887
2244,7.264264106750488
2245,7.164457321166992
2246,7.33022928237915
2247,7.3401994705200195
2248,7.309764385223389
2249,7.300509452819824
2250,7.244417190551758
2251,7.324142932891846
2252,7.3118486404418945
2253,7.330277919769287
2254,7.3007073402404785
2255,7.305118560791016
2256,7.287759780883789
2257,7.259870529174805
2258,7.275840759277344
2259,7.301202774047852
2260,7.339315891265869
2261,7.309191703796387
2262,7.289486885070801
2263,7.29147481918335
2264,7.306730270385742
2265,7.300072193145752
2266,7.252102851867676
2267,7.291383743286133
2268,7.298840045928955
2269,7.3308539390563965
2270,7.286066055297852
2271,7.277436256408691
2272,7.330469131469727
2273,7.236080169677734
2274,7.338866710662842
2275,7.309475421905518
2276,7.28906774520874
2277,7.329935550689697
2278,7.277493476867676
2279,7.307703018188477
2280,7.301943302154541
2281,7.314968109130859
2282,7.3107500076293945
2283,7.142204284667969
2284,7.29598331451416
2285,7.342662334442139
2286,7.31329345703125
2287,7.3018574714660645
2288,7.3403239250183105
2289,7.321779727935791
2290,7.333316802978516
2291,7.265354156494141
2292,7.365439414978027
2293,7.296788692474365
2294,7.305312156677246
2295,7.281413555145264
2296,7.31211519241333
2297,7.294979095458984
2298,7.322993278503418
2299,7.310689926147461
2300,7.287438869476318
2301,7.316943168640137
2302,7.302394866943359
2303,7.309036731719971
2304,7.350517272949219
2305,7.344003200531006
2306,7.3360915184021
2307,7.2597832679748535
2308,7.31641960144043
2309,7.304421901702881
2310,7.348033905029297
2311,7.287652015686035
2312,7.323522567749023
2313,7.312196731567383
2314,7.274574279785156
2315,7.290696620941162
2316,7.2875823974609375
2317,7.285895824432373
2318,7.3003058433532715
2319,7.301222324371338
2320,7.279711723327637
2321,7.294013500213623
2322,7.318519592285156
2323,7.306369304656982
2324,7.3330769538879395
2325,7.296966552734375
2326,7.347256183624268
2327,7.293455123901367
2328,7.279845714569092
2329,7.322844505310059
2330,7.267733573913574
2331,7.266548156738281
2332,7.27386999130249
2333,7.276232719421387
2334,7.2977471351623535
2335,7.309694290161133
2336,7.325283050537109
2337,7.356509685516357
2338,7.291213512420654
2339,7.310149669647217
2340,7.309435844421387
2341,7.267601490020752
2342,7.344269275665283
2343,7.288647174835205
2344,7.31030797958374
2345,7.332712650299072
2346,7.320892810821533
2347,7.319818496704102
2348,7.3187785148620605
2349,7.285018444061279
2350,7.264071941375732
2351,7.312917709350586
2352,7.273043155670166
2353,7.3094940185546875
2354,7.337001323699951
2355,7.318838596343994
2356,7.28234338760376
2357,7.331061840057373
2358,7.328671932220459
2359,7.346831321716309
2360,7.305275917053223
2361,7.284834861755371
2362,7.280652046203613
2363,7.2782979011535645
2364,7.290473937988281
2365,7.29892635345459
2366,7.292035102844238
2367,7.284363269805908
2368,7.276180267333984
2369,7.335803031921387
2370,7.329125881195068
2371,7.287393569946289
2372,7.339476108551025
2373,7.311060428619385
2374,7.3306074142456055
2375,7.357106685638428
2376,7.341312408447266
2377,7.3379693031311035
2378,7.296783447265625
2379,7.30412483215332
2380,7.315438747406006
2381,7.252076148986816
2382,7.300865650177002
2383,7.318812370300293
2384,7.29222297668457
2385,7.297539710998535
2386,7.282402038574219
2387,7.322275161743164
2388,7.301604270935059
2389,7.3043341636657715
2390,7.281316757202148
2391,7.298370838165283
2392,7.326080799102783
2393,7.272535800933838
2394,7.258638381958008
2395,7.332878589630127
2396,7.290695667266846
2397,7.300856113433838
2398,7.302939414978027
2399,7.316430568695068
2400,7.324174404144287
2401,7.338273048400879
2402,7.3346381187438965
2403,7.312260627746582
2404,7.312314987182617
2405,7.302721977233887
2406,7.320394992828369
2407,7.360725402832031
2408,7.285338401794434
2409,7.31997013092041
2410,7.32844352722168
2411,7.323606014251709
2412,7.3066086769104
2413,7.316425323486328
2414,7.280068874359131
2415,7.344844341278076
2416,7.323892116546631
2417,7.33597469329834
2418,7.306338310241699
2419,7.292531967163086
2420,7.272206783294678
2421,7.307333469390869
2422,7.2924089431762695
2423,7.323117256164551
2424,7.311606407165527
2425,7.256371021270752
2426,7.344176292419434
2427,7.293164253234863
2428,7.290652275085449
2429,7.2453532218933105
2430,7.310848236083984
2431,7.325068473815918
2432,7.338545799255371
2433,7.338160514831543
2434,7.316987991333008
2435,7.317155361175537
2436,7.308536529541016
2437,7.292951583862305
2438,7.325362205505371
2439,7.238395690917969
2440,7.3292236328125
2441,7.323915481567383
2442,7.313649654388428
2443,7.246472358703613
2444,7.303467750549316
2445,7.269469261169434
2446,7.345166206359863
2447,7.313684463500977
2448,7.29094934463501
2449,7.281071662902832
2450,7.274396896362305
2451,7.319429874420166
2452,7.317559719085693
2453,7.24735689163208
2454,7.284984111785889
2455,7.342523097991943
2456,7.3046956062316895
2457,7.315662860870361
2458,7.331216812133789
2459,7.267359256744385
2460,7.319736003875732
2461,7.337473392486572
2462,7.328732967376709
2463,7.3143744468688965
2464,7.3120551109313965
2465,7.308762073516846
2466,7.291768550872803
2467,7.311426639556885
2468,7.304328441619873
2469,7.27887487411499
2470,7.31705379486084
2471,7.303544998168945
2472,7.326191425323486
2473,7.279575347900391
2474,7.316080570220947
2475,7.295125961303711
2476,7.269564151763916
2477,7.305930137634277
2478,7.336803436279297
2479,7.326829433441162
2480,7.35912561416626
2481,7.293801307678223
2482,7.2958173751831055
2483,7.282890796661377
2484,7.313226699829102
2485,7.318011283874512
2486,7.294954299926758
2487,7.292685031890869
2488,7.341296672821045
2489,7.303400039672852
2490,7.2768707275390625
2491,7.305761337280273
2492,7.308748245239258
2493,7.329718112945557
2494,7.33524751663208
2495,7.321523666381836
2496,7.29347038269043
2497,7.29705810546875
2498,7.320760250091553
2499,7.313948154449463
2500,7.3178391456604
2501,7.288441181182861
2502,7.305332660675049
2503,7.290562152862549
2504,7.28806734085083
2505,7.306473731994629
2506,7.265939712524414
2507,7.362026214599609
2508,7.306004047393799
2509,7.299434661865234
2510,7.3052191734313965
2511,7.329695224761963
2512,7.307039737701416
2513,7.308391571044922
2514,7.311790466308594
2515,7.329666614532471
2516,7.318612098693848
2517,7.3066840171813965
2518,7.302574634552002
2519,7.303928375244141
2520,7.262798309326172
2521,7.313932418823242
2522,7.304867267608643
2523,7.289783477783203
2524,7.291933536529541
2525,7.296554088592529
2526,7.298948764801025
2527,7.340502738952637
2528,7.321685791015625
2529,7.330663204193115
2530,7.335904121398926
2531,7.308578014373779
2532,7.274010181427002
2533,7.288524150848389
2534,7.282240867614746
2535,7.293953895568848
2536,7.3360915184021
2537,7.295968532562256
2538,7.342278480529785
2539,7.324827671051025
2540,7.316374778747559
2541,7.310150146484375
2542,7.3348708152771
2543,7.265161514282227
2544,7.315713405609131
2545,7.348563194274902
2546,6.872626781463623
2547,7.346240997314453
2548,7.346673011779785
2549,7.300424575805664
2550,7.280803680419922
2551,7.31865930557251
2552,7.3027119636535645
2553,7.228322505950928
2554,7.313950538635254
2555,7.2848944664001465
2556,7.329320430755615
2557,7.291330814361572
2558,7.303062915802002
2559,7.307699203491211
2560,7.284743785858154
2561,7.343109130859375
2562,7.327484130859375
2563,7.325794696807861
2564,7.31261682510376
2565,7.304858207702637
2566,7.270957946777344
2567,7.263370037078857
2568,7.313640117645264
2569,7.320338726043701
2570,7.312224864959717
2571,7.308320045471191
2572,7.344724178314209
2573,7.318844318389893
2574,7.313032627105713
2575,7.299376010894775
2576,7.305373191833496
2577,7.311839580535889
2578,7.307997703552246
2579,7.310118675231934
2580,7.306560039520264
2581,7.305586338043213
2582,7.308004379272461
2583,7.309598922729492
2584,7.323204040527344
2585,7.2917799949646
2586,7.299136161804199
2587,7.3094635009765625
2588,7.342198848724365
2589,7.3275299072265625
2590,7.316714286804199
2591,7.277195930480957
2592,7.334322929382324
2593,7.340571403503418
2594,7.292429447174072
2595,7.314925193786621
2596,7.310018539428711
2597,7.339729309082031
2598,7.2917633056640625
2599,7.317040920257568
2600,7.331336975097656
2601,7.330296993255615
2602,7.29839563369751
2603,7.285261631011963
2604,7.287891864776611
2605,7.302520275115967
2606,7.264628887176514
2607,7.316810131072998
2608,7.312727928161621
2609,7.306067943572998
2610,7.2647809982299805
2611,7.314435005187988
2612,7.307676315307617
2613,7.324246883392334
2614,7.2890944480896
2615,7.281104564666748
2616,7.27448844909668
2617,7.319328784942627
2618,7.351293563842773
2619,7.310997009277344
2620,7.324032783508301
2621,7.336287975311279
2622,7.301598072052002
2623,7.3266425132751465
2624,7.2735700607299805
2625,7.310126781463623
2626,7.333637714385986
2627,7.2761101722717285
2628,7.272644996643066
2629,7.242977619171143
2630,7.335581302642822
2631,7.287945747375488
2632,7.304437160491943
2633,7.312328338623047
2634,7.318186283111572
2635,7.260992050170898
2636,7.305735111236572
2637,7.301207542419434
2638,7.30540657043457
2639,7.281367301940918
2640,7.2860212326049805
2641,7.322259902954102
2642,7.301072597503662
2643,7.294549465179443
2644,7.27765417098999
2645,7.290683746337891
2646,7.290543556213379
2647,7.248592853546143
2648,7.299177646636963
2649,7.334403991699219
2650,7.283260822296143
2651,7.326448917388916
2652,7.317628383636475
2653,7.281086444854736
2654,7.2734575271606445
2655,7.29266357421875
2656,7.269615650177002
2657,7.308382511138916
2658,7.30916690826416
2659,7.292832374572754
2660,7.319811820983887
2661,7.349992752075195
2662,7.301942825317383
2663,7.288763999938965
2664,7.336972713470459
2665,7.285849571228027
2666,7.28011417388916
2667,7.321815013885498
2668,7.365172863006592
2669,7.291057586669922
2670,7.306586742401123
2671,7.318490982055664
2672,7.270669460296631
2673,7.305396556854248
2674,7.342992782592773
2675,7.265402793884277
2676,7.264492034912109
2677,7.2773284912109375
2678,7.280138969421387
2679,7.315273761749268
2680,7.324268341064453
2681,7.330754280090332
2682,7.278243064880371
2683,7.229202747344971
2684,7.292455673217773
2685,7.349978923797607
2686,7.287637233734131
2687,7.306494235992432
2688,7.3236188888549805
2689,7.33720064163208
2690,7.318726062774658
2691,7.334624290466309
2692,7.36208963394165
2693,7.292580604553223
2694,7.28574275970459
2695,7.314570426940918
2696,7.322033882141113
2697,7.274142742156982
2698,7.315485954284668
2699,7.359644412994385
2700,7.321770191192627
2701,7.313553810119629
2702,7.289831161499023
2703,7.309184551239014
2704,7.268651008605957
2705,7.342522144317627
2706,7.2931365966796875
2707,7.282592296600342
2708,7.342084884643555
2709,7.307769298553467
2710,7.3034563064575195
2711,7.321429252624512
2712,7.325282096862793
2713,7.260478496551514
2714,7.2931342124938965
2715,7.285181999206543
2716,7.294459819793701
2717,7.311110019683838
2718,7.306750297546387
2719,7.348967552185059
2720,7.2778472900390625
2721,7.248682498931885
2722,7.325088024139404
2723,7.338751316070557
2724,7.292628288269043
2725,7.330163955688477
2726,7.28958797454834
2727,7.337127685546875
2728,7.276304244995117
2729,7.301488876342773
2730,7.293168544769287
2731,7.319204330444336
2732,7.2786478996276855
2733,7.309403419494629
2734,7.306795120239258
2735,7.317481517791748
2736,7.309287071228027
2737,7.29849100112915
2738,7.326441764831543
2739,7.310213088989258
2740,7.301014423370361
2741,7.281013488769531
2742,7.331055164337158
2743,7.31598424911499
2744,7.3219428062438965
2745,7.31220006942749
2746,7.312912464141846
2747,7.326554298400879
2748,7.329265117645264
2749,7.324534893035889
2750,7.2764201164245605
2751,7.279606819152832
2752,7.294083595275879
2753,7.301063537597656
2754,7.287023544311523
2755,7.300782680511475
2756,7.282313346862793
2757,7.334083557128906
2758,7.323569297790527
2759,7.318432807922363
2760,7.3652262687683105
2761,7.283580780029297
2762,7.3439788818359375
2763,7.279051303863525
2764,7.2527923583984375
2765,7.274141311645508
2766,7.287533760070801
2767,7.305047035217285
2768,7.318924427032471
2769,7.3319854736328125
2770,7.300241947174072
2771,7.3166117668151855
2772,7.304837703704834
2773,7.266359329223633
2774,7.300319194793701
2775,7.2927703857421875
2776,7.327434539794922
2777,7.327367782592773
2778,7.3041839599609375
2779,7.299713611602783
2780,7.31329870223999
2781,7.327700614929199
2782,7.282464981079102
2783,7.292681694030762
2784,7.3117499351501465
2785,7.299272537231445
2786,7.298015117645264
2787,7.346149444580078
2788,7.275752544403076
2789,7.292201519012451
2790,7.344050407409668
2791,7.333314418792725
2792,7.329530239105225
2793,7.291973114013672
2794,7.308255195617676
2795,7.295566082000732
2796,7.277557849884033
2797,7.261313438415527
2798,7.354886531829834
2799,7.313708305358887
2800,7.280807018280029
2801,7.287416458129883
2802,7.307130813598633
2803,7.283483028411865
2804,7.293962001800537
2805,7.303940296173096
2806,7.281229496002197
2807,7.318630695343018
2808,7.293888092041016
2809,7.355292797088623
2810,7.297885894775391
2811,7.286534786224365
2812,7.349079132080078
2813,7.342604160308838
2814,7.302441596984863
2815,7.2472615242004395
2816,7.152312755584717
2817,7.283422946929932
2818,7.3085856437683105
2819,7.242888927459717
2820,7.3076677322387695
2821,7.3004655838012695
2822,7.304165363311768
2823,7.314693450927734
2824,7.329314231872559
2825,7.3193864822387695
2826,7.319770812988281
2827,7.341078281402588
2828,7.306386470794678
2829,7.343299388885498
2830,7.32489013671875
2831,7.304743766784668
2832,7.297271728515625
2833,7.254779815673828
2834,7.299513339996338
2835,7.2971673011779785
2836,7.328271865844727
2837,7.3582763671875
2838,7.358467102050781
2839,7.275559425354004
2840,7.314357757568359
2841,7.304211139678955
2842,7.319410800933838
2843,7.300270080566406
2844,7.324626445770264
2845,7.329378128051758
2846,7.321259021759033
2847,7.2567458152771
2848,7.28331184387207
2849,7.2995429039001465
2850,7.268226623535156
2851,7.3134050369262695
2852,7.303610324859619
2853,7.314329624176025
2854,7.329963207244873
2855,7.332828998565674
2856,7.332955837249756
2857,7.269262313842773
2858,7.288528919219971
2859,7.3134050369262695
2860,7.304779529571533
2861,7.281076908111572
2862,7.3348188400268555
2863,7.300892353057861
2864,7.30490255355835
2865,7.322375297546387
2866,7.322782039642334
2867,7.279591083526611
2868,7.289879322052002
2869,7.298999309539795
2870,7.2953782081604
2871,7.323915004730225
2872,7.297695159912109
2873,7.241888046264648
2874,7.31349515914917
2875,7.29412841796875
2876,7.337957859039307
2877,7.290778636932373
2878,7.32960319519043
2879,7.340060234069824
2880,7.314489364624023
2881,7.308785438537598
2882,7.295987606048584
2883,7.345590114593506
2884,7.312018871307373
2885,7.336155414581299
2886,7.317933559417725
2887,7.3100457191467285
2888,7.271102428436279
2889,7.317651748657227
2890,7.316513538360596
2891,7.287318706512451
2892,7.307508945465088
2893,7.267402172088623
2894,7.303638458251953
2895,7.325733661651611
2896,7.324817657470703
2897,7.310072422027588
2898,7.3217315673828125
2899,7.294128894805908
2900,7.3154191970825195
2901,7.29049015045166
2902,7.294910430908203
2903,7.317577838897705
2904,7.341840744018555
2905,7.3070573806762695
2906,7.310713768005371
2907,7.304977893829346
2908,7.3182573318481445
2909,7.312806606292725
2910,7.353270053863525
2911,7.2495436668396
2912,7.2632036209106445
2913,7.323939323425293
2914,7.291899681091309
2915,7.257508754730225
2916,7.318271160125732
2917,7.319791793823242
2918,7.328139305114746
2919,7.284125328063965
2920,7.295410633087158
2921,7.350275039672852
2922,7.314489841461182
2923,7.306571960449219
2924,7.284026145935059
2925,7.30328893661499
2926,7.297506332397461
2927,7.310561656951904
2928,7.356077194213867
2929,7.307189464569092
2930,7.310823917388916
2931,7.319282531738281
2932,7.3110127449035645
2933,7.306049346923828
2934,7.266510963439941
2935,7.312831401824951
2936,7.337751388549805
2937,7.3483076095581055
2938,7.347099781036377
2939,7.26379919052124
2940,7.272287845611572
2941,7.323390960693359
2942,7.280642509460449
2943,7.296514987945557
2944,7.291189193725586
2945,7.322257995605469
2946,7.317859172821045
2947,7.31168794631958
2948,7.299474716186523
2949,7.2849955558776855
2950,7.314778804779053
2951,7.343854904174805
2952,7.249192714691162
2953,7.297350883483887
2954,7.2800493240356445
2955,7.2933549880981445
2956,7.303524494171143
2957,7.300120830535889
2958,7.28769063949585
2959,7.325399398803711
2960,7.3276753425598145
2961,7.286887168884277
2962,7.283588409423828
2963,7.314497470855713
2964,7.266457557678223
2965,7.3009934425354
2966,7.323915481567383
2967,7.2797088623046875
2968,7.2820329666137695
2969,7.327143669128418
2970,7.365629196166992
2971,7.283189296722412
2972,7.332357406616211
2973,7.307065486907959
2974,7.340972423553467
2975,7.331000328063965
2976,7.320323944091797
2977,7.328361511230469
2978,7.330687046051025
2979,7.2681097984313965
2980,7.294691562652588
2981,7.305792331695557
2982,7.298185348510742
2983,7.292797088623047
2984,7.311601161956787
2985,7.30403470993042
2986,7.321568012237549
2987,7.306616306304932
2988,7.275512218475342
2989,7.313451290130615
2990,7.317503929138184
2991,7.340215682983398
2992,7.292116641998291
2993,7.331994533538818
2994,7.278280735015869
2995,7.31263542175293
2996,7.340141296386719
2997,7.287336826324463
2998,7.29868745803833
2999,7.293829917907715
3000,7.276429653167725
3001,7.2838521003723145
3002,7.321473598480225
3003,7.324060916900635
3004,7.332645893096924
3005,7.283778190612793
3006,7.3242692947387695
3007,7.295905590057373
3008,7.305924415588379
3009,7.311315536499023
3010,7.3342204093933105
3011,7.312382221221924
3012,7.296173572540283
3013,7.302849769592285
3014,7.274733543395996
3015,7.291502952575684
3016,7.315187454223633
3017,7.278890609741211
3018,7.304168701171875
3019,7.292316913604736
3020,7.308187961578369
3021,7.301208972930908
3022,7.326510906219482
3023,7.279915809631348
3024,7.30100679397583
3025,7.301333904266357
3026,7.307223796844482
3027,7.323849678039551
3028,7.314141273498535
3029,7.320323467254639
3030,7.312426567077637
3031,7.295596122741699
3032,7.2769575119018555
3033,7.256826400756836
3034,7.2732768058776855
3035,7.287484169006348
3036,7.317644119262695
3037,7.299343585968018
3038,7.279861927032471
3039,7.285279273986816
3040,7.32901668548584
3041,7.299582481384277
3042,7.334787845611572
3043,7.2328386306762695
3044,7.350964546203613
3045,7.320669174194336
3046,7.300355434417725
3047,7.314584255218506
3048,7.302392959594727
3049,7.310216426849365
3050,7.324189186096191
3051,7.289718151092529
3052,7.27858829498291
3053,7.314146995544434
3054,7.307884216308594
3055,7.352435111999512
3056,7.289318084716797
3057,7.299227237701416
3058,7.318507194519043
3059,7.291329383850098
3060,7.31473445892334
3061,7.3315019607543945
3062,7.288424491882324
3063,7.339737892150879
3064,7.255118370056152
3065,7.314132213592529
3066,7.299004077911377
3067,7.331441402435303
3068,7.289103984832764
3069,7.267458915710449
3070,7.357698917388916
3071,7.2774834632873535
3072,7.265868186950684
3073,7.328906536102295
3074,7.325860023498535
3075,7.3173017501831055
3076,7.314675807952881
3077,7.295522212982178
3078,7.341856479644775
3079,7.303061485290527
3080,7.285741329193115
3081,7.284240245819092
3082,7.300994873046875
3083,7.311039924621582
3084,7.361516952514648
3085,7.310098171234131
3086,7.287411689758301
3087,7.317958831787109
3088,7.3249030113220215
3089,7.34556770324707
3090,7.321914196014404
3091,7.2947306632995605
3092,7.294213771820068
3093,7.279598236083984
3094,7.2561492919921875
3095,7.313986778259277
3096,7.32541036605835
3097,7.312816619873047
3098,7.267662525177002
3099,7.285699844360352
3100,7.297337532043457
3101,7.328181743621826
3102,7.279943943023682
3103,7.304052829742432
3104,7.301233291625977
3105,7.299537658691406
3106,7.3285603523254395
3107,7.292616367340088
3108,7.341201305389404
3109,7.326711177825928
3110,7.304171562194824
3111,7.318669319152832
3112,7.3230133056640625
3113,7.282433032989502
3114,7.301321506500244
3115,7.301986217498779
3116,7.366154670715332
3117,7.325433254241943
3118,7.313231945037842
3119,7.272407054901123
3120,7.3031840324401855
3121,7.30851936340332
3122,7.289407730102539
3123,7.328351974487305
3124,7.29002046585083
3125,7.328514575958252
3126,7.282625675201416
3127,7.29604434967041
3128,7.287646293640137
3129,7.334095001220703
3130,7.290596961975098
3131,7.318354606628418
3132,7.274421215057373
3133,7.287188529968262
3134,7.2618889808654785
3135,7.305695056915283
3136,7.355656147003174
3137,7.344838619232178
3138,7.321538925170898
3139,7.307375431060791
3140,7.300248146057129
3141,7.334933757781982
3142,7.3439106941223145
3143,7.323958396911621
3144,7.319859027862549
3145,7.320816993713379
3146,7.324181079864502
3147,7.216261386871338
3148,7.33530855178833
3149,7.338472366333008
3150,7.315937519073486
3151,7.303189277648926
3152,7.339114189147949
3153,7.344729423522949
3154,7.300247669219971
3155,7.3504133224487305
3156,7.298739910125732
3157,7.2870917320251465
3158,7.322902679443359
3159,7.320077896118164
3160,7.3237152099609375
3161,7.333592414855957
3162,7.342619895935059
3163,7.30272102355957
3164,7.280845642089844
3165,7.261650085449219
3166,7.329592227935791
3167,7.3169755935668945
3168,7.280239582061768
3169,7.2850189208984375
3170,7.261817932128906
3171,7.278683185577393
3172,7.293208599090576
3173,7.314609050750732
3174,7.31411600112915
3175,7.316469192504883
3176,7.298464775085449
3177,7.296072959899902
3178,7.309549808502197
3179,7.276937961578369
3180,7.276703357696533
3181,7.328084945678711
3182,7.321677207946777
3183,7.291715621948242
3184,7.291989326477051
3185,7.3203816413879395
3186,7.291925430297852
3187,7.344210624694824
3188,7.3091607093811035
3189,7.308858394622803
3190,7.250025749206543
3191,7.33251953125
3192,7.279053688049316
3193,7.3160481452941895
3194,7.3160529136657715
3195,7.32834529876709
3196,7.302183151245117
3197,7.262240886688232
3198,7.264593124389648
3199,7.316135883331299
3200,7.258349418640137
3201,7.346558570861816
3202,7.299909591674805
3203,7.33364200592041
3204,7.281033515930176
3205,7.2923173904418945
3206,7.361494064331055
3207,7.314871788024902
3208,7.307941913604736
3209,7.3452324867248535
3210,7.277608394622803
3211,7.318095684051514
3212,7.265892028808594
3213,7.34126091003418
3214,7.325146198272705
3215,7.225306987762451
3216,7.334628105163574
3217,7.277339935302734
3218,7.315248489379883
3219,7.290644645690918
3220,7.265212535858154
3221,7.256335258483887
3222,7.299082279205322
3223,7.275128364562988
3224,7.332099914550781
3225,7.331063747406006
3226,7.245156764984131
3227,7.301370620727539
3228,7.317905426025391
3229,7.306785583496094
3230,7.305850982666016
3231,7.323850631713867
3232,7.3191094398498535
3233,7.294178009033203
3234,7.2938432693481445
3235,7.285176753997803
3236,7.301451206207275
3237,7.303963661193848
3238,7.313675403594971
3239,7.315377712249756
3240,7.322565078735352
3241,7.289252758026123
3242,7.306374549865723
3243,7.280575275421143
3244,7.320028781890869
3245,7.324414253234863
3246,7.308609962463379
3247,7.323654651641846
3248,7.311629772186279
3249,7.323339939117432
3250,7.345889091491699
3251,7.339401721954346
3252,7.29988956451416
3253,7.307773590087891
3254,7.2948503494262695
3255,7.310334205627441
3256,7.311212539672852
3257,7.323634624481201
3258,7.297244548797607
3259,7.342991828918457
3260,7.33309268951416
3261,7.315112113952637
3262,7.301233291625977
3263,7.386507034301758
3264,7.310329437255859
3265,7.294083118438721
3266,7.271388530731201
3267,7.308522701263428
3268,7.2963547706604
3269,7.28781795501709
3270,7.29080867767334
3271,7.284204006195068
3272,7.3082990646362305
3273,7.050304889678955
3274,7.287318229675293
3275,7.313741207122803
3276,7.32826042175293
3277,7.279647350311279
3278,7.323075771331787
3279,7.346768379211426
3280,7.297591686248779
3281,7.307145595550537
3282,7.31154203414917
3283,7.292336940765381
3284,7.287851810455322
3285,7.304809093475342
3286,7.3085432052612305
3287,7.279601097106934
3288,7.304670333862305
3289,7.304414749145508
3290,7.341123104095459
3291,7.294158458709717
3292,7.333712100982666
3293,7.290115833282471
3294,7.3201775550842285
3295,7.303578853607178
3296,7.276650428771973
3297,7.304637908935547
3298,7.293020725250244
3299,7.332945346832275
3300,7.337294101715088
3301,7.323812961578369
3302,7.281632423400879
3303,7.324907302856445
3304,7.30336856842041
3305,7.313718795776367
3306,7.283833026885986
3307,7.313662528991699
3308,7.3223114013671875
3309,7.299239635467529
3310,7.306416034698486
3311,7.321876525878906
3312,7.272277355194092
3313,7.325257301330566
3314,7.281548023223877
3315,7.268466472625732
3316,7.304455280303955
3317,7.296480178833008
3318,7.321418285369873
3319,7.290902137756348
3320,7.275661468505859
3321,7.280570983886719
3322,7.287533283233643
3323,7.351359844207764
3324,7.323822975158691
3325,7.326847553253174
3326,7.267991065979004
3327,7.289691925048828
3328,7.332992076873779
3329,7.281088829040527
3330,7.345283508300781
3331,7.2786149978637695
3332,7.324540138244629
3333,7.263408660888672
3334,7.3932342529296875
3335,7.304785251617432
3336,7.349806308746338
3337,7.3304123878479
3338,7.298089981079102
3339,7.3161139488220215
3340,7.312048435211182
3341,7.338930606842041
3342,7.265109539031982
3343,7.326018810272217
3344,7.350216865539551
3345,7.296299934387207
3346,7.266671657562256
3347,7.3486223220825195
3348,7.28450345993042
3349,7.323130130767822
3350,7.295050144195557
3351,7.2963972091674805
3352,7.319427490234375
3353,7.301420211791992
3354,7.333432197570801
3355,7.2997565269470215
3356,7.287655353546143
3357,7.291977882385254
3358,7.299160003662109
3359,7.299790382385254
3360,7.345211505889893
3361,7.336621284484863
3362,7.285778999328613
3363,7.299380302429199
3364,7.320931911468506
3365,7.26049280166626
3366,7.311738014221191
3367,7.307393550872803
3368,7.262729644775391
3369,7.331752777099609
3370,7.336050510406494
3371,7.3146820068359375
3372,7.317111968994141
3373,7.339159965515137
3374,7.310751914978027
3375,7.295976161956787
3376,7.321109771728516
3377,7.2995171546936035
3378,7.283173561096191
3379,7.291967868804932
3380,7.3287835121154785
3381,7.309215545654297
3382,7.359153747558594
3383,7.255085468292236
3384,7.328817367553711
3385,7.323029518127441
3386,7.312014579772949
3387,7.294260501861572
3388,7.253238201141357
3389,7.363741397857666
3390,7.313313961029053
3391,7.270630359649658
3392,7.3216047286987305
3393,7.33418607711792
3394,7.297833442687988
3395,7.28416109085083
3396,7.342800617218018
3397,7.298298358917236
3398,7.303914546966553
3399,7.272825241088867
3400,7.307384014129639
3401,7.2865071296691895
3402,7.3125457763671875
3403,7.317014694213867
3404,7.303874492645264
3405,7.330111980438232
3406,7.316734790802002
3407,7.277662754058838
3408,7.327981948852539
3409,7.282896041870117
3410,7.296692371368408
3411,7.322327136993408
3412,7.320051670074463
3413,7.331016540527344
3414,7.322483539581299
3415,7.307773113250732
3416,7.319287300109863
3417,7.2460126876831055
3418,7.334753513336182
3419,7.287899971008301
3420,7.350198268890381
3421,7.300349712371826
3422,7.285811901092529
3423,7.320637226104736
3424,7.349250793457031
3425,7.283425331115723
3426,7.294373035430908
3427,7.31146764755249
3428,7.344786167144775
3429,7.298732757568359
3430,7.2658233642578125
3431,7.310805797576904
3432,7.286838531494141
3433,7.277014255523682
3434,7.297571182250977
3435,7.307904243469238
3436,7.294432163238525
3437,7.314454078674316
3438,7.303640365600586
3439,7.280553340911865
3440,7.343198299407959
3441,7.286649703979492
3442,7.274225234985352
3443,7.326081275939941
3444,7.298667907714844
3445,7.321591854095459
3446,7.331747531890869
3447,7.3150315284729
3448,7.282226085662842
3449,7.332705974578857
3450,7.29983377456665
3451,7.268701553344727
3452,7.303019046783447
3453,7.333561897277832
3454,7.333880424499512
3455,7.304560661315918
3456,7.306288719177246
3457,7.303714752197266
3458,7.311229705810547
3459,7.313732147216797
3460,7.3159966468811035
3461,7.286378383636475
3462,7.2768144607543945
3463,7.27531623840332
3464,7.323233604431152
3465,7.331792831420898
3466,7.3048529624938965
3467,7.342041492462158
3468,7.263418674468994
3469,7.357403755187988
3470,7.287615776062012
3471,7.301305294036865
3472,7.30436372756958
3473,7.383319854736328
3474,7.323435306549072
3475,7.280204772949219
3476,7.310234069824219
3477,7.328151702880859
3478,7.295989513397217
3479,7.3304548263549805
3480,7.306235313415527
3481,7.255911350250244
3482,7.333127975463867
3483,7.294023036956787
3484,7.309859752655029
3485,7.301675319671631
3486,7.334161281585693
3487,7.267061233520508
3488,7.272399425506592
3489,7.3134918212890625
3490,7.325378894805908
3491,7.327103614807129
3492,7.32149076461792
3493,7.342682838439941
3494,7.310920715332031
3495,7.313500881195068
3496,7.326379299163818
3497,7.31104850769043
3498,7.294905662536621
3499,7.305165767669678
3500,7.305531978607178
3501,7.300543785095215
3502,7.2987589836120605
3503,7.29966926574707
3504,7.300008773803711
3505,7.284445285797119
3506,7.328792095184326
3507,7.298593521118164
3508,7.247107028961182
3509,7.298596382141113
3510,7.328402519226074
3511,7.354963779449463
3512,7.317720413208008
3513,7.348124980926514
3514,7.342571258544922
3515,7.3072919845581055
3516,7.276342391967773
3517,7.284436225891113
3518,7.2525811195373535
3519,7.2713470458984375
3520,7.309021949768066
3521,7.337672233581543
3522,7.309220314025879
3523,7.283895969390869
3524,7.3030104637146
3525,7.315237045288086
3526,7.351247787475586
3527,7.320192813873291
3528,7.3346734046936035
3529,7.315154075622559
3530,7.298190593719482
3531,7.335206985473633
3532,7.314929008483887
3533,7.281823635101318
3534,7.324621200561523
3535,7.2732014656066895
3536,7.294763088226318
3537,7.309937000274658
3538,7.2889251708984375
3539,7.306884765625
3540,7.370331764221191
3541,7.272924900054932
3542,7.279925346374512
3543,7.295437812805176
3544,7.328848838806152
3545,7.299789905548096
3546,7.3081769943237305
3547,7.315402984619141
3548,7.278977394104004
3549,7.3178510665893555
3550,7.3012566566467285
3551,7.285952568054199
3552,7.320199012756348
3553,7.317547798156738
3554,7.319368839263916
3555,7.290643692016602
3556,7.299463748931885
3557,7.2800726890563965
3558,7.305487632751465
3559,7.288557052612305
3560,7.244948387145996
3561,7.340492248535156
3562,7.290920734405518
3563,7.271338939666748
3564,7.307348251342773
3565,7.341594219207764
3566,7.325296401977539
3567,7.287874698638916
3568,7.309757232666016
3569,7.3062334060668945
3570,7.294057369232178
3571,7.295829772949219
3572,7.308064937591553
3573,7.310422897338867
3574,7.280959606170654
3575,7.256432056427002
3576,7.314233303070068
3577,7.3629069328308105
3578,7.31778621673584
3579,7.304322242736816
3580,7.330188274383545
3581,7.303638935089111
3582,7.338619232177734
3583,7.284923076629639
3584,7.2835187911987305
3585,7.330977439880371
3586,7.314033031463623
3587,7.315402030944824
3588,7.30987548828125
3589,7.316397666931152
3590,7.307608604431152
3591,7.321366310119629
3592,7.363663196563721
3593,7.303097248077393
3594,7.3001861572265625
3595,7.341607570648193
3596,7.329684734344482
3597,7.326216220855713
3598,7.304704666137695
3599,7.317288398742676
3600,7.286672115325928
3601,7.297052383422852
3602,7.29986572265625
3603,7.283424377441406
3604,7.313483238220215
3605,7.311031818389893
3606,7.299422740936279
3607,7.318870544433594
3608,7.302938461303711
3609,7.320965766906738
3610,7.311459541320801
3611,7.33853816986084
3612,7.292388439178467
3613,7.310991287231445
3614,7.259174823760986
3615,7.331393241882324
3616,7.31522798538208
3617,7.288470268249512
3618,7.322805881500244
3619,7.297143936157227
3620,7.32888126373291
3621,7.3058247566223145
3622,7.297811985015869
3623,7.265786170959473
3624,7.279494762420654
3625,7.306788921356201
3626,7.319529056549072
3627,7.311147212982178
3628,7.30496072769165
3629,7.300135612487793
3630,7.325883865356445
3631,7.345644474029541
3632,7.324858665466309
3633,7.314308166503906
3634,7.289338111877441
3635,7.307647228240967
3636,7.301706790924072
3637,7.295806884765625
3638,7.272691249847412
3639,7.309968948364258
3640,7.265231609344482
3641,7.3070855140686035
3642,7.275630474090576
3643,7.252594947814941
3644,7.312094688415527
3645,7.261443138122559
3646,7.2989020347595215
3647,7.288241386413574
3648,7.299181938171387
3649,7.270401954650879
3650,7.282064437866211
3651,7.346161365509033
3652,7.290712833404541
3653,7.324062824249268
3654,7.2939534187316895
3655,7.304919719696045
3656,7.2956156730651855
3657,7.255406379699707
3658,7.284848213195801
3659,7.252264976501465
3660,7.315383434295654
3661,7.328628063201904
3662,7.347578525543213
3663,7.33517599105835
3664,7.308046340942383
3665,7.30556583404541
3666,7.312821865081787
3667,7.3040924072265625
3668,7.325519561767578
3669,7.328749656677246
3670,7.308633327484131
3671,7.308737754821777
3672,7.342514514923096
3673,7.290790557861328
3674,7.280187606811523
3675,7.289017200469971
3676,7.319275856018066
3677,7.339800834655762
3678,7.324307441711426
3679,7.319476127624512
3680,7.284700393676758
3681,7.294797897338867
3682,7.2948784828186035
3683,7.334071636199951
3684,7.320674896240234
3685,7.316490650177002
3686,7.2990522384643555
3687,7.310173511505127
3688,7.318205833435059
3689,7.318325519561768
3690,7.296392440795898
3691,7.307868480682373
3692,7.335478782653809
3693,7.31845760345459
3694,7.318444728851318
3695,7.318390846252441
3696,7.298826694488525
3697,7.331863880157471
3698,7.308588981628418
3699,7.293727397918701
3700,7.309552192687988
3701,7.352356433868408
3702,7.2794718742370605
3703,7.3401923179626465
3704,7.288362979888916
3705,7.3105950355529785
3706,7.2797417640686035
3707,7.319108486175537
3708,7.3048930168151855
3709,7.335414409637451
3710,7.29987096786499
3711,7.305097579956055
3712,7.329638481140137
3713,7.281815052032471
3714,7.284577369689941
3715,7.275529384613037
3716,7.307661056518555
3717,7.303816795349121
3718,7.3049235343933105
3719,7.3342719078063965
3720,7.319911003112793
3721,7.298550128936768
3722,7.3331403732299805
3723,7.305719375610352
3724,7.287112236022949
3725,7.274964809417725
3726,7.2978410720825195
3727,7.310772895812988
3728,7.303228378295898
3729,7.289116859436035
3730,7.320287227630615
3731,7.287124156951904
3732,7.270322799682617
3733,7.270912170410156
3734,7.295109748840332
3735,7.2603020668029785
3736,7.288748741149902
3737,7.279291152954102
3738,7.295595645904541
3739,7.305402755737305
3740,7.2920074462890625
3741,7.2961201667785645
3742,7.356308460235596
3743,7.306910037994385
3744,7.33070182800293
3745,7.355037689208984
3746,7.31104850769043
3747,7.360836029052734
3748,7.333626747131348
3749,7.291057586669922
3750,7.3200483322143555
3751,7.321023464202881
3752,7.320247173309326
3753,7.304027080535889
3754,7.344192981719971
3755,7.289374351501465
3756,7.203071594238281
3757,7.273268222808838
3758,7.278876304626465
3759,7.327813625335693
3760,7.296180248260498
3761,7.31694221496582
3762,7.27592134475708
3763,7.298709869384766
3764,7.314801216125488
3765,7.322494029998779
3766,7.315845966339111
3767,7.303920269012451
3768,7.347050666809082
3769,7.319848537445068
3770,7.283969402313232
3771,7.3079752922058105
3772,7.318845748901367
3773,7.268399715423584
3774,7.31351375579834
3775,7.317221641540527
3776,7.24093770980835
3777,7.274127006530762
3778,7.310390472412109
3779,7.320353984832764
3780,7.3562421798706055
3781,7.291739463806152
3782,7.287618160247803
3783,7.353869915008545
3784,7.352115154266357
3785,7.299778461456299
3786,7.289317607879639
3787,7.319159030914307
3788,7.279580116271973
3789,7.30444860458374
3790,7.299844264984131
3791,7.366543292999268
3792,7.279084205627441
3793,7.244718074798584
3794,7.29338264465332
3795,7.35101842880249
3796,7.310666561126709
3797,7.3101887702941895
3798,7.313281536102295
3799,7.325774669647217
3800,7.343592166900635
3801,7.328426361083984
3802,7.349581718444824
3803,7.310009956359863
3804,7.313015460968018
3805,7.334235668182373
3806,7.327152729034424
3807,7.324275970458984
3808,7.304296493530273
3809,7.317609786987305
3810,7.3307929039001465
3811,7.334655284881592
3812,7.29254674911499
3813,7.276772499084473
3814,7.314676761627197
3815,7.31211519241333
3816,7.339712142944336
3817,7.328062057495117
3818,7.301527500152588
3819,7.294774532318115
3820,7.276134967803955
3821,7.293400287628174
3822,7.333125114440918
3823,7.3297648429870605
3824,7.3128180503845215
3825,7.314492225646973
3826,7.338512420654297
3827,7.28678560256958
3828,7.3413310050964355
3829,7.300987720489502
3830,7.322004795074463
3831,7.293125629425049
3832,7.2790207862854
3833,7.297811985015869
3834,7.307279586791992
3835,7.316962718963623
3836,7.304861068725586
3837,7.328929424285889
3838,7.341541290283203
3839,7.354454517364502
3840,7.34185791015625
3841,7.319003105163574
3842,7.331204414367676
3843,7.312559127807617
3844,7.305225849151611
3845,7.342365264892578
3846,7.265964508056641
3847,7.308938026428223
3848,7.2881879806518555
3849,7.311681270599365
3850,7.290204048156738
3851,7.341371536254883
3852,7.329929351806641
3853,7.327983856201172
3854,7.30363130569458
3855,7.304113864898682
3856,7.264989376068115
3857,7.314827919006348
3858,7.304399013519287
3859,7.332832336425781
3860,7.346428394317627
3861,7.282656192779541
3862,7.317041397094727
3863,7.3239264488220215
3864,7.324862480163574
3865,7.330424785614014
3866,7.276738166809082
3867,7.335516929626465
3868,7.298899173736572
3869,7.29642915725708
3870,7.322710990905762
3871,7.326763153076172
3872,7.299860000610352
3873,7.277655124664307
3874,7.319050312042236
3875,7.310725688934326
3876,7.315428256988525
3877,7.32576322555542
3878,7.3092546463012695
3879,7.351045608520508
3880,7.304879188537598
3881,7.275104999542236
3882,7.373500347137451
3883,7.329806804656982
3884,7.320658206939697
3885,7.311609268188477
3886,7.3196492195129395
3887,7.310678958892822
3888,7.268912315368652
3889,7.307804107666016
3890,7.325979232788086
3891,7.332393646240234
3892,7.295314311981201
3893,7.347180366516113
3894,7.318032741546631
3895,7.338719844818115
3896,7.271449089050293
3897,7.312275409698486
3898,7.308573246002197
3899,7.319599628448486
3900,7.29930305480957
3901,7.294994354248047
3902,7.310131072998047
3903,7.293598651885986
3904,7.36563777923584
3905,7.358054161071777
3906,7.3223676681518555
3907,7.321543216705322
3908,7.312971591949463
3909,7.323450565338135
3910,7.306089878082275
3911,7.31203556060791
3912,7.3021321296691895
3913,7.273703575134277
3914,7.276024341583252
3915,7.240481853485107
3916,7.300404071807861
3917,7.310250759124756
3918,7.321026802062988
3919,7.2959208488464355
3920,7.285133361816406
3921,7.327203273773193
3922,7.292506694793701
3923,7.2972307205200195
3924,7.330600261688232
3925,7.291512489318848
3926,7.298097133636475
3927,7.263790130615234
3928,7.320126533508301
3929,7.307887077331543
3930,7.306640625
3931,7.321979522705078
3932,7.321012496948242
3933,7.3196306228637695
3934,7.32161283493042
3935,7.333803653717041
3936,7.296775817871094
3937,7.328907012939453
3938,7.292583465576172
3939,7.3294525146484375
3940,7.300247669219971
3941,7.3043928146362305
3942,7.297071933746338
3943,7.327484130859375
3944,7.35568904876709
3945,7.326598167419434
3946,7.314314842224121
3947,7.334693908691406
3948,7.318619728088379
3949,7.286974906921387
3950,7.314839839935303
3951,7.2463698387146
3952,7.299312591552734
3953,7.297607421875
3954,7.297662258148193
3955,7.3136138916015625
3956,7.296687602996826
3957,7.33085823059082
3958,7.335005760192871
3959,7.280454635620117
3960,7.320186138153076
3961,7.282329559326172
3962,7.2898640632629395
3963,7.28368616104126
3964,7.313467025756836
3965,7.3348164558410645
3966,7.322603225708008
3967,7.2824602127075195
3968,7.299837112426758
3969,7.339812278747559
3970,7.331622123718262
3971,7.281091690063477
3972,7.32385778427124
3973,7.347611427307129
3974,7.276696681976318
3975,7.324890613555908
3976,7.298243522644043
3977,7.318878650665283
3978,7.3254523277282715
3979,7.3093085289001465
3980,7.292168617248535
3981,7.318732738494873
3982,7.2813897132873535
3983,7.321226596832275
3984,7.3108978271484375
3985,7.326393127441406
3986,7.300934314727783
3987,7.28037166595459
3988,7.280318737030029
3989,7.298209190368652
3990,7.33754301071167
3991,7.272294998168945
3992,7.310611724853516
3993,7.294862270355225
3994,7.344126224517822
3995,7.312182903289795
3996,7.325571060180664
3997,7.296006679534912
3998,7.352811336517334
3999,7.323897838592529
4000,7.300296783447266
4001,7.29901123046875
4002,7.325515270233154
4003,7.363263130187988
4004,7.322012424468994
4005,7.344198703765869
4006,7.308431625366211
4007,7.278799533843994
4008,7.3130621910095215
4009,7.300286293029785
4010,7.331298351287842
4011,7.312347888946533
4012,7.3107686042785645
4013,7.2840189933776855
4014,7.299090385437012
4015,7.290037155151367
4016,7.295107364654541
4017,7.299282550811768
4018,7.297223091125488
4019,7.323143482208252
4020,7.316867351531982
4021,7.294589519500732
4022,7.305896282196045
4023,7.326537609100342
4024,7.317461013793945
4025,7.312835693359375
4026,7.302927017211914
4027,7.313833713531494
4028,7.2940874099731445
4029,7.321695327758789
4030,7.2767181396484375
4031,7.32110071182251
4032,7.29640531539917
4033,7.2900710105896
4034,7.303914546966553
4035,7.301942348480225
4036,7.314231872558594
4037,7.347693920135498
4038,7.31557559967041
4039,7.311727523803711
4040,7.324395179748535
4041,7.33768367767334
4042,7.282286643981934
4043,7.277766227722168
4044,7.33908748626709
4045,7.283268928527832
4046,7.343426704406738
4047,7.281778335571289
4048,7.304440975189209
4049,7.3153486251831055
4050,7.3141889572143555
4051,7.333151340484619
4052,7.303375720977783
4053,7.319360256195068
4054,7.331341743469238
4055,7.322661876678467
4056,7.311892032623291
4057,7.334782123565674
4058,7.345559120178223
4059,7.343472003936768
4060,7.317667484283447
4061,7.2959303855896
4062,7.2801971435546875
4063,7.288636207580566
4064,7.327272891998291
4065,7.331926345825195
4066,7.320570468902588
4067,7.342670917510986
4068,7.294062614440918
4069,7.275822639465332
4070,7.297360897064209
4071,7.2855143547058105
4072,7.287256240844727
4073,7.296847343444824
4074,7.29685640335083
4075,7.29391622543335
4076,7.320100784301758
4077,7.304781436920166
4078,7.30885648727417
4079,7.288502216339111
4080,7.348488807678223
4081,7.331654071807861
4082,7.2531046867370605
4083,7.305388927459717
4084,7.326797008514404
4085,7.303329944610596
4086,7.287965297698975
4087,7.313392162322998
4088,7.310517311096191
4089,7.287022113800049
4090,7.284168243408203
4091,7.343526840209961
4092,7.297314643859863
4093,7.321392059326172
4094,7.323106288909912
4095,7.294486999511719
4096,7.29395055770874
4097,7.32449197769165
4098,7.340421199798584
4099,7.223698616027832
4100,7.286524772644043
4101,7.322654724121094
4102,7.341994285583496
4103,7.286612510681152
4104,7.301898002624512
4105,7.32100248336792
4106,7.278788089752197
4107,7.286985874176025
4108,7.2835187911987305
4109,7.343145847320557
4110,7.307449817657471
4111,7.324068546295166
4112,7.2872161865234375
4113,7.315922260284424
4114,7.296512126922607
4115,7.292294979095459
4116,7.299161434173584
4117,7.316418647766113
4118,7.308462619781494
4119,7.298528671264648
4120,7.30539083480835
4121,7.336305618286133
4122,7.3188910484313965
4123,7.3185858726501465
4124,7.317220211029053
4125,7.299256801605225
4126,7.317654132843018
4127,7.32485294342041
4128,7.32086706161499
4129,7.311479568481445
4130,7.281047821044922
4131,7.328658580780029
4132,7.304690361022949
4133,7.315781116485596
4134,7.334344863891602
4135,7.320071220397949
4136,7.309453964233398
4137,7.287476062774658
4138,7.27506160736084
4139,7.322078704833984
4140,7.2650065422058105
4141,7.268895626068115
4142,7.334408283233643
4143,7.277889251708984
4144,7.322879791259766
4145,7.297540664672852
4146,7.298614025115967
4147,7.288793087005615
4148,7.310080528259277
4149,7.3266987800598145
4150,7.301405906677246
4151,7.295731544494629
4152,7.309010982513428
4153,7.331695556640625
4154,7.247155666351318
4155,7.308096885681152
4156,7.328842639923096
4157,7.306827545166016
4158,7.3338799476623535
4159,7.288867950439453
4160,7.30745267868042
4161,7.319058895111084
4162,7.304586887359619
4163,7.345139503479004
4164,7.314697742462158
4165,7.335973739624023
4166,7.283847808837891
4167,7.351202011108398
4168,7.283543586730957
4169,7.3234710693359375
4170,7.30388879776001
4171,7.3336405754089355
4172,7.316349506378174
4173,7.3501296043396
4174,7.302481651306152
4175,7.302069187164307
4176,7.244523048400879
4177,7.31882381439209
4178,7.294449329376221
4179,7.311371803283691
4180,7.291364669799805
4181,7.293308734893799
4182,7.2988505363464355
4183,7.306819438934326
4184,7.329133987426758
4185,7.321200370788574
4186,7.28151273727417
4187,7.291126251220703
4188,7.282597541809082
4189,7.330783843994141
4190,7.3134260177612305
4191,7.298741340637207
4192,7.312332630157471
4193,7.315982341766357
4194,7.315011501312256
4195,7.284357070922852
4196,7.288578987121582
4197,7.31433629989624
4198,7.313350200653076
4199,7.301149845123291
4200,7.311741828918457
4201,7.326899528503418
4202,7.2957892417907715
4203,7.306669235229492
4204,7.292622089385986
4205,7.292119026184082
4206,7.28474235534668
4207,7.290646076202393
4208,7.31726598739624
4209,7.298496723175049
4210,7.26434850692749
4211,7.3567352294921875
4212,7.298224925994873
4213,7.325231075286865
4214,7.310290336608887
4215,7.279455184936523
4216,7.2969770431518555
4217,7.351720809936523
4218,7.3171234130859375
4219,7.318933963775635
4220,7.283277988433838
4221,7.308012008666992
4222,7.337612628936768
4223,7.290835857391357
4224,7.3044939041137695
4225,7.295473575592041
4226,7.2972211837768555
4227,7.306880950927734
4228,7.340286731719971
4229,7.316404342651367
4230,7.356144428253174
4231,7.306527614593506
4232,7.134228706359863
4233,7.347343444824219
4234,7.301992893218994
4235,7.278663158416748
4236,7.316034317016602
4237,7.361614227294922
4238,7.310083866119385
4239,7.296146392822266
4240,7.301825523376465
4241,7.325684547424316
4242,7.299479007720947
4243,7.2981181144714355
4244,7.297399520874023
4245,7.290024757385254
4246,7.278635501861572
4247,7.285454273223877
4248,7.325179100036621
4249,7.278408527374268
4250,7.260310173034668
4251,7.358924865722656
4252,7.3524088859558105
4253,7.308737277984619
4254,7.3427934646606445
4255,7.2930707931518555
4256,7.28839635848999
4257,7.310764789581299
4258,7.356988430023193
4259,7.300440311431885
4260,7.327334880828857
4261,7.326521396636963
4262,7.29860782623291
4263,7.285717010498047
4264,7.336329460144043
4265,7.325700759887695
4266,7.303629398345947
4267,7.280282974243164
4268,7.295863628387451
4269,7.257388591766357
4270,7.325809955596924
4271,7.296684741973877
4272,7.315401077270508
4273,7.286093235015869
4274,7.326267242431641
4275,7.298912048339844
4276,7.284182548522949
4277,7.323234558105469
4278,7.31514310836792
4279,7.264719486236572
4280,7.315201759338379
4281,7.319173336029053
4282,7.313488960266113
4283,7.276375770568848
4284,7.3032355308532715
4285,7.291644096374512
4286,7.28812313079834
4287,7.331325531005859
4288,7.322115421295166
4289,7.290619850158691
4290,7.296961307525635
4291,7.281238555908203
4292,7.349682331085205
4293,7.300852298736572
4294,7.304135799407959
4295,7.284848213195801
4296,7.255709171295166
4297,7.268851280212402
4298,7.338530540466309
4299,7.28445291519165
4300,7.297058582305908
4301,7.294404983520508
4302,7.322884559631348
4303,7.3254852294921875
4304,7.346065998077393
4305,7.315830230712891
4306,7.3429484367370605
4307,7.300540447235107
4308,7.328739643096924
4309,7.279062271118164
4310,7.288707733154297
4311,7.310461044311523
4312,7.305609226226807
4313,7.321535587310791
4314,7.3399224281311035
4315,7.322381973266602
4316,7.297894477844238
4317,7.308642864227295
4318,7.342395782470703
4319,7.309414863586426
4320,7.304646968841553
4321,7.291064739227295
4322,7.31358528137207
4323,7.316060543060303
4324,7.302750110626221
4325,7.342043876647949
4326,7.301015377044678
4327,7.304234981536865
4328,7.30346155166626
4329,7.3171868324279785
4330,7.271521091461182
4331,7.281978130340576
4332,7.313058853149414
4333,7.331212043762207
4334,7.300157070159912
4335,7.260748386383057
4336,7.317558765411377
4337,7.2770094871521
4338,7.27889347076416
4339,7.2678303718566895
4340,7.324033737182617
4341,7.282166004180908
4342,7.292224884033203
4343,7.324277400970459
4344,7.3342204093933105
4345,7.303390979766846
4346,7.287325859069824
4347,7.327048301696777
4348,7.3296122550964355
4349,7.296628475189209
4350,7.2678351402282715
4351,7.309284687042236
4352,7.321866989135742
4353,7.341275691986084
4354,7.294755935668945
4355,7.275608062744141
4356,7.301093101501465
4357,7.310851097106934
4358,7.337034702301025
4359,7.338494777679443
4360,7.321815490722656
4361,7.307043552398682
4362,7.318458557128906
4363,7.292354106903076
4364,7.358278751373291
4365,7.324770927429199
4366,7.3290581703186035
4367,7.289699077606201
4368,7.315234661102295
4369,7.28338623046875
4370,7.232002258300781
4371,7.277951240539551
4372,7.325056552886963
4373,7.294193267822266
4374,7.263989448547363
4375,7.324170112609863
4376,7.314073085784912
4377,7.285478591918945
4378,7.30511474609375
4379,7.339639186859131
4380,7.351744651794434
4381,7.298745632171631
4382,7.294471740722656
4383,7.294072151184082
4384,7.307815074920654
4385,7.290239334106445
4386,7.256949424743652
4387,7.310534477233887
4388,7.264251708984375
4389,7.305331707000732
4390,7.3378987312316895
4391,7.2588396072387695
4392,7.293776035308838
4393,7.336155891418457
4394,7.324341297149658
4395,7.294477939605713
4396,7.272696018218994
4397,7.285837650299072
4398,7.321275234222412
4399,7.278406143188477
4400,7.290225982666016
4401,7.28906774520874
4402,7.275821208953857
4403,7.327107906341553
4404,7.311209678649902
4405,7.323599338531494
4406,7.314404010772705
4407,7.276151657104492
4408,7.280816078186035
4409,7.2818522453308105
4410,7.260647773742676
4411,7.331315517425537
4412,7.309164524078369
4413,7.32509708404541
4414,7.364853858947754
4415,7.300445556640625
4416,7.355011463165283
4417,7.307353496551514
4418,7.306399345397949
4419,7.339180946350098
4420,7.3318610191345215
4421,7.296692848205566
4422,7.311934471130371
4423,7.2955522537231445
4424,7.231516361236572
4425,7.309883117675781
4426,7.35406494140625
4427,7.253030300140381
4428,7.3017144203186035
4429,7.311117649078369
4430,7.308406352996826
4431,7.318180561065674
4432,7.275010585784912
4433,7.334000587463379
4434,7.310850620269775
4435,7.332880020141602
4436,7.3307318687438965
4437,7.295316219329834
4438,7.3088459968566895
4439,7.314100742340088
4440,7.300926208496094
4441,7.295864582061768
4442,7.316892147064209
4443,7.3224687576293945
4444,7.321946144104004
4445,7.338590145111084
4446,7.3279266357421875
4447,7.304317474365234
4448,7.288872718811035
4449,7.290460109710693
4450,7.326308727264404
4451,7.330927848815918
4452,7.33333683013916
4453,7.277416706085205
4454,7.289924621582031
4455,7.297489643096924
4456,7.29574728012085
4457,7.321963310241699
4458,7.33590030670166
4459,7.32838773727417
4460,7.29661750793457
4461,7.296918869018555
4462,7.268848896026611
4463,7.340494155883789
4464,7.342734336853027
4465,7.295433521270752
4466,7.297861099243164
4467,7.322101593017578
4468,7.3162102699279785
4469,7.291118144989014
4470,7.297441005706787
4471,7.339231014251709
4472,7.290184497833252
4473,7.319158554077148
4474,7.327144145965576
4475,7.289068222045898
4476,7.3249945640563965
4477,7.306797981262207
4478,7.356269836425781
4479,7.317368984222412
4480,7.273025989532471
4481,7.279467582702637
4482,7.288036823272705
4483,7.293213844299316
4484,7.244597911834717
4485,7.310560703277588
4486,7.262203216552734
4487,7.318312168121338
4488,7.3030266761779785
4489,7.308212757110596
4490,7.311373233795166
4491,7.313544273376465
4492,7.309014797210693
4493,7.292747497558594
4494,7.288952350616455
4495,7.290342330932617
4496,7.321892738342285
4497,7.333920001983643
4498,7.345548152923584
4499,7.318156719207764
4500,7.319213390350342
4501,7.3113884925842285
4502,7.286464214324951
4503,7.367575645446777
4504,7.306864261627197
4505,7.312235355377197
4506,7.313297748565674
4507,7.309604644775391
4508,7.301228046417236
4509,7.284463405609131
4510,7.295956134796143
4511,7.305768013000488
4512,7.321130752563477
4513,7.326098918914795
4514,7.330904960632324
4515,7.278042793273926
4516,7.327396869659424
4517,7.285383701324463
4518,7.311933517456055
4519,7.315700531005859
4520,7.321272373199463
4521,7.325334548950195
4522,7.333172798156738
4523,7.2925944328308105
4524,7.3346171379089355
4525,7.305342674255371
4526,7.313929080963135
4527,7.33640193939209
4528,7.3226752281188965
4529,7.261421203613281
4530,7.281651020050049
4531,7.332146644592285
4532,7.28751277923584
4533,7.283430576324463
4534,7.319033145904541
4535,7.338357448577881
4536,7.321312427520752
4537,7.306920528411865
4538,7.348715305328369
4539,7.319769859313965
4540,7.29750394821167
4541,7.314440727233887
4542,7.311150074005127
4543,7.292660713195801
4544,7.324796199798584
4545,7.325615882873535
4546,7.257173538208008
4547,7.319977760314941
4548,7.311839580535889
4549,7.275915622711182
4550,7.307527542114258
4551,7.288427352905273
4552,7.258990287780762
4553,7.299839496612549
4554,7.316135406494141
4555,7.285219192504883
4556,7.322343826293945
4557,7.29424524307251
4558,7.271522045135498
4559,7.3189520835876465
4560,7.289064407348633
4561,7.305421829223633
4562,7.331527233123779
4563,7.2718939781188965
4564,7.300190448760986
4565,7.30070161819458
4566,7.328989505767822
4567,7.326845169067383
4568,7.326971054077148
4569,7.275807857513428
4570,7.3076701164245605
4571,7.301807403564453
4572,7.3288798332214355
4573,7.356261730194092
4574,7.298958778381348
4575,7.308895587921143
4576,7.276757717132568
4577,7.321769714355469
4578,7.363534450531006
4579,7.2714009284973145
4580,7.297572612762451
4581,7.2992024421691895
4582,7.309970378875732
4583,7.340764999389648
4584,7.275776386260986
4585,7.2740678787231445
4586,7.314347743988037
4587,7.311077117919922
4588,7.249242305755615
4589,7.312849998474121
4590,7.30579948425293
4591,7.369210720062256
4592,7.286603927612305
4593,7.309442043304443
4594,7.297725200653076
4595,7.330338001251221
4596,7.284706115722656
4597,7.277490139007568
4598,7.316555023193359
4599,7.3134446144104
4600,7.3083109855651855
4601,7.286581993103027
4602,7.356020450592041
4603,7.303949356079102
4604,7.298357009887695
4605,7.283851146697998
4606,7.346827507019043
4607,7.2978997230529785
4608,7.28548002243042
4609,7.331033706665039
4610,7.315819263458252
4611,7.3055243492126465
4612,6.888485431671143
4613,7.319467067718506
4614,7.293169021606445
4615,7.307633399963379
4616,7.295434474945068
4617,7.253560543060303
4618,7.317093849182129
4619,7.294488430023193
4620,7.261953353881836
4621,7.27186918258667
4622,7.303652286529541
4623,7.303763389587402
4624,7.321168422698975
4625,7.286486625671387
4626,7.296717166900635
4627,7.277857780456543
4628,7.284440994262695
4629,7.3035359382629395
4630,7.2923502922058105
4631,7.333412170410156
4632,7.33638334274292
4633,7.293170928955078
4634,7.3285651206970215
4635,7.312838077545166
4636,7.319468021392822
4637,7.308229923248291
4638,7.3033881187438965
4639,7.323033332824707
4640,7.264399528503418
4641,7.326233863830566
4642,7.27002477645874
4643,7.319657802581787
4644,7.328916549682617
4645,7.312480926513672
4646,7.30892276763916
4647,7.324985980987549
4648,7.31133508682251
4649,7.292452812194824
4650,7.330125331878662
4651,7.27973747253418
4652,7.2419867515563965
4653,7.307586669921875
4654,7.3374247550964355
4655,7.31220817565918
4656,7.364493370056152
4657,7.326378345489502
4658,7.315447807312012
4659,7.301877498626709
4660,7.320382595062256
4661,7.257558345794678
4662,7.308876991271973
4663,7.281053066253662
4664,7.2570295333862305
4665,7.344674110412598
4666,7.336396217346191
4667,7.313457489013672
4668,7.326515197753906
4669,7.320376396179199
4670,7.28476095199585
4671,7.302131652832031
4672,7.31636381149292
4673,7.30935525894165
4674,7.328281402587891
4675,7.307862281799316
4676,7.320263862609863
4677,7.306285381317139
4678,7.327069282531738
4679,7.314925193786621
4680,7.272291660308838
4681,7.307020664215088
4682,7.362962245941162
4683,7.3385910987854
4684,7.3100266456604
4685,7.29464864730835
4686,7.349681854248047
4687,7.278173446655273
4688,7.327709197998047
4689,7.284933567047119
4690,7.284634113311768
4691,7.312045574188232
4692,7.356132984161377
4693,7.306545257568359
4694,7.334115505218506
4695,7.2960662841796875
4696,7.2697834968566895
4697,7.332982540130615
4698,7.288426876068115
4699,7.282410144805908
4700,7.31602668762207
4701,7.334496021270752
4702,7.336099624633789
4703,7.321647644042969
4704,7.275096416473389
4705,7.3239898681640625
4706,7.276070594787598
4707,7.341100692749023
4708,7.311273574829102
4709,7.328348159790039
4710,7.276366710662842
4711,7.282614707946777
4712,7.289520740509033
4713,7.279911518096924
4714,7.318723678588867
4715,7.248922348022461
4716,7.3209404945373535
4717,7.310477256774902
4718,7.294615268707275
4719,7.319085597991943
4720,7.307030200958252
4721,7.311050891876221
4722,7.329794883728027
4723,7.318600177764893
4724,7.3106465339660645
4725,7.25468635559082
4726,7.317775726318359
4727,7.3020806312561035
4728,7.268273830413818
4729,7.302051067352295
4730,7.333632469177246
4731,7.329225540161133
4732,7.2882561683654785
4733,7.327629566192627
4734,7.363465309143066
4735,7.285717010498047
4736,7.325827598571777
4737,7.305511951446533
4738,7.314571380615234
4739,7.330113410949707
4740,7.278838634490967
4741,7.259320259094238
4742,7.318292140960693
4743,7.311004161834717
4744,7.324310302734375
4745,7.304090976715088
4746,7.323269367218018
4747,7.313147068023682
4748,7.318006992340088
4749,7.301168918609619
4750,7.278365135192871
4751,7.307035446166992
4752,7.348996162414551
4753,7.3016839027404785
4754,7.29559326171875
4755,7.303102970123291
4756,7.278700828552246
4757,7.301285743713379
4758,7.3168182373046875
4759,7.262874126434326
4760,7.299643039703369
4761,7.328937530517578
4762,7.288102626800537
4763,7.333387851715088
4764,7.278522491455078
4765,7.315515041351318
4766,7.307438850402832
4767,7.305541038513184
4768,7.2919793128967285
4769,7.2891716957092285
4770,7.28034782409668
4771,7.307190895080566
4772,7.28507661819458
4773,7.331474781036377
4774,7.292745590209961
4775,7.30909538269043
4776,7.310956001281738
4777,7.300739765167236
4778,7.279090881347656
4779,7.283886909484863
4780,7.326019287109375
4781,7.3013997077941895
4782,7.277342319488525
4783,7.276721477508545
4784,7.334805488586426
4785,7.282584190368652
4786,7.263707160949707
4787,7.315265655517578
4788,7.325028419494629
4789,7.303269386291504
4790,7.298511981964111
4791,7.302595138549805
4792,7.3008713722229
4793,7.326430320739746
4794,7.302065849304199
4795,7.310975551605225
4796,7.3202924728393555
4797,7.270257472991943
4798,7.316471099853516
4799,7.313503742218018
4800,7.317361831665039
4801,7.335380554199219
4802,7.296399116516113
4803,7.308847427368164
4804,7.299805164337158
4805,7.316779136657715
4806,7.317941665649414
4807,7.315174102783203
4808,7.308109760284424
4809,7.321443557739258
4810,7.27335262298584
4811,7.316953182220459
4812,7.325577259063721
4813,7.257167816162109
4814,7.303900718688965
4815,7.315040111541748
4816,7.333917140960693
4817,7.28756046295166
4818,7.287696361541748
4819,7.3185553550720215
4820,7.290262222290039
4821,7.293406009674072
4822,7.278832912445068
4823,7.314278602600098
4824,7.335911273956299
4825,7.271191596984863
4826,7.305656433105469
4827,7.290600776672363
4828,7.320991516113281
4829,7.276757717132568
4830,7.338441848754883
4831,7.3013081550598145
4832,7.313321113586426
4833,7.232832431793213
4834,7.342155933380127
4835,7.293278694152832
4836,7.324929237365723
4837,7.287810802459717
4838,7.332798004150391
4839,7.303316593170166
4840,7.251373291015625
4841,7.263388156890869
4842,7.2871246337890625
4843,7.296788215637207
4844,7.342592716217041
4845,7.326911926269531
4846,7.2470784187316895
4847,7.327199935913086
4848,7.275660514831543
4849,7.277584075927734
4850,7.290876388549805
4851,7.333022594451904
4852,7.235543251037598
4853,7.316642761230469
4854,7.292937278747559
4855,7.315586566925049
4856,7.26334810256958
4857,7.290687084197998
4858,7.298205375671387
4859,7.307934284210205
4860,7.313128471374512
4861,7.310356140136719
4862,7.29829216003418
4863,7.293851375579834
4864,7.287266731262207
4865,7.276926040649414
4866,7.303317546844482
4867,7.292402267456055
4868,7.28815221786499
4869,7.307791233062744
4870,7.3240580558776855
4871,7.336634635925293
4872,7.295320987701416
4873,7.292847633361816
4874,7.308732986450195
4875,7.285768985748291
4876,7.292541027069092
4877,7.269909381866455
4878,7.2812066078186035
4879,7.322134017944336
4880,7.347922325134277
4881,7.288140773773193
4882,7.315533638000488
4883,7.295536518096924
4884,7.297175407409668
4885,7.347570896148682
4886,7.309704303741455
4887,7.30562162399292
4888,7.3072309494018555
4889,7.283069133758545
4890,7.3155388832092285
4891,7.285521507263184
4892,7.312775611877441
4893,7.337291240692139
4894,7.3281707763671875
4895,7.316298007965088
4896,7.300255298614502
4897,7.280412673950195
4898,7.3221917152404785
4899,7.265425205230713
4900,7.335565567016602
4901,7.278000831604004
4902,7.335928916931152
4903,7.2706756591796875
4904,7.324062824249268
4905,7.329326629638672
4906,7.306615829467773
4907,7.293684482574463
4908,7.313544273376465
4909,7.26835298538208
4910,7.354923248291016
4911,7.292262077331543
4912,7.288302898406982
4913,7.290598392486572
4914,7.286389350891113
4915,7.293734073638916
4916,7.3312153816223145
4917,7.286128520965576
4918,7.256655216217041
4919,7.290563106536865
4920,7.3283586502075195
4921,7.326219081878662
4922,7.3288044929504395
4923,7.266698360443115
4924,7.318321704864502
4925,7.276609897613525
4926,7.066768646240234
4927,7.300019264221191
4928,7.328673839569092
4929,7.307770252227783
4930,7.337944030761719
4931,7.311110019683838
4932,7.256489276885986
4933,7.3185296058654785
4934,7.318001747131348
4935,7.3523054122924805
4936,6.9671549797058105
4937,7.3123393058776855
4938,7.280236721038818
4939,7.336452484130859
4940,7.298206806182861
4941,7.358820915222168
4942,7.334828853607178
4943,7.309514045715332
4944,7.334445953369141
4945,7.281967639923096
4946,7.299216270446777
4947,7.313790798187256
4948,7.331993579864502
4949,7.257144451141357
4950,7.287137031555176
4951,7.2909088134765625
4952,7.304150581359863
4953,7.271164894104004
4954,7.295424938201904
4955,7.306092739105225
4956,7.3245744705200195
4957,7.296279430389404
4958,7.34007453918457
4959,7.317708969116211
4960,7.261984348297119
4961,7.307701110839844
4962,7.30618953704834
4963,7.318470001220703
4964,7.306752681732178
4965,7.330650329589844
4966,7.283520698547363
4967,7.320322513580322
4968,7.270671844482422
4969,7.291259765625
4970,7.317723274230957
4971,7.2990922927856445
4972,7.299464225769043
4973,7.299996376037598
4974,7.285826683044434
4975,7.32821798324585
4976,7.313424110412598
4977,7.270050525665283
4978,7.290149688720703
4979,7.327334403991699
4980,7.283102512359619
4981,7.3337836265563965
4982,7.353779315948486
4983,7.328591823577881
4984,7.31308126449585
4985,7.341673851013184
4986,7.310322284698486
4987,7.280268669128418
4988,7.341155052185059
4989,7.3571295738220215
4990,7.342360496520996
4991,7.304290294647217
4992,7.306215763092041
4993,7.297361850738525
4994,7.32279634475708
4995,7.349724292755127
4996,7.313218593597412
4997,7.276040077209473
4998,7.301487445831299
4999,7.327365875244141
5000,7.304079532623291
5001,7.282113552093506
5002,7.336338520050049
5003,7.325135707855225
5004,7.302365303039551
5005,7.305398464202881
5006,7.246797561645508
5007,7.300365447998047
5008,7.270382404327393
5009,7.33590030670166
5010,7.351016521453857
5011,7.2770466804504395
5012,7.295004844665527
5013,7.313722133636475
5014,7.300848484039307
5015,7.291043281555176
5016,7.299797534942627
5017,7.312840461730957
5018,7.255911827087402
5019,7.302093029022217
5020,7.337740898132324
5021,7.265746593475342
5022,7.321633815765381
5023,7.303462028503418
5024,7.326313495635986
5025,7.319542407989502
5026,7.316563129425049
5027,7.279850006103516
5028,7.367030143737793
5029,7.332669734954834
5030,7.314662456512451
5031,7.328535556793213
5032,7.316952705383301
5033,7.280872344970703
5034,7.32418155670166
5035,7.32175874710083
5036,7.310814380645752
5037,7.312251567840576
5038,7.30069637298584
5039,7.2892584800720215
5040,7.303238391876221
5041,7.3191046714782715
5042,7.249946594238281
5043,7.302711486816406
5044,7.205499172210693
5045,7.289356231689453
5046,7.296483993530273
5047,7.329187393188477
5048,7.279159069061279
5049,7.323372840881348
5050,7.290552616119385
5051,7.3158793449401855
5052,7.32716178894043
5053,7.30048131942749
5054,7.319917678833008
5055,7.2952680587768555
5056,7.28463888168335
5057,7.303772449493408
5058,7.301711559295654
5059,7.316938877105713
5060,7.2780070304870605
5061,7.315357685089111
5062,7.320703506469727
5063,7.324559688568115
5064,7.307415962219238
5065,7.318900108337402
5066,7.265243053436279
5067,7.294450759887695
5068,7.298275470733643
5069,7.297342777252197
5070,7.266001224517822
5071,7.3037333488464355
5072,7.309574604034424
5073,7.259312152862549
5074,7.288154602050781
5075,7.284721374511719
5076,7.352430820465088
5077,7.302870750427246
5078,7.307010650634766
5079,7.323399543762207
5080,7.299798965454102
5081,7.28255558013916
5082,7.287591457366943
5083,7.3039631843566895
5084,7.3069024085998535
5085,7.301212787628174
5086,7.2973785400390625
5087,7.344882965087891
5088,7.270649433135986
5089,7.288753509521484
5090,7.291489124298096
5091,7.274371147155762
5092,7.30318546295166
5093,7.2816572189331055
5094,7.3033528327941895
5095,7.315929889678955
5096,7.3088698387146
5097,7.3193888664245605
5098,7.290585041046143
5099,7.3257856369018555
5100,7.293875217437744
5101,7.314057350158691
5102,7.307467937469482
5103,7.297099590301514
5104,7.27182674407959
5105,7.3196306228637695
5106,7.330122947692871
5107,7.262362003326416
5108,7.2820353507995605
5109,7.31559419631958
5110,7.274958610534668
5111,7.324881076812744
5112,7.344442367553711
5113,7.354613780975342
5114,7.3246331214904785
5115,7.333008289337158
5116,7.299754619598389
5117,7.292407989501953
5118,7.323898792266846
5119,7.341046333312988
5120,7.284523963928223
5121,7.324549674987793
5122,7.317505836486816
5123,7.26370096206665
5124,7.229654312133789
5125,7.352705001831055
5126,7.290724277496338
5127,7.321730613708496
5128,7.279390335083008
5129,7.329465389251709
5130,7.296999454498291
5131,7.312301158905029
5132,7.316961765289307
5133,7.311436653137207
5134,7.291264533996582
5135,7.284817695617676
5136,7.338561534881592
5137,7.301759719848633
5138,7.265261650085449
5139,7.319899559020996
5140,7.277647972106934
5141,7.277079105377197
5142,7.314531326293945
5143,7.333897113800049
5144,7.306398868560791
5145,7.325340747833252
5146,7.302845478057861
5147,7.327754497528076
5148,7.320587158203125
5149,7.251556873321533
5150,7.288175106048584
5151,7.329468250274658
5152,7.28717041015625
5153,7.296859264373779
5154,7.30800199508667
5155,7.257180213928223
5156,7.268990993499756
5157,7.343378067016602
5158,7.303367614746094
5159,7.271417617797852
5160,7.3106303215026855
5161,7.295440196990967
5162,7.285080432891846
5163,7.318714141845703
5164,7.370691776275635
5165,7.297642707824707
5166,7.321286678314209
5167,7.273615837097168
5168,7.315146446228027
5169,7.286291599273682
5170,7.299839973449707
5171,7.281951904296875
5172,7.303951263427734
5173,7.310911178588867
5174,7.304015636444092
5175,7.349452018737793
5176,7.310768127441406
5177,7.308629512786865
5178,7.323940753936768
5179,7.314479351043701
5180,7.290717601776123
5181,7.317946910858154
5182,7.253178119659424
5183,7.312557220458984
5184,7.290949821472168
5185,7.298359394073486
5186,7.281748294830322
5187,7.294168472290039
5188,7.310343265533447
5189,7.338881015777588
5190,7.3135247230529785
5191,7.2973856925964355
5192,7.29683780670166
5193,7.300483226776123
5194,7.298121929168701
5195,7.334683418273926
5196,7.323275089263916
5197,7.297131061553955
5198,7.32332181930542
5199,7.332946300506592
5200,7.353437900543213
5201,7.31437349319458
5202,7.299309253692627
5203,7.289011001586914
5204,7.290575981140137
5205,7.2635416984558105
5206,7.322874069213867
5207,7.288889408111572
5208,7.31817626953125
5209,7.320557117462158
5210,7.329209327697754
5211,7.297434329986572
5212,7.270468711853027
5213,7.295456409454346
5214,7.286738395690918
5215,7.291556358337402
5216,7.288346767425537
5217,7.3226542472839355
5218,7.3558030128479
5219,7.334603309631348
5220,7.281444549560547
5221,7.308917045593262
5222,7.325176239013672
5223,7.303956508636475
5224,7.243056774139404
5225,7.313197135925293
5226,7.338250160217285
5227,7.324678421020508
5228,7.3286662101745605
5229,7.320438861846924
5230,7.3136725425720215
5231,7.277935028076172
5232,7.309761047363281
5233,7.304201602935791
5234,7.291713237762451
5235,7.318662166595459
5236,7.281024932861328
5237,7.325682640075684
5238,7.295888423919678
5239,7.265829563140869
5240,7.303237438201904
5241,7.251246452331543
5242,7.2900285720825195
5243,7.293610095977783
5244,7.2862772941589355
5245,7.332363605499268
5246,7.3025922775268555
5247,7.29686975479126
5248,7.336094379425049
5249,7.326369285583496
5250,7.314589500427246
5251,7.29996395111084
5252,7.28853702545166
5253,7.296911239624023
5254,7.329436302185059
5255,7.271656513214111
5256,7.297957420349121
5257,7.286896228790283
5258,7.306402206420898
5259,7.289413928985596
5260,7.353605270385742
5261,7.309319019317627
5262,7.290613651275635
5263,7.307929039001465
5264,7.327362060546875
5265,7.339865207672119
5266,7.350884914398193
5267,7.288361549377441
5268,7.30173921585083
5269,7.334524154663086
5270,7.3245930671691895
5271,7.282205104827881
5272,7.35340690612793
5273,7.293459892272949
5274,7.331814289093018
5275,7.309810638427734
5276,7.346548557281494
5277,7.333388805389404
5278,7.245894908905029
5279,7.325124740600586
5280,7.344599723815918
5281,7.294778347015381
5282,7.345486164093018
5283,7.296820163726807
5284,7.32004976272583
5285,7.2648468017578125
5286,7.295633316040039
5287,7.307059288024902
5288,7.311741828918457
5289,7.30830717086792
5290,7.320333480834961
5291,7.286869525909424
5292,7.300501346588135
5293,7.346836566925049
5294,7.304703712463379
5295,7.287078857421875
5296,7.326823711395264
5297,7.302295684814453
5298,7.30121374130249
5299,7.301753044128418
5300,7.290510177612305
5301,7.332745552062988
5302,7.314310550689697
5303,7.324734687805176
5304,7.278168201446533
5305,7.306201934814453
5306,7.285462856292725
5307,7.334615230560303
5308,7.3356032371521
5309,7.34183406829834
5310,7.370073318481445
5311,7.321357250213623
5312,7.242581844329834
5313,7.282046794891357
5314,7.34026575088501
5315,7.29562520980835
5316,7.318085193634033
5317,7.268856525421143
5318,7.305230617523193
5319,7.296242713928223
5320,7.2996087074279785
5321,7.291065692901611
5322,7.2926344871521
5323,7.3055195808410645
5324,7.301994800567627
5325,7.30337381362915
5326,7.307210445404053
5327,7.308123588562012
5328,7.21891975402832
5329,7.304604530334473
5330,7.306800842285156
5331,7.295953750610352
5332,7.333419322967529
5333,7.303744316101074
5334,7.33198881149292
5335,7.358614921569824
5336,7.270845413208008
5337,7.299892425537109
5338,7.299991130828857
5339,7.285965919494629
5340,7.321059226989746
5341,7.2863993644714355
5342,7.35030460357666
5343,7.308032035827637
5344,7.301629543304443
5345,7.327951431274414
5346,7.3047919273376465
5347,7.328617095947266
5348,7.321050643920898
5349,7.331028461456299
5350,7.2444891929626465
5351,7.309926986694336
5352,7.314105987548828
5353,7.306402683258057
5354,7.300721168518066
5355,7.318625450134277
5356,7.343348503112793
5357,7.292542934417725
5358,7.298273086547852
5359,7.312392234802246
5360,7.32153844833374
5361,7.291282653808594
5362,7.316654682159424
5363,7.304032325744629
5364,7.319493770599365
5365,7.2789154052734375
5366,7.274061679840088
5367,7.302281856536865
5368,7.317532062530518
5369,7.2879133224487305
5370,7.291717529296875
5371,7.304355621337891
5372,7.292815685272217
5373,7.260622501373291
5374,7.342527866363525
5375,7.309192657470703
5376,7.301001071929932
5377,7.274604797363281
5378,7.282788276672363
5379,7.310489177703857
5380,7.31520414352417
5381,7.276167869567871
5382,7.312222003936768
5383,7.303664684295654
5384,7.310015678405762
5385,7.351444244384766
5386,7.33947229385376
5387,7.295030117034912
5388,7.319462299346924
5389,7.3227081298828125
5390,7.324445724487305
5391,7.307277202606201
5392,7.291896343231201
5393,7.300660133361816
5394,7.296119689941406
5395,7.287070274353027
5396,7.3086466789245605
5397,7.306702136993408
5398,7.309953689575195
5399,7.31288480758667
5400,7.321738243103027
5401,7.35048770904541
5402,7.350937843322754
5403,7.322924613952637
5404,7.333653926849365
5405,7.250953197479248
5406,7.31867790222168
5407,7.271997451782227
5408,7.2716064453125
5409,7.279121398925781
5410,7.333401679992676
5411,7.272002220153809
5412,7.310641765594482
5413,7.2783918380737305
5414,7.314690589904785
5415,7.303197860717773
5416,7.317190170288086
5417,7.298239231109619
5418,7.3192219734191895
5419,7.278789043426514
5420,7.340217113494873
5421,7.296788215637207
5422,7.3295817375183105
5423,7.302557945251465
5424,7.308628559112549
5425,7.315434455871582
5426,7.29575252532959
5427,7.343662261962891
5428,7.347541809082031
5429,7.327006816864014
5430,7.305312633514404
5431,7.320075511932373
5432,7.332498550415039
5433,7.2619428634643555
5434,7.3090386390686035
5435,7.310049057006836
5436,7.347887992858887
5437,7.321351528167725
5438,7.345471382141113
5439,7.310999393463135
5440,7.345197677612305
5441,7.292348861694336
5442,7.338870048522949
5443,7.319529056549072
5444,7.312641143798828
5445,7.346725940704346
5446,7.3143839836120605
5447,7.29213809967041
5448,7.3298821449279785
5449,7.333053112030029
5450,7.324518203735352
5451,7.298252582550049
5452,7.319096088409424
5453,7.327719688415527
5454,7.324109077453613
5455,7.3083577156066895
5456,7.303011894226074
5457,7.284149646759033
5458,7.328046798706055
5459,7.30949068069458
5460,7.323647499084473
5461,7.273241996765137
5462,7.3244404792785645
5463,7.32922887802124
5464,7.284642219543457
5465,7.333676338195801
5466,7.3038434982299805
5467,7.328725337982178
5468,7.35231876373291
5469,7.306987285614014
5470,7.312836170196533
5471,7.3194074630737305
5472,7.281497478485107
5473,7.292766571044922
5474,7.322620868682861
5475,7.317453861236572
5476,7.295114994049072
5477,7.281972885131836
5478,7.282205581665039
5479,7.30246114730835
5480,7.295061111450195
5481,7.333912372589111
5482,7.301375389099121
5483,7.296104431152344
5484,7.294682502746582
5485,7.323637008666992
5486,7.319621562957764
5487,7.324319362640381
5488,7.298835754394531
5489,7.291557312011719
5490,7.334826946258545
5491,7.299059867858887
5492,7.33918571472168
5493,7.285813331604004
5494,7.30558967590332
5495,7.315122127532959
5496,7.298759937286377
5497,7.336942672729492
5498,7.27250337600708
5499,7.323525905609131
5500,7.330785274505615
5501,7.242331504821777
5502,7.320130825042725
5503,7.346340179443359
5504,7.349597454071045
5505,7.30771017074585
5506,7.294949054718018
5507,7.335144996643066
5508,7.308566093444824
5509,7.312768936157227
5510,7.317988872528076
5511,7.310734272003174
5512,7.270389556884766
5513,7.289632320404053
5514,7.284857749938965
5515,7.315709590911865
5516,7.3225998878479
5517,7.290192127227783
5518,7.345030784606934
5519,7.2826619148254395
5520,7.322658061981201
5521,7.32500696182251
5522,7.284912109375
5523,7.306277751922607
5524,7.279837608337402
5525,7.291197299957275
5526,7.304968357086182
5527,7.284542560577393
5528,7.296064853668213
5529,7.310528755187988
5530,7.307156562805176
5531,7.317196369171143
5532,7.314835071563721
5533,7.271676540374756
5534,7.331782817840576
5535,7.330369472503662
5536,7.31028938293457
5537,7.308207035064697
5538,7.333387851715088
5539,7.359765529632568
5540,7.289302825927734
5541,7.337125301361084
5542,7.305657863616943
5543,7.286735534667969
5544,7.317068576812744
5545,7.30438232421875
5546,7.316667079925537
5547,7.274782180786133
5548,7.340795040130615
5549,7.339632987976074
5550,7.285956382751465
5551,7.2761101722717285
5552,7.268864631652832
5553,7.273753643035889
5554,7.301205635070801
5555,7.329142093658447
5556,7.266899108886719
5557,7.336512088775635
5558,7.295261383056641
5559,7.364580154418945
5560,7.210392475128174
5561,7.316086292266846
5562,7.309661865234375
5563,7.333545207977295
5564,7.307107925415039
5565,7.2927327156066895
5566,7.304027557373047
5567,7.315688133239746
5568,7.347252368927002
5569,7.2983527183532715
5570,7.291969299316406
5571,7.271411895751953
5572,7.314751148223877
5573,7.280026912689209
5574,7.325376987457275
5575,7.283363342285156
5576,7.326772212982178
5577,7.293521881103516
5578,7.298239707946777
5579,7.296276569366455
5580,7.300143718719482
5581,7.27691125869751
5582,7.325408935546875
5583,7.322743892669678
5584,7.289643287658691
5585,7.289857864379883
5586,7.315013885498047
5587,7.324444770812988
5588,7.267362594604492
5589,7.318457126617432
5590,7.312016487121582
5591,7.317647457122803
5592,7.3467206954956055
5593,7.334455966949463
5594,7.283890247344971
5595,7.336658477783203
5596,7.327480792999268
5597,7.278381824493408
5598,7.3201446533203125
5599,7.299706935882568
5600,7.307130336761475
5601,7.315417766571045
5602,7.318361759185791
5603,7.3128767013549805
5604,7.2884650230407715
5605,7.293093204498291
5606,7.290581703186035
5607,7.249279975891113
5608,7.279508590698242
5609,7.341416835784912
5610,7.310871124267578
5611,7.304133415222168
5612,7.312412261962891
5613,7.313440322875977
5614,7.3431172370910645
5615,7.303668975830078
5616,7.297033309936523
5617,7.326277256011963
5618,7.308608055114746
5619,7.306363582611084
5620,7.188838481903076
5621,7.28093147277832
5622,7.322134971618652
5623,7.292229175567627
5624,7.298777103424072
5625,7.289481163024902
5626,7.290792465209961
5627,7.326182842254639
5628,7.304662704467773
5629,7.321297645568848
5630,7.317263603210449
5631,7.318023204803467
5632,7.32120418548584
5633,7.307033538818359
5634,7.299776077270508
5635,7.310718536376953
5636,7.258172512054443
5637,7.305963039398193
5638,7.33526086807251
5639,7.269270420074463
5640,7.3404340744018555
5641,7.251310348510742
5642,7.32977819442749
5643,7.294154167175293
5644,7.287432670593262
5645,7.2850141525268555
5646,7.335936546325684
5647,7.2968058586120605
5648,7.3231072425842285
5649,7.311338424682617
5650,7.321185111999512
5651,7.303492546081543
5652,7.29391622543335
5653,7.305976867675781
5654,7.296310901641846
5655,7.3401923179626465
5656,7.341977596282959
5657,7.311897277832031
5658,7.273014068603516
5659,7.313607692718506
5660,7.302316188812256
5661,7.298600673675537
5662,7.297040939331055
5663,7.313099384307861
5664,7.273834228515625
5665,7.348849773406982
5666,7.313994884490967
5667,7.305479526519775
5668,7.316922187805176
5669,7.2915449142456055
5670,7.345940589904785
5671,7.3630900382995605
5672,7.358880043029785
5673,7.298654556274414
5674,7.272104263305664
5675,7.303579330444336
5676,7.315135955810547
5677,7.298264026641846
5678,7.306918621063232
5679,7.302544593811035
5680,7.271607398986816
5681,7.304148197174072
5682,7.282386779785156
5683,7.317432403564453
5684,7.30281925201416
5685,7.353824138641357
5686,7.256498336791992
5687,7.270744323730469
5688,7.271860599517822
5689,7.331887245178223
5690,7.322475910186768
5691,7.294830799102783
5692,7.331581115722656
5693,7.266286373138428
5694,7.309253215789795
5695,7.319444179534912
5696,7.312670707702637
5697,7.33120584487915
5698,7.341858863830566
5699,7.277140140533447
5700,7.335813522338867
5701,7.2689642906188965
5702,7.321262359619141
5703,7.2708659172058105
5704,7.28391170501709
5705,7.2930498123168945
5706,7.36052131652832
5707,7.328916072845459
5708,7.328243255615234
5709,7.284945964813232
5710,7.326922416687012
5711,7.299293518066406
5712,7.269671440124512
5713,7.3227739334106445
5714,7.291291236877441
5715,7.222190856933594
5716,7.304788589477539
5717,7.303756237030029
5718,7.330887794494629
5719,7.275991916656494
5720,7.329350471496582
5721,7.342512607574463
5722,7.289883136749268
5723,7.32379674911499
5724,7.330336570739746
5725,7.308815956115723
5726,7.2931342124938965
5727,7.315227031707764
5728,7.262933731079102
5729,7.293323040008545
5730,7.294379234313965
5731,7.341849327087402
5732,7.293278694152832
5733,7.310798645019531
5734,7.316810607910156
5735,7.342952251434326
5736,7.333996772766113
5737,7.327491283416748
5738,7.353124618530273
5739,7.26011323928833
5740,7.279092311859131
5741,7.256937026977539
5742,7.33380651473999
5743,7.289034843444824
5744,7.3334479331970215
5745,7.312466621398926
5746,7.2921953201293945
5747,7.321507930755615
5748,7.2729902267456055
5749,7.313309192657471
5750,7.320496559143066
5751,7.2862749099731445
5752,7.301394462585449
5753,7.306427955627441
5754,7.328424453735352
5755,7.33079719543457
5756,7.325518608093262
5757,7.308104991912842
5758,7.310535430908203
5759,7.28891134262085
5760,7.341241836547852
5761,7.277344226837158
5762,7.26458740234375
5763,7.270453453063965
5764,7.2926225662231445
5765,7.310643672943115
5766,7.28449010848999
5767,7.324111461639404
5768,7.290190696716309
5769,7.28439998626709
5770,7.317455291748047
5771,7.279950141906738
5772,7.352110862731934
5773,7.333640098571777
5774,7.289355278015137
5775,7.290849208831787
5776,7.327288627624512
5777,7.2606940269470215
5778,7.31129264831543
5779,7.280766010284424
5780,7.292468547821045
5781,7.305578708648682
5782,7.308459281921387
5783,7.27595853805542
5784,7.309678077697754
5785,7.290821075439453
5786,7.2953362464904785
5787,7.314713954925537
5788,7.362442970275879
5789,7.298404216766357
5790,7.302958965301514
5791,7.343204975128174
5792,7.338491916656494
5793,7.272658824920654
5794,7.2979536056518555
5795,7.309869766235352
5796,7.278989315032959
5797,7.262363433837891
5798,7.2955121994018555
5799,7.334747791290283
5800,7.3270769119262695
5801,7.30274772644043
5802,7.299037933349609
5803,7.314182281494141
5804,7.294327735900879
5805,7.2528276443481445
5806,7.330368518829346
5807,7.334261417388916
5808,7.305465221405029
5809,7.312004566192627
5810,7.25361967086792
5811,7.333697319030762
5812,7.338172435760498
5813,7.277174472808838
5814,7.310400009155273
5815,7.305087566375732
5816,7.301756858825684
5817,7.31280517578125
5818,7.332839012145996
5819,7.290492057800293
5820,7.29209041595459
5821,7.317671298980713
5822,7.260411739349365
5823,7.274055480957031
5824,7.305115222930908
5825,7.326522350311279
5826,7.279324531555176
5827,7.3521575927734375
5828,7.255734443664551
5829,7.307370662689209
5830,7.298770904541016
5831,7.307269096374512
5832,7.263957977294922
5833,7.2806220054626465
5834,7.306767463684082
5835,7.325743675231934
5836,7.3269243240356445
5837,7.300293922424316
5838,7.324710845947266
5839,7.299452781677246
5840,7.318799018859863
5841,7.302982807159424
5842,7.310677528381348
5843,7.325273036956787
5844,7.287474155426025
5845,7.2540717124938965
5846,7.333883285522461
5847,7.271670818328857
5848,7.325643062591553
5849,7.316055774688721
5850,7.29587459564209
5851,7.289820671081543
5852,7.279698848724365
5853,7.347970008850098
5854,7.319156169891357
5855,7.29390287399292
5856,7.352150917053223
5857,7.3200273513793945
5858,7.311622142791748
5859,7.179410934448242
5860,7.333475589752197
5861,7.302886009216309
5862,7.2922515869140625
5863,7.324426651000977
5864,7.34585428237915
5865,7.2741875648498535
5866,7.32045316696167
5867,7.352406024932861
5868,7.361631393432617
5869,7.301440715789795
5870,7.321578025817871
5871,7.314937591552734
5872,7.343811988830566
5873,7.288543701171875
5874,7.317455768585205
5875,7.299896717071533
5876,7.319601058959961
5877,7.3248186111450195
5878,7.344300270080566
5879,7.275679588317871
5880,7.338695526123047
5881,7.315087795257568
5882,7.259720802307129
5883,7.32931661605835
5884,7.290974140167236
5885,7.315609931945801
5886,7.3045525550842285
5887,7.275278568267822
5888,7.298985481262207
5889,7.2976226806640625
5890,7.31752872467041
5891,7.299371719360352
5892,7.323626518249512
5893,7.291253566741943
5894,7.364796161651611
5895,7.270841121673584
5896,7.323108196258545
5897,7.310376167297363
5898,7.321887969970703
5899,7.296040058135986
5900,7.283475875854492
5901,7.332791328430176
5902,7.327932834625244
5903,7.288294315338135
5904,7.28371000289917
5905,7.311069011688232
5906,7.296873092651367
5907,7.326521873474121
5908,7.321021556854248
5909,7.337631702423096
5910,7.301832675933838
5911,7.293117523193359
5912,7.316767692565918
5913,7.331932067871094
5914,7.35030460357666
5915,7.320032596588135
5916,7.297956466674805
5917,7.2961273193359375
5918,7.326755523681641
5919,7.3737077713012695
5920,7.313343048095703
5921,7.3153181076049805
5922,7.24556827545166
5923,7.291842937469482
5924,7.33424186706543
5925,7.279469013214111
5926,7.2411322593688965
5927,7.298490524291992
5928,7.308563709259033
5929,7.328524589538574
5930,7.34381628036499
5931,7.291234970092773
5932,7.297764301300049
5933,7.302581787109375
5934,7.353762626647949
5935,7.287675857543945
5936,7.332263946533203
5937,7.314235687255859
5938,7.290151119232178
5939,7.349739074707031
5940,7.284643173217773
5941,7.309665203094482
5942,7.334750175476074
5943,7.312824726104736
5944,7.278517723083496
5945,7.322780132293701
5946,7.28692626953125
5947,7.304722309112549
5948,7.249397277832031
5949,7.293880939483643
5950,7.321431636810303
5951,7.304062843322754
5952,7.335760116577148
5953,7.308190822601318
5954,7.267892360687256
5955,7.311586380004883
5956,7.2873663902282715
5957,7.343414306640625
5958,7.260348796844482
5959,7.306766986846924
5960,7.341159343719482
5961,7.298634052276611
5962,7.301819801330566
5963,7.3002190589904785
5964,7.345890045166016
5965,7.293022155761719
5966,7.278921604156494
5967,7.3166046142578125
5968,7.340468406677246
5969,7.323253631591797
5970,7.324808597564697
5971,7.296967029571533
5972,7.342982769012451
5973,7.272538185119629
5974,7.339433193206787
5975,7.3089680671691895
5976,7.324443817138672
5977,7.302959442138672
5978,7.301537036895752
5979,7.264808177947998
5980,7.272302150726318
5981,7.284054756164551
5982,7.318508625030518
5983,7.3290205001831055
5984,7.284580707550049
5985,7.294502258300781
5986,7.341612815856934
5987,7.3093719482421875
5988,7.302050590515137
5989,7.34173059463501
5990,7.311922550201416
5991,7.294218063354492
5992,7.299733638763428
5993,7.2941460609436035
5994,7.312610149383545
5995,7.299149990081787
5996,7.323426723480225
5997,7.336609363555908
5998,7.316331386566162
5999,7.265902996063232
6000,7.303009986877441
6001,7.327239036560059
6002,7.286162853240967
6003,7.280343532562256
6004,7.363211154937744
6005,7.319249629974365
6006,7.316393852233887
6007,7.315484523773193
6008,7.2985687255859375
6009,7.317058086395264
6010,7.298551082611084
6011,7.353111267089844
6012,7.264674186706543
6013,7.287258148193359
6014,7.273073196411133
6015,7.316623687744141
6016,7.332642555236816
6017,7.329709529876709
6018,7.310261249542236
6019,7.310110092163086
6020,7.299992561340332
6021,7.32436466217041
6022,7.285332679748535
6023,7.288550853729248
6024,7.307119846343994
6025,7.2818603515625
6026,7.304720401763916
6027,7.3262457847595215
6028,7.339112758636475
6029,7.2742600440979
6030,7.315640449523926
6031,7.32686185836792
6032,7.2897257804870605
6033,7.301046371459961
6034,7.352630615234375
6035,7.282314300537109
6036,7.3578362464904785
6037,7.312151908874512
6038,7.32321834564209
6039,7.28162145614624
6040,7.301756381988525
6041,7.338583469390869
6042,7.328592777252197
6043,7.324994087219238
6044,7.310876846313477
6045,7.309868335723877
6046,7.274069309234619
6047,7.317559719085693
6048,7.310982704162598
6049,7.279757022857666
6050,7.320496559143066
6051,7.317074298858643
6052,7.302120208740234
6053,7.317539215087891
6054,7.29379940032959
6055,7.324410438537598
6056,7.29722261428833
6057,7.308576583862305
6058,7.302722930908203
6059,7.288095951080322
6060,7.32643461227417
6061,7.304703235626221
6062,7.324986457824707
6063,7.284098148345947
6064,7.307156085968018
6065,7.303927421569824
6066,7.291125774383545
6067,7.319243907928467
6068,7.3270063400268555
6069,7.3301167488098145
6070,7.302920818328857
6071,7.302870273590088
6072,7.30366325378418
6073,7.309789180755615
6074,7.332535266876221
6075,7.262510299682617
6076,7.307374000549316
6077,7.338138580322266
6078,7.284790515899658
6079,7.321496963500977
6080,7.253584384918213
6081,7.32081413269043
6082,7.320465087890625
6083,7.292271614074707
6084,7.316222667694092
6085,7.288502216339111
6086,7.292616367340088
6087,7.338167667388916
6088,7.34385871887207
6089,7.284453868865967
6090,7.349093914031982
6091,7.265647888183594
6092,7.298293113708496
6093,7.3121161460876465
6094,7.335282325744629
6095,7.296861171722412
6096,7.345154762268066
6097,7.2974443435668945
6098,7.3331451416015625
6099,7.315274715423584
6100,7.286875247955322
6101,7.320216178894043
6102,7.321323871612549
6103,7.298988342285156
6104,7.364840030670166
6105,7.31061315536499
6106,7.289471626281738
6107,7.31744384765625
6108,7.344982624053955
6109,7.307793617248535
6110,7.309704303741455
6111,7.2852959632873535
6112,7.288445949554443
6113,7.261068820953369
6114,7.304588317871094
6115,7.338866233825684
6116,7.288153171539307
6117,7.287356376647949
6118,7.305806636810303
6119,7.296454906463623
6120,7.294976234436035
6121,7.263647556304932
6122,7.3223466873168945
6123,7.276144027709961
6124,7.294788837432861
6125,7.29599142074585
6126,7.275230407714844
6127,7.284544944763184
6128,7.298443794250488
6129,7.315099716186523
6130,7.33757209777832
6131,7.260459899902344
6132,7.3141560554504395
6133,7.318764686584473
6134,7.297479152679443
6135,7.315258026123047
6136,7.3230366706848145
6137,7.280750274658203
6138,7.341778755187988
6139,7.32418155670166
6140,7.3318305015563965
6141,7.301814079284668
6142,7.333473205566406
6143,7.321414470672607
6144,7.321765899658203
6145,7.321562767028809
6146,7.257118225097656
6147,7.2683424949646
6148,7.259000778198242
6149,7.326638698577881
6150,7.274072170257568
6151,7.29600191116333
6152,7.312497615814209
6153,7.3082661628723145
6154,7.327805042266846
6155,7.342499732971191
6156,7.2995710372924805
6157,7.322901725769043
6158,7.291025638580322
6159,7.336878776550293
6160,7.300887584686279
6161,7.307321071624756
6162,7.240078449249268
6163,7.306780815124512
6164,7.243492603302002
6165,7.311553955078125
6166,7.314354419708252
6167,7.34893274307251
6168,7.341922283172607
6169,7.272484302520752
6170,7.114413261413574
6171,7.298220634460449
6172,7.316192626953125
6173,7.290262699127197
6174,7.308944225311279
6175,7.292000770568848
6176,7.313248634338379
6177,7.340136528015137
6178,7.277420997619629
6179,7.31571626663208
6180,7.335690021514893
6181,7.308848857879639
6182,7.323611259460449
6183,7.276857376098633
6184,7.313913345336914
6185,7.276036262512207
6186,7.346029758453369
6187,7.330401420593262
6188,7.27234411239624
6189,7.326206684112549
6190,7.268612861633301
6191,7.2942585945129395
6192,7.284968852996826
6193,7.345747947692871
6194,7.333619594573975
6195,7.330500602722168
6196,7.289551734924316
6197,7.339340686798096
6198,7.268352508544922
6199,7.301329135894775
6200,7.311456680297852
6201,7.320949077606201
6202,7.336719989776611
6203,7.309268474578857
6204,7.3022027015686035
6205,7.310705184936523
6206,7.295841693878174
6207,7.293647289276123
6208,7.323703289031982
6209,7.303490161895752
6210,7.325766086578369
6211,7.304139614105225
6212,7.308950901031494
6213,7.301602363586426
6214,7.315781116485596
6215,7.326187610626221
6216,7.333373546600342
6217,7.290127754211426
6218,7.2451653480529785
6219,7.297361850738525
6220,7.300173759460449
6221,7.318767070770264
6222,7.329137802124023
6223,7.302530765533447
6224,7.310475826263428
6225,7.317441463470459
6226,7.309133529663086
6227,7.317245006561279
6228,7.318843364715576
6229,7.342903137207031
6230,7.316745758056641
6231,7.2794270515441895
6232,7.305571556091309
6233,7.322836399078369
6234,7.289766311645508
6235,7.2481608390808105
6236,7.298105716705322
6237,7.309947490692139
6238,7.305020332336426
6239,7.275071144104004
6240,7.287685871124268
6241,7.295843601226807
6242,7.28847599029541
6243,7.2505717277526855
6244,7.2904953956604
6245,7.32515287399292
6246,7.2741169929504395
6247,7.328038215637207
6248,7.30987024307251
6249,7.3073506355285645
6250,7.3347296714782715
6251,7.29525899887085
6252,7.313401222229004
6253,7.309001445770264
6254,7.316799163818359
6255,7.313748359680176
6256,7.291469097137451
6257,7.296751976013184
6258,7.306082248687744
6259,7.285869598388672
6260,7.2802324295043945
6261,7.314408779144287
6262,7.291958332061768
6263,7.337432861328125
6264,7.3117451667785645
6265,7.338690757751465
6266,7.337707996368408
6267,7.325479507446289
6268,7.3278703689575195
6269,7.317559242248535
6270,7.295658111572266
6271,7.256640911102295
6272,7.320883274078369
6273,7.283026695251465
6274,7.339935302734375
6275,7.315066337585449
6276,7.338181972503662
6277,7.282586097717285
6278,7.299766540527344
6279,7.290597915649414
6280,7.317257404327393
6281,7.306861400604248
6282,7.318751811981201
6283,7.340191841125488
6284,7.340553283691406
6285,7.319228172302246
6286,7.297591209411621
6287,7.236268043518066
6288,7.336033821105957
6289,7.282757759094238
6290,7.325109958648682
6291,7.300127029418945
6292,7.313908100128174
6293,7.303597450256348
6294,7.302726745605469
6295,7.345077037811279
6296,7.2962188720703125
6297,7.275818347930908
6298,7.291611194610596
6299,7.302081108093262
6300,7.298037528991699
6301,7.292135715484619
6302,7.339103698730469
6303,7.30089807510376
6304,7.318700313568115
6305,7.283955097198486
6306,7.274436950683594
6307,7.301939487457275
6308,7.3230485916137695
6309,7.293642997741699
6310,7.329433917999268
6311,7.342799663543701
6312,7.332200527191162
6313,7.3195343017578125
6314,7.323550224304199
6315,7.302083492279053
6316,7.282975196838379
6317,7.317841529846191
6318,7.2764668464660645
6319,7.300824165344238
6320,7.282633304595947
6321,7.3034586906433105
6322,7.306312084197998
6323,7.259535312652588
6324,7.296822547912598
6325,7.291443347930908
6326,7.303526878356934
6327,7.328352928161621
6328,7.306571960449219
6329,7.269192695617676
6330,7.354310035705566
6331,7.3091535568237305
6332,7.3512067794799805
6333,7.302923202514648
6334,7.322424411773682
6335,7.359706878662109
6336,7.302948951721191
6337,7.284128189086914
6338,7.310293197631836
6339,7.338080883026123
6340,7.315309047698975
6341,7.310275077819824
6342,7.340479850769043
6343,7.333085060119629
6344,7.297176361083984
6345,7.335285663604736
6346,7.2985711097717285
6347,7.338299751281738
6348,7.322473526000977
6349,7.2958269119262695
6350,7.278408527374268
6351,7.293554306030273
6352,7.262190341949463
6353,7.303718090057373
6354,7.278345584869385
6355,7.33424711227417
6356,7.313752174377441
6357,7.297743320465088
6358,7.287607192993164
6359,7.342826843261719
6360,7.293802261352539
6361,7.294301986694336
6362,7.3088226318359375
6363,7.304677963256836
6364,7.311893939971924
6365,7.30063009262085
6366,7.339212894439697
6367,7.270786285400391
6368,7.287034511566162
6369,7.322702884674072
6370,7.2990336418151855
6371,7.3340020179748535
6372,7.314176082611084
6373,7.279055118560791
6374,7.289315700531006
6375,7.334176540374756
6376,7.256690502166748
6377,7.341171741485596
6378,7.2750115394592285
6379,7.311572551727295
6380,7.261319160461426
6381,7.29084587097168
6382,7.256257057189941
6383,7.30422830581665
6384,7.322757720947266
6385,7.267430305480957
6386,7.337449073791504
6387,7.330151081085205
6388,7.316568851470947
6389,7.225719928741455
6390,7.28236722946167
6391,7.326114177703857
6392,7.30208683013916
6393,7.311881065368652
6394,7.282416343688965
6395,7.330033779144287
6396,7.294924736022949
6397,7.2947587966918945
6398,7.323564052581787
6399,7.264329433441162
6400,7.271975994110107
6401,7.326023101806641
6402,7.285360813140869
6403,7.278350830078125
6404,7.24915075302124
6405,7.324687480926514
6406,7.305445194244385
6407,7.363521099090576
6408,7.28066349029541
6409,7.275817394256592
6410,7.331565856933594
6411,7.338693618774414
6412,7.269626140594482
6413,7.291543483734131
6414,7.297857284545898
6415,7.318784713745117
6416,7.261598110198975
6417,7.339530944824219
6418,7.33507776260376
6419,7.310083866119385
6420,7.311656475067139
6421,7.32835578918457
6422,7.3138532638549805
6423,7.293696880340576
6424,7.292275428771973
6425,7.279453754425049
6426,7.3512043952941895
6427,7.3015666007995605
6428,7.290942668914795
6429,7.299124717712402
6430,7.344848155975342
6431,7.340156078338623
6432,7.30625581741333
6433,7.31920862197876
6434,7.321609973907471
6435,7.289461612701416
6436,7.292536735534668
6437,7.26871395111084
6438,7.272209167480469
6439,7.302153587341309
6440,7.301118850708008
6441,7.299051761627197
6442,7.311285972595215
6443,7.317866802215576
6444,7.324344158172607
6445,7.2982401847839355
6446,7.299431800842285
6447,7.362922668457031
6448,7.321285247802734
6449,7.26884651184082
6450,7.254339694976807
6451,7.265275478363037
6452,7.3220367431640625
6453,7.266299724578857
6454,7.323360443115234
6455,7.2875471115112305
6456,7.340578079223633
6457,7.287843227386475
6458,7.3130316734313965
6459,7.238697528839111
6460,7.2796854972839355
6461,7.337661266326904
6462,7.245466232299805
6463,7.338782787322998
6464,7.297520637512207
6465,7.309500217437744
6466,7.302432537078857
6467,7.2993669509887695
6468,7.289357662200928
6469,7.271524429321289
6470,7.328380107879639
6471,7.292629241943359
6472,7.292346477508545
6473,7.3482890129089355
6474,7.335042953491211
6475,7.3188018798828125
6476,7.300891399383545
6477,7.272763729095459
6478,7.345969200134277
6479,7.312182426452637
6480,7.287450313568115
6481,7.312458038330078
6482,7.293434143066406
6483,7.307504177093506
6484,7.3170270919799805
6485,7.308093547821045
6486,7.325836181640625
6487,7.285868167877197
6488,7.268671035766602
6489,7.311145782470703
6490,7.299068927764893
6491,7.313979625701904
6492,7.3011088371276855
6493,7.303555488586426
6494,7.297077655792236
6495,7.3026251792907715
6496,7.260763168334961
6497,7.277911186218262
6498,7.266765117645264
6499,7.2958550453186035
6500,7.252051830291748
6501,7.306917667388916
6502,7.2881855964660645
6503,7.329343795776367
6504,7.298050880432129
6505,7.315719127655029
6506,7.2931976318359375
6507,7.336092472076416
6508,7.334343910217285
6509,7.299899101257324
6510,7.320357322692871
6511,7.3147501945495605
6512,7.346563816070557
6513,7.2637505531311035
6514,7.267986297607422
6515,7.314021110534668
6516,7.3344597816467285
6517,7.283409595489502
6518,7.339689254760742
6519,7.314462661743164
6520,7.336958408355713
6521,7.3099589347839355
6522,7.340453624725342
6523,7.253351211547852
6524,7.311558246612549
6525,7.3166117668151855
6526,7.274818420410156
6527,7.306512355804443
6528,7.335036277770996
6529,7.349294185638428
6530,7.308164596557617
6531,7.2552947998046875
6532,7.3007493019104
6533,7.308067321777344
6534,7.323151588439941
6535,7.325653076171875
6536,7.233253002166748
6537,7.297590732574463
6538,7.302234649658203
6539,7.309635639190674
6540,7.3185882568359375
6541,7.236522197723389
6542,7.304638862609863
6543,7.300590991973877
6544,7.304835319519043
6545,7.283642768859863
6546,7.356115341186523
6547,7.2995429039001465
6548,7.307149887084961
6549,7.315505027770996
6550,7.313157081604004
6551,7.336911678314209
6552,7.30904483795166
6553,7.314589023590088
6554,7.308269500732422
6555,7.322885036468506
6556,7.280928611755371
6557,7.307767391204834
6558,7.316977500915527
6559,7.326811790466309
6560,7.295792102813721
6561,7.330876350402832
6562,7.316634654998779
6563,7.315804481506348
6564,7.280333042144775
6565,7.300041198730469
6566,7.279735565185547
6567,7.2866082191467285
6568,7.308102130889893
6569,7.340609073638916
6570,7.171261787414551
6571,7.285913467407227
6572,7.307834625244141
6573,7.316310882568359
6574,7.279329299926758
6575,7.309030532836914
6576,7.3072381019592285
6577,7.260889530181885
6578,7.329124450683594
6579,7.275533676147461
6580,7.321024417877197
6581,7.263298511505127
6582,7.276208877563477
6583,7.331985950469971
6584,7.320173263549805
6585,7.2855753898620605
6586,7.331425666809082
6587,7.305539131164551
6588,7.289783477783203
6589,7.337325096130371
6590,7.325864315032959
6591,7.298354625701904
6592,7.302396297454834
6593,7.325751304626465
6594,7.2914581298828125
6595,7.307917594909668
6596,7.328059673309326
6597,7.271559238433838
6598,7.33004903793335
6599,7.299934387207031
6600,7.314110279083252
6601,7.304256439208984
6602,7.378791809082031
6603,7.3527960777282715
6604,7.316993236541748
6605,7.291584491729736
6606,7.278243541717529
6607,7.310031414031982
6608,7.3249287605285645
6609,7.296259880065918
6610,7.319846153259277
6611,7.264587879180908
6612,7.228610992431641
6613,7.277628421783447
6614,7.3015971183776855
6615,7.324489593505859
6616,7.3114776611328125
6617,7.2743659019470215
6618,7.355361461639404
6619,7.280789852142334
6620,7.3138813972473145
6621,7.2670512199401855
6622,7.286764621734619
6623,7.3278608322143555
6624,7.325892448425293
6625,7.269340515136719
6626,7.308666706085205
6627,7.320657253265381
6628,7.322517395019531
6629,7.294755935668945
6630,7.316823959350586
6631,7.331343650817871
6632,7.290867328643799
6633,7.2895026206970215
6634,7.30224084854126
6635,7.332036018371582
6636,7.3010993003845215
6637,7.299413204193115
6638,7.21946382522583
6639,7.336259841918945
6640,7.330236911773682
6641,7.301657676696777
6642,7.334113597869873
6643,7.287730693817139
6644,7.308780670166016
6645,7.305306911468506
6646,7.331368446350098
6647,7.318906307220459
6648,7.345332622528076
6649,7.3173418045043945
6650,7.257099628448486
6651,7.299820899963379
6652,7.2988200187683105
6653,7.298152923583984
6654,7.30450963973999
6655,7.291096210479736
6656,7.2955641746521
6657,7.3147196769714355
6658,7.288294315338135
6659,7.301510334014893
6660,7.311365604400635
6661,7.284826278686523
6662,7.309994220733643
6663,7.301828384399414
6664,7.302710056304932
6665,7.339147567749023
6666,7.269598484039307
6667,7.27805233001709
6668,7.312918663024902
6669,7.294500350952148
6670,7.31170129776001
6671,7.299447059631348
6672,7.295502662658691
6673,7.344493865966797
6674,7.363584995269775
6675,7.290615558624268
6676,7.301547527313232
6677,7.251876354217529
6678,7.311214923858643
6679,7.273794651031494
6680,7.3131794929504395
6681,7.287053108215332
6682,7.355825901031494
6683,7.299865245819092
6684,7.276333808898926
6685,7.300284385681152
6686,7.259798049926758
6687,7.331370830535889
6688,7.286617755889893
6689,7.31497049331665
6690,7.3161234855651855
6691,7.353245258331299
6692,7.3467488288879395
6693,7.242439270019531
6694,7.307297229766846
6695,7.254857063293457
6696,7.334704875946045
6697,7.288913726806641
6698,7.336056709289551
6699,7.336410045623779
6700,7.2800188064575195
6701,7.279778957366943
6702,7.309161186218262
6703,7.34339714050293
6704,7.2932515144348145
6705,7.287348747253418
6706,7.330883026123047
6707,7.311069011688232
6708,7.292896747589111
6709,7.31585693359375
6710,7.3369317054748535
6711,7.296935081481934
6712,7.340724945068359
6713,7.333776950836182
6714,7.2897629737854
6715,7.334658622741699
6716,7.306790828704834
6717,7.315954685211182
6718,7.314000606536865
6719,7.293956756591797
6720,7.272095680236816
6721,7.28389310836792
6722,7.337675094604492
6723,7.314224720001221
6724,7.287215709686279
6725,7.262158393859863
6726,7.307961463928223
6727,7.29586124420166
6728,7.32438850402832
6729,7.263688087463379
6730,7.2656660079956055
6731,7.302896976470947
6732,7.314901351928711
6733,7.348339557647705
6734,7.276429176330566
6735,7.3085036277771
6736,7.308547019958496
6737,7.31990385055542
6738,7.278562068939209
6739,7.315135955810547
6740,7.3311638832092285
6741,7.321190357208252
6742,7.287708759307861
6743,7.301764488220215
6744,7.327101230621338
6745,7.285469055175781
6746,7.282045841217041
6747,7.317106246948242
6748,7.301220417022705
6749,7.282068252563477
6750,7.296825408935547
6751,7.300027847290039
6752,7.351614952087402
6753,7.310212135314941
6754,7.253355503082275
6755,7.309135437011719
6756,7.303914546966553
6757,7.296269416809082
6758,7.229532718658447
6759,7.342322826385498
6760,7.304058074951172
6761,7.3066606521606445
6762,7.300000190734863
6763,7.315454959869385
6764,7.316421031951904
6765,7.309169769287109
6766,7.318591117858887
6767,7.254665851593018
6768,7.333812713623047
6769,7.264632225036621
6770,7.320397853851318
6771,7.256901264190674
6772,7.30318546295166
6773,7.2763261795043945
6774,7.312409400939941
6775,7.264585494995117
6776,7.290574073791504
6777,7.287264347076416
6778,7.2916083335876465
6779,7.278550624847412
6780,7.243221759796143
6781,7.328554630279541
6782,7.309930801391602
6783,7.332169055938721
6784,7.317890644073486
6785,7.295452117919922
6786,7.303040981292725
6787,7.31876802444458
6788,7.274190425872803
6789,7.280858993530273
6790,7.297788619995117
6791,7.311588764190674
6792,7.328596591949463
6793,7.318368911743164
6794,7.316030025482178
6795,7.274399757385254
6796,7.2972283363342285
6797,7.331263065338135
6798,7.254919528961182
6799,7.3196187019348145
6800,7.304429054260254
6801,7.3391218185424805
6802,7.317540645599365
6803,7.302072048187256
6804,7.245339870452881
6805,7.323332786560059
6806,7.302517890930176
6807,7.335670471191406
6808,7.298429012298584
6809,7.306360721588135
6810,7.292984485626221
6811,7.277729034423828
6812,7.2899394035339355
6813,7.280273914337158
6814,7.286544322967529
6815,7.323429584503174
6816,7.278276443481445
6817,7.294628143310547
6818,7.334343433380127
6819,7.27872371673584
6820,7.28718376159668
6821,7.283266067504883
6822,7.318223476409912
6823,7.286386489868164
6824,7.3465352058410645
6825,7.280798435211182
6826,7.312049865722656
6827,7.304912090301514
6828,7.266808986663818
6829,7.3325581550598145
6830,7.30971622467041
6831,7.278622150421143
6832,7.303649425506592
6833,7.3037190437316895
6834,7.332636833190918
6835,7.28150749206543
6836,7.360953330993652
6837,7.293020248413086
6838,7.333034515380859
6839,7.314549446105957
6840,7.3198466300964355
6841,7.339797019958496
6842,7.297204971313477
6843,7.297764301300049
6844,7.312798976898193
6845,7.297561168670654
6846,7.336644649505615
6847,7.338704586029053
6848,7.298637390136719
6849,7.3321404457092285
6850,7.277397155761719
6851,7.317991733551025
6852,7.291428565979004
6853,7.283693790435791
6854,7.278611660003662
6855,7.292814254760742
6856,7.322115898132324
6857,7.305309772491455
6858,7.273405075073242
6859,7.314342975616455
6860,7.277026176452637
6861,7.271873474121094
6862,7.30787467956543
6863,7.308724403381348
6864,7.309839725494385
6865,7.264955520629883
6866,7.320561408996582
6867,7.2593770027160645
6868,7.2681145668029785
6869,7.293911457061768
6870,7.287104606628418
6871,7.342657089233398
6872,7.27249813079834
6873,7.303941249847412
6874,7.320770740509033
6875,7.291632175445557
6876,7.316562175750732
6877,7.315971374511719
6878,7.334809303283691
6879,7.280210971832275
6880,7.341256141662598
6881,7.28706169128418
6882,7.294681549072266
6883,7.305488109588623
6884,7.354366779327393
6885,7.330376625061035
6886,7.36289119720459
6887,7.311080455780029
6888,7.308223724365234
6889,7.27022123336792
6890,7.340435028076172
6891,7.284119606018066
6892,7.324548244476318
6893,7.284474849700928
6894,7.341781139373779
6895,7.288289546966553
6896,7.330016136169434
6897,7.283876419067383
6898,7.341695785522461
6899,7.337498664855957
6900,7.302252292633057
6901,7.292025089263916
6902,7.312201023101807
6903,7.307006359100342
6904,7.297438144683838
6905,7.293835163116455
6906,7.3290934562683105
6907,7.311246871948242
6908,7.292693614959717
6909,7.322397232055664
6910,7.288187026977539
6911,7.321432113647461
6912,7.321096897125244
6913,7.311971664428711
6914,7.329196453094482
6915,7.262988090515137
6916,7.310357570648193
6917,7.253236770629883
6918,7.310258388519287
6919,7.277546405792236
6920,7.287193298339844
6921,7.342214107513428
6922,7.340143203735352
6923,7.365171909332275
6924,7.299315452575684
6925,7.330613613128662
6926,7.331946849822998
6927,7.347357273101807
6928,7.299341678619385
6929,7.331016540527344
6930,7.300349712371826
6931,7.2911152839660645
6932,7.313916206359863
6933,7.3265790939331055
6934,7.331489562988281
6935,7.325175762176514
6936,7.312467098236084
6937,7.315463066101074
6938,7.32776403427124
6939,7.305507659912109
6940,7.350551605224609
6941,7.317071437835693
6942,7.317601680755615
6943,7.291689872741699
6944,7.2797064781188965
6945,7.290228843688965
6946,7.3188276290893555
6947,7.277774333953857
6948,7.277240753173828
6949,7.294400691986084
6950,7.31715202331543
6951,7.307988166809082
6952,7.282144546508789
6953,7.311837196350098
6954,7.298628807067871
6955,7.322100639343262
6956,7.279319763183594
6957,7.322603225708008
6958,7.335231304168701
6959,7.279561519622803
6960,7.309530258178711
6961,7.311513423919678
6962,7.297687530517578
6963,7.276015281677246
6964,7.299917697906494
6965,7.296240329742432
6966,7.2842535972595215
6967,7.2903971672058105
6968,7.309936046600342
6969,7.276995658874512
6970,7.329268932342529
6971,7.320846080780029
6972,7.298923969268799
6973,7.327308654785156
6974,7.299642086029053
6975,7.286734104156494
6976,7.307265758514404
6977,7.33131742477417
6978,7.34047269821167
6979,7.306854724884033
6980,7.322271347045898
6981,7.310699939727783
6982,7.285518169403076
6983,7.326048851013184
6984,7.272698879241943
6985,7.307230472564697
6986,7.298274517059326
6987,7.323488712310791
6988,7.281339168548584
6989,7.274441242218018
6990,7.340541839599609
6991,7.275978088378906
6992,7.290343284606934
6993,7.302581787109375
6994,7.301703929901123
6995,7.288582801818848
6996,7.31056547164917
6997,7.33026123046875
6998,7.306668758392334
6999,7.348065376281738
7000,7.284691333770752
7001,7.3364973068237305
7002,7.298189640045166
7003,7.328915119171143
7004,7.290248870849609
7005,7.285461902618408
7006,7.282814025878906
7007,7.3195695877075195
7008,7.328447341918945
7009,7.316073417663574
7010,7.307246685028076
7011,7.277827739715576
7012,7.263627529144287
7013,7.31781530380249
7014,7.299717903137207
7015,7.307498455047607
7016,7.335215091705322
7017,7.345562934875488
7018,7.314047813415527
7019,7.267362594604492
7020,7.335681915283203
7021,7.325176239013672
7022,7.31354284286499
7023,7.2995171546936035
7024,7.330387592315674
7025,7.315415382385254
7026,7.29278039932251
7027,7.284626007080078
7028,7.356619834899902
7029,7.3289103507995605
7030,7.325663089752197
7031,7.336679935455322
7032,7.3061909675598145
7033,7.305601119995117
7034,7.299182415008545
7035,7.316354274749756
7036,7.287496566772461
7037,7.29249906539917
7038,7.288413047790527
7039,7.283642292022705
7040,7.316805839538574
7041,7.340757846832275
7042,7.310300827026367
7043,7.2633538246154785
7044,7.312552452087402
7045,7.268007278442383
7046,7.307865619659424
7047,7.304283618927002
7048,7.318769931793213
7049,7.3348307609558105
7050,7.291841506958008
7051,7.282858848571777
7052,7.301995754241943
7053,7.28989315032959
7054,7.2945556640625
7055,7.3315839767456055
7056,7.277293682098389
7057,7.288039684295654
7058,7.283567905426025
7059,7.302152633666992
7060,7.323105812072754
7061,7.298944473266602
7062,7.322787284851074
7063,7.292358875274658
7064,7.311253547668457
7065,7.255901336669922
7066,7.290770530700684
7067,7.322673797607422
7068,7.3142194747924805
7069,7.303295612335205
7070,7.286799430847168
7071,7.336021423339844
7072,7.305983543395996
7073,7.341847896575928
7074,7.336943626403809
7075,7.31885290145874
7076,7.314908981323242
7077,7.324264049530029
7078,7.318770885467529
7079,7.323729515075684
7080,7.267950057983398
7081,7.29209041595459
7082,7.275125026702881
7083,7.3176188468933105
7084,7.316189289093018
7085,7.335117340087891
7086,7.345632076263428
7087,7.317355632781982
7088,7.294689655303955
7089,7.332800388336182
7090,7.332103252410889
7091,7.309813499450684
7092,7.3562493324279785
7093,7.314210414886475
7094,7.30703592300415
7095,7.29586935043335
7096,7.280048847198486
7097,7.318608283996582
7098,7.304064750671387
7099,7.303726673126221
7100,7.316155433654785
7101,7.306976318359375
7102,7.3509931564331055
7103,7.322697639465332
7104,7.305294513702393
7105,7.303892135620117
7106,7.326041221618652
7107,7.307093143463135
7108,7.292690753936768
7109,7.303599834442139
7110,7.253190040588379
7111,7.331782341003418
7112,7.319024562835693
7113,7.316041469573975
7114,7.295077800750732
7115,7.288300514221191
7116,7.300601482391357
7117,7.313337326049805
7118,7.268241882324219
7119,7.295703887939453
7120,7.297147274017334
7121,7.231067657470703
7122,7.324437141418457
7123,7.297880172729492
7124,7.27749490737915
7125,7.314086437225342
7126,7.32638692855835
7127,7.323654651641846
7128,7.294771194458008
7129,7.339481830596924
7130,7.286703586578369
7131,7.291067600250244
7132,7.351166725158691
7133,7.266010761260986
7134,7.323277473449707
7135,7.321336269378662
7136,7.305019378662109
7137,7.263675212860107
7138,7.274587154388428
7139,7.2854180335998535
7140,7.330774784088135
7141,7.3064398765563965
7142,7.296297550201416
7143,7.310417175292969
7144,7.320913791656494
7145,7.274205207824707
7146,7.333622455596924
7147,7.291295528411865
7148,7.295385360717773
7149,7.278033256530762
7150,7.278547763824463
7151,7.2739973068237305
7152,7.354864120483398
7153,7.328279495239258
7154,7.3132548332214355
7155,7.317285537719727
7156,7.303916931152344
7157,7.317293167114258
7158,7.296550750732422
7159,7.318142890930176
7160,7.328295707702637
7161,7.25929069519043
7162,7.249972343444824
7163,7.361857891082764
7164,7.303213596343994
7165,7.274221420288086
7166,7.290933132171631
7167,7.3434672355651855
7168,7.262626647949219
7169,7.266531467437744
7170,7.289562225341797
7171,7.332427024841309
7172,7.196985721588135
7173,7.338152885437012
7174,7.345305919647217
7175,7.361116886138916
7176,7.29962158203125
7177,7.286802291870117
7178,7.313212871551514
7179,7.29406213760376
7180,7.326117515563965
7181,7.28713321685791
7182,7.305446147918701
7183,7.270142555236816
7184,7.295527458190918
7185,7.3087944984436035
7186,7.352254390716553
7187,7.322263717651367
7188,7.306062698364258
7189,7.275073528289795
7190,7.30305290222168
7191,7.245627403259277
7192,7.324609279632568
7193,7.312711715698242
7194,7.2926225662231445
7195,7.309542179107666
7196,7.286525249481201
7197,7.319840908050537
7198,7.348758697509766
7199,7.305188179016113
7200,7.348771572113037
7201,7.332317352294922
7202,7.341521739959717
7203,7.326117992401123
7204,7.297532081604004
7205,7.332951545715332
7206,7.28316068649292
7207,7.284106731414795
7208,7.3004655838012695
7209,7.293978214263916
7210,7.324099540710449
7211,7.301894187927246
7212,7.332576274871826
7213,7.294441223144531
7214,7.325805187225342
7215,7.305303573608398
7216,7.306443691253662
7217,7.287081241607666
7218,7.352585315704346
7219,7.322936058044434
7220,7.327181816101074
7221,7.355405330657959
7222,7.298045635223389
7223,7.311222553253174
7224,7.337145805358887
7225,7.331691741943359
7226,7.327977657318115
7227,7.311080455780029
7228,7.304906845092773
7229,7.284772872924805
7230,7.309727668762207
7231,7.31327486038208
7232,7.269110679626465
7233,7.305178165435791
7234,7.253844261169434
7235,7.286317348480225
7236,7.301171779632568
7237,7.291097164154053
7238,7.319384574890137
7239,7.325124263763428
7240,7.301036357879639
7241,7.333723068237305
7242,7.2780961990356445
7243,7.3117995262146
7244,7.275712966918945
7245,7.276946067810059
7246,7.322617053985596
7247,7.3020920753479
7248,7.333287715911865
7249,7.256206035614014
7250,7.3286895751953125
7251,7.300629615783691
7252,7.294567108154297
7253,7.288352966308594
7254,7.289894104003906
7255,7.273338317871094
7256,7.3155083656311035
7257,7.283203125
7258,7.253005027770996
7259,7.303550720214844
7260,7.309474468231201
7261,7.267992973327637
7262,7.276900291442871
7263,7.303250312805176
7264,7.353904724121094
7265,7.330729961395264
7266,7.277190685272217
7267,7.313243389129639
7268,7.316134929656982
7269,7.312880992889404
7270,7.3189697265625
7271,7.34168815612793
7272,7.269028663635254
7273,7.291257381439209
7274,7.270913600921631
7275,7.293618202209473
7276,7.354555130004883
7277,7.292537689208984
7278,7.336745738983154
7279,7.30827522277832
7280,7.3473052978515625
7281,7.306127548217773
7282,7.302837371826172
7283,7.299283027648926
7284,7.314048767089844
7285,7.302317142486572
7286,7.305984973907471
7287,7.333510398864746
7288,7.285976409912109
7289,7.324187755584717
7290,7.311075687408447
7291,7.312335014343262
7292,7.300070285797119
7293,7.327102184295654
7294,7.319877624511719
7295,7.323334217071533
7296,7.341980457305908
7297,7.284954071044922
7298,7.319415092468262
7299,7.341879367828369
7300,7.3256120681762695
7301,7.323923587799072
7302,7.3131327629089355
7303,7.290032863616943
7304,7.290521621704102
7305,7.331289768218994
7306,7.318449020385742
7307,7.314959526062012
7308,7.378960609436035
7309,7.296457767486572
7310,7.236346244812012
7311,7.305357456207275
7312,7.290142059326172
7313,7.298195838928223
7314,7.291745662689209
7315,7.318453788757324
7316,7.278214931488037
7317,7.352105140686035
7318,7.29784631729126
7319,7.324474334716797
7320,7.338145732879639
7321,7.327967166900635
7322,7.2918572425842285
7323,7.313589096069336
7324,7.311827182769775
7325,7.2773237228393555
7326,7.3331708908081055
7327,7.312685966491699
7328,7.22029447555542
7329,7.297166347503662
7330,7.284111976623535
7331,7.299450397491455
7332,7.303763389587402
7333,7.328785419464111
7334,7.321911811828613
7335,7.265930652618408
7336,7.308720588684082
7337,7.336371421813965
7338,7.274758815765381
7339,7.311438083648682
7340,7.290553569793701
7341,7.300726413726807
7342,7.30991792678833
7343,7.318650245666504
7344,7.286056995391846
7345,7.345149517059326
7346,7.293776035308838
7347,7.339942455291748
7348,7.324259281158447
7349,7.1547393798828125
7350,7.282135486602783
7351,7.303203582763672
7352,7.294870376586914
7353,7.313962459564209
7354,7.3014445304870605
7355,7.3009772300720215
7356,7.352350234985352
7357,7.308566570281982
7358,7.320570945739746
7359,7.339961051940918
7360,7.306551456451416
7361,7.324828624725342
7362,7.337240695953369
7363,7.256950855255127
7364,7.308099269866943
7365,7.345530986785889
7366,7.31328821182251
7367,7.308568000793457
7368,7.300683498382568
7369,7.314616680145264
7370,7.2972822189331055
7371,7.297414302825928
7372,7.298086166381836
7373,7.331616401672363
7374,7.275684833526611
7375,7.328619003295898
7376,7.3157806396484375
7377,7.353092670440674
7378,7.296590328216553
7379,7.3330159187316895
7380,7.293422698974609
7381,7.284521102905273
7382,7.294622898101807
7383,7.293663024902344
7384,7.350593566894531
7385,7.282062530517578
7386,7.2910237312316895
7387,7.3196845054626465
7388,7.295416831970215
7389,7.298289775848389
7390,7.3297810554504395
7391,7.344351768493652
7392,7.258179187774658
7393,7.310518741607666
7394,7.265398979187012
7395,7.3187479972839355
7396,7.327511787414551
7397,7.306629657745361
7398,7.307198524475098
7399,7.296794414520264
7400,7.328207015991211
7401,7.264533996582031
7402,7.330812931060791
7403,7.313957214355469
7404,7.325453758239746
7405,7.310516834259033
7406,7.244821071624756
7407,7.296111106872559
7408,7.305645942687988
7409,7.332596778869629
7410,7.2884840965271
7411,7.298440456390381
7412,7.32963752746582
7413,7.316871643066406
7414,7.291290283203125
7415,7.310176849365234
7416,7.332832336425781
7417,7.329863548278809
7418,7.316022872924805
7419,7.319818496704102
7420,7.292334079742432
7421,7.303984642028809
7422,7.308904647827148
7423,7.273927211761475
7424,7.321988582611084
7425,7.307165145874023
7426,7.2990498542785645
7427,7.340723514556885
7428,7.30945348739624
7429,7.296411991119385
7430,7.294979572296143
7431,7.2837233543396
7432,7.330533981323242
7433,7.301940441131592
7434,7.325963497161865
7435,7.2982378005981445
7436,7.300358772277832
7437,7.289228439331055
7438,7.2746171951293945
7439,7.294846057891846
7440,7.2792863845825195
7441,7.259267807006836
7442,7.297016620635986
7443,7.344781875610352
7444,7.357957363128662
7445,7.31954288482666
7446,7.284399032592773
7447,7.3025593757629395
7448,7.289012908935547
7449,7.325941562652588
7450,7.289546012878418
7451,7.272085666656494
7452,7.342935085296631
7453,7.283350944519043
7454,7.350388526916504
7455,7.310113906860352
7456,7.278107643127441
7457,7.325125694274902
7458,7.305445671081543
7459,7.295511245727539
7460,7.300781726837158
7461,7.327024459838867
7462,7.3300018310546875
7463,7.324985504150391
7464,7.287473201751709
7465,7.271450519561768
7466,7.293351650238037
7467,7.297205924987793
7468,7.358362197875977
7469,7.320969581604004
7470,7.313465595245361
7471,7.289044380187988
7472,7.3192057609558105
7473,7.324571132659912
7474,7.298424243927002
7475,7.29689884185791
7476,7.307693958282471
7477,7.314833164215088
7478,7.3010125160217285
7479,7.290611267089844
7480,7.288198947906494
7481,7.338575839996338
7482,7.320818901062012
7483,7.3087921142578125
7484,7.334929466247559
7485,7.3079681396484375
7486,7.312175750732422
7487,7.29219913482666
7488,7.27573823928833
7489,7.3397908210754395
7490,7.326311111450195
7491,7.307744979858398
7492,7.330366611480713
7493,7.3058247566223145
7494,7.3152546882629395
7495,7.303821086883545
7496,7.2641377449035645
7497,7.309723377227783
7498,7.290953636169434
7499,7.297850608825684
7500,7.332545757293701
7501,7.358185291290283
7502,7.346251010894775
7503,7.324443817138672
7504,7.306840419769287
7505,7.324944972991943
7506,7.278880596160889
7507,7.302704811096191
7508,7.320215225219727
7509,7.323782444000244
7510,7.350126266479492
7511,7.366285800933838
7512,7.310216426849365
7513,7.33156681060791
7514,7.266441345214844
7515,7.307107448577881
7516,7.347855567932129
7517,7.285985469818115
7518,7.316234588623047
7519,7.325202465057373
7520,7.336747646331787
7521,7.298537731170654
7522,7.307451248168945
7523,7.3348541259765625
7524,7.2769856452941895
7525,7.306612968444824
7526,7.271226406097412
7527,7.309445858001709
7528,7.301918983459473
7529,7.330316066741943
7530,7.300327777862549
7531,7.308001518249512
7532,7.274251937866211
7533,7.3043036460876465
7534,7.3289475440979
7535,7.3172125816345215
7536,7.308502674102783
7537,7.293788909912109
7538,7.327492713928223
7539,7.357574462890625
7540,7.304523944854736
7541,7.291694641113281
7542,7.306003093719482
7543,7.284194469451904
7544,7.310583591461182
7545,7.2580342292785645
7546,7.3299689292907715
7547,7.296484470367432
7548,7.313257694244385
7549,7.333852291107178
7550,7.312939167022705
7551,7.290330410003662
7552,7.266599178314209
7553,7.292086601257324
7554,7.326752662658691
7555,7.33750581741333
7556,7.190221309661865
7557,7.305229663848877
7558,7.3001580238342285
7559,7.3073577880859375
7560,7.31322717666626
7561,7.311065673828125
7562,7.318896293640137
7563,7.264623641967773
7564,7.330872535705566
7565,7.271905899047852
7566,7.330527305603027
7567,7.2880635261535645
7568,7.287384986877441
7569,7.308681011199951
7570,7.330395698547363
7571,7.293832778930664
7572,7.3269853591918945
7573,7.335412502288818
7574,7.313337326049805
7575,7.2948455810546875
7576,7.3270158767700195
7577,7.286981582641602
7578,7.284000873565674
7579,7.292733669281006
7580,7.3041300773620605
7581,7.30329704284668
7582,7.285446643829346
7583,7.257444858551025
7584,7.28253173828125
7585,7.313443183898926
7586,7.307237148284912
7587,7.337466239929199
7588,7.298935890197754
7589,7.277316093444824
7590,7.297624111175537
7591,7.3368000984191895
7592,7.322216033935547
7593,7.296680450439453
7594,7.327449321746826
7595,7.334277629852295
7596,7.287457466125488
7597,7.267331123352051
7598,7.295663356781006
7599,7.300751686096191
7600,7.361505508422852
7601,7.316468238830566
7602,7.324710845947266
7603,7.2574143409729
7604,7.329047679901123
7605,7.303140640258789
7606,7.341529369354248
7607,7.308508396148682
7608,7.342761039733887
7609,7.325262069702148
7610,7.310803413391113
7611,7.281426906585693
7612,7.332665920257568
7613,7.306140422821045
7614,7.32069206237793
7615,7.311107635498047
7616,7.343611717224121
7617,7.289428234100342
7618,7.336373805999756
7619,7.328155040740967
7620,7.307270050048828
7621,7.297981262207031
7622,7.313787937164307
7623,7.32650899887085
7624,7.284109115600586
7625,7.329141139984131
7626,7.280885219573975
7627,7.290910243988037
7628,7.2984843254089355
7629,7.327363014221191
7630,7.315427780151367
7631,7.2716264724731445
7632,7.3176445960998535
7633,7.257403373718262
7634,7.318700790405273
7635,7.286586761474609
7636,7.290563583374023
7637,7.331508636474609
7638,7.336585521697998
7639,7.328658580780029
7640,7.306344509124756
7641,7.36704158782959
7642,7.291823387145996
7643,7.310336589813232
7644,7.3206000328063965
7645,7.307923316955566
7646,7.284948825836182
7647,7.309904098510742
7648,7.313967704772949
7649,7.288443088531494
7650,7.3051018714904785
7651,7.3065924644470215
7652,7.30527400970459
7653,7.344090461730957
7654,7.314601421356201
7655,7.347543239593506
7656,7.295412063598633
7657,7.3601274490356445
7658,7.275766372680664
7659,7.235229015350342
7660,7.2751145362854
7661,7.3133745193481445
7662,7.310573101043701
7663,7.294715404510498
7664,7.316575050354004
7665,7.323455333709717
7666,7.320501804351807
7667,7.316990375518799
7668,7.292748928070068
7669,7.311037063598633
7670,7.288808345794678
7671,7.311142921447754
7672,7.299976825714111
7673,7.2926130294799805
7674,7.322490215301514
7675,7.301424503326416
7676,7.347985744476318
7677,7.269391059875488
7678,7.325213432312012
7679,7.308470249176025
7680,7.3166584968566895
7681,7.3247270584106445
7682,7.293415546417236
7683,7.3318891525268555
7684,7.335476875305176
7685,7.345384120941162
7686,7.25696325302124
7687,7.320076942443848
7688,7.339600086212158
7689,7.314992427825928
7690,7.307832717895508
7691,7.289119243621826
7692,7.296973705291748
7693,7.3278608322143555
7694,7.308120250701904
7695,7.278548240661621
7696,7.284781455993652
7697,7.317278861999512
7698,7.3392133712768555
7699,7.301150798797607
7700,7.287940502166748
7701,7.3027119636535645
7702,7.262553691864014
7703,7.310652256011963
7704,7.3768110275268555
7705,7.320278167724609
7706,7.295351505279541
7707,7.272576332092285
7708,7.324784755706787
7709,7.299923419952393
7710,7.3313679695129395
7711,7.297088623046875
7712,7.30742883682251
7713,7.3118977546691895
7714,7.336145401000977
7715,7.350115776062012
7716,7.3255085945129395
7717,7.3116536140441895
7718,7.302104473114014
7719,7.32868766784668
7720,7.279201984405518
7721,7.33477783203125
7722,7.322885036468506
7723,7.288564682006836
7724,7.288248062133789
7725,7.304015159606934
7726,7.321523189544678
7727,7.293620586395264
7728,7.277315616607666
7729,7.317047595977783
7730,7.318806171417236
7731,7.295473575592041
7732,7.283286094665527
7733,7.294876575469971
7734,7.304261684417725
7735,7.290866374969482
7736,7.278709411621094
7737,7.290547847747803
7738,7.304650783538818
7739,7.2976179122924805
7740,7.276723384857178
7741,7.299527645111084
7742,7.301537036895752
7743,7.2750654220581055
7744,7.296126842498779
7745,7.356898307800293
7746,7.260175704956055
7747,7.347844123840332
7748,7.28867769241333
7749,7.322023391723633
7750,7.316990852355957
7751,7.310198783874512
7752,7.3341522216796875
7753,7.34512186050415
7754,7.331526279449463
7755,7.293705463409424
7756,7.319396018981934
7757,7.285679817199707
7758,7.3310136795043945
7759,7.318269729614258
7760,7.31437349319458
7761,7.320480823516846
7762,7.2881364822387695
7763,7.351228713989258
7764,7.3053436279296875
7765,6.916755676269531
7766,7.341521263122559
7767,7.318946361541748
7768,7.250951766967773
7769,7.317636489868164
7770,7.343544006347656
7771,7.273654937744141
7772,7.280888080596924
7773,7.342820644378662
7774,7.279605865478516
7775,7.34510612487793
7776,7.297645568847656
7777,7.295234203338623
7778,7.3061747550964355
7779,7.332476615905762
7780,7.3177924156188965
7781,7.349318027496338
7782,7.3022847175598145
7783,7.320534706115723
7784,7.3143839836120605
7785,7.357883930206299
7786,7.284544467926025
7787,7.320590496063232
7788,7.369009017944336
7789,7.329455375671387
7790,7.356545925140381
7791,7.276113033294678
7792,7.324658393859863
7793,7.29290771484375
7794,7.3190693855285645
7795,7.296548366546631
7796,7.296050071716309
7797,7.33985710144043
7798,7.292839050292969
7799,7.306846618652344
7800,7.322108745574951
7801,7.278879642486572
7802,7.288471221923828
7803,7.231171607971191
7804,7.336817741394043
7805,7.306924819946289
7806,7.271250247955322
7807,7.255527973175049
7808,7.337418556213379
7809,7.317502498626709
7810,7.285712718963623
7811,7.336891174316406
7812,7.331364631652832
7813,7.288569927215576
7814,7.317273139953613
7815,7.309021949768066
7816,7.2922234535217285
7817,7.2819976806640625
7818,7.31162166595459
7819,7.308910369873047
7820,7.300288200378418
7821,7.298927307128906
7822,7.315613269805908
7823,7.300887584686279
7824,7.314833164215088
7825,7.325983047485352
7826,7.299034595489502
7827,7.2938456535339355
7828,7.298502445220947
7829,7.309029579162598
7830,7.302707195281982
7831,7.314214706420898
7832,7.3771209716796875
7833,7.242845058441162
7834,7.293112277984619
7835,7.316279411315918
7836,7.268161296844482
7837,7.333467483520508
7838,7.3079938888549805
7839,7.3633623123168945
7840,7.3073272705078125
7841,7.328744888305664
7842,7.295447826385498
7843,7.302023410797119
7844,7.330958366394043
7845,7.322572708129883
7846,7.316094398498535
7847,7.293965816497803
7848,7.291409492492676
7849,7.259049415588379
7850,7.318181037902832
7851,7.335387706756592
7852,7.346435070037842
7853,7.305212020874023
7854,7.342044830322266
7855,7.285994529724121
7856,7.262288570404053
7857,7.278109550476074
7858,7.3403167724609375
7859,7.326845169067383
7860,7.312546730041504
7861,7.283514022827148
7862,7.339375972747803
7863,7.267871379852295
7864,7.30160665512085
7865,7.300986289978027
7866,7.324767112731934
7867,7.276660919189453
7868,7.3007917404174805
7869,7.277933597564697
7870,7.315723896026611
7871,7.2738471031188965
7872,7.291647434234619
7873,7.353715896606445
7874,7.324925899505615
7875,7.298141002655029
7876,7.343973159790039
7877,7.3176445960998535
7878,7.328656196594238
7879,7.343059539794922
7880,7.31554651260376
7881,7.296175479888916
7882,7.240405559539795
7883,7.281046390533447
7884,7.304286003112793
7885,7.300955295562744
7886,7.326766490936279
7887,7.28870964050293
7888,7.298665523529053
7889,7.324886798858643
7890,7.3135986328125
7891,7.295982837677002
7892,7.3342108726501465
7893,7.29170560836792
7894,7.317417621612549
7895,7.297965049743652
7896,7.311373233795166
7897,7.272568225860596
7898,7.284078598022461
7899,7.2926812171936035
7900,7.287146091461182
7901,7.28715181350708
7902,7.310515880584717
7903,7.3223772048950195
7904,7.324530601501465
7905,7.297861099243164
7906,7.320682048797607
7907,7.3086347579956055
7908,7.256985187530518
7909,7.315278053283691
7910,7.2586212158203125
7911,7.304282188415527
7912,7.284300804138184
7913,7.334839344024658
7914,7.312386512756348
7915,7.326329231262207
7916,7.303892135620117
7917,7.287259578704834
7918,7.315610408782959
7919,7.3479533195495605
7920,7.295349597930908
7921,7.284512519836426
7922,7.351862907409668
7923,7.310245037078857
7924,7.3174333572387695
7925,7.2610015869140625
7926,7.30640172958374
7927,7.320092678070068
7928,7.289300918579102
7929,7.31606912612915
7930,7.338137626647949
7931,7.298303127288818
7932,7.3537445068359375
7933,7.314741134643555
7934,7.298117637634277
7935,7.271976947784424
7936,7.297153949737549
7937,7.327694892883301
7938,7.307306289672852
7939,7.300544261932373
7940,7.291717052459717
7941,7.250002384185791
7942,7.292113304138184
7943,7.297576427459717
7944,7.338448524475098
7945,7.28131103515625
7946,7.293725967407227
7947,7.30186128616333
7948,7.3288702964782715
7949,7.300547122955322
7950,7.305464267730713
7951,7.297823905944824
7952,7.323025226593018
7953,7.3166022300720215
7954,7.319215297698975
7955,7.318530082702637
7956,7.333697319030762
7957,7.300614356994629
7958,7.311212062835693
7959,7.285469055175781
7960,7.305245876312256
7961,7.305749416351318
7962,7.299530029296875
7963,7.301655292510986
7964,7.28265380859375
7965,7.267219066619873
7966,7.2981367111206055
7967,7.303072929382324
7968,7.284318923950195
7969,7.318793773651123
7970,7.288756847381592
7971,7.304257869720459
7972,7.37726354598999
7973,7.291363716125488
7974,7.29598331451416
7975,7.314075946807861
7976,7.317826271057129
7977,7.330809116363525
7978,7.332639694213867
7979,7.2941389083862305
7980,7.316427707672119
7981,7.318201541900635
7982,7.304459095001221
7983,7.29917049407959
7984,7.305644512176514
7985,7.251256942749023
7986,7.305059432983398
7987,7.3058271408081055
7988,7.344058990478516
7989,7.291315078735352
7990,7.3232855796813965
7991,7.281589508056641
7992,7.287086486816406
7993,7.318820476531982
7994,7.330047607421875
7995,7.267240047454834
7996,7.317606449127197
7997,7.3025593757629395
7998,7.355619430541992
7999,7.306098461151123
8000,7.2886457443237305
8001,7.331023216247559
8002,7.292261600494385
8003,7.3185715675354
8004,7.31999397277832
8005,7.3271989822387695
8006,7.304100036621094
8007,7.266108512878418
8008,7.317992210388184
8009,7.321290016174316
8010,7.273976802825928
8011,7.3263702392578125
8012,7.319799900054932
8013,7.30377197265625
8014,7.255953788757324
8015,7.318602085113525
8016,7.330209255218506
8017,7.332576751708984
8018,7.27142333984375
8019,7.3196868896484375
8020,7.280250549316406
8021,7.304405689239502
8022,7.303921222686768
8023,7.3412861824035645
8024,7.327833652496338
8025,7.250723838806152
8026,7.2774505615234375
8027,7.279298782348633
8028,7.293658256530762
8029,7.311568260192871
8030,7.3584184646606445
8031,7.325984954833984
8032,7.2989983558654785
8033,7.328546047210693
8034,7.29772424697876
8035,7.312553882598877
8036,7.357560634613037
8037,7.328010082244873
8038,7.276390075683594
8039,7.299574851989746
8040,7.283577919006348
8041,7.312506198883057
8042,7.256447792053223
8043,7.269490718841553
8044,7.362495422363281
8045,7.322757720947266
8046,7.317800998687744
8047,7.309719085693359
8048,7.306974411010742
8049,7.302979946136475
8050,7.349736213684082
8051,7.291409015655518
8052,7.303780555725098
8053,7.32987642288208
8054,7.300037860870361
8055,7.218098163604736
8056,7.31570291519165
8057,7.3054609298706055
8058,7.320718765258789
8059,7.272817611694336
8060,7.322860240936279
8061,7.2979936599731445
8062,7.321088790893555
8063,7.290866851806641
8064,7.346804141998291
8065,7.316251277923584
8066,7.290844440460205
8067,7.3126420974731445
8068,7.299127101898193
8069,7.308633804321289
8070,7.3186845779418945
8071,7.278913974761963
8072,7.284601211547852
8073,7.30914831161499
8074,7.3677473068237305
8075,7.3072919845581055
8076,7.277274131774902
8077,7.3323073387146
8078,7.248600959777832
8079,7.3038105964660645
8080,7.284677982330322
8081,7.32172155380249
8082,7.278573513031006
8083,7.310186386108398
8084,7.290497779846191
8085,7.341706275939941
8086,7.306809425354004
8087,7.30359411239624
8088,7.353765487670898
8089,7.297469615936279
8090,7.300290584564209
8091,7.342196941375732
8092,7.2998809814453125
8093,7.278364658355713
8094,7.2896342277526855
8095,7.3602776527404785
8096,7.295017242431641
8097,7.334834575653076
8098,7.373291015625
8099,7.295598030090332
8100,7.315949440002441
8101,7.270583629608154
8102,7.339971542358398
8103,7.318894386291504
8104,7.266401290893555
8105,7.268918514251709
8106,7.351871490478516
8107,7.3049635887146
8108,7.2812299728393555
8109,7.348118305206299
8110,7.303274154663086
8111,7.284432888031006
8112,7.317643165588379
8113,7.297979831695557
8114,7.304010391235352
8115,7.323769569396973
8116,7.327982425689697
8117,7.324965000152588
8118,7.287461280822754
8119,7.317532062530518
8120,7.355194568634033
8121,7.323493003845215
8122,7.284229278564453
8123,7.336941719055176
8124,7.318195343017578
8125,7.325192928314209
8126,7.300164699554443
8127,7.302481174468994
8128,7.261595249176025
8129,7.303114891052246
8130,7.288402080535889
8131,7.16817045211792
8132,7.2028889656066895
8133,7.300715446472168
8134,7.358306407928467
8135,7.297238826751709
8136,7.328279972076416
8137,7.316050052642822
8138,7.283153533935547
8139,7.33233642578125
8140,7.293119430541992
8141,7.301326751708984
8142,7.3081889152526855
8143,7.303272724151611
8144,7.351415157318115
8145,7.2978010177612305
8146,7.309547424316406
8147,7.30779504776001
8148,7.306112289428711
8149,7.378476142883301
8150,7.33722448348999
8151,7.299158573150635
8152,7.324629306793213
8153,7.321628570556641
8154,7.325504779815674
8155,7.305131912231445
8156,7.286104202270508
8157,7.2845072746276855
8158,7.3283867835998535
8159,7.299572467803955
8160,7.259820461273193
8161,7.34328556060791
8162,7.277416706085205
8163,7.26446008682251
8164,7.274731159210205
8165,7.271387577056885
8166,7.29744291305542
8167,7.318864822387695
8168,7.335773944854736
8169,7.320399761199951
8170,7.310903072357178
8171,7.318821430206299
8172,7.285000801086426
8173,7.268075466156006
8174,7.33664083480835
8175,7.283703327178955
8176,7.26830530166626
8177,7.29250431060791
8178,7.273402214050293
8179,7.326834201812744
8180,7.253880500793457
8181,7.302877902984619
8182,7.324645519256592
8183,7.340640068054199
8184,7.293615341186523
8185,7.279601573944092
8186,7.2976250648498535
8187,7.322589874267578
8188,7.300754070281982
8189,7.2442402839660645
8190,7.284026145935059
8191,7.308193683624268
8192,7.328018665313721
8193,7.291090488433838
8194,7.278243064880371
8195,7.325318336486816
8196,7.315435409545898
8197,7.311764717102051
8198,7.271556377410889
8199,7.308134078979492
8200,7.275871753692627
8201,7.3322882652282715
8202,7.319671154022217
8203,7.285025119781494
8204,7.307303428649902
8205,7.3234782218933105
8206,7.347539901733398
8207,7.2778730392456055
8208,7.316006660461426
8209,7.277337074279785
8210,7.2948527336120605
8211,7.2992634773254395
8212,7.303974628448486
8213,7.3262248039245605
8214,7.267516136169434
8215,7.340902805328369
8216,7.267303943634033
8217,7.355159759521484
8218,7.287318229675293
8219,7.308248519897461
8220,7.3094635009765625
8221,7.259538173675537
8222,7.333775520324707
8223,7.334316730499268
8224,7.31327486038208
8225,7.250583171844482
8226,7.291107177734375
8227,7.30711555480957
8228,7.308505058288574
8229,7.313424587249756
8230,7.314998626708984
8231,7.304643154144287
8232,7.3136887550354
8233,7.328562259674072
8234,7.311306476593018
8235,7.270186424255371
8236,7.322798252105713
8237,7.281723499298096
8238,7.289697170257568
8239,7.318063735961914
8240,7.330973148345947
8241,7.302100658416748
8242,7.350076675415039
8243,7.3042449951171875
8244,7.294013977050781
8245,7.263797760009766
8246,7.293415546417236
8247,7.320497035980225
8248,7.2750349044799805
8249,7.277592658996582
8250,7.290486812591553
8251,7.245004177093506
8252,7.289281845092773
8253,7.299127101898193
8254,7.312740325927734
8255,7.2980523109436035
8256,7.31886100769043
8257,7.279919624328613
8258,7.298757553100586
8259,7.285256862640381
8260,7.272408485412598
8261,7.355563640594482
8262,7.286898612976074
8263,7.275416851043701
8264,7.346981525421143
8265,7.282131671905518
8266,7.295398712158203
8267,7.280086517333984
8268,7.310787677764893
8269,7.322072982788086
8270,7.295388698577881
8271,7.342476844787598
8272,7.319936752319336
8273,7.281139373779297
8274,7.32938289642334
8275,7.352485656738281
8276,7.294559478759766
8277,7.289696216583252
8278,7.277698040008545
8279,7.333920001983643
8280,7.301821231842041
8281,7.267587184906006
8282,7.355599403381348
8283,7.262106895446777
8284,7.318557262420654
8285,7.296973705291748
8286,7.302561283111572
8287,7.272049427032471
8288,7.305227279663086
8289,7.327224254608154
8290,7.3241801261901855
8291,7.313454627990723
8292,7.328843593597412
8293,7.326064109802246
8294,7.365480422973633
8295,7.33033561706543
8296,7.273038387298584
8297,7.2733941078186035
8298,7.2874016761779785
8299,7.310380458831787
8300,7.333217144012451
8301,7.296684265136719
8302,7.270605564117432
8303,7.317421913146973
8304,7.329042434692383
8305,7.3236165046691895
8306,7.311943054199219
8307,7.308572292327881
8308,7.331932544708252
8309,7.3284173011779785
8310,7.305985450744629
8311,7.305685997009277
8312,7.3235015869140625
8313,7.316126823425293
8314,7.352238178253174
8315,7.300830841064453
8316,7.323782920837402
8317,7.317532539367676
8318,7.273471355438232
8319,7.285315990447998
8320,7.287638187408447
8321,7.33995246887207
8322,7.328924179077148
8323,7.297569274902344
8324,7.313415050506592
8325,7.336997032165527
8326,7.27837610244751
8327,7.3034491539001465
8328,7.306878089904785
8329,7.3212385177612305
8330,7.3127007484436035
8331,7.289155960083008
8332,7.300102233886719
8333,7.345123767852783
8334,7.308159828186035
8335,7.31000280380249
8336,7.34742546081543
8337,7.3428239822387695
8338,7.327007293701172
8339,7.319720268249512
8340,7.297305583953857
8341,7.313006401062012
8342,7.312626361846924
8343,7.24318265914917
8344,7.326098918914795
8345,7.331428050994873
8346,7.2909698486328125
8347,7.296854496002197
8348,7.344750881195068
8349,7.33976411819458
8350,7.295894145965576
8351,7.283144950866699
8352,7.240835666656494
8353,7.282198905944824
8354,7.282525062561035
8355,7.283766269683838
8356,7.335155963897705
8357,7.314711570739746
8358,7.332730293273926
8359,7.304372787475586
8360,7.329331874847412
8361,7.3527984619140625
8362,7.323574542999268
8363,7.260475158691406
8364,7.31950044631958
8365,7.282611846923828
8366,7.307592391967773
8367,7.289541244506836
8368,7.28927755355835
8369,7.315377235412598
8370,7.315001487731934
8371,7.311954021453857
8372,7.261030673980713
8373,7.313601970672607
8374,7.314608573913574
8375,7.324702262878418
8376,7.285261154174805
8377,7.2875518798828125
8378,7.277148246765137
8379,7.283694744110107
8380,7.303975582122803
8381,7.326426982879639
8382,7.31878662109375
8383,7.343312740325928
8384,7.335880279541016
8385,7.353365898132324
8386,7.291926860809326
8387,7.311390399932861
8388,7.34760856628418
8389,7.284027576446533
8390,7.314697742462158
8391,7.161133766174316
8392,7.33151388168335
8393,7.2735114097595215
8394,7.313400745391846
8395,7.302212238311768
8396,7.311844825744629
8397,7.340584754943848
8398,7.364427089691162
8399,7.306392669677734
8400,7.2935662269592285
8401,7.272627830505371
8402,7.2783660888671875
8403,7.301453590393066
8404,7.28955078125
8405,7.276888370513916
8406,7.3011908531188965
8407,7.2727742195129395
8408,7.3012471199035645
8409,7.314418315887451
8410,7.295936584472656
8411,7.30351448059082
8412,7.255139350891113
8413,7.320107936859131
8414,7.29835319519043
8415,7.305660247802734
8416,7.316701412200928
8417,7.302405834197998
8418,7.329540252685547
8419,7.381035327911377
8420,7.295825004577637
8421,7.316709995269775
8422,7.29168176651001
8423,7.311675548553467
8424,7.323282241821289
8425,7.3024492263793945
8426,7.315180778503418
8427,7.333926200866699
8428,7.328150272369385
8429,7.278929710388184
8430,7.28690242767334
8431,7.315508842468262
8432,7.292261600494385
8433,7.319249629974365
8434,7.302595138549805
8435,7.302662372589111
8436,7.2889628410339355
8437,7.257795333862305
8438,7.271515846252441
8439,7.295835018157959
8440,7.29660177230835
8441,7.275787353515625
8442,7.317021369934082
8443,7.324557781219482
8444,7.343227386474609
8445,7.317710876464844
8446,7.327091217041016
8447,7.293367385864258
8448,7.328812122344971
8449,7.287156105041504
8450,7.268978118896484
8451,7.277174472808838
8452,7.313300609588623
8453,7.358448505401611
8454,7.298722267150879
8455,7.30575704574585
8456,7.282466888427734
8457,7.314632892608643
8458,7.2798590660095215
8459,7.304257869720459
8460,7.283852577209473
8461,7.313331604003906
8462,7.337698936462402
8463,7.328784465789795
8464,7.316513538360596
8465,7.300081253051758
8466,7.295140266418457
8467,7.297500133514404
8468,7.317858695983887
8469,7.336484909057617
8470,7.2888407707214355
8471,7.2824554443359375
8472,7.323404788970947
8473,7.337845325469971
8474,7.341496467590332
8475,7.287939548492432
8476,7.290933132171631
8477,7.29420804977417
8478,7.29140567779541
8479,7.303102016448975
8480,7.283632278442383
8481,7.2788262367248535
8482,7.301193714141846
8483,7.318817615509033
8484,7.314178466796875
8485,7.314736843109131
8486,7.342675685882568
8487,7.315560817718506
8488,7.32520055770874
8489,7.302591800689697
8490,7.299500465393066
8491,7.321461200714111
8492,7.3171844482421875
8493,7.3258056640625
8494,7.259337902069092
8495,7.28269624710083
8496,7.256082057952881
8497,7.306291580200195
8498,7.322208881378174
8499,7.320913314819336
8500,7.300054550170898
8501,7.311706066131592
8502,7.320206165313721
8503,7.314896583557129
8504,7.306447982788086
8505,7.331044673919678
8506,7.251420021057129
8507,7.316609859466553
8508,7.298237323760986
8509,7.319815635681152
8510,7.259554862976074
8511,7.29669189453125
8512,7.275247573852539
8513,7.299276351928711
8514,7.347861289978027
8515,7.335050582885742
8516,7.294036388397217
8517,7.348690032958984
8518,7.299815654754639
8519,7.326154708862305
8520,7.286075115203857
8521,7.290511608123779
8522,7.3100996017456055
8523,7.34045934677124
8524,7.32738733291626
8525,7.272953510284424
8526,7.262197017669678
8527,7.337925434112549
8528,7.375200271606445
8529,7.295538425445557
8530,7.266124248504639
8531,7.32542610168457
8532,7.330748081207275
8533,7.317568778991699
8534,7.292317867279053
8535,7.350683689117432
8536,7.273220062255859
8537,7.291751384735107
8538,7.326608657836914
8539,7.341744422912598
8540,7.284683704376221
8541,7.31112813949585
8542,7.2831549644470215
8543,7.301021099090576
8544,7.270425319671631
8545,7.294668197631836
8546,7.2752251625061035
8547,7.316589832305908
8548,7.29097318649292
8549,7.326858997344971
8550,7.33598518371582
8551,7.3482279777526855
8552,7.290904998779297
8553,7.344558238983154
8554,7.288785934448242
8555,7.372387886047363
8556,7.339229106903076
8557,7.300422668457031
8558,7.306310653686523
8559,7.285010814666748
8560,7.289601802825928
8561,7.280555725097656
8562,7.281341075897217
8563,7.333131313323975
8564,7.332032680511475
8565,7.323417663574219
8566,7.313723087310791
8567,7.30493688583374
8568,7.329273223876953
8569,6.968944072723389
8570,7.354903221130371
8571,7.320704936981201
8572,7.328861236572266
8573,7.303616523742676
8574,7.312954902648926
8575,7.325127601623535
8576,7.28187894821167
8577,7.3116631507873535
8578,7.28756856918335
8579,7.306891918182373
8580,7.315631866455078
8581,7.328718662261963
8582,7.333489418029785
8583,7.346527099609375
8584,7.293610095977783
8585,7.257894515991211
8586,7.313681125640869
8587,7.295938014984131
8588,7.271886348724365
8589,7.300874710083008
8590,7.162233352661133
8591,7.323666572570801
8592,7.320987701416016
8593,7.278909206390381
8594,7.282230854034424
8595,7.30496072769165
8596,7.326049327850342
8597,7.224079608917236
8598,7.270479679107666
8599,7.329488754272461
8600,7.29755163192749
8601,7.335562705993652
8602,7.267251491546631
8603,7.364437103271484
8604,7.3098225593566895
8605,7.318465232849121
8606,7.329671859741211
8607,7.263869762420654
8608,7.328296184539795
8609,7.299666404724121
8610,7.3153815269470215
8611,7.311790943145752
8612,7.281307220458984
8613,7.305283546447754
8614,7.312927722930908
8615,7.283812046051025
8616,7.298697471618652
8617,7.3201165199279785
8618,7.327775001525879
8619,7.29313850402832
8620,7.327482223510742
8621,7.294483661651611
8622,7.271936416625977
8623,7.253866672515869
8624,7.302032947540283
8625,7.339776039123535
8626,7.316648960113525
8627,6.948615550994873
8628,7.331923484802246
8629,7.288007736206055
8630,7.2875542640686035
8631,7.2468976974487305
8632,7.305051326751709
8633,7.303562164306641
8634,7.297598361968994
8635,7.303100109100342
8636,7.346742153167725
8637,7.331454277038574
8638,7.31056547164917
8639,7.313521385192871
8640,7.309615612030029
8641,7.310149192810059
8642,7.307501316070557
8643,7.279443740844727
8644,7.298206806182861
8645,7.293571472167969
8646,7.28065299987793
8647,7.330298900604248
8648,7.342004776000977
8649,7.270153999328613
8650,7.310968399047852
8651,7.268953323364258
8652,7.299561500549316
8653,7.311734676361084
8654,7.3015546798706055
8655,7.327132701873779
8656,7.272543907165527
8657,7.314409255981445
8658,7.316422462463379
8659,7.277291774749756
8660,7.306066989898682
8661,7.257948875427246
8662,7.337072849273682
8663,7.299643516540527
8664,7.305845260620117
8665,7.2645440101623535
8666,7.3114519119262695
8667,7.313685894012451
8668,7.319108486175537
8669,7.319822788238525
8670,7.320799350738525
8671,7.334224224090576
8672,7.307374954223633
8673,7.315883159637451
8674,7.321224689483643
8675,7.253854274749756
8676,7.299927234649658
8677,7.323177814483643
8678,7.305582046508789
8679,7.293400287628174
8680,7.276729583740234
8681,7.295075416564941
8682,7.304590702056885
8683,7.354827404022217
8684,7.278785705566406
8685,7.320545673370361
8686,7.291980266571045
8687,7.295724391937256
8688,7.312245845794678
8689,7.31433629989624
8690,7.319365501403809
8691,7.298725605010986
8692,7.292461395263672
8693,7.297715663909912
8694,7.297574043273926
8695,7.341785430908203
8696,7.306298732757568
8697,7.340934753417969
8698,7.347700119018555
8699,7.33350133895874
8700,7.285721778869629
8701,7.323458671569824
8702,7.292778968811035
8703,7.26600980758667
8704,7.313393592834473
8705,7.289649963378906
8706,7.281116962432861
8707,7.2630181312561035
8708,7.295116424560547
8709,7.300201416015625
8710,7.297402858734131
8711,7.299837589263916
8712,7.261074066162109
8713,7.352237701416016
8714,7.320907115936279
8715,7.291368007659912
8716,7.294129848480225
8717,7.360267639160156
8718,7.340277194976807
8719,7.307989597320557
8720,7.309718132019043
8721,7.282510757446289
8722,7.320650577545166
8723,7.295189380645752
8724,7.280330181121826
8725,7.2649641036987305
8726,7.288940906524658
8727,7.319913387298584
8728,7.282474994659424
8729,7.3272600173950195
8730,7.340745449066162
8731,7.315695762634277
8732,7.298038005828857
8733,7.320228576660156
8734,7.364157676696777
8735,7.340750217437744
8736,7.315452575683594
8737,7.322403907775879
8738,7.272692680358887
8739,7.288668155670166
8740,7.3135552406311035
8741,7.333749294281006
8742,7.324233055114746
8743,7.302347660064697
8744,7.268147945404053
8745,7.253456115722656
8746,7.293855667114258
8747,7.286987781524658
8748,7.296353340148926
8749,7.313715934753418
8750,7.311920166015625
8751,7.334369659423828
8752,7.289181709289551
8753,7.276427268981934
8754,7.27479362487793
8755,7.298892021179199
8756,7.299612998962402
8757,7.2880377769470215
8758,7.290766716003418
8759,7.284931659698486
8760,7.320711612701416
8761,7.27544641494751
8762,7.325594425201416
8763,7.358316898345947
8764,7.329623699188232
8765,7.267528057098389
8766,7.3134379386901855
8767,7.313645362854004
8768,7.249763011932373
8769,7.258220195770264
8770,7.273927211761475
8771,7.2843427658081055
8772,7.380013465881348
8773,7.303596019744873
8774,7.254374980926514
8775,7.313288688659668
8776,7.288743019104004
8777,7.22952938079834
8778,7.306300163269043
8779,7.3090667724609375
8780,7.3174662590026855
8781,7.275065898895264
8782,7.303549766540527
8783,7.35044002532959
8784,7.307847499847412
8785,7.3013505935668945
8786,7.301699161529541
8787,7.331274032592773
8788,7.336886405944824
8789,7.299592971801758
8790,7.311100482940674
8791,7.260971546173096
8792,7.305446624755859
8793,7.2645063400268555
8794,7.327579975128174
8795,7.345447063446045
8796,7.271661281585693
8797,7.2733869552612305
8798,7.312452793121338
8799,7.314984321594238
8800,7.3076863288879395
8801,7.285100936889648
8802,7.303630828857422
8803,7.324547290802002
8804,7.342123508453369
8805,7.283052444458008
8806,7.307702541351318
8807,7.300512313842773
8808,7.30535888671875
8809,7.308218002319336
8810,7.301153659820557
8811,7.333021640777588
8812,7.2917375564575195
8813,7.3198065757751465
8814,7.322596073150635
8815,7.280479431152344
8816,7.315762042999268
8817,7.298800945281982
8818,7.286330223083496
8819,7.302121639251709
8820,7.291866779327393
8821,7.300662040710449
8822,7.341547012329102
8823,7.25742244720459
8824,7.347318172454834
8825,7.328803062438965
8826,7.326995849609375
8827,7.326699733734131
8828,7.294051170349121
8829,7.304346561431885
8830,7.303378582000732
8831,7.33472204208374
8832,7.356461524963379
8833,7.295470714569092
8834,7.341045379638672
8835,7.317334175109863
8836,7.3525919914245605
8837,7.285078525543213
8838,7.316570281982422
8839,7.292570114135742
8840,7.284331798553467
8841,7.310361385345459
8842,7.346846580505371
8843,7.281469345092773
8844,7.311307430267334
8845,7.300334453582764
8846,7.311408519744873
8847,7.3116559982299805
8848,7.298973083496094
8849,7.356982231140137
8850,7.3188395500183105
8851,7.253222465515137
8852,7.354849338531494
8853,7.334710597991943
8854,7.329198837280273
8855,7.310092449188232
8856,7.328586101531982
8857,7.306838035583496
8858,7.317956447601318
8859,7.320672035217285
8860,7.334128379821777
8861,7.292497158050537
8862,7.324188232421875
8863,7.320030212402344
8864,7.253960132598877
8865,7.325856685638428
8866,7.314751148223877
8867,7.285100936889648
8868,7.316949367523193
8869,7.298381328582764
8870,7.21394681930542
8871,7.29133415222168
8872,7.315023422241211
8873,7.341667652130127
8874,7.28684139251709
8875,7.230893135070801
8876,7.305456638336182
8877,7.298093795776367
8878,7.276139259338379
8879,7.31120491027832
8880,7.291123867034912
8881,7.294592380523682
8882,7.278748512268066
8883,7.316791534423828
8884,7.323673248291016
8885,7.291374206542969
8886,7.289809703826904
8887,7.293459892272949
8888,7.274368762969971
8889,7.322537899017334
8890,7.276358604431152
8891,7.308706760406494
8892,7.287874698638916
8893,7.2999162673950195
8894,7.317022800445557
8895,7.254430294036865
8896,7.285926342010498
8897,7.314721584320068
8898,7.291527271270752
8899,7.300751209259033
8900,7.352936744689941
8901,7.2804155349731445
8902,7.313210487365723
8903,7.2684855461120605
8904,7.329652786254883
8905,7.303369045257568
8906,7.3280439376831055
8907,7.318077564239502
8908,7.268899917602539
8909,7.30560302734375
8910,7.318185806274414
8911,7.332883358001709
8912,7.3411993980407715
8913,7.267845630645752
8914,7.309561252593994
8915,7.326313018798828
8916,7.337009906768799
8917,7.304111957550049
8918,7.295493125915527
8919,7.292049407958984
8920,7.328465938568115
8921,7.288984775543213
8922,7.346487045288086
8923,7.31333589553833
8924,7.331167221069336
8925,7.239678382873535
8926,7.326650142669678
8927,7.3184404373168945
8928,7.338510990142822
8929,7.301211833953857
8930,7.356942653656006
8931,7.328769207000732
8932,7.327198505401611
8933,7.307474136352539
8934,7.336811542510986
8935,7.293772220611572
8936,7.290409088134766
8937,7.309535026550293
8938,7.322021007537842
8939,7.283575057983398
8940,7.311948299407959
8941,7.288578033447266
8942,7.301189422607422
8943,7.334153652191162
8944,7.264686107635498
8945,7.306970119476318
8946,7.284032344818115
8947,7.297476768493652
8948,7.277872085571289
8949,7.297264099121094
8950,7.3054914474487305
8951,7.292877674102783
8952,7.32532262802124
8953,7.322851657867432
8954,7.27880859375
8955,7.3072190284729
8956,7.292102813720703
8957,7.335936069488525
8958,7.29195499420166
8959,7.301933765411377
8960,7.332839488983154
8961,7.327669143676758
8962,7.307322978973389
8963,7.303927898406982
8964,7.328076362609863
8965,7.3286452293396
8966,7.265618324279785
8967,7.338819980621338
8968,7.321421146392822
8969,7.314009666442871
8970,7.292688846588135
8971,7.309510707855225
8972,7.286055088043213
8973,7.297765731811523
8974,7.319051265716553
8975,7.319635391235352
8976,7.291816711425781
8977,7.285167694091797
8978,7.344109535217285
8979,7.280431270599365
8980,7.275542259216309
8981,7.315168380737305
8982,7.257494926452637
8983,7.309637069702148
8984,7.314101696014404
8985,7.320671081542969
8986,7.271599769592285
8987,7.308988094329834
8988,7.310471534729004
8989,7.224651336669922
8990,7.299400806427002
8991,7.2931809425354
8992,7.318271160125732
8993,7.322907447814941
8994,7.290174961090088
8995,7.30696439743042
8996,7.320697784423828
8997,7.299071311950684
8998,7.243602275848389
8999,7.330992221832275
9000,7.303603649139404
9001,7.3241801261901855
9002,7.313093662261963
9003,7.331820487976074
9004,7.324731349945068
9005,7.321833610534668
9006,7.353786468505859
9007,7.319948196411133
9008,7.298771381378174
9009,7.269102096557617
9010,7.289757251739502
9011,7.31572961807251
9012,7.299657821655273
9013,7.346736907958984
9014,7.284636974334717
9015,7.3189897537231445
9016,7.322573661804199
9017,7.29010009765625
9018,7.27960205078125
9019,7.320341110229492
9020,7.297969341278076
9021,7.350818634033203
9022,7.327225208282471
9023,7.299459457397461
9024,7.32700252532959
9025,7.311207294464111
9026,7.318965911865234
9027,7.277466297149658
9028,7.331284999847412
9029,7.333978652954102
9030,7.348556995391846
9031,7.295454978942871
9032,7.307374000549316
9033,7.338602542877197
9034,7.300518989562988
9035,7.268104553222656
9036,7.320843696594238
9037,7.338650226593018
9038,7.255897045135498
9039,7.300992012023926
9040,7.3086042404174805
9041,7.306310653686523
9042,7.283796787261963
9043,7.278861999511719
9044,7.293056964874268
9045,7.263491630554199
9046,7.322065353393555
9047,7.32966423034668
9048,7.303913593292236
9049,7.300180435180664
9050,7.3163743019104
9051,7.354089260101318
9052,7.285740852355957
9053,7.319441318511963
9054,7.2645673751831055
9055,7.325817584991455
9056,7.294826507568359
9057,7.353170871734619
9058,7.314818859100342
9059,7.289165496826172
9060,7.294987201690674
9061,7.274319171905518
9062,7.350569725036621
9063,7.289190769195557
9064,7.296650409698486
9065,7.3115081787109375
9066,7.279801845550537
9067,7.34064245223999
9068,7.299620628356934
9069,7.313444137573242
9070,7.31010627746582
9071,7.283430576324463
9072,7.330133438110352
9073,7.299524307250977
9074,7.336286544799805
9075,7.323975086212158
9076,7.318796157836914
9077,7.3105878829956055
9078,7.286712169647217
9079,7.294416904449463
9080,7.191231727600098
9081,7.363813400268555
9082,7.3124589920043945
9083,7.321837425231934
9084,7.318987846374512
9085,7.322384357452393
9086,7.3248748779296875
9087,7.267069339752197
9088,7.3013014793396
9089,7.304149150848389
9090,7.31901216506958
9091,7.284395217895508
9092,7.298367023468018
9093,7.301886558532715
9094,7.2926106452941895
9095,7.324462890625
9096,7.261387825012207
9097,7.307955265045166
9098,7.293524742126465
9099,7.358506679534912
9100,7.274012565612793
9101,7.300894260406494
9102,7.273114204406738
9103,7.32478141784668
9104,7.264896869659424
9105,7.255369663238525
9106,7.306366443634033
9107,7.277858257293701
9108,7.265507698059082
9109,7.2924299240112305
9110,7.336132526397705
9111,7.2772650718688965
9112,7.333694934844971
9113,7.318624973297119
9114,7.324484825134277
9115,7.310699939727783
9116,7.302380561828613
9117,7.341554641723633
9118,7.299646377563477
9119,7.304910659790039
9120,7.318740367889404
9121,7.308219909667969
9122,7.3009819984436035
9123,7.280575752258301
9124,7.317983627319336
9125,7.275757312774658
9126,7.339382171630859
9127,7.286419868469238
9128,7.327554702758789
9129,7.3212175369262695
9130,7.321700096130371
9131,7.264555931091309
9132,7.3283610343933105
9133,7.3293070793151855
9134,7.280261516571045
9135,7.301904201507568
9136,7.3151535987854
9137,7.28769588470459
9138,7.280855178833008
9139,7.3088531494140625
9140,7.326028347015381
9141,7.281991481781006
9142,7.303136348724365
9143,7.298994541168213
9144,7.319810390472412
9145,7.292762756347656
9146,7.328842639923096
9147,7.295192241668701
9148,7.322854995727539
9149,7.277345180511475
9150,7.314395904541016
9151,7.315512180328369
9152,7.30397891998291
9153,7.330252647399902
9154,7.30472993850708
9155,7.324256420135498
9156,7.270200729370117
9157,7.304880619049072
9158,7.340863227844238
9159,7.22343111038208
9160,7.3556132316589355
9161,7.317015647888184
9162,7.301387786865234
9163,7.328745365142822
9164,7.352691650390625
9165,7.3016252517700195
9166,7.288071155548096
9167,7.312933444976807
9168,7.321525573730469
9169,7.322680950164795
9170,7.28379487991333
9171,7.300585746765137
9172,7.311496257781982
9173,7.291435718536377
9174,7.309744358062744
9175,7.302738666534424
9176,7.329884052276611
9177,7.297890663146973
9178,7.302574634552002
9179,7.303573131561279
9180,7.2745041847229
9181,7.326822757720947
9182,7.282676696777344
9183,7.313548564910889
9184,7.315492153167725
9185,7.267232418060303
9186,7.297670841217041
9187,7.308793067932129
9188,7.337778568267822
9189,7.3034892082214355
9190,7.319086074829102
9191,7.308496475219727
9192,7.3292107582092285
9193,7.286459922790527
9194,7.317387104034424
9195,7.284034729003906
9196,7.281670093536377
9197,7.28345251083374
9198,7.28460693359375
9199,7.244167327880859
9200,7.318002223968506
9201,7.324419021606445
9202,7.322584629058838
9203,7.2672224044799805
9204,7.307969093322754
9205,7.2763519287109375
9206,7.285640716552734
9207,7.305480480194092
9208,7.298622131347656
9209,7.344202041625977
9210,7.3223490715026855
9211,7.31610107421875
9212,7.314401626586914
9213,7.3186750411987305
9214,7.320027828216553
9215,7.276399612426758
9216,7.293396472930908
9217,7.3085150718688965
9218,7.28562593460083
9219,7.331121444702148
9220,7.298927307128906
9221,7.367893218994141
9222,7.294332504272461
9223,7.323016166687012
9224,7.283174991607666
9225,7.253223896026611
9226,7.293756008148193
9227,7.287336826324463
9228,7.297853946685791
9229,7.286694526672363
9230,7.299887657165527
9231,7.332136154174805
9232,7.239887714385986
9233,7.30566930770874
9234,7.322504043579102
9235,7.291162014007568
9236,7.302555561065674
9237,7.320858478546143
9238,7.342714309692383
9239,7.323797225952148
9240,7.233108997344971
9241,7.324447154998779
9242,7.086548805236816
9243,7.331671714782715
9244,7.300940036773682
9245,7.336544990539551
9246,7.293909549713135
9247,7.32494592666626
9248,7.287059783935547
9249,7.268435001373291
9250,7.335468769073486
9251,7.379293918609619
9252,7.33981990814209
9253,7.328877925872803
9254,7.3602070808410645
9255,7.297503471374512
9256,7.301848888397217
9257,7.2948760986328125
9258,7.299951553344727
9259,7.304654121398926
9260,7.299911975860596
9261,7.288288116455078
9262,7.284237861633301
9263,7.310732364654541
9264,7.276042938232422
9265,7.310018539428711
9266,7.298035144805908
9267,7.320103168487549
9268,7.322817802429199
9269,7.297791481018066
9270,7.320096969604492
9271,7.340018272399902
9272,7.359133720397949
9273,7.324499607086182
9274,7.26560115814209
9275,7.342390537261963
9276,7.27484655380249
9277,7.340798854827881
9278,7.292811870574951
9279,7.271169662475586
9280,7.322460174560547
9281,7.296975135803223
9282,7.353300094604492
9283,7.307991027832031
9284,7.2328057289123535
9285,7.328073978424072
9286,7.327019691467285
9287,7.300616264343262
9288,7.315016269683838
9289,7.287956237792969
9290,7.311832904815674
9291,7.325229167938232
9292,7.313138484954834
9293,7.291810989379883
9294,7.3225483894348145
9295,7.297820568084717
9296,7.297736644744873
9297,7.320940017700195
9298,7.340392112731934
9299,7.304195404052734
9300,7.2885422706604
9301,7.343066215515137
9302,7.254989147186279
9303,7.246651649475098
9304,7.347836971282959
9305,7.308839797973633
9306,5.852062702178955
9307,7.2974042892456055
9308,7.309027194976807
9309,7.306782245635986
9310,7.3299665451049805
9311,7.321619987487793
9312,7.3261189460754395
9313,7.329199314117432
9314,7.299728870391846
9315,7.325314998626709
9316,7.281686782836914
9317,7.308730602264404
9318,7.351655006408691
9319,7.327041149139404
9320,7.314672470092773
9321,7.30750846862793
9322,7.2709269523620605
9323,7.297276020050049
9324,7.316675662994385
9325,7.3387370109558105
9326,7.295247554779053
9327,7.2902374267578125
9328,7.308614730834961
9329,7.318978786468506
9330,7.323530197143555
9331,7.310075759887695
9332,7.278933048248291
9333,7.310200214385986
9334,7.331948280334473
9335,7.317486763000488
9336,7.284926414489746
9337,7.342219829559326
9338,7.271097660064697
9339,7.299111366271973
9340,7.305375099182129
9341,7.281803607940674
9342,7.313438892364502
9343,7.3572678565979
9344,7.364103317260742
9345,7.320174217224121
9346,7.29315710067749
9347,7.294939041137695
9348,7.321450233459473
9349,7.325631141662598
9350,7.317770004272461
9351,7.305113315582275
9352,7.292494773864746
9353,7.290231227874756
9354,7.327431678771973
9355,7.360902786254883
9356,7.2979817390441895
9357,7.283012390136719
9358,7.244115352630615
9359,7.249731540679932
9360,7.268546104431152
9361,7.322239875793457
9362,7.297379493713379
9363,7.319310188293457
9364,7.313882827758789
9365,7.30712890625
9366,7.2901482582092285
9367,7.350519180297852
9368,7.326509952545166
9369,7.3036932945251465
9370,7.312333583831787
9371,7.353031158447266
9372,7.289625644683838
9373,7.2908935546875
9374,7.287596702575684
9375,7.335437774658203
9376,7.254952907562256
9377,7.347719669342041
9378,7.30784797668457
9379,7.2885308265686035
9380,7.337143421173096
9381,7.2999444007873535
9382,7.316778659820557
9383,7.345792770385742
9384,7.296453475952148
9385,7.3013200759887695
9386,7.311773300170898
9387,7.310184478759766
9388,7.305698871612549
9389,7.303686618804932
9390,7.322946071624756
9391,7.263919830322266
9392,7.296043395996094
9393,7.278375148773193
9394,7.280030250549316
9395,7.2787604331970215
9396,7.357295036315918
9397,7.301919937133789
9398,7.354748725891113
9399,7.293517589569092
9400,7.289798736572266
9401,7.333583354949951
9402,7.323251247406006
9403,7.27139949798584
9404,7.317595958709717
9405,7.26768684387207
9406,7.35227632522583
9407,7.340734958648682
9408,7.303798675537109
9409,7.328429698944092
9410,7.308014392852783
9411,7.33547306060791
9412,7.335974216461182
9413,7.28671407699585
9414,7.298349857330322
9415,7.291193962097168
9416,7.29796028137207
9417,7.332254409790039
9418,7.3161492347717285
9419,7.3330535888671875
9420,7.313525676727295
9421,7.3047871589660645
9422,7.275773048400879
9423,7.289510250091553
9424,7.281081676483154
9425,7.288228988647461
9426,7.341264724731445
9427,7.332258224487305
9428,7.285436153411865
9429,7.258364200592041
9430,7.299192428588867
9431,7.255903720855713
9432,7.301401615142822
9433,7.312933921813965
9434,7.314974784851074
9435,7.30678653717041
9436,7.307670593261719
9437,7.354278564453125
9438,7.3556413650512695
9439,7.332540035247803
9440,7.338533878326416
9441,7.273766994476318
9442,7.331807613372803
9443,7.320227146148682
9444,7.304509162902832
9445,7.323352336883545
9446,7.310970306396484
9447,7.34247350692749
9448,7.299813747406006
9449,7.306005954742432
9450,7.293298721313477
9451,7.350894451141357
9452,7.3026580810546875
9453,7.304702281951904
9454,7.310618877410889
9455,7.2866740226745605
9456,7.321617603302002
9457,7.303692817687988
9458,7.299501419067383
9459,7.312747478485107
9460,7.298624038696289
9461,7.2887959480285645
9462,7.302048206329346
9463,7.303849220275879
9464,7.288404941558838
9465,7.3187127113342285
9466,7.288726806640625
9467,7.302815914154053
9468,7.292871475219727
9469,7.321498394012451
9470,7.34013032913208
9471,7.323299884796143
9472,7.276150703430176
9473,7.319498538970947
9474,7.30961275100708
9475,7.311882495880127
9476,7.253235340118408
9477,7.327658176422119
9478,7.301324367523193
9479,7.322969913482666
9480,7.315584182739258
9481,7.330355167388916
9482,7.288898468017578
9483,7.315674781799316
9484,7.293449401855469
9485,7.2666826248168945
9486,7.309682846069336
9487,7.343928337097168
9488,7.304174423217773
9489,7.328145503997803
9490,7.257956027984619
9491,7.333783149719238
9492,7.304682731628418
9493,7.3258843421936035
9494,7.342442989349365
9495,7.307943344116211
9496,7.28354549407959
9497,7.2881550788879395
9498,7.290929317474365
9499,7.337445259094238
9500,7.364931583404541
9501,7.344259262084961
9502,7.329299449920654
9503,7.29573917388916
9504,7.3347978591918945
9505,7.315812110900879
9506,7.298278331756592
9507,7.302802085876465
9508,7.3062334060668945
9509,7.257565498352051
9510,7.330552101135254
9511,7.339648246765137
9512,7.327900409698486
9513,7.329642295837402
9514,7.27285099029541
9515,7.2779541015625
9516,7.278956413269043
9517,7.282869815826416
9518,7.332024574279785
9519,7.2934956550598145
9520,7.300490379333496
9521,7.326321601867676
9522,7.278410911560059
9523,7.279719829559326
9524,7.30923318862915
9525,7.314579486846924
9526,7.314750671386719
9527,7.296026706695557
9528,7.334779262542725
9529,7.308902740478516
9530,7.314554691314697
9531,7.325584888458252
9532,7.317238807678223
9533,7.321398735046387
9534,7.272192001342773
9535,7.289950370788574
9536,7.347011566162109
9537,7.32916784286499
9538,7.291068077087402
9539,7.29456901550293
9540,7.305782318115234
9541,7.3627028465271
9542,7.3529052734375
9543,7.262253761291504
9544,7.285590171813965
9545,7.314521789550781
9546,7.28232479095459
9547,7.322116851806641
9548,7.345660209655762
9549,7.377005577087402
9550,7.3449835777282715
9551,7.2998366355896
9552,7.314729690551758
9553,7.329235076904297
9554,7.294363021850586
9555,7.30952787399292
9556,7.325428485870361
9557,7.342885494232178
9558,7.3245954513549805
9559,7.307429313659668
9560,7.333563804626465
9561,7.333786487579346
9562,7.278528213500977
9563,7.326295375823975
9564,7.257013320922852
9565,7.2913994789123535
9566,7.327165126800537
9567,7.286537170410156
9568,7.324871063232422
9569,7.289059162139893
9570,7.307724952697754
9571,7.298641204833984
9572,7.319664001464844
9573,7.3176960945129395
9574,7.301523685455322
9575,7.332019805908203
9576,7.264549255371094
9577,7.314831256866455
9578,7.258444786071777
9579,7.3295578956604
9580,7.315666198730469
9581,7.293548583984375
9582,7.3019022941589355
9583,7.337646484375
9584,7.320540904998779
9585,7.302863121032715
9586,7.297018527984619
9587,7.276264190673828
9588,7.318157196044922
9589,7.260715961456299
9590,7.292204856872559
9591,7.366513252258301
9592,7.3259758949279785
9593,7.305545806884766
9594,7.317867755889893
9595,7.307894706726074
9596,7.311168193817139
9597,7.31554651260376
9598,7.312654972076416
9599,7.280547618865967
9600,7.275895595550537
9601,7.261021137237549
9602,7.361932754516602
9603,7.227381706237793
9604,7.313523769378662
9605,7.295351505279541
9606,7.3320393562316895
9607,7.297354698181152
9608,7.273608684539795
9609,7.295444488525391
9610,7.342278003692627
9611,7.344907283782959
9612,7.310294151306152
9613,7.2994465827941895
9614,7.284737586975098
9615,7.2874436378479
9616,7.295310974121094
9617,7.304793357849121
9618,7.310645580291748
9619,7.340256214141846
9620,7.264937400817871
9621,7.321741104125977
9622,7.310865879058838
9623,7.3068623542785645
9624,7.306515216827393
9625,7.294256687164307
9626,7.3140645027160645
9627,7.294441223144531
9628,7.294788837432861
9629,7.316079616546631
9630,7.337493896484375
9631,7.319886207580566
9632,7.287552833557129
9633,7.293755054473877
9634,7.331125259399414
9635,7.280464172363281
9636,7.2830891609191895
9637,7.335803985595703
9638,7.317838668823242
9639,7.291679859161377
9640,7.336997985839844
9641,7.317056655883789
9642,7.309353828430176
9643,7.300817966461182
9644,7.271416187286377
9645,7.330924987792969
9646,7.298552989959717
9647,7.344842433929443
9648,7.274192810058594
9649,7.3109331130981445
9650,7.297065258026123
9651,7.314775466918945
9652,7.27858829498291
9653,7.321242332458496
9654,7.309355735778809
9655,7.3362650871276855
9656,7.294338703155518
9657,7.291441440582275
9658,7.267976760864258
9659,7.305461883544922
9660,7.3135552406311035
9661,7.328271389007568
9662,7.330205917358398
9663,7.297882556915283
9664,7.338061809539795
9665,7.288914203643799
9666,7.242710113525391
9667,7.335240840911865
9668,7.335235118865967
9669,7.3152689933776855
9670,7.284604549407959
9671,7.340343475341797
9672,7.284605979919434
9673,7.285616874694824
9674,7.342871189117432
9675,7.282343864440918
9676,7.324319362640381
9677,7.348939418792725
9678,7.321308135986328
9679,7.378943920135498
9680,7.255207538604736
9681,7.294314384460449
9682,7.30584716796875
9683,7.35230016708374
9684,7.3312788009643555
9685,7.339034557342529
9686,7.27592134475708
9687,7.317113876342773
9688,7.300936222076416
9689,7.302489280700684
9690,7.321439743041992
9691,7.28580904006958
9692,7.3152947425842285
9693,7.315467834472656
9694,7.327616214752197
9695,7.292268753051758
9696,7.302468776702881
9697,7.314386367797852
9698,7.3307061195373535
9699,7.30580472946167
9700,7.28801155090332
9701,7.318333625793457
9702,7.299048900604248
9703,7.2905497550964355
9704,7.2788848876953125
9705,7.30787467956543
9706,7.333804607391357
9707,7.302443027496338
9708,7.2610697746276855
9709,7.276261806488037
9710,7.317274570465088
9711,7.332102298736572
9712,7.3225483894348145
9713,7.296588897705078
9714,7.317349433898926
9715,7.30210542678833
9716,7.322181224822998
9717,7.310126781463623
9718,7.31717586517334
9719,7.316591739654541
9720,7.320775508880615
9721,7.303284168243408
9722,7.308467388153076
9723,7.2922210693359375
9724,7.34070348739624
9725,7.292593479156494
9726,7.258513450622559
9727,7.256019115447998
9728,7.286281108856201
9729,7.297534465789795
9730,7.293992042541504
9731,7.322168827056885
9732,7.306886672973633
9733,7.322993755340576
9734,7.2859320640563965
9735,7.333890914916992
9736,7.303973197937012
9737,7.329256534576416
9738,7.283804416656494
9739,7.319226264953613
9740,7.304978847503662
9741,7.311028003692627
9742,7.286093711853027
9743,7.320306777954102
9744,7.30366325378418
9745,7.330653667449951
9746,7.313582420349121
9747,7.335069179534912
9748,7.319149017333984
9749,7.265716552734375
9750,7.336357593536377
9751,7.311089038848877
9752,7.327105522155762
9753,7.3038458824157715
9754,7.300996780395508
9755,7.2991156578063965
9756,7.314906597137451
9757,7.295130252838135
9758,7.311310291290283
9759,7.272014141082764
9760,7.318090438842773
9761,7.3123579025268555
9762,7.283571243286133
9763,7.297882556915283
9764,7.3112053871154785
9765,7.286365509033203
9766,7.340559005737305
9767,7.287789344787598
9768,7.304287910461426
9769,7.301308631896973
9770,7.3137664794921875
9771,7.255216598510742
9772,7.290702819824219
9773,7.3248090744018555
9774,7.321756362915039
9775,7.311593532562256
9776,7.298871040344238
9777,7.30180025100708
9778,7.3054280281066895
9779,7.271039962768555
9780,7.2732834815979
9781,7.329853534698486
9782,7.318761348724365
9783,7.311541557312012
9784,7.282410621643066
9785,7.301060676574707
9786,7.281467914581299
9787,7.304995059967041
9788,7.333594799041748
9789,7.274688243865967
9790,7.298898696899414
9791,7.273599624633789
9792,7.319252967834473
9793,7.309109687805176
9794,7.313594818115234
9795,7.299147129058838
9796,7.361062526702881
9797,7.2886505126953125
9798,7.323458194732666
9799,7.305595397949219
9800,7.322257041931152
9801,7.2669525146484375
9802,7.288985729217529
9803,7.332546234130859
9804,7.270942687988281
9805,7.339597702026367
9806,7.311932563781738
9807,7.308305263519287
9808,7.338027477264404
9809,7.336801052093506
9810,7.291378498077393
9811,7.317552089691162
9812,7.25277853012085
9813,7.332156181335449
9814,7.31375789642334
9815,7.306691646575928
9816,7.252723217010498
9817,7.327608108520508
9818,7.306169509887695
9819,7.306405544281006
9820,7.285941123962402
9821,7.3280510902404785
9822,7.284491062164307
9823,7.31156063079834
9824,7.316172122955322
9825,7.346765518188477
9826,7.326888561248779
9827,7.339087009429932
9828,7.292129993438721
9829,7.322866439819336
9830,7.319558143615723
9831,7.299220085144043
9832,7.307193756103516
9833,7.276549816131592
9834,7.112205505371094
9835,7.337136745452881
9836,7.298948764801025
9837,7.298448085784912
9838,7.316557884216309
9839,7.280232906341553
9840,7.299495697021484
9841,7.287238597869873
9842,7.297234058380127
9843,7.314945220947266
9844,7.328470230102539
9845,7.310267925262451
9846,7.293810844421387
9847,7.285373687744141
9848,7.263615131378174
9849,7.305617332458496
9850,7.272497653961182
9851,7.345385551452637
9852,7.320004940032959
9853,7.304630279541016
9854,7.338681697845459
9855,7.312197208404541
9856,7.27776575088501
9857,7.319621562957764
9858,7.300244331359863
9859,7.332778453826904
9860,7.317275047302246
9861,7.305542469024658
9862,7.328839302062988
9863,7.3790388107299805
9864,7.3181304931640625
9865,7.3357696533203125
9866,7.303794860839844
9867,7.323588848114014
9868,7.353960990905762
9869,7.311800479888916
9870,7.325664520263672
9871,7.3124237060546875
9872,7.21831750869751
9873,7.308378219604492
9874,7.316532611846924
9875,7.345104694366455
9876,7.326193332672119
9877,7.325405120849609
9878,7.296010971069336
9879,7.30902624130249
9880,7.2784905433654785
9881,7.2695746421813965
9882,7.285172939300537
9883,7.3019328117370605
9884,7.298672676086426
9885,7.315123081207275
9886,7.354055881500244
9887,7.318958282470703
9888,7.345891952514648
9889,7.313747406005859
9890,7.323589324951172
9891,7.291393756866455
9892,7.323215961456299
9893,7.31288480758667
9894,7.27152681350708
9895,7.3340678215026855
9896,7.302958965301514
9897,7.324160575866699
9898,7.323908805847168
9899,7.325178146362305
9900,7.290938377380371
9901,7.343787670135498
9902,7.338714122772217
9903,7.293752193450928
9904,7.339967250823975
9905,7.355842113494873
9906,7.2773871421813965
9907,7.308000087738037
9908,7.279816627502441
9909,7.288917064666748
9910,7.292886257171631
9911,7.2909088134765625
9912,7.305330276489258
9913,7.285240173339844
9914,7.2797465324401855
9915,7.308073043823242
9916,7.272122383117676
9917,7.301720142364502
9918,7.306480407714844
9919,7.30216646194458
9920,7.32522439956665
9921,7.291759014129639
9922,7.267020225524902
9923,7.2955322265625
9924,7.3312907218933105
9925,7.329885482788086
9926,7.279501914978027
9927,7.319077968597412
9928,7.311811447143555
9929,7.282893180847168
9930,7.257660865783691
9931,7.335298538208008
9932,7.276136875152588
9933,7.298733234405518
9934,7.283302307128906
9935,7.295839786529541
9936,7.323886394500732
9937,7.308433532714844
9938,7.291098594665527
9939,7.299405574798584
9940,7.310626029968262
9941,7.325742721557617
9942,7.310173988342285
9943,7.3276591300964355
9944,7.264231204986572
9945,7.31605863571167
9946,7.283437252044678
9947,7.255674362182617
9948,7.329748153686523
9949,7.2469162940979
9950,7.324577808380127
9951,7.3141255378723145
9952,7.273316860198975
9953,7.324382305145264
9954,7.301774501800537
9955,7.334763526916504
9956,7.281779766082764
9957,7.312038421630859
9958,7.269619941711426
9959,7.319345951080322
9960,7.306459903717041
9961,7.286244869232178
9962,7.293583393096924
9963,7.302881717681885
9964,7.296859264373779
9965,7.248453617095947
9966,7.307119846343994
9967,7.297650337219238
9968,7.312798976898193
9969,7.284193992614746
9970,7.339311599731445
9971,7.315375804901123
9972,7.266855716705322
9973,7.276498317718506
9974,7.306368827819824
9975,7.30522346496582
9976,7.272429466247559
9977,7.335294246673584
9978,7.311120986938477
9979,7.311603546142578
9980,7.278304576873779
9981,7.309244155883789
9982,7.3185906410217285
9983,7.346797466278076
9984,7.292605400085449
9985,7.292051315307617
9986,7.311966896057129
9987,7.3161749839782715
9988,7.2591352462768555
9989,7.319568634033203
9990,7.281336307525635
9991,7.327254772186279
9992,7.304009437561035
9993,7.268224716186523
9994,7.261077404022217
9995,7.296566486358643
9996,7.304564952850342
9997,7.285743236541748
9998,7.2898969650268555
9999,7.325692653656006
10000,7.301667213439941
