Step,Value
0,1150650.875
1,51255.078125
2,7219192.0
3,8154116.5
4,5112437.0
5,111453.421875
6,4962280.5
7,54983.73828125
8,8140420.5
9,9782649.0
10,3759599.25
11,2891951.0
12,1688276.25
13,5057805.0
14,5984432.5
15,9750402.0
16,2170570.0
17,8073558.0
18,9771066.0
19,181557.8125
20,203369.515625
21,110807.9296875
22,560921.3125
23,901668.5
24,50820.74609375
25,9627743.0
26,9529311.0
27,43883.44140625
28,9782605.0
29,108675.4296875
30,6278039.0
31,280009.78125
32,89061.1640625
33,9696319.0
34,4867928.0
35,121947.2578125
36,79509.046875
37,4733264.5
38,8629664.0
39,3533244.5
40,201535.15625
41,9592435.0
42,34645.50390625
43,82440.6640625
44,1161004.0
45,53632.73046875
46,8659972.0
47,6173297.0
48,54018.0078125
49,9782423.0
50,9779022.0
51,9781764.0
52,8051831.0
53,133384.6875
54,6924153.0
55,5988876.0
56,4972380.5
57,5519391.5
58,2666918.25
59,871427.4375
60,4246838.5
61,9782649.0
62,1105982.25
63,49772.16796875
64,9771581.0
65,1953865.875
66,5304488.5
67,104215.6171875
68,558806.75
69,5191137.0
70,3333333.5
71,1137790.125
72,4281611.0
73,4648392.0
74,2427040.0
75,5953631.5
76,138847.515625
77,49028.11328125
78,5403997.5
79,178179.875
80,50460.78515625
81,1119334.5
82,5950979.0
83,108675.484375
84,5705656.5
85,2457536.0
86,123254.71875
87,9782388.0
88,9521102.0
89,54085.99609375
90,504484.6875
91,9755306.0
92,62640.44140625
93,2195388.0
94,104493.265625
95,1670082.25
96,55232.53125
97,1317378.0
98,268773.78125
99,7157932.0
100,282993.1875
101,160897.78125
102,6102370.0
103,1706515.125
104,1193939.125
105,90276.2265625
106,8775016.0
107,52136.6015625
108,9621238.0
109,5667130.0
110,7250821.0
111,129347.7734375
112,465678.5
113,9547709.0
114,9665961.0
115,1675291.0
116,231789.609375
117,9508380.0
118,1721051.875
119,2377071.75
120,757690.8125
121,2439364.25
122,92307.109375
123,264938.46875
124,3975934.75
125,50604.6328125
126,1323123.25
127,113882.3046875
128,1856243.75
129,6563486.0
130,1317565.5
131,6394596.0
132,735309.625
133,1979991.625
134,158626.25
135,1082001.5
136,237982.15625
137,999715.3125
138,44958.3359375
139,6385730.0
140,3110377.75
141,2282953.5
142,9366319.0
143,79483.9296875
144,420883.3125
145,200997.96875
146,2540008.25
147,172682.890625
148,3950103.25
149,9078475.0
150,99008.96875
151,4441154.5
152,373698.59375
153,85549.125
154,65607.765625
155,8062573.0
156,55158.9765625
157,49805.125
158,4125184.75
159,2464822.25
160,155867.6875
161,152500.34375
162,106871.3828125
163,81726.4609375
164,677949.625
165,1022138.0625
166,152866.59375
167,444922.5625
168,187449.84375
169,4906793.0
170,9601688.0
171,298297.59375
172,338847.3125
173,6752276.5
174,314936.40625
175,484733.96875
176,8171074.5
177,51787.22265625
178,4264039.5
179,693134.1875
180,2138900.5
181,622270.5625
182,3972514.25
183,104165.5390625
184,154663.34375
185,135365.484375
186,1560670.375
187,50753.2578125
188,31997.4375
189,1591590.0
190,112248.140625
191,9604654.0
192,2342826.75
193,6658094.5
194,307773.875
195,1108291.125
196,1682561.25
197,2012946.875
198,3475180.0
199,184578.578125
200,4454487.5
201,202437.234375
202,80645.4765625
203,227618.140625
204,232082.515625
205,744384.25
206,6152224.5
207,5855012.5
208,347737.84375
209,414369.6875
210,59855.82421875
211,9039731.0
212,723156.1875
213,179255.609375
214,422730.1875
215,405528.625
216,9481519.0
217,3419384.75
218,130313.0078125
219,1200368.75
220,238340.578125
221,8751363.0
222,1539424.375
223,2738767.75
224,1185750.625
225,6691841.5
226,5837127.5
227,279309.59375
228,40960.046875
229,66061.265625
230,1295353.875
231,638175.8125
232,161725.265625
233,1470881.75
234,321894.59375
235,1027978.0
236,734290.1875
237,1634846.125
238,32191.912109375
239,3186172.0
240,1555362.625
241,4237506.5
242,2508819.5
243,1235633.25
244,2142304.0
245,7708142.5
246,87001.84375
247,569251.3125
248,86655.0234375
249,6548723.0
250,8537788.0
251,1273012.25
252,3122956.5
253,2017654.75
254,643412.3125
255,121141.5546875
256,607290.6875
257,213308.84375
258,292023.96875
259,3796223.75
260,3124656.75
261,671376.125
262,1287781.75
263,1588794.0
264,6080902.0
265,353533.21875
266,295356.03125
267,3043579.25
268,888539.1875
269,314830.59375
270,8138355.0
271,402405.8125
272,1007813.125
273,996821.6875
274,6810817.0
275,134842.1875
276,1568725.75
277,4624225.0
278,3134842.75
279,2362026.75
280,8602141.0
281,4644583.0
282,738881.375
283,8145740.0
284,131486.453125
285,86700.7734375
286,7335487.0
287,7492257.0
288,1752284.125
289,171260.21875
290,1422409.125
291,881752.75
292,5813796.5
293,4912517.0
294,5677175.0
295,530524.75
296,508241.125
297,3572523.0
298,86072.21875
299,1789338.5
300,343142.8125
301,4614355.5
302,7698548.0
303,416753.84375
304,416362.65625
305,675634.6875
306,890652.8125
307,926501.75
308,1049677.25
309,277095.875
310,4817905.0
311,3334884.0
312,1980675.125
313,2559185.0
314,3875594.5
315,1277725.5
316,793986.25
317,3264720.75
318,3485189.75
319,774723.6875
320,6664461.0
321,5147401.0
322,9092752.0
323,8410383.0
324,7317582.0
325,1745164.875
326,1141550.125
327,926231.3125
328,2828032.25
329,718683.0625
330,465966.1875
331,3000753.75
332,2308393.75
333,1914506.875
334,778995.1875
335,896263.5625
336,85837.4609375
337,421336.75
338,848706.5
339,494703.625
340,3870124.25
341,4094909.25
342,2246689.25
343,5042627.5
344,3715360.25
345,871996.4375
346,526425.8125
347,2970472.0
348,7874028.5
349,5803790.0
350,2124768.5
351,1736903.0
352,404138.78125
353,240757.640625
354,2105185.0
355,3967153.25
356,330638.875
357,4081521.0
358,585264.375
359,1015018.0625
360,357313.59375
361,3055243.25
362,2403308.75
363,6467044.5
364,4310015.5
365,2514917.25
366,1703829.75
367,6536973.0
368,1004223.0625
369,3653002.0
370,2220366.25
371,5612421.5
372,4452994.0
373,6514886.0
374,1332444.875
375,1480081.25
376,1215737.0
377,851262.125
378,3467115.5
379,3145137.5
380,1039144.5625
381,3472335.0
382,2068248.25
383,2548106.25
384,2338652.5
385,3588395.0
386,954283.3125
387,151350.859375
388,2613493.0
389,202510.546875
390,1080257.5
391,560489.5
392,5155620.0
393,809813.6875
394,6485886.0
395,487534.34375
396,2265475.5
397,7043401.5
398,2420272.0
399,4220988.0
400,239019.96875
401,2715841.75
402,3930963.5
403,497497.65625
404,1033025.0625
405,1593882.125
406,429553.71875
407,2746598.75
408,2931130.5
409,1633488.375
410,719932.1875
411,2169305.0
412,824887.8125
413,1969719.875
414,3898500.25
415,769564.0
416,1116551.25
417,926637.8125
418,3394292.0
419,1965882.0
420,703866.25
421,1982743.625
422,1913809.5
423,1309716.125
424,1166744.25
425,2657811.0
426,3611720.0
427,4039535.5
428,4563727.0
429,707241.25
430,1219587.125
431,1869005.25
432,2590006.5
433,3866636.75
434,2681102.75
435,2360748.75
436,2895668.25
437,1386902.375
438,726886.0
439,2271580.5
440,1510944.5
441,1311227.5
442,405913.625
443,1411499.5
444,479947.4375
445,1596836.25
446,2265528.5
447,1338081.25
448,362486.15625
449,6152359.0
450,1668731.375
451,742880.125
452,806908.4375
453,1319620.0
454,1860885.375
455,439105.25
456,848832.8125
457,643593.75
458,1657346.5
459,430587.125
460,1896592.5
461,1484484.125
462,1710764.0
463,3362212.25
464,1563159.125
465,5709681.5
466,525901.8125
467,705656.9375
468,1120975.25
469,849256.1875
470,891689.375
471,598941.9375
472,1627495.25
473,1531359.375
474,1510066.125
475,1658012.75
476,1184847.375
477,2615389.0
478,1549686.25
479,1650663.625
480,637013.4375
481,895092.625
482,894739.3125
483,2920912.75
484,3325287.75
485,1180003.625
486,1336905.75
487,2450249.75
488,1444907.0
489,2677196.0
490,2154915.5
491,5084225.0
492,2996171.0
493,1514082.5
494,800273.0
495,1170575.375
496,1674322.5
497,1753822.0
498,2108532.0
499,1240286.625
500,1543152.0
501,1915500.625
502,1052997.5
503,2704094.25
504,1691475.375
505,2083765.75
506,688647.0625
507,2052076.25
508,2455508.25
509,314688.0
510,690044.375
511,1513972.625
512,2150534.75
513,3832406.0
514,2083935.75
515,2305523.0
516,2958950.5
517,2411911.5
518,1902602.875
519,1822677.125
520,3038264.0
521,855237.375
522,2698873.25
523,3124269.5
524,1689455.375
525,4398116.0
526,1294893.625
527,1658909.875
528,1519586.25
529,456223.375
530,3335484.5
531,2602205.5
532,1744412.875
533,3376677.0
534,959106.0
535,6397655.5
536,902815.5625
537,2006608.0
538,1549749.875
539,4726661.0
540,853695.375
541,1073058.375
542,2076429.125
543,1912359.5
544,1880130.0
545,1944830.25
546,886331.5
547,1494195.875
548,1550728.875
549,2637489.25
550,1469510.0
551,2271918.0
552,4412229.0
553,1688285.5
554,957643.0
555,911774.9375
556,1119381.0
557,1489707.125
558,5868791.5
559,1669884.625
560,2415626.75
561,1477992.25
562,1784693.5
563,5054179.0
564,3580906.0
565,4111881.25
566,4775511.5
567,2947338.0
568,3452987.25
569,3065699.75
570,3032929.25
571,4052406.5
572,6320283.5
573,1412313.375
574,4132110.75
575,1829307.125
576,1159990.625
577,1081734.5
578,1065910.75
579,2111737.75
580,1064546.0
581,2224061.25
582,2099938.75
583,3376600.25
584,1848373.125
585,2339297.25
586,1617331.25
587,2235927.0
588,3482044.25
589,564688.75
590,1527190.625
591,3372896.5
592,462752.0
593,2431296.0
594,3075311.25
595,1712191.875
596,1000319.125
597,484357.4375
598,2971778.5
599,2045050.25
600,1290126.625
601,1346218.75
602,1343520.25
603,2256772.0
604,1136036.75
605,3337038.5
606,1109668.875
607,1838515.125
608,1100533.75
609,2810735.0
610,1833726.75
611,482395.15625
612,1527284.5
613,2918151.5
614,831121.375
615,4202231.0
616,2147199.75
617,1530243.625
618,595649.8125
619,5495224.0
620,1567994.375
621,4032855.0
622,2175450.0
623,1880961.625
624,667965.8125
625,3976632.0
626,1583128.25
627,2077720.75
628,1159101.875
629,1507199.125
630,1673250.25
631,1884984.25
632,3110249.75
633,1965976.375
634,1898693.625
635,429477.3125
636,1488481.75
637,1520206.5
638,1042577.1875
639,1132059.375
640,1044967.1875
641,2372231.25
642,815772.0625
643,1019302.75
644,1099725.125
645,3175704.75
646,2324551.25
647,1180756.25
648,3630838.75
649,722019.6875
650,1199944.625
651,2408135.0
652,1566532.25
653,749575.9375
654,689646.25
655,6053041.0
656,359005.375
657,2283437.0
658,691890.0
659,2120719.0
660,771242.4375
661,505505.25
662,2170877.25
663,1380213.375
664,4091154.0
665,2225644.75
666,1978388.875
667,2445118.25
668,1481547.625
669,1140250.875
670,1763027.125
671,386267.9375
672,3702190.5
673,2184480.0
674,2113657.75
675,3119294.25
676,1873344.375
677,2344960.75
678,518117.5625
679,6422412.5
680,686655.25
681,3410259.75
682,917892.625
683,1339564.0
684,2505507.25
685,3288852.75
686,1500713.125
687,2558808.25
688,2480215.25
689,3419819.5
690,1429390.75
691,1668738.375
692,2845478.75
693,1485702.875
694,1739441.0
695,2066725.0
696,3157604.75
697,478025.53125
698,548266.75
699,2039077.125
700,1544443.125
701,1746196.25
702,1307732.125
703,1539498.75
704,1731267.625
705,4635982.5
706,1449121.625
707,840389.9375
708,1415643.875
709,5220635.5
710,636024.25
711,2948142.5
712,2154212.5
713,1282837.375
714,614351.4375
715,3365754.0
716,531955.6875
717,2040272.0
718,3069596.5
719,3093491.25
720,5454719.0
721,4186859.5
722,3722455.0
723,380946.4375
724,1212142.75
725,2313923.25
726,1855275.625
727,1269792.125
728,1221443.125
729,1250469.875
730,438500.9375
731,2902469.75
732,602731.375
733,1386525.875
734,4225949.0
735,1397686.75
736,5356458.5
737,1428823.125
738,661521.5625
739,1074148.375
740,1686960.0
741,3070267.25
742,843522.6875
743,802561.25
744,2528805.75
745,509522.625
746,990115.6875
747,682265.8125
748,1808313.0
749,401986.21875
750,1590625.5
751,917983.25
752,4370563.5
753,1282346.0
754,2173102.25
755,444799.84375
756,1728000.0
757,1325712.0
758,1748360.375
759,1516265.0
760,1538542.25
761,1576283.625
762,944631.375
763,2035709.375
764,2768082.0
765,2329347.25
766,1825325.75
767,1315234.5
768,858342.0625
769,753050.375
770,1836863.75
771,1011419.9375
772,580854.8125
773,1422337.875
774,950551.5
775,355145.5625
776,893409.6875
777,366649.78125
778,1938733.125
779,978313.1875
780,2589023.0
781,2426471.5
782,2397886.5
783,964269.6875
784,1745017.0
785,3465275.25
786,1136771.875
787,761807.4375
788,999665.5
789,1180303.625
790,1845504.25
791,2104682.25
792,2352827.25
793,1863815.875
794,975258.8125
795,1561212.75
796,1304952.5
797,1748501.375
798,594326.4375
799,1384277.25
800,559991.1875
801,3185735.0
802,2009178.25
803,1877981.375
804,681310.9375
805,3153133.75
806,699441.5625
807,1219306.875
808,878400.875
809,1741097.875
810,1424025.0
811,3968254.25
812,675952.75
813,2321984.5
814,821935.625
815,2339928.25
816,1121483.5
817,2217898.75
818,1001578.1875
819,1067007.5
820,1412503.375
821,1129089.125
822,1831443.5
823,1670177.375
824,1714000.875
825,1555898.25
826,1639877.75
827,1467615.125
828,492023.8125
829,809825.4375
830,2006214.75
831,2659327.5
832,918812.6875
833,2277035.25
834,1033953.25
835,1507124.625
836,778715.75
837,1039679.875
838,3233117.25
839,714263.375
840,509868.3125
841,3246445.25
842,1204244.0
843,844055.1875
844,798175.5
845,716284.125
846,2775071.0
847,1757390.25
848,410029.84375
849,1597577.0
850,1417313.5
851,3855353.0
852,795316.3125
853,1027115.0
854,964391.875
855,2299021.0
856,633613.9375
857,1205699.125
858,1268547.5
859,856201.25
860,2005026.25
861,2142521.25
862,2723726.75
863,1097164.375
864,979412.5625
865,2207454.5
866,1686241.375
867,1398999.0
868,1082943.625
869,1609806.25
870,2338736.5
871,1992150.0
872,1132274.25
873,2091737.25
874,882247.5625
875,1341292.75
876,1393351.375
877,1083023.0
878,580121.625
879,1142122.125
880,1996197.0
881,1614643.375
882,454240.8125
883,1986534.125
884,1007400.125
885,601123.375
886,1560941.75
887,914966.0
888,1162281.5
889,927261.9375
890,1599782.875
891,823251.4375
892,904797.375
893,1921754.5
894,1343387.375
895,1226978.25
896,926479.5
897,1238762.625
898,1579742.75
899,2646676.25
900,1138954.25
901,2160965.0
902,2034031.0
903,770836.75
904,1794652.625
905,1059425.0
906,3565083.25
907,696289.0
908,1091268.5
909,1062564.5
910,304144.59375
911,922318.1875
912,2213604.5
913,765386.875
914,918560.3125
915,1546674.5
916,1188062.0
917,1407191.625
918,799676.25
919,3171664.75
920,810796.625
921,2141061.25
922,1684613.5
923,703588.5625
924,757768.375
925,2756933.0
926,1140096.625
927,898911.375
928,1557305.75
929,804526.5
930,1227378.375
931,3471432.0
932,1200795.375
933,1234389.75
934,3397951.25
935,1944482.375
936,524211.96875
937,1882905.125
938,1667044.25
939,394351.4375
940,1516820.875
941,613577.5
942,1462049.125
943,1522913.625
944,1542741.0
945,642341.6875
946,1265994.5
947,1934626.75
948,1530063.0
949,945813.0625
950,1114461.25
951,716542.75
952,977951.0
953,919139.6875
954,2667931.25
955,921101.75
956,1499344.25
957,1458950.875
958,2050256.25
959,1823342.5
960,2514857.75
961,1568006.125
962,1226782.5
963,1078751.875
964,1156131.625
965,547623.625
966,2548284.25
967,901649.75
968,1045065.875
969,1790919.125
970,1229092.5
971,2265326.25
972,812737.125
973,1268887.375
974,1137158.75
975,1213432.75
976,3008180.75
977,832637.3125
978,490502.625
979,656726.75
980,2478364.5
981,1143283.5
982,1522204.625
983,800479.75
984,1280723.625
985,1349378.625
986,819620.0625
987,560167.75
988,2590624.0
989,279735.34375
990,1759497.375
991,707132.0625
992,1764116.25
993,1493589.25
994,905622.25
995,520713.4375
996,1093585.25
997,634016.75
998,1156791.875
999,1331310.875
1000,936843.5
1001,1382997.75
1002,1473962.875
1003,1822341.125
1004,1072847.0
1005,882683.3125
1006,1524811.375
1007,676875.625
1008,2571191.25
1009,996461.9375
1010,2283358.5
1011,830575.8125
1012,1329128.75
1013,876172.125
1014,2666992.0
1015,1113559.625
1016,1180110.5
1017,1604919.125
1018,1302823.375
1019,2640440.5
1020,1215210.125
1021,2729376.5
1022,1568345.125
1023,1301638.5
1024,2338680.25
1025,2484294.25
1026,1615775.5
1027,1763581.125
1028,1046559.5
1029,747417.375
1030,1992202.375
1031,834066.875
1032,887326.3125
1033,387419.9375
1034,1566283.125
1035,491909.65625
1036,2313249.25
1037,1349570.25
1038,874939.1875
1039,1173726.125
1040,607045.125
1041,616710.25
1042,668005.8125
1043,958282.9375
1044,499210.3125
1045,588099.5625
1046,1488224.75
1047,955702.9375
1048,1537055.5
1049,1203590.875
1050,1521582.875
1051,2098059.25
1052,1785554.75
1053,1090607.0
1054,1236787.5
1055,1505042.625
1056,2733060.0
1057,1653593.375
1058,1101733.75
1059,669712.0
1060,1966499.375
1061,1309011.0
1062,2691781.5
1063,2141491.25
1064,3309089.0
1065,1781184.25
1066,2124656.25
1067,1337402.0
1068,1628422.25
1069,1186836.875
1070,3912050.5
1071,2307487.5
1072,1808956.0
1073,1950271.875
1074,1787144.125
1075,1661339.0
1076,1600015.75
1077,2105850.75
1078,2178737.25
1079,824188.8125
1080,828024.9375
1081,863176.9375
1082,1579956.875
1083,1642762.625
1084,1915821.375
1085,1127499.125
1086,2162527.25
1087,1641593.25
1088,896853.75
1089,1680377.125
1090,1238345.375
1091,769166.5
1092,884947.125
1093,720413.3125
1094,1306342.5
1095,596391.0625
1096,803398.5
1097,938271.875
1098,999288.625
1099,1262812.75
1100,727745.375
1101,582938.125
1102,3991602.75
1103,1940589.875
1104,3231019.0
1105,1676189.5
1106,1408283.875
1107,2013573.625
1108,2678630.75
1109,2190719.75
1110,820359.8125
1111,969925.8125
1112,1045591.6875
1113,987558.875
1114,1327072.625
1115,820626.125
1116,735476.8125
1117,680929.8125
1118,872589.0
1119,1410494.875
1120,1681167.5
1121,1768540.25
1122,1827996.625
1123,1743871.0
1124,1267240.375
1125,1112130.0
1126,1188515.75
1127,1207326.375
1128,913704.3125
1129,1954763.5
1130,1745812.0
1131,1109424.5
1132,1567572.0
1133,674043.375
1134,411668.09375
1135,479135.0
1136,2626322.75
1137,902630.1875
1138,735291.75
1139,981884.8125
1140,1184984.625
1141,3079032.5
1142,1836958.25
1143,1140644.125
1144,1246260.875
1145,943169.9375
1146,1409022.75
1147,1362866.125
1148,1530503.875
1149,1257395.5
1150,1828106.25
1151,2042543.25
1152,2130414.0
1153,1002264.0
1154,576182.125
1155,1492704.5
1156,1708571.875
1157,771425.75
1158,2552161.75
1159,1560966.625
1160,1361080.0
1161,585113.9375
1162,829182.3125
1163,641633.9375
1164,598677.875
1165,1746162.875
1166,767699.3125
1167,758904.6875
1168,388855.0625
1169,1017631.3125
1170,1481116.625
1171,966581.875
1172,3132465.0
1173,1575403.625
1174,569226.375
1175,700070.8125
1176,2139784.75
1177,1042576.8125
1178,1272437.25
1179,863876.0625
1180,1198690.875
1181,912901.5625
1182,1388311.5
1183,1674042.625
1184,2575827.5
1185,1147358.375
1186,1213982.25
1187,2246710.75
1188,3829529.0
1189,2424876.25
1190,2655082.0
1191,5122764.5
1192,2823692.5
1193,1693086.875
1194,1439914.125
1195,1715752.875
1196,1443164.5
1197,1559904.875
1198,1302159.75
1199,894083.0
1200,1627807.375
1201,342026.25
1202,2625806.0
1203,641765.8125
1204,4836376.5
1205,650135.5
1206,1117478.5
1207,2795354.5
1208,375135.125
1209,1757439.875
1210,1443554.0
1211,2961326.25
1212,997395.4375
1213,929836.0625
1214,818002.5
1215,2115369.75
1216,1709157.625
1217,991243.5625
1218,1772927.625
1219,1209222.125
1220,710102.25
1221,1341136.125
1222,1846901.125
1223,1994466.0
1224,1267430.0
1225,749372.625
1226,725725.125
1227,850492.875
1228,712173.625
1229,822646.3125
1230,905571.4375
1231,475807.59375
1232,3037192.75
1233,653379.875
1234,718411.1875
1235,1894339.125
1236,1619598.875
1237,1245431.25
1238,760151.875
1239,1927158.625
1240,364280.5625
1241,811686.375
1242,1864473.125
1243,1161179.875
1244,1245503.625
1245,1186650.75
1246,2353851.75
1247,1001263.875
1248,1817480.375
1249,656138.6875
1250,1714448.0
1251,821379.0
1252,962740.125
1253,531820.4375
1254,648976.3125
1255,1964941.75
1256,945712.1875
1257,726950.125
1258,1097106.5
1259,2406825.0
1260,935308.25
1261,2037507.125
1262,1163870.375
1263,2019076.625
1264,2306363.25
1265,3414332.5
1266,956696.625
1267,1469129.875
1268,1179085.125
1269,1727861.0
1270,1582938.125
1271,1543688.75
1272,1106799.25
1273,1634334.375
1274,881540.75
1275,891193.125
1276,723806.1875
1277,1632187.5
1278,674033.25
1279,2743936.0
1280,883293.8125
1281,829175.8125
1282,1340566.875
1283,1517185.125
1284,1146018.375
1285,1362099.5
1286,805062.1875
1287,1081909.375
1288,1208427.5
1289,1425980.75
1290,968367.625
1291,741808.625
1292,2084614.75
1293,1278522.75
1294,1624400.875
1295,1270601.25
1296,1911142.875
1297,910470.25
1298,575186.375
1299,862738.5
1300,1360312.875
1301,1181360.625
1302,562936.5625
1303,375069.40625
1304,2296858.5
1305,1476094.625
1306,776654.625
1307,1220674.125
1308,699399.875
1309,1033890.8125
1310,714028.6875
1311,1466488.0
1312,453147.75
1313,995268.8125
1314,500985.1875
1315,822471.3125
1316,743467.8125
1317,1250298.875
1318,1919525.375
1319,1801447.125
1320,1000540.1875
1321,2104798.5
1322,1603598.75
1323,1356491.25
1324,2376380.25
1325,1306442.125
1326,1529703.5
1327,587632.5
1328,500272.78125
1329,1839960.125
1330,1701827.75
1331,524649.75
1332,596820.625
1333,934226.5
1334,1702722.625
1335,624464.0625
1336,1424630.0
1337,1148615.375
1338,1429040.0
1339,2095143.375
1340,1248297.125
1341,711699.875
1342,1053878.875
1343,414811.9375
1344,2417110.0
1345,1081741.125
1346,167834.859375
1347,994296.25
1348,560482.8125
1349,2044136.625
1350,536316.5
1351,507073.1875
1352,750021.5
1353,1020785.375
1354,837859.3125
1355,1677260.375
1356,1254601.5
1357,1502912.25
1358,1391748.0
1359,2161239.0
1360,2217427.25
1361,6279040.5
1362,2290680.5
1363,984544.4375
1364,1075888.375
1365,1782479.25
1366,3140230.75
1367,1446565.75
1368,1140969.0
1369,822275.5
1370,1861978.5
1371,618932.3125
1372,986285.4375
1373,1838022.125
1374,2643591.25
1375,1499765.375
1376,982035.3125
1377,1198726.125
1378,1425137.125
1379,1558017.0
1380,2753188.25
1381,891754.375
1382,553588.5
1383,1112701.875
1384,723134.4375
1385,677671.9375
1386,2158612.25
1387,1048308.1875
1388,990908.75
1389,1253513.0
1390,2303912.0
1391,1518867.0
1392,1144164.25
1393,1372020.0
1394,729520.25
1395,720434.6875
1396,2284987.0
1397,2061985.625
1398,1292751.375
1399,903097.0625
1400,1717979.0
1401,659931.8125
1402,1183212.0
1403,1134087.5
1404,900881.0
1405,600882.0
1406,350605.0
1407,767309.5
1408,948618.5
1409,652274.625
1410,1037984.8125
1411,1041203.75
1412,1693561.25
1413,792469.5625
1414,1675622.0
1415,824678.4375
1416,1139751.5
1417,2414362.5
1418,2867315.0
1419,1604307.75
1420,868462.9375
1421,1503410.75
1422,1508975.5
1423,3293734.75
1424,1828141.25
1425,2249196.25
1426,493083.78125
1427,1210068.125
1428,1222627.5
1429,1394282.375
1430,811662.0
1431,586339.6875
1432,420910.90625
1433,773950.75
1434,657142.6875
1435,1084820.5
1436,783588.8125
1437,509622.0625
1438,808526.125
1439,1185970.25
1440,2341887.25
1441,862654.25
1442,814477.25
1443,1025062.875
1444,1070344.375
1445,953915.625
1446,924917.9375
1447,1320485.875
1448,826254.6875
1449,790519.3125
1450,1110578.0
1451,659734.6875
1452,1214453.25
1453,1129441.5
1454,2436619.75
1455,966887.625
1456,1609170.875
1457,1165432.5
1458,1983105.875
1459,3066748.0
1460,1696759.375
1461,1329871.0
1462,1948412.25
1463,1161021.75
1464,820764.625
1465,759112.4375
1466,826827.0625
1467,1478898.625
1468,957264.8125
1469,2553685.5
1470,1025584.9375
1471,649752.4375
1472,983301.6875
1473,1841484.25
1474,1287146.0
1475,845939.8125
1476,585067.4375
1477,743596.9375
1478,1196209.375
1479,696083.1875
1480,978929.625
1481,1080332.5
1482,1506049.625
1483,1617510.875
1484,950681.625
1485,1704105.875
1486,749165.4375
1487,1448533.875
1488,2048423.625
1489,1537160.375
1490,1135285.875
1491,2511141.5
1492,1226520.875
1493,692923.125
1494,723867.25
1495,602370.9375
1496,1092053.25
1497,1032740.375
1498,381099.0625
1499,617655.375
1500,1416216.0
1501,894660.75
1502,1641136.375
1503,1017849.6875
1504,2219406.75
1505,1239436.375
1506,1138882.25
1507,806899.25
1508,758833.125
1509,1257799.875
1510,824261.4375
1511,1261414.75
1512,1297513.25
1513,1430791.75
1514,886976.375
1515,2795742.25
1516,1861417.75
1517,2107606.0
1518,1537117.625
1519,938053.8125
1520,2180481.5
1521,1967066.375
1522,1246797.125
1523,1173398.0
1524,1028987.75
1525,835621.375
1526,3380096.75
1527,1207657.625
1528,1369459.5
1529,894835.8125
1530,1401753.625
1531,652219.125
1532,1059353.25
1533,1750238.0
1534,536722.4375
1535,704183.125
1536,1063207.0
1537,882969.25
1538,1376668.125
1539,1513278.75
1540,908655.8125
1541,2036655.125
1542,943623.625
1543,3941914.5
1544,556719.5625
1545,700698.0
1546,1451504.875
1547,1268622.625
1548,677349.1875
1549,758876.4375
1550,791977.1875
1551,1111897.125
1552,649854.75
1553,702387.625
1554,887612.75
1555,720359.25
1556,854501.4375
1557,843465.6875
1558,1337900.25
1559,1424009.75
1560,1001760.6875
1561,842878.0
1562,541205.3125
1563,2197394.5
1564,1417589.5
1565,1802376.625
1566,2351749.75
1567,1132780.0
1568,727010.5625
1569,1515114.0
1570,1503086.125
1571,1485946.5
1572,1870455.75
1573,1109395.5
1574,1879685.125
1575,1266396.25
1576,1774817.5
1577,1234815.25
1578,1282936.625
1579,1084150.875
1580,1989160.875
1581,1428393.0
1582,1766597.625
1583,1000568.875
1584,1597769.375
1585,2930764.75
1586,932107.0625
1587,1816956.25
1588,1845027.5
1589,925665.875
1590,1966194.25
1591,557212.8125
1592,3779294.0
1593,1200752.5
1594,949540.8125
1595,1183565.0
1596,924545.0
1597,695262.25
1598,660560.5625
1599,826740.5
1600,1472548.25
1601,2239162.5
1602,2999236.5
1603,1279318.625
1604,2234525.75
1605,1052014.625
1606,897018.625
1607,832973.1875
1608,1899703.25
1609,2227492.75
1610,1191069.75
1611,1226350.375
1612,988237.625
1613,1949096.5
1614,854412.625
1615,1099091.375
1616,893081.4375
1617,1653028.75
1618,710899.625
1619,748789.4375
1620,1027708.875
1621,811857.75
1622,1462900.25
1623,672054.1875
1624,1154243.625
1625,1358483.75
1626,1165089.875
1627,2059648.5
1628,704428.875
1629,1195271.125
1630,1232304.375
1631,2249080.0
1632,2117631.75
1633,978615.375
1634,602417.25
1635,857964.0625
1636,1014517.9375
1637,1491186.75
1638,1274880.5
1639,928149.125
1640,1493357.25
1641,2024251.125
1642,980616.75
1643,2332774.5
1644,1186467.125
1645,1336413.5
1646,1485039.0
1647,1287550.125
1648,1284579.375
1649,1019065.375
1650,794170.0
1651,915010.625
1652,1038370.0
1653,807333.9375
1654,1102080.5
1655,1571470.75
1656,1692604.0
1657,741166.875
1658,1277943.25
1659,826145.9375
1660,1013519.1875
1661,1213263.375
1662,1243727.625
1663,1155441.5
1664,931604.625
1665,1799712.625
1666,1024353.8125
1667,1534188.125
1668,980655.25
1669,697920.625
1670,1507568.5
1671,391747.84375
1672,1420935.75
1673,1956894.25
1674,1312824.5
1675,859314.125
1676,523383.3125
1677,2326181.0
1678,389351.53125
1679,798244.125
1680,412457.0
1681,282505.59375
1682,598022.5
1683,244154.453125
1684,413484.125
1685,650508.1875
1686,588109.5
1687,810227.25
1688,488445.4375
1689,716060.625
1690,481180.28125
1691,1032729.375
1692,1205624.75
1693,822273.0
1694,1111051.875
1695,2277805.25
1696,1429711.25
1697,1256201.375
1698,1256104.375
1699,791789.75
1700,1734157.0
1701,1011536.0625
1702,1264654.25
1703,1721155.5
1704,1310225.0
1705,1008809.875
1706,1166644.875
1707,2259272.25
1708,1190362.875
1709,1101182.375
1710,697869.5
1711,1085609.625
1712,694941.125
1713,1493679.375
1714,1052572.5
1715,733685.6875
1716,916278.5
1717,1297846.25
1718,910830.5625
1719,2998900.0
1720,879859.875
1721,1605545.0
1722,917509.9375
1723,1337517.375
1724,795199.75
1725,2936537.75
1726,1059035.125
1727,1437400.75
1728,1248016.75
1729,2002968.375
1730,1192467.625
1731,1138740.875
1732,864080.5625
1733,667230.875
1734,1061834.5
1735,1260878.25
1736,3066702.25
1737,911272.625
1738,674075.4375
1739,419433.125
1740,1113176.25
1741,1093747.875
1742,508794.0625
1743,859883.75
1744,822094.625
1745,552021.25
1746,1869837.75
1747,679698.9375
1748,995955.6875
1749,474053.59375
1750,713976.875
1751,449370.28125
1752,708942.625
1753,2035795.875
1754,641840.5
1755,462903.21875
1756,752297.5
1757,1694690.25
1758,807366.75
1759,904943.1875
1760,1106161.25
1761,574197.1875
1762,986248.125
1763,1869839.125
1764,1696420.875
1765,889596.25
1766,1033610.875
1767,1522319.0
1768,781811.5625
1769,1136401.5
1770,1517996.0
1771,1485158.5
1772,1044124.1875
1773,1788534.625
1774,1146440.25
1775,672292.6875
1776,792160.25
1777,696430.5625
1778,340084.03125
1779,1765902.375
1780,1203983.25
1781,506437.28125
1782,821757.75
1783,380832.78125
1784,1033393.875
1785,486522.875
1786,827792.0
1787,3999930.25
1788,823306.3125
1789,556104.125
1790,627086.8125
1791,1072746.875
1792,516479.90625
1793,803481.6875
1794,406335.0625
1795,1049503.875
1796,1126741.875
1797,1957666.125
1798,818433.3125
1799,870610.5
1800,1001743.0
1801,1806076.125
1802,1974427.75
1803,734733.5625
1804,1322127.625
1805,1118797.75
1806,881772.4375
1807,1021302.3125
1808,604411.9375
1809,744622.5625
1810,702572.375
1811,1215823.75
1812,786289.875
1813,436747.0
1814,882128.9375
1815,706451.6875
1816,527216.625
1817,253255.515625
1818,2360552.25
1819,1998586.5
1820,2065221.875
1821,525909.875
1822,509604.1875
1823,632614.9375
1824,1052441.75
1825,668946.0
1826,1365563.0
1827,1339652.875
1828,1929815.25
1829,1590277.0
1830,477439.34375
1831,695685.0625
1832,1979816.25
1833,1157950.0
1834,1431044.875
1835,935113.9375
1836,963846.875
1837,2198796.5
1838,2033621.375
1839,811564.5625
1840,1123505.125
1841,637704.75
1842,2576224.75
1843,936309.3125
1844,936392.3125
1845,592532.0625
1846,851824.625
1847,610588.25
1848,1043351.5625
1849,869496.0625
1850,784874.6875
1851,1027601.375
1852,1500094.625
1853,1081246.5
1854,793339.25
1855,1797402.625
1856,1064106.375
1857,683710.0625
1858,1945563.375
1859,2179027.75
1860,1125847.375
1861,1039608.0
1862,1228120.625
1863,547950.0625
1864,701325.3125
1865,733133.875
1866,1275982.5
1867,779839.1875
1868,548669.25
1869,697549.4375
1870,1086686.625
1871,645542.25
1872,618533.5
1873,1192080.5
1874,664233.0625
1875,499072.5625
1876,649544.625
1877,775491.75
1878,717442.25
1879,788269.5
1880,507960.46875
1881,2064319.125
1882,1178093.875
1883,755049.8125
1884,1844945.5
1885,1729477.25
1886,1051278.125
1887,437177.46875
1888,1534529.875
1889,935374.8125
1890,986139.625
1891,978549.5
1892,2276044.0
1893,611986.6875
1894,1114454.5
1895,1444535.25
1896,1031359.5
1897,681147.4375
1898,1403722.0
1899,1462639.75
1900,1414390.75
1901,2139175.5
1902,1092149.125
1903,1510109.875
1904,1051030.25
1905,1588500.875
1906,2019947.75
1907,1367370.375
1908,1546215.75
1909,955343.125
1910,1406602.125
1911,830692.0625
1912,1007643.0625
1913,751977.0625
1914,862365.0625
1915,661661.3125
1916,465838.1875
1917,841020.625
1918,424020.6875
1919,364679.71875
1920,1052230.125
1921,324043.46875
1922,616681.75
1923,749361.3125
1924,409959.46875
1925,631558.0625
1926,1505425.75
1927,275195.78125
1928,1181808.5
1929,626610.4375
1930,1440366.375
1931,895699.9375
1932,1568098.125
1933,866992.1875
1934,1570500.75
1935,921914.5625
1936,1163659.875
1937,2100970.0
1938,1109248.25
1939,923638.4375
1940,770278.8125
1941,2378102.75
1942,1290931.125
1943,1347657.125
1944,1495366.125
1945,1813241.75
1946,1398186.125
1947,1900021.0
1948,876883.1875
1949,932876.0
1950,1379567.625
1951,1113742.875
1952,1092522.5
1953,1503884.75
1954,1711419.375
1955,2279554.0
1956,1351959.875
1957,490361.8125
1958,442122.8125
1959,975444.375
1960,467855.59375
1961,403220.34375
1962,649039.0
1963,703368.4375
1964,1555705.125
1965,472004.34375
1966,778751.6875
1967,1113607.875
1968,1077153.75
1969,928573.5625
1970,1433828.0
1971,1295771.75
1972,645290.4375
1973,820480.6875
1974,2076943.5
1975,951401.375
1976,979625.0
1977,1424305.75
1978,2983967.0
1979,1524434.125
1980,1355840.75
1981,2568167.25
1982,1247941.125
1983,1132016.875
1984,2147757.0
1985,1052465.5
1986,671564.8125
1987,1406705.625
1988,1297944.375
1989,1010461.0625
1990,808099.0
1991,767483.1875
1992,1675769.5
1993,1531323.625
1994,1029492.25
1995,704368.875
1996,747657.25
1997,459306.25
1998,588388.4375
1999,1184944.25
2000,804660.0
2001,712554.0
2002,891207.8125
2003,1205303.25
2004,1001134.9375
2005,1128579.125
2006,1887894.875
2007,1076685.875
2008,1084338.125
2009,936100.0625
2010,1716153.75
2011,874049.125
2012,1050114.5
2013,1393889.25
2014,1196550.375
2015,1362185.375
2016,2023892.75
2017,1201079.375
2018,1539865.125
2019,1294917.5
2020,1725796.25
2021,2043449.0
2022,1216772.75
2023,1187114.625
2024,1872973.625
2025,1638806.375
2026,1265437.625
2027,2626916.5
2028,1361500.125
2029,1651297.375
2030,1397558.25
2031,2496634.5
2032,1734740.625
2033,717827.5
2034,1252473.25
2035,1559251.75
2036,1252020.875
2037,925955.9375
2038,1699285.0
2039,1053628.75
2040,825354.0625
2041,799300.8125
2042,795763.0625
2043,344683.46875
2044,511961.71875
2045,389143.875
2046,953394.25
2047,475181.28125
2048,875923.6875
2049,411875.65625
2050,818036.375
2051,801195.0
2052,1936453.625
2053,527451.125
2054,359194.09375
2055,971153.6875
2056,1650111.875
2057,909407.6875
2058,943233.125
2059,833221.875
2060,1361653.75
2061,1599422.0
2062,1999211.5
2063,1249213.875
2064,1021648.375
2065,798743.4375
2066,1576900.875
2067,2011937.75
2068,1913684.875
2069,1633243.125
2070,1075642.5
2071,1512437.125
2072,860018.625
2073,1271135.5
2074,752074.0625
2075,825944.4375
2076,1091972.125
2077,1392737.625
2078,1042822.0625
2079,732654.4375
2080,1187492.125
2081,1093867.375
2082,1248037.5
2083,1171106.25
2084,1321424.125
2085,991856.8125
2086,2635620.25
2087,854247.5625
2088,1398311.875
2089,1069171.875
2090,1650290.5
2091,1736854.5
2092,1245596.0
2093,1327432.875
2094,1536829.875
2095,1608566.375
2096,1130950.125
2097,1371593.375
2098,1138136.625
2099,1194060.25
2100,1042958.9375
2101,769130.375
2102,1078544.75
2103,977330.4375
2104,724926.125
2105,840513.5625
2106,724961.9375
2107,813480.6875
2108,807903.125
2109,527127.5625
2110,850264.4375
2111,773144.75
2112,456008.34375
2113,921069.0
2114,853201.0
2115,1198438.375
2116,861174.1875
2117,841725.8125
2118,826383.375
2119,971185.3125
2120,1309730.875
2121,1653830.375
2122,1522695.0
2123,1212306.625
2124,1842330.375
2125,981117.25
2126,1076580.75
2127,2064602.875
2128,1368011.25
2129,2000877.0
2130,1281802.0
2131,1410230.5
2132,1429340.75
2133,1226517.5
2134,1262962.125
2135,1375531.25
2136,1597621.875
2137,1787257.5
2138,1132130.125
2139,1355821.25
2140,1103223.0
2141,702616.1875
2142,914791.25
2143,998253.8125
2144,1844653.5
2145,714282.0
2146,1105537.25
2147,1362889.0
2148,1104563.625
2149,1328578.875
2150,1368621.5
2151,812283.6875
2152,793513.5
2153,1441225.875
2154,1256287.375
2155,897717.875
2156,814827.1875
2157,977752.1875
2158,1524096.125
2159,886731.6875
2160,1266568.5
2161,1013142.4375
2162,1010262.3125
2163,982332.3125
2164,697157.5625
2165,1570582.0
2166,1465674.375
2167,910413.8125
2168,835399.5625
2169,1185093.875
2170,2186439.5
2171,1481514.625
2172,1366073.75
2173,1438908.25
2174,1408239.625
2175,1764636.25
2176,1559329.5
2177,1185226.625
2178,1472288.875
2179,940450.75
2180,1102812.375
2181,1228773.125
2182,997765.75
2183,1187838.875
2184,1074433.75
2185,1122191.125
2186,824899.0
2187,1499587.5
2188,1594254.5
2189,1122465.375
2190,818823.75
2191,800194.8125
2192,923994.3125
2193,1082519.875
2194,907539.25
2195,1335177.0
2196,731618.5
2197,726576.625
2198,920552.1875
2199,857010.125
2200,893252.125
2201,1352635.375
2202,710854.3125
2203,427556.03125
2204,954075.375
2205,1027661.5
2206,790604.375
2207,1134110.625
2208,609844.8125
2209,846945.5
2210,934919.0
2211,758674.0
2212,935669.125
2213,725651.1875
2214,932505.125
2215,763660.4375
2216,642471.3125
2217,685826.6875
2218,517161.0
2219,1276336.25
2220,832047.1875
2221,704896.25
2222,521766.59375
2223,1301863.75
2224,992830.125
2225,958779.25
2226,866586.875
2227,1757502.25
2228,1094920.75
2229,819872.6875
2230,1002343.9375
2231,925921.5625
2232,1715359.5
2233,1149844.125
2234,1190016.75
2235,1053838.25
2236,1224094.0
2237,1502909.625
2238,1065588.5
2239,844203.625
2240,1004405.25
2241,973787.4375
2242,721154.0625
2243,738617.125
2244,1153478.75
2245,855207.4375
2246,898831.125
2247,974641.9375
2248,1198419.625
2249,832529.0625
2250,886975.8125
2251,1249777.5
2252,1281654.625
2253,1333666.625
2254,911224.9375
2255,1262685.375
2256,1371248.375
2257,1612950.125
2258,1168609.125
2259,1953073.75
2260,755735.5625
2261,857650.6875
2262,1599843.5
2263,846617.125
2264,1816638.75
2265,668517.5625
2266,1551305.0
2267,915978.0
2268,745282.3125
2269,778567.0625
2270,961194.1875
2271,1039775.4375
2272,2353843.25
2273,1124363.75
2274,798179.9375
2275,814649.0
2276,899936.875
2277,880082.6875
2278,787781.125
2279,729788.8125
2280,691837.5
2281,675380.0625
2282,1181293.625
2283,640900.0625
2284,822975.125
2285,1036374.125
2286,715146.125
2287,930366.3125
2288,558859.6875
2289,936283.3125
2290,787000.5625
2291,1196114.625
2292,2029189.5
2293,626919.6875
2294,1367451.875
2295,779708.1875
2296,1874354.375
2297,514977.1875
2298,937567.5625
2299,953574.375
2300,801968.8125
2301,816409.4375
2302,863083.4375
2303,1411598.75
2304,1132116.375
2305,1274670.125
2306,867795.8125
2307,1132590.875
2308,470033.3125
2309,640885.8125
2310,556028.5
2311,920171.0
2312,1085884.625
2313,752037.3125
2314,782395.125
2315,924591.5
2316,1474517.125
2317,1315774.5
2318,982760.8125
2319,1114395.0
2320,2219768.75
2321,1174034.875
2322,1140798.875
2323,1138728.5
2324,1236927.625
2325,1502775.75
2326,1043719.25
2327,1562522.5
2328,1603102.0
2329,990556.5625
2330,1337055.25
2331,969216.0625
2332,959892.1875
2333,1630982.125
2334,714726.5
2335,1711864.125
2336,834223.375
2337,990346.75
2338,670743.0625
2339,873107.3125
2340,962422.1875
2341,1044270.8125
2342,951482.0
2343,466069.03125
2344,913070.3125
2345,552813.3125
2346,897039.0
2347,665791.1875
2348,849404.9375
2349,486462.25
2350,950908.9375
2351,557651.5
2352,407789.71875
2353,490500.5625
2354,493952.84375
2355,855395.375
2356,866714.5
2357,540650.875
2358,667746.0
2359,464317.8125
2360,650315.1875
2361,826141.5625
2362,997593.0
2363,427403.5
2364,691474.25
2365,1480247.25
2366,845664.3125
2367,1246426.0
2368,1325047.125
2369,1587592.5
2370,1659058.0
2371,1188016.0
2372,1070896.375
2373,794050.3125
2374,1364062.25
2375,811081.8125
2376,1044448.4375
2377,762867.875
2378,831856.875
2379,1252692.75
2380,1000118.9375
2381,586546.6875
2382,389933.65625
2383,780233.8125
2384,773255.625
2385,651123.8125
2386,472432.25
2387,1003168.5
2388,456710.6875
2389,1139152.5
2390,1054543.875
2391,818790.125
2392,1134047.625
2393,1089522.625
2394,1074656.5
2395,1017378.875
2396,1174816.875
2397,1495222.125
2398,1742316.0
2399,1061063.375
2400,1711798.25
2401,1173970.0
2402,2365410.0
2403,1259937.25
2404,1403964.625
2405,1270017.5
2406,1493089.375
2407,925647.125
2408,1259017.75
2409,1081819.375
2410,960709.6875
2411,793694.1875
2412,951514.4375
2413,1129384.25
2414,1055287.75
2415,969357.4375
2416,774399.4375
2417,983516.9375
2418,753177.5625
2419,669902.125
2420,479163.34375
2421,478624.65625
2422,625875.9375
2423,816841.1875
2424,488687.46875
2425,243236.9375
2426,549254.5625
2427,1180922.0
2428,584780.375
2429,708649.3125
2430,481776.625
2431,1108519.375
2432,1085932.875
2433,1012558.125
2434,1199779.25
2435,669437.5
2436,820590.125
2437,1120486.875
2438,1497245.375
2439,1283766.125
2440,581384.8125
2441,742753.375
2442,616306.8125
2443,771345.4375
2444,986489.9375
2445,977661.6875
2446,891703.8125
2447,825987.1875
2448,944892.625
2449,588733.9375
2450,842406.6875
2451,861510.125
2452,966997.125
2453,748132.125
2454,729609.8125
2455,696908.1875
2456,1085923.0
2457,564725.8125
2458,1741038.75
2459,700132.5625
2460,664464.6875
2461,625782.625
2462,1387158.75
2463,683092.375
2464,1134611.625
2465,1175742.5
2466,1394600.75
2467,752302.4375
2468,1584079.875
2469,938894.75
2470,554278.6875
2471,823122.875
2472,760772.375
2473,1006717.0625
2474,1158753.375
2475,787690.875
2476,845565.4375
2477,1365290.25
2478,1771066.25
2479,1066252.125
2480,1522961.0
2481,1684907.875
2482,1632900.5
2483,1396490.0
2484,1533007.0
2485,1736787.0
2486,1601247.375
2487,2155140.0
2488,1148757.5
2489,1052802.625
2490,1391311.875
2491,1339112.375
2492,1781623.125
2493,740946.6875
2494,1725229.0
2495,808368.75
2496,1429412.375
2497,756678.625
2498,1152918.0
2499,640776.625
2500,625250.0625
2501,735460.0625
2502,1120031.375
2503,878308.125
2504,850663.75
2505,531159.875
2506,941206.875
2507,1125511.25
2508,602427.1875
2509,912031.6875
2510,711469.375
2511,451765.90625
2512,757487.3125
2513,775617.5
2514,545379.875
2515,1017151.5
2516,1151291.75
2517,499659.78125
2518,909295.4375
2519,544713.6875
2520,592568.4375
2521,1282055.625
2522,565987.6875
2523,807624.0
2524,833124.75
2525,1022247.25
2526,663431.6875
2527,454930.65625
2528,1078701.75
2529,1151320.5
2530,761516.6875
2531,886341.875
2532,1061451.375
2533,721006.625
2534,534929.5
2535,995241.625
2536,914372.125
2537,576894.125
2538,577340.75
2539,713104.5
2540,695320.25
2541,925441.375
2542,730331.1875
2543,1112506.875
2544,1290921.875
2545,640738.25
2546,399262.65625
2547,467100.9375
2548,557731.875
2549,966822.75
2550,1560985.75
2551,1456837.5
2552,983517.375
2553,994262.9375
2554,665156.8125
2555,698312.0
2556,1154372.625
2557,711033.0
2558,720714.5625
2559,454805.9375
2560,826620.8125
2561,742815.5
2562,1002474.25
2563,1095024.625
2564,871448.6875
2565,872274.6875
2566,435592.0
2567,964223.0
2568,297386.5625
2569,1018636.3125
2570,1028896.75
2571,787617.125
2572,583502.5625
2573,670572.9375
2574,463636.15625
2575,813397.3125
2576,729343.6875
2577,493025.71875
2578,1141126.25
2579,1135614.0
2580,605606.1875
2581,1338853.25
2582,624187.4375
2583,643894.875
2584,855468.5625
2585,919216.75
2586,1025536.0625
2587,1791985.625
2588,915269.1875
2589,874713.0625
2590,2043893.0
2591,868486.75
2592,687878.9375
2593,1187968.0
2594,953064.125
2595,1177877.0
2596,1188734.875
2597,825386.9375
2598,1206632.5
2599,1194788.25
2600,1764777.25
2601,1327246.375
2602,1001516.3125
2603,1461825.125
2604,1369069.375
2605,1177733.5
2606,1753000.75
2607,1572032.0
2608,2286832.75
2609,638967.1875
2610,793154.4375
2611,1174408.875
2612,618016.75
2613,1237015.75
2614,732316.625
2615,805065.3125
2616,940106.0625
2617,1005183.8125
2618,1237444.75
2619,578319.8125
2620,686972.0
2621,642414.6875
2622,444108.53125
2623,822255.8125
2624,396708.21875
2625,630589.8125
2626,1452967.375
2627,585867.8125
2628,1122381.125
2629,982233.3125
2630,673691.25
2631,529737.25
2632,914256.625
2633,999715.25
2634,879050.6875
2635,1149924.875
2636,1102124.5
2637,1347660.0
2638,1253026.0
2639,1289138.25
2640,1140646.25
2641,1416799.0
2642,1302613.75
2643,894794.9375
2644,949422.5625
2645,1275349.5
2646,1510600.25
2647,1244101.625
2648,1083581.0
2649,937722.75
2650,874817.625
2651,1000893.625
2652,978631.0625
2653,819887.0625
2654,1355057.5
2655,1229179.875
2656,847374.4375
2657,1344978.125
2658,751440.625
2659,1260856.0
2660,662782.5625
2661,908363.5625
2662,1063422.0
2663,622870.5625
2664,1123874.0
2665,922229.9375
2666,992009.4375
2667,709277.0
2668,530664.0625
2669,384025.71875
2670,1002382.4375
2671,426833.875
2672,1026184.8125
2673,1126103.75
2674,1322194.875
2675,661538.125
2676,514718.71875
2677,601185.5
2678,2890657.0
2679,655539.625
2680,1550790.25
2681,1670769.0
2682,894982.125
2683,1694459.375
2684,1137777.375
2685,1726296.5
2686,1706159.375
2687,1210838.375
2688,1215303.5
2689,1256162.125
2690,1455653.625
2691,1376143.5
2692,608542.25
2693,1034178.875
2694,1225246.0
2695,1434537.375
2696,1370250.375
2697,967018.5
2698,1346684.25
2699,922426.5
2700,1163628.5
2701,1138776.75
2702,844112.3125
2703,754960.3125
2704,1016168.0625
2705,1090802.75
2706,1326996.375
2707,1227896.375
2708,950335.1875
2709,988001.0625
2710,1523052.625
2711,1135294.125
2712,1384496.375
2713,1244316.5
2714,1072750.5
2715,1608507.875
2716,1447995.875
2717,854452.0
2718,673488.4375
2719,984533.5625
2720,1303130.875
2721,821170.3125
2722,1347864.75
2723,849205.125
2724,700086.125
2725,1124219.375
2726,1188318.375
2727,1014854.0
2728,993514.375
2729,899648.6875
2730,1666838.25
2731,859386.6875
2732,933048.1875
2733,639221.125
2734,756410.125
2735,1016667.25
2736,1289329.25
2737,865352.25
2738,1267565.625
2739,721390.375
2740,893523.8125
2741,1338335.375
2742,1033973.75
2743,1256240.75
2744,1164719.75
2745,622882.5
2746,885239.25
2747,908175.0625
2748,995723.1875
2749,1431213.75
2750,759166.1875
2751,1227801.375
2752,540918.4375
2753,649829.4375
2754,563916.625
2755,823275.0625
2756,1504875.375
2757,838699.8125
2758,1445638.5
2759,1229284.625
2760,760985.1875
2761,930188.25
2762,1305159.875
2763,1073834.25
2764,650262.6875
2765,890816.25
2766,939464.125
2767,920856.3125
2768,974031.625
2769,1154403.875
2770,901071.625
2771,1266134.875
2772,1061028.875
2773,1297262.75
2774,1071852.875
2775,1072169.625
2776,931970.25
2777,876168.5625
2778,1569430.5
2779,688161.5
2780,896535.4375
2781,944733.25
2782,762321.75
2783,759665.5625
2784,443081.90625
2785,519280.0625
2786,695344.8125
2787,582629.0625
2788,994107.1875
2789,819348.1875
2790,995278.375
2791,910123.125
2792,879550.5625
2793,789316.375
2794,2098428.5
2795,1079668.0
2796,1311871.5
2797,843542.75
2798,880408.3125
2799,1057008.25
2800,869142.8125
2801,860608.125
2802,1338346.0
2803,1811492.75
2804,1178310.0
2805,1352847.875
2806,1048629.375
2807,1062968.5
2808,1402815.0
2809,1354119.125
2810,1157397.625
2811,1192599.5
2812,1106543.875
2813,1462918.5
2814,1244604.75
2815,1285042.0
2816,1442899.75
2817,1499778.625
2818,645010.75
2819,803552.0625
2820,1107094.625
2821,1094241.875
2822,1220616.875
2823,890294.25
2824,985556.625
2825,777565.625
2826,741395.875
2827,965149.1875
2828,461896.3125
2829,984986.625
2830,644183.1875
2831,862806.1875
2832,743972.5
2833,445668.625
2834,663408.875
2835,609487.6875
2836,549775.125
2837,705164.3125
2838,758242.375
2839,691557.0
2840,833327.25
2841,691049.0
2842,619207.375
2843,785918.4375
2844,734056.3125
2845,1166378.75
2846,579044.25
2847,1656298.25
2848,1005425.0
2849,1462673.375
2850,1864367.125
2851,879299.125
2852,636284.8125
2853,1209833.625
2854,882737.8125
2855,1356760.5
2856,813255.875
2857,1210804.0
2858,972963.8125
2859,1165967.75
2860,1049654.625
2861,825137.25
2862,1339805.875
2863,994066.4375
2864,753989.125
2865,827492.6875
2866,698131.125
2867,1010734.8125
2868,745070.4375
2869,840683.0625
2870,655568.4375
2871,871937.875
2872,1036798.375
2873,1258633.875
2874,757482.8125
2875,847215.5
2876,958974.0625
2877,1240354.125
2878,1298858.25
2879,1067619.625
2880,880352.3125
2881,920568.6875
2882,1116146.75
2883,1367440.5
2884,756483.5
2885,1111360.125
2886,943626.25
2887,894626.5
2888,1065549.375
2889,1065015.75
2890,1052381.875
2891,801825.25
2892,845483.25
2893,994739.625
2894,744451.0625
2895,1435600.25
2896,959748.6875
2897,1113938.375
2898,1137059.875
2899,915186.625
2900,689523.5
2901,1242529.5
2902,1103384.0
2903,984562.125
2904,760572.625
2905,752023.8125
2906,558190.75
2907,893785.3125
2908,777724.5625
2909,712430.6875
2910,958498.0625
2911,753241.75
2912,984258.5
2913,634313.125
2914,1494809.0
2915,819002.375
2916,1106731.0
2917,1053974.125
2918,1163768.0
2919,1150978.25
2920,1200340.625
2921,847460.6875
2922,1611963.375
2923,1230356.0
2924,1404061.375
2925,1125527.0
2926,933998.5
2927,1058914.0
2928,968673.0625
2929,972945.9375
2930,1377490.25
2931,745192.625
2932,803151.1875
2933,1602787.125
2934,761418.0
2935,1500732.25
2936,975429.9375
2937,622999.125
2938,659862.75
2939,1117681.75
2940,971659.125
2941,667220.5625
2942,681429.125
2943,694480.6875
2944,971762.3125
2945,721362.25
2946,808699.75
2947,891890.6875
2948,966613.875
2949,1124158.0
2950,970631.4375
2951,1099996.25
2952,745613.0625
2953,834207.375
2954,769580.375
2955,606149.4375
2956,871914.125
2957,788369.5625
2958,1138131.75
2959,1048389.5
2960,905382.875
2961,767158.875
2962,895952.0
2963,1022965.6875
2964,1153135.375
2965,1441941.75
2966,1407100.375
2967,1151717.0
2968,1354073.875
2969,1271348.5
2970,1184753.5
2971,774361.125
2972,1311094.75
2973,887430.75
2974,2035791.125
2975,805556.0
2976,987804.25
2977,810368.0
2978,1392246.875
2979,1237047.25
2980,1341521.875
2981,1094520.75
2982,1339858.75
2983,811825.6875
2984,881400.125
2985,810295.4375
2986,1369962.75
2987,1357006.0
2988,980651.125
2989,1348774.0
2990,1055326.875
2991,1236647.625
2992,1243677.125
2993,1109279.875
2994,1123175.625
2995,1211470.5
2996,1233554.25
2997,929624.3125
2998,939695.8125
2999,1100421.25
3000,893864.5625
3001,913642.375
3002,1016419.25
3003,1052069.25
3004,885064.0
3005,1080816.0
3006,785196.5625
3007,696858.9375
3008,601154.375
3009,659523.3125
3010,608060.75
3011,561661.25
3012,681920.5625
3013,516272.0625
3014,763613.0625
3015,950408.1875
3016,501598.375
3017,766585.5
3018,1029469.375
3019,723394.5
3020,521387.78125
3021,731259.0625
3022,946327.875
3023,833182.6875
3024,580803.4375
3025,660272.3125
3026,965975.75
3027,563376.875
3028,803713.8125
3029,794299.375
3030,800093.5625
3031,1028185.0625
3032,903066.375
3033,737742.6875
3034,870804.4375
3035,1224387.625
3036,876059.0
3037,786130.125
3038,688604.6875
3039,624070.5625
3040,1039042.3125
3041,1174954.75
3042,1174826.75
3043,999937.4375
3044,964140.125
3045,723563.0625
3046,752066.75
3047,1257393.0
3048,866721.875
3049,830768.0625
3050,741175.125
3051,1002826.6875
3052,616511.9375
3053,731197.3125
3054,1087626.875
3055,1114870.75
3056,725399.125
3057,603267.5
3058,837910.875
3059,879403.375
3060,1411853.0
3061,935793.0
3062,1159367.625
3063,1465510.25
3064,1308222.5
3065,1818350.75
3066,1198326.0
3067,1066090.25
3068,1104352.375
3069,1179016.125
3070,1348267.625
3071,780417.6875
3072,1131071.0
3073,1318374.625
3074,1533096.125
3075,1059195.625
3076,805845.1875
3077,743552.625
3078,1225259.0
3079,1076687.5
3080,702675.3125
3081,707748.1875
3082,1115770.25
3083,807248.25
3084,1120032.0
3085,849286.75
3086,1481360.25
3087,1132313.625
3088,558029.1875
3089,742383.625
3090,1073528.125
3091,695833.0625
3092,1268335.25
3093,726172.1875
3094,811261.75
3095,773291.0
3096,873688.0
3097,1206546.375
3098,825647.0625
3099,758669.0625
3100,484464.90625
3101,1088241.875
3102,565533.8125
3103,727533.6875
3104,516973.5625
3105,592254.4375
3106,694448.0625
3107,494114.0625
3108,639143.0625
3109,489851.75
3110,631048.625
3111,775509.6875
3112,1838804.875
3113,527078.9375
3114,511695.9375
3115,793323.0
3116,739197.5625
3117,708236.625
3118,1250777.125
3119,833334.375
3120,423269.75
3121,632230.125
3122,1197395.75
3123,1057798.0
3124,1046824.4375
3125,1435437.5
3126,703869.5625
3127,978651.6875
3128,997585.9375
3129,1782052.5
3130,898228.8125
3131,1236926.125
3132,860038.5
3133,1154848.375
3134,1021077.1875
3135,1273361.25
3136,948418.75
3137,1240142.0
3138,668643.8125
3139,959323.125
3140,1009441.6875
3141,1004272.6875
3142,844237.1875
3143,1021763.6875
3144,720161.1875
3145,1209458.5
3146,1178332.25
3147,1662923.25
3148,965900.0
3149,759427.125
3150,965619.3125
3151,816632.8125
3152,849470.75
3153,966418.0625
3154,766809.0625
3155,618492.75
3156,772545.625
3157,973225.4375
3158,708352.75
3159,746211.625
3160,1323285.75
3161,1064911.125
3162,1070470.375
3163,1639736.125
3164,909429.5625
3165,600835.125
3166,841271.5
3167,609146.375
3168,1379834.0
3169,614247.75
3170,926889.1875
3171,758591.875
3172,689450.1875
3173,553248.125
3174,885033.625
3175,894488.625
3176,706083.625
3177,664118.8125
3178,658750.25
3179,616273.5625
3180,448978.40625
3181,493764.25
3182,529899.0625
3183,683066.9375
3184,542847.875
3185,547535.1875
3186,655050.1875
3187,545992.5
3188,850223.6875
3189,882864.4375
3190,646305.625
3191,1276221.125
3192,655160.5625
3193,830966.0625
3194,944355.125
3195,664589.375
3196,946541.5625
3197,719757.0
3198,1022091.9375
3199,1272887.875
3200,1064561.75
3201,829845.5
3202,896482.3125
3203,1289779.875
3204,1558060.25
3205,1147245.0
3206,1217514.0
3207,922480.0625
3208,919707.1875
3209,1284831.375
3210,813475.1875
3211,1215799.625
3212,1427064.0
3213,894075.875
3214,1292806.125
3215,1147718.875
3216,1335343.0
3217,932000.75
3218,1157643.375
3219,1216609.125
3220,1000213.3125
3221,1052143.25
3222,911823.75
3223,919513.3125
3224,949090.5625
3225,802631.0
3226,881446.6875
3227,992891.1875
3228,661112.9375
3229,1319781.25
3230,1281465.625
3231,1083482.5
3232,1170690.25
3233,872904.375
3234,1565488.25
3235,1092355.375
3236,710442.0
3237,784537.9375
3238,1764595.25
3239,1109727.5
3240,872476.625
3241,776624.25
3242,609102.5625
3243,893958.0
3244,687999.375
3245,805129.0625
3246,1009598.0
3247,487921.71875
3248,743043.25
3249,678148.0
3250,693458.125
3251,735484.6875
3252,737283.625
3253,986803.9375
3254,769566.25
3255,1289440.25
3256,1412311.0
3257,885442.125
3258,617045.125
3259,752779.6875
3260,1380781.125
3261,1284666.5
3262,653424.5625
3263,1326256.0
3264,1162440.875
3265,547047.4375
3266,895815.8125
3267,967362.75
3268,1065946.125
3269,709454.5
3270,550169.625
3271,714876.75
3272,752266.75
3273,616265.125
3274,664522.9375
3275,1395395.5
3276,802263.0
3277,574937.25
3278,600829.5625
3279,652095.8125
3280,789267.9375
3281,828442.0625
3282,863953.8125
3283,704997.0625
3284,901189.4375
3285,1017242.375
3286,902787.25
3287,1184135.25
3288,993552.8125
3289,885770.6875
3290,1114125.5
3291,964637.875
3292,833718.875
3293,1074925.125
3294,928630.0
3295,794846.625
3296,922140.625
3297,1056720.625
3298,1012753.375
3299,740195.9375
3300,1115432.125
3301,739047.6875
3302,751640.5625
3303,1191337.375
3304,864395.8125
3305,1016948.6875
3306,1060596.0
3307,1313685.875
3308,815686.0
3309,948685.25
3310,1159986.125
3311,927438.125
3312,1538382.625
3313,944032.75
3314,979956.3125
3315,843377.5625
3316,786901.4375
3317,1241238.5
3318,1311996.0
3319,727092.375
3320,1315694.625
3321,849267.3125
3322,1092611.125
3323,816938.0625
3324,1104567.25
3325,886312.1875
3326,1143575.375
3327,1010361.5625
3328,876500.8125
3329,1145768.375
3330,838480.0
3331,924402.125
3332,875779.375
3333,1034058.75
3334,559769.6875
3335,593163.25
3336,614188.875
3337,715860.75
3338,486851.59375
3339,681638.0
3340,579554.75
3341,944798.0
3342,668896.3125
3343,712214.3125
3344,538862.0625
3345,507701.1875
3346,632229.0625
3347,607323.75
3348,772372.8125
3349,946795.25
3350,1039758.6875
3351,864919.0
3352,533441.8125
3353,619252.0625
3354,759014.6875
3355,672498.125
3356,748419.0
3357,1214438.5
3358,1039236.25
3359,987115.4375
3360,1013111.6875
3361,1013201.375
3362,763361.875
3363,1184907.75
3364,798304.4375
3365,847061.25
3366,826475.3125
3367,1086338.125
3368,622134.0
3369,824397.125
3370,1058500.25
3371,756030.875
3372,866406.3125
3373,594625.875
3374,888532.5
3375,527174.9375
3376,701814.125
3377,748193.4375
3378,600578.875
3379,610041.5625
3380,2012759.5
3381,598454.1875
3382,692689.25
3383,666506.0625
3384,626627.5
3385,917666.9375
3386,1056735.5
3387,688591.4375
3388,974412.9375
3389,1068392.875
3390,696194.3125
3391,744173.75
3392,891006.5
3393,751962.0625
3394,1272997.875
3395,1454968.25
3396,985425.25
3397,868338.9375
3398,922784.5
3399,751381.0625
3400,830204.1875
3401,1022654.0
3402,665739.125
3403,915045.375
3404,720656.875
3405,996989.0625
3406,792098.3125
3407,642496.9375
3408,589746.375
3409,669426.75
3410,644160.9375
3411,546173.875
3412,474457.71875
3413,631164.1875
3414,1211358.125
3415,477593.3125
3416,537172.5
3417,586959.375
3418,680090.0625
3419,717329.8125
3420,879215.625
3421,852152.1875
3422,860118.4375
3423,701943.8125
3424,633002.875
3425,948094.4375
3426,882550.875
3427,1164360.75
3428,863012.875
3429,826271.5
3430,842547.3125
3431,919685.1875
3432,1099222.125
3433,822412.6875
3434,1047385.25
3435,811660.0625
3436,1215120.0
3437,844517.4375
3438,1021434.1875
3439,1453291.75
3440,1003730.9375
3441,1531150.75
3442,1132615.75
3443,1033795.6875
3444,756632.0
3445,680007.625
3446,1020512.8125
3447,1081417.25
3448,765419.8125
3449,836540.1875
3450,1260972.0
3451,817128.25
3452,1132912.25
3453,814856.75
3454,1017845.5
3455,1153458.625
3456,1169506.375
3457,1600081.875
3458,940587.25
3459,849411.875
3460,1031172.875
3461,999196.6875
3462,1124807.125
3463,1193501.625
3464,960138.875
3465,1147529.875
3466,1099183.125
3467,925169.9375
3468,738522.5
3469,950627.25
3470,774858.5
3471,811471.875
3472,770329.9375
3473,890685.5
3474,720042.5625
3475,1048640.5
3476,1034275.5625
3477,1076890.875
3478,887910.9375
3479,785885.75
3480,954156.375
3481,655546.5
3482,672959.4375
3483,555445.375
3484,656635.8125
3485,472936.4375
3486,1062021.875
3487,622495.125
3488,585876.75
3489,601119.1875
3490,1071693.125
3491,621915.75
3492,897656.25
3493,768734.9375
3494,655565.9375
3495,772109.9375
3496,791383.3125
3497,1160085.0
3498,910582.25
3499,1258811.375
3500,824517.875
3501,870276.8125
3502,740708.5
3503,982475.0
3504,1022917.9375
3505,811596.75
3506,807255.125
3507,1100184.875
3508,1077640.5
3509,701535.0625
3510,780403.75
3511,770305.3125
3512,823539.75
3513,759243.6875
3514,881443.625
3515,970437.0
3516,743073.25
3517,684076.3125
3518,745307.0625
3519,798577.0
3520,484583.53125
3521,817798.625
3522,546221.375
3523,609760.0625
3524,791710.1875
3525,808361.125
3526,574356.0
3527,493493.1875
3528,473434.625
3529,497583.59375
3530,693035.0625
3531,692155.375
3532,491229.03125
3533,594889.0625
3534,716729.8125
3535,512361.875
3536,666445.0625
3537,657925.25
3538,605612.5
3539,893608.9375
3540,2272144.5
3541,814530.75
3542,1248699.125
3543,1186785.625
3544,701850.0
3545,1016272.6875
3546,967714.1875
3547,719243.125
3548,1000759.8125
3549,970024.375
3550,1054449.375
3551,1039362.75
3552,1528138.125
3553,1104736.25
3554,1035434.75
3555,1174509.875
3556,1442970.375
3557,1526091.75
3558,924206.8125
3559,1044113.0625
3560,1034583.0625
3561,1355924.25
3562,1030447.625
3563,812773.5
3564,718839.75
3565,1051823.375
3566,1165969.5
3567,862010.1875
3568,1072205.5
3569,858768.6875
3570,1053792.5
3571,554663.75
3572,920326.4375
3573,647627.6875
3574,812520.75
3575,882442.875
3576,791106.6875
3577,630677.3125
3578,1000327.625
3579,822014.9375
3580,1005144.9375
3581,756300.5625
3582,993338.75
3583,852003.1875
3584,818873.8125
3585,1060877.0
3586,729085.125
3587,709659.5625
3588,857998.0
3589,829095.1875
3590,852946.3125
3591,963455.125
3592,932544.25
3593,746915.4375
3594,715972.6875
3595,1041570.8125
3596,733027.1875
3597,1157318.625
3598,640836.625
3599,677472.9375
3600,1012036.75
3601,568322.25
3602,861809.6875
3603,722043.375
3604,606242.75
3605,786990.75
3606,538739.125
3607,955447.5625
3608,675758.9375
3609,860601.9375
3610,740578.6875
3611,887670.25
3612,889584.9375
3613,922407.375
3614,951131.8125
3615,676937.9375
3616,1338970.25
3617,974292.4375
3618,880919.5625
3619,1355810.625
3620,1075181.875
3621,985549.75
3622,803707.8125
3623,913484.375
3624,845350.6875
3625,919992.75
3626,711328.75
3627,850469.5
3628,860833.25
3629,857098.125
3630,832869.625
3631,763159.75
3632,971976.0
3633,958263.125
3634,830017.875
3635,703292.9375
3636,764937.75
3637,839234.6875
3638,896528.0
3639,1074756.875
3640,1000675.125
3641,883578.1875
3642,1265365.875
3643,842226.375
3644,1210940.0
3645,1017769.9375
3646,1360913.5
3647,1539296.5
3648,1365700.625
3649,1128535.75
3650,1305378.625
3651,1238700.125
3652,1309295.75
3653,926361.8125
3654,1302652.25
3655,1008823.9375
3656,1007640.0
3657,1425559.375
3658,722732.3125
3659,1322722.375
3660,1037422.5625
3661,1379809.625
3662,1270815.625
3663,1014809.25
3664,1300521.75
3665,1025289.3125
3666,1046095.6875
3667,936382.5
3668,1414048.125
3669,1146931.75
3670,1090537.625
3671,1360474.125
3672,1149338.75
3673,1210971.875
3674,1203045.75
3675,1500879.5
3676,1092606.75
3677,1302262.875
3678,1137423.5
3679,1006386.625
3680,874143.0
3681,1441344.5
3682,1011460.625
3683,791373.6875
3684,1085519.75
3685,1079844.875
3686,918479.8125
3687,844445.75
3688,742909.0
3689,1052512.375
3690,742908.9375
3691,573016.9375
3692,729449.375
3693,705506.375
3694,653784.1875
3695,531410.0625
3696,553513.4375
3697,586266.6875
3698,596066.875
3699,591572.9375
3700,615230.0
3701,659084.25
3702,1242516.0
3703,1116895.5
3704,646715.3125
3705,1090217.875
3706,1211623.25
3707,723790.125
3708,743617.5
3709,792388.3125
3710,797285.9375
3711,738210.0
3712,1221154.125
3713,1005354.8125
3714,1092184.375
3715,828824.0625
3716,1187345.625
3717,819666.9375
3718,885788.4375
3719,1029088.8125
3720,756087.625
3721,777087.3125
3722,778551.3125
3723,881019.3125
3724,660610.9375
3725,931546.9375
3726,659322.6875
3727,565876.75
3728,854927.375
3729,950926.6875
3730,611546.125
3731,814123.625
3732,855950.5
3733,357877.90625
3734,426709.5625
3735,462330.03125
3736,396404.34375
3737,343131.5625
3738,535269.1875
3739,454830.0
3740,472579.21875
3741,418923.5625
3742,385885.96875
3743,640556.3125
3744,681330.5625
3745,575556.3125
3746,518199.8125
3747,870518.1875
3748,865051.0625
3749,587714.9375
3750,811466.875
3751,611715.4375
3752,926545.4375
3753,848654.125
3754,1007348.0
3755,682055.25
3756,624319.75
3757,564521.3125
3758,763810.9375
3759,651001.125
3760,642352.125
3761,662716.375
3762,597358.6875
3763,635888.75
3764,828614.4375
3765,686592.3125
3766,620027.25
3767,633726.125
3768,639827.75
3769,517935.5625
3770,781259.3125
3771,737373.3125
3772,631499.0
3773,738997.375
3774,689122.875
3775,735609.1875
3776,667632.0625
3777,668201.8125
3778,658490.75
3779,760976.875
3780,985202.0625
3781,901203.375
3782,749008.5625
3783,772384.0625
3784,744923.9375
3785,745233.25
3786,724723.9375
3787,669499.6875
3788,701951.8125
3789,788234.5625
3790,959260.75
3791,728478.75
3792,808680.125
3793,760207.125
3794,809655.1875
3795,675277.125
3796,943042.4375
3797,936361.875
3798,728589.125
3799,731937.5
3800,880038.0
3801,876285.9375
3802,795731.75
3803,965091.8125
3804,908409.9375
3805,859413.3125
3806,801828.0625
3807,848564.5
3808,1281381.0
3809,828918.1875
3810,946525.5625
3811,826619.1875
3812,1149644.125
3813,766756.0625
3814,896227.0
3815,789236.4375
3816,757945.625
3817,781546.0
3818,858245.5
3819,706954.6875
3820,692927.0625
3821,694155.25
3822,674475.9375
3823,755471.3125
3824,832849.3125
3825,858189.9375
3826,1038025.8125
3827,623951.5625
3828,615871.9375
3829,725310.5
3830,580944.0625
3831,800579.0625
3832,948687.125
3833,1178276.125
3834,609400.3125
3835,651353.0625
3836,725104.8125
3837,965926.625
3838,597728.5625
3839,499715.90625
3840,586803.4375
3841,946896.25
3842,664397.5
3843,849955.0
3844,770066.25
3845,708041.3125
3846,919848.8125
3847,622901.6875
3848,888490.8125
3849,655052.5
3850,777744.25
3851,810746.25
3852,863033.8125
3853,928395.0
3854,790493.25
3855,1124551.625
3856,886532.375
3857,964282.5
3858,780933.625
3859,1119281.625
3860,739609.375
3861,1160389.375
3862,655901.625
3863,1042975.1875
3864,1047100.1875
3865,875559.0625
3866,991072.875
3867,862327.875
3868,861789.1875
3869,692983.0625
3870,685195.625
3871,755737.0625
3872,590083.0
3873,725993.5625
3874,568866.5625
3875,544079.75
3876,518745.78125
3877,735202.125
3878,484195.25
3879,485572.0
3880,517248.8125
3881,608137.75
3882,473061.9375
3883,440178.9375
3884,506403.15625
3885,426952.5
3886,543552.25
3887,411956.96875
3888,453436.5
3889,1178542.625
3890,523744.4375
3891,701251.3125
3892,559175.0625
3893,600948.3125
3894,560436.1875
3895,616971.6875
3896,759065.125
3897,914233.0
3898,1026780.6875
3899,826048.3125
3900,793454.0625
3901,993518.0625
3902,1088517.0
3903,1858787.625
3904,1474246.625
3905,981221.5
3906,1021412.0
3907,1038319.125
3908,1258907.75
3909,833577.5625
3910,844548.5
3911,1079383.0
3912,785740.4375
3913,871024.0625
3914,675349.625
3915,893748.6875
3916,1266327.625
3917,637594.75
3918,1042655.0625
3919,642211.875
3920,780558.1875
3921,775299.3125
3922,651567.5
3923,599158.75
3924,998457.6875
3925,640443.3125
3926,610510.8125
3927,680173.1875
3928,1360069.25
3929,596654.75
3930,710879.6875
3931,826490.0625
3932,1142668.875
3933,758455.5
3934,751837.875
3935,594323.4375
3936,1347412.5
3937,904739.5
3938,725545.3125
3939,793157.3125
3940,860798.4375
3941,802432.0
3942,757731.25
3943,875998.9375
3944,652485.875
3945,612995.4375
3946,730101.6875
3947,618067.3125
3948,657380.4375
3949,756912.8125
3950,823506.3125
3951,723542.25
3952,855817.5
3953,719180.5
3954,652054.5625
3955,647198.625
3956,665506.9375
3957,970297.8125
3958,891822.25
3959,577300.875
3960,928527.6875
3961,591314.6875
3962,970763.6875
3963,1009864.8125
3964,732114.8125
3965,640778.0
3966,785087.75
3967,684682.25
3968,829323.0625
3969,740471.4375
3970,763551.4375
3971,751353.4375
3972,770223.75
3973,716651.25
3974,942706.3125
3975,962555.9375
3976,805575.75
3977,903199.8125
3978,842025.0625
3979,1071332.75
3980,1586613.5
3981,934722.5
3982,939508.0
3983,1086800.875
3984,993770.75
3985,1027570.0
3986,1022978.8125
3987,921720.625
3988,989543.75
3989,1085530.5
3990,1216343.625
3991,1041447.4375
3992,1047354.1875
3993,1184070.75
3994,1035836.875
3995,992599.5
3996,989100.3125
3997,1185466.625
3998,1067318.0
3999,1130878.125
4000,1210531.25
4001,1309693.875
4002,1252809.375
4003,1124059.0
4004,1542846.75
4005,1450283.5
4006,1611298.0
4007,1231474.125
4008,1271210.5
4009,1187307.625
4010,1229514.0
4011,1291254.625
4012,1454984.0
4013,1259218.5
4014,1312279.0
4015,1255306.5
4016,1007636.8125
4017,1082756.375
4018,1011421.75
4019,808096.5
4020,947966.1875
4021,1089007.25
4022,974415.25
4023,827828.5
4024,938145.5625
4025,857105.9375
4026,800635.4375
4027,804503.6875
4028,644466.375
4029,740826.5
4030,831604.8125
4031,679500.75
4032,565569.375
4033,706061.875
4034,572654.0625
4035,733777.1875
4036,930734.5625
4037,691474.25
4038,834310.1875
4039,875190.625
4040,911344.9375
4041,847529.3125
4042,919827.3125
4043,1069554.0
4044,992129.25
4045,1111851.0
4046,1093325.0
4047,982766.3125
4048,1075212.5
4049,929365.625
4050,1334263.375
4051,1046412.0
4052,858010.875
4053,911050.4375
4054,866005.1875
4055,1072608.125
4056,840076.8125
4057,1022325.4375
4058,797274.5
4059,709376.6875
4060,895074.8125
4061,736076.3125
4062,749300.375
4063,753877.375
4064,785289.4375
4065,693900.5
4066,673252.5
4067,784165.6875
4068,799842.6875
4069,684239.8125
4070,555575.625
4071,535225.875
4072,773661.875
4073,584016.3125
4074,650249.75
4075,586643.375
4076,480628.5
4077,364847.46875
4078,352373.78125
4079,251687.953125
4080,323264.78125
4081,236486.78125
4082,281422.15625
4083,301707.625
4084,253510.625
4085,262969.03125
4086,276184.46875
4087,285674.25
4088,332916.125
4089,514566.5625
4090,284430.03125
4091,385319.0
4092,546812.25
4093,438492.96875
4094,567156.6875
4095,565115.8125
4096,616595.1875
4097,639758.875
4098,539003.1875
4099,1004406.75
4100,982002.9375
4101,675580.625
4102,547237.5
4103,676692.8125
4104,802997.8125
4105,988122.5
4106,817876.3125
4107,697687.3125
4108,827137.625
4109,677555.625
4110,822679.5625
4111,1082401.125
4112,1752947.875
4113,980838.25
4114,1063671.25
4115,972257.1875
4116,1415332.375
4117,1188039.5
4118,1013996.375
4119,984825.3125
4120,921146.0
4121,1086468.375
4122,1360998.0
4123,918723.4375
4124,754049.125
4125,1020326.5625
4126,869783.0
4127,843757.9375
4128,583560.5
4129,669461.8125
4130,610408.875
4131,530554.0625
4132,522302.6875
4133,558587.8125
4134,668943.625
4135,698870.5625
4136,621540.6875
4137,707654.75
4138,700093.0625
4139,688206.625
4140,640364.5625
4141,716799.375
4142,664510.9375
4143,780274.375
4144,570629.25
4145,999692.75
4146,563640.125
4147,602781.0
4148,711362.1875
4149,751799.4375
4150,471563.53125
4151,563511.0625
4152,518759.625
4153,692781.5625
4154,588207.9375
4155,545668.6875
4156,437861.96875
4157,770360.875
4158,612449.375
4159,470673.78125
4160,821002.25
4161,615684.375
4162,777737.0
4163,615326.0
4164,628785.1875
4165,991259.0625
4166,926451.75
4167,937354.0625
4168,1165259.125
4169,2857303.5
4170,1142516.25
4171,1317203.5
4172,1169087.625
4173,1315577.0
4174,1198461.5
4175,1069455.875
4176,1165095.0
4177,764121.0625
4178,1183584.125
4179,1149307.875
4180,928533.8125
4181,893715.6875
4182,847737.0
4183,1070983.75
4184,684109.9375
4185,660589.1875
4186,731351.0625
4187,575747.125
4188,486353.96875
4189,482355.6875
4190,700957.5
4191,485312.40625
4192,573549.8125
4193,711642.5
4194,520017.375
4195,508186.46875
4196,574640.0625
4197,596514.5
4198,651731.0625
4199,994687.4375
4200,1111185.0
4201,1252961.5
4202,866302.75
4203,893659.25
4204,1097154.0
4205,838202.6875
4206,918978.6875
4207,884457.375
4208,860291.5
4209,838108.6875
4210,805826.6875
4211,1195577.5
4212,839735.625
4213,946350.6875
4214,798839.5
4215,683646.8125
4216,789624.8125
4217,699744.6875
4218,626170.5
4219,690792.0625
4220,618054.625
4221,509246.40625
4222,914943.5625
4223,597553.9375
4224,598869.0625
4225,541997.25
4226,463199.03125
4227,448954.875
4228,430014.21875
4229,536313.25
4230,431326.84375
4231,591482.875
4232,467046.15625
4233,467475.8125
4234,386339.3125
4235,572184.0625
4236,390205.34375
4237,451016.90625
4238,424428.40625
4239,452462.28125
4240,594844.75
4241,386253.3125
4242,545611.8125
4243,453501.375
4244,538988.6875
4245,497984.8125
4246,364758.71875
4247,471087.0625
4248,528204.9375
4249,369385.75
4250,865539.3125
4251,662676.375
4252,744482.875
4253,574297.4375
4254,477672.40625
4255,555048.3125
4256,613479.0
4257,762521.0
4258,732766.8125
4259,686340.4375
4260,1066038.0
4261,1322591.125
4262,885233.8125
4263,937095.4375
4264,1182546.625
4265,915854.125
4266,1193301.0
4267,864326.375
4268,847574.625
4269,1374335.75
4270,1099727.125
4271,976051.4375
4272,1112264.875
4273,976566.6875
4274,918175.8125
4275,941406.4375
4276,892492.375
4277,827444.375
4278,881389.6875
4279,689670.5
4280,776440.5
4281,726584.0
4282,772402.3125
4283,631628.5
4284,937869.125
4285,726319.5
4286,734948.4375
4287,694059.125
4288,784946.75
4289,751111.875
4290,740245.375
4291,717216.75
4292,775848.0
4293,688653.875
4294,627296.1875
4295,689276.5625
4296,563723.3125
4297,766378.1875
4298,835953.75
4299,612165.6875
4300,962373.5625
4301,642595.5625
4302,835213.375
4303,800354.125
4304,832535.125
4305,557527.0625
4306,658594.875
4307,727197.625
4308,563798.1875
4309,493354.75
4310,647702.4375
4311,584879.5
4312,436452.9375
4313,485093.59375
4314,714102.75
4315,483415.1875
4316,443294.6875
4317,398254.84375
4318,791100.0625
4319,400596.4375
4320,580584.75
4321,466570.90625
4322,531280.75
4323,653476.4375
4324,989350.0
4325,748384.75
4326,1049100.875
4327,630225.9375
4328,717591.9375
4329,814509.0
4330,763084.4375
4331,888665.75
4332,1429171.75
4333,657233.3125
4334,1090615.75
4335,745731.25
4336,764274.875
4337,942822.9375
4338,829077.1875
4339,812560.6875
4340,839220.5
4341,1011819.25
4342,877914.4375
4343,744752.375
4344,798760.375
4345,776244.1875
4346,707998.1875
4347,833944.1875
4348,715125.5625
4349,678831.1875
4350,717373.5625
4351,672913.0
4352,755445.125
4353,732016.8125
4354,704251.25
4355,759316.0
4356,697142.625
4357,735755.8125
4358,687681.4375
4359,701817.125
4360,742152.0625
4361,698131.5
4362,729253.5625
4363,697134.0625
4364,763303.875
4365,783490.3125
4366,781024.0
4367,508260.5
4368,702420.5
4369,620592.0
4370,507718.375
4371,1470098.375
4372,462021.28125
4373,691228.75
4374,599544.5
4375,1157058.375
4376,611401.1875
4377,724836.0
4378,454999.65625
4379,414382.75
4380,517742.5625
4381,588994.375
4382,536321.0
4383,582058.875
4384,430835.71875
4385,561673.625
4386,490031.625
4387,501931.34375
4388,404468.625
4389,453505.21875
4390,429278.625
4391,454366.3125
4392,730864.375
4393,495652.25
4394,662077.3125
4395,654117.9375
4396,685425.3125
4397,659551.5
4398,751801.625
4399,869909.5
4400,830459.375
4401,904858.8125
4402,867819.6875
4403,928513.875
4404,781895.875
4405,1162260.25
4406,793872.3125
4407,975464.5625
4408,1197655.375
4409,878657.1875
4410,919535.25
4411,969579.0625
4412,1026135.0
4413,1015929.875
4414,962058.625
4415,861378.8125
4416,984889.8125
4417,1126115.375
4418,1008603.125
4419,937514.625
4420,809540.0625
4421,764145.9375
4422,931806.6875
4423,762823.4375
4424,706535.9375
4425,678631.9375
4426,616482.6875
4427,696553.5
4428,596463.0
4429,593720.6875
4430,737447.5
4431,624002.75
4432,507188.65625
4433,469318.59375
4434,570583.5
4435,568289.0
4436,595145.6875
4437,482363.78125
4438,563981.4375
4439,569846.5
4440,511461.75
4441,538001.8125
4442,457178.625
4443,533758.75
4444,827040.125
4445,475956.4375
4446,544113.125
4447,607882.9375
4448,512338.46875
4449,689393.0625
4450,567768.6875
4451,598239.25
4452,685902.375
4453,962032.125
4454,1173454.375
4455,837440.875
4456,776932.9375
4457,723396.3125
4458,698625.9375
4459,756281.8125
4460,807649.1875
4461,610121.125
4462,856784.3125
4463,789707.75
4464,970128.125
4465,612718.25
4466,719877.5
4467,732454.125
4468,774452.0
4469,879182.5625
4470,720677.8125
4471,946999.3125
4472,727241.5
4473,1053686.375
4474,1014742.875
4475,814682.5625
4476,818842.0625
4477,707627.5625
4478,768190.625
4479,953429.1875
4480,830386.0625
4481,702246.4375
4482,700289.75
4483,1003060.625
4484,785434.5
4485,1035795.9375
4486,768686.1875
4487,695356.0
4488,741111.125
4489,764226.1875
4490,795017.125
4491,705308.8125
4492,734347.3125
4493,764164.3125
4494,656868.875
4495,668202.8125
4496,771689.0625
4497,672303.4375
4498,717067.5
4499,703098.6875
4500,675991.75
4501,752113.1875
4502,871845.3125
4503,773443.0
4504,760150.1875
4505,733964.0
4506,712784.75
4507,817181.375
4508,698874.0625
4509,744234.5625
4510,782720.8125
4511,782041.25
4512,860957.9375
4513,738686.75
4514,729771.0625
4515,749070.8125
4516,708176.0
4517,922810.5
4518,867171.5625
4519,622728.125
4520,774058.1875
4521,800554.75
4522,765520.8125
4523,876378.0
4524,689551.25
4525,876241.25
4526,758998.3125
4527,736479.75
4528,773575.875
4529,729786.0625
4530,627259.625
4531,722382.8125
4532,707788.75
4533,706694.75
4534,611463.875
4535,663384.875
4536,671312.1875
4537,666549.5625
4538,704379.0
4539,605038.375
4540,635487.5
4541,637647.75
4542,696563.5625
4543,905302.0
4544,690683.5625
4545,1093476.0
4546,915152.8125
4547,936794.5
4548,1113167.875
4549,875473.5
4550,921846.0625
4551,991831.0625
4552,943854.8125
4553,1080232.625
4554,1200605.0
4555,863026.1875
4556,1118471.0
4557,959029.25
4558,801355.0
4559,848159.125
4560,934370.75
4561,853977.625
4562,946430.125
4563,1020255.5625
4564,862456.9375
4565,853302.25
4566,743243.6875
4567,733648.3125
4568,719952.1875
4569,774000.5625
4570,696841.375
4571,673185.0625
4572,875856.4375
4573,821509.0
4574,748126.875
4575,641106.9375
4576,706762.375
4577,869613.1875
4578,798076.8125
4579,777826.1875
4580,740807.0
4581,776438.8125
4582,648962.0625
4583,802425.5
4584,707239.375
4585,853641.5
4586,830952.125
4587,674087.0625
4588,875288.1875
4589,712481.875
4590,890503.8125
4591,767309.0
4592,761117.625
4593,770156.0625
4594,684273.3125
4595,831905.875
4596,699792.8125
4597,710163.0625
4598,669616.5625
4599,681275.0
4600,731323.375
4601,782164.0625
4602,772824.3125
4603,710430.5
4604,801679.5
4605,700918.0
4606,818460.8125
4607,674952.4375
4608,750826.75
4609,740716.0
4610,784665.5625
4611,808653.1875
4612,777561.8125
4613,748238.5625
4614,811396.0625
4615,826556.75
4616,919711.125
4617,813440.4375
4618,878609.625
4619,812324.9375
4620,872499.0
4621,1022173.6875
4622,929764.8125
4623,838800.5
4624,915872.3125
4625,922376.3125
4626,903337.4375
4627,972633.1875
4628,957829.0
4629,1113681.125
4630,1223287.375
4631,1050152.375
4632,1292666.625
4633,1022503.375
4634,1084316.125
4635,980958.25
4636,1042182.6875
4637,1206664.375
4638,1015439.9375
4639,1079700.25
4640,1130773.75
4641,1082208.125
4642,1104043.75
4643,1209338.875
4644,1251761.875
4645,1359349.5
4646,1133769.125
4647,1096295.75
4648,1263324.125
4649,1109021.0
4650,1138125.0
4651,1153392.25
4652,970971.4375
4653,1041614.6875
4654,1049883.875
4655,913209.6875
4656,987577.5625
4657,870008.1875
4658,1216859.75
4659,857264.9375
4660,969737.8125
4661,803970.75
4662,808428.8125
4663,656681.6875
4664,609327.3125
4665,596843.375
4666,613783.9375
4667,516311.875
4668,500971.09375
4669,549087.625
4670,450627.25
4671,471796.09375
4672,447519.96875
4673,534618.0
4674,433835.6875
4675,481835.28125
4676,415979.6875
4677,384876.46875
4678,543964.875
4679,582783.625
4680,576199.4375
4681,494194.8125
4682,577915.3125
4683,555555.6875
4684,508657.25
4685,683793.5625
4686,545679.125
4687,521952.59375
4688,520203.15625
4689,581195.6875
4690,592201.625
4691,616708.5
4692,536828.75
4693,623498.6875
4694,482919.25
4695,326984.59375
4696,635331.0
4697,609446.1875
4698,474339.53125
4699,546015.8125
4700,460483.625
4701,473660.78125
4702,647339.0
4703,577070.3125
4704,565757.125
4705,468226.59375
4706,470463.4375
4707,469497.9375
4708,590941.5625
4709,767743.9375
4710,582696.8125
4711,554647.625
4712,685634.5625
4713,699600.375
4714,837560.6875
4715,965332.5625
4716,770669.5
4717,978927.25
4718,1444622.75
4719,1345040.5
4720,1034477.0
4721,878912.9375
4722,1294866.5
4723,1006269.8125
4724,1171262.75
4725,1019646.375
4726,999003.0
4727,953798.75
4728,900026.5
4729,959641.4375
4730,859468.5
4731,906828.6875
4732,794546.0625
4733,825682.625
4734,754654.5625
4735,723338.1875
4736,697623.0625
4737,704626.6875
4738,618053.3125
4739,599002.0625
4740,555852.0625
4741,549105.3125
4742,526313.9375
4743,532253.25
4744,553060.875
4745,568104.6875
4746,514468.96875
4747,564640.1875
4748,622150.25
4749,688852.8125
4750,685898.8125
4751,740207.0
4752,1070262.75
4753,817956.375
4754,822429.3125
4755,771981.9375
4756,769083.0625
4757,1148716.5
4758,949384.25
4759,1004809.5625
4760,868896.0
4761,885563.5
4762,1218022.375
4763,962226.8125
4764,806889.0625
4765,889018.9375
4766,737250.75
4767,868739.625
4768,762165.1875
4769,845721.9375
4770,756982.3125
4771,867017.75
4772,767743.1875
4773,759462.8125
4774,723776.0
4775,680920.625
4776,679455.5625
4777,714331.5
4778,679914.5625
4779,627797.5
4780,605475.375
4781,678205.5
4782,627540.875
4783,582816.625
4784,653457.0625
4785,628752.875
4786,622790.0625
4787,632611.8125
4788,669714.875
4789,602268.5625
4790,616071.4375
4791,587786.8125
4792,711867.0625
4793,725231.6875
4794,707337.8125
4795,865395.375
4796,792921.5
4797,751697.0
4798,1014528.9375
4799,940166.8125
4800,764783.875
4801,986535.875
4802,938581.5
4803,1227715.625
4804,1077142.5
4805,821498.8125
4806,925669.4375
4807,736591.0
4808,950868.375
4809,884104.8125
4810,1076428.75
4811,858311.75
4812,879234.875
4813,677719.1875
4814,660817.3125
4815,697272.1875
4816,689777.75
4817,701302.5625
4818,801371.5625
4819,657069.3125
4820,670950.4375
4821,775152.25
4822,693636.9375
4823,761062.625
4824,724131.375
4825,696926.4375
4826,677072.5625
4827,838594.0625
4828,840627.125
4829,898544.3125
4830,1049669.625
4831,875582.375
4832,1026698.0
4833,808421.125
4834,986644.9375
4835,990482.9375
4836,1072680.375
4837,1154732.0
4838,938941.0
4839,911834.9375
4840,955823.5
4841,908614.625
4842,894425.875
4843,840050.75
4844,1107258.25
4845,786393.75
4846,728375.5625
4847,598991.5
4848,537004.375
4849,548072.25
4850,441975.1875
4851,349354.9375
4852,354196.90625
4853,319468.21875
4854,338964.5
4855,330267.6875
4856,402321.71875
4857,515975.5
4858,423254.65625
4859,462424.125
4860,628149.1875
4861,676366.25
4862,693959.375
4863,443388.71875
4864,547624.6875
4865,460054.8125
4866,446157.96875
4867,455707.9375
4868,496953.75
4869,462533.09375
4870,469536.625
4871,508043.25
4872,478190.03125
4873,535890.9375
4874,501555.9375
4875,534906.9375
4876,465332.90625
4877,575870.25
4878,594472.6875
4879,605187.8125
4880,656057.0
4881,745600.25
4882,679059.5625
4883,682529.5625
4884,769650.4375
4885,729787.25
4886,774710.625
4887,790286.75
4888,865773.25
4889,838459.3125
4890,889732.375
4891,1017791.5
4892,816599.5625
4893,916586.3125
4894,1351334.75
4895,949059.9375
4896,702140.75
4897,859981.6875
4898,959198.5
4899,890902.5625
4900,839240.6875
4901,910643.9375
4902,850282.5625
4903,1012327.25
4904,861228.1875
4905,779724.0625
4906,843048.4375
4907,720293.5
4908,703904.5625
4909,721360.875
4910,707318.9375
4911,655351.75
4912,670774.625
4913,676601.75
4914,705051.9375
4915,619208.5625
4916,620286.1875
4917,605948.4375
4918,650696.0625
4919,668851.0625
4920,724537.5
4921,644092.1875
4922,600855.1875
4923,619867.3125
4924,655735.8125
4925,638659.25
4926,582184.0
4927,634784.9375
4928,650109.875
4929,608228.6875
4930,669076.875
4931,606544.1875
4932,635373.5625
4933,635493.0
4934,643859.8125
4935,691712.1875
4936,656895.3125
4937,595830.1875
4938,643049.5625
4939,713820.0625
4940,637117.1875
4941,618611.25
4942,628436.0625
4943,696589.5625
4944,662083.25
4945,710248.25
4946,760170.25
4947,843167.0625
4948,777176.0
4949,907421.0625
4950,886526.5
4951,855769.1875
4952,852608.1875
4953,910854.25
4954,936426.4375
4955,894020.75
4956,871367.6875
4957,1011704.375
4958,935235.75
4959,890996.875
4960,731599.3125
4961,830402.6875
4962,784669.75
4963,756275.3125
4964,822486.875
4965,675776.3125
4966,657514.4375
4967,622179.75
4968,631042.5625
4969,583033.9375
4970,587253.0625
4971,559520.75
4972,616929.75
4973,595911.5
4974,580992.625
4975,659998.75
4976,642416.625
4977,619041.0
4978,668870.8125
4979,672257.8125
4980,690771.5
4981,699145.8125
4982,702960.6875
4983,784807.5625
4984,776280.0
4985,777359.625
4986,835781.1875
4987,815197.3125
4988,738004.375
4989,750941.4375
4990,765259.3125
4991,781077.875
4992,740808.1875
4993,757495.25
4994,736555.1875
4995,722824.1875
4996,754495.4375
4997,737119.25
4998,695221.375
4999,732454.4375
5000,748027.9375
5001,769225.0
5002,738642.375
5003,815323.0625
5004,898430.8125
5005,830270.9375
5006,798363.0
5007,810906.125
5008,836786.6875
5009,898266.375
5010,910378.1875
5011,939377.875
5012,932566.8125
5013,933117.1875
5014,969376.25
5015,1060835.75
5016,1028329.9375
5017,1082279.5
5018,988115.25
5019,947146.5625
5020,1161181.125
5021,1061384.875
5022,1061051.625
5023,1052608.125
5024,1031156.1875
5025,1087445.0
5026,1058299.375
5027,1029182.75
5028,982673.3125
5029,1051035.75
5030,1009793.0
5031,1109861.25
5032,912935.3125
5033,938996.6875
5034,878308.6875
5035,862815.3125
5036,853292.5
5037,855780.1875
5038,812630.4375
5039,797623.125
5040,812598.75
5041,773228.625
5042,784315.5625
5043,762600.375
5044,789138.125
5045,809863.375
5046,744892.1875
5047,858550.0625
5048,791483.3125
5049,1143739.875
5050,846851.25
5051,834396.5
5052,935198.5
5053,969915.375
5054,1004482.0625
5055,1016852.9375
5056,1019941.9375
5057,915805.875
5058,878261.25
5059,911445.8125
5060,982208.0
5061,906147.1875
5062,997693.3125
5063,867328.4375
5064,814723.6875
5065,799202.9375
5066,776370.6875
5067,712050.875
5068,764394.5625
5069,720372.125
5070,885697.375
5071,713645.375
5072,722685.375
5073,725107.5
5074,668752.25
5075,678915.625
5076,723448.0
5077,700669.1875
5078,744534.875
5079,800193.875
5080,708139.9375
5081,653178.4375
5082,642689.0
5083,736031.5625
5084,653405.9375
5085,592028.6875
5086,609965.8125
5087,658837.6875
5088,630169.8125
5089,676272.1875
5090,506658.59375
5091,522735.5
5092,725856.0625
5093,606561.4375
5094,553842.875
5095,434144.3125
5096,499975.78125
5097,461681.65625
5098,508238.0625
5099,490007.96875
5100,685356.25
5101,477295.34375
5102,466319.21875
5103,588201.4375
5104,639033.125
5105,642719.625
5106,519263.3125
5107,745562.9375
5108,692713.4375
5109,928835.75
5110,1082764.625
5111,780285.4375
5112,797254.0
5113,903672.625
5114,1037983.625
5115,808952.6875
5116,917408.8125
5117,876271.5625
5118,843041.375
5119,746680.1875
5120,874492.8125
5121,795875.0625
5122,626872.875
5123,1047818.5625
5124,825965.5625
5125,833464.1875
5126,732689.0
5127,839084.0625
5128,886659.125
5129,909661.375
5130,754030.0
5131,774362.625
5132,777089.9375
5133,821456.6875
5134,754198.5625
5135,704425.625
5136,728521.625
5137,776169.0625
5138,718468.75
5139,729749.625
5140,697761.875
5141,717858.4375
5142,721962.6875
5143,680819.0
5144,668953.0
5145,656286.0
5146,632980.9375
5147,645210.4375
5148,674315.6875
5149,606298.0625
5150,628645.375
5151,601798.375
5152,627290.25
5153,614736.4375
5154,614785.3125
5155,640168.9375
5156,643683.3125
5157,662907.75
5158,656161.8125
5159,692936.625
5160,715115.25
5161,754127.9375
5162,753135.3125
5163,734490.3125
5164,850349.4375
5165,813355.625
5166,789523.5625
5167,811252.6875
5168,885941.0
5169,821155.8125
5170,820694.625
5171,822316.1875
5172,810993.625
5173,800518.25
5174,776193.9375
5175,799285.9375
5176,780996.4375
5177,800031.0
5178,872420.375
5179,754248.5
5180,793863.6875
5181,763949.25
5182,734610.75
5183,737298.5625
5184,770926.1875
5185,801785.375
5186,734104.0625
5187,737578.1875
5188,771230.875
5189,764735.4375
5190,788793.5625
5191,763313.6875
5192,1043559.5625
5193,799813.375
5194,856885.0
5195,795038.1875
5196,787117.5625
5197,811028.6875
5198,774937.25
5199,769515.0625
5200,812252.4375
5201,751580.3125
5202,766892.1875
5203,791376.3125
5204,719373.8125
5205,742428.8125
5206,727235.625
5207,712575.4375
5208,797896.4375
5209,686878.8125
5210,692680.125
5211,690437.4375
5212,754479.9375
5213,726345.25
5214,724816.75
5215,797680.75
5216,782442.1875
5217,750871.0
5218,650827.375
5219,806394.6875
5220,785524.1875
5221,812681.5625
5222,778170.125
5223,801818.25
5224,761414.8125
5225,801953.6875
5226,818428.9375
5227,905272.5625
5228,827606.1875
5229,784091.9375
5230,825841.1875
5231,827692.625
5232,756438.8125
5233,738983.875
5234,744595.75
5235,711572.9375
5236,732403.9375
5237,787310.4375
5238,659588.375
5239,677785.0625
5240,676114.5625
5241,637626.4375
5242,608598.0625
5243,706785.3125
5244,583973.125
5245,588456.5625
5246,700573.25
5247,584549.75
5248,583421.625
5249,614274.0625
5250,588022.375
5251,629630.375
5252,619589.625
5253,671549.3125
5254,812809.1875
5255,750652.9375
5256,766588.8125
5257,770691.5
5258,799808.8125
5259,784927.0
5260,790767.0
5261,809800.75
5262,882508.4375
5263,1193521.625
5264,871002.375
5265,719015.375
5266,881295.125
5267,1129018.375
5268,1009948.125
5269,890232.5625
5270,856471.5
5271,854200.1875
5272,909371.625
5273,855399.3125
5274,848210.8125
5275,822915.9375
5276,840819.125
5277,796397.5625
5278,671772.75
5279,741639.4375
5280,653312.8125
5281,688784.25
5282,671895.5625
5283,657186.4375
5284,697480.125
5285,627888.1875
5286,618762.125
5287,616099.375
5288,612241.5625
5289,597846.6875
5290,594072.875
5291,574327.6875
5292,548710.0625
5293,520838.5
5294,510645.65625
5295,491780.3125
5296,536417.5625
5297,480828.46875
5298,461226.625
5299,451878.84375
5300,473530.1875
5301,461181.6875
5302,467879.59375
5303,533970.9375
5304,466653.09375
5305,590981.375
5306,503145.15625
5307,596804.875
5308,564616.4375
5309,650290.625
5310,626709.6875
5311,699520.1875
5312,755114.5
5313,734371.3125
5314,770247.0
5315,821464.375
5316,796117.4375
5317,886796.0625
5318,958107.1875
5319,1011556.3125
5320,868106.25
5321,959663.0
5322,958503.5625
5323,1013576.9375
5324,1078491.625
5325,1003375.0625
5326,1122174.875
5327,1157152.625
5328,1172841.25
5329,902767.9375
5330,1020737.9375
5331,903949.375
5332,859768.9375
5333,842895.3125
5334,793022.375
5335,766646.875
5336,669718.75
5337,687649.0
5338,599873.125
5339,643787.4375
5340,534578.3125
5341,469363.28125
5342,337652.71875
5343,467874.125
5344,531373.6875
5345,412334.71875
5346,465811.71875
5347,349590.0
5348,383533.0625
5349,357061.28125
5350,421578.5625
5351,309694.75
5352,338872.1875
5353,337782.53125
5354,289733.40625
5355,530898.875
5356,488884.125
5357,554055.9375
5358,391951.5625
5359,514431.25
5360,558543.375
5361,491242.21875
5362,512308.5625
5363,560579.125
5364,478866.625
5365,699571.0
5366,475440.0
5367,550408.5625
5368,567128.8125
5369,606607.4375
5370,525108.5
5371,509243.3125
5372,710356.0625
5373,606792.0625
5374,603540.125
5375,720026.25
5376,602615.9375
5377,982081.9375
5378,766605.0625
5379,770815.4375
5380,816796.8125
5381,844171.125
5382,852049.375
5383,884920.8125
5384,970055.8125
5385,979273.5625
5386,999097.0625
5387,910274.1875
5388,1232013.625
5389,943165.5625
5390,1011648.875
5391,1032377.0625
5392,1085691.625
5393,1063220.625
5394,969022.3125
5395,949417.1875
5396,993882.3125
5397,939285.3125
5398,882163.9375
5399,862464.5625
5400,820567.625
5401,823398.1875
5402,781096.6875
5403,745875.375
5404,620607.0
5405,733249.3125
5406,728648.875
5407,558297.0625
5408,668269.8125
5409,666975.375
5410,678996.0625
5411,683661.125
5412,684693.25
5413,657529.625
5414,677982.0625
5415,731958.75
5416,670333.5625
5417,665950.3125
5418,713728.0
5419,650423.75
5420,652640.1875
5421,661902.75
5422,671832.0625
5423,646720.25
5424,632013.1875
5425,622684.6875
5426,583804.9375
5427,624562.4375
5428,630092.25
5429,625575.6875
5430,653146.125
5431,667908.8125
5432,810748.8125
5433,720782.8125
5434,713005.75
5435,722553.75
5436,703496.25
5437,720799.3125
5438,737575.875
5439,839102.875
5440,772027.375
5441,798531.75
5442,843934.0625
5443,943105.0
5444,979015.5
5445,881266.25
5446,901064.1875
5447,931133.5625
5448,920628.3125
5449,951547.75
5450,933765.0
5451,917634.8125
5452,899152.875
5453,901244.1875
5454,897373.6875
5455,856625.0
5456,912000.0
5457,811108.5625
5458,798095.8125
5459,792369.5
5460,679596.0625
5461,722906.375
5462,681054.25
5463,830499.875
5464,638832.4375
5465,434369.96875
5466,585637.875
5467,594412.8125
5468,553131.75
5469,541331.375
5470,529293.625
5471,518545.125
5472,485853.625
5473,457554.90625
5474,423264.40625
5475,429858.90625
5476,464149.21875
5477,378945.0
5478,409699.5
5479,391004.46875
5480,357151.5625
5481,465077.09375
5482,469024.25
5483,479505.0625
5484,501395.375
5485,602516.4375
5486,572142.25
5487,625250.5
5488,645578.4375
5489,815003.375
5490,784807.5625
5491,855813.5
5492,623918.75
5493,843674.1875
5494,961242.125
5495,854357.25
5496,915684.5625
5497,972229.9375
5498,1062298.625
5499,913563.8125
5500,1040305.0
5501,914013.0
5502,988209.5
5503,884227.8125
5504,872586.0625
5505,851206.0625
5506,843317.4375
5507,986995.375
5508,780628.125
5509,775275.75
5510,745357.5
5511,744765.625
5512,709650.3125
5513,698241.6875
5514,678435.25
5515,701360.3125
5516,665848.625
5517,623960.1875
5518,612706.375
5519,596738.1875
5520,649478.0
5521,607122.9375
5522,610050.5
5523,594889.375
5524,611958.8125
5525,645271.9375
5526,622352.4375
5527,640518.0
5528,668955.0625
5529,679755.0625
5530,687331.3125
5531,699459.5625
5532,705681.375
5533,731763.125
5534,721304.4375
5535,792049.9375
5536,737565.25
5537,752757.875
5538,726599.75
5539,721633.125
5540,703669.6875
5541,698573.875
5542,650753.5
5543,678766.3125
5544,641905.875
5545,610071.0625
5546,627952.9375
5547,582646.375
5548,608822.9375
5549,592498.6875
5550,596678.8125
5551,617060.625
5552,603956.625
5553,575572.6875
5554,587139.125
5555,584968.625
5556,599673.6875
5557,602033.75
5558,606363.25
5559,615332.625
5560,583819.5625
5561,575273.0625
5562,572253.8125
5563,553211.625
5564,572833.875
5565,609129.5
5566,541506.6875
5567,534802.125
5568,511047.625
5569,495719.5625
5570,494452.875
5571,509302.90625
5572,490837.46875
5573,508075.21875
5574,505419.375
5575,506338.0
5576,504954.65625
5577,576033.75
5578,538068.625
5579,549760.0
5580,577614.6875
5581,570187.3125
5582,617322.875
5583,616972.3125
5584,635779.25
5585,662228.375
5586,689520.0
5587,703261.6875
5588,700248.375
5589,752738.1875
5590,724694.1875
5591,698040.875
5592,691892.875
5593,686507.5
5594,505986.25
5595,670729.9375
5596,639025.5625
5597,599575.5
5598,570615.1875
5599,513987.875
5600,504353.03125
5601,471078.21875
5602,455468.65625
5603,433268.90625
5604,412246.5625
5605,388499.5
5606,363289.0
5607,370413.96875
5608,413226.53125
5609,417519.46875
5610,411727.90625
5611,459039.125
5612,438666.9375
5613,474483.65625
5614,496055.53125
5615,533307.6875
5616,573693.3125
5617,592466.3125
5618,603606.0625
5619,640748.9375
5620,685571.875
5621,687616.25
5622,723907.9375
5623,735312.3125
5624,765001.875
5625,787882.125
5626,841153.125
5627,835347.6875
5628,973502.3125
5629,899691.375
5630,888335.4375
5631,908546.375
5632,993393.125
5633,923245.1875
5634,1019003.375
5635,1034488.1875
5636,1099091.0
5637,1141528.0
5638,1080089.375
5639,1113730.25
5640,1173758.375
5641,1072531.625
5642,1025762.4375
5643,1059033.75
5644,1140079.625
5645,972646.6875
5646,932516.375
5647,898345.5625
5648,856556.0625
5649,867351.0
5650,795286.0
5651,759025.9375
5652,774651.8125
5653,677094.0
5654,655093.5
5655,609027.0
5656,634056.0625
5657,554860.1875
5658,520959.875
5659,542279.9375
5660,590675.9375
5661,524125.90625
5662,566732.75
5663,443504.78125
5664,487435.78125
5665,563037.25
5666,530205.125
5667,560590.75
5668,823875.9375
5669,649542.8125
5670,772258.3125
5671,676495.4375
5672,740581.25
5673,798714.6875
5674,778143.5625
5675,895854.6875
5676,853156.5
5677,915132.4375
5678,1079312.25
5679,1042278.3125
5680,966905.5
5681,929168.8125
5682,1161972.25
5683,1017711.625
5684,970110.4375
5685,992565.625
5686,982902.4375
5687,981566.0625
5688,859212.5
5689,994467.5
5690,906475.9375
5691,871754.3125
5692,976422.1875
5693,881791.0625
5694,954425.625
5695,849513.25
5696,912201.625
5697,938342.5
5698,940706.375
5699,1060431.125
5700,1008781.1875
5701,1073036.625
5702,1051599.5
5703,1144141.5
5704,1031428.9375
5705,878277.9375
5706,1025367.8125
5707,1042174.125
5708,1134126.375
5709,1015674.6875
5710,944905.75
5711,1020399.5625
5712,890257.8125
5713,860611.0625
5714,827268.75
5715,823478.75
5716,784924.1875
5717,752813.0
5718,741038.125
5719,696310.0
5720,672475.1875
5721,825340.5
5722,649553.8125
5723,609160.125
5724,623876.5625
5725,614920.75
5726,606726.125
5727,581619.125
5728,579548.5
5729,496531.5625
5730,607249.375
5731,661969.1875
5732,648383.8125
5733,613779.9375
5734,636929.875
5735,634905.0
5736,464060.65625
5737,666370.625
5738,668739.875
5739,666906.1875
5740,662295.6875
5741,669810.125
5742,649108.875
5743,650278.125
5744,503473.59375
5745,653567.1875
5746,621027.3125
5747,601905.5
5748,582091.6875
5749,606345.6875
5750,569204.6875
5751,553166.9375
5752,549800.25
5753,538681.5
5754,533221.9375
5755,507894.15625
5756,509705.84375
5757,493567.03125
5758,480479.25
5759,478795.875
5760,476374.21875
5761,480518.1875
5762,477064.5625
5763,480966.125
5764,477258.34375
5765,495528.875
5766,501080.0
5767,530711.8125
5768,551207.5625
5769,525380.625
5770,506852.1875
5771,549236.375
5772,540588.1875
5773,529645.375
5774,532183.1875
5775,510738.78125
5776,493862.8125
5777,511746.15625
5778,466080.125
5779,461268.875
5780,433524.1875
5781,411505.46875
5782,378976.15625
5783,347104.8125
5784,362369.0
5785,348391.53125
5786,358365.5
5787,380299.6875
5788,392349.65625
5789,407177.4375
5790,426977.34375
5791,460007.25
5792,485234.1875
5793,507358.46875
5794,490456.15625
5795,655225.0625
5796,588566.8125
5797,620505.375
5798,656209.875
5799,701405.9375
5800,723006.0
5801,706426.75
5802,751535.0625
5803,739482.0625
5804,749874.3125
5805,760317.25
5806,770066.5
5807,702617.8125
5808,717057.4375
5809,694880.25
5810,670673.9375
5811,672001.625
5812,634034.125
5813,628896.4375
5814,591799.0625
5815,580835.625
5816,556622.625
5817,611587.625
5818,540943.4375
5819,510068.0
5820,545281.4375
5821,500933.53125
5822,566886.6875
5823,507599.75
5824,480141.9375
5825,492698.125
5826,493979.96875
5827,512891.625
5828,495333.8125
5829,505886.21875
5830,527865.1875
5831,539975.375
5832,547893.375
5833,582473.25
5834,596932.125
5835,607912.4375
5836,636362.3125
5837,696567.0
5838,752051.6875
5839,728474.3125
5840,842453.4375
5841,824807.4375
5842,795931.0
5843,927408.1875
5844,828335.75
5845,839908.8125
5846,888301.4375
5847,704696.1875
5848,860224.875
5849,964207.4375
5850,826186.0
5851,852068.6875
5852,856611.3125
5853,858733.9375
5854,956647.8125
5855,892848.125
5856,748520.8125
5857,750593.25
5858,726183.8125
5859,746705.375
5860,662292.4375
5861,553894.4375
5862,611566.625
5863,590751.1875
5864,571285.5625
5865,559961.5625
5866,551999.1875
5867,550328.5625
5868,558308.5625
5869,565223.75
5870,586230.625
5871,593824.375
5872,645301.0625
5873,640286.4375
5874,666127.875
5875,887516.3125
5876,746670.75
5877,749417.5
5878,784373.8125
5879,853557.4375
5880,890343.25
5881,814603.1875
5882,860100.375
5883,813106.625
5884,809632.5625
5885,837365.0625
5886,763277.0625
5887,767254.625
5888,694288.9375
5889,745093.0625
5890,670114.375
5891,695944.625
5892,644430.5625
5893,689747.6875
5894,617801.5625
5895,582459.8125
5896,578939.375
5897,480079.9375
5898,494100.78125
5899,502028.53125
5900,463685.71875
5901,439262.65625
5902,439386.84375
5903,339255.75
5904,359796.90625
5905,360449.21875
5906,371956.21875
5907,330169.9375
5908,282046.53125
5909,362826.65625
5910,249461.328125
5911,284183.8125
5912,288696.96875
5913,280199.5625
5914,260544.609375
5915,249630.171875
5916,294217.71875
5917,263896.125
5918,339298.46875
5919,304722.78125
5920,318514.0625
5921,391345.125
5922,409287.46875
5923,442788.71875
5924,429580.90625
5925,498541.90625
5926,462368.40625
5927,541555.625
5928,599209.75
5929,544457.8125
5930,707906.625
5931,569750.0625
5932,612597.75
5933,733369.75
5934,621038.375
5935,733846.75
5936,840852.9375
5937,714462.5625
5938,659298.4375
5939,669766.5
5940,607999.0625
5941,761211.8125
5942,674078.8125
5943,822137.8125
5944,596176.5625
5945,612367.0
5946,617006.0625
5947,622505.375
5948,622303.5
5949,553619.9375
5950,536363.8125
5951,535398.5625
5952,517184.46875
5953,480119.3125
5954,433794.4375
5955,454518.15625
5956,366533.71875
5957,342896.125
5958,254180.65625
5959,285324.96875
5960,265006.25
5961,257616.234375
5962,262797.09375
5963,318620.15625
5964,279984.65625
5965,299094.15625
5966,263080.71875
5967,300811.40625
5968,323552.40625
5969,339289.375
5970,365014.5625
5971,366908.1875
5972,370913.5625
5973,441659.03125
5974,574330.3125
5975,490232.5625
5976,431542.3125
5977,443579.34375
5978,440007.75
5979,443078.5625
5980,429897.375
5981,427509.125
5982,437768.09375
5983,440314.59375
5984,455743.0
5985,471262.34375
5986,484949.0625
5987,463922.53125
5988,411048.0
5989,429019.25
5990,416312.46875
5991,459211.03125
5992,444410.78125
5993,425860.3125
5994,462799.84375
5995,428749.90625
5996,438287.75
5997,442442.40625
5998,442612.90625
5999,450666.5
6000,474362.1875
6001,466128.8125
6002,457034.90625
6003,497187.5625
6004,473668.90625
6005,462108.09375
6006,486577.53125
6007,468114.46875
6008,486248.0
6009,460942.25
6010,455919.15625
6011,445634.53125
6012,446455.21875
6013,441377.0
6014,519673.25
6015,433185.78125
6016,427434.8125
6017,418194.78125
6018,418469.46875
6019,376836.375
6020,414960.78125
6021,412321.71875
6022,425980.1875
6023,428753.84375
6024,424637.46875
6025,403333.90625
6026,411924.5625
6027,369476.1875
6028,404723.875
6029,401135.9375
6030,423065.0625
6031,423987.90625
6032,421074.84375
6033,421276.53125
6034,414510.34375
6035,448721.5625
6036,484051.25
6037,451391.40625
6038,445158.28125
6039,465750.875
6040,470781.96875
6041,486722.8125
6042,494563.09375
6043,506625.5
6044,526441.25
6045,520841.8125
6046,625485.6875
6047,573754.0
6048,597854.6875
6049,608164.375
6050,638791.9375
6051,656779.75
6052,681938.375
6053,664531.4375
6054,673195.625
6055,680042.4375
6056,677719.875
6057,659232.0625
6058,659125.3125
6059,704585.625
6060,656397.875
6061,657178.0
6062,609420.5625
6063,590085.25
6064,592863.0
6065,574172.625
6066,566055.5625
6067,583464.375
6068,541720.375
6069,534021.875
6070,522607.625
6071,517594.34375
6072,577208.5625
6073,537375.0
6074,475705.9375
6075,497631.09375
6076,497583.625
6077,521696.34375
6078,509568.90625
6079,517779.40625
6080,550128.125
6081,548868.6875
6082,464447.25
6083,764828.5
6084,573752.625
6085,608940.25
6086,617204.625
6087,622629.6875
6088,630518.5
6089,610962.875
6090,603714.375
6091,595071.9375
6092,494161.53125
6093,578552.6875
6094,589121.5625
6095,565588.9375
6096,571428.8125
6097,567236.625
6098,552878.8125
6099,532006.0625
6100,428545.40625
6101,496297.15625
6102,498702.21875
6103,512304.3125
6104,485982.71875
6105,481335.84375
6106,485234.21875
6107,491698.75
6108,490152.71875
6109,486043.125
6110,480378.53125
6111,496001.40625
6112,481141.03125
6113,478971.21875
6114,481378.28125
6115,586116.5
6116,480896.1875
6117,499511.90625
6118,483738.65625
6119,485093.90625
6120,573644.3125
6121,567917.4375
6122,484263.8125
6123,480343.65625
6124,480480.34375
6125,468768.0
6126,477681.0
6127,478535.0625
6128,462245.34375
6129,461325.53125
6130,462985.90625
6131,468837.15625
6132,492152.5625
6133,479963.375
6134,492248.75
6135,506120.4375
6136,521520.03125
6137,700638.0
6138,574254.0
6139,582019.0
6140,637706.5
6141,576408.5625
6142,686007.9375
6143,708170.5625
6144,778760.9375
6145,754698.6875
6146,804917.875
6147,832577.75
6148,826248.5
6149,831661.5
6150,801163.625
6151,805691.125
6152,753304.875
6153,720155.625
6154,698352.5
6155,506918.15625
6156,654377.0625
6157,635370.625
6158,576670.0
6159,555768.4375
6160,563325.375
6161,527228.6875
6162,497634.4375
6163,488883.78125
6164,473274.8125
6165,479345.59375
6166,441268.375
6167,453195.9375
6168,459448.03125
6169,458159.03125
6170,458172.3125
6171,465141.84375
6172,479047.53125
6173,492457.90625
6174,503492.71875
6175,527782.1875
6176,520864.21875
6177,522943.875
6178,538891.25
6179,594500.125
6180,568435.9375
6181,586537.9375
6182,643608.0
6183,625381.8125
6184,643291.5
6185,655688.8125
6186,677428.25
6187,681531.25
6188,725565.0
6189,723575.9375
6190,719709.125
6191,727533.125
6192,751479.5
6193,729950.8125
6194,746550.9375
6195,726975.0625
6196,734093.875
6197,717650.125
6198,700304.75
6199,682532.875
6200,675118.4375
6201,689298.875
6202,643354.8125
6203,621127.1875
6204,608455.4375
6205,596793.625
6206,640752.0625
6207,523110.46875
6208,567400.875
6209,403618.0
6210,567286.4375
6211,556841.8125
6212,550990.875
6213,565377.3125
6214,573908.5
6215,579549.0625
6216,594936.9375
6217,615480.625
6218,636418.3125
6219,666274.75
6220,699280.25
6221,728521.125
6222,745760.8125
6223,775701.375
6224,810870.625
6225,803533.0625
6226,826277.8125
6227,835889.125
6228,847202.5625
6229,961860.4375
6230,789179.25
6231,1029478.0
6232,1003995.4375
6233,973476.75
6234,987132.9375
6235,952398.75
6236,1096511.5
6237,971566.125
6238,938669.3125
6239,921078.1875
6240,951456.875
6241,910258.875
6242,955603.25
6243,898571.375
6244,894077.4375
6245,851436.4375
6246,839258.4375
6247,822695.0625
6248,830204.4375
6249,792225.0625
6250,758761.6875
6251,720437.5625
6252,636961.375
6253,689965.5
6254,667344.75
6255,644599.1875
6256,620047.25
6257,602924.75
6258,582978.0625
6259,620849.625
6260,573392.5
6261,589628.0625
6262,561006.4375
6263,560931.75
6264,559656.9375
6265,638525.5625
6266,599711.5625
6267,637769.75
6268,663157.75
6269,650962.6875
6270,609224.6875
6271,628004.8125
6272,695078.0
6273,630274.1875
6274,648875.25
6275,635088.75
6276,653678.0
6277,667118.9375
6278,685732.75
6279,662344.9375
6280,656304.1875
6281,645461.75
6282,652776.5625
6283,635643.375
6284,629919.9375
6285,640390.0625
6286,622303.0625
6287,621624.5625
6288,637175.375
6289,624427.6875
6290,601070.375
6291,612742.25
6292,620501.0625
6293,640654.6875
6294,618342.4375
6295,594559.375
6296,617079.0625
6297,608485.4375
6298,618772.3125
6299,610135.8125
6300,604119.375
6301,726653.5625
6302,606053.9375
6303,614001.25
6304,616849.875
6305,612588.0625
6306,625786.625
6307,668613.8125
6308,616920.625
6309,627811.3125
6310,625684.25
6311,631912.1875
6312,643389.375
6313,607697.125
6314,648912.1875
6315,665689.5625
6316,671963.375
6317,676175.0
6318,686378.0625
6319,703612.25
6320,973960.4375
6321,752025.125
6322,755051.375
6323,806967.125
6324,760276.4375
6325,777980.8125
6326,765446.5625
6327,767155.5
6328,795376.25
6329,785875.6875
6330,771715.8125
6331,776839.3125
6332,774719.9375
6333,820589.875
6334,759286.3125
6335,755964.75
6336,759114.9375
6337,764755.0
6338,760210.6875
6339,728631.125
6340,825760.0625
6341,726529.5
6342,734402.75
6343,723596.9375
6344,712908.3125
6345,724535.75
6346,894418.3125
6347,766869.6875
6348,683839.3125
6349,775554.0
6350,785825.5625
6351,777112.3125
6352,771522.25
6353,812571.8125
6354,806973.5
6355,794834.8125
6356,783252.625
6357,786934.0
6358,797640.1875
6359,782835.5
6360,782421.5
6361,788404.0625
6362,774129.9375
6363,753638.9375
6364,738392.875
6365,771996.125
6366,688638.0625
6367,686892.5625
6368,678221.4375
6369,638220.1875
6370,617581.5625
6371,601030.6875
6372,607322.5
6373,548531.25
6374,571749.0625
6375,525694.875
6376,486961.90625
6377,482956.59375
6378,521062.34375
6379,461463.5625
6380,475557.90625
6381,496775.65625
6382,465117.40625
6383,457822.9375
6384,604017.9375
6385,533427.0625
6386,558350.5
6387,602388.125
6388,660545.3125
6389,674672.0
6390,704105.875
6391,746729.625
6392,801765.125
6393,786364.0625
6394,835866.0625
6395,829319.8125
6396,828464.75
6397,857379.0625
6398,882285.0
6399,873986.75
6400,835812.9375
6401,862263.5
6402,791836.3125
6403,781159.5
6404,761304.8125
6405,752803.6875
6406,725906.0
6407,729559.3125
6408,697252.25
6409,662384.125
6410,667185.4375
6411,628849.0
6412,628542.625
6413,619273.625
6414,597803.0625
6415,614974.8125
6416,579602.375
6417,581052.125
6418,541829.4375
6419,584812.75
6420,540262.0625
6421,573934.8125
6422,568571.8125
6423,591779.375
6424,585660.25
6425,616501.25
6426,572612.75
6427,580044.8125
6428,580163.3125
6429,567551.0625
6430,613130.5625
6431,593341.125
6432,582912.5
6433,578638.9375
6434,576868.375
6435,565639.0625
6436,562575.1875
6437,561244.5
6438,559880.1875
6439,564229.6875
6440,570120.0
6441,558688.8125
6442,583660.9375
6443,575968.125
6444,562502.0
6445,541287.25
6446,544117.3125
6447,540528.1875
6448,541832.625
6449,533581.5625
6450,479701.0625
6451,544220.0625
6452,498829.65625
6453,501203.46875
6454,505120.34375
6455,510923.53125
6456,566464.1875
6457,525923.75
6458,558956.9375
6459,549058.125
6460,565802.625
6461,570248.9375
6462,588965.875
6463,597310.4375
6464,603188.375
6465,592498.9375
6466,598223.9375
6467,588896.875
6468,578168.4375
6469,555280.25
6470,538808.25
6471,509049.34375
6472,527345.75
6473,480805.0625
6474,447300.0
6475,425328.28125
6476,405754.65625
6477,398768.4375
6478,385559.8125
6479,378962.34375
6480,384306.28125
6481,388587.125
6482,388018.71875
6483,400954.125
6484,419783.875
6485,331844.4375
6486,418955.25
6487,467758.8125
6488,485085.125
6489,509190.8125
6490,514802.75
6491,541154.5
6492,562504.5625
6493,565391.75
6494,580402.75
6495,617690.25
6496,610136.1875
6497,621690.75
6498,676296.9375
6499,639015.75
6500,653245.0625
6501,681850.0625
6502,685978.8125
6503,710208.0
6504,701161.125
6505,735997.5
6506,625780.75
6507,741689.5
6508,770093.375
6509,779635.625
6510,795384.4375
6511,812367.8125
6512,773176.1875
6513,866352.1875
6514,849110.1875
6515,851020.5
6516,894079.4375
6517,870821.3125
6518,907082.625
6519,892639.4375
6520,894841.5625
6521,948035.0625
6522,893655.125
6523,898996.4375
6524,888704.75
6525,885089.25
6526,887903.5625
6527,830278.5
6528,829411.125
6529,808534.25
6530,758097.3125
6531,718761.8125
6532,699504.0625
6533,649888.4375
6534,677666.1875
6535,611063.3125
6536,574634.25
6537,539254.5625
6538,511910.78125
6539,467658.125
6540,460830.375
6541,406941.3125
6542,383179.5
6543,383684.375
6544,365301.4375
6545,386241.6875
6546,356776.6875
6547,394611.84375
6548,393265.53125
6549,386827.28125
6550,390226.84375
6551,407679.90625
6552,455436.1875
6553,467846.84375
6554,477133.65625
6555,509469.09375
6556,552349.1875
6557,530041.1875
6558,605949.6875
6559,633499.5
6560,678466.1875
6561,690789.3125
6562,617508.9375
6563,722298.5625
6564,749759.75
6565,745793.0625
6566,743166.875
6567,761810.375
6568,730039.5625
6569,714943.4375
6570,673497.25
6571,639760.9375
6572,607543.1875
6573,573832.8125
6574,533343.75
6575,504872.6875
6576,444876.09375
6577,396266.71875
6578,357259.3125
6579,314475.125
6580,275449.90625
6581,229863.3125
6582,209608.34375
6583,219834.46875
6584,221545.390625
6585,232770.71875
6586,240301.828125
6587,261078.71875
6588,291185.0625
6589,349320.125
6590,390867.625
6591,394753.53125
6592,412124.3125
6593,446428.875
6594,495063.375
6595,498761.59375
6596,527727.1875
6597,582237.8125
6598,566032.4375
6599,586401.1875
6600,633906.125
6601,654678.4375
6602,676919.6875
6603,689169.625
6604,846779.0625
6605,753638.375
6606,725861.625
6607,673067.125
6608,709329.375
6609,768197.25
6610,742033.25
6611,690916.0625
6612,725852.3125
6613,736259.125
6614,680235.5625
6615,687333.5625
6616,683959.1875
6617,652479.4375
6618,643193.4375
6619,613184.375
6620,610359.75
6621,598075.875
6622,637063.3125
6623,563752.75
6624,522679.71875
6625,527511.5
6626,529920.5
6627,493042.78125
6628,487747.375
6629,478661.53125
6630,475372.59375
6631,317828.40625
6632,563112.625
6633,441917.28125
6634,423367.25
6635,431288.71875
6636,406945.75
6637,423849.6875
6638,346778.9375
6639,430465.03125
6640,394364.0
6641,438307.75
6642,437290.75
6643,458086.65625
6644,439793.59375
6645,474275.3125
6646,443245.46875
6647,440915.875
6648,453891.5
6649,444790.46875
6650,466699.875
6651,455888.5
6652,546431.75
6653,467380.6875
6654,477976.3125
6655,490486.21875
6656,468366.84375
6657,501111.25
6658,473444.875
6659,482786.96875
6660,479253.53125
6661,482337.1875
6662,404632.53125
6663,468495.0
6664,479160.625
6665,476150.125
6666,461852.8125
6667,448396.71875
6668,465377.78125
6669,456747.15625
6670,436583.1875
6671,461509.40625
6672,446683.3125
6673,422316.03125
6674,433015.5625
6675,437588.46875
6676,422867.53125
6677,432755.34375
6678,439840.1875
6679,411539.25
6680,393402.46875
6681,377590.96875
6682,382673.21875
6683,376499.75
6684,374925.375
6685,357175.53125
6686,355864.25
6687,358374.1875
6688,370898.625
6689,345125.375
6690,380816.96875
6691,352586.0625
6692,355477.78125
6693,397761.75
6694,368012.375
6695,378472.6875
6696,455006.5625
6697,422282.53125
6698,419853.15625
6699,422663.09375
6700,440920.84375
6701,448403.40625
6702,466757.5
6703,469605.5
6704,497555.6875
6705,486547.71875
6706,506601.21875
6707,496838.90625
6708,506811.78125
6709,519673.25
6710,530260.375
6711,546323.875
6712,558196.875
6713,625459.25
6714,590733.3125
6715,640826.4375
6716,661937.0
6717,755573.3125
6718,710848.375
6719,705176.6875
6720,719560.6875
6721,727014.0
6722,731049.375
6723,898576.5
6724,795709.0625
6725,795464.4375
6726,775884.4375
6727,726853.5625
6728,741079.875
6729,660154.0625
6730,674403.75
6731,621113.625
6732,611028.3125
6733,671874.5
6734,893148.6875
6735,639931.875
6736,610836.6875
6737,584939.625
6738,579004.4375
6739,546664.625
6740,534010.0625
6741,560005.6875
6742,550177.625
6743,546156.4375
6744,522316.21875
6745,449646.40625
6746,530700.9375
6747,519544.65625
6748,543302.0
6749,523568.90625
6750,524559.125
6751,553077.625
6752,558919.375
6753,553704.4375
6754,576107.4375
6755,566665.0
6756,584961.125
6757,482423.78125
6758,603126.125
6759,703619.4375
6760,628832.625
6761,654405.125
6762,668678.4375
6763,661238.875
6764,688488.5
6765,673269.5625
6766,660998.6875
6767,655679.375
6768,665645.0
6769,738966.75
6770,653938.5625
6771,640818.0
6772,625348.1875
6773,632131.125
6774,698832.1875
6775,620903.8125
6776,585454.625
6777,596828.625
6778,475651.03125
6779,565234.375
6780,574661.5625
6781,582257.6875
6782,576305.75
6783,574460.375
6784,573358.625
6785,609401.5625
6786,609603.3125
6787,650956.875
6788,617855.625
6789,626821.8125
6790,643976.6875
6791,650900.125
6792,645895.8125
6793,650165.4375
6794,640913.125
6795,632392.3125
6796,621794.3125
6797,615221.75
6798,592850.75
6799,581117.0625
6800,573535.6875
6801,549681.0625
6802,531340.4375
6803,515210.875
6804,500556.9375
6805,474021.6875
6806,482924.25
6807,496793.4375
6808,434630.5625
6809,432872.78125
6810,406808.0625
6811,418938.8125
6812,408196.40625
6813,413261.34375
6814,423657.40625
6815,433080.375
6816,524401.875
6817,426781.65625
6818,460090.03125
6819,485006.75
6820,545804.3125
6821,519275.9375
6822,554799.625
6823,545321.375
6824,587997.0625
6825,606913.1875
6826,606060.625
6827,579313.1875
6828,623080.75
6829,740800.0625
6830,624938.0625
6831,727051.0
6832,777774.875
6833,773849.4375
6834,858853.0
6835,845214.0625
6836,1031106.25
6837,998267.75
6838,946864.25
6839,1179422.5
6840,992828.625
6841,971106.5
6842,970852.625
6843,1044407.5625
6844,941843.6875
6845,897240.5
6846,870883.0625
6847,790732.5
6848,772680.1875
6849,748851.75
6850,738524.9375
6851,709927.75
6852,666470.6875
6853,707914.3125
6854,653082.375
6855,654622.8125
6856,635990.875
6857,648422.0
6858,615996.4375
6859,663134.8125
6860,630741.5625
6861,654647.9375
6862,654851.5
6863,678092.75
6864,583553.125
6865,695658.625
6866,719704.6875
6867,715423.75
6868,740398.125
6869,750473.5625
6870,755835.9375
6871,792191.1875
6872,792324.4375
6873,782349.625
6874,806496.125
6875,802693.5625
6876,802790.875
6877,809591.3125
6878,814395.0
6879,819270.1875
6880,800861.4375
6881,852810.75
6882,798499.4375
6883,794284.125
6884,792877.6875
6885,777584.625
6886,761779.5625
6887,784216.875
6888,753103.6875
6889,726072.4375
6890,759703.3125
6891,683993.9375
6892,693657.5625
6893,659178.5625
6894,687919.125
6895,626466.1875
6896,622788.25
6897,615798.25
6898,640586.0
6899,602167.125
6900,598499.25
6901,605974.625
6902,631543.625
6903,707215.0
6904,606569.0
6905,616551.0
6906,603913.75
6907,638751.625
6908,597196.875
6909,592548.3125
6910,633553.4375
6911,629952.3125
6912,583810.125
6913,579963.125
6914,562928.625
6915,568979.6875
6916,557849.4375
6917,558585.8125
6918,540398.5
6919,523116.84375
6920,502014.34375
6921,503414.71875
6922,536998.625
6923,528156.875
6924,694641.8125
6925,552429.6875
6926,589829.8125
6927,569195.3125
6928,573538.25
6929,613695.375
6930,634635.0625
6931,691453.1875
6932,692216.75
6933,709589.1875
6934,720283.625
6935,754697.25
6936,788252.9375
6937,808739.1875
6938,838434.0
6939,882538.125
6940,871336.1875
6941,900756.4375
6942,835672.9375
6943,1096530.25
6944,959468.3125
6945,1070535.5
6946,1058880.25
6947,931121.0625
6948,997534.3125
6949,815251.375
6950,1097041.125
6951,998466.25
6952,926279.0
6953,953271.6875
6954,866452.6875
6955,946479.875
6956,890091.75
6957,801912.1875
6958,804678.25
6959,756252.5625
6960,734697.8125
6961,729293.875
6962,718481.6875
6963,675703.0
6964,589206.5
6965,607495.0
6966,608709.0625
6967,621485.3125
6968,527149.4375
6969,655516.1875
6970,739225.5
6971,642069.8125
6972,646561.875
6973,916315.9375
6974,696917.0
6975,719930.8125
6976,743912.5625
6977,747145.1875
6978,831721.8125
6979,759755.375
6980,800581.9375
6981,792360.875
6982,823236.75
6983,877348.6875
6984,837275.75
6985,787350.0625
6986,832679.0
6987,789463.4375
6988,922679.375
6989,795077.6875
6990,839216.0625
6991,839729.75
6992,807038.8125
6993,771558.5625
6994,735665.875
6995,715107.625
6996,696482.375
6997,695804.5625
6998,688024.0625
6999,707730.9375
7000,639288.1875
7001,617814.625
7002,621213.0
7003,584853.75
7004,524715.5625
7005,578030.5625
7006,560995.3125
7007,575417.8125
7008,564156.3125
7009,568999.4375
7010,558170.875
7011,555174.8125
7012,624307.4375
7013,603951.375
7014,619612.3125
7015,625518.8125
7016,644900.625
7017,670295.75
7018,649346.125
7019,751476.6875
7020,697415.1875
7021,698967.9375
7022,706799.0
7023,751961.8125
7024,769661.875
7025,746328.6875
7026,751902.3125
7027,745071.625
7028,774615.5
7029,731686.4375
7030,697418.5
7031,738252.5
7032,726420.75
7033,731990.625
7034,721297.4375
7035,714711.3125
7036,692808.5
7037,692962.875
7038,657637.5625
7039,617255.25
7040,606763.5
7041,518461.25
7042,608048.6875
7043,512616.125
7044,499423.78125
7045,477152.75
7046,457947.25
7047,444979.46875
7048,374243.5625
7049,403753.15625
7050,380819.875
7051,361840.75
7052,376587.375
7053,392754.03125
7054,468801.34375
7055,421140.03125
7056,468007.84375
7057,455764.0625
7058,502010.03125
7059,524836.125
7060,500694.65625
7061,563434.375
7062,700168.3125
7063,625611.0
7064,588706.125
7065,635459.25
7066,617168.75
7067,651390.625
7068,652715.5
7069,620053.25
7070,594845.25
7071,615930.875
7072,594145.5625
7073,614425.375
7074,608211.25
7075,601145.625
7076,571207.875
7077,629820.8125
7078,592206.5625
7079,562228.5
7080,575991.9375
7081,553241.4375
7082,551347.4375
7083,563831.8125
7084,536372.1875
7085,544049.5625
7086,543246.5625
7087,558012.125
7088,571175.1875
7089,552905.5625
7090,573734.3125
7091,604020.5625
7092,583949.0
7093,601282.4375
7094,608307.875
7095,613358.0
7096,661253.125
7097,625808.1875
7098,625115.875
7099,617948.875
7100,625374.8125
7101,614453.6875
7102,604234.5
7103,598279.75
7104,589344.875
7105,582936.625
7106,557576.5
7107,550609.4375
7108,532823.1875
7109,542382.3125
7110,491829.75
7111,516903.1875
7112,521710.21875
7113,508942.875
7114,513716.78125
7115,524360.0
7116,500525.53125
7117,605893.5
7118,515756.1875
7119,507370.28125
7120,540876.0
7121,504232.84375
7122,497931.90625
7123,495361.65625
7124,495240.0625
7125,491167.03125
7126,488954.375
7127,481058.25
7128,600031.6875
7129,472479.28125
7130,473560.25
7131,519599.75
7132,477618.53125
7133,473069.65625
7134,471886.125
7135,484402.25
7136,496359.0625
7137,494101.875
7138,492491.1875
7139,543370.1875
7140,498283.21875
7141,529529.25
7142,562989.5
7143,587825.5
7144,581362.5
7145,553351.3125
7146,586971.6875
7147,651503.25
7148,730265.625
7149,665326.9375
7150,560840.75
7151,694453.125
7152,621613.875
7153,737778.6875
7154,690038.4375
7155,737753.375
7156,710046.375
7157,708792.75
7158,653756.9375
7159,751312.8125
7160,846947.5
7161,701348.3125
7162,746082.4375
7163,708825.5
7164,795132.25
7165,768401.1875
7166,777308.6875
7167,754114.8125
7168,700447.3125
7169,758465.3125
7170,811867.6875
7171,715076.25
7172,826641.1875
7173,755986.5625
7174,755057.9375
7175,821618.1875
7176,846479.1875
7177,804469.5
7178,784109.5625
7179,749194.1875
7180,773145.9375
7181,785273.6875
7182,895992.5
7183,825114.3125
7184,815157.9375
7185,858876.9375
7186,873197.5625
7187,840011.6875
7188,877709.8125
7189,890434.6875
7190,856747.125
7191,876680.625
7192,784719.5625
7193,783402.5625
7194,902206.3125
7195,718860.6875
7196,777863.9375
7197,678098.8125
7198,665206.3125
7199,626978.625
7200,599347.0625
7201,569757.4375
7202,428667.5625
7203,551201.5625
7204,534201.125
7205,542270.75
7206,510307.46875
7207,474138.25
7208,467173.1875
7209,439012.9375
7210,432447.0
7211,427098.9375
7212,415261.0625
7213,408283.5
7214,402342.21875
7215,420890.40625
7216,443106.28125
7217,424765.3125
7218,460654.5625
7219,449071.40625
7220,479701.75
7221,466329.0
7222,508587.03125
7223,528735.75
7224,575647.1875
7225,592679.9375
7226,590547.6875
7227,680928.75
7228,651497.3125
7229,635631.875
7230,727484.4375
7231,663937.1875
7232,742088.25
7233,667040.125
7234,724839.125
7235,792319.5625
7236,682927.0625
7237,713037.1875
7238,716249.5
7239,746979.125
7240,743708.6875
7241,723880.5
7242,744625.3125
7243,751083.4375
7244,766488.375
7245,764645.875
7246,770582.9375
7247,835224.0
7248,901537.3125
7249,781428.125
7250,764417.1875
7251,787830.4375
7252,738024.3125
7253,753047.1875
7254,705687.0
7255,681572.9375
7256,715837.1875
7257,649796.0625
7258,624146.0
7259,614057.125
7260,624224.375
7261,547044.0
7262,532097.25
7263,560721.9375
7264,516568.34375
7265,514957.28125
7266,519052.96875
7267,508271.3125
7268,512198.875
7269,502491.25
7270,506276.34375
7271,505694.0
7272,504905.03125
7273,572313.6875
7274,560446.3125
7275,539136.875
7276,553111.375
7277,527229.75
7278,646474.4375
7279,629293.1875
7280,658723.125
7281,664139.9375
7282,706289.8125
7283,687961.625
7284,715371.5
7285,714325.75
7286,916070.0
7287,750250.0625
7288,727273.8125
7289,719652.1875
7290,719307.5
7291,766910.8125
7292,729422.5
7293,735971.125
7294,701075.9375
7295,681057.625
7296,726542.0
7297,757177.125
7298,642034.5
7299,678616.9375
7300,631830.0
7301,624530.9375
7302,627047.9375
7303,585126.5625
7304,600154.1875
7305,615207.375
7306,627596.5
7307,607413.0625
7308,614372.5
7309,617630.0625
7310,615990.125
7311,603984.3125
7312,595941.25
7313,602769.875
7314,580198.4375
7315,559931.1875
7316,567215.625
7317,576982.1875
7318,527563.125
7319,526808.0625
7320,507695.25
7321,497109.375
7322,475806.0625
7323,478165.40625
7324,466006.625
7325,453434.78125
7326,442920.59375
7327,464298.15625
7328,448902.6875
7329,452560.34375
7330,403505.28125
7331,479525.5625
7332,494806.78125
7333,502860.78125
7334,544686.1875
7335,530037.125
7336,587431.875
7337,559333.25
7338,610199.1875
7339,629488.8125
7340,633567.9375
7341,682134.0625
7342,694005.4375
7343,719766.8125
7344,781023.375
7345,776407.1875
7346,823687.9375
7347,799085.625
7348,892536.125
7349,816523.8125
7350,898278.0
7351,833993.25
7352,823021.6875
7353,849785.0
7354,827591.4375
7355,888144.625
7356,895120.25
7357,928465.375
7358,765503.375
7359,787686.75
7360,805398.75
7361,729349.0625
7362,707205.625
7363,688277.9375
7364,674150.0625
7365,636143.6875
7366,684105.0625
7367,629506.5625
7368,606574.3125
7369,619442.75
7370,608022.75
7371,576232.6875
7372,566697.1875
7373,555859.625
7374,553978.5625
7375,570710.0
7376,552776.1875
7377,548882.0625
7378,555514.4375
7379,561456.5625
7380,600826.5625
7381,578336.375
7382,583016.1875
7383,594867.8125
7384,605922.4375
7385,648455.125
7386,646113.75
7387,655794.0625
7388,679891.0625
7389,718775.3125
7390,743948.8125
7391,745276.125
7392,772913.9375
7393,790770.8125
7394,883181.375
7395,804018.875
7396,829711.125
7397,830595.5
7398,878011.125
7399,875703.375
7400,864969.6875
7401,954300.75
7402,868690.1875
7403,815266.0
7404,842935.75
7405,840762.875
7406,826568.0
7407,813706.125
7408,803576.125
7409,802697.4375
7410,752850.3125
7411,782198.5625
7412,728795.6875
7413,717672.75
7414,681234.4375
7415,668746.0625
7416,801930.0
7417,618432.5
7418,615324.4375
7419,588326.875
7420,577671.25
7421,584254.3125
7422,534711.3125
7423,519375.9375
7424,525698.0
7425,514463.71875
7426,497344.375
7427,492605.46875
7428,497479.78125
7429,495416.40625
7430,509100.09375
7431,485090.21875
7432,503875.5
7433,505370.5625
7434,502981.25
7435,534809.1875
7436,536578.3125
7437,560407.25
7438,555350.3125
7439,577628.875
7440,576367.3125
7441,647770.0
7442,600099.6875
7443,615887.125
7444,592447.625
7445,719231.8125
7446,660079.125
7447,676133.5625
7448,640240.25
7449,631049.8125
7450,525435.8125
7451,626389.875
7452,619665.5625
7453,632430.1875
7454,691626.125
7455,600430.0625
7456,583641.625
7457,580687.6875
7458,536993.75
7459,574317.0625
7460,554726.125
7461,525753.6875
7462,547280.9375
7463,537350.0
7464,523894.09375
7465,511506.15625
7466,511751.6875
7467,520556.96875
7468,507865.5625
7469,494833.0
7470,529330.25
7471,477657.46875
7472,494739.25
7473,466186.8125
7474,477479.09375
7475,460237.9375
7476,456591.625
7477,454463.875
7478,455777.5625
7479,448097.3125
7480,465489.78125
7481,443912.8125
7482,447950.875
7483,453827.46875
7484,470904.9375
7485,444052.0
7486,460381.21875
7487,486825.03125
7488,451807.40625
7489,446815.9375
7490,448653.28125
7491,462661.5
7492,453653.9375
7493,460537.375
7494,458304.71875
7495,479416.40625
7496,456074.84375
7497,468703.6875
7498,459857.71875
7499,460109.5625
7500,469832.09375
7501,453322.59375
7502,460614.875
7503,474133.90625
7504,568586.375
7505,462881.1875
7506,455075.09375
7507,457087.84375
7508,478656.75
7509,456725.34375
7510,445198.9375
7511,496766.875
7512,461289.6875
7513,463138.21875
7514,467712.09375
7515,479258.15625
7516,473475.96875
7517,476740.34375
7518,502984.40625
7519,489913.375
7520,503650.375
7521,506098.9375
7522,516588.9375
7523,541310.1875
7524,533125.5
7525,551890.5
7526,599792.9375
7527,571904.9375
7528,582614.9375
7529,604067.75
7530,593028.625
7531,594227.25
7532,621343.0625
7533,617553.75
7534,643212.1875
7535,614372.5
7536,567632.0625
7537,657866.75
7538,644771.1875
7539,618321.0
7540,619855.625
7541,627036.6875
7542,597051.0
7543,602984.625
7544,646053.3125
7545,617825.0625
7546,627792.625
7547,587914.6875
7548,602275.5
7549,622470.625
7550,599164.6875
7551,604088.9375
7552,620709.4375
7553,648777.4375
7554,675363.3125
7555,674371.125
7556,691012.0625
7557,726561.125
7558,767883.0
7559,787710.1875
7560,730027.625
7561,860997.5
7562,884226.1875
7563,897752.9375
7564,853835.9375
7565,982576.375
7566,992126.5625
7567,996001.6875
7568,965520.75
7569,1037959.625
7570,973564.75
7571,950194.75
7572,914596.75
7573,890879.25
7574,872978.0625
7575,874012.4375
7576,811350.25
7577,818297.875
7578,777743.5625
7579,711104.5625
7580,760367.75
7581,735508.75
7582,836512.25
7583,730040.125
7584,701082.125
7585,723741.5625
7586,545315.875
7587,704714.625
7588,692674.3125
7589,706720.1875
7590,714154.6875
7591,810760.0625
7592,718838.9375
7593,885309.375
7594,755798.8125
7595,754945.1875
7596,750212.75
7597,759649.875
7598,759087.375
7599,787267.1875
7600,786696.8125
7601,827850.25
7602,803608.875
7603,779169.875
7604,776332.625
7605,784682.125
7606,759671.625
7607,755714.125
7608,742925.3125
7609,735172.75
7610,714630.1875
7611,659127.1875
7612,699822.5
7613,673944.8125
7614,674915.0
7615,648550.3125
7616,669769.0625
7617,635841.4375
7618,626743.5625
7619,617691.1875
7620,614358.3125
7621,652309.625
7622,651188.9375
7623,635292.75
7624,600446.4375
7625,667396.3125
7626,681519.1875
7627,706864.8125
7628,667806.8125
7629,720085.25
7630,651714.75
7631,637985.8125
7632,626038.8125
7633,643524.25
7634,661883.5
7635,743913.125
7636,539791.625
7637,511134.9375
7638,474847.625
7639,439941.125
7640,415180.21875
7641,389549.375
7642,394103.03125
7643,396221.625
7644,441701.34375
7645,424769.03125
7646,447810.65625
7647,446922.15625
7648,476103.0
7649,510732.125
7650,612862.125
7651,545390.75
7652,554174.0625
7653,565447.0625
7654,576147.0
7655,582063.4375
7656,577024.0
7657,586429.0625
7658,577365.25
7659,584220.625
7660,564209.875
7661,577274.5
7662,551304.125
7663,525944.0625
7664,521462.125
7665,499170.09375
7666,491019.875
7667,469000.4375
7668,453723.46875
7669,440872.28125
7670,441995.59375
7671,383305.3125
7672,438389.4375
7673,379732.625
7674,367361.75
7675,373482.625
7676,349270.40625
7677,365893.6875
7678,354350.46875
7679,343888.8125
7680,352023.71875
7681,364295.9375
7682,379348.28125
7683,405996.59375
7684,405554.8125
7685,437127.03125
7686,444526.21875
7687,470815.8125
7688,494939.6875
7689,515763.78125
7690,490035.53125
7691,554488.125
7692,486135.1875
7693,406335.1875
7694,487499.5625
7695,474611.78125
7696,469655.78125
7697,458960.375
7698,443855.59375
7699,443975.28125
7700,406766.5
7701,385764.9375
7702,393993.0
7703,361263.34375
7704,356916.78125
7705,351368.3125
7706,343029.53125
7707,324040.28125
7708,349134.6875
7709,335708.78125
7710,338730.40625
7711,417768.4375
7712,366915.71875
7713,360230.53125
7714,371598.59375
7715,386221.53125
7716,397031.3125
7717,397645.0625
7718,422598.59375
7719,443197.59375
7720,443909.09375
7721,451102.875
7722,444036.125
7723,445121.9375
7724,449591.65625
7725,461116.21875
7726,460884.53125
7727,363746.21875
7728,445303.8125
7729,460743.75
7730,370996.71875
7731,436074.125
7732,437099.625
7733,445721.5
7734,444485.25
7735,444047.375
7736,447543.875
7737,453575.28125
7738,457399.1875
7739,425330.46875
7740,475193.21875
7741,481778.1875
7742,513129.34375
7743,502420.96875
7744,517748.90625
7745,524991.125
7746,522170.46875
7747,532492.625
7748,537720.5
7749,554091.9375
7750,681972.375
7751,569806.125
7752,568062.125
7753,575236.875
7754,598732.8125
7755,571250.0
7756,584371.375
7757,760084.75
7758,615724.9375
7759,592434.6875
7760,603809.3125
7761,585253.125
7762,570651.375
7763,549939.125
7764,547926.5
7765,533132.3125
7766,526435.9375
7767,503127.875
7768,594006.75
7769,487203.15625
7770,485010.59375
7771,494822.53125
7772,465637.8125
7773,436698.96875
7774,442650.46875
7775,418973.0
7776,417337.875
7777,434220.5
7778,410565.84375
7779,450303.53125
7780,428326.46875
7781,412870.375
7782,412279.09375
7783,404451.8125
7784,380790.71875
7785,416636.125
7786,414828.65625
7787,399160.53125
7788,428750.75
7789,428294.0625
7790,430518.625
7791,426191.625
7792,401115.71875
7793,443791.84375
7794,448636.15625
7795,409263.3125
7796,442380.78125
7797,440514.6875
7798,435114.90625
7799,426918.71875
7800,474379.8125
7801,449608.59375
7802,494351.84375
7803,528281.875
7804,480552.6875
7805,520315.78125
7806,471378.28125
7807,475479.59375
7808,470334.15625
7809,494617.59375
7810,481586.59375
7811,451062.84375
7812,470494.21875
7813,439566.78125
7814,444616.5
7815,438774.6875
7816,410415.375
7817,381613.84375
7818,421775.0625
7819,441270.28125
7820,419764.9375
7821,393165.4375
7822,393297.5625
7823,394354.5625
7824,403982.375
7825,430855.75
7826,452832.59375
7827,467000.96875
7828,485089.1875
7829,479366.8125
7830,549755.125
7831,595624.4375
7832,528966.9375
7833,496402.9375
7834,611039.375
7835,700196.0
7836,602235.625
7837,695621.3125
7838,615512.75
7839,764599.5625
7840,664319.625
7841,673489.9375
7842,565338.8125
7843,575485.5625
7844,491309.21875
7845,498088.84375
7846,468820.9375
7847,535104.25
7848,467830.59375
7849,557325.625
7850,496799.6875
7851,491628.75
7852,443581.46875
7853,464548.9375
7854,375810.375
7855,459282.875
7856,418319.46875
7857,396855.21875
7858,457591.25
7859,384427.75
7860,287035.46875
7861,317002.71875
7862,283516.15625
7863,265390.4375
7864,371108.625
7865,309064.4375
7866,299556.75
7867,322688.25
7868,260012.875
7869,270056.0625
7870,265410.78125
7871,246107.6875
7872,259663.25
7873,291075.65625
7874,265972.28125
7875,289336.1875
7876,272230.15625
7877,301811.78125
7878,333082.875
7879,319513.6875
7880,320394.75
7881,321761.15625
7882,366348.03125
7883,384690.34375
7884,407011.28125
7885,426081.96875
7886,471452.25
7887,493164.0
7888,466388.9375
7889,507767.875
7890,498057.59375
7891,564313.4375
7892,511999.34375
7893,635918.125
7894,522550.65625
7895,593408.3125
7896,482437.8125
7897,556831.4375
7898,473956.0625
7899,470644.59375
7900,455962.53125
7901,452623.03125
7902,439989.125
7903,516020.8125
7904,413445.0625
7905,494759.28125
7906,434689.3125
7907,392589.96875
7908,409153.84375
7909,527050.4375
7910,420195.0
7911,471621.3125
7912,496951.3125
7913,491215.0
7914,452393.21875
7915,522741.375
7916,508171.78125
7917,477182.28125
7918,495759.53125
7919,507796.78125
7920,447038.84375
7921,438433.0
7922,466565.5625
7923,476419.375
7924,409631.71875
7925,408780.90625
7926,388309.78125
7927,383054.9375
7928,372797.4375
7929,340177.1875
7930,371276.8125
7931,367777.96875
7932,368452.8125
7933,391533.3125
7934,370339.6875
7935,381949.59375
7936,376843.96875
7937,384959.625
7938,384335.0
7939,388047.875
7940,402390.21875
7941,384233.8125
7942,401973.28125
7943,390089.6875
7944,393659.46875
7945,399940.25
7946,414671.25
7947,492847.3125
7948,394857.5625
7949,407474.96875
7950,402095.125
7951,439915.34375
7952,425243.75
7953,411039.25
7954,427017.84375
7955,453860.09375
7956,433104.59375
7957,470128.46875
7958,462013.5625
7959,463057.5
7960,462166.1875
7961,470155.03125
7962,484553.6875
7963,531259.4375
7964,493675.0625
7965,508391.0
7966,415759.4375
7967,548929.25
7968,533993.8125
7969,551970.75
7970,546115.125
7971,547050.1875
7972,573446.875
7973,559813.5
7974,560931.1875
7975,540845.25
7976,567096.5
7977,548671.4375
7978,541847.4375
7979,545045.75
7980,517586.40625
7981,518134.90625
7982,490975.34375
7983,478300.90625
7984,452352.875
7985,445590.875
7986,426948.53125
7987,410261.9375
7988,413629.8125
7989,439872.4375
7990,385023.8125
7991,392140.65625
7992,443592.71875
7993,331333.0625
7994,395253.34375
7995,402475.84375
7996,399557.71875
7997,420455.65625
7998,465256.25
7999,445567.21875
8000,463250.15625
8001,474253.78125
8002,514797.9375
8003,512147.46875
8004,524588.875
8005,557352.125
8006,596250.6875
8007,558042.625
8008,560549.0
8009,568136.75
8010,608050.6875
8011,553953.4375
8012,553709.0
8013,574274.5
8014,546047.625
8015,550672.375
8016,536788.25
8017,530746.125
8018,519751.46875
8019,519532.5
8020,526467.625
8021,513184.75
8022,476096.375
8023,494157.90625
8024,444096.6875
8025,435784.3125
8026,436574.53125
8027,418116.0
8028,430689.90625
8029,412203.21875
8030,420027.75
8031,411187.65625
8032,440366.65625
8033,448956.3125
8034,431826.0
8035,441207.4375
8036,472252.0625
8037,459373.21875
8038,462645.65625
8039,485128.375
8040,477559.0
8041,422876.15625
8042,497497.40625
8043,471653.0
8044,496236.96875
8045,506762.71875
8046,494090.53125
8047,495194.1875
8048,500548.15625
8049,504054.65625
8050,498135.71875
8051,521583.75
8052,509668.1875
8053,508596.75
8054,507102.59375
8055,508116.46875
8056,510788.34375
8057,544985.5625
8058,518463.5625
8059,519641.125
8060,523080.8125
8061,529586.125
8062,664457.75
8063,533216.6875
8064,535285.4375
8065,477183.84375
8066,557713.5625
8067,536632.0
8068,524207.03125
8069,519160.375
8070,545926.1875
8071,518584.8125
8072,515816.90625
8073,521835.96875
8074,501473.5
8075,503035.03125
8076,497656.0625
8077,491912.1875
8078,480674.53125
8079,470318.78125
8080,464224.09375
8081,462918.78125
8082,450312.25
8083,437746.375
8084,467617.09375
8085,505697.34375
8086,420997.0
8087,427261.78125
8088,426123.8125
8089,437771.96875
8090,434537.375
8091,409912.40625
8092,385341.09375
8093,398955.875
8094,384418.96875
8095,384555.34375
8096,390246.90625
8097,398480.59375
8098,394364.96875
8099,403452.6875
8100,406271.5625
8101,418585.71875
8102,466245.75
8103,447967.75
8104,430769.0
8105,441528.125
8106,510281.25
8107,467549.5
8108,391336.78125
8109,467110.96875
8110,458470.0625
8111,455649.84375
8112,454475.96875
8113,459283.6875
8114,472969.59375
8115,456747.625
8116,507821.28125
8117,456113.34375
8118,451784.40625
8119,466153.21875
8120,460069.34375
8121,471376.34375
8122,476749.9375
8123,482736.96875
8124,497667.40625
8125,524331.0625
8126,504890.6875
8127,502292.625
8128,510701.75
8129,524787.4375
8130,522944.625
8131,521887.4375
8132,527481.875
8133,564035.25
8134,534354.125
8135,549066.875
8136,542194.75
8137,547070.25
8138,642553.1875
8139,523714.1875
8140,551627.0
8141,519827.59375
8142,499196.5625
8143,491970.15625
8144,488417.0
8145,365501.28125
8146,448535.65625
8147,439699.1875
8148,426496.09375
8149,421984.71875
8150,410372.5
8151,420726.9375
8152,392004.0
8153,388875.53125
8154,379483.59375
8155,376585.46875
8156,376998.03125
8157,373882.875
8158,472360.59375
8159,402579.15625
8160,405053.6875
8161,398466.9375
8162,404148.84375
8163,410383.375
8164,435209.71875
8165,434198.21875
8166,443356.34375
8167,466943.78125
8168,471230.0625
8169,492450.4375
8170,655019.1875
8171,505565.59375
8172,529842.5
8173,389670.25
8174,547557.5625
8175,577926.875
8176,564175.125
8177,576765.625
8178,602685.625
8179,616047.625
8180,678603.1875
8181,659084.125
8182,614862.125
8183,527676.375
8184,639733.0625
8185,624121.75
8186,619162.375
8187,616445.75
8188,626736.9375
8189,636286.5625
8190,612460.25
8191,612790.9375
8192,637118.75
8193,590557.8125
8194,555555.125
8195,552749.125
8196,537790.9375
8197,473836.96875
8198,521148.9375
8199,511068.34375
8200,498812.0
8201,498404.34375
8202,504467.6875
8203,483777.625
8204,487652.90625
8205,486649.5625
8206,475898.15625
8207,432319.34375
8208,486397.46875
8209,483044.15625
8210,484623.28125
8211,452038.1875
8212,488928.25
8213,486370.28125
8214,476751.5
8215,485238.4375
8216,476521.0625
8217,527525.875
8218,502846.9375
8219,474125.375
8220,470951.125
8221,466255.59375
8222,460401.03125
8223,462314.5
8224,448388.21875
8225,436158.8125
8226,402500.84375
8227,428272.0
8228,415453.875
8229,403402.03125
8230,401329.8125
8231,397658.59375
8232,387130.6875
8233,408689.1875
8234,389318.6875
8235,407022.09375
8236,390253.8125
8237,395433.5625
8238,400827.625
8239,400782.6875
8240,404279.6875
8241,415025.8125
8242,441036.71875
8243,424295.65625
8244,410481.21875
8245,426049.1875
8246,422244.8125
8247,443393.21875
8248,379787.1875
8249,428540.46875
8250,455844.625
8251,430965.6875
8252,433870.75
8253,436778.4375
8254,469475.8125
8255,360597.75
8256,434404.375
8257,433908.28125
8258,454237.96875
8259,461784.40625
8260,444129.28125
8261,489078.625
8262,453034.625
8263,454221.75
8264,475867.46875
8265,460133.28125
8266,441315.40625
8267,439772.46875
8268,481454.09375
8269,430866.34375
8270,428770.75
8271,413368.6875
8272,409696.28125
8273,403281.125
8274,421217.59375
8275,408432.21875
8276,436224.28125
8277,399371.3125
8278,427296.1875
8279,409718.125
8280,465756.9375
8281,582995.5
8282,471742.03125
8283,708409.875
8284,556958.625
8285,691411.375
8286,646427.9375
8287,673989.0
8288,811940.8125
8289,577652.25
8290,668974.125
8291,866715.5625
8292,761195.25
8293,668635.25
8294,822625.1875
8295,727393.1875
8296,751682.75
8297,868386.3125
8298,727372.9375
8299,776079.125
8300,816218.375
8301,734509.375
8302,612004.4375
8303,654383.75
8304,595925.875
8305,652410.1875
8306,597897.125
8307,620285.0625
8308,576191.5
8309,553873.125
8310,532585.5625
8311,524963.75
8312,449542.28125
8313,502982.5
8314,454368.59375
8315,454069.96875
8316,487956.1875
8317,449917.53125
8318,452899.9375
8319,458487.6875
8320,400538.5625
8321,427937.3125
8322,422857.28125
8323,422356.125
8324,424752.90625
8325,424905.9375
8326,453952.65625
8327,379748.6875
8328,498460.21875
8329,541137.25
8330,513716.40625
8331,564675.5
8332,592641.625
8333,641042.0625
8334,616756.0625
8335,655939.625
8336,682549.5625
8337,743311.0625
8338,724128.5625
8339,710510.3125
8340,781550.875
8341,802183.4375
8342,815857.625
8343,784766.6875
8344,842178.0
8345,821913.25
8346,817865.375
8347,850250.9375
8348,838999.125
8349,796979.0
8350,796134.6875
8351,772001.3125
8352,767961.8125
8353,742241.125
8354,733503.125
8355,709503.75
8356,700933.125
8357,682539.375
8358,668098.375
8359,647968.4375
8360,672536.3125
8361,626994.5
8362,595644.6875
8363,592902.3125
8364,601694.0
8365,600255.0
8366,568645.3125
8367,544390.875
8368,579736.25
8369,538469.125
8370,578187.6875
8371,584075.625
8372,519238.875
8373,552866.4375
8374,605949.0
8375,524997.9375
8376,508128.9375
8377,526964.375
8378,535637.125
8379,436979.75
8380,535378.875
8381,530506.9375
8382,550620.75
8383,509698.21875
8384,515200.84375
8385,498229.8125
8386,565035.0625
8387,490104.5625
8388,536501.3125
8389,502814.875
8390,510096.1875
8391,518308.125
8392,529486.5625
8393,549210.375
8394,542833.9375
8395,563462.4375
8396,557218.6875
8397,540677.4375
8398,578752.8125
8399,552176.75
8400,572782.4375
8401,578272.8125
8402,621451.0
8403,558134.1875
8404,579922.3125
8405,545583.4375
8406,561996.0
8407,551686.0
8408,513449.0
8409,536935.125
8410,507476.40625
8411,493943.4375
8412,478549.4375
8413,495777.3125
8414,479086.9375
8415,466417.15625
8416,482099.21875
8417,473837.71875
8418,446143.71875
8419,478280.71875
8420,466610.1875
8421,456482.65625
8422,486032.15625
8423,493072.84375
8424,511557.90625
8425,510633.1875
8426,538898.9375
8427,540934.125
8428,521348.625
8429,595510.875
8430,761034.0625
8431,654742.5625
8432,623107.6875
8433,604100.3125
8434,720907.4375
8435,757892.75
8436,774827.125
8437,801288.1875
8438,810062.4375
8439,818858.3125
8440,795042.875
8441,823204.75
8442,818918.75
8443,807302.375
8444,863659.75
8445,695939.8125
8446,808519.5
8447,779226.0
8448,748163.375
8449,639878.6875
8450,712365.875
8451,686833.0625
8452,673245.5625
8453,640445.1875
8454,623275.125
8455,600415.9375
8456,678427.0
8457,538508.5625
8458,538392.5
8459,507473.28125
8460,500064.09375
8461,457054.21875
8462,504342.25
8463,508536.375
8464,522538.125
8465,542541.0625
8466,591064.875
8467,598182.5
8468,659420.5625
8469,634477.9375
8470,677448.0625
8471,772374.1875
8472,707250.75
8473,704454.4375
8474,665954.9375
8475,709806.375
8476,731146.875
8477,648631.5
8478,629011.4375
8479,595552.75
8480,664917.4375
8481,639435.875
8482,656042.0
8483,620504.875
8484,590717.6875
8485,547735.5625
8486,566688.125
8487,573398.75
8488,581222.1875
8489,587543.6875
8490,524146.78125
8491,508243.28125
8492,523804.0625
8493,551280.875
8494,492166.125
8495,479392.25
8496,474503.0
8497,446163.1875
8498,421816.71875
8499,402385.59375
8500,361208.59375
8501,337776.6875
8502,325931.4375
8503,343391.96875
8504,283510.71875
8505,289026.40625
8506,305044.75
8507,295224.59375
8508,312631.90625
8509,307785.34375
8510,344632.78125
8511,421872.09375
8512,380614.1875
8513,388072.34375
8514,366137.25
8515,401145.59375
8516,405418.625
8517,398798.90625
8518,349609.5625
8519,366242.03125
8520,361160.8125
8521,383765.09375
8522,387227.65625
8523,350802.625
8524,377997.71875
8525,417021.75
8526,380106.34375
8527,381933.53125
8528,410399.5625
8529,415130.40625
8530,427709.40625
8531,432043.53125
8532,433790.59375
8533,490501.25
8534,502215.3125
8535,465724.46875
8536,483113.375
8537,471133.9375
8538,514053.4375
8539,583240.375
8540,579035.0625
8541,594353.0
8542,654540.4375
8543,655785.375
8544,656117.9375
8545,763056.75
8546,901530.625
8547,921068.6875
8548,717368.625
8549,832140.3125
8550,869743.625
8551,834640.5625
8552,772489.375
8553,829466.3125
8554,699616.5
8555,774566.875
8556,692478.875
8557,627139.4375
8558,612949.6875
8559,519311.5625
8560,578458.5625
8561,698713.75
8562,587514.875
8563,563569.0625
8564,558688.3125
8565,416634.71875
8566,467293.90625
8567,480643.28125
8568,433769.3125
8569,435282.5
8570,426777.96875
8571,496898.59375
8572,415448.0
8573,437697.96875
8574,434744.8125
8575,449595.03125
8576,500861.96875
8577,499384.375
8578,490733.5
8579,495431.15625
8580,588324.0625
8581,495725.34375
8582,520006.59375
8583,573568.9375
8584,543398.6875
8585,543855.8125
8586,586997.4375
8587,604122.125
8588,637415.4375
8589,647668.0625
8590,678677.8125
8591,699637.375
8592,727528.4375
8593,758013.875
8594,757793.8125
8595,871913.875
8596,840051.125
8597,935910.25
8598,841861.75
8599,880592.4375
8600,806915.625
8601,797577.5625
8602,778925.625
8603,690362.4375
8604,671051.375
8605,589595.5625
8606,533456.625
8607,514642.25
8608,497311.71875
8609,493209.75
8610,494878.84375
8611,508686.4375
8612,536335.25
8613,564332.0
8614,578803.875
8615,513961.8125
8616,612475.75
8617,653109.6875
8618,636680.25
8619,653959.75
8620,636255.0
8621,635731.5
8622,731765.1875
8623,833026.9375
8624,673139.75
8625,650476.375
8626,668251.5625
8627,598026.4375
8628,630156.6875
8629,657891.5
8630,614272.5625
8631,612011.0
8632,633961.1875
8633,604087.0625
8634,637910.8125
8635,600443.4375
8636,620579.75
8637,593504.125
8638,620302.625
8639,643007.875
8640,622388.9375
8641,598170.625
8642,622113.8125
8643,596724.5
8644,612458.125
8645,592577.0625
8646,527090.0
8647,554189.4375
8648,502854.46875
8649,481004.3125
8650,464411.0
8651,416718.875
8652,358791.03125
8653,326152.375
8654,305721.96875
8655,239696.65625
8656,200755.15625
8657,193844.0625
8658,128600.0859375
8659,292052.84375
8660,132422.90625
8661,330615.90625
8662,106525.4921875
8663,341662.03125
8664,129951.015625
8665,253812.46875
8666,252469.53125
8667,227746.1875
8668,265433.3125
8669,325944.78125
8670,323681.6875
8671,308152.03125
8672,355511.84375
8673,374651.96875
8674,385200.96875
8675,386354.5625
8676,425007.375
8677,394744.25
8678,470727.15625
8679,437560.96875
8680,428019.09375
8681,586316.5625
8682,471372.875
8683,549389.3125
8684,519047.28125
8685,596897.25
8686,576063.8125
8687,633214.5625
8688,608686.3125
8689,757738.0625
8690,745335.0
8691,836196.0
8692,907392.25
8693,743414.4375
8694,721877.375
8695,623469.1875
8696,669787.0
8697,633935.3125
8698,639854.25
8699,549280.0
8700,565654.3125
8701,551867.4375
8702,529621.8125
8703,489030.625
8704,476516.0
8705,483885.4375
8706,444309.375
8707,500277.59375
8708,407939.59375
8709,361456.6875
8710,356218.0
8711,374680.9375
8712,371762.84375
8713,338786.34375
8714,338242.375
8715,334151.1875
8716,360246.4375
8717,342455.625
8718,329124.84375
8719,345827.90625
8720,376930.25
8721,359873.0625
8722,379240.78125
8723,381643.625
8724,436744.84375
8725,433634.625
8726,454416.71875
8727,480325.65625
8728,513978.875
8729,517846.90625
8730,530353.4375
8731,545604.9375
8732,566245.8125
8733,573072.75
8734,510180.0625
8735,567403.375
8736,550144.25
8737,544137.9375
8738,515812.0
8739,491294.71875
8740,465903.59375
8741,445305.78125
8742,422267.59375
8743,407244.53125
8744,388768.09375
8745,374703.625
8746,362950.0
8747,357828.78125
8748,357697.28125
8749,363406.71875
8750,352291.09375
8751,354911.09375
8752,359712.84375
8753,370611.84375
8754,380882.25
8755,415513.65625
8756,451077.625
8757,498485.5
8758,567956.5
8759,642988.6875
8760,720142.1875
8761,791349.5
8762,871970.0
8763,909810.875
8764,969239.1875
8765,1085634.25
8766,1005426.375
8767,914474.0
8768,947661.5625
8769,965682.6875
8770,890851.0
8771,940223.1875
8772,844587.75
8773,700400.1875
8774,732509.0625
8775,733112.5625
8776,611048.1875
8777,600905.625
8778,608027.375
8779,562434.5
8780,546068.375
8781,469803.75
8782,576282.0625
8783,520699.6875
8784,552859.25
8785,553377.75
8786,522128.375
8787,530837.6875
8788,516590.375
8789,495407.4375
8790,497805.8125
8791,509958.3125
8792,487372.9375
8793,486859.96875
8794,516970.75
8795,499722.09375
8796,473214.625
8797,464948.21875
8798,485730.71875
8799,501068.09375
8800,466537.84375
8801,472933.46875
8802,443695.53125
8803,444679.1875
8804,431785.25
8805,448191.625
8806,442853.09375
8807,440968.65625
8808,438738.875
8809,426940.4375
8810,422009.375
8811,408379.4375
8812,394120.9375
8813,399589.09375
8814,388287.15625
8815,383288.59375
8816,372675.0
8817,371279.84375
8818,372583.09375
8819,376743.0
8820,387237.5625
8821,404151.375
8822,424025.5
8823,437045.25
8824,472232.5
8825,479013.40625
8826,487967.15625
8827,513492.9375
8828,548096.625
8829,519107.3125
8830,551605.75
8831,553322.25
8832,566221.75
8833,586070.5
8834,514415.28125
8835,602651.8125
8836,550350.0
8837,552511.875
8838,538525.0
8839,511873.40625
8840,521862.46875
8841,495339.03125
8842,466608.8125
8843,494271.34375
8844,567068.1875
8845,469896.0625
8846,455482.6875
8847,436708.53125
8848,531228.3125
8849,423870.875
8850,400402.03125
8851,388601.4375
8852,379431.53125
8853,360662.5625
8854,365633.0
8855,364060.84375
8856,357249.125
8857,360055.875
8858,371622.4375
8859,377265.375
8860,383215.0
8861,398385.03125
8862,419369.78125
8863,444561.25
8864,452165.03125
8865,480726.4375
8866,494599.46875
8867,546185.125
8868,544197.9375
8869,560069.5
8870,571644.25
8871,585476.375
8872,589504.375
8873,595521.4375
8874,601866.5625
8875,580334.125
8876,573156.9375
8877,570111.8125
8878,546730.625
8879,541089.5
8880,529544.0
8881,529883.6875
8882,522330.8125
8883,507981.28125
8884,500484.15625
8885,491092.71875
8886,506976.8125
8887,482759.03125
8888,490637.59375
8889,499503.84375
8890,494097.1875
8891,504256.5
8892,496015.65625
8893,501617.9375
8894,493498.625
8895,506291.53125
8896,512043.625
8897,522668.46875
8898,517922.90625
8899,517665.625
8900,523683.90625
8901,526352.875
8902,544192.4375
8903,545492.5625
8904,544221.75
8905,575535.0625
8906,635621.75
8907,626997.9375
8908,669412.0
8909,692643.6875
8910,720397.3125
8911,771233.6875
8912,756736.5
8913,803556.75
8914,786742.375
8915,753170.5
8916,716133.3125
8917,749179.625
8918,685389.5
8919,666075.625
8920,705925.0
8921,678456.625
8922,622812.1875
8923,573818.0625
8924,559945.375
8925,541572.875
8926,531586.0
8927,506599.46875
8928,482731.53125
8929,467628.46875
8930,491812.78125
8931,436821.90625
8932,415314.90625
8933,386295.71875
8934,385426.78125
8935,374136.03125
8936,374517.25
8937,347197.65625
8938,353399.6875
8939,362461.90625
8940,369269.03125
8941,383233.25
8942,397579.125
8943,409343.875
8944,440431.9375
8945,435315.1875
8946,449908.875
8947,491586.40625
8948,495542.0
8949,511518.75
8950,537669.6875
8951,603626.9375
8952,608663.625
8953,666881.4375
8954,660712.5
8955,807547.9375
8956,722220.8125
8957,808799.9375
8958,807723.25
8959,787106.3125
8960,811957.375
8961,891762.0625
8962,806722.25
8963,879285.4375
8964,773788.75
8965,757544.25
8966,629038.9375
8967,810007.6875
8968,726841.3125
8969,709068.3125
8970,704840.5
8971,671524.6875
8972,682810.75
8973,665143.25
8974,649111.6875
8975,627743.125
8976,616875.3125
8977,594371.5
8978,581615.25
8979,656696.3125
8980,580092.875
8981,567937.5
8982,549058.375
8983,522474.9375
8984,516723.0625
8985,499153.3125
8986,532739.0625
8987,559330.4375
8988,495106.3125
8989,498270.71875
8990,527307.4375
8991,471914.78125
8992,461292.0
8993,483284.8125
8994,467067.1875
8995,438449.84375
8996,466530.78125
8997,498016.25
8998,479580.625
8999,465253.59375
9000,424962.8125
9001,446724.59375
9002,462478.1875
9003,426175.59375
9004,422855.59375
9005,409785.0
9006,397450.9375
9007,378284.34375
9008,402740.25
9009,345263.34375
9010,350479.53125
9011,335331.03125
9012,290362.21875
9013,354391.03125
9014,322142.3125
9015,427889.75
9016,334197.09375
9017,320411.21875
9018,339035.90625
9019,337495.6875
9020,354055.25
9021,368173.1875
9022,378299.875
9023,406553.78125
9024,403351.1875
9025,429869.0
9026,452036.4375
9027,457072.59375
9028,466145.84375
9029,470050.15625
9030,495707.75
9031,578991.1875
9032,582363.1875
9033,528121.1875
9034,597011.625
9035,555209.0625
9036,664976.0625
9037,641509.5
9038,810669.875
9039,693640.5625
9040,616418.375
9041,757444.0
9042,884396.75
9043,858373.1875
9044,919973.3125
9045,831957.1875
9046,928856.3125
9047,857458.1875
9048,1018819.6875
9049,1036121.0
9050,880659.5
9051,872874.875
9052,883033.8125
9053,912881.125
9054,891198.3125
9055,761978.25
9056,747585.0
9057,744834.5625
9058,604923.4375
9059,740885.4375
9060,673816.9375
9061,666143.625
9062,646986.8125
9063,625341.4375
9064,637503.8125
9065,608322.5
9066,602144.0625
9067,574629.4375
9068,543764.4375
9069,538705.125
9070,578275.125
9071,519341.15625
9072,555368.4375
9073,480139.875
9074,475558.15625
9075,470135.46875
9076,435630.5
9077,372449.78125
9078,388333.46875
9079,487936.125
9080,363248.5
9081,437389.09375
9082,439993.09375
9083,363729.375
9084,210202.9375
9085,245576.6875
9086,260331.609375
9087,352883.59375
9088,274847.25
9089,323010.15625
9090,278949.21875
9091,295132.4375
9092,349824.46875
9093,329806.09375
9094,356995.25
9095,370931.1875
9096,399649.59375
9097,429690.0625
9098,410348.875
9099,423709.09375
9100,504700.9375
9101,440328.6875
9102,437440.53125
9103,467395.15625
9104,460881.15625
9105,482477.03125
9106,589269.375
9107,481264.96875
9108,475171.65625
9109,454394.0625
9110,482795.75
9111,430721.34375
9112,482013.1875
9113,489781.90625
9114,483409.625
9115,498977.5
9116,538658.625
9117,493679.9375
9118,524224.125
9119,510971.8125
9120,490298.5
9121,560526.5625
9122,590597.5625
9123,540007.0625
9124,585056.125
9125,561557.1875
9126,655084.9375
9127,623746.9375
9128,611123.75
9129,600113.25
9130,568759.5
9131,530196.5625
9132,548191.125
9133,537216.1875
9134,522569.53125
9135,512540.125
9136,506771.3125
9137,514088.9375
9138,507157.0625
9139,498210.53125
9140,564571.5625
9141,493820.5
9142,499391.5625
9143,519410.0625
9144,520479.125
9145,548039.625
9146,532344.5625
9147,556050.25
9148,541018.125
9149,554172.6875
9150,568322.75
9151,579023.875
9152,593770.875
9153,717465.375
9154,596984.875
9155,588279.5
9156,592106.1875
9157,578612.1875
9158,577863.3125
9159,586331.4375
9160,448348.71875
9161,550698.625
9162,554379.5
9163,529834.125
9164,531276.3125
9165,500926.53125
9166,486348.5
9167,468107.625
9168,445804.5625
9169,474385.0
9170,410872.6875
9171,409244.53125
9172,376194.1875
9173,411871.65625
9174,353010.71875
9175,367093.59375
9176,372470.875
9177,390528.59375
9178,364797.6875
9179,330332.84375
9180,333727.125
9181,324505.15625
9182,335480.65625
9183,316223.125
9184,327237.53125
9185,355147.96875
9186,385407.6875
9187,365842.8125
9188,383067.34375
9189,388909.9375
9190,565746.0
9191,445943.25
9192,440295.125
9193,494048.0
9194,491085.46875
9195,484669.46875
9196,484368.75
9197,510536.46875
9198,513482.6875
9199,557776.4375
9200,550295.6875
9201,549380.375
9202,583848.1875
9203,534436.25
9204,581568.4375
9205,540154.8125
9206,655792.1875
9207,609361.0625
9208,588246.375
9209,661945.8125
9210,593374.1875
9211,541857.75
9212,569628.5
9213,539713.75
9214,550635.8125
9215,526210.5
9216,546704.0
9217,557590.375
9218,519911.4375
9219,522259.40625
9220,508839.75
9221,518105.875
9222,506115.1875
9223,497284.0
9224,509708.6875
9225,494962.34375
9226,493032.75
9227,493209.90625
9228,486946.53125
9229,490476.21875
9230,493358.25
9231,481148.21875
9232,487151.21875
9233,485387.4375
9234,490086.71875
9235,488839.0
9236,490134.125
9237,491414.5625
9238,493203.03125
9239,494219.4375
9240,492748.28125
9241,495194.3125
9242,499159.875
9243,496671.9375
9244,491642.6875
9245,488798.0
9246,496086.5625
9247,481840.375
9248,476401.21875
9249,466655.6875
9250,458749.25
9251,447669.5625
9252,436326.3125
9253,429426.25
9254,480925.4375
9255,393099.03125
9256,376297.1875
9257,363637.71875
9258,364244.21875
9259,333708.5625
9260,320764.1875
9261,306320.125
9262,304057.84375
9263,295898.46875
9264,294336.5625
9265,234347.8125
9266,315225.25
9267,304277.34375
9268,304406.15625
9269,305793.09375
9270,326550.9375
9271,343096.40625
9272,319035.84375
9273,365323.09375
9274,374984.75
9275,398825.34375
9276,483558.84375
9277,433736.875
9278,453954.625
9279,471253.46875
9280,508911.46875
9281,526472.0625
9282,552445.75
9283,565962.1875
9284,613114.5625
9285,583195.9375
9286,610053.0625
9287,668421.75
9288,680548.875
9289,669227.4375
9290,660970.375
9291,760539.375
9292,784136.375
9293,704564.4375
9294,686580.0625
9295,691452.1875
9296,916364.0
9297,751689.25
9298,722348.9375
9299,782922.875
9300,904533.0625
9301,710906.5625
9302,772670.3125
9303,778142.4375
9304,755234.0625
9305,774180.375
9306,805975.9375
9307,676993.0
9308,685503.5
9309,667956.1875
9310,644552.5
9311,635797.0
9312,637686.5
9313,611813.5625
9314,626801.625
9315,618044.5625
9316,621356.3125
9317,604387.9375
9318,634855.75
9319,662703.8125
9320,637711.125
9321,646260.4375
9322,641956.6875
9323,689193.5625
9324,691287.75
9325,719776.625
9326,890392.9375
9327,758542.875
9328,729371.875
9329,712108.25
9330,762515.0
9331,675467.0
9332,702405.5625
9333,760378.6875
9334,828698.5
9335,686667.4375
9336,675018.375
9337,664017.5
9338,673928.625
9339,644610.375
9340,658002.75
9341,641462.75
9342,636064.625
9343,631171.5625
9344,584127.8125
9345,544889.1875
9346,542420.875
9347,505296.78125
9348,496426.40625
9349,450525.0
9350,401410.5
9351,357437.5
9352,352434.625
9353,306985.125
9354,328173.375
9355,237123.671875
9356,306431.46875
9357,308303.75
9358,395647.21875
9359,330721.125
9360,347889.375
9361,357308.34375
9362,382090.21875
9363,441033.875
9364,444555.90625
9365,430527.65625
9366,482369.4375
9367,467094.46875
9368,486128.25
9369,499859.53125
9370,492605.3125
9371,569827.625
9372,556719.375
9373,553512.375
9374,610840.125
9375,593855.0625
9376,547518.75
9377,547877.625
9378,565615.5
9379,527894.0625
9380,523836.90625
9381,541792.5625
9382,548578.5
9383,474962.28125
9384,518162.03125
9385,485269.875
9386,500767.5
9387,487896.0625
9388,534375.8125
9389,499538.53125
9390,468541.28125
9391,488936.0
9392,494211.28125
9393,515698.53125
9394,524401.1875
9395,510273.03125
9396,561173.4375
9397,578723.875
9398,560016.5
9399,618683.9375
9400,622418.875
9401,668363.8125
9402,628094.6875
9403,673027.125
9404,674256.0625
9405,683425.5
9406,750433.0
9407,707919.4375
9408,678263.875
9409,679122.4375
9410,680152.625
9411,711529.6875
9412,699163.75
9413,585753.0
9414,645433.4375
9415,628896.0
9416,608547.6875
9417,595115.75
9418,595526.6875
9419,584091.4375
9420,566704.625
9421,553696.125
9422,564135.625
9423,541239.0
9424,546616.375
9425,521240.90625
9426,675508.0625
9427,512799.46875
9428,528762.3125
9429,508810.71875
9430,495978.4375
9431,523868.6875
9432,502464.5625
9433,535908.4375
9434,488966.09375
9435,520359.84375
9436,490184.4375
9437,503577.40625
9438,493285.625
9439,504765.03125
9440,518554.9375
9441,525041.875
9442,554160.125
9443,581566.5625
9444,582055.4375
9445,594494.375
9446,623696.0625
9447,639028.5625
9448,652645.875
9449,673480.75
9450,704031.0
9451,723224.3125
9452,736118.1875
9453,753724.375
9454,771694.5
9455,766722.8125
9456,771681.5625
9457,813903.8125
9458,806774.8125
9459,808561.6875
9460,820652.625
9461,774282.5
9462,802498.0
9463,748055.0
9464,774723.75
9465,776845.3125
9466,732859.375
9467,729474.9375
9468,703383.4375
9469,707445.6875
9470,691260.125
9471,723658.875
9472,658515.125
9473,636274.375
9474,631938.1875
9475,633134.75
9476,616630.0625
9477,604425.6875
9478,594799.5
9479,578093.8125
9480,579327.4375
9481,563081.375
9482,549745.0625
9483,548351.625
9484,545091.5625
9485,529758.125
9486,529892.0
9487,524179.1875
9488,522487.1875
9489,511656.9375
9490,516757.46875
9491,526397.25
9492,500885.84375
9493,465060.84375
9494,496286.96875
9495,483689.78125
9496,488099.125
9497,487294.09375
9498,481597.96875
9499,462999.53125
9500,467582.875
9501,399443.71875
9502,503253.4375
9503,451043.875
9504,454581.28125
9505,455280.4375
9506,464462.21875
9507,463154.90625
9508,482066.4375
9509,484567.625
9510,513312.96875
9511,490825.5
9512,506971.21875
9513,521200.9375
9514,543792.875
9515,568543.9375
9516,598054.0625
9517,630275.375
9518,629119.625
9519,661864.0
9520,588788.5
9521,705763.3125
9522,711560.6875
9523,775108.125
9524,799778.1875
9525,836768.25
9526,880885.625
9527,831583.8125
9528,842790.375
9529,860578.1875
9530,880098.4375
9531,798805.8125
9532,852004.3125
9533,789543.25
9534,750310.375
9535,777672.625
9536,785897.0625
9537,709133.25
9538,692219.75
9539,726061.5625
9540,665747.125
9541,638521.25
9542,650621.25
9543,608041.625
9544,590092.1875
9545,575169.75
9546,575309.0
9547,540325.0
9548,573904.1875
9549,543510.375
9550,522219.65625
9551,509007.3125
9552,471795.0
9553,472032.6875
9554,441424.875
9555,413574.90625
9556,388845.75
9557,372485.09375
9558,356714.15625
9559,324485.90625
9560,296759.875
9561,292628.0
9562,303977.40625
9563,273141.0
9564,283562.625
9565,280358.59375
9566,305683.46875
9567,310190.8125
9568,326489.84375
9569,346000.375
9570,368323.375
9571,377739.53125
9572,395124.78125
9573,397535.5625
9574,419656.59375
9575,442397.03125
9576,456443.40625
9577,482158.09375
9578,498895.1875
9579,496143.03125
9580,521316.0
9581,531667.75
9582,553888.3125
9583,693958.1875
9584,575544.9375
9585,614270.3125
9586,610807.75
9587,620395.875
9588,633447.9375
9589,723499.375
9590,645936.25
9591,648245.75
9592,671695.1875
9593,668595.6875
9594,707563.25
9595,641233.1875
9596,667867.4375
9597,654231.5625
9598,685331.5
9599,632426.5
9600,638752.0625
9601,637693.125
9602,620744.4375
9603,628367.0625
9604,609825.25
9605,613518.375
9606,609645.875
9607,592948.0625
9608,593671.0
9609,575415.25
9610,421475.78125
9611,583270.4375
9612,679181.5
9613,566152.375
9614,552028.9375
9615,550852.25
9616,538699.5
9617,568914.875
9618,517920.0625
9619,518091.125
9620,490614.3125
9621,474573.3125
9622,462524.1875
9623,446483.75
9624,460104.65625
9625,441102.5
9626,412200.28125
9627,392101.78125
9628,413798.5
9629,393579.28125
9630,413766.90625
9631,431152.21875
9632,406863.75
9633,423759.5625
9634,461402.34375
9635,423869.1875
9636,483422.3125
9637,459607.28125
9638,478659.5
9639,500754.6875
9640,510872.5
9641,525124.0625
9642,536271.0625
9643,529538.9375
9644,540153.5625
9645,574680.5
9646,611466.375
9647,580077.375
9648,554827.25
9649,619415.375
9650,524202.5625
9651,599729.0625
9652,608977.8125
9653,640564.625
9654,605649.0625
9655,590220.1875
9656,596673.4375
9657,606540.0625
9658,581586.3125
9659,607422.9375
9660,609020.125
9661,579651.375
9662,563187.75
9663,594023.75
9664,608388.6875
9665,572922.625
9666,576389.125
9667,524866.625
9668,673708.6875
9669,595598.3125
9670,559891.5625
9671,647872.1875
9672,587408.0
9673,577242.6875
9674,619039.25
9675,572212.8125
9676,645725.0
9677,601278.4375
9678,601044.0625
9679,623713.6875
9680,643924.375
9681,606231.625
9682,606305.875
9683,612692.1875
9684,624143.6875
9685,605460.5
9686,631537.0625
9687,593601.0625
9688,592224.8125
9689,590286.125
9690,588595.25
9691,572642.8125
9692,565587.1875
9693,658348.9375
9694,555851.125
9695,581273.5
9696,553547.625
9697,546653.0
9698,552556.9375
9699,557715.8125
9700,538116.0
9701,520566.875
9702,491891.28125
9703,510356.25
9704,525130.9375
9705,492105.0625
9706,427615.3125
9707,474548.4375
9708,510145.53125
9709,475849.375
9710,462176.90625
9711,462463.125
9712,416318.09375
9713,424239.96875
9714,402951.4375
9715,402029.65625
9716,417468.28125
9717,396172.6875
9718,342916.03125
9719,316814.375
9720,388091.71875
9721,454081.0625
9722,401196.21875
9723,400644.4375
9724,419907.09375
9725,411952.8125
9726,426782.5625
9727,461896.0
9728,520888.375
9729,444253.375
9730,495105.875
9731,480872.4375
9732,484642.09375
9733,498831.875
9734,475351.25
9735,500693.53125
9736,501033.375
9737,505722.0625
9738,512329.625
9739,595555.1875
9740,519636.6875
9741,507843.46875
9742,445034.59375
9743,522100.21875
9744,534207.625
9745,527658.0625
9746,515235.4375
9747,534294.8125
9748,515435.5625
9749,546817.6875
9750,531248.6875
9751,531808.6875
9752,531747.6875
9753,531578.75
9754,530925.8125
9755,537107.5625
9756,554821.3125
9757,549534.125
9758,556825.3125
9759,551938.8125
9760,549192.1875
9761,567383.5625
9762,647019.75
9763,583134.8125
9764,566170.6875
9765,566686.3125
9766,584752.9375
9767,635588.9375
9768,599348.1875
9769,586405.125
9770,567007.9375
9771,564666.4375
9772,622451.1875
9773,577714.4375
9774,568501.3125
9775,647565.5625
9776,562880.6875
9777,550227.6875
9778,538768.25
9779,550462.0625
9780,535081.4375
9781,533038.4375
9782,520820.03125
9783,530143.875
9784,528572.9375
9785,511281.9375
9786,504504.875
9787,520301.1875
9788,484915.125
9789,503562.53125
9790,492135.21875
9791,479541.0625
9792,489509.1875
9793,498218.1875
9794,502273.34375
9795,500950.1875
9796,478746.65625
9797,477767.0
9798,458907.84375
9799,487838.4375
9800,544374.0
9801,459763.78125
9802,457746.46875
9803,575711.5
9804,434831.15625
9805,442623.71875
9806,450502.65625
9807,458743.0625
9808,454250.3125
9809,460314.59375
9810,458775.90625
9811,473385.8125
9812,464024.03125
9813,490391.0625
9814,481847.75
9815,552087.875
9816,592843.5625
9817,512462.28125
9818,548110.9375
9819,540637.0625
9820,478393.375
9821,552686.5625
9822,575808.6875
9823,599058.375
9824,625599.375
9825,596782.5625
9826,604291.4375
9827,599925.5625
9828,609104.0
9829,604224.1875
9830,453340.5
9831,606046.625
9832,605542.375
9833,612417.1875
9834,621499.0
9835,609501.3125
9836,615785.4375
9837,611268.5625
9838,605985.875
9839,606357.25
9840,596772.75
9841,585943.25
9842,587318.375
9843,578072.75
9844,572066.375
9845,566416.0625
9846,573186.8125
9847,553138.5
9848,546901.6875
9849,558742.625
9850,508753.84375
9851,513926.71875
9852,504390.96875
9853,516357.5625
9854,493910.375
9855,498287.875
9856,485650.8125
9857,486501.125
9858,480949.53125
9859,467677.625
9860,448812.40625
9861,447618.9375
9862,449923.0625
9863,473527.53125
9864,443831.0625
9865,453858.3125
9866,445970.75
9867,389893.21875
9868,447269.28125
9869,444254.5
9870,426468.15625
9871,437208.15625
9872,386718.4375
9873,439032.0625
9874,435491.15625
9875,425689.84375
9876,409355.46875
9877,419320.5
9878,408974.84375
9879,424446.46875
9880,411941.90625
9881,414560.84375
9882,337555.9375
9883,440547.90625
9884,438610.84375
9885,455566.46875
9886,463862.40625
9887,473740.65625
9888,493140.0625
9889,493574.0625
9890,547157.5
9891,535783.5625
9892,540949.125
9893,565489.8125
9894,572152.375
9895,556531.125
9896,578063.25
9897,583688.1875
9898,578117.75
9899,604299.25
9900,579330.8125
9901,631945.0625
9902,609178.625
9903,595421.4375
9904,562449.9375
9905,578388.4375
9906,626044.5625
9907,605655.25
9908,602850.8125
9909,567808.625
9910,568227.1875
9911,584929.9375
9912,592007.0625
9913,571478.0625
9914,589971.1875
9915,539479.9375
9916,550159.3125
9917,511003.53125
9918,494678.4375
9919,508986.21875
9920,445678.0625
9921,503783.96875
9922,500584.4375
9923,426800.21875
9924,474694.375
9925,510828.9375
9926,446339.375
9927,412171.84375
9928,372809.96875
9929,358405.0
9930,339961.90625
9931,335032.46875
9932,388681.25
9933,313679.21875
9934,338547.09375
9935,335435.71875
9936,333493.3125
9937,380679.03125
9938,336262.0
9939,345086.75
9940,364122.28125
9941,360512.84375
9942,328331.28125
9943,343409.28125
9944,325465.25
9945,371381.21875
9946,417509.9375
9947,348777.0
9948,409918.5625
9949,421197.9375
9950,462457.375
9951,441147.5625
9952,441665.65625
9953,442276.03125
9954,382510.09375
9955,509600.1875
9956,523254.09375
9957,432312.40625
9958,477836.40625
9959,510144.125
9960,505891.9375
9961,509190.375
9962,531591.5625
9963,561771.625
9964,540241.4375
9965,594071.1875
9966,528578.0
9967,573323.5625
9968,542949.5625
9969,554953.4375
9970,593488.75
9971,583640.6875
9972,588486.8125
9973,522174.25
9974,534573.4375
9975,512414.25
9976,499987.0
9977,504420.875
9978,518841.1875
9979,477423.375
9980,485668.84375
9981,490490.78125
9982,486787.21875
9983,415623.34375
9984,473052.6875
9985,449640.375
9986,456622.46875
9987,459615.96875
9988,447454.375
9989,454103.09375
9990,440493.96875
9991,466218.375
9992,471924.34375
9993,466463.625
9994,490898.625
9995,469271.65625
9996,388916.6875
9997,500383.59375
9998,501117.75
9999,504117.0625
