Step,Value
0,7.404786109924316
1,4.410698890686035
2,4.901527404785156
3,0.0
4,24.79232406616211
5,7.351797580718994
6,31.91044807434082
7,34.64710235595703
8,0.0
9,0.0
10,13.657182693481445
11,42.961185455322266
12,53.23296356201172
13,30.72476577758789
14,0.0
15,17.809370040893555
16,13.770525932312012
17,14.529934883117676
18,9.891122817993164
19,10.785465240478516
20,454.331787109375
21,8.994302749633789
22,6.6005635261535645
23,6.09390115737915
24,11.856195449829102
25,7.135275363922119
26,5.294475555419922
27,8.145721435546875
28,0.0
29,0.0
30,0.0
31,0.0
32,15.845870018005371
33,16.451566696166992
34,438.44952392578125
35,0.0
36,12.091278076171875
37,10.266907691955566
38,9.408309936523438
39,17.000473022460938
40,45.681941986083984
41,42.12179183959961
42,48.75483703613281
43,17.100839614868164
44,10.6005859375
45,16.395200729370117
46,0.0
47,0.0
48,459.0739440917969
49,11.633795738220215
50,42.727474212646484
51,10.495569229125977
52,36.099159240722656
53,7.9515299797058105
54,4.523338794708252
55,8.041178703308105
56,3.6811602115631104
57,0.0
58,34.774009704589844
59,13.570204734802246
60,13.637845039367676
61,13.13382339477539
62,0.0
63,46.13981628417969
64,6.112978935241699
65,8.029152870178223
66,0.0
67,0.0
68,25.58445930480957
69,20.188236236572266
70,25.539108276367188
71,6.164754390716553
72,7.84805965423584
73,0.0
74,455.6819152832031
75,0.0
76,10.980548858642578
77,9.317105293273926
78,10.564285278320312
79,150.46009826660156
80,17.81581687927246
81,12.749591827392578
82,40.1976203918457
83,8.977065086364746
84,11.425385475158691
85,8.388348579406738
86,38.42961502075195
87,8.156059265136719
88,19.89156150817871
89,14.574771881103516
90,7.883852958679199
91,0.0
92,9.378307342529297
93,0.0
94,10.23794937133789
95,0.0
96,0.0
97,11.715692520141602
98,0.0
99,19.778011322021484
100,0.0
101,3.269953966140747
102,4.121181488037109
103,0.0
104,3.3271803855895996
105,8.710844039916992
106,0.0
107,7.9801411628723145
108,0.0
109,5.08535099029541
110,5.517448425292969
111,0.0
112,0.0
113,13.269700050354004
114,13.405340194702148
115,17.917665481567383
116,45.839778900146484
117,10.286417007446289
118,516.1973266601562
119,14.57814884185791
120,0.0
121,39.575138092041016
122,8.764934539794922
123,0.0
124,14.14018726348877
125,0.0
126,0.0
127,0.0
128,0.0
129,16.945140838623047
130,37.95261001586914
131,8.127781867980957
132,8.572331428527832
133,12.667652130126953
134,7.409383773803711
135,7.903238773345947
136,6.557318687438965
137,42.652244567871094
138,0.0
139,12.62053108215332
140,8.255509376525879
141,6.814075469970703
142,6.229214191436768
143,6.553998947143555
144,0.0
145,6.6000261306762695
146,10.944278717041016
147,0.0
148,415.3448181152344
149,2.1520092487335205
150,436.00384521484375
151,7.0101823806762695
152,5.548286437988281
153,0.0
154,20.74291229248047
155,9.474894523620605
156,52.91691207885742
157,15.422561645507812
158,13.303868293762207
159,17.1397705078125
160,7.459178447723389
161,5.8664140701293945
162,4.399818420410156
163,7.481135368347168
164,0.0
165,21.149002075195312
166,45.25881576538086
167,20.887813568115234
168,11.159628868103027
169,0.0
170,0.0
171,0.0
172,74.7823257446289
173,0.0
174,0.0
175,0.0
176,11.162297248840332
177,9.68945026397705
178,38.603023529052734
179,11.752793312072754
180,39.888267517089844
181,30.254833221435547
182,9.946605682373047
183,5.223845481872559
184,454.5443420410156
185,18.55817413330078
186,12.300406455993652
187,10.07396125793457
188,30.11381721496582
189,0.0
190,11.745842933654785
191,7.925203323364258
192,11.617209434509277
193,20.20159339904785
194,16.38541603088379
195,0.0
196,0.0
197,0.0
198,0.0
199,0.0
200,0.0
201,0.0
202,49.95183563232422
203,18.847789764404297
204,7.536075115203857
205,40.10337448120117
206,0.0
207,9.700992584228516
208,52.9496955871582
209,11.279210090637207
210,8.017698287963867
211,12.013501167297363
212,10.033897399902344
213,13.086662292480469
214,13.40340518951416
215,18.568927764892578
216,0.0
217,11.197525978088379
218,8.92331600189209
219,8.937480926513672
220,7.018277168273926
221,50.17329788208008
222,10.742405891418457
223,6.31435489654541
224,5.655698776245117
225,0.0
226,0.0
227,13.974869728088379
228,11.711420059204102
229,11.321357727050781
230,36.51991653442383
231,13.687270164489746
232,9.458477973937988
233,10.246109962463379
234,8.264731407165527
235,61.94358825683594
236,11.955780982971191
237,8.896768569946289
238,15.671491622924805
239,22.580028533935547
240,11.425750732421875
241,8.928482055664062
242,0.0
243,18.044254302978516
244,61.20812225341797
245,7.712557792663574
246,31.154115676879883
247,11.085775375366211
248,11.568512916564941
249,11.3904447555542
250,11.660317420959473
251,31.806922912597656
252,10.870353698730469
253,7.81600284576416
254,5.363563537597656
255,6.101916790008545
256,6.984012126922607
257,5.162896156311035
258,7.215287685394287
259,5.9706597328186035
260,8.521392822265625
261,8.904260635375977
262,16.462234497070312
263,12.224021911621094
264,10.783052444458008
265,10.18958854675293
266,10.257262229919434
267,7.574460506439209
268,10.857888221740723
269,13.57925796508789
270,9.49817180633545
271,11.269384384155273
272,30.14844512939453
273,0.0
274,0.0
275,14.730895042419434
276,14.151285171508789
277,14.840507507324219
278,8.273439407348633
279,8.133164405822754
280,14.63705825805664
281,16.126920700073242
282,8.711433410644531
283,9.063130378723145
284,7.081882476806641
285,6.581655502319336
286,9.782342910766602
287,8.582133293151855
288,4.828154563903809
289,1.550088882446289
290,5.175731658935547
291,4.888705253601074
292,5.061747074127197
293,9.148639678955078
294,8.521278381347656
295,6.354541778564453
296,7.892435550689697
297,6.7736310958862305
298,11.69394588470459
299,11.773221015930176
300,11.494282722473145
301,12.586760520935059
302,9.9091157913208
303,12.108614921569824
304,13.159725189208984
305,10.154178619384766
306,22.471525192260742
307,12.55810546875
308,23.817827224731445
309,27.3759822845459
310,8.660346031188965
311,17.107255935668945
312,8.107454299926758
313,7.237064838409424
314,9.217679977416992
315,9.286961555480957
316,12.215338706970215
317,10.799421310424805
318,9.926556587219238
319,11.274227142333984
320,17.620136260986328
321,23.925214767456055
322,15.134225845336914
323,16.167203903198242
324,13.901528358459473
325,13.736831665039062
326,9.902531623840332
327,9.547765731811523
328,13.906991004943848
329,10.779870986938477
330,9.06279182434082
331,7.452101230621338
332,7.4519147872924805
333,10.211668968200684
334,13.575358390808105
335,10.979641914367676
336,11.30515193939209
337,54.504459381103516
338,12.955157279968262
339,8.30474853515625
340,9.724347114562988
341,9.341774940490723
342,9.75296401977539
343,9.490463256835938
344,9.18309211730957
345,9.154589653015137
346,5.692453861236572
347,6.940786838531494
348,11.110345840454102
349,8.124396324157715
350,9.216887474060059
351,7.190228462219238
352,7.513484954833984
353,6.660662651062012
354,12.39260196685791
355,14.161995887756348
356,11.876925468444824
357,10.31213665008545
358,11.50380802154541
359,12.616157531738281
360,9.470755577087402
361,16.650699615478516
362,6.033860683441162
363,5.354584217071533
364,12.750414848327637
365,11.64889907836914
366,7.480796813964844
367,10.663372993469238
368,9.370340347290039
369,4.7079973220825195
370,7.529165267944336
371,7.7925848960876465
372,6.268120288848877
373,7.239697456359863
374,32.69965362548828
375,11.88311767578125
376,13.904009819030762
377,16.209970474243164
378,8.302143096923828
379,12.5361967086792
380,4.928799629211426
381,8.68099308013916
382,4.418811798095703
383,5.641750812530518
384,3.936690092086792
385,7.515690803527832
386,7.161156177520752
387,6.9039764404296875
388,9.884651184082031
389,8.455142974853516
390,7.3372650146484375
391,9.408259391784668
392,7.619672775268555
393,9.555514335632324
394,11.471099853515625
395,7.901003360748291
396,8.021698951721191
397,7.060937404632568
398,16.056676864624023
399,9.183995246887207
400,16.769344329833984
401,11.778548240661621
402,8.619369506835938
403,8.1642427444458
404,11.179718971252441
405,8.947460174560547
406,7.7598371505737305
407,12.817438125610352
408,10.522344589233398
409,16.778118133544922
410,12.639867782592773
411,13.277810096740723
412,8.176619529724121
413,14.376545906066895
414,7.101249694824219
415,4.205106735229492
416,5.447635650634766
417,4.24650239944458
418,9.328651428222656
419,10.210939407348633
420,9.322827339172363
421,8.49461555480957
422,9.406155586242676
423,5.402615547180176
424,5.794704914093018
425,13.151113510131836
426,7.52316427230835
427,5.028872489929199
428,11.055863380432129
429,8.280089378356934
430,8.100006103515625
431,11.559457778930664
432,8.422669410705566
433,10.479581832885742
434,10.878264427185059
435,7.786131381988525
436,5.384477138519287
437,9.274852752685547
438,11.320767402648926
439,10.219785690307617
440,7.130252838134766
441,13.873296737670898
442,15.901504516601562
443,10.009071350097656
444,10.689237594604492
445,9.919814109802246
446,9.331610679626465
447,10.64062786102295
448,10.32790470123291
449,4.629249572753906
450,8.636689186096191
451,5.926327228546143
452,8.953307151794434
453,9.103662490844727
454,6.910553455352783
455,8.228330612182617
456,5.882383823394775
457,5.016957759857178
458,6.856357097625732
459,8.975996971130371
460,8.281359672546387
461,17.878087997436523
462,18.263280868530273
463,20.2351016998291
464,20.62374496459961
465,18.647533416748047
466,18.578481674194336
467,12.737021446228027
468,11.93291187286377
469,13.98715877532959
470,11.07637882232666
471,6.252756595611572
472,9.338837623596191
473,8.00316047668457
474,6.818557262420654
475,5.620904922485352
476,9.070950508117676
477,4.2329421043396
478,6.085048198699951
479,9.562674522399902
480,14.070080757141113
481,12.862115859985352
482,11.05501651763916
483,17.929065704345703
484,16.613542556762695
485,15.577088356018066
486,14.768531799316406
487,14.706629753112793
488,11.509111404418945
489,7.8378753662109375
490,7.884865760803223
491,7.493563652038574
492,5.734528064727783
493,5.34990119934082
494,7.780056476593018
495,18.195655822753906
496,7.231321811676025
497,10.51407527923584
498,10.62968635559082
499,9.107932090759277
500,10.867364883422852
501,14.701265335083008
502,10.525774955749512
503,11.08931827545166
504,12.937114715576172
505,10.781153678894043
506,10.165480613708496
507,8.012367248535156
508,9.082322120666504
509,11.02326488494873
510,9.80467700958252
511,7.849987983703613
512,7.806375980377197
513,5.301497936248779
514,6.623692035675049
515,9.144171714782715
516,10.050921440124512
517,5.810766696929932
518,5.3090128898620605
519,4.27564001083374
520,7.643721103668213
521,10.006590843200684
522,10.104893684387207
523,11.64111042022705
524,12.671107292175293
525,11.133774757385254
526,13.289944648742676
527,13.028290748596191
528,15.155503273010254
529,13.30836009979248
530,7.6273322105407715
531,4.819220542907715
532,5.177470684051514
533,8.564152717590332
534,7.469125270843506
535,8.129841804504395
536,10.26884937286377
537,7.5828857421875
538,11.492789268493652
539,8.588286399841309
540,14.612747192382812
541,9.086310386657715
542,9.904346466064453
543,6.957767486572266
544,9.48466682434082
545,6.857074737548828
546,7.324320316314697
547,8.089720726013184
548,9.9258394241333
549,9.924633979797363
550,10.979561805725098
551,12.233139991760254
552,9.094691276550293
553,6.888537406921387
554,8.042192459106445
555,11.610054016113281
556,6.449405670166016
557,7.8099045753479
558,11.758058547973633
559,13.73160171508789
560,14.46733283996582
561,14.470685958862305
562,17.33637237548828
563,7.741701126098633
564,8.755456924438477
565,5.879661560058594
566,8.702043533325195
567,9.710062026977539
568,7.7168169021606445
569,12.84889030456543
570,12.766730308532715
571,14.368115425109863
572,7.497807502746582
573,8.391644477844238
574,8.913469314575195
575,10.25901985168457
576,5.283931255340576
577,6.859449863433838
578,7.4373345375061035
579,8.8351469039917
580,8.265960693359375
581,11.278440475463867
582,8.164681434631348
583,8.8446044921875
584,7.97743558883667
585,13.159502029418945
586,9.276280403137207
587,7.6595458984375
588,8.069294929504395
589,7.807311534881592
590,13.54683780670166
591,14.930173873901367
592,10.88548469543457
593,14.83370304107666
594,17.267925262451172
595,8.974565505981445
596,11.788487434387207
597,9.4594144821167
598,9.062411308288574
599,13.653715133666992
600,8.56027603149414
601,7.784612655639648
602,9.302136421203613
603,10.662394523620605
604,13.075254440307617
605,9.923129081726074
606,9.475105285644531
607,11.822624206542969
608,13.312016487121582
609,14.252281188964844
610,10.495797157287598
611,11.641613960266113
612,11.190423011779785
613,9.587501525878906
614,8.692122459411621
615,10.636101722717285
616,5.262243747711182
617,4.787769317626953
618,5.509914398193359
619,8.756102561950684
620,8.660327911376953
621,11.430068969726562
622,14.439148902893066
623,14.81468391418457
624,23.569231033325195
625,10.78769302368164
626,15.547933578491211
627,22.741867065429688
628,13.298272132873535
629,12.87209415435791
630,15.565178871154785
631,12.279939651489258
632,13.16150188446045
633,5.919157028198242
634,10.792787551879883
635,12.47879409790039
636,9.678864479064941
637,13.301666259765625
638,5.112942218780518
639,4.9668073654174805
640,3.9798920154571533
641,5.955267429351807
642,12.8917818069458
643,11.882881164550781
644,11.342567443847656
645,15.34506607055664
646,12.452157020568848
647,10.952408790588379
648,11.600622177124023
649,9.687679290771484
650,9.23841667175293
651,13.496837615966797
652,11.305116653442383
653,9.655099868774414
654,14.403899192810059
655,6.352255344390869
656,10.33730697631836
657,7.145531177520752
658,3.878500461578369
659,3.5095901489257812
660,5.781367301940918
661,7.129434585571289
662,10.564390182495117
663,11.702095031738281
664,12.734565734863281
665,11.881571769714355
666,10.37604808807373
667,10.742913246154785
668,8.274882316589355
669,8.888725280761719
670,7.645236015319824
671,6.252176284790039
672,7.933228015899658
673,4.646640777587891
674,3.4667110443115234
675,3.6442301273345947
676,2.8193187713623047
677,6.454290866851807
678,5.028524398803711
679,7.547280311584473
680,6.942853927612305
681,9.312198638916016
682,8.585156440734863
683,10.160054206848145
684,15.740035057067871
685,16.801231384277344
686,33.811283111572266
687,17.109573364257812
688,14.641631126403809
689,14.833867073059082
690,13.386298179626465
691,8.515636444091797
692,5.522271156311035
693,4.005248069763184
694,6.49402379989624
695,6.222892761230469
696,8.452117919921875
697,10.179704666137695
698,13.072090148925781
699,15.715579986572266
700,10.356998443603516
701,13.291680335998535
702,8.08482551574707
703,11.395166397094727
704,12.709266662597656
705,12.116249084472656
706,9.641182899475098
707,9.761558532714844
708,4.31666374206543
709,6.505623817443848
710,7.476175785064697
711,24.754289627075195
712,7.739169597625732
713,6.457557678222656
714,5.11704158782959
715,6.124444484710693
716,10.908696174621582
717,16.187137603759766
718,16.67596435546875
719,12.909822463989258
720,13.37376594543457
721,8.927391052246094
722,6.868361949920654
723,8.863170623779297
724,8.589111328125
725,8.423086166381836
726,5.685812473297119
727,10.58387565612793
728,9.567476272583008
729,10.025432586669922
730,7.633908748626709
731,12.052308082580566
732,20.54058074951172
733,13.241703987121582
734,14.796161651611328
735,12.193495750427246
736,9.931144714355469
737,6.718949317932129
738,9.49881649017334
739,11.475996971130371
740,8.471893310546875
741,9.515471458435059
742,9.530174255371094
743,6.596548557281494
744,8.962160110473633
745,12.684893608093262
746,10.30741024017334
747,13.925702095031738
748,11.36821460723877
749,15.38224983215332
750,16.766311645507812
751,16.056411743164062
752,38.50596618652344
753,11.696860313415527
754,16.46698760986328
755,10.298365592956543
756,10.381656646728516
757,11.308220863342285
758,7.713860034942627
759,10.05235767364502
760,8.843947410583496
761,8.651853561401367
762,10.198484420776367
763,11.536188125610352
764,10.459799766540527
765,11.86718463897705
766,12.689197540283203
767,9.598249435424805
768,14.988457679748535
769,13.972532272338867
770,13.398835182189941
771,15.406413078308105
772,13.481801986694336
773,11.408666610717773
774,11.982752799987793
775,9.296088218688965
776,8.38397216796875
777,8.623385429382324
778,12.287882804870605
779,7.526402950286865
780,6.178168296813965
781,11.639698028564453
782,8.637672424316406
783,8.588898658752441
784,10.831446647644043
785,6.888246536254883
786,7.848788738250732
787,6.986669063568115
788,8.419679641723633
789,13.653400421142578
790,11.36951732635498
791,11.528158187866211
792,15.991490364074707
793,16.208402633666992
794,12.890169143676758
795,10.830901145935059
796,12.160686492919922
797,8.902356147766113
798,9.439645767211914
799,8.721894264221191
800,4.173090934753418
801,3.860400915145874
802,1.5636701583862305
803,3.45600962638855
804,4.865085601806641
805,7.82023286819458
806,6.534130096435547
807,5.9772419929504395
808,10.327129364013672
809,11.456986427307129
810,14.706676483154297
811,14.323212623596191
812,19.413238525390625
813,19.556529998779297
814,18.331430435180664
815,22.146427154541016
816,18.266084671020508
817,19.366683959960938
818,13.657369613647461
819,10.875581741333008
820,9.277268409729004
821,7.524567604064941
822,10.51185131072998
823,14.305704116821289
824,9.511743545532227
825,12.33590316772461
826,10.969398498535156
827,6.996681213378906
828,9.22651195526123
829,9.966508865356445
830,9.90369701385498
831,6.798827648162842
832,21.767499923706055
833,14.185961723327637
834,12.936211585998535
835,12.422165870666504
836,17.141803741455078
837,14.141164779663086
838,12.08165454864502
839,7.2041473388671875
840,9.649468421936035
841,7.626883506774902
842,5.858641624450684
843,8.76907730102539
844,5.448240756988525
845,10.793537139892578
846,15.266894340515137
847,8.733941078186035
848,11.165021896362305
849,7.334883213043213
850,8.173746109008789
851,10.43905258178711
852,14.49882984161377
853,10.885564804077148
854,10.716259002685547
855,13.472868919372559
856,13.741353034973145
857,9.460176467895508
858,12.17848014831543
859,12.302715301513672
860,6.817267417907715
861,5.3992156982421875
862,4.472407341003418
863,3.264814615249634
864,5.039661407470703
865,3.8134570121765137
866,8.21352481842041
867,7.324559211730957
868,12.484931945800781
869,11.92850399017334
870,12.134451866149902
871,10.816537857055664
872,7.297995090484619
873,6.972048759460449
874,8.377114295959473
875,10.3397798538208
876,13.683647155761719
877,13.490530014038086
878,12.161869049072266
879,13.92076301574707
880,17.058494567871094
881,21.064064025878906
882,15.0813627243042
883,10.77706241607666
884,7.353207588195801
885,7.436695098876953
886,13.49291706085205
887,9.294448852539062
888,13.955345153808594
889,8.7186279296875
890,9.4341459274292
891,9.159852027893066
892,5.839590072631836
893,12.095221519470215
894,9.85185432434082
895,19.298006057739258
896,10.706451416015625
897,8.821969032287598
898,9.325234413146973
899,11.49530029296875
900,10.910279273986816
901,10.998417854309082
902,10.870161056518555
903,8.016290664672852
904,11.22600269317627
905,6.370784759521484
906,4.867867469787598
907,6.568317413330078
908,10.674612045288086
909,8.215165138244629
910,15.474990844726562
911,12.405282020568848
912,20.542346954345703
913,10.111702919006348
914,12.419514656066895
915,14.141348838806152
916,8.489943504333496
917,13.641284942626953
918,11.294524192810059
919,9.673437118530273
920,11.190362930297852
921,14.385769844055176
922,11.79263973236084
923,8.489262580871582
924,8.755127906799316
925,10.762574195861816
926,12.762999534606934
927,13.294576644897461
928,10.495807647705078
929,8.500565528869629
930,12.711809158325195
931,11.713998794555664
932,8.600977897644043
933,10.141716957092285
934,9.144720077514648
935,8.922980308532715
936,10.94981861114502
937,6.519712448120117
938,11.403175354003906
939,12.891368865966797
940,12.365996360778809
941,12.712918281555176
942,12.067071914672852
943,10.881075859069824
944,8.666824340820312
945,7.762321472167969
946,5.0396409034729
947,3.3454647064208984
948,6.910157203674316
949,6.409290313720703
950,7.428374290466309
951,5.352874755859375
952,8.001694679260254
953,11.387791633605957
954,11.228947639465332
955,12.823446273803711
956,9.497635841369629
957,22.038955688476562
958,19.436376571655273
959,24.661481857299805
960,15.359241485595703
961,12.16318130493164
962,16.424816131591797
963,12.587386131286621
964,9.804017066955566
965,7.599067687988281
966,10.629961967468262
967,8.420271873474121
968,13.902022361755371
969,7.58553409576416
970,9.147696495056152
971,9.716126441955566
972,9.166666030883789
973,13.119606018066406
974,12.105754852294922
975,9.045390129089355
976,6.866424083709717
977,8.358541488647461
978,9.77951717376709
979,5.541111469268799
980,3.1182684898376465
981,15.449498176574707
982,15.099120140075684
983,7.294708728790283
984,5.486830234527588
985,5.230907440185547
986,12.065552711486816
987,7.530514240264893
988,9.578941345214844
989,8.866936683654785
990,12.774681091308594
991,12.90895938873291
992,12.21417236328125
993,10.286465644836426
994,12.493788719177246
995,19.60254669189453
996,12.080554008483887
997,7.424180507659912
998,4.973515510559082
999,4.043884754180908
1000,9.839055061340332
1001,5.396512985229492
1002,5.568145751953125
1003,6.842322826385498
1004,12.750435829162598
1005,10.71657943725586
1006,13.703339576721191
1007,11.757268905639648
1008,8.744377136230469
1009,12.190940856933594
1010,11.662283897399902
1011,5.901379585266113
1012,8.524879455566406
1013,7.614299774169922
1014,10.34736442565918
1015,13.017662048339844
1016,12.033648490905762
1017,11.762248992919922
1018,10.058287620544434
1019,11.018865585327148
1020,12.583168029785156
1021,13.440999031066895
1022,10.112407684326172
1023,11.349481582641602
1024,9.167659759521484
1025,8.527607917785645
1026,10.464357376098633
1027,5.954211711883545
1028,5.505594253540039
1029,10.621347427368164
1030,6.387775421142578
1031,6.093708515167236
1032,10.009371757507324
1033,12.497941017150879
1034,11.223118782043457
1035,12.638053894042969
1036,20.713960647583008
1037,13.670409202575684
1038,16.129928588867188
1039,16.157974243164062
1040,18.341737747192383
1041,12.064070701599121
1042,15.93254280090332
1043,9.678169250488281
1044,11.373635292053223
1045,7.2520928382873535
1046,7.638181686401367
1047,8.327544212341309
1048,7.08779239654541
1049,5.433632850646973
1050,4.168535232543945
1051,5.467453479766846
1052,7.824465274810791
1053,14.88227367401123
1054,12.816636085510254
1055,16.254398345947266
1056,19.148298263549805
1057,11.368916511535645
1058,9.283266067504883
1059,8.152587890625
1060,11.517822265625
1061,9.383647918701172
1062,8.012921333312988
1063,5.494062423706055
1064,8.105592727661133
1065,7.182821750640869
1066,5.65388298034668
1067,9.213082313537598
1068,15.108109474182129
1069,19.761629104614258
1070,21.073850631713867
1071,12.724374771118164
1072,14.357319831848145
1073,16.445741653442383
1074,17.864877700805664
1075,24.629331588745117
1076,20.323505401611328
1077,19.549978256225586
1078,14.46335220336914
1079,10.945826530456543
1080,13.067785263061523
1081,11.42704963684082
1082,8.513092041015625
1083,8.532598495483398
1084,11.60668659210205
1085,7.238149642944336
1086,8.847777366638184
1087,13.392889976501465
1088,10.390649795532227
1089,13.10207462310791
1090,10.856059074401855
1091,11.688305854797363
1092,11.208415985107422
1093,9.462352752685547
1094,14.266867637634277
1095,11.450885772705078
1096,10.941841125488281
1097,12.563111305236816
1098,9.238048553466797
1099,14.430253982543945
1100,12.213632583618164
1101,10.018842697143555
1102,15.008451461791992
1103,13.187074661254883
1104,17.800920486450195
1105,11.2855224609375
1106,7.603152751922607
1107,12.849525451660156
1108,10.764481544494629
1109,10.650979995727539
1110,12.932472229003906
1111,5.747323989868164
1112,5.424351215362549
1113,3.4609768390655518
1114,1.8804513216018677
1115,1.5882371664047241
1116,7.29508113861084
1117,13.237857818603516
1118,9.945419311523438
1119,13.258918762207031
1120,15.570243835449219
1121,19.928333282470703
1122,16.243967056274414
1123,20.54545021057129
1124,17.21842384338379
1125,17.406404495239258
1126,8.55285358428955
1127,9.923415184020996
1128,6.7181220054626465
1129,5.897734642028809
1130,5.063842296600342
1131,7.156704425811768
1132,3.118957281112671
1133,4.26766300201416
1134,8.154481887817383
1135,8.006867408752441
1136,6.666929721832275
1137,11.43858814239502
1138,9.513679504394531
1139,9.259149551391602
1140,12.811700820922852
1141,11.906148910522461
1142,13.775093078613281
1143,13.203156471252441
1144,14.968340873718262
1145,14.1201171875
1146,14.84713363647461
1147,11.055279731750488
1148,11.114721298217773
1149,7.133909225463867
1150,10.968379974365234
1151,7.19295597076416
1152,5.616523742675781
1153,9.206880569458008
1154,6.563802719116211
1155,10.311504364013672
1156,7.371687412261963
1157,9.981289863586426
1158,8.249585151672363
1159,9.005470275878906
1160,11.485980987548828
1161,10.535751342773438
1162,10.850299835205078
1163,11.651504516601562
1164,13.25124740600586
1165,15.935458183288574
1166,11.355170249938965
1167,14.546424865722656
1168,12.647605895996094
1169,17.152023315429688
1170,9.130546569824219
1171,7.200923919677734
1172,5.618958473205566
1173,2.821484088897705
1174,4.180102825164795
1175,5.841921806335449
1176,5.180607318878174
1177,6.863770008087158
1178,7.124953746795654
1179,5.176110744476318
1180,10.09949016571045
1181,8.850828170776367
1182,11.215977668762207
1183,16.155832290649414
1184,15.739114761352539
1185,12.517982482910156
1186,10.62200927734375
1187,9.066831588745117
1188,11.868025779724121
1189,26.741283416748047
1190,8.41122817993164
1191,10.040084838867188
1192,11.260601997375488
1193,13.959378242492676
1194,9.378786087036133
1195,18.823345184326172
1196,15.61420726776123
1197,11.02771282196045
1198,10.71504020690918
1199,8.821294784545898
1200,6.3998260498046875
1201,9.231559753417969
1202,11.637344360351562
1203,8.62672233581543
1204,19.101396560668945
1205,15.539362907409668
1206,21.152273178100586
1207,19.60501480102539
1208,21.351280212402344
1209,18.178264617919922
1210,17.627716064453125
1211,15.49416446685791
1212,16.1778621673584
1213,12.169648170471191
1214,17.761463165283203
1215,11.188516616821289
1216,11.214877128601074
1217,11.355216026306152
1218,6.552104473114014
1219,6.7558770179748535
1220,7.123103141784668
1221,10.657746315002441
1222,7.153822898864746
1223,12.716655731201172
1224,14.038844108581543
1225,12.094151496887207
1226,13.214513778686523
1227,12.40184497833252
1228,12.295312881469727
1229,13.332108497619629
1230,8.363785743713379
1231,11.58135986328125
1232,9.287016868591309
1233,7.6046319007873535
1234,5.4581379890441895
1235,6.160205364227295
1236,7.996462821960449
1237,8.464445114135742
1238,8.553963661193848
1239,8.241106033325195
1240,13.186599731445312
1241,14.250341415405273
1242,9.396026611328125
1243,9.92774772644043
1244,8.48967170715332
1245,13.656725883483887
1246,12.960227966308594
1247,7.698181629180908
1248,9.11556339263916
1249,7.569692611694336
1250,8.160307884216309
1251,8.081798553466797
1252,8.776131629943848
1253,9.218587875366211
1254,13.589828491210938
1255,14.157243728637695
1256,16.6201171875
1257,17.735774993896484
1258,40.04708480834961
1259,14.994453430175781
1260,17.7533016204834
1261,15.904086112976074
1262,13.897982597351074
1263,14.321083068847656
1264,5.934512615203857
1265,6.255044460296631
1266,7.84275484085083
1267,9.71875286102295
1268,10.757928848266602
1269,8.627135276794434
1270,18.14974594116211
1271,11.9877290725708
1272,8.536436080932617
1273,13.985677719116211
1274,11.51254653930664
1275,10.722804069519043
1276,6.9032745361328125
1277,8.37720775604248
1278,13.059428215026855
1279,11.738701820373535
1280,12.009282112121582
1281,12.096904754638672
1282,12.573183059692383
1283,10.358573913574219
1284,10.554668426513672
1285,15.507874488830566
1286,10.18690299987793
1287,9.673426628112793
1288,9.172826766967773
1289,13.48338794708252
1290,18.48002815246582
1291,10.297749519348145
1292,9.577849388122559
1293,9.598834037780762
1294,8.113313674926758
1295,3.3933310508728027
1296,2.8790390491485596
1297,3.5122716426849365
1298,6.205540180206299
1299,5.319784164428711
1300,9.146244049072266
1301,8.421126365661621
1302,11.663928985595703
1303,11.063695907592773
1304,8.925118446350098
1305,8.358638763427734
1306,10.96993350982666
1307,14.536250114440918
1308,4.319230556488037
1309,4.9946794509887695
1310,8.731236457824707
1311,7.166624546051025
1312,6.428013801574707
1313,5.061256408691406
1314,11.469400405883789
1315,9.980768203735352
1316,11.748462677001953
1317,7.91777229309082
1318,11.157635688781738
1319,11.165840148925781
1320,16.570615768432617
1321,10.322379112243652
1322,12.090958595275879
1323,6.2716803550720215
1324,14.093832015991211
1325,12.19762897491455
1326,13.620197296142578
1327,9.742074966430664
1328,13.494908332824707
1329,9.948005676269531
1330,10.253918647766113
1331,28.161882400512695
1332,17.809505462646484
1333,14.081639289855957
1334,14.167623519897461
1335,15.18297290802002
1336,17.763959884643555
1337,9.517797470092773
1338,7.409564018249512
1339,13.086301803588867
1340,9.669708251953125
1341,10.154885292053223
1342,12.108396530151367
1343,12.583080291748047
1344,16.09535789489746
1345,19.018030166625977
1346,19.07793617248535
1347,15.735847473144531
1348,16.881866455078125
1349,13.022330284118652
1350,11.512560844421387
1351,8.7898530960083
1352,12.141721725463867
1353,6.824202537536621
1354,10.715239524841309
1355,8.273941993713379
1356,9.190157890319824
1357,8.870156288146973
1358,6.362488269805908
1359,5.806196689605713
1360,14.963008880615234
1361,14.246702194213867
1362,10.047029495239258
1363,17.431427001953125
1364,13.891218185424805
1365,9.646378517150879
1366,9.202473640441895
1367,11.322846412658691
1368,7.637244701385498
1369,8.576333999633789
1370,4.638075351715088
1371,1.8813655376434326
1372,1.4164485931396484
1373,3.691915273666382
1374,4.545544624328613
1375,6.4987030029296875
1376,13.628430366516113
1377,18.101762771606445
1378,16.469057083129883
1379,14.781074523925781
1380,25.771427154541016
1381,17.115076065063477
1382,16.043292999267578
1383,14.660117149353027
1384,11.197226524353027
1385,11.147743225097656
1386,10.099464416503906
1387,9.6318359375
1388,15.231616020202637
1389,10.783737182617188
1390,11.612035751342773
1391,18.215354919433594
1392,11.474051475524902
1393,11.31756591796875
1394,11.002364158630371
1395,11.618386268615723
1396,9.429001808166504
1397,10.000824928283691
1398,14.92532730102539
1399,8.450958251953125
1400,8.529143333435059
1401,7.694448947906494
1402,7.020363807678223
1403,7.846190929412842
1404,13.39826488494873
1405,16.91360855102539
1406,11.54584789276123
1407,14.635492324829102
1408,14.592843055725098
1409,11.361837387084961
1410,14.876180648803711
1411,18.280868530273438
1412,13.92628288269043
1413,8.388814926147461
1414,9.30323600769043
1415,11.146721839904785
1416,10.238170623779297
1417,6.558538913726807
1418,3.8811545372009277
1419,3.5669400691986084
1420,3.854813814163208
1421,4.498721122741699
1422,4.66431999206543
1423,3.6717092990875244
1424,5.3083391189575195
1425,6.530048847198486
1426,4.949934482574463
1427,7.223728656768799
1428,8.099233627319336
1429,7.985447406768799
1430,9.57901668548584
1431,10.374612808227539
1432,8.53608226776123
1433,6.043171405792236
1434,3.455724000930786
1435,1.9281619787216187
1436,2.9143621921539307
1437,2.0308401584625244
1438,6.300447940826416
1439,3.5659749507904053
1440,3.961724042892456
1441,7.320455551147461
1442,9.114601135253906
1443,6.255926132202148
1444,17.665733337402344
1445,15.484107971191406
1446,13.382828712463379
1447,14.651055335998535
1448,13.353291511535645
1449,29.792165756225586
1450,22.784820556640625
1451,29.123422622680664
1452,25.14990997314453
1453,16.44483757019043
1454,14.067525863647461
1455,9.340180397033691
1456,11.842914581298828
1457,9.448114395141602
1458,6.153238773345947
1459,6.819269180297852
1460,6.08906888961792
1461,9.103521347045898
1462,7.159032344818115
1463,4.573739051818848
1464,5.189134120941162
1465,8.136228561401367
1466,10.415179252624512
1467,16.159090042114258
1468,12.809013366699219
1469,12.866141319274902
1470,12.128101348876953
1471,14.214775085449219
1472,16.479169845581055
1473,18.772947311401367
1474,8.740964889526367
1475,9.609017372131348
1476,9.999680519104004
1477,13.160252571105957
1478,11.927939414978027
1479,12.670601844787598
1480,13.299644470214844
1481,11.788037300109863
1482,13.277714729309082
1483,15.329362869262695
1484,13.117156028747559
1485,10.913591384887695
1486,6.509167194366455
1487,6.400704860687256
1488,5.155294895172119
1489,5.3727850914001465
1490,7.385258674621582
1491,8.687297821044922
1492,10.491726875305176
1493,8.90056324005127
1494,18.505388259887695
1495,10.958012580871582
1496,14.849478721618652
1497,9.609902381896973
1498,11.389412879943848
1499,14.58409595489502
1500,12.794248580932617
1501,10.722332000732422
1502,9.140727043151855
1503,6.494255542755127
1504,7.192540645599365
1505,10.899577140808105
1506,6.170680046081543
1507,4.0064239501953125
1508,6.3032989501953125
1509,5.490391731262207
1510,14.281702995300293
1511,14.001530647277832
1512,16.540395736694336
1513,18.05789566040039
1514,16.68408203125
1515,16.23005485534668
1516,18.89108657836914
1517,16.617937088012695
1518,12.743966102600098
1519,11.785433769226074
1520,12.053378105163574
1521,8.644020080566406
1522,7.333299160003662
1523,11.558059692382812
1524,13.656747817993164
1525,7.917374610900879
1526,14.5010404586792
1527,12.558324813842773
1528,13.123946189880371
1529,12.33802604675293
1530,12.01146125793457
1531,22.58320426940918
1532,25.491439819335938
1533,15.984241485595703
1534,14.015461921691895
1535,15.677569389343262
1536,11.222954750061035
1537,9.27640438079834
1538,9.064282417297363
1539,10.08160400390625
1540,10.79417610168457
1541,6.877010345458984
1542,9.065423965454102
1543,10.145960807800293
1544,9.615790367126465
1545,11.369232177734375
1546,13.871991157531738
1547,11.632328987121582
1548,9.170618057250977
1549,7.435115337371826
1550,16.756210327148438
1551,5.543860912322998
1552,4.305359363555908
1553,4.783234596252441
1554,7.418953895568848
1555,5.5805182456970215
1556,4.796139717102051
1557,5.120286464691162
1558,7.9818620681762695
1559,11.492531776428223
1560,10.048429489135742
1561,10.637063980102539
1562,19.157245635986328
1563,17.737552642822266
1564,16.303434371948242
1565,10.408564567565918
1566,15.661166191101074
1567,7.678974151611328
1568,5.53146505355835
1569,9.006274223327637
1570,8.009384155273438
1571,10.637277603149414
1572,9.684491157531738
1573,7.790969371795654
1574,9.854719161987305
1575,12.213818550109863
1576,12.64401626586914
1577,15.266683578491211
1578,20.12230110168457
1579,13.700180053710938
1580,9.864876747131348
1581,10.72579288482666
1582,6.462538719177246
1583,6.540163993835449
1584,7.962708473205566
1585,6.728987216949463
1586,7.98426628112793
1587,10.080802917480469
1588,10.712392807006836
1589,15.564618110656738
1590,31.938526153564453
1591,11.783867835998535
1592,17.54763412475586
1593,13.987401962280273
1594,8.486676216125488
1595,14.164915084838867
1596,15.060347557067871
1597,11.834707260131836
1598,11.762822151184082
1599,9.02066421508789
1600,7.95449686050415
1601,10.212085723876953
1602,10.608583450317383
1603,13.1710786819458
1604,15.202101707458496
1605,10.486983299255371
1606,12.88515567779541
1607,17.536479949951172
1608,14.276824951171875
1609,14.166413307189941
1610,21.023122787475586
1611,15.413037300109863
1612,16.724544525146484
1613,18.74875831604004
1614,11.00093936920166
1615,17.81037712097168
1616,10.408637046813965
1617,8.689119338989258
1618,16.311525344848633
1619,11.749289512634277
1620,10.133265495300293
1621,7.981951713562012
1622,14.185235977172852
1623,15.908052444458008
1624,11.260746955871582
1625,14.709596633911133
1626,11.492164611816406
1627,14.292859077453613
1628,12.833066940307617
1629,12.611592292785645
1630,14.175801277160645
1631,15.767791748046875
1632,17.687414169311523
1633,18.081214904785156
1634,14.24870777130127
1635,18.375185012817383
1636,19.381816864013672
1637,12.728475570678711
1638,16.171775817871094
1639,20.693111419677734
1640,16.243215560913086
1641,10.491243362426758
1642,14.892175674438477
1643,9.08863353729248
1644,19.14666748046875
1645,13.390302658081055
1646,18.764907836914062
1647,16.43461036682129
1648,17.266925811767578
1649,11.132420539855957
1650,10.431747436523438
1651,9.821573257446289
1652,12.92250919342041
1653,12.363089561462402
1654,12.292190551757812
1655,9.872325897216797
1656,9.31600284576416
1657,11.326799392700195
1658,12.251795768737793
1659,12.46707534790039
1660,15.623705863952637
1661,8.102689743041992
1662,6.833974838256836
1663,7.467418193817139
1664,7.6878557205200195
1665,5.1376519203186035
1666,13.193537712097168
1667,10.82670783996582
1668,7.332973480224609
1669,15.51245403289795
1670,11.059292793273926
1671,9.917922973632812
1672,12.696910858154297
1673,8.045117378234863
1674,11.679484367370605
1675,12.75879192352295
1676,11.199484825134277
1677,11.377358436584473
1678,5.307961463928223
1679,9.829558372497559
1680,10.502885818481445
1681,6.404570579528809
1682,8.620842933654785
1683,5.4014081954956055
1684,5.507756233215332
1685,5.896097183227539
1686,6.333998203277588
1687,7.4775543212890625
1688,12.271864891052246
1689,12.528218269348145
1690,14.666276931762695
1691,14.686903953552246
1692,15.129011154174805
1693,10.871760368347168
1694,14.469030380249023
1695,10.089917182922363
1696,8.78957748413086
1697,9.272112846374512
1698,10.92000675201416
1699,11.258111000061035
1700,9.606513023376465
1701,8.882251739501953
1702,9.301477432250977
1703,10.217055320739746
1704,9.812551498413086
1705,16.973133087158203
1706,8.675996780395508
1707,9.80778694152832
1708,7.305589199066162
1709,7.226410388946533
1710,11.231124877929688
1711,6.232430934906006
1712,9.456391334533691
1713,9.016195297241211
1714,14.557780265808105
1715,14.657140731811523
1716,12.744738578796387
1717,11.314329147338867
1718,11.417513847351074
1719,12.700276374816895
1720,14.351600646972656
1721,15.109976768493652
1722,9.62561321258545
1723,10.574780464172363
1724,12.824315071105957
1725,7.290163516998291
1726,7.310000419616699
1727,7.590232849121094
1728,6.7359466552734375
1729,7.922118186950684
1730,12.500057220458984
1731,9.192941665649414
1732,13.8713960647583
1733,15.443812370300293
1734,17.55470085144043
1735,19.77842903137207
1736,17.148820877075195
1737,15.210428237915039
1738,16.03228759765625
1739,13.580524444580078
1740,13.759321212768555
1741,8.026286125183105
1742,13.827156066894531
1743,3.5027055740356445
1744,2.2189338207244873
1745,6.4139838218688965
1746,4.648122787475586
1747,3.5750818252563477
1748,3.7855873107910156
1749,8.285303115844727
1750,11.898643493652344
1751,16.06810760498047
1752,8.340924263000488
1753,23.2359561920166
1754,14.984889030456543
1755,17.075830459594727
1756,18.087799072265625
1757,17.224170684814453
1758,11.925803184509277
1759,12.860687255859375
1760,12.538029670715332
1761,6.592092514038086
1762,13.759333610534668
1763,7.9074177742004395
1764,12.693127632141113
1765,11.711153984069824
1766,17.418109893798828
1767,12.858450889587402
1768,15.836833000183105
1769,22.15411376953125
1770,19.587223052978516
1771,15.227935791015625
1772,21.21408462524414
1773,8.990177154541016
1774,13.485952377319336
1775,12.898566246032715
1776,12.489883422851562
1777,14.33942985534668
1778,18.61258888244629
1779,12.143566131591797
1780,16.706754684448242
1781,10.826869010925293
1782,10.186934471130371
1783,9.528429985046387
1784,6.378904819488525
1785,6.589365005493164
1786,7.989602565765381
1787,8.739803314208984
1788,9.643123626708984
1789,13.20223617553711
1790,9.862058639526367
1791,14.384596824645996
1792,10.319880485534668
1793,12.873777389526367
1794,14.144218444824219
1795,9.370973587036133
1796,9.259013175964355
1797,10.225140571594238
1798,9.530271530151367
1799,9.34259033203125
1800,10.170612335205078
1801,12.453195571899414
1802,11.6195068359375
1803,10.197550773620605
1804,7.773100852966309
1805,2.971275568008423
1806,8.17522144317627
1807,7.2743706703186035
1808,8.549580574035645
1809,14.250672340393066
1810,9.478066444396973
1811,9.987981796264648
1812,8.755914688110352
1813,10.870213508605957
1814,11.127219200134277
1815,8.417824745178223
1816,9.649384498596191
1817,7.0632171630859375
1818,7.389040946960449
1819,7.470201015472412
1820,7.520454406738281
1821,9.931835174560547
1822,11.987187385559082
1823,8.606571197509766
1824,9.756503105163574
1825,13.505487442016602
1826,14.147340774536133
1827,9.26046371459961
1828,14.726127624511719
1829,9.823781967163086
1830,10.47830581665039
1831,14.786572456359863
1832,10.613243103027344
1833,6.080543518066406
1834,8.100935935974121
1835,6.269903659820557
1836,3.987487316131592
1837,11.028368949890137
1838,8.600377082824707
1839,10.076115608215332
1840,10.79045581817627
1841,12.129603385925293
1842,10.184904098510742
1843,19.91048240661621
1844,22.67470932006836
1845,11.36992359161377
1846,10.192937850952148
1847,13.098461151123047
1848,10.109308242797852
1849,12.121014595031738
1850,10.369996070861816
1851,8.581990242004395
1852,9.146047592163086
1853,10.381402015686035
1854,8.301876068115234
1855,9.82514476776123
1856,9.018437385559082
1857,7.434571743011475
1858,10.282276153564453
1859,6.7064313888549805
1860,11.339607238769531
1861,10.033267974853516
1862,12.065707206726074
1863,10.18830680847168
1864,14.596118927001953
1865,8.365668296813965
1866,10.041695594787598
1867,8.458183288574219
1868,11.442499160766602
1869,11.215359687805176
1870,12.299315452575684
1871,9.36976146697998
1872,13.819153785705566
1873,21.094284057617188
1874,14.600114822387695
1875,12.585196495056152
1876,18.158523559570312
1877,13.603863716125488
1878,8.536919593811035
1879,6.848095893859863
1880,5.494733810424805
1881,5.818783283233643
1882,2.172146797180176
1883,3.976884365081787
1884,9.635990142822266
1885,6.642979145050049
1886,13.457677841186523
1887,12.224305152893066
1888,10.192277908325195
1889,18.668792724609375
1890,20.971681594848633
1891,11.004189491271973
1892,12.539155960083008
1893,23.17319107055664
1894,14.02805233001709
1895,14.287920951843262
1896,15.484747886657715
1897,13.334149360656738
1898,16.655778884887695
1899,29.600290298461914
1900,13.72878646850586
1901,16.1926212310791
1902,13.264898300170898
1903,12.708025932312012
1904,15.841177940368652
1905,16.89515495300293
1906,15.800067901611328
1907,10.520246505737305
1908,7.081187725067139
1909,6.218524932861328
1910,7.247138977050781
1911,3.367764949798584
1912,5.459599018096924
1913,5.545966148376465
1914,10.688939094543457
1915,12.653885841369629
1916,10.887815475463867
1917,11.893172264099121
1918,16.969545364379883
1919,16.734336853027344
1920,12.175047874450684
1921,16.403366088867188
1922,13.106955528259277
1923,13.048835754394531
1924,7.677316665649414
1925,13.994758605957031
1926,5.533007621765137
1927,14.200887680053711
1928,8.580856323242188
1929,7.084334850311279
1930,8.468605995178223
1931,8.445075988769531
1932,9.213717460632324
1933,7.63291597366333
1934,10.798358917236328
1935,9.666980743408203
1936,14.463650703430176
1937,9.389388084411621
1938,10.062146186828613
1939,11.03275203704834
1940,7.945650577545166
1941,7.5363078117370605
1942,10.075297355651855
1943,8.060035705566406
1944,9.9992094039917
1945,8.97281265258789
1946,11.247058868408203
1947,9.23338794708252
1948,10.101310729980469
1949,12.80698013305664
1950,10.722339630126953
1951,7.921919822692871
1952,11.892317771911621
1953,14.590897560119629
1954,12.323121070861816
1955,14.460527420043945
1956,11.381635665893555
1957,10.305542945861816
1958,12.4887113571167
1959,12.556796073913574
1960,13.097648620605469
1961,10.23444938659668
1962,12.849100112915039
1963,14.609101295471191
1964,10.385551452636719
1965,12.401897430419922
1966,11.714825630187988
1967,17.793012619018555
1968,12.096539497375488
1969,14.251860618591309
1970,7.125382423400879
1971,9.035126686096191
1972,6.29428768157959
1973,7.841380596160889
1974,8.572440147399902
1975,11.75683879852295
1976,12.476953506469727
1977,19.36348533630371
1978,13.783159255981445
1979,15.911917686462402
1980,20.225778579711914
1981,14.599112510681152
1982,10.922971725463867
1983,12.963406562805176
1984,9.808765411376953
1985,15.433880805969238
1986,11.873976707458496
1987,5.096917152404785
1988,11.320938110351562
1989,9.710524559020996
1990,21.425203323364258
1991,14.948655128479004
1992,13.724958419799805
1993,9.017084121704102
1994,11.164345741271973
1995,6.672325611114502
1996,10.004834175109863
1997,9.44385051727295
1998,12.7385892868042
1999,10.863615036010742
2000,11.781145095825195
2001,15.131705284118652
2002,14.29088020324707
2003,10.642407417297363
2004,10.512171745300293
2005,15.189358711242676
2006,11.88062858581543
2007,8.576887130737305
2008,11.188946723937988
2009,13.261794090270996
2010,10.991035461425781
2011,13.502382278442383
2012,19.673446655273438
2013,15.237472534179688
2014,6.106617450714111
2015,8.837888717651367
2016,4.633979320526123
2017,7.19891357421875
2018,6.552687644958496
2019,7.990654468536377
2020,9.94593334197998
2021,11.357743263244629
2022,11.562920570373535
2023,17.41897201538086
2024,18.6805477142334
2025,18.55681800842285
2026,23.44501304626465
2027,15.499683380126953
2028,9.176889419555664
2029,8.154549598693848
2030,10.63599681854248
2031,18.44647979736328
2032,7.826982498168945
2033,7.304283142089844
2034,13.627036094665527
2035,26.813390731811523
2036,9.48531436920166
2037,11.9587984085083
2038,17.93566131591797
2039,9.034960746765137
2040,16.74732780456543
2041,20.010915756225586
2042,30.154674530029297
2043,15.80380916595459
2044,16.84688377380371
2045,14.762842178344727
2046,10.369912147521973
2047,9.151745796203613
2048,11.693669319152832
2049,13.463156700134277
2050,8.833344459533691
2051,4.797083377838135
2052,10.452216148376465
2053,13.327446937561035
2054,23.09066390991211
2055,24.243389129638672
2056,20.376672744750977
2057,12.367430686950684
2058,18.568431854248047
2059,19.47087287902832
2060,17.0513858795166
2061,7.872888565063477
2062,5.3279805183410645
2063,10.113046646118164
2064,11.71882152557373
2065,10.472250938415527
2066,13.564748764038086
2067,9.909523963928223
2068,11.697354316711426
2069,11.606877326965332
2070,13.005894660949707
2071,11.840597152709961
2072,6.201584815979004
2073,6.81205415725708
2074,6.626866817474365
2075,5.280470371246338
2076,6.617441654205322
2077,8.079623222351074
2078,13.561020851135254
2079,10.883387565612793
2080,13.41234016418457
2081,18.323591232299805
2082,18.457700729370117
2083,12.560711860656738
2084,17.390439987182617
2085,22.55632209777832
2086,21.3223876953125
2087,17.049150466918945
2088,16.305768966674805
2089,9.048760414123535
2090,9.434285163879395
2091,9.17252254486084
2092,8.000359535217285
2093,5.186935901641846
2094,6.506287574768066
2095,9.673966407775879
2096,7.548532485961914
2097,10.180383682250977
2098,13.444344520568848
2099,14.674539566040039
2100,16.386808395385742
2101,16.4742374420166
2102,23.189966201782227
2103,16.46965789794922
2104,14.543901443481445
2105,14.896150588989258
2106,11.268905639648438
2107,9.702486038208008
2108,10.284406661987305
2109,7.739748001098633
2110,10.971399307250977
2111,9.317917823791504
2112,6.783369541168213
2113,9.512262344360352
2114,10.077494621276855
2115,10.776628494262695
2116,14.59219741821289
2117,6.538903713226318
2118,10.986209869384766
2119,8.568531036376953
2120,12.636894226074219
2121,13.047588348388672
2122,11.659482955932617
2123,13.687749862670898
2124,11.205059051513672
2125,14.811050415039062
2126,16.658700942993164
2127,15.096649169921875
2128,14.126380920410156
2129,15.173985481262207
2130,16.256004333496094
2131,28.52890968322754
2132,18.85846710205078
2133,12.571090698242188
2134,11.308172225952148
2135,8.781356811523438
2136,9.90960693359375
2137,13.941061973571777
2138,9.681523323059082
2139,10.643890380859375
2140,6.0602006912231445
2141,8.418228149414062
2142,12.223959922790527
2143,10.501444816589355
2144,9.141876220703125
2145,9.944708824157715
2146,12.717198371887207
2147,13.698891639709473
2148,12.234965324401855
2149,12.322037696838379
2150,14.377469062805176
2151,13.147995948791504
2152,9.614535331726074
2153,7.252330780029297
2154,6.328990936279297
2155,8.340825080871582
2156,8.204916000366211
2157,10.763632774353027
2158,12.539321899414062
2159,12.210585594177246
2160,12.219293594360352
2161,13.156888961791992
2162,12.928633689880371
2163,13.536661148071289
2164,12.102368354797363
2165,12.079366683959961
2166,6.626341819763184
2167,7.846132755279541
2168,3.6892244815826416
2169,5.664974212646484
2170,2.2572336196899414
2171,2.593106508255005
2172,4.215179443359375
2173,5.0353593826293945
2174,5.724698066711426
2175,5.863054275512695
2176,10.159363746643066
2177,21.055021286010742
2178,18.4566650390625
2179,30.514835357666016
2180,25.087261199951172
2181,27.424760818481445
2182,25.23951530456543
2183,9.350749969482422
2184,9.657418251037598
2185,11.750129699707031
2186,17.6789493560791
2187,9.68923282623291
2188,11.990815162658691
2189,14.616186141967773
2190,18.044967651367188
2191,14.514510154724121
2192,8.446521759033203
2193,11.672567367553711
2194,9.401651382446289
2195,9.040682792663574
2196,10.554716110229492
2197,10.071681022644043
2198,8.829514503479004
2199,11.409921646118164
2200,10.859489440917969
2201,14.985448837280273
2202,13.497346878051758
2203,15.418267250061035
2204,15.462419509887695
2205,15.557580947875977
2206,16.594491958618164
2207,11.788004875183105
2208,13.899300575256348
2209,6.141750812530518
2210,7.915263652801514
2211,9.139039039611816
2212,12.09185791015625
2213,6.51739501953125
2214,15.173705101013184
2215,9.185003280639648
2216,8.415119171142578
2217,8.936053276062012
2218,6.702193737030029
2219,8.966076850891113
2220,9.618305206298828
2221,11.306567192077637
2222,11.173073768615723
2223,11.67592716217041
2224,14.070220947265625
2225,13.919069290161133
2226,12.58686637878418
2227,13.62669849395752
2228,9.924983978271484
2229,8.643339157104492
2230,5.3031535148620605
2231,10.831250190734863
2232,9.960309028625488
2233,9.798869132995605
2234,7.7368927001953125
2235,8.351081848144531
2236,13.268510818481445
2237,9.968596458435059
2238,6.915877342224121
2239,8.048248291015625
2240,7.472024440765381
2241,9.688562393188477
2242,11.356164932250977
2243,9.527626991271973
2244,11.573700904846191
2245,10.282735824584961
2246,11.112791061401367
2247,10.927577018737793
2248,8.558832168579102
2249,7.684726238250732
2250,16.632173538208008
2251,7.341166973114014
2252,10.97020149230957
2253,11.360868453979492
2254,8.66994571685791
2255,10.716404914855957
2256,9.371607780456543
2257,10.903339385986328
2258,13.273178100585938
2259,14.5833101272583
2260,8.36526870727539
2261,6.5777363777160645
2262,7.750800132751465
2263,10.363748550415039
2264,12.160558700561523
2265,14.239903450012207
2266,10.707889556884766
2267,10.829350471496582
2268,16.42143440246582
2269,14.99662971496582
2270,10.254144668579102
2271,9.296953201293945
2272,9.461605072021484
2273,9.44658088684082
2274,11.272908210754395
2275,5.709725379943848
2276,5.115447044372559
2277,7.495688438415527
2278,5.140347480773926
2279,2.0282044410705566
2280,5.169741153717041
2281,9.737281799316406
2282,8.796501159667969
2283,11.032760620117188
2284,17.522829055786133
2285,12.625419616699219
2286,14.59408950805664
2287,18.486804962158203
2288,13.778182983398438
2289,18.033035278320312
2290,19.721254348754883
2291,15.169282913208008
2292,15.027524948120117
2293,13.485718727111816
2294,7.928496360778809
2295,7.887638092041016
2296,12.041852951049805
2297,8.204535484313965
2298,9.404025077819824
2299,13.464717864990234
2300,10.510896682739258
2301,16.024799346923828
2302,5.420802593231201
2303,9.10457992553711
2304,4.484394073486328
2305,12.295162200927734
2306,10.780864715576172
2307,9.444113731384277
2308,9.452852249145508
2309,13.083943367004395
2310,10.814545631408691
2311,9.6347074508667
2312,8.836715698242188
2313,12.96809196472168
2314,9.37299633026123
2315,11.042394638061523
2316,7.923048973083496
2317,7.551341533660889
2318,6.276710033416748
2319,15.894619941711426
2320,12.395736694335938
2321,16.861652374267578
2322,11.409360885620117
2323,14.64712142944336
2324,10.830378532409668
2325,4.734081268310547
2326,11.482436180114746
2327,10.78568172454834
2328,11.210626602172852
2329,15.022122383117676
2330,16.151233673095703
2331,20.41225242614746
2332,17.460412979125977
2333,19.999141693115234
2334,17.444168090820312
2335,14.385560989379883
2336,15.836897850036621
2337,17.776723861694336
2338,15.404072761535645
2339,15.555006980895996
2340,19.94036293029785
2341,14.146794319152832
2342,9.2083740234375
2343,14.335219383239746
2344,10.159255027770996
2345,7.384890556335449
2346,7.421124458312988
2347,5.926831245422363
2348,7.731496334075928
2349,4.877594947814941
2350,12.118365287780762
2351,8.661239624023438
2352,12.801033973693848
2353,14.864995002746582
2354,9.58509349822998
2355,7.123672962188721
2356,5.962014675140381
2357,9.033074378967285
2358,12.047779083251953
2359,9.726221084594727
2360,11.884998321533203
2361,11.206164360046387
2362,11.724593162536621
2363,10.995361328125
2364,9.87653923034668
2365,14.937454223632812
2366,17.259944915771484
2367,12.466728210449219
2368,11.44418716430664
2369,13.359195709228516
2370,16.94221305847168
2371,18.841907501220703
2372,19.41071319580078
2373,11.1227445602417
2374,13.316865921020508
2375,11.800529479980469
2376,13.43327522277832
2377,7.837949275970459
2378,6.693378448486328
2379,8.909526824951172
2380,7.868113994598389
2381,15.071712493896484
2382,9.909573554992676
2383,11.565820693969727
2384,13.322017669677734
2385,9.59410572052002
2386,16.036672592163086
2387,14.059329986572266
2388,12.500992774963379
2389,12.64754867553711
2390,9.775243759155273
2391,10.923672676086426
2392,15.148897171020508
2393,20.382328033447266
2394,18.73675537109375
2395,18.464351654052734
2396,18.09634780883789
2397,14.617722511291504
2398,10.860840797424316
2399,12.430902481079102
2400,10.666861534118652
2401,10.639304161071777
2402,8.531391143798828
2403,9.504148483276367
2404,7.378563404083252
2405,9.46311092376709
2406,6.014303207397461
2407,11.416393280029297
2408,8.637131690979004
2409,7.76842737197876
2410,6.451082706451416
2411,9.025594711303711
2412,9.427692413330078
2413,12.733094215393066
2414,17.765247344970703
2415,17.670549392700195
2416,21.212974548339844
2417,15.11917781829834
2418,16.284404754638672
2419,10.32929515838623
2420,9.854231834411621
2421,9.602169036865234
2422,8.105947494506836
2423,9.481513023376465
2424,10.5347318649292
2425,10.508647918701172
2426,13.129563331604004
2427,11.582685470581055
2428,11.070209503173828
2429,8.593381881713867
2430,9.330249786376953
2431,9.572754859924316
2432,14.910652160644531
2433,11.94384479522705
2434,6.768221378326416
2435,8.882006645202637
2436,5.66173791885376
2437,4.952219009399414
2438,6.243060111999512
2439,6.441775798797607
2440,9.159360885620117
2441,7.956032752990723
2442,4.758118152618408
2443,9.658422470092773
2444,15.944518089294434
2445,10.926056861877441
2446,24.152996063232422
2447,15.543899536132812
2448,15.948943138122559
2449,10.821004867553711
2450,8.076528549194336
2451,10.762706756591797
2452,13.240214347839355
2453,8.527703285217285
2454,11.184083938598633
2455,15.91041088104248
2456,7.816542625427246
2457,9.5074462890625
2458,11.915298461914062
2459,12.097981452941895
2460,8.1862154006958
2461,8.823341369628906
2462,9.004498481750488
2463,8.785506248474121
2464,7.778913497924805
2465,7.2050862312316895
2466,9.499979972839355
2467,10.104167938232422
2468,11.270522117614746
2469,16.043703079223633
2470,14.81428050994873
2471,20.70024871826172
2472,21.918537139892578
2473,14.180137634277344
2474,10.783510208129883
2475,11.351120948791504
2476,14.477777481079102
2477,17.412015914916992
2478,6.816193103790283
2479,7.36085319519043
2480,6.016280174255371
2481,6.469943523406982
2482,3.7715444564819336
2483,4.418778419494629
2484,6.80659294128418
2485,9.357344627380371
2486,11.033001899719238
2487,12.101040840148926
2488,10.355602264404297
2489,14.418850898742676
2490,18.116703033447266
2491,15.006881713867188
2492,13.221450805664062
2493,12.826505661010742
2494,13.694966316223145
2495,9.12802505493164
2496,5.413548469543457
2497,8.752276420593262
2498,8.681947708129883
2499,11.559680938720703
2500,12.991968154907227
2501,13.27602767944336
2502,6.567138195037842
2503,6.728981018066406
2504,11.111499786376953
2505,10.15172004699707
2506,12.189410209655762
2507,10.62928581237793
2508,16.142560958862305
2509,19.90195655822754
2510,11.915942192077637
2511,21.01783561706543
2512,17.40010643005371
2513,12.67625617980957
2514,11.96480941772461
2515,15.945687294006348
2516,9.161840438842773
2517,12.998104095458984
2518,8.646201133728027
2519,12.835480690002441
2520,10.57204532623291
2521,11.600555419921875
2522,14.31954574584961
2523,19.74867057800293
2524,11.153594017028809
2525,12.120315551757812
2526,13.584441184997559
2527,14.829302787780762
2528,9.509516716003418
2529,16.284008026123047
2530,10.704022407531738
2531,14.988361358642578
2532,14.611797332763672
2533,15.480328559875488
2534,16.303428649902344
2535,13.333907127380371
2536,9.73937702178955
2537,10.546730041503906
2538,8.722369194030762
2539,6.613689422607422
2540,7.2256178855896
2541,3.675499677658081
2542,4.997085094451904
2543,8.911226272583008
2544,14.315021514892578
2545,8.594545364379883
2546,10.966819763183594
2547,8.8603515625
2548,17.61310577392578
2549,9.547553062438965
2550,9.616981506347656
2551,18.035184860229492
2552,15.023170471191406
2553,22.68104362487793
2554,30.253971099853516
2555,20.881576538085938
2556,15.682682037353516
2557,18.263748168945312
2558,18.727275848388672
2559,18.49022102355957
2560,10.268670082092285
2561,12.723245620727539
2562,11.6415376663208
2563,12.888257026672363
2564,5.6230926513671875
2565,5.969326019287109
2566,7.670504093170166
2567,3.2675745487213135
2568,5.699744701385498
2569,6.983961582183838
2570,7.275954246520996
2571,8.469223976135254
2572,12.58130931854248
2573,10.53786849975586
2574,17.31683921813965
2575,14.852605819702148
2576,19.292875289916992
2577,14.17845630645752
2578,14.186354637145996
2579,13.41352653503418
2580,12.600980758666992
2581,10.339301109313965
2582,8.191308975219727
2583,7.8540544509887695
2584,6.620144844055176
2585,5.524654865264893
2586,3.839313268661499
2587,7.934517860412598
2588,4.908689975738525
2589,4.0650553703308105
2590,7.551548004150391
2591,6.931419372558594
2592,12.383194923400879
2593,10.37166690826416
2594,27.218868255615234
2595,12.623113632202148
2596,13.84721851348877
2597,10.598954200744629
2598,12.178890228271484
2599,12.028512954711914
2600,8.645853996276855
2601,4.355103015899658
2602,13.782358169555664
2603,14.339920043945312
2604,6.55006217956543
2605,9.362385749816895
2606,10.847167015075684
2607,20.131357192993164
2608,15.539961814880371
2609,18.5875301361084
2610,15.40073013305664
2611,16.951749801635742
2612,11.89499568939209
2613,11.896401405334473
2614,18.575590133666992
2615,17.03691291809082
2616,15.870526313781738
2617,14.617987632751465
2618,12.154668807983398
2619,20.529394149780273
2620,12.81234359741211
2621,15.814420700073242
2622,19.59284019470215
2623,10.572511672973633
2624,21.168981552124023
2625,16.591665267944336
2626,14.311665534973145
2627,10.914971351623535
2628,17.949901580810547
2629,12.920750617980957
2630,9.873327255249023
2631,5.3588786125183105
2632,6.846360683441162
2633,9.593250274658203
2634,8.815217018127441
2635,17.165733337402344
2636,9.791653633117676
2637,9.95728588104248
2638,10.433903694152832
2639,13.6423921585083
2640,16.69658088684082
2641,21.677734375
2642,15.672043800354004
2643,18.787979125976562
2644,16.61741065979004
2645,17.540727615356445
2646,8.921479225158691
2647,9.84781265258789
2648,10.057243347167969
2649,11.859587669372559
2650,11.094942092895508
2651,9.53317928314209
2652,7.787241458892822
2653,6.686389446258545
2654,20.56252098083496
2655,11.299705505371094
2656,16.011272430419922
2657,22.342397689819336
2658,14.742355346679688
2659,13.188722610473633
2660,16.569032669067383
2661,14.819640159606934
2662,12.675984382629395
2663,9.558700561523438
2664,9.2319917678833
2665,10.395337104797363
2666,6.91250467300415
2667,7.679847240447998
2668,8.906511306762695
2669,6.815539836883545
2670,11.214156150817871
2671,13.466818809509277
2672,9.46298599243164
2673,12.075279235839844
2674,7.320211887359619
2675,7.728636741638184
2676,12.354698181152344
2677,11.193017959594727
2678,7.801002025604248
2679,14.081332206726074
2680,10.062079429626465
2681,10.142452239990234
2682,11.588898658752441
2683,12.436663627624512
2684,10.744016647338867
2685,8.393646240234375
2686,6.917231559753418
2687,9.917219161987305
2688,8.75019645690918
2689,7.860100269317627
2690,7.120015621185303
2691,6.898003578186035
2692,8.705633163452148
2693,5.366792678833008
2694,4.319490432739258
2695,2.1847736835479736
2696,8.852519035339355
2697,6.151108741760254
2698,6.544596195220947
2699,11.651638984680176
2700,13.810126304626465
2701,11.819256782531738
2702,17.505199432373047
2703,19.395769119262695
2704,22.815275192260742
2705,16.274417877197266
2706,10.608366966247559
2707,11.874970436096191
2708,6.743122100830078
2709,8.55429458618164
2710,14.989643096923828
2711,12.639296531677246
2712,9.442680358886719
2713,10.266250610351562
2714,11.559417724609375
2715,10.739492416381836
2716,10.991928100585938
2717,12.515542984008789
2718,12.589364051818848
2719,7.638891696929932
2720,6.199554920196533
2721,6.216357707977295
2722,5.497743606567383
2723,7.492006778717041
2724,11.0791654586792
2725,4.460446834564209
2726,10.035116195678711
2727,6.429662704467773
2728,10.2972412109375
2729,5.193045139312744
2730,7.991422653198242
2731,8.597249031066895
2732,11.69421100616455
2733,8.487794876098633
2734,6.538078784942627
2735,7.835968494415283
2736,5.257025718688965
2737,9.517203330993652
2738,5.918212413787842
2739,10.793725967407227
2740,7.809445858001709
2741,8.003100395202637
2742,5.933130264282227
2743,11.097858428955078
2744,12.292939186096191
2745,12.471257209777832
2746,11.446017265319824
2747,12.6799898147583
2748,18.855791091918945
2749,14.923748970031738
2750,9.93838882446289
2751,8.556410789489746
2752,13.410710334777832
2753,11.100622177124023
2754,7.907685279846191
2755,13.884751319885254
2756,9.891430854797363
2757,17.043222427368164
2758,12.470107078552246
2759,12.760641098022461
2760,14.461636543273926
2761,10.013022422790527
2762,7.836869716644287
2763,11.107257843017578
2764,10.399344444274902
2765,8.722285270690918
2766,11.336750030517578
2767,5.853225231170654
2768,6.680957794189453
2769,8.595914840698242
2770,9.273114204406738
2771,4.772634983062744
2772,14.252406120300293
2773,16.596158981323242
2774,15.370036125183105
2775,21.938127517700195
2776,20.94417381286621
2777,18.69261360168457
2778,12.402719497680664
2779,18.054622650146484
2780,22.882999420166016
2781,11.791999816894531
2782,9.931181907653809
2783,9.385785102844238
2784,13.388556480407715
2785,12.946895599365234
2786,11.162938117980957
2787,13.150894165039062
2788,12.502388954162598
2789,10.786580085754395
2790,10.396482467651367
2791,8.140891075134277
2792,9.473529815673828
2793,6.804399490356445
2794,12.64643669128418
2795,12.55423641204834
2796,10.451892852783203
2797,10.078292846679688
2798,9.171201705932617
2799,11.490962028503418
2800,5.070537567138672
2801,10.37636661529541
2802,7.547754287719727
2803,7.321855068206787
2804,7.5616278648376465
2805,10.542786598205566
2806,11.540151596069336
2807,14.924816131591797
2808,16.289791107177734
2809,9.353363037109375
2810,16.577579498291016
2811,13.48278522491455
2812,8.109827041625977
2813,10.881180763244629
2814,12.753118515014648
2815,5.633659362792969
2816,10.026261329650879
2817,11.225568771362305
2818,13.54334831237793
2819,13.203448295593262
2820,15.347020149230957
2821,19.41231346130371
2822,20.473369598388672
2823,22.251300811767578
2824,9.583513259887695
2825,3.608720541000366
2826,5.466933250427246
2827,8.713314056396484
2828,8.641580581665039
2829,9.860060691833496
2830,12.11711597442627
2831,9.53376293182373
2832,5.910970687866211
2833,7.89532470703125
2834,8.710376739501953
2835,7.5734028816223145
2836,7.925395965576172
2837,10.47657299041748
2838,13.11791706085205
2839,15.108506202697754
2840,14.834104537963867
2841,23.73630142211914
2842,17.94786834716797
2843,26.509315490722656
2844,17.644758224487305
2845,13.8059663772583
2846,7.563704967498779
2847,6.530128002166748
2848,5.90683126449585
2849,10.525294303894043
2850,9.907039642333984
2851,6.917828559875488
2852,8.467650413513184
2853,6.420348644256592
2854,7.375855922698975
2855,7.603921890258789
2856,6.876193523406982
2857,10.37996768951416
2858,11.175178527832031
2859,17.14838409423828
2860,17.51544952392578
2861,15.206169128417969
2862,16.67793083190918
2863,15.99124813079834
2864,14.94973087310791
2865,19.410709381103516
2866,13.194589614868164
2867,14.186982154846191
2868,8.14658260345459
2869,7.634943008422852
2870,5.036306858062744
2871,3.096958637237549
2872,4.492495536804199
2873,2.738189697265625
2874,2.608675956726074
2875,7.5037922859191895
2876,3.9454598426818848
2877,4.430539131164551
2878,7.773473739624023
2879,12.91264820098877
2880,19.877790451049805
2881,14.519879341125488
2882,14.734658241271973
2883,18.954891204833984
2884,13.860812187194824
2885,16.674253463745117
2886,15.737119674682617
2887,12.648008346557617
2888,11.25036907196045
2889,10.278165817260742
2890,8.035504341125488
2891,6.551442623138428
2892,10.175458908081055
2893,9.388460159301758
2894,11.006214141845703
2895,12.052007675170898
2896,10.132944107055664
2897,12.076017379760742
2898,15.196820259094238
2899,22.172367095947266
2900,26.5015869140625
2901,23.050010681152344
2902,24.482099533081055
2903,25.57378578186035
2904,29.078567504882812
2905,15.723329544067383
2906,11.386921882629395
2907,13.538543701171875
2908,12.929332733154297
2909,8.302984237670898
2910,7.242029190063477
2911,7.978312969207764
2912,8.547861099243164
2913,14.512377738952637
2914,14.207069396972656
2915,10.510523796081543
2916,13.437604904174805
2917,10.416126251220703
2918,14.673104286193848
2919,11.958111763000488
2920,6.174990177154541
2921,14.025103569030762
2922,23.281269073486328
2923,13.115846633911133
2924,12.310635566711426
2925,15.136407852172852
2926,25.31455421447754
2927,15.171727180480957
2928,12.705697059631348
2929,14.581695556640625
2930,7.392138481140137
2931,12.914910316467285
2932,16.416717529296875
2933,13.152782440185547
2934,18.24030876159668
2935,11.099825859069824
2936,13.746831893920898
2937,9.957511901855469
2938,9.846041679382324
2939,7.511704921722412
2940,4.647933483123779
2941,7.79946231842041
2942,9.96293830871582
2943,9.564977645874023
2944,10.044236183166504
2945,11.057568550109863
2946,12.653521537780762
2947,14.747363090515137
2948,14.09529972076416
2949,16.661325454711914
2950,15.323486328125
2951,10.179342269897461
2952,13.370421409606934
2953,9.07572078704834
2954,9.670541763305664
2955,6.726175308227539
2956,6.586935520172119
2957,6.894567966461182
2958,5.7166266441345215
2959,6.001670837402344
2960,4.211487293243408
2961,6.64519739151001
2962,4.865979194641113
2963,5.832655906677246
2964,16.789522171020508
2965,14.416053771972656
2966,18.50971031188965
2967,15.302223205566406
2968,15.523282051086426
2969,22.824901580810547
2970,16.646867752075195
2971,13.212501525878906
2972,12.952592849731445
2973,10.045095443725586
2974,5.761795520782471
2975,7.273904323577881
2976,8.917362213134766
2977,10.43153190612793
2978,11.691868782043457
2979,10.98798942565918
2980,14.217490196228027
2981,20.383899688720703
2982,18.289060592651367
2983,9.081432342529297
2984,12.17679500579834
2985,12.168368339538574
2986,15.3678617477417
2987,10.235238075256348
2988,16.45184898376465
2989,11.99135684967041
2990,12.607300758361816
2991,10.03502082824707
2992,7.003240585327148
2993,5.035338878631592
2994,7.502908229827881
2995,6.9884114265441895
2996,7.424293518066406
2997,14.165724754333496
2998,9.11987018585205
2999,10.818094253540039
3000,7.800597667694092
3001,11.536406517028809
3002,7.0071587562561035
3003,7.174185276031494
3004,4.074652194976807
3005,3.8839893341064453
3006,2.9321794509887695
3007,5.2225141525268555
3008,8.45727825164795
3009,11.838334083557129
3010,11.859147071838379
3011,12.602072715759277
3012,9.381799697875977
3013,15.530259132385254
3014,15.156965255737305
3015,11.892647743225098
3016,11.961444854736328
3017,12.13550090789795
3018,16.17469024658203
3019,15.503692626953125
3020,3.957186698913574
3021,6.989192485809326
3022,7.427645206451416
3023,8.115124702453613
3024,8.674097061157227
3025,9.267654418945312
3026,12.06903076171875
3027,16.017427444458008
3028,16.130455017089844
3029,17.61900520324707
3030,13.55799388885498
3031,13.351151466369629
3032,13.114754676818848
3033,12.345075607299805
3034,12.245462417602539
3035,14.798072814941406
3036,6.307746887207031
3037,6.295722961425781
3038,10.330554008483887
3039,12.02072525024414
3040,10.22612476348877
3041,11.972147941589355
3042,10.85348892211914
3043,10.710536003112793
3044,20.549428939819336
3045,13.58399772644043
3046,9.888639450073242
3047,12.342671394348145
3048,12.5035400390625
3049,16.622852325439453
3050,17.91749382019043
3051,17.58172035217285
3052,10.486080169677734
3053,12.619486808776855
3054,15.165263175964355
3055,9.706705093383789
3056,4.769149303436279
3057,8.912324905395508
3058,8.940773963928223
3059,8.474099159240723
3060,9.208650588989258
3061,15.661857604980469
3062,17.14289093017578
3063,16.3724422454834
3064,16.790260314941406
3065,14.040057182312012
3066,15.245148658752441
3067,9.309663772583008
3068,9.18708324432373
3069,4.733772277832031
3070,5.2834978103637695
3071,6.606912136077881
3072,9.03182315826416
3073,6.1816020011901855
3074,10.888068199157715
3075,14.641995429992676
3076,10.095484733581543
3077,6.776657581329346
3078,9.05672836303711
3079,9.049941062927246
3080,16.05182456970215
3081,24.511999130249023
3082,19.107107162475586
3083,15.540851593017578
3084,14.375782012939453
3085,10.908751487731934
3086,10.669312477111816
3087,12.47453498840332
3088,8.892473220825195
3089,10.059859275817871
3090,6.932253837585449
3091,10.453229904174805
3092,10.826447486877441
3093,12.19187068939209
3094,8.48221492767334
3095,11.71483325958252
3096,14.305490493774414
3097,8.116601943969727
3098,12.18779468536377
3099,12.205069541931152
3100,10.029865264892578
3101,9.124284744262695
3102,12.053018569946289
3103,10.641971588134766
3104,10.628989219665527
3105,10.917455673217773
3106,14.365645408630371
3107,16.289119720458984
3108,18.727283477783203
3109,16.65241050720215
3110,8.446980476379395
3111,7.826984882354736
3112,12.531907081604004
3113,9.348773956298828
3114,12.363792419433594
3115,11.066130638122559
3116,11.586645126342773
3117,9.840818405151367
3118,9.412028312683105
3119,12.320029258728027
3120,9.420533180236816
3121,6.1434478759765625
3122,10.720023155212402
3123,6.544891834259033
3124,7.688993453979492
3125,15.53609561920166
3126,10.019442558288574
3127,13.858832359313965
3128,17.931983947753906
3129,16.76329231262207
3130,12.504854202270508
3131,9.90896987915039
3132,9.165709495544434
3133,9.580806732177734
3134,9.988635063171387
3135,9.77767562866211
3136,9.03869915008545
3137,8.055041313171387
3138,8.324228286743164
3139,9.210494041442871
3140,11.094894409179688
3141,10.35826587677002
3142,13.358129501342773
3143,10.928385734558105
3144,10.220213890075684
3145,8.06000804901123
3146,14.506547927856445
3147,12.374451637268066
3148,13.804912567138672
3149,10.294103622436523
3150,15.322571754455566
3151,18.223278045654297
3152,14.71786117553711
3153,12.78464412689209
3154,10.047558784484863
3155,10.5208740234375
3156,10.88202953338623
3157,10.862767219543457
3158,6.36372709274292
3159,12.564861297607422
3160,13.356640815734863
3161,17.28603744506836
3162,11.768603324890137
3163,9.197575569152832
3164,8.870767593383789
3165,16.689838409423828
3166,13.993965148925781
3167,18.364267349243164
3168,18.813692092895508
3169,17.07698631286621
3170,18.059669494628906
3171,14.161090850830078
3172,18.936302185058594
3173,23.97325325012207
3174,16.972759246826172
3175,12.601441383361816
3176,13.958817481994629
3177,10.214707374572754
3178,11.756117820739746
3179,11.554390907287598
3180,10.397273063659668
3181,9.140480995178223
3182,4.502401351928711
3183,7.396667957305908
3184,7.30094575881958
3185,6.838351726531982
3186,5.983058452606201
3187,8.945907592773438
3188,12.395116806030273
3189,23.460613250732422
3190,18.235641479492188
3191,20.805347442626953
3192,18.884601593017578
3193,12.364578247070312
3194,17.2413330078125
3195,15.69361400604248
3196,10.017999649047852
3197,10.685134887695312
3198,5.298539161682129
3199,8.674126625061035
3200,6.885278224945068
3201,9.873231887817383
3202,9.433014869689941
3203,12.137928009033203
3204,7.305607318878174
3205,7.266055583953857
3206,9.564801216125488
3207,14.361477851867676
3208,10.24129581451416
3209,29.878280639648438
3210,36.34677505493164
3211,15.127730369567871
3212,24.39104652404785
3213,21.327241897583008
3214,19.563199996948242
3215,21.33090591430664
3216,20.207012176513672
3217,15.790323257446289
3218,9.614377975463867
3219,7.265181541442871
3220,10.595229148864746
3221,9.883796691894531
3222,10.559412956237793
3223,10.68503475189209
3224,12.334346771240234
3225,8.137553215026855
3226,12.373496055603027
3227,10.373002052307129
3228,11.672029495239258
3229,12.509930610656738
3230,17.393163681030273
3231,13.616039276123047
3232,7.473965167999268
3233,13.521799087524414
3234,15.404146194458008
3235,10.533082962036133
3236,10.113174438476562
3237,7.642931938171387
3238,7.910724639892578
3239,7.5733489990234375
3240,4.952817916870117
3241,8.027189254760742
3242,9.985682487487793
3243,5.613387107849121
3244,8.230843544006348
3245,7.619389057159424
3246,4.518542766571045
3247,4.637611389160156
3248,8.500493049621582
3249,10.994719505310059
3250,11.761452674865723
3251,12.67997932434082
3252,14.338288307189941
3253,14.356341361999512
3254,16.333539962768555
3255,15.166536331176758
3256,14.257609367370605
3257,9.89753532409668
3258,5.6578545570373535
3259,6.2698235511779785
3260,4.462290287017822
3261,1.3330203294754028
3262,1.077789306640625
3263,3.9959263801574707
3264,8.409073829650879
3265,10.22531509399414
3266,8.862546920776367
3267,7.387997627258301
3268,12.137636184692383
3269,10.411637306213379
3270,11.72309684753418
3271,15.646142959594727
3272,16.919410705566406
3273,18.072437286376953
3274,17.020662307739258
3275,17.2940616607666
3276,19.853736877441406
3277,11.49013614654541
3278,12.626936912536621
3279,14.4806547164917
3280,8.990273475646973
3281,18.368642807006836
3282,7.574902534484863
3283,9.215303421020508
3284,10.551097869873047
3285,9.250426292419434
3286,11.433404922485352
3287,8.637038230895996
3288,9.623347282409668
3289,8.81039047241211
3290,7.22066593170166
3291,5.182766914367676
3292,8.685502052307129
3293,9.193855285644531
3294,13.890321731567383
3295,8.116838455200195
3296,11.347939491271973
3297,11.272538185119629
3298,9.476401329040527
3299,11.55418586730957
3300,12.621125221252441
3301,16.830055236816406
3302,14.789872169494629
3303,20.8219051361084
3304,13.589350700378418
3305,16.284860610961914
3306,16.44244384765625
3307,17.439197540283203
3308,13.01535415649414
3309,13.33785343170166
3310,12.193344116210938
3311,9.884998321533203
3312,8.15156078338623
3313,7.65729284286499
3314,6.8659162521362305
3315,11.046815872192383
3316,7.649983882904053
3317,18.899385452270508
3318,15.746582984924316
3319,16.04865264892578
3320,25.75567054748535
3321,19.390459060668945
3322,20.64653778076172
3323,14.831072807312012
3324,16.966548919677734
3325,13.678237915039062
3326,12.244635581970215
3327,15.824434280395508
3328,11.436578750610352
3329,11.494178771972656
3330,6.3041462898254395
3331,13.032980918884277
3332,10.909330368041992
3333,11.71390151977539
3334,9.805649757385254
3335,11.068985939025879
3336,14.878729820251465
3337,16.42240333557129
3338,16.367515563964844
3339,15.928243637084961
3340,14.30733871459961
3341,14.24898624420166
3342,10.25121021270752
3343,6.878303527832031
3344,9.326635360717773
3345,7.821123123168945
3346,10.023258209228516
3347,11.201178550720215
3348,19.350292205810547
3349,17.851787567138672
3350,17.209569931030273
3351,23.302562713623047
3352,30.23003578186035
3353,25.83686637878418
3354,17.55229377746582
3355,14.665361404418945
3356,17.73402214050293
3357,49.176448822021484
3358,30.58846664428711
3359,12.502982139587402
3360,14.834107398986816
3361,22.997453689575195
3362,19.436309814453125
3363,15.14606761932373
3364,13.63950252532959
3365,9.508025169372559
3366,14.087224960327148
3367,13.913609504699707
3368,15.77381420135498
3369,14.686172485351562
3370,9.751004219055176
3371,15.822404861450195
3372,17.080795288085938
3373,14.699116706848145
3374,15.88154411315918
3375,12.191537857055664
3376,10.647782325744629
3377,9.268879890441895
3378,12.632445335388184
3379,9.475835800170898
3380,11.215014457702637
3381,8.168079376220703
3382,6.995046615600586
3383,8.784914016723633
3384,7.942317008972168
3385,4.890730857849121
3386,6.319382190704346
3387,8.289284706115723
3388,11.973183631896973
3389,11.091917037963867
3390,11.134391784667969
3391,9.923547744750977
3392,13.725018501281738
3393,16.20903205871582
3394,12.764283180236816
3395,12.293557167053223
3396,10.599555015563965
3397,6.2611470222473145
3398,7.485408306121826
3399,8.741350173950195
3400,14.87142562866211
3401,7.60930871963501
3402,11.070232391357422
3403,10.698253631591797
3404,14.71199893951416
3405,14.336638450622559
3406,13.429366111755371
3407,10.018514633178711
3408,14.023401260375977
3409,10.917838096618652
3410,11.494596481323242
3411,17.083110809326172
3412,14.191126823425293
3413,13.44930648803711
3414,16.57914161682129
3415,13.008061408996582
3416,17.77143669128418
3417,14.627755165100098
3418,11.355298042297363
3419,9.216382026672363
3420,12.360095977783203
3421,6.0645856857299805
3422,9.592204093933105
3423,12.713912963867188
3424,13.77724552154541
3425,14.416967391967773
3426,13.572381019592285
3427,10.103448867797852
3428,11.58812141418457
3429,8.295912742614746
3430,12.416899681091309
3431,14.0548734664917
3432,14.07552433013916
3433,15.306990623474121
3434,10.59780502319336
3435,14.186661720275879
3436,12.791872024536133
3437,16.895023345947266
3438,13.029982566833496
3439,9.739782333374023
3440,5.91841983795166
3441,5.457223415374756
3442,5.375951290130615
3443,10.74947738647461
3444,8.282231330871582
3445,12.025766372680664
3446,9.059806823730469
3447,10.573311805725098
3448,10.976816177368164
3449,11.498445510864258
3450,8.334572792053223
3451,10.536380767822266
3452,8.370854377746582
3453,13.302667617797852
3454,7.440197467803955
3455,12.028434753417969
3456,12.041778564453125
3457,13.798189163208008
3458,10.640625953674316
3459,11.084357261657715
3460,14.257946014404297
3461,9.59333610534668
3462,13.589462280273438
3463,9.633307456970215
3464,17.45583724975586
3465,10.83503246307373
3466,13.663854598999023
3467,19.628719329833984
3468,15.077594757080078
3469,18.112590789794922
3470,18.296653747558594
3471,11.44994831085205
3472,14.344884872436523
3473,17.200214385986328
3474,15.771072387695312
3475,15.166658401489258
3476,12.502145767211914
3477,15.717991828918457
3478,15.219807624816895
3479,14.031039237976074
3480,8.582454681396484
3481,14.192728996276855
3482,10.590192794799805
3483,8.31686019897461
3484,8.236953735351562
3485,10.14747428894043
3486,16.520971298217773
3487,15.765310287475586
3488,11.024857521057129
3489,12.214517593383789
3490,12.577595710754395
3491,13.618163108825684
3492,12.65546703338623
3493,9.381746292114258
3494,9.214167594909668
3495,10.682782173156738
3496,13.062530517578125
3497,14.29980182647705
3498,8.601629257202148
3499,10.457122802734375
3500,12.901187896728516
3501,13.50940227508545
3502,18.231935501098633
3503,13.807342529296875
3504,20.185640335083008
3505,15.84926986694336
3506,12.207832336425781
3507,9.909391403198242
3508,11.953957557678223
3509,9.480271339416504
3510,5.10797643661499
3511,6.247683048248291
3512,4.373341083526611
3513,2.9305479526519775
3514,2.1582961082458496
3515,3.7127676010131836
3516,4.649940490722656
3517,9.787109375
3518,5.451932430267334
3519,9.985649108886719
3520,12.572997093200684
3521,10.569276809692383
3522,15.641129493713379
3523,11.555745124816895
3524,12.331427574157715
3525,14.957666397094727
3526,13.255845069885254
3527,7.23873233795166
3528,9.458354949951172
3529,4.210879802703857
3530,6.771728038787842
3531,3.664466381072998
3532,5.042603015899658
3533,4.82578182220459
3534,9.250022888183594
3535,9.30156421661377
3536,12.006648063659668
3537,24.877777099609375
3538,27.429134368896484
3539,25.074861526489258
3540,22.178068161010742
3541,23.216224670410156
3542,16.014301300048828
3543,20.414213180541992
3544,11.296782493591309
3545,8.93979263305664
3546,6.125359535217285
3547,4.244795799255371
3548,5.765998840332031
3549,8.312089920043945
3550,10.10144329071045
3551,11.327177047729492
3552,7.473612308502197
3553,7.824892520904541
3554,13.366101264953613
3555,23.022804260253906
3556,19.618228912353516
3557,26.30496597290039
3558,21.01805877685547
3559,20.562713623046875
3560,28.38271141052246
3561,22.792404174804688
3562,15.891570091247559
3563,29.431007385253906
3564,26.98550033569336
3565,16.839570999145508
3566,16.61016082763672
3567,8.773540496826172
3568,8.089426040649414
3569,7.8775200843811035
3570,4.599301815032959
3571,5.001032829284668
3572,5.971268653869629
3573,6.152885913848877
3574,4.141232013702393
3575,4.633717060089111
3576,1.6229695081710815
3577,4.424860000610352
3578,3.4505627155303955
3579,4.980539321899414
3580,7.372450351715088
3581,13.734051704406738
3582,14.069513320922852
3583,12.417579650878906
3584,15.829631805419922
3585,13.342278480529785
3586,14.833707809448242
3587,12.349835395812988
3588,13.82699203491211
3589,14.619637489318848
3590,13.374640464782715
3591,13.874054908752441
3592,9.925713539123535
3593,10.056089401245117
3594,10.81778621673584
3595,14.983263969421387
3596,8.724946975708008
3597,9.094891548156738
3598,11.190506935119629
3599,7.531453609466553
3600,9.085994720458984
3601,10.716681480407715
3602,9.122539520263672
3603,13.336282730102539
3604,8.733585357666016
3605,10.22588062286377
3606,8.12486743927002
3607,8.235739707946777
3608,13.563411712646484
3609,10.572681427001953
3610,9.732626914978027
3611,9.311957359313965
3612,9.680745124816895
3613,14.15587329864502
3614,12.29868221282959
3615,13.899288177490234
3616,16.354732513427734
3617,15.257102966308594
3618,8.889447212219238
3619,8.299242973327637
3620,7.720423221588135
3621,10.91567325592041
3622,7.352488994598389
3623,7.682671070098877
3624,16.30773162841797
3625,12.648118019104004
3626,12.946561813354492
3627,15.473237037658691
3628,11.357015609741211
3629,13.660439491271973
3630,14.349177360534668
3631,18.126821517944336
3632,24.27494239807129
3633,15.298616409301758
3634,11.439119338989258
3635,11.144205093383789
3636,13.783395767211914
3637,12.680619239807129
3638,11.271634101867676
3639,7.973516464233398
3640,3.9319419860839844
3641,1.339038610458374
3642,1.0758837461471558
3643,3.838216781616211
3644,6.177755355834961
3645,10.134469985961914
3646,8.513861656188965
3647,10.391681671142578
3648,11.236045837402344
3649,9.308308601379395
3650,13.580915451049805
3651,12.490043640136719
3652,15.486595153808594
3653,10.855838775634766
3654,9.528676986694336
3655,6.775582790374756
3656,7.568116188049316
3657,9.9818754196167
3658,13.00067138671875
3659,16.410280227661133
3660,16.253206253051758
3661,17.75918960571289
3662,15.338515281677246
3663,17.883928298950195
3664,13.308731079101562
3665,15.876115798950195
3666,15.427436828613281
3667,11.190299987792969
3668,13.028959274291992
3669,13.854378700256348
3670,14.658093452453613
3671,11.028141975402832
3672,12.378697395324707
3673,9.629965782165527
3674,6.869123935699463
3675,7.689055919647217
3676,9.507035255432129
3677,10.250016212463379
3678,9.544919967651367
3679,10.864724159240723
3680,11.022322654724121
3681,8.370838165283203
3682,14.06712818145752
3683,11.78403091430664
3684,13.489738464355469
3685,12.875277519226074
3686,13.151086807250977
3687,15.280649185180664
3688,11.355777740478516
3689,12.89636516571045
3690,8.752681732177734
3691,13.097189903259277
3692,19.216726303100586
3693,16.06898307800293
3694,11.459088325500488
3695,12.092137336730957
3696,13.189565658569336
3697,9.622405052185059
3698,12.67477798461914
3699,11.635781288146973
3700,13.590900421142578
3701,13.003690719604492
3702,11.007128715515137
3703,7.634268283843994
3704,8.603463172912598
3705,5.931791305541992
3706,7.863063335418701
3707,10.859912872314453
3708,7.2799577713012695
3709,8.233585357666016
3710,11.562427520751953
3711,9.858137130737305
3712,11.634222030639648
3713,6.765091896057129
3714,9.049639701843262
3715,6.779452800750732
3716,16.876556396484375
3717,10.098906517028809
3718,23.121898651123047
3719,11.312873840332031
3720,10.373779296875
3721,16.97540283203125
3722,16.441287994384766
3723,20.223834991455078
3724,13.431166648864746
3725,13.825729370117188
3726,11.683832168579102
3727,10.627970695495605
3728,10.630313873291016
3729,14.086858749389648
3730,11.583352088928223
3731,9.449860572814941
3732,6.907488822937012
3733,9.517106056213379
3734,9.401702880859375
3735,5.177603244781494
3736,4.737700939178467
3737,9.599601745605469
3738,18.25244140625
3739,9.93498420715332
3740,18.749704360961914
3741,14.821168899536133
3742,19.674423217773438
3743,21.46739387512207
3744,17.781909942626953
3745,20.809829711914062
3746,18.285112380981445
3747,10.533605575561523
3748,10.627622604370117
3749,11.03110122680664
3750,9.404240608215332
3751,10.987751007080078
3752,6.426898002624512
3753,8.797679901123047
3754,8.832466125488281
3755,11.841514587402344
3756,8.129549980163574
3757,8.842131614685059
3758,8.626079559326172
3759,9.021649360656738
3760,10.319157600402832
3761,16.540372848510742
3762,9.194129943847656
3763,12.052580833435059
3764,12.618934631347656
3765,7.368274211883545
3766,5.837475776672363
3767,3.3422837257385254
3768,3.538097858428955
3769,5.467586517333984
3770,6.5895795822143555
3771,7.830484867095947
3772,14.136957168579102
3773,16.91912269592285
3774,11.146932601928711
3775,17.976049423217773
3776,17.51226806640625
3777,17.523712158203125
3778,16.380281448364258
3779,14.48753547668457
3780,11.694145202636719
3781,11.83967113494873
3782,13.36383056640625
3783,9.262805938720703
3784,13.57895565032959
3785,12.848247528076172
3786,15.846599578857422
3787,11.011221885681152
3788,9.4781494140625
3789,12.296686172485352
3790,8.932331085205078
3791,12.191802024841309
3792,13.799370765686035
3793,13.215140342712402
3794,18.785085678100586
3795,15.05031967163086
3796,24.741167068481445
3797,13.804524421691895
3798,14.805631637573242
3799,13.20323657989502
3800,11.202402114868164
3801,7.242670059204102
3802,9.819196701049805
3803,6.287594795227051
3804,9.835058212280273
3805,7.634921550750732
3806,11.739835739135742
3807,9.70473861694336
3808,9.629297256469727
3809,6.80207633972168
3810,6.724546909332275
3811,7.516652584075928
3812,9.536749839782715
3813,10.062257766723633
3814,13.525007247924805
3815,10.84233283996582
3816,11.237946510314941
3817,10.876913070678711
3818,13.197582244873047
3819,8.321161270141602
3820,11.92361068725586
3821,15.539203643798828
3822,9.190906524658203
3823,14.93212604522705
3824,12.975971221923828
3825,14.525020599365234
3826,16.693143844604492
3827,13.21515941619873
3828,13.088678359985352
3829,15.327184677124023
3830,8.222021102905273
3831,14.531559944152832
3832,8.730178833007812
3833,6.074387550354004
3834,4.213836193084717
3835,9.552993774414062
3836,9.375117301940918
3837,13.16169548034668
3838,12.968331336975098
3839,8.229391098022461
3840,8.008774757385254
3841,12.675128936767578
3842,7.983072757720947
3843,4.89484167098999
3844,2.5139667987823486
3845,16.924144744873047
3846,16.89120101928711
3847,21.16298484802246
3848,20.163341522216797
3849,23.008573532104492
3850,25.70285415649414
3851,19.68646812438965
3852,19.675704956054688
3853,20.490543365478516
3854,24.951990127563477
3855,17.39286231994629
3856,14.842158317565918
3857,15.493816375732422
3858,14.192742347717285
3859,17.89643669128418
3860,13.015624046325684
3861,15.969730377197266
3862,13.119503021240234
3863,13.383460998535156
3864,9.511916160583496
3865,7.225524425506592
3866,10.539198875427246
3867,9.417253494262695
3868,11.368091583251953
3869,10.092101097106934
3870,12.13335132598877
3871,10.964842796325684
3872,19.31210708618164
3873,11.913106918334961
3874,9.687154769897461
3875,11.1704740524292
3876,6.788178443908691
3877,9.488211631774902
3878,10.881863594055176
3879,11.313584327697754
3880,9.848094940185547
3881,9.002842903137207
3882,11.775355339050293
3883,10.945136070251465
3884,7.349538326263428
3885,6.122175216674805
3886,6.248583793640137
3887,7.449405193328857
3888,6.781621932983398
3889,7.874323844909668
3890,7.842230796813965
3891,9.354220390319824
3892,9.42164421081543
3893,10.771617889404297
3894,9.238765716552734
3895,15.685077667236328
3896,8.539495468139648
3897,13.730884552001953
3898,10.995577812194824
3899,11.053318977355957
3900,11.212985038757324
3901,17.022254943847656
3902,17.089038848876953
3903,15.297102928161621
3904,18.110183715820312
3905,13.774374961853027
3906,9.116808891296387
3907,11.286666870117188
3908,12.90667724609375
3909,8.75771427154541
3910,9.025435447692871
3911,13.92520523071289
3912,20.160654067993164
3913,10.911580085754395
3914,12.834038734436035
3915,16.50199317932129
3916,15.454249382019043
3917,14.777409553527832
3918,22.333250045776367
3919,13.005415916442871
3920,15.474055290222168
3921,11.310733795166016
3922,18.001277923583984
3923,16.25809097290039
3924,18.419790267944336
3925,19.70252227783203
3926,13.802239418029785
3927,13.772481918334961
3928,13.353503227233887
3929,7.401083469390869
3930,10.274023056030273
3931,14.77810287475586
3932,12.01686954498291
3933,16.878204345703125
3934,12.886197090148926
3935,15.884696960449219
3936,17.807910919189453
3937,14.684601783752441
3938,12.25576114654541
3939,13.61221981048584
3940,11.847163200378418
3941,8.61609935760498
3942,8.913105964660645
3943,7.401672840118408
3944,7.736171245574951
3945,8.455461502075195
3946,15.305543899536133
3947,18.07438087463379
3948,10.900641441345215
3949,12.748618125915527
3950,11.369850158691406
3951,7.041123867034912
3952,11.459328651428223
3953,7.6561279296875
3954,14.773567199707031
3955,8.909866333007812
3956,8.952142715454102
3957,9.157869338989258
3958,9.500523567199707
3959,11.71910285949707
3960,17.393566131591797
3961,13.50927448272705
3962,12.715777397155762
3963,14.061652183532715
3964,7.388840675354004
3965,12.941755294799805
3966,15.747918128967285
3967,9.315516471862793
3968,9.534892082214355
3969,10.663196563720703
3970,8.504531860351562
3971,10.203240394592285
3972,6.2581787109375
3973,10.61414623260498
3974,13.145297050476074
3975,18.265491485595703
3976,17.077674865722656
3977,14.268499374389648
3978,14.360589981079102
3979,14.77781867980957
3980,15.829668998718262
3981,13.061971664428711
3982,14.602616310119629
3983,14.437074661254883
3984,17.705177307128906
3985,16.17913055419922
3986,19.297977447509766
3987,19.19268035888672
3988,13.402448654174805
3989,11.917654037475586
3990,15.37243366241455
3991,8.43700122833252
3992,8.531579971313477
3993,6.058870792388916
3994,5.312006950378418
3995,9.531169891357422
3996,7.0622944831848145
3997,6.440967082977295
3998,7.315942287445068
3999,7.423118591308594
4000,9.61958122253418
4001,8.860750198364258
4002,9.80373764038086
4003,11.510795593261719
4004,10.093036651611328
4005,7.810513973236084
4006,6.798360347747803
4007,10.676034927368164
4008,13.065269470214844
4009,12.960371971130371
4010,12.198806762695312
4011,13.273855209350586
4012,11.262553215026855
4013,13.05575942993164
4014,15.189546585083008
4015,10.4085111618042
4016,19.003082275390625
4017,9.466530799865723
4018,12.40271282196045
4019,14.563465118408203
4020,10.887938499450684
4021,9.478296279907227
4022,11.345829963684082
4023,2.14343523979187
4024,3.717500686645508
4025,5.86970853805542
4026,9.491240501403809
4027,9.754809379577637
4028,8.403822898864746
4029,11.07512378692627
4030,19.203453063964844
4031,18.828500747680664
4032,22.33014678955078
4033,18.01837158203125
4034,12.984911918640137
4035,15.93576431274414
4036,12.774240493774414
4037,9.243937492370605
4038,5.708527088165283
4039,9.594600677490234
4040,8.07990837097168
4041,10.917054176330566
4042,10.343725204467773
4043,3.9655799865722656
4044,5.757237434387207
4045,7.79927396774292
4046,10.897541999816895
4047,10.711034774780273
4048,11.263965606689453
4049,10.25041675567627
4050,14.264996528625488
4051,15.787735939025879
4052,15.043903350830078
4053,13.727407455444336
4054,8.854043960571289
4055,12.250155448913574
4056,8.187864303588867
4057,11.969269752502441
4058,13.06687068939209
4059,7.073287487030029
4060,8.730198860168457
4061,7.581742763519287
4062,15.121088981628418
4063,18.01092529296875
4064,9.599040031433105
4065,11.692281723022461
4066,9.714310646057129
4067,11.25847053527832
4068,7.620909214019775
4069,13.906477928161621
4070,10.610241889953613
4071,11.554232597351074
4072,12.030496597290039
4073,19.159143447875977
4074,15.900764465332031
4075,15.291367530822754
4076,14.253371238708496
4077,12.010839462280273
4078,10.375487327575684
4079,12.74164867401123
4080,8.617338180541992
4081,7.983753204345703
4082,5.444517135620117
4083,5.939871788024902
4084,4.601294994354248
4085,9.30393123626709
4086,7.798191070556641
4087,10.539896011352539
4088,9.483997344970703
4089,7.288196086883545
4090,12.374101638793945
4091,13.168313026428223
4092,11.975316047668457
4093,10.236433029174805
4094,10.799912452697754
4095,21.45183563232422
4096,14.211350440979004
4097,7.292448997497559
4098,7.927384376525879
4099,14.020938873291016
4100,8.984655380249023
4101,10.306567192077637
4102,6.959602355957031
4103,13.397279739379883
4104,5.5017547607421875
4105,11.626569747924805
4106,9.770930290222168
4107,17.310749053955078
4108,14.712237358093262
4109,20.06077766418457
4110,24.78720474243164
4111,25.929292678833008
4112,20.112253189086914
4113,16.525068283081055
4114,12.323238372802734
4115,17.56975555419922
4116,6.034650802612305
4117,6.103021144866943
4118,11.026339530944824
4119,5.284992694854736
4120,8.415470123291016
4121,10.443463325500488
4122,10.335044860839844
4123,16.69039535522461
4124,14.293370246887207
4125,17.5147762298584
4126,15.800065040588379
4127,17.627098083496094
4128,8.967535018920898
4129,12.656333923339844
4130,11.99368953704834
4131,11.843877792358398
4132,9.737940788269043
4133,11.054537773132324
4134,13.076223373413086
4135,9.692749977111816
4136,9.832072257995605
4137,10.36337947845459
4138,10.127721786499023
4139,8.149298667907715
4140,9.165081024169922
4141,9.410734176635742
4142,12.975954055786133
4143,14.931849479675293
4144,15.460914611816406
4145,10.201240539550781
4146,12.071685791015625
4147,14.997820854187012
4148,10.706210136413574
4149,10.761148452758789
4150,11.539762496948242
4151,7.50143575668335
4152,11.089735984802246
4153,12.748481750488281
4154,13.177130699157715
4155,11.474082946777344
4156,11.273836135864258
4157,12.38322639465332
4158,8.751980781555176
4159,11.806657791137695
4160,12.782617568969727
4161,13.642601013183594
4162,6.858488082885742
4163,12.296228408813477
4164,12.005025863647461
4165,12.338041305541992
4166,8.965811729431152
4167,11.33008861541748
4168,9.556198120117188
4169,15.381756782531738
4170,16.652761459350586
4171,11.924276351928711
4172,9.710626602172852
4173,10.984373092651367
4174,9.697591781616211
4175,11.178271293640137
4176,9.458800315856934
4177,7.183714389801025
4178,10.275550842285156
4179,7.9455790519714355
4180,11.4844388961792
4181,9.150673866271973
4182,11.890998840332031
4183,11.571979522705078
4184,10.040886878967285
4185,13.626184463500977
4186,16.653766632080078
4187,14.075323104858398
4188,15.09084701538086
4189,8.520158767700195
4190,12.159588813781738
4191,14.776142120361328
4192,18.940982818603516
4193,11.466931343078613
4194,13.277880668640137
4195,15.249393463134766
4196,11.741853713989258
4197,7.62062406539917
4198,12.584396362304688
4199,10.770293235778809
4200,13.843667030334473
4201,12.125198364257812
4202,13.07361125946045
4203,16.31795310974121
4204,11.973931312561035
4205,15.418083190917969
4206,13.911870956420898
4207,14.087616920471191
4208,12.484665870666504
4209,11.329647064208984
4210,9.02329158782959
4211,9.018155097961426
4212,10.000388145446777
4213,10.610015869140625
4214,14.135961532592773
4215,14.659214973449707
4216,17.570274353027344
4217,18.794973373413086
4218,17.500770568847656
4219,16.354345321655273
4220,16.717023849487305
4221,20.936609268188477
4222,19.00636863708496
4223,14.834687232971191
4224,13.178403854370117
4225,15.507914543151855
4226,16.903732299804688
4227,10.573179244995117
4228,15.559331893920898
4229,12.880114555358887
4230,9.36721420288086
4231,10.821635246276855
4232,11.968626022338867
4233,11.23912525177002
4234,10.28731632232666
4235,12.718391418457031
4236,7.842875957489014
4237,10.611832618713379
4238,10.366947174072266
4239,9.209223747253418
4240,10.570026397705078
4241,9.169708251953125
4242,9.048687934875488
4243,6.508047103881836
4244,8.606086730957031
4245,9.914041519165039
4246,8.07568359375
4247,12.778080940246582
4248,14.228875160217285
4249,15.860481262207031
4250,10.850337028503418
4251,10.766067504882812
4252,11.804845809936523
4253,14.068323135375977
4254,12.736950874328613
4255,11.935970306396484
4256,14.627501487731934
4257,7.3036603927612305
4258,8.177677154541016
4259,9.864982604980469
4260,10.849143981933594
4261,11.619377136230469
4262,5.23681116104126
4263,13.439803123474121
4264,11.275922775268555
4265,9.348458290100098
4266,7.148800849914551
4267,10.636295318603516
4268,12.223773956298828
4269,12.6297025680542
4270,16.181798934936523
4271,16.689552307128906
4272,13.658266067504883
4273,16.5277042388916
4274,13.777752876281738
4275,12.31712818145752
4276,13.319863319396973
4277,12.04049015045166
4278,5.164656162261963
4279,7.34409761428833
4280,3.596334218978882
4281,7.01918888092041
4282,9.43353271484375
4283,7.1512322425842285
4284,6.292593002319336
4285,11.008930206298828
4286,13.740939140319824
4287,10.153199195861816
4288,10.972443580627441
4289,10.631053924560547
4290,14.716800689697266
4291,21.33733558654785
4292,26.681821823120117
4293,23.294513702392578
4294,13.831538200378418
4295,23.763887405395508
4296,14.354646682739258
4297,13.70256233215332
4298,11.257901191711426
4299,7.0443949699401855
4300,6.871621131896973
4301,12.595479011535645
4302,11.175200462341309
4303,13.495277404785156
4304,10.40981388092041
4305,11.517882347106934
4306,11.078415870666504
4307,12.142683982849121
4308,12.667527198791504
4309,10.762796401977539
4310,6.41958475112915
4311,14.900887489318848
4312,9.7100830078125
4313,6.4669623374938965
4314,7.109508991241455
4315,10.210151672363281
4316,14.403251647949219
4317,6.523890972137451
4318,10.341004371643066
4319,9.061875343322754
4320,10.799681663513184
4321,7.566970348358154
4322,7.99746561050415
4323,6.151885986328125
4324,7.574937343597412
4325,12.884443283081055
4326,14.321300506591797
4327,9.601775169372559
4328,13.769808769226074
4329,8.15743637084961
4330,9.798778533935547
4331,7.370738506317139
4332,7.760430812835693
4333,10.605937957763672
4334,12.106430053710938
4335,7.370875358581543
4336,8.54769515991211
4337,11.168440818786621
4338,14.45181941986084
4339,17.490381240844727
4340,10.27987289428711
4341,8.886988639831543
4342,10.468742370605469
4343,11.415179252624512
4344,11.688143730163574
4345,15.74091911315918
4346,18.15381622314453
4347,15.039837837219238
4348,13.154949188232422
4349,13.250866889953613
4350,15.82618522644043
4351,13.348931312561035
4352,8.089287757873535
4353,14.544254302978516
4354,17.35139274597168
4355,15.633543014526367
4356,22.393054962158203
4357,16.23362922668457
4358,12.462940216064453
4359,18.763273239135742
4360,15.926617622375488
4361,15.665730476379395
4362,14.1632719039917
4363,13.247777938842773
4364,6.726835250854492
4365,7.059286594390869
4366,7.594536781311035
4367,7.642617225646973
4368,3.1092705726623535
4369,5.334857940673828
4370,4.755481719970703
4371,1.2494357824325562
4372,4.1052374839782715
4373,4.40605354309082
4374,5.95401668548584
4375,5.4321112632751465
4376,10.3888521194458
4377,11.340320587158203
4378,8.72077751159668
4379,14.438311576843262
4380,12.988447189331055
4381,12.511934280395508
4382,10.545806884765625
4383,13.258801460266113
4384,11.487290382385254
4385,14.12784194946289
4386,12.636785507202148
4387,9.819260597229004
4388,10.270512580871582
4389,10.493096351623535
4390,9.525949478149414
4391,9.662418365478516
4392,8.880088806152344
4393,8.222740173339844
4394,7.648079872131348
4395,9.374055862426758
4396,8.172163009643555
4397,5.936346530914307
4398,5.286863803863525
4399,12.213726043701172
4400,15.231535911560059
4401,14.89167594909668
4402,15.67605209350586
4403,18.2276668548584
4404,18.733875274658203
4405,6.270638465881348
4406,9.695775032043457
4407,9.732024192810059
4408,12.553675651550293
4409,8.432270050048828
4410,9.101516723632812
4411,8.986327171325684
4412,7.805469512939453
4413,7.475677967071533
4414,8.903789520263672
4415,7.368450164794922
4416,12.05984115600586
4417,7.958441257476807
4418,12.678234100341797
4419,10.260298728942871
4420,16.31691551208496
4421,15.362574577331543
4422,11.983664512634277
4423,13.056379318237305
4424,11.279059410095215
4425,14.475281715393066
4426,11.076530456542969
4427,10.761656761169434
4428,10.686690330505371
4429,12.659683227539062
4430,12.75891399383545
4431,13.084512710571289
4432,18.0655517578125
4433,18.501588821411133
4434,17.3995418548584
4435,16.96579360961914
4436,27.33610725402832
4437,20.05242156982422
4438,13.50305461883545
4439,8.222702026367188
4440,13.799464225769043
4441,11.720877647399902
4442,9.446649551391602
4443,13.589800834655762
4444,10.211804389953613
4445,13.141427040100098
4446,7.657537460327148
4447,7.160510540008545
4448,8.55225658416748
4449,5.347748279571533
4450,10.74293327331543
4451,11.945427894592285
4452,11.154854774475098
4453,10.060138702392578
4454,10.15478801727295
4455,9.449033737182617
4456,13.349987030029297
4457,9.895528793334961
4458,5.984528541564941
4459,11.107027053833008
4460,9.105173110961914
4461,11.967320442199707
4462,8.947315216064453
4463,10.124863624572754
4464,11.0171537399292
4465,17.995311737060547
4466,10.721685409545898
4467,15.71044921875
4468,12.491551399230957
4469,10.54991340637207
4470,14.447002410888672
4471,15.280694961547852
4472,11.030056953430176
4473,13.721495628356934
4474,12.18707275390625
4475,12.22525405883789
4476,14.543108940124512
4477,14.732152938842773
4478,15.052070617675781
4479,9.86768627166748
4480,9.365694999694824
4481,14.097105026245117
4482,16.677900314331055
4483,8.659117698669434
4484,15.096495628356934
4485,11.489517211914062
4486,10.03256607055664
4487,8.44604778289795
4488,9.170486450195312
4489,7.705364227294922
4490,9.850090026855469
4491,13.31364631652832
4492,15.526383399963379
4493,13.965039253234863
4494,10.570253372192383
4495,11.32826042175293
4496,13.406987190246582
4497,16.558231353759766
4498,21.89906120300293
4499,17.209548950195312
4500,12.615885734558105
4501,9.03083610534668
4502,5.057558536529541
4503,10.53276538848877
4504,17.241527557373047
4505,10.497319221496582
4506,11.840095520019531
4507,10.379850387573242
4508,11.760915756225586
4509,11.81790828704834
4510,10.799835205078125
4511,9.741351127624512
4512,7.949314594268799
4513,9.9867582321167
4514,14.52265453338623
4515,15.117575645446777
4516,11.738748550415039
4517,10.658409118652344
4518,11.4491548538208
4519,11.086313247680664
4520,13.262236595153809
4521,13.916292190551758
4522,5.954718589782715
4523,7.334351539611816
4524,8.231950759887695
4525,9.256364822387695
4526,9.675613403320312
4527,8.18886661529541
4528,9.984484672546387
4529,9.64250373840332
4530,5.716561794281006
4531,4.5053935050964355
4532,6.57464599609375
4533,12.254066467285156
4534,14.858513832092285
4535,14.712562561035156
4536,16.278562545776367
4537,13.35918140411377
4538,13.496569633483887
4539,15.700984001159668
4540,14.736979484558105
4541,16.60101890563965
4542,13.684663772583008
4543,10.490367889404297
4544,16.648883819580078
4545,17.030311584472656
4546,11.58711051940918
4547,10.419787406921387
4548,14.206932067871094
4549,11.24843692779541
4550,6.396495342254639
4551,7.277832984924316
4552,9.975919723510742
4553,5.902040481567383
4554,4.976973056793213
4555,1.9239155054092407
4556,10.996272087097168
4557,8.966594696044922
4558,10.410149574279785
4559,9.085916519165039
4560,10.989115715026855
4561,9.299222946166992
4562,7.243986129760742
4563,7.020091533660889
4564,7.529286861419678
4565,3.8805932998657227
4566,5.375817775726318
4567,11.802123069763184
4568,13.60690975189209
4569,10.356355667114258
4570,8.393959999084473
4571,9.138921737670898
4572,12.446537017822266
4573,10.975271224975586
4574,10.785987854003906
4575,7.256392955780029
4576,10.857013702392578
4577,16.190351486206055
4578,17.63227653503418
4579,23.654024124145508
4580,22.022249221801758
4581,15.190153121948242
4582,16.6484317779541
4583,20.72020721435547
4584,20.982765197753906
4585,18.148874282836914
4586,9.264700889587402
4587,15.869908332824707
4588,9.459278106689453
4589,6.2455058097839355
4590,7.567167282104492
4591,5.5522966384887695
4592,4.598744869232178
4593,8.053319931030273
4594,16.86056900024414
4595,11.721049308776855
4596,12.298884391784668
4597,18.107858657836914
4598,13.906404495239258
4599,16.09021759033203
4600,19.646259307861328
4601,18.87971305847168
4602,15.46204662322998
4603,19.954439163208008
4604,10.731555938720703
4605,12.870089530944824
4606,11.09330940246582
4607,9.6273193359375
4608,9.57621955871582
4609,5.5846428871154785
4610,8.149317741394043
4611,6.8723320960998535
4612,5.502732276916504
4613,9.69097900390625
4614,14.303277015686035
4615,17.227413177490234
4616,20.22551918029785
4617,20.87139892578125
4618,21.478818893432617
4619,19.328704833984375
4620,14.155548095703125
4621,12.045275688171387
4622,14.471733093261719
4623,14.502896308898926
4624,8.327056884765625
4625,9.402259826660156
4626,6.424800395965576
4627,11.289976119995117
4628,11.796683311462402
4629,7.843130111694336
4630,10.536249160766602
4631,13.896995544433594
4632,12.52961254119873
4633,14.19495677947998
4634,14.313742637634277
4635,12.949664115905762
4636,10.221272468566895
4637,10.541448593139648
4638,9.455863952636719
4639,5.42194128036499
4640,4.399441242218018
4641,10.770112991333008
4642,13.280770301818848
4643,14.058731079101562
4644,11.928703308105469
4645,13.27936840057373
4646,13.612325668334961
4647,15.80118179321289
4648,18.519960403442383
4649,17.256418228149414
4650,14.000641822814941
4651,11.4964017868042
4652,7.214937210083008
4653,2.4502665996551514
4654,5.233499050140381
4655,10.01461124420166
4656,6.796893119812012
4657,6.785309314727783
4658,9.937942504882812
4659,12.900413513183594
4660,13.748652458190918
4661,16.08999252319336
4662,16.45716667175293
4663,17.554471969604492
4664,20.55868911743164
4665,20.134532928466797
4666,11.196747779846191
4667,14.060627937316895
4668,11.747747421264648
4669,13.654101371765137
4670,5.556854248046875
4671,10.73193359375
4672,11.951581954956055
4673,12.72982120513916
4674,15.878990173339844
4675,12.071317672729492
4676,14.633814811706543
4677,15.246214866638184
4678,7.5321784019470215
4679,10.010550498962402
4680,13.808379173278809
4681,7.390153884887695
4682,6.614921569824219
4683,10.918705940246582
4684,10.454139709472656
4685,7.382797718048096
4686,8.084720611572266
4687,6.968443393707275
4688,7.3984456062316895
4689,10.096695899963379
4690,6.944373607635498
4691,9.425094604492188
4692,6.643516540527344
4693,10.408583641052246
4694,7.26002836227417
4695,7.1856818199157715
4696,11.645835876464844
4697,12.747808456420898
4698,12.95035171508789
4699,11.233339309692383
4700,10.883146286010742
4701,6.76835823059082
4702,9.394515037536621
4703,8.020342826843262
4704,9.505609512329102
4705,13.159285545349121
4706,11.700851440429688
4707,9.262106895446777
4708,15.020668983459473
4709,12.512989044189453
4710,13.439316749572754
4711,12.355592727661133
4712,11.171814918518066
4713,13.750683784484863
4714,13.098298072814941
4715,11.018630027770996
4716,10.55296516418457
4717,11.751130104064941
4718,12.425007820129395
4719,11.754531860351562
4720,8.350886344909668
4721,5.313419342041016
4722,9.134533882141113
4723,5.310826301574707
4724,6.408697605133057
4725,8.827938079833984
4726,9.772238731384277
4727,14.587268829345703
4728,15.2142915725708
4729,14.354260444641113
4730,13.476887702941895
4731,17.77338981628418
4732,11.22628116607666
4733,13.7803373336792
4734,7.677334785461426
4735,10.574766159057617
4736,13.19692611694336
4737,13.643964767456055
4738,12.365998268127441
4739,14.751799583435059
4740,12.999283790588379
4741,7.843300819396973
4742,10.703550338745117
4743,11.901291847229004
4744,14.634079933166504
4745,6.018486022949219
4746,8.820050239562988
4747,8.546463966369629
4748,8.32085132598877
4749,13.76422119140625
4750,9.179723739624023
4751,11.275911331176758
4752,8.352736473083496
4753,10.669548988342285
4754,9.943551063537598
4755,8.633684158325195
4756,9.25594425201416
4757,8.191864967346191
4758,11.335347175598145
4759,12.060462951660156
4760,12.18651294708252
4761,8.6924467086792
4762,7.145153045654297
4763,6.43029260635376
4764,5.238730430603027
4765,9.10657787322998
4766,5.548395156860352
4767,9.90517807006836
4768,9.779144287109375
4769,15.028223991394043
4770,20.081424713134766
4771,15.480536460876465
4772,18.216947555541992
4773,14.148727416992188
4774,17.914657592773438
4775,12.444637298583984
4776,12.403631210327148
4777,13.910265922546387
4778,14.515266418457031
4779,12.302327156066895
4780,11.309221267700195
4781,6.66298246383667
4782,12.286721229553223
4783,10.797486305236816
4784,12.115591049194336
4785,10.594853401184082
4786,8.405523300170898
4787,9.627975463867188
4788,14.82241439819336
4789,14.809967994689941
4790,14.7102632522583
4791,19.624916076660156
4792,9.591911315917969
4793,15.785236358642578
4794,15.754951477050781
4795,17.43597984313965
4796,17.05752944946289
4797,12.728181838989258
4798,8.791376113891602
4799,9.797765731811523
4800,11.865002632141113
4801,5.834676742553711
4802,13.191070556640625
4803,19.400156021118164
4804,13.246350288391113
4805,19.25712013244629
4806,18.185043334960938
4807,13.873896598815918
4808,16.357269287109375
4809,13.171354293823242
4810,11.425044059753418
4811,8.577664375305176
4812,8.449136734008789
4813,7.729945182800293
4814,5.551167964935303
4815,2.578871250152588
4816,1.4630779027938843
4817,4.898462295532227
4818,4.775032997131348
4819,3.3549563884735107
4820,9.560078620910645
4821,10.877869606018066
4822,10.019489288330078
4823,12.212723731994629
4824,15.574007034301758
4825,17.67820167541504
4826,15.001029014587402
4827,12.780777931213379
4828,14.458337783813477
4829,12.594355583190918
4830,7.632081985473633
4831,8.089076042175293
4832,7.554543972015381
4833,8.177058219909668
4834,9.434779167175293
4835,10.729537010192871
4836,7.317140102386475
4837,8.89046859741211
4838,7.717461585998535
4839,13.145184516906738
4840,5.181413173675537
4841,8.623143196105957
4842,9.606077194213867
4843,14.762125968933105
4844,10.267486572265625
4845,12.102400779724121
4846,12.417251586914062
4847,12.809770584106445
4848,10.362871170043945
4849,15.37214183807373
4850,15.130570411682129
4851,10.045032501220703
4852,6.677396297454834
4853,9.474804878234863
4854,14.310681343078613
4855,14.928840637207031
4856,12.262554168701172
4857,17.13905143737793
4858,13.115885734558105
4859,15.845010757446289
4860,11.875665664672852
4861,10.09797191619873
4862,5.641541481018066
4863,12.010931968688965
4864,15.290053367614746
4865,22.300933837890625
4866,16.22411346435547
4867,10.154754638671875
4868,19.91838264465332
4869,14.144410133361816
4870,15.362072944641113
4871,13.827510833740234
4872,9.73573112487793
4873,9.088616371154785
4874,11.561050415039062
4875,8.307101249694824
4876,12.208381652832031
4877,10.571327209472656
4878,8.695906639099121
4879,7.4214019775390625
4880,8.750435829162598
4881,10.038798332214355
4882,8.880149841308594
4883,8.87623119354248
4884,7.827613353729248
4885,5.638708114624023
4886,7.087271213531494
4887,13.565699577331543
4888,12.870471000671387
4889,12.17831039428711
4890,12.688551902770996
4891,9.100566864013672
4892,12.366619110107422
4893,6.776914596557617
4894,5.377647876739502
4895,3.697690963745117
4896,3.4540843963623047
4897,5.784481048583984
4898,9.82392692565918
4899,6.044127464294434
4900,6.137765407562256
4901,9.811197280883789
4902,7.005985260009766
4903,12.828272819519043
4904,10.416703224182129
4905,11.24098014831543
4906,12.58377456665039
4907,14.612140655517578
4908,16.76876449584961
4909,13.595309257507324
4910,11.484272956848145
4911,14.853874206542969
4912,11.969616889953613
4913,10.538217544555664
4914,9.281193733215332
4915,4.675424575805664
4916,5.942215919494629
4917,10.111379623413086
4918,11.17979621887207
4919,12.624226570129395
4920,14.944158554077148
4921,10.670074462890625
4922,10.14688777923584
4923,13.405364036560059
4924,12.616472244262695
4925,10.81666088104248
4926,10.186200141906738
4927,13.332420349121094
4928,15.2794771194458
4929,13.22497272491455
4930,16.903583526611328
4931,15.669081687927246
4932,11.597515106201172
4933,13.327140808105469
4934,10.872547149658203
4935,8.118402481079102
4936,8.192464828491211
4937,13.476649284362793
4938,9.9522066116333
4939,9.650346755981445
4940,12.64986515045166
4941,8.443171501159668
4942,9.474685668945312
4943,13.36667251586914
4944,7.380504608154297
4945,11.631956100463867
4946,9.341691970825195
4947,6.514026165008545
4948,12.505528450012207
4949,16.876184463500977
4950,18.29925537109375
4951,19.5698184967041
4952,15.671387672424316
4953,18.143537521362305
4954,13.749320983886719
4955,14.81411075592041
4956,13.358542442321777
4957,14.018891334533691
4958,12.455273628234863
4959,7.954598426818848
4960,11.141191482543945
4961,12.76764965057373
4962,10.588134765625
4963,7.82748556137085
4964,6.196871757507324
4965,6.320862293243408
4966,4.576047897338867
4967,6.610864639282227
4968,4.857954978942871
4969,10.826634407043457
4970,11.614124298095703
4971,9.473377227783203
4972,10.787126541137695
4973,12.546218872070312
4974,12.515120506286621
4975,8.12996768951416
4976,9.388384819030762
4977,8.453961372375488
4978,2.7513716220855713
4979,2.9951233863830566
4980,4.1075568199157715
4981,5.192896366119385
4982,4.744563579559326
4983,12.771675109863281
4984,15.397801399230957
4985,20.350513458251953
4986,20.675256729125977
4987,19.458539962768555
4988,19.103424072265625
4989,14.715749740600586
4990,27.800067901611328
4991,17.92734718322754
4992,17.544414520263672
4993,21.78860092163086
4994,16.073144912719727
4995,12.335474014282227
4996,14.355941772460938
4997,12.610107421875
4998,8.117568969726562
4999,9.445935249328613
5000,9.778682708740234
5001,10.932950973510742
5002,5.868129730224609
5003,11.628046035766602
5004,8.107987403869629
5005,10.186727523803711
5006,11.596529960632324
5007,9.181966781616211
5008,5.646697521209717
5009,6.6270036697387695
5010,8.46804141998291
5011,7.819009304046631
5012,7.053548812866211
5013,8.375762939453125
5014,8.434364318847656
5015,8.918139457702637
5016,9.657330513000488
5017,9.409968376159668
5018,9.038080215454102
5019,4.21562385559082
5020,5.5615363121032715
5021,8.223193168640137
5022,6.1380228996276855
5023,9.619132041931152
5024,9.508339881896973
5025,11.371931076049805
5026,10.498945236206055
5027,7.9857048988342285
5028,6.659029006958008
5029,7.4475603103637695
5030,8.917922019958496
5031,6.091520309448242
5032,6.259227275848389
5033,7.53553581237793
5034,10.033341407775879
5035,5.400567054748535
5036,11.498990058898926
5037,13.830458641052246
5038,10.623796463012695
5039,15.353991508483887
5040,10.15920639038086
5041,11.358420372009277
5042,12.809547424316406
5043,14.27050495147705
5044,14.726630210876465
5045,15.13034725189209
5046,14.510457992553711
5047,13.389725685119629
5048,13.296216011047363
5049,9.78838062286377
5050,11.671602249145508
5051,5.356408596038818
5052,2.1379523277282715
5053,6.398897171020508
5054,6.852563858032227
5055,8.381939888000488
5056,7.3437910079956055
5057,12.044361114501953
5058,14.0523099899292
5059,10.774299621582031
5060,12.405214309692383
5061,14.926895141601562
5062,17.816207885742188
5063,20.245498657226562
5064,13.473883628845215
5065,17.838594436645508
5066,9.253264427185059
5067,11.141755104064941
5068,13.381375312805176
5069,15.5842866897583
5070,9.438807487487793
5071,8.695257186889648
5072,10.727289199829102
5073,9.637457847595215
5074,6.910926342010498
5075,10.119303703308105
5076,11.692410469055176
5077,9.781429290771484
5078,10.998074531555176
5079,13.60012149810791
5080,10.701865196228027
5081,14.452616691589355
5082,14.899696350097656
5083,7.649258613586426
5084,9.703035354614258
5085,8.25753402709961
5086,11.549304008483887
5087,8.801816940307617
5088,13.67123031616211
5089,9.233460426330566
5090,10.146502494812012
5091,11.779680252075195
5092,13.301990509033203
5093,14.764629364013672
5094,10.080850601196289
5095,6.139135837554932
5096,4.6584086418151855
5097,11.029653549194336
5098,9.73205852508545
5099,11.505157470703125
5100,10.363688468933105
5101,8.882820129394531
5102,16.019977569580078
5103,15.089543342590332
5104,9.889147758483887
5105,10.659964561462402
5106,10.581916809082031
5107,11.952427864074707
5108,12.456331253051758
5109,14.218093872070312
5110,10.917572975158691
5111,14.525287628173828
5112,10.75558853149414
5113,16.57721710205078
5114,10.868329048156738
5115,13.115922927856445
5116,8.792041778564453
5117,10.852126121520996
5118,10.244028091430664
5119,13.244746208190918
5120,17.917112350463867
5121,16.579757690429688
5122,14.685760498046875
5123,10.863517761230469
5124,9.969877243041992
5125,9.678396224975586
5126,12.214018821716309
5127,18.220144271850586
5128,8.042314529418945
5129,9.038962364196777
5130,8.354891777038574
5131,7.362933158874512
5132,6.2378997802734375
5133,8.602368354797363
5134,7.015654563903809
5135,9.427433013916016
5136,9.269671440124512
5137,10.023987770080566
5138,11.350532531738281
5139,12.704989433288574
5140,21.290870666503906
5141,19.806671142578125
5142,16.267934799194336
5143,12.490602493286133
5144,11.502452850341797
5145,7.340372085571289
5146,6.879426956176758
5147,8.472101211547852
5148,10.628028869628906
5149,12.222487449645996
5150,11.081328392028809
5151,10.837833404541016
5152,10.514097213745117
5153,11.427030563354492
5154,8.410268783569336
5155,8.106032371520996
5156,5.93215799331665
5157,5.355709075927734
5158,6.177545547485352
5159,6.003742694854736
5160,6.065740585327148
5161,8.760717391967773
5162,7.807704448699951
5163,9.153976440429688
5164,10.151033401489258
5165,8.31932258605957
5166,10.383109092712402
5167,6.034977912902832
5168,3.583120346069336
5169,3.2446906566619873
5170,5.544554233551025
5171,3.875877618789673
5172,9.434381484985352
5173,9.869173049926758
5174,13.317217826843262
5175,13.825273513793945
5176,14.758743286132812
5177,10.411855697631836
5178,8.92600154876709
5179,9.265377044677734
5180,9.603719711303711
5181,10.695388793945312
5182,15.63785457611084
5183,14.565568923950195
5184,12.435064315795898
5185,14.5278902053833
5186,14.413990020751953
5187,17.31601333618164
5188,12.042657852172852
5189,8.739994049072266
5190,11.102632522583008
5191,9.550040245056152
5192,11.632699012756348
5193,11.333850860595703
5194,15.46269702911377
5195,12.064526557922363
5196,10.7877836227417
5197,20.571332931518555
5198,19.128515243530273
5199,10.62782096862793
5200,21.859525680541992
5201,19.418596267700195
5202,18.242006301879883
5203,11.960765838623047
5204,15.142928123474121
5205,17.023975372314453
5206,13.11813735961914
5207,15.524650573730469
5208,22.534181594848633
5209,18.04764747619629
5210,19.559993743896484
5211,19.261260986328125
5212,13.43701171875
5213,7.477916717529297
5214,20.60979461669922
5215,20.860599517822266
5216,17.03998374938965
5217,12.335299491882324
5218,17.313329696655273
5219,9.803096771240234
5220,10.38575553894043
5221,8.019479751586914
5222,4.839932441711426
5223,6.449503421783447
5224,8.412652015686035
5225,11.960125923156738
5226,13.461277961730957
5227,12.18697452545166
5228,19.736347198486328
5229,12.793961524963379
5230,17.608373641967773
5231,20.723787307739258
5232,24.468177795410156
5233,19.562793731689453
5234,15.874212265014648
5235,11.19027328491211
5236,10.207366943359375
5237,10.395123481750488
5238,13.922348022460938
5239,9.887801170349121
5240,9.613337516784668
5241,13.710318565368652
5242,18.51789093017578
5243,14.8175048828125
5244,14.06928539276123
5245,16.046850204467773
5246,10.228436470031738
5247,15.028515815734863
5248,19.6055965423584
5249,15.607647895812988
5250,10.41196346282959
5251,16.71120834350586
5252,15.839954376220703
5253,7.781723976135254
5254,7.0381083488464355
5255,8.51391887664795
5256,12.426154136657715
5257,8.973113059997559
5258,8.900883674621582
5259,12.566314697265625
5260,24.570096969604492
5261,21.05978012084961
5262,18.96853256225586
5263,20.980669021606445
5264,13.398397445678711
5265,11.22176742553711
5266,11.964868545532227
5267,8.75393009185791
5268,7.775250434875488
5269,12.247547149658203
5270,12.87633991241455
5271,11.571020126342773
5272,8.181267738342285
5273,11.052969932556152
5274,10.333351135253906
5275,10.244132995605469
5276,8.633870124816895
5277,7.6263651847839355
5278,12.47830867767334
5279,9.618720054626465
5280,12.263012886047363
5281,11.367111206054688
5282,13.528899192810059
5283,9.971895217895508
5284,10.5250244140625
5285,13.918322563171387
5286,5.76597785949707
5287,7.159359931945801
5288,7.0987372398376465
5289,10.149517059326172
5290,9.12535285949707
5291,7.835961818695068
5292,15.19265365600586
5293,10.027868270874023
5294,9.341910362243652
5295,7.896098613739014
5296,12.833962440490723
5297,9.224665641784668
5298,10.892830848693848
5299,14.662398338317871
5300,9.912753105163574
5301,11.16840934753418
5302,12.62327766418457
5303,10.563024520874023
5304,12.209996223449707
5305,10.239739418029785
5306,7.387096405029297
5307,3.7300803661346436
5308,6.191009521484375
5309,8.11424446105957
5310,9.422014236450195
5311,10.103978157043457
5312,11.590085983276367
5313,12.98555850982666
5314,9.660876274108887
5315,10.335768699645996
5316,9.721904754638672
5317,7.572100639343262
5318,10.510069847106934
5319,10.978181838989258
5320,9.58178997039795
5321,10.836968421936035
5322,12.478042602539062
5323,13.295319557189941
5324,17.061363220214844
5325,18.40863800048828
5326,10.114338874816895
5327,5.996796131134033
5328,7.00771951675415
5329,7.160862445831299
5330,11.399409294128418
5331,8.875378608703613
5332,10.10869026184082
5333,9.36702823638916
5334,12.11755084991455
5335,10.365325927734375
5336,8.850637435913086
5337,11.014561653137207
5338,6.407783031463623
5339,6.529977321624756
5340,8.738697052001953
5341,13.140775680541992
5342,10.908930778503418
5343,11.598791122436523
5344,10.618249893188477
5345,13.351912498474121
5346,11.484562873840332
5347,8.503331184387207
5348,9.896245002746582
5349,11.35706615447998
5350,9.112784385681152
5351,12.699546813964844
5352,10.22030258178711
5353,10.99471378326416
5354,16.336650848388672
5355,10.358327865600586
5356,15.98574161529541
5357,10.340465545654297
5358,12.572721481323242
5359,12.24213695526123
5360,3.8945560455322266
5361,7.563452243804932
5362,12.205113410949707
5363,6.0853376388549805
5364,10.10134506225586
5365,13.327274322509766
5366,14.723143577575684
5367,10.995287895202637
5368,18.75069808959961
5369,9.836584091186523
5370,13.154511451721191
5371,9.979228973388672
5372,11.718728065490723
5373,11.15302562713623
5374,16.632213592529297
5375,14.357138633728027
5376,19.26483917236328
5377,20.64810562133789
5378,13.28270435333252
5379,25.153600692749023
5380,19.75665283203125
5381,14.262190818786621
5382,11.643918991088867
5383,10.799578666687012
5384,8.671412467956543
5385,8.32178020477295
5386,8.673670768737793
5387,8.940308570861816
5388,11.401544570922852
5389,5.323171615600586
5390,7.113069534301758
5391,12.435433387756348
5392,7.133765697479248
5393,8.11925220489502
5394,6.438790321350098
5395,10.424046516418457
5396,11.457098960876465
5397,9.862090110778809
5398,10.222709655761719
5399,10.464237213134766
5400,10.638927459716797
5401,12.449634552001953
5402,5.452235698699951
5403,4.657912254333496
5404,6.126299858093262
5405,6.41866397857666
5406,1.978223204612732
5407,4.925922870635986
5408,6.2777180671691895
5409,4.241520404815674
5410,11.755624771118164
5411,12.162198066711426
5412,10.666450500488281
5413,10.941104888916016
5414,10.70167064666748
5415,13.714568138122559
5416,9.560371398925781
5417,8.046538352966309
5418,10.8501615524292
5419,13.700735092163086
5420,11.793111801147461
5421,9.640361785888672
5422,8.654179573059082
5423,11.870452880859375
5424,6.482241630554199
5425,9.030915260314941
5426,9.33214282989502
5427,18.810514450073242
5428,14.373069763183594
5429,12.651866912841797
5430,12.119000434875488
5431,10.771855354309082
5432,13.536223411560059
5433,15.016982078552246
5434,15.548880577087402
5435,16.69586181640625
5436,12.918397903442383
5437,18.429229736328125
5438,14.658273696899414
5439,13.979352951049805
5440,8.304766654968262
5441,8.28643798828125
5442,7.953001499176025
5443,5.945805549621582
5444,12.534971237182617
5445,6.82690954208374
5446,7.49680233001709
5447,9.683866500854492
5448,10.319877624511719
5449,9.078113555908203
5450,11.34742546081543
5451,12.293281555175781
5452,15.100775718688965
5453,15.30534839630127
5454,13.805536270141602
5455,10.672122955322266
5456,10.144658088684082
5457,6.576483249664307
5458,9.837850570678711
5459,10.771181106567383
5460,6.292224407196045
5461,10.495306968688965
5462,4.803555965423584
5463,8.856825828552246
5464,8.255167961120605
5465,9.531871795654297
5466,11.190590858459473
5467,13.093546867370605
5468,14.278783798217773
5469,14.02456283569336
5470,14.957261085510254
5471,15.79295825958252
5472,13.78561782836914
5473,8.951375007629395
5474,12.55561351776123
5475,14.466854095458984
5476,5.9140238761901855
5477,6.334498405456543
5478,5.491396903991699
5479,7.899954319000244
5480,13.35727596282959
5481,12.411550521850586
5482,12.445869445800781
5483,11.916215896606445
5484,14.794437408447266
5485,17.542434692382812
5486,18.965097427368164
5487,16.979846954345703
5488,15.486006736755371
5489,13.806655883789062
5490,16.28679847717285
5491,14.453872680664062
5492,12.530345916748047
5493,13.371448516845703
5494,13.691014289855957
5495,15.453071594238281
5496,14.41950511932373
5497,14.443953514099121
5498,17.511241912841797
5499,12.651032447814941
5500,7.426371097564697
5501,10.876619338989258
5502,14.44171142578125
5503,15.959726333618164
5504,20.552635192871094
5505,18.878440856933594
5506,15.795258522033691
5507,16.24563217163086
5508,9.096854209899902
5509,7.894922256469727
5510,11.64996337890625
5511,13.475247383117676
5512,12.925591468811035
5513,9.620237350463867
5514,12.038018226623535
5515,11.351224899291992
5516,12.657729148864746
5517,14.107523918151855
5518,13.790487289428711
5519,15.228620529174805
5520,11.008077621459961
5521,13.15577220916748
5522,12.899919509887695
5523,12.894994735717773
5524,14.811004638671875
5525,13.737285614013672
5526,8.564695358276367
5527,7.699641704559326
5528,8.486903190612793
5529,7.997123718261719
5530,8.502875328063965
5531,6.089559078216553
5532,10.285652160644531
5533,13.682868003845215
5534,10.68628215789795
5535,10.121356010437012
5536,10.370859146118164
5537,8.168022155761719
5538,10.43610954284668
5539,8.825786590576172
5540,7.963469982147217
5541,10.205004692077637
5542,4.221743106842041
5543,7.807882308959961
5544,8.546405792236328
5545,7.08427619934082
5546,6.147375106811523
5547,9.249320983886719
5548,10.939212799072266
5549,6.003564834594727
5550,8.986157417297363
5551,10.757710456848145
5552,17.093616485595703
5553,13.325404167175293
5554,16.52103614807129
5555,15.544655799865723
5556,25.046363830566406
5557,18.378740310668945
5558,20.463485717773438
5559,21.470991134643555
5560,13.851523399353027
5561,14.32047176361084
5562,11.02273941040039
5563,11.726375579833984
5564,11.203003883361816
5565,17.255714416503906
5566,13.113460540771484
5567,7.651489734649658
5568,6.210168838500977
5569,10.055865287780762
5570,9.295755386352539
5571,6.224527835845947
5572,6.293432235717773
5573,10.314035415649414
5574,6.800968647003174
5575,12.082550048828125
5576,17.522594451904297
5577,22.71370506286621
5578,23.073434829711914
5579,30.929746627807617
5580,24.284299850463867
5581,21.489343643188477
5582,15.352048873901367
5583,18.528186798095703
5584,17.12533950805664
5585,23.91095542907715
5586,21.44938087463379
5587,20.014217376708984
5588,17.496206283569336
5589,18.655750274658203
5590,11.414125442504883
5591,5.9507904052734375
5592,11.394283294677734
5593,5.286616802215576
5594,6.978079795837402
5595,8.046284675598145
5596,7.854395389556885
5597,13.971257209777832
5598,8.702109336853027
5599,11.766538619995117
5600,9.575425148010254
5601,8.92015552520752
5602,6.5263285636901855
5603,7.311814785003662
5604,3.012559413909912
5605,1.8948975801467896
5606,5.915003776550293
5607,7.869451522827148
5608,11.792535781860352
5609,11.371135711669922
5610,17.771665573120117
5611,17.95726203918457
5612,16.032922744750977
5613,17.298908233642578
5614,18.965206146240234
5615,16.066865921020508
5616,15.625170707702637
5617,20.692626953125
5618,13.52414608001709
5619,16.711183547973633
5620,17.476280212402344
5621,14.546268463134766
5622,14.83343505859375
5623,14.024524688720703
5624,11.032341003417969
5625,8.507248878479004
5626,6.394336223602295
5627,10.805978775024414
5628,16.076385498046875
5629,12.098566055297852
5630,12.170279502868652
5631,18.43413734436035
5632,10.834052085876465
5633,13.430891990661621
5634,9.564237594604492
5635,10.390246391296387
5636,8.23491382598877
5637,6.1741180419921875
5638,10.205541610717773
5639,8.588229179382324
5640,5.42417573928833
5641,9.642674446105957
5642,13.430989265441895
5643,10.094942092895508
5644,7.201596260070801
5645,9.197479248046875
5646,11.204028129577637
5647,10.612275123596191
5648,12.156698226928711
5649,11.025379180908203
5650,11.825861930847168
5651,7.416203498840332
5652,15.521997451782227
5653,12.20630168914795
5654,11.991976737976074
5655,11.666228294372559
5656,10.66026496887207
5657,7.068061828613281
5658,7.388361930847168
5659,7.020618915557861
5660,7.545566082000732
5661,7.720424175262451
5662,8.518381118774414
5663,7.198190689086914
5664,9.13355827331543
5665,12.008038520812988
5666,6.4245452880859375
5667,5.254040241241455
5668,3.8539819717407227
5669,10.506263732910156
5670,12.17795467376709
5671,12.330327987670898
5672,12.706050872802734
5673,8.128754615783691
5674,13.764540672302246
5675,10.531607627868652
5676,9.681105613708496
5677,3.556516170501709
5678,3.6699330806732178
5679,3.6766598224639893
5680,4.229637622833252
5681,10.762459754943848
5682,11.533960342407227
5683,14.294269561767578
5684,11.802770614624023
5685,15.968860626220703
5686,12.915346145629883
5687,18.03763198852539
5688,12.607321739196777
5689,14.674149513244629
5690,9.060178756713867
5691,12.146078109741211
5692,10.271387100219727
5693,11.770763397216797
5694,14.643462181091309
5695,8.370083808898926
5696,7.851400852203369
5697,6.084245204925537
5698,4.286361217498779
5699,2.8497061729431152
5700,2.242595672607422
5701,5.648528575897217
5702,16.51165008544922
5703,14.396883010864258
5704,19.95580291748047
5705,13.53055191040039
5706,13.634771347045898
5707,18.426734924316406
5708,26.124069213867188
5709,19.68328094482422
5710,21.70598030090332
5711,16.30999755859375
5712,12.362221717834473
5713,6.660837173461914
5714,6.819601058959961
5715,5.728082180023193
5716,8.291792869567871
5717,5.784943580627441
5718,8.980551719665527
5719,12.777987480163574
5720,11.6973876953125
5721,11.154736518859863
5722,14.514043807983398
5723,14.795404434204102
5724,12.712915420532227
5725,22.36276626586914
5726,10.523174285888672
5727,12.680130958557129
5728,9.26736068725586
5729,8.30601978302002
5730,7.97211217880249
5731,8.79111099243164
5732,3.6453585624694824
5733,2.9004170894622803
5734,5.8818793296813965
5735,10.049168586730957
5736,8.158546447753906
5737,12.747719764709473
5738,10.773815155029297
5739,12.716261863708496
5740,18.31587028503418
5741,14.41997241973877
5742,9.514730453491211
5743,8.507421493530273
5744,12.578634262084961
5745,13.62067985534668
5746,12.411421775817871
5747,10.1536283493042
5748,12.23712158203125
5749,10.67624282836914
5750,15.057205200195312
5751,16.505687713623047
5752,14.484774589538574
5753,12.390562057495117
5754,10.538847923278809
5755,14.922181129455566
5756,17.585071563720703
5757,17.366657257080078
5758,17.826717376708984
5759,18.93395233154297
5760,22.770971298217773
5761,15.553689956665039
5762,13.169204711914062
5763,11.525720596313477
5764,11.816437721252441
5765,14.193095207214355
5766,11.948135375976562
5767,11.756071090698242
5768,12.903257369995117
5769,16.49983787536621
5770,12.990683555603027
5771,14.250870704650879
5772,14.662399291992188
5773,11.367972373962402
5774,10.476175308227539
5775,7.59243106842041
5776,11.302081108093262
5777,7.673917293548584
5778,9.195195198059082
5779,13.258886337280273
5780,13.0840482711792
5781,13.69128704071045
5782,9.77237606048584
5783,9.885058403015137
5784,16.12366485595703
5785,9.920500755310059
5786,9.203935623168945
5787,10.0626220703125
5788,17.053083419799805
5789,15.265238761901855
5790,12.336121559143066
5791,12.261344909667969
5792,15.235564231872559
5793,13.080070495605469
5794,13.729032516479492
5795,17.506591796875
5796,11.496481895446777
5797,17.20838165283203
5798,14.269481658935547
5799,11.222955703735352
5800,13.29054069519043
5801,11.723417282104492
5802,8.678693771362305
5803,9.623647689819336
5804,9.265185356140137
5805,10.363869667053223
5806,11.753194808959961
5807,12.707130432128906
5808,6.710167407989502
5809,13.716485977172852
5810,12.334929466247559
5811,14.555148124694824
5812,13.317837715148926
5813,12.565046310424805
5814,14.426465034484863
5815,10.708536148071289
5816,8.191177368164062
5817,6.9100141525268555
5818,8.377312660217285
5819,5.958759784698486
5820,8.157979965209961
5821,9.497303009033203
5822,10.821340560913086
5823,8.473616600036621
5824,6.8292460441589355
5825,8.352548599243164
5826,6.402271270751953
5827,9.19483470916748
5828,6.392398834228516
5829,7.482743740081787
5830,11.847090721130371
5831,7.952009201049805
5832,8.250631332397461
5833,7.7717108726501465
5834,14.077223777770996
5835,9.357890129089355
5836,9.831530570983887
5837,19.47526741027832
5838,14.13921070098877
5839,14.25351333618164
5840,15.226850509643555
5841,21.26516342163086
5842,23.10631561279297
5843,20.703289031982422
5844,18.302961349487305
5845,20.570068359375
5846,25.369688034057617
5847,16.67127799987793
5848,15.027094841003418
5849,14.404092788696289
5850,2.7510552406311035
5851,4.972784519195557
5852,3.968608856201172
5853,5.621944904327393
5854,7.1983113288879395
5855,4.882352828979492
5856,6.220085620880127
5857,7.408761501312256
5858,7.1137847900390625
5859,5.084903717041016
5860,7.876394271850586
5861,9.934791564941406
5862,12.0510892868042
5863,10.65771770477295
5864,10.57104778289795
5865,11.357375144958496
5866,11.487257957458496
5867,11.103482246398926
5868,11.857932090759277
5869,13.651348114013672
5870,16.135955810546875
5871,9.134261131286621
5872,12.54515552520752
5873,13.306814193725586
5874,13.687509536743164
5875,10.757043838500977
5876,16.907148361206055
5877,10.302635192871094
5878,10.122159957885742
5879,7.2720842361450195
5880,6.307599067687988
5881,6.747740745544434
5882,9.948412895202637
5883,12.047067642211914
5884,9.751585006713867
5885,9.24460506439209
5886,11.381814956665039
5887,12.068513870239258
5888,9.068428993225098
5889,12.065695762634277
5890,14.537487030029297
5891,10.83930778503418
5892,6.734671592712402
5893,7.343018054962158
5894,5.389415264129639
5895,14.468891143798828
5896,9.727664947509766
5897,13.854347229003906
5898,12.185297966003418
5899,7.224039554595947
5900,8.029805183410645
5901,6.318972587585449
5902,5.0900559425354
5903,9.332500457763672
5904,7.6878461837768555
5905,13.63499641418457
5906,15.233150482177734
5907,16.830307006835938
5908,13.33773136138916
5909,14.977143287658691
5910,20.62474250793457
5911,14.305336952209473
5912,7.374680042266846
5913,4.71770715713501
5914,3.07589054107666
5915,2.6778268814086914
5916,5.574704647064209
5917,7.652896404266357
5918,6.700043678283691
5919,8.799656867980957
5920,8.6676025390625
5921,10.220187187194824
5922,14.706218719482422
5923,10.481945991516113
5924,9.924474716186523
5925,9.476310729980469
5926,13.159141540527344
5927,10.933173179626465
5928,11.932437896728516
5929,11.273332595825195
5930,20.915388107299805
5931,7.996530532836914
5932,12.731407165527344
5933,9.203229904174805
5934,10.593169212341309
5935,4.648538112640381
5936,7.473732948303223
5937,7.751340389251709
5938,10.668851852416992
5939,10.940840721130371
5940,11.253765106201172
5941,13.296676635742188
5942,13.123673439025879
5943,10.543944358825684
5944,10.166444778442383
5945,12.09616756439209
5946,11.901732444763184
5947,11.870064735412598
5948,17.88793182373047
5949,12.608779907226562
5950,10.99611759185791
5951,13.61313247680664
5952,11.448039054870605
5953,12.657560348510742
5954,8.378955841064453
5955,7.272810935974121
5956,8.526067733764648
5957,5.693051338195801
5958,7.232058048248291
5959,8.731161117553711
5960,13.531479835510254
5961,8.719029426574707
5962,4.673979759216309
5963,7.0445876121521
5964,5.7602643966674805
5965,8.037324905395508
5966,8.910332679748535
5967,6.277016639709473
5968,8.686399459838867
5969,10.327802658081055
5970,9.542827606201172
5971,12.586374282836914
5972,14.785326957702637
5973,8.007192611694336
5974,12.343300819396973
5975,11.07053279876709
5976,11.735652923583984
5977,9.909340858459473
5978,7.452854156494141
5979,9.63650131225586
5980,9.328181266784668
5981,11.218090057373047
5982,14.99145221710205
5983,8.292573928833008
5984,7.854378700256348
5985,11.085150718688965
5986,6.8242363929748535
5987,4.543527603149414
5988,7.02051305770874
5989,8.287927627563477
5990,7.5561723709106445
5991,11.777166366577148
5992,7.914340972900391
5993,12.623404502868652
5994,15.454402923583984
5995,15.326923370361328
5996,13.403724670410156
5997,13.59608268737793
5998,16.643415451049805
5999,12.701939582824707
6000,12.685961723327637
6001,15.773865699768066
6002,9.185126304626465
6003,10.986547470092773
6004,14.678563117980957
6005,14.40247631072998
6006,12.658853530883789
6007,11.02580451965332
6008,7.632750511169434
6009,11.445345878601074
6010,11.260687828063965
6011,16.758773803710938
6012,17.218172073364258
6013,10.079315185546875
6014,10.667641639709473
6015,15.95528507232666
6016,16.579221725463867
6017,9.37860107421875
6018,13.416287422180176
6019,14.25855541229248
6020,11.22997760772705
6021,8.653220176696777
6022,9.75505542755127
6023,11.89518928527832
6024,8.553789138793945
6025,10.28674030303955
6026,16.214937210083008
6027,10.307207107543945
6028,10.4533052444458
6029,9.711191177368164
6030,15.142744064331055
6031,9.913649559020996
6032,11.76645565032959
6033,13.100032806396484
6034,15.01199722290039
6035,13.42658519744873
6036,17.294275283813477
6037,12.3573579788208
6038,11.381662368774414
6039,11.305825233459473
6040,9.875765800476074
6041,7.639231204986572
6042,10.693960189819336
6043,8.494390487670898
6044,7.9022064208984375
6045,6.113746643066406
6046,7.628546714782715
6047,6.619260787963867
6048,6.647120952606201
6049,5.608955383300781
6050,6.842141628265381
6051,6.933228015899658
6052,12.118664741516113
6053,16.50701904296875
6054,13.06520938873291
6055,10.48946762084961
6056,11.729114532470703
6057,11.850006103515625
6058,13.849075317382812
6059,8.676138877868652
6060,13.876721382141113
6061,10.26401138305664
6062,11.212306022644043
6063,10.660982131958008
6064,6.904910087585449
6065,11.440337181091309
6066,6.6836419105529785
6067,10.66769790649414
6068,12.500650405883789
6069,14.232827186584473
6070,11.777642250061035
6071,13.99722671508789
6072,14.606541633605957
6073,13.95967960357666
6074,19.547941207885742
6075,14.136832237243652
6076,16.56096649169922
6077,12.297390937805176
6078,12.859609603881836
6079,10.118863105773926
6080,7.703855037689209
6081,8.516806602478027
6082,8.656698226928711
6083,4.896046161651611
6084,6.534156322479248
6085,3.2838258743286133
6086,7.65817403793335
6087,5.679502010345459
6088,8.259623527526855
6089,4.919907093048096
6090,9.821518898010254
6091,7.503779411315918
6092,5.802517890930176
6093,5.408542156219482
6094,7.940122127532959
6095,11.87578296661377
6096,11.535720825195312
6097,14.757104873657227
6098,14.27896499633789
6099,9.869912147521973
6100,8.16793441772461
6101,7.576272964477539
6102,11.52677059173584
6103,12.01396656036377
6104,16.090822219848633
6105,7.885504722595215
6106,11.23947525024414
6107,14.879247665405273
6108,18.923912048339844
6109,10.443190574645996
6110,9.4920015335083
6111,11.788581848144531
6112,9.908732414245605
6113,7.394876003265381
6114,6.378628730773926
6115,8.806379318237305
6116,15.53331184387207
6117,11.50554084777832
6118,13.647902488708496
6119,16.236072540283203
6120,10.345254898071289
6121,12.966927528381348
6122,15.45422649383545
6123,12.173093795776367
6124,12.800933837890625
6125,5.633968830108643
6126,3.4609830379486084
6127,10.912677764892578
6128,9.424431800842285
6129,16.781003952026367
6130,18.83600616455078
6131,17.435771942138672
6132,15.914444923400879
6133,12.903375625610352
6134,11.840944290161133
6135,11.006753921508789
6136,10.989157676696777
6137,9.864810943603516
6138,8.10704231262207
6139,8.583043098449707
6140,7.709408760070801
6141,6.136269569396973
6142,5.785277366638184
6143,3.819441556930542
6144,6.0239362716674805
6145,3.939120292663574
6146,7.487945556640625
6147,8.7733154296875
6148,14.132831573486328
6149,15.933893203735352
6150,17.148906707763672
6151,14.356063842773438
6152,16.390396118164062
6153,14.08994197845459
6154,16.217178344726562
6155,9.913827896118164
6156,3.029296636581421
6157,5.2368316650390625
6158,3.569629669189453
6159,7.937414169311523
6160,7.087728977203369
6161,6.505382061004639
6162,6.643857002258301
6163,6.96962833404541
6164,11.141088485717773
6165,6.012824535369873
6166,9.990942001342773
6167,11.861834526062012
6168,14.744538307189941
6169,12.769235610961914
6170,7.80856466293335
6171,11.404296875
6172,12.926628112792969
6173,9.664591789245605
6174,8.404167175292969
6175,8.13025951385498
6176,13.875195503234863
6177,12.443477630615234
6178,11.711360931396484
6179,9.456500053405762
6180,6.5165696144104
6181,13.56457233428955
6182,10.625360488891602
6183,9.165048599243164
6184,10.125129699707031
6185,11.230384826660156
6186,5.355983734130859
6187,4.457414627075195
6188,5.750201225280762
6189,2.3732709884643555
6190,4.075658798217773
6191,4.104751110076904
6192,7.367036819458008
6193,9.206170082092285
6194,11.944255828857422
6195,15.013465881347656
6196,14.220203399658203
6197,12.760099411010742
6198,17.35435676574707
6199,22.91184425354004
6200,9.078051567077637
6201,13.495747566223145
6202,9.36283016204834
6203,10.500693321228027
6204,7.186321258544922
6205,6.247591495513916
6206,5.018232345581055
6207,5.527439594268799
6208,3.044182538986206
6209,4.565674304962158
6210,5.8248724937438965
6211,9.574953079223633
6212,12.51683235168457
6213,19.472518920898438
6214,17.356266021728516
6215,18.408973693847656
6216,14.8590669631958
6217,17.91103172302246
6218,14.36552619934082
6219,11.16899299621582
6220,8.42956829071045
6221,9.704791069030762
6222,6.38736629486084
6223,4.479277610778809
6224,3.8212485313415527
6225,6.2198567390441895
6226,12.734297752380371
6227,13.01469612121582
6228,8.288604736328125
6229,9.03336238861084
6230,14.469650268554688
6231,11.332266807556152
6232,17.077312469482422
6233,16.626724243164062
6234,16.72603988647461
6235,16.20934295654297
6236,14.292705535888672
6237,15.728171348571777
6238,14.50571060180664
6239,12.89747142791748
6240,10.34947395324707
6241,9.2037935256958
6242,6.059402942657471
6243,9.282594680786133
6244,8.564854621887207
6245,8.049250602722168
6246,8.806652069091797
6247,7.0649895668029785
6248,10.51864242553711
6249,5.70903205871582
6250,3.059680700302124
6251,5.09190034866333
6252,7.181331157684326
6253,13.628458023071289
6254,14.386370658874512
6255,14.25376033782959
6256,17.53748321533203
6257,18.137020111083984
6258,21.558391571044922
6259,22.190961837768555
6260,20.799461364746094
6261,20.894418716430664
6262,11.869972229003906
6263,6.830741882324219
6264,9.887446403503418
6265,5.212979793548584
6266,5.339770793914795
6267,3.3496463298797607
6268,2.4432730674743652
6269,1.9430451393127441
6270,0.8656007647514343
6271,2.7357285022735596
6272,3.485952854156494
6273,7.558172702789307
6274,7.91247034072876
6275,14.297234535217285
6276,14.645426750183105
6277,17.092205047607422
6278,18.724306106567383
6279,16.075162887573242
6280,19.57758140563965
6281,17.346948623657227
6282,9.62023639678955
6283,13.614461898803711
6284,7.336695194244385
6285,8.99361801147461
6286,7.241374492645264
6287,10.667450904846191
6288,10.563517570495605
6289,12.893653869628906
6290,14.060523986816406
6291,14.275590896606445
6292,12.156187057495117
6293,10.012097358703613
6294,8.908944129943848
6295,6.177330493927002
6296,10.09664535522461
6297,10.506608009338379
6298,8.731561660766602
6299,11.64022445678711
6300,7.495189666748047
6301,6.124639511108398
6302,8.516291618347168
6303,7.542470455169678
6304,7.245177745819092
6305,8.247344970703125
6306,11.439022064208984
6307,11.326177597045898
6308,12.2639741897583
6309,12.92329216003418
6310,15.756766319274902
6311,15.515890121459961
6312,10.683414459228516
6313,9.516776084899902
6314,11.32778263092041
6315,8.423226356506348
6316,8.112788200378418
6317,9.767457008361816
6318,10.7551908493042
6319,7.552302837371826
6320,12.284815788269043
6321,12.156935691833496
6322,9.613983154296875
6323,11.541635513305664
6324,12.677553176879883
6325,12.50877571105957
6326,11.45580768585205
6327,7.111417770385742
6328,8.925719261169434
6329,5.624361991882324
6330,8.69263744354248
6331,9.245104789733887
6332,11.668609619140625
6333,13.207067489624023
6334,8.223810195922852
6335,6.925378799438477
6336,5.891030311584473
6337,7.17358922958374
6338,14.758223533630371
6339,10.969307899475098
6340,10.046289443969727
6341,8.31589412689209
6342,11.132308959960938
6343,9.259237289428711
6344,8.998311042785645
6345,9.338947296142578
6346,6.905948162078857
6347,8.647216796875
6348,3.2144691944122314
6349,3.7086918354034424
6350,2.920912027359009
6351,10.188543319702148
6352,16.66231346130371
6353,13.266606330871582
6354,14.965590476989746
6355,11.410099029541016
6356,15.311360359191895
6357,9.773526191711426
6358,8.28845500946045
6359,11.45317554473877
6360,13.827548027038574
6361,14.753324508666992
6362,19.50817108154297
6363,19.564607620239258
6364,19.96174430847168
6365,16.8957576751709
6366,13.064162254333496
6367,17.542016983032227
6368,13.549517631530762
6369,9.917141914367676
6370,12.615707397460938
6371,7.955759048461914
6372,10.117506980895996
6373,7.147762775421143
6374,11.160240173339844
6375,4.967159271240234
6376,6.284339904785156
6377,6.492899417877197
6378,8.653181076049805
6379,5.397217273712158
6380,4.753328323364258
6381,9.917832374572754
6382,11.490212440490723
6383,8.233287811279297
6384,14.938021659851074
6385,13.104220390319824
6386,10.937681198120117
6387,8.860993385314941
6388,6.444510459899902
6389,10.156815528869629
6390,3.8238353729248047
6391,4.566924571990967
6392,5.37762451171875
6393,14.00124740600586
6394,9.745808601379395
6395,15.279950141906738
6396,14.632547378540039
6397,14.586935997009277
6398,7.50718879699707
6399,7.539287090301514
6400,8.047388076782227
6401,7.114565849304199
6402,7.0852155685424805
6403,10.783748626708984
6404,12.55224895477295
6405,15.398970603942871
6406,11.820160865783691
6407,15.670453071594238
6408,19.916053771972656
6409,18.146556854248047
6410,12.488943099975586
6411,9.737518310546875
6412,7.4096832275390625
6413,6.078752040863037
6414,8.019841194152832
6415,9.58381175994873
6416,9.444812774658203
6417,13.364813804626465
6418,9.689167976379395
6419,13.689522743225098
6420,10.705015182495117
6421,12.28194522857666
6422,9.540383338928223
6423,9.689359664916992
6424,7.17499303817749
6425,7.595639705657959
6426,8.49084758758545
6427,13.525246620178223
6428,10.890583992004395
6429,8.023467063903809
6430,10.568638801574707
6431,8.33818531036377
6432,11.571955680847168
6433,5.406095504760742
6434,6.409531593322754
6435,10.41259765625
6436,7.76242733001709
6437,10.82658576965332
6438,12.545942306518555
6439,16.866790771484375
6440,12.757266998291016
6441,16.67699432373047
6442,16.871557235717773
6443,9.981191635131836
6444,8.774358749389648
6445,8.583551406860352
6446,7.663156986236572
6447,11.404390335083008
6448,8.658703804016113
6449,12.080121994018555
6450,5.484739303588867
6451,7.97150993347168
6452,7.48123025894165
6453,6.931004047393799
6454,4.982380390167236
6455,6.481511116027832
6456,11.938643455505371
6457,5.632383346557617
6458,1.0264664888381958
6459,8.044144630432129
6460,10.322202682495117
6461,8.33548355102539
6462,5.1273345947265625
6463,6.83212947845459
6464,8.096638679504395
6465,10.710515022277832
6466,4.401695251464844
6467,10.842472076416016
6468,16.2142391204834
6469,8.974822044372559
6470,12.45276927947998
6471,8.954548835754395
6472,18.123048782348633
6473,11.804702758789062
6474,15.245620727539062
6475,13.849295616149902
6476,14.67197322845459
6477,12.523719787597656
6478,13.036880493164062
6479,6.882559776306152
6480,5.842519760131836
6481,7.582433700561523
6482,8.315016746520996
6483,7.3362884521484375
6484,9.722770690917969
6485,6.358554363250732
6486,8.595175743103027
6487,11.881292343139648
6488,9.672329902648926
6489,16.750978469848633
6490,14.31264591217041
6491,21.778928756713867
6492,17.70432472229004
6493,10.74360179901123
6494,12.669319152832031
6495,12.363204956054688
6496,8.605780601501465
6497,10.645936012268066
6498,14.730712890625
6499,12.04590892791748
6500,11.995829582214355
6501,19.72315216064453
6502,20.066043853759766
6503,17.724201202392578
6504,13.419036865234375
6505,15.261797904968262
6506,16.349735260009766
6507,13.1388521194458
6508,10.29288387298584
6509,11.360779762268066
6510,6.31682014465332
6511,10.188006401062012
6512,2.551140069961548
6513,8.392552375793457
6514,7.137833118438721
6515,4.919917583465576
6516,9.240437507629395
6517,10.435770034790039
6518,6.962564945220947
6519,7.542806625366211
6520,10.421869277954102
6521,12.111330032348633
6522,13.963735580444336
6523,11.78044319152832
6524,13.454764366149902
6525,16.627239227294922
6526,16.3497371673584
6527,13.439574241638184
6528,16.84554100036621
6529,11.3883638381958
6530,7.3976569175720215
6531,9.613725662231445
6532,3.6891303062438965
6533,7.339359760284424
6534,7.1645188331604
6535,2.2563817501068115
6536,3.4516003131866455
6537,8.568900108337402
6538,7.036360740661621
6539,10.702812194824219
6540,10.677938461303711
6541,11.632684707641602
6542,20.247251510620117
6543,20.837854385375977
6544,18.247861862182617
6545,16.986398696899414
6546,12.911798477172852
6547,17.87771987915039
6548,13.589606285095215
6549,11.075950622558594
6550,12.0354642868042
6551,13.5083646774292
6552,8.967378616333008
6553,8.706829071044922
6554,8.554101943969727
6555,6.43327522277832
6556,7.85377836227417
6557,9.497208595275879
6558,9.297121047973633
6559,14.225152015686035
6560,14.52893352508545
6561,13.349252700805664
6562,15.132779121398926
6563,22.43585777282715
6564,23.83527374267578
6565,24.989004135131836
6566,17.696990966796875
6567,22.07663345336914
6568,32.30143356323242
6569,21.56930923461914
6570,13.022115707397461
6571,14.173147201538086
6572,6.9325032234191895
6573,3.0809741020202637
6574,2.4080188274383545
6575,5.968146800994873
6576,5.6706013679504395
6577,6.742462158203125
6578,8.750032424926758
6579,7.658099174499512
6580,7.015491962432861
6581,5.644604206085205
6582,7.715512275695801
6583,7.568190097808838
6584,9.199563980102539
6585,11.77978229522705
6586,9.986523628234863
6587,9.087106704711914
6588,13.124987602233887
6589,15.139928817749023
6590,17.86509132385254
6591,12.751260757446289
6592,11.111857414245605
6593,16.577333450317383
6594,13.670939445495605
6595,8.263594627380371
6596,13.12865161895752
6597,10.7809476852417
6598,12.916486740112305
6599,9.477571487426758
6600,6.491734027862549
6601,9.840863227844238
6602,13.39643383026123
6603,10.051660537719727
6604,11.171282768249512
6605,15.174493789672852
6606,12.046842575073242
6607,13.171738624572754
6608,8.484843254089355
6609,13.482062339782715
6610,13.901100158691406
6611,13.184456825256348
6612,7.741180419921875
6613,4.077896595001221
6614,7.057947635650635
6615,7.221165180206299
6616,5.904495716094971
6617,7.477046489715576
6618,10.607346534729004
6619,7.412311553955078
6620,7.546032428741455
6621,11.391728401184082
6622,10.799507141113281
6623,8.85742473602295
6624,14.468245506286621
6625,16.748233795166016
6626,12.546331405639648
6627,18.29022979736328
6628,15.056432723999023
6629,11.480512619018555
6630,13.95606517791748
6631,13.664774894714355
6632,13.381763458251953
6633,14.848653793334961
6634,9.973289489746094
6635,9.464859962463379
6636,8.889264106750488
6637,10.776966094970703
6638,10.974909782409668
6639,11.418190956115723
6640,10.41549015045166
6641,9.546913146972656
6642,12.709543228149414
6643,9.979826927185059
6644,10.805087089538574
6645,5.098669528961182
6646,11.745621681213379
6647,14.05488395690918
6648,11.57362174987793
6649,14.715198516845703
6650,17.79107093811035
6651,13.523405075073242
6652,11.4481782913208
6653,16.954044342041016
6654,14.908196449279785
6655,18.33925437927246
6656,8.93997573852539
6657,8.835631370544434
6658,9.088773727416992
6659,5.46917200088501
6660,7.129776477813721
6661,7.05515193939209
6662,7.933661937713623
6663,7.863969802856445
6664,10.359885215759277
6665,10.301774978637695
6666,11.897738456726074
6667,11.9020357131958
6668,13.835149765014648
6669,11.318605422973633
6670,9.111324310302734
6671,12.75428295135498
6672,8.325499534606934
6673,5.082834720611572
6674,8.274521827697754
6675,12.040735244750977
6676,9.748299598693848
6677,8.057541847229004
6678,6.712918758392334
6679,7.90316915512085
6680,11.511712074279785
6681,11.643902778625488
6682,17.40857696533203
6683,11.399869918823242
6684,15.987558364868164
6685,11.229463577270508
6686,13.847064018249512
6687,7.155156135559082
6688,12.189767837524414
6689,13.419942855834961
6690,8.745033264160156
6691,9.350081443786621
6692,9.094356536865234
6693,12.383132934570312
6694,12.25379753112793
6695,9.523811340332031
6696,15.337800979614258
6697,9.808184623718262
6698,5.4810099601745605
6699,6.6003007888793945
6700,9.187143325805664
6701,10.183238983154297
6702,12.699240684509277
6703,10.956392288208008
6704,12.15821361541748
6705,15.258965492248535
6706,9.631254196166992
6707,13.297256469726562
6708,8.142568588256836
6709,5.267441749572754
6710,8.278820037841797
6711,4.7199811935424805
6712,7.634132385253906
6713,5.120363712310791
6714,8.39494514465332
6715,9.791709899902344
6716,6.675319671630859
6717,8.024505615234375
6718,15.113998413085938
6719,8.689434051513672
6720,14.399988174438477
6721,10.324650764465332
6722,7.310717582702637
6723,10.141879081726074
6724,9.246095657348633
6725,10.43792724609375
6726,10.829448699951172
6727,9.991382598876953
6728,12.542831420898438
6729,12.564285278320312
6730,9.96544075012207
6731,18.085172653198242
6732,15.69273567199707
6733,13.566122055053711
6734,13.442910194396973
6735,11.545482635498047
6736,14.513799667358398
6737,12.843338012695312
6738,14.966793060302734
6739,16.295856475830078
6740,11.19247817993164
6741,11.596626281738281
6742,15.75957202911377
6743,9.54927921295166
6744,10.25169563293457
6745,9.550455093383789
6746,8.138152122497559
6747,9.511286735534668
6748,16.326257705688477
6749,19.940807342529297
6750,14.731863975524902
6751,9.846675872802734
6752,19.641536712646484
6753,24.708534240722656
6754,17.04275894165039
6755,17.289735794067383
6756,24.236467361450195
6757,16.575056076049805
6758,15.345643997192383
6759,14.431632041931152
6760,10.91858959197998
6761,11.696412086486816
6762,8.3053560256958
6763,9.504180908203125
6764,12.69101333618164
6765,11.143501281738281
6766,12.411632537841797
6767,12.743478775024414
6768,8.906028747558594
6769,7.7860612869262695
6770,9.550808906555176
6771,5.353610515594482
6772,9.536738395690918
6773,10.888413429260254
6774,12.089611053466797
6775,10.324614524841309
6776,10.033732414245605
6777,17.6652774810791
6778,19.247241973876953
6779,7.882503032684326
6780,17.7120361328125
6781,23.647680282592773
6782,18.60961151123047
6783,18.30225372314453
6784,15.689977645874023
6785,21.374610900878906
6786,21.648584365844727
6787,16.85282325744629
6788,21.648378372192383
6789,11.416893005371094
6790,11.58526611328125
6791,10.847055435180664
6792,13.334718704223633
6793,12.776790618896484
6794,6.654472827911377
6795,4.4637651443481445
6796,9.282861709594727
6797,10.849727630615234
6798,10.541117668151855
6799,16.1193904876709
6800,11.461140632629395
6801,13.545587539672852
6802,20.653060913085938
6803,14.008440017700195
6804,7.557453632354736
6805,11.04243278503418
6806,16.880571365356445
6807,10.084528923034668
6808,9.34338665008545
6809,13.301071166992188
6810,7.409615993499756
6811,10.073650360107422
6812,11.706828117370605
6813,7.808424472808838
6814,11.278727531433105
6815,9.051799774169922
6816,13.26547908782959
6817,15.666422843933105
6818,15.579659461975098
6819,15.5624418258667
6820,10.799423217773438
6821,8.713104248046875
6822,9.266032218933105
6823,6.128712177276611
6824,4.553757667541504
6825,3.2902209758758545
6826,4.977175235748291
6827,8.164867401123047
6828,11.568490982055664
6829,14.740830421447754
6830,16.862136840820312
6831,17.701236724853516
6832,14.565580368041992
6833,12.615100860595703
6834,14.781039237976074
6835,11.390244483947754
6836,7.084198474884033
6837,6.330373764038086
6838,4.9601054191589355
6839,6.90736722946167
6840,7.848300457000732
6841,8.218286514282227
6842,9.672494888305664
6843,6.161708354949951
6844,5.79347038269043
6845,2.4073078632354736
6846,10.946550369262695
6847,11.714895248413086
6848,12.304444313049316
6849,17.986310958862305
6850,17.695659637451172
6851,18.612594604492188
6852,16.995697021484375
6853,17.54566192626953
6854,13.01176643371582
6855,14.680864334106445
6856,12.3984956741333
6857,9.918190002441406
6858,6.882108688354492
6859,6.839439392089844
6860,5.1185126304626465
6861,13.121302604675293
6862,14.370345115661621
6863,14.640907287597656
6864,11.100699424743652
6865,10.087970733642578
6866,7.171237468719482
6867,8.577920913696289
6868,7.303726673126221
6869,11.3967924118042
6870,9.279253005981445
6871,8.701290130615234
6872,6.712735652923584
6873,14.019282341003418
6874,14.428905487060547
6875,14.573843002319336
6876,17.67495346069336
6877,15.874616622924805
6878,13.52820873260498
6879,11.98130989074707
6880,11.317837715148926
6881,15.509965896606445
6882,12.567046165466309
6883,9.742870330810547
6884,9.215095520019531
6885,4.863168239593506
6886,7.52207088470459
6887,10.10605239868164
6888,12.117962837219238
6889,4.515325546264648
6890,12.344497680664062
6891,10.32612419128418
6892,13.344003677368164
6893,11.875950813293457
6894,14.720341682434082
6895,10.482358932495117
6896,9.590963363647461
6897,9.901119232177734
6898,11.95828914642334
6899,3.082878828048706
6900,1.2230578660964966
6901,4.643510341644287
6902,3.7228457927703857
6903,5.848798751831055
6904,3.952301502227783
6905,3.083465337753296
6906,4.373732566833496
6907,5.277482509613037
6908,6.3851399421691895
6909,10.520236015319824
6910,10.320310592651367
6911,10.339790344238281
6912,6.4748406410217285
6913,10.36276912689209
6914,15.609092712402344
6915,18.105146408081055
6916,19.627824783325195
6917,12.910213470458984
6918,22.25675392150879
6919,15.921165466308594
6920,18.401020050048828
6921,15.75638484954834
6922,19.80197525024414
6923,22.62689971923828
6924,17.262914657592773
6925,14.704283714294434
6926,10.01626205444336
6927,9.010032653808594
6928,8.042733192443848
6929,10.22638988494873
6930,9.143683433532715
6931,6.285350322723389
6932,7.75626802444458
6933,7.939757823944092
6934,14.843506813049316
6935,10.484397888183594
6936,17.52066421508789
6937,13.608932495117188
6938,17.265291213989258
6939,18.515810012817383
6940,6.936877250671387
6941,10.091120719909668
6942,9.188127517700195
6943,8.567931175231934
6944,5.409745693206787
6945,4.925901412963867
6946,9.209506034851074
6947,5.316251277923584
6948,3.756571054458618
6949,11.288725852966309
6950,13.27744197845459
6951,8.517693519592285
6952,8.780815124511719
6953,7.091526031494141
6954,16.42268180847168
6955,16.44182014465332
6956,10.638612747192383
6957,14.166116714477539
6958,13.860816955566406
6959,10.744721412658691
6960,9.320087432861328
6961,9.976256370544434
6962,5.615887641906738
6963,8.695657730102539
6964,1.7390021085739136
6965,4.339292049407959
6966,4.7109456062316895
6967,5.324790954589844
6968,7.25333833694458
6969,6.0260210037231445
6970,11.207442283630371
6971,13.001165390014648
6972,7.540779113769531
6973,7.1252593994140625
6974,4.488885879516602
6975,9.359539985656738
6976,16.951698303222656
6977,12.441784858703613
6978,14.266873359680176
6979,14.965204238891602
6980,11.836644172668457
6981,14.509980201721191
6982,10.46109390258789
6983,9.747871398925781
6984,8.558573722839355
6985,8.419546127319336
6986,8.173622131347656
6987,7.0063910484313965
6988,13.90097713470459
6989,8.143820762634277
6990,12.035792350769043
6991,7.4312262535095215
6992,11.622077941894531
6993,8.174906730651855
6994,9.638211250305176
6995,12.174214363098145
6996,6.743361949920654
6997,8.167200088500977
6998,9.390989303588867
6999,10.518526077270508
7000,14.236973762512207
7001,8.095364570617676
7002,10.872204780578613
7003,15.082952499389648
7004,14.861595153808594
7005,6.612716197967529
7006,9.998736381530762
7007,9.067441940307617
7008,12.868303298950195
7009,14.774511337280273
7010,11.44422435760498
7011,14.97475814819336
7012,11.75723648071289
7013,10.019051551818848
7014,16.369306564331055
7015,11.428231239318848
7016,12.586938858032227
7017,18.617048263549805
7018,17.535253524780273
7019,14.4100980758667
7020,12.243775367736816
7021,12.446892738342285
7022,13.51331901550293
7023,14.56964111328125
7024,10.002154350280762
7025,9.599392890930176
7026,5.064572811126709
7027,5.058858394622803
7028,5.619210720062256
7029,5.995441913604736
7030,12.029006004333496
7031,10.814064979553223
7032,5.8815693855285645
7033,13.099684715270996
7034,8.800163269042969
7035,9.315231323242188
7036,11.338494300842285
7037,15.260355949401855
7038,8.070534706115723
7039,11.004592895507812
7040,17.925111770629883
7041,12.47878360748291
7042,13.502280235290527
7043,14.161236763000488
7044,14.362424850463867
7045,12.872638702392578
7046,10.238646507263184
7047,8.819862365722656
7048,9.836496353149414
7049,11.4974946975708
7050,12.093202590942383
7051,9.341315269470215
7052,18.258100509643555
7053,16.017423629760742
7054,14.663548469543457
7055,16.12775993347168
7056,21.94561195373535
7057,19.66872215270996
7058,19.867170333862305
7059,16.6839599609375
7060,15.854586601257324
7061,15.853940963745117
7062,16.337608337402344
7063,14.483980178833008
7064,16.37811851501465
7065,15.12376594543457
7066,6.500007152557373
7067,10.710495948791504
7068,9.400486946105957
7069,10.220697402954102
7070,9.812935829162598
7071,19.7633056640625
7072,12.435604095458984
7073,20.032230377197266
7074,18.031612396240234
7075,16.089900970458984
7076,16.78443717956543
7077,14.460590362548828
7078,13.373967170715332
7079,11.103867530822754
7080,7.3569488525390625
7081,4.70263671875
7082,8.172404289245605
7083,9.177081108093262
7084,8.105082511901855
7085,11.802844047546387
7086,10.02127742767334
7087,17.678457260131836
7088,8.64362621307373
7089,11.187024116516113
7090,16.3826904296875
7091,13.230301856994629
7092,12.980443954467773
7093,9.405482292175293
7094,7.611639976501465
7095,14.374484062194824
7096,5.436264991760254
7097,7.5922369956970215
7098,8.768781661987305
7099,10.866610527038574
7100,10.322757720947266
7101,6.04115629196167
7102,7.963179111480713
7103,9.582212448120117
7104,8.410920143127441
7105,16.152698516845703
7106,12.339299201965332
7107,18.29115867614746
7108,16.163110733032227
7109,12.108266830444336
7110,13.150394439697266
7111,9.203063011169434
7112,19.001285552978516
7113,6.907611846923828
7114,9.428393363952637
7115,11.66455078125
7116,16.173187255859375
7117,14.831737518310547
7118,19.002735137939453
7119,14.727852821350098
7120,15.656362533569336
7121,10.719339370727539
7122,10.628631591796875
7123,12.069121360778809
7124,17.54807472229004
7125,10.338827133178711
7126,8.124627113342285
7127,9.598835945129395
7128,7.755238056182861
7129,7.562005996704102
7130,10.775205612182617
7131,11.1630859375
7132,10.472850799560547
7133,10.44311809539795
7134,14.710378646850586
7135,16.545812606811523
7136,14.703508377075195
7137,14.097893714904785
7138,17.41556739807129
7139,16.842098236083984
7140,14.740496635437012
7141,15.670808792114258
7142,12.890668869018555
7143,13.063404083251953
7144,10.113582611083984
7145,7.921108722686768
7146,12.79648208618164
7147,7.1971282958984375
7148,7.658624649047852
7149,8.918074607849121
7150,10.958568572998047
7151,10.807680130004883
7152,13.5984468460083
7153,12.342832565307617
7154,9.891108512878418
7155,8.53966236114502
7156,6.972544193267822
7157,10.326815605163574
7158,14.164618492126465
7159,8.716178894042969
7160,19.079946517944336
7161,16.752872467041016
7162,18.080339431762695
7163,13.331340789794922
7164,22.620922088623047
7165,21.779741287231445
7166,14.493826866149902
7167,14.54071044921875
7168,13.84063720703125
7169,8.786728858947754
7170,7.397226333618164
7171,16.27024269104004
7172,11.453306198120117
7173,16.81934356689453
7174,10.777456283569336
7175,9.69245719909668
7176,7.7638373374938965
7177,7.0861310958862305
7178,14.3330717086792
7179,10.11911678314209
7180,11.812703132629395
7181,10.63839340209961
7182,13.080842971801758
7183,9.803216934204102
7184,9.008414268493652
7185,11.650909423828125
7186,10.29598331451416
7187,12.89377498626709
7188,5.273293495178223
7189,6.941564559936523
7190,8.361412048339844
7191,3.9188034534454346
7192,7.833801746368408
7193,9.91926383972168
7194,9.141722679138184
7195,11.21603775024414
7196,7.853259563446045
7197,12.47592830657959
7198,12.98288631439209
7199,12.135540008544922
7200,10.59371280670166
7201,11.319408416748047
7202,10.563060760498047
7203,11.326598167419434
7204,22.16324234008789
7205,22.316864013671875
7206,18.587148666381836
7207,18.772661209106445
7208,17.742685317993164
7209,16.246938705444336
7210,11.55969524383545
7211,9.931994438171387
7212,12.064432144165039
7213,14.548321723937988
7214,11.260627746582031
7215,11.360186576843262
7216,8.943939208984375
7217,5.612709999084473
7218,5.240917682647705
7219,6.472811222076416
7220,5.3875346183776855
7221,9.017791748046875
7222,14.101078033447266
7223,14.64047908782959
7224,13.570449829101562
7225,11.979846954345703
7226,13.890292167663574
7227,12.008647918701172
7228,10.242134094238281
7229,6.226111888885498
7230,6.264230728149414
7231,2.6208600997924805
7232,7.835028171539307
7233,8.512248039245605
7234,4.929617881774902
7235,5.510458946228027
7236,6.458775043487549
7237,5.672636985778809
7238,7.835926532745361
7239,8.142623901367188
7240,9.095747947692871
7241,9.736050605773926
7242,11.45676326751709
7243,11.898904800415039
7244,20.23763084411621
7245,19.861963272094727
7246,17.49142837524414
7247,14.445671081542969
7248,12.822565078735352
7249,8.496904373168945
7250,7.683156967163086
7251,6.252866268157959
7252,6.572262763977051
7253,9.678853988647461
7254,2.844205379486084
7255,1.658463716506958
7256,7.565487384796143
7257,8.173615455627441
7258,10.670872688293457
7259,7.1033830642700195
7260,6.946802139282227
7261,4.228378772735596
7262,7.138355731964111
7263,7.090051174163818
7264,5.888599395751953
7265,7.356553077697754
7266,6.160610198974609
7267,7.326752662658691
7268,5.8628830909729
7269,9.811080932617188
7270,12.226402282714844
7271,9.467551231384277
7272,12.805466651916504
7273,10.3106689453125
7274,11.375100135803223
7275,14.198019981384277
7276,8.654839515686035
7277,10.018495559692383
7278,14.189330101013184
7279,8.883326530456543
7280,8.95452880859375
7281,6.36766242980957
7282,7.630383491516113
7283,6.620622634887695
7284,8.398191452026367
7285,7.458178520202637
7286,9.942290306091309
7287,10.352869033813477
7288,11.096162796020508
7289,12.50197982788086
7290,8.829747200012207
7291,10.620193481445312
7292,8.530679702758789
7293,7.1037116050720215
7294,7.966171741485596
7295,12.33517074584961
7296,9.853764533996582
7297,12.302958488464355
7298,13.165238380432129
7299,12.979681015014648
7300,14.36872673034668
7301,9.970111846923828
7302,10.718001365661621
7303,8.101736068725586
7304,10.472023010253906
7305,5.853500843048096
7306,9.033699989318848
7307,7.943032264709473
7308,10.585052490234375
7309,12.960151672363281
7310,14.684666633605957
7311,9.875868797302246
7312,14.744277000427246
7313,12.232081413269043
7314,13.877761840820312
7315,10.088616371154785
7316,11.664599418640137
7317,12.043810844421387
7318,9.36828899383545
7319,10.758073806762695
7320,9.088747024536133
7321,11.913912773132324
7322,11.312887191772461
7323,15.709724426269531
7324,10.988347053527832
7325,11.453995704650879
7326,17.27603530883789
7327,13.68453598022461
7328,21.59099769592285
7329,20.59552001953125
7330,9.524898529052734
7331,10.36149787902832
7332,12.646462440490723
7333,9.378523826599121
7334,6.798079490661621
7335,7.198246479034424
7336,6.135252952575684
7337,3.4270970821380615
7338,3.96930193901062
7339,4.88075065612793
7340,7.450467586517334
7341,10.150470733642578
7342,15.043756484985352
7343,15.376924514770508
7344,10.928317070007324
7345,13.565364837646484
7346,8.29322338104248
7347,9.19804573059082
7348,9.362374305725098
7349,10.45914363861084
7350,15.22922420501709
7351,6.7645440101623535
7352,9.539811134338379
7353,6.189218044281006
7354,4.832186222076416
7355,4.977444171905518
7356,8.574053764343262
7357,10.35918140411377
7358,11.349244117736816
7359,12.530702590942383
7360,10.64610767364502
7361,15.217077255249023
7362,13.968781471252441
7363,12.537389755249023
7364,13.421345710754395
7365,14.962697982788086
7366,12.9037504196167
7367,8.039674758911133
7368,4.168868064880371
7369,4.479305744171143
7370,2.754441976547241
7371,4.105769634246826
7372,4.110265731811523
7373,8.556110382080078
7374,11.871180534362793
7375,11.42952823638916
7376,10.519668579101562
7377,10.515837669372559
7378,13.453145980834961
7379,12.679319381713867
7380,13.775530815124512
7381,12.577579498291016
7382,9.772947311401367
7383,11.81077766418457
7384,11.82658576965332
7385,17.779294967651367
7386,18.571056365966797
7387,16.481782913208008
7388,26.797697067260742
7389,17.373371124267578
7390,21.45231819152832
7391,13.77099609375
7392,18.633211135864258
7393,15.546882629394531
7394,14.169836044311523
7395,17.577987670898438
7396,6.365525722503662
7397,11.197502136230469
7398,6.284909725189209
7399,6.930229663848877
7400,13.139851570129395
7401,14.212790489196777
7402,15.89047908782959
7403,15.1572904586792
7404,19.762134552001953
7405,17.40216064453125
7406,14.250863075256348
7407,13.142204284667969
7408,15.944791793823242
7409,14.456889152526855
7410,10.704797744750977
7411,8.119633674621582
7412,10.157949447631836
7413,8.517413139343262
7414,7.765865325927734
7415,6.650611877441406
7416,4.4555487632751465
7417,5.312655448913574
7418,8.492964744567871
7419,9.052482604980469
7420,12.940387725830078
7421,17.55815315246582
7422,22.0251407623291
7423,21.984172821044922
7424,18.005369186401367
7425,12.407325744628906
7426,7.664773941040039
7427,14.602989196777344
7428,10.925103187561035
7429,10.972357749938965
7430,10.150918006896973
7431,9.6465425491333
7432,6.533824443817139
7433,7.504938125610352
7434,11.775001525878906
7435,12.99986743927002
7436,9.908773422241211
7437,9.031926155090332
7438,11.867073059082031
7439,13.020400047302246
7440,13.711018562316895
7441,10.71649169921875
7442,10.809633255004883
7443,10.886356353759766
7444,13.64172077178955
7445,15.837196350097656
7446,11.515425682067871
7447,16.68710708618164
7448,13.238309860229492
7449,16.267744064331055
7450,14.726356506347656
7451,10.257725715637207
7452,16.485740661621094
7453,13.289071083068848
7454,9.633072853088379
7455,17.52058219909668
7456,3.7246158123016357
7457,6.984115123748779
7458,10.341511726379395
7459,11.498263359069824
7460,5.894974231719971
7461,10.07763957977295
7462,11.430091857910156
7463,13.974903106689453
7464,20.171855926513672
7465,17.61042022705078
7466,18.50581932067871
7467,19.707883834838867
7468,13.925206184387207
7469,19.505558013916016
7470,17.493852615356445
7471,11.579962730407715
7472,9.560480117797852
7473,12.673128128051758
7474,12.572291374206543
7475,13.251346588134766
7476,10.045371055603027
7477,8.488886833190918
7478,14.727253913879395
7479,13.622425079345703
7480,15.248008728027344
7481,15.614019393920898
7482,12.516729354858398
7483,9.541518211364746
7484,14.813665390014648
7485,10.02052116394043
7486,9.479790687561035
7487,13.933660507202148
7488,10.25298023223877
7489,7.763476848602295
7490,11.613250732421875
7491,7.806553840637207
7492,10.83909797668457
7493,17.071622848510742
7494,9.907983779907227
7495,7.521690845489502
7496,13.296930313110352
7497,11.494423866271973
7498,11.800925254821777
7499,8.297857284545898
7500,8.235469818115234
7501,7.772728443145752
7502,8.355640411376953
7503,7.658359527587891
7504,9.406708717346191
7505,9.231206893920898
7506,11.847688674926758
7507,17.11285972595215
7508,21.339731216430664
7509,25.2216854095459
7510,19.754268646240234
7511,24.801912307739258
7512,37.25320053100586
7513,30.20397186279297
7514,26.586769104003906
7515,45.13532257080078
7516,45.63905334472656
7517,14.640403747558594
7518,30.62541389465332
7519,9.682570457458496
7520,24.344419479370117
7521,8.152178764343262
7522,13.16669750213623
7523,10.681854248046875
7524,20.484630584716797
7525,26.419782638549805
7526,17.350690841674805
7527,29.701570510864258
7528,32.74006271362305
7529,22.798559188842773
7530,22.73048973083496
7531,13.07855224609375
7532,15.519026756286621
7533,11.75690746307373
7534,3.3535311222076416
7535,4.9832024574279785
7536,6.34165096282959
7537,8.630330085754395
7538,9.273995399475098
7539,6.0139617919921875
7540,10.49524211883545
7541,13.997547149658203
7542,8.576419830322266
7543,8.33837890625
7544,13.609768867492676
7545,11.58029842376709
7546,11.39633560180664
7547,9.527507781982422
7548,14.203741073608398
7549,13.264177322387695
7550,12.46424674987793
7551,11.188197135925293
7552,7.646564960479736
7553,6.50290060043335
7554,10.993404388427734
7555,18.936784744262695
7556,15.091142654418945
7557,15.402294158935547
7558,12.873112678527832
7559,13.21591567993164
7560,18.26142692565918
7561,11.611185073852539
7562,12.778828620910645
7563,10.887717247009277
7564,11.690337181091309
7565,10.57244873046875
7566,7.2112531661987305
7567,8.10419750213623
7568,12.743502616882324
7569,11.665553092956543
7570,18.209014892578125
7571,13.263113975524902
7572,33.76106643676758
7573,22.532440185546875
7574,24.390365600585938
7575,21.481586456298828
7576,29.367626190185547
7577,18.39214324951172
7578,19.914241790771484
7579,19.01837921142578
7580,20.845054626464844
7581,17.563846588134766
7582,20.13788414001465
7583,17.868770599365234
7584,18.922584533691406
7585,17.416629791259766
7586,15.444962501525879
7587,16.19317054748535
7588,12.250005722045898
7589,9.137299537658691
7590,9.200836181640625
7591,9.182435989379883
7592,4.474481582641602
7593,6.491818904876709
7594,7.200743675231934
7595,6.242674350738525
7596,7.852456092834473
7597,5.6798529624938965
7598,5.300741195678711
7599,4.119846343994141
7600,8.348005294799805
7601,13.76887321472168
7602,17.62544059753418
7603,16.161815643310547
7604,15.700942993164062
7605,16.717025756835938
7606,18.89922332763672
7607,12.261756896972656
7608,9.951082229614258
7609,9.374665260314941
7610,5.135259628295898
7611,5.635692119598389
7612,7.7490153312683105
7613,11.386356353759766
7614,15.996971130371094
7615,16.596467971801758
7616,16.456932067871094
7617,10.682807922363281
7618,13.477758407592773
7619,12.938355445861816
7620,8.744872093200684
7621,11.461130142211914
7622,9.297886848449707
7623,8.945083618164062
7624,10.708206176757812
7625,12.283270835876465
7626,10.462058067321777
7627,12.65204906463623
7628,11.190672874450684
7629,15.246259689331055
7630,20.771827697753906
7631,14.08692741394043
7632,14.890536308288574
7633,13.773785591125488
7634,17.994646072387695
7635,20.181856155395508
7636,25.029294967651367
7637,16.427501678466797
7638,12.992963790893555
7639,12.057875633239746
7640,9.4465970993042
7641,8.83251667022705
7642,10.07116985321045
7643,8.589029312133789
7644,12.026728630065918
7645,16.713191986083984
7646,15.353500366210938
7647,14.543730735778809
7648,13.876319885253906
7649,17.831323623657227
7650,22.20277214050293
7651,15.710379600524902
7652,13.393033981323242
7653,7.908456802368164
7654,13.759777069091797
7655,12.192601203918457
7656,11.127799034118652
7657,12.272778511047363
7658,8.881502151489258
7659,5.665684700012207
7660,9.815505981445312
7661,10.777543067932129
7662,13.765650749206543
7663,16.15949058532715
7664,14.70239543914795
7665,21.098875045776367
7666,15.331751823425293
7667,15.914031982421875
7668,17.868114471435547
7669,19.4549560546875
7670,14.378231048583984
7671,10.450716018676758
7672,9.669391632080078
7673,9.536140441894531
7674,9.184322357177734
7675,5.8943095207214355
7676,6.047390937805176
7677,7.853866100311279
7678,10.370052337646484
7679,11.4605712890625
7680,7.231847286224365
7681,2.4763810634613037
7682,3.465806722640991
7683,4.151157379150391
7684,3.6032204627990723
7685,7.889483451843262
7686,13.794684410095215
7687,16.237049102783203
7688,16.394939422607422
7689,22.75693130493164
7690,26.323347091674805
7691,22.648853302001953
7692,22.054893493652344
7693,23.582780838012695
7694,22.55742645263672
7695,17.452669143676758
7696,8.945392608642578
7697,7.959079265594482
7698,9.48639965057373
7699,13.465255737304688
7700,10.573920249938965
7701,8.989229202270508
7702,15.095352172851562
7703,7.779062271118164
7704,5.025147438049316
7705,4.982137203216553
7706,10.507558822631836
7707,11.054173469543457
7708,13.333405494689941
7709,12.661309242248535
7710,17.31536293029785
7711,17.076126098632812
7712,18.710668563842773
7713,16.917587280273438
7714,11.9420804977417
7715,13.749971389770508
7716,16.727493286132812
7717,13.42853832244873
7718,15.151291847229004
7719,16.02420997619629
7720,13.828353881835938
7721,17.7421817779541
7722,15.794360160827637
7723,17.15005874633789
7724,9.655937194824219
7725,6.330249786376953
7726,2.988739252090454
7727,5.955904006958008
7728,4.6126322746276855
7729,12.662399291992188
7730,18.838109970092773
7731,21.766172409057617
7732,24.763877868652344
7733,15.900009155273438
7734,18.364704132080078
7735,17.10675048828125
7736,15.395410537719727
7737,17.083675384521484
7738,7.960648059844971
7739,10.162145614624023
7740,10.209579467773438
7741,10.26743221282959
7742,7.709454536437988
7743,7.527259826660156
7744,7.1238322257995605
7745,5.406496524810791
7746,4.454893589019775
7747,2.4089388847351074
7748,1.9269065856933594
7749,0.7142489552497864
7750,5.13093376159668
7751,8.292926788330078
7752,8.542046546936035
7753,10.282794952392578
7754,8.848297119140625
7755,11.785415649414062
7756,11.009894371032715
7757,7.920737266540527
7758,6.1957106590271
7759,1.7173068523406982
7760,2.5159928798675537
7761,3.9000296592712402
7762,6.126399993896484
7763,6.067171096801758
7764,9.369980812072754
7765,13.262080192565918
7766,13.858664512634277
7767,13.557639122009277
7768,19.524049758911133
7769,15.45012378692627
7770,16.159799575805664
7771,15.152548789978027
7772,13.099796295166016
7773,13.553956985473633
7774,16.886533737182617
7775,13.807662010192871
7776,14.507601737976074
7777,7.402772426605225
7778,11.414206504821777
7779,13.705548286437988
7780,15.037242889404297
7781,9.24299430847168
7782,8.40837574005127
7783,11.08495044708252
7784,11.219073295593262
7785,9.414477348327637
7786,7.385678768157959
7787,6.749323844909668
7788,7.438167095184326
7789,7.85005521774292
7790,4.763947486877441
7791,4.663254737854004
7792,7.329188823699951
7793,15.348503112792969
7794,14.569792747497559
7795,17.675857543945312
7796,17.421689987182617
7797,19.935758590698242
7798,17.242216110229492
7799,17.562692642211914
7800,20.07136344909668
7801,13.853906631469727
7802,11.56881046295166
7803,7.565908908843994
7804,9.76463794708252
7805,13.101844787597656
7806,9.008546829223633
7807,11.125256538391113
7808,6.344366550445557
7809,9.83572006225586
7810,17.03252601623535
7811,15.634716033935547
7812,16.68032455444336
7813,21.931785583496094
7814,15.091551780700684
7815,21.21729850769043
7816,15.687315940856934
7817,17.543766021728516
7818,18.052261352539062
7819,9.517848014831543
7820,3.6996779441833496
7821,6.972954273223877
7822,9.253132820129395
7823,4.516165256500244
7824,7.280644416809082
7825,7.56973123550415
7826,7.435939788818359
7827,12.266641616821289
7828,9.717705726623535
7829,10.931891441345215
7830,13.989585876464844
7831,11.962102890014648
7832,7.6841936111450195
7833,10.501949310302734
7834,8.693552017211914
7835,8.28971004486084
7836,14.005664825439453
7837,11.694445610046387
7838,11.105207443237305
7839,13.120015144348145
7840,13.927266120910645
7841,10.590256690979004
7842,8.833446502685547
7843,8.864426612854004
7844,7.117773532867432
7845,13.339962005615234
7846,8.77250862121582
7847,9.79928207397461
7848,11.901664733886719
7849,10.235511779785156
7850,12.392022132873535
7851,12.762401580810547
7852,7.29922342300415
7853,10.89749526977539
7854,7.932592868804932
7855,6.915123462677002
7856,10.671282768249512
7857,13.741443634033203
7858,11.552652359008789
7859,13.322571754455566
7860,12.60363483428955
7861,14.021289825439453
7862,9.16904354095459
7863,11.625123023986816
7864,11.830048561096191
7865,6.581662654876709
7866,9.131658554077148
7867,10.392041206359863
7868,12.940308570861816
7869,12.777754783630371
7870,10.541438102722168
7871,10.253789901733398
7872,7.693885803222656
7873,16.81870460510254
7874,14.350940704345703
7875,9.032960891723633
7876,9.815383911132812
7877,3.2597742080688477
7878,9.870352745056152
7879,11.291156768798828
7880,8.710783004760742
7881,5.123997211456299
7882,13.814653396606445
7883,10.408766746520996
7884,17.491798400878906
7885,11.878036499023438
7886,9.678878784179688
7887,10.734136581420898
7888,14.660429000854492
7889,8.389812469482422
7890,12.146984100341797
7891,20.467514038085938
7892,15.842573165893555
7893,16.25372886657715
7894,10.823251724243164
7895,13.401534080505371
7896,12.708757400512695
7897,16.267372131347656
7898,16.20638656616211
7899,12.485406875610352
7900,13.850956916809082
7901,15.300207138061523
7902,11.244939804077148
7903,13.796451568603516
7904,16.06319808959961
7905,16.339181900024414
7906,14.442562103271484
7907,17.847270965576172
7908,11.28273868560791
7909,13.591682434082031
7910,7.797323226928711
7911,11.935495376586914
7912,13.694493293762207
7913,15.63631820678711
7914,18.747989654541016
7915,32.92594528198242
7916,35.46559524536133
7917,30.482603073120117
7918,21.939842224121094
7919,35.991024017333984
7920,17.509902954101562
7921,17.052854537963867
7922,14.595511436462402
7923,10.894135475158691
7924,13.413559913635254
7925,17.852767944335938
7926,12.822404861450195
7927,17.413719177246094
7928,24.652692794799805
7929,28.2772159576416
7930,22.202363967895508
7931,24.313858032226562
7932,22.608957290649414
7933,27.890840530395508
7934,25.76504135131836
7935,20.812971115112305
7936,17.213834762573242
7937,18.307125091552734
7938,14.569509506225586
7939,6.902835845947266
7940,7.138189315795898
7941,3.8684561252593994
7942,4.48720121383667
7943,7.329941272735596
7944,8.716666221618652
7945,13.35074234008789
7946,20.77137565612793
7947,14.189329147338867
7948,10.077483177185059
7949,15.30883502960205
7950,18.360219955444336
7951,16.765033721923828
7952,22.590993881225586
7953,21.771366119384766
7954,28.484418869018555
7955,16.61173439025879
7956,26.399673461914062
7957,20.768024444580078
7958,20.98557472229004
7959,29.981000900268555
7960,33.75758743286133
7961,18.675302505493164
7962,16.191835403442383
7963,15.016801834106445
7964,18.784961700439453
7965,15.506641387939453
7966,12.691737174987793
7967,6.071994781494141
7968,7.667816638946533
7969,8.881860733032227
7970,6.365438938140869
7971,7.868005752563477
7972,13.153448104858398
7973,12.925517082214355
7974,13.13332462310791
7975,14.864327430725098
7976,17.641742706298828
7977,17.10151481628418
7978,13.949917793273926
7979,11.850876808166504
7980,10.361733436584473
7981,11.155011177062988
7982,3.5698375701904297
7983,1.8225131034851074
7984,1.1663472652435303
7985,1.3239728212356567
7986,4.904829502105713
7987,4.282766342163086
7988,7.154555797576904
7989,9.655945777893066
7990,10.940568923950195
7991,11.557358741760254
7992,12.75393009185791
7993,11.426466941833496
7994,11.859992027282715
7995,14.783315658569336
7996,13.164032936096191
7997,12.399613380432129
7998,6.548605442047119
7999,15.497841835021973
8000,15.682923316955566
8001,16.719144821166992
8002,19.512638092041016
8003,19.635583877563477
8004,11.459664344787598
8005,18.530899047851562
8006,14.039576530456543
8007,15.103970527648926
8008,9.4666166305542
8009,10.85741901397705
8010,13.80959701538086
8011,9.619881629943848
8012,7.409481525421143
8013,4.629838943481445
8014,3.2457714080810547
8015,7.006407737731934
8016,11.115184783935547
8017,12.31264877319336
8018,15.301104545593262
8019,7.537830352783203
8020,18.28737449645996
8021,14.873175621032715
8022,14.22093677520752
8023,19.74759864807129
8024,12.481196403503418
8025,10.305694580078125
8026,9.163187026977539
8027,8.99715518951416
8028,7.041330814361572
8029,7.898921489715576
8030,5.2351813316345215
8031,4.117814064025879
8032,3.940687417984009
8033,2.931694269180298
8034,4.301426887512207
8035,9.430074691772461
8036,9.858687400817871
8037,23.65349006652832
8038,14.352709770202637
8039,13.133733749389648
8040,16.041723251342773
8041,14.708232879638672
8042,16.430017471313477
8043,15.940949440002441
8044,14.628255844116211
8045,12.097108840942383
8046,10.828856468200684
8047,5.887316703796387
8048,4.824738025665283
8049,7.061659812927246
8050,7.793437480926514
8051,9.39834976196289
8052,9.852404594421387
8053,12.805994033813477
8054,11.966756820678711
8055,13.882399559020996
8056,15.976151466369629
8057,12.770237922668457
8058,10.90439510345459
8059,15.294917106628418
8060,12.910496711730957
8061,9.339274406433105
8062,8.057827949523926
8063,8.253440856933594
8064,7.425712585449219
8065,14.960829734802246
8066,13.026403427124023
8067,18.6785945892334
8068,10.466568946838379
8069,13.290903091430664
8070,14.328923225402832
8071,8.757261276245117
8072,11.156700134277344
8073,10.707282066345215
8074,5.003961563110352
8075,4.983900547027588
8076,9.472383499145508
8077,3.7788023948669434
8078,5.0215559005737305
8079,17.431655883789062
8080,22.744680404663086
8081,19.24664306640625
8082,32.5336799621582
8083,27.769073486328125
8084,22.45250701904297
8085,27.057973861694336
8086,27.34175682067871
8087,19.478776931762695
8088,21.284292221069336
8089,19.09033203125
8090,11.767111778259277
8091,10.68669605255127
8092,6.561054229736328
8093,5.006126403808594
8094,4.960294246673584
8095,10.360979080200195
8096,8.605287551879883
8097,12.761984825134277
8098,18.058853149414062
8099,10.56507682800293
8100,14.299782752990723
8101,19.373247146606445
8102,15.123144149780273
8103,10.636221885681152
8104,6.190798282623291
8105,4.298477649688721
8106,5.578198432922363
8107,8.209074974060059
8108,8.338525772094727
8109,7.670413017272949
8110,7.837399005889893
8111,7.168191909790039
8112,8.758774757385254
8113,6.3895745277404785
8114,7.823113918304443
8115,6.834048271179199
8116,3.533247470855713
8117,4.874307632446289
8118,5.433358192443848
8119,3.7556252479553223
8120,6.689797401428223
8121,8.53108024597168
8122,14.394753456115723
8123,19.411474227905273
8124,16.803691864013672
8125,23.383403778076172
8126,16.961631774902344
8127,17.080678939819336
8128,15.993753433227539
8129,16.761672973632812
8130,24.009864807128906
8131,16.071672439575195
8132,14.363405227661133
8133,12.43074893951416
8134,9.723057746887207
8135,12.604656219482422
8136,8.644705772399902
8137,6.496033191680908
8138,10.615083694458008
8139,6.170383930206299
8140,9.200393676757812
8141,20.603620529174805
8142,11.21211051940918
8143,15.814825057983398
8144,15.258296012878418
8145,22.483280181884766
8146,16.363391876220703
8147,15.380297660827637
8148,9.374235153198242
8149,9.575922966003418
8150,8.76209831237793
8151,6.959395885467529
8152,5.046268939971924
8153,7.247725009918213
8154,9.310482025146484
8155,11.655858039855957
8156,10.537142753601074
8157,15.791478157043457
8158,18.807323455810547
8159,22.577428817749023
8160,13.982279777526855
8161,13.253484725952148
8162,13.811739921569824
8163,4.975226879119873
8164,9.209636688232422
8165,6.348840236663818
8166,4.675379276275635
8167,8.997376441955566
8168,11.976343154907227
8169,11.355356216430664
8170,9.347058296203613
8171,12.246798515319824
8172,15.968416213989258
8173,10.453137397766113
8174,11.235142707824707
8175,17.667802810668945
8176,14.83372688293457
8177,16.730588912963867
8178,11.048467636108398
8179,6.3231329917907715
8180,5.561337471008301
8181,3.8125414848327637
8182,5.752364158630371
8183,8.057404518127441
8184,5.6620869636535645
8185,8.640702247619629
8186,16.4455509185791
8187,20.476327896118164
8188,23.95195960998535
8189,23.657024383544922
8190,18.85871124267578
8191,19.857711791992188
8192,16.444026947021484
8193,8.821295738220215
8194,4.73084020614624
8195,4.901218891143799
8196,7.149068355560303
8197,2.866837501525879
8198,5.966625690460205
8199,7.168325901031494
8200,10.393939018249512
8201,12.396112442016602
8202,9.428702354431152
8203,17.679039001464844
8204,15.0209379196167
8205,18.870094299316406
8206,14.963333129882812
8207,11.678237915039062
8208,13.53941535949707
8209,9.777692794799805
8210,8.328790664672852
8211,9.92659854888916
8212,4.68669319152832
8213,1.0456897020339966
8214,4.684199810028076
8215,7.560548782348633
8216,10.277219772338867
8217,12.947922706604004
8218,16.59568977355957
8219,17.136524200439453
8220,13.874000549316406
8221,16.830318450927734
8222,15.004131317138672
8223,14.230682373046875
8224,10.059565544128418
8225,8.273730278015137
8226,5.911754131317139
8227,5.949930667877197
8228,3.2908411026000977
8229,2.065669298171997
8230,2.8425142765045166
8231,3.27520751953125
8232,6.842418670654297
8233,6.442935466766357
8234,10.935336112976074
8235,8.805753707885742
8236,13.699564933776855
8237,11.162410736083984
8238,15.23893928527832
8239,17.74324607849121
8240,15.758217811584473
8241,15.661430358886719
8242,11.830931663513184
8243,12.651298522949219
8244,11.81893253326416
8245,11.438260078430176
8246,9.869939804077148
8247,7.693120956420898
8248,9.522006034851074
8249,7.980138778686523
8250,13.185467720031738
8251,14.350151062011719
8252,13.198829650878906
8253,10.77846622467041
8254,8.024019241333008
8255,4.521247386932373
8256,3.242515802383423
8257,1.4709607362747192
8258,4.044793605804443
8259,8.947343826293945
8260,9.584066390991211
8261,10.156752586364746
8262,15.756933212280273
8263,13.509428024291992
8264,18.98990249633789
8265,14.999847412109375
8266,11.840106010437012
8267,9.922613143920898
8268,10.839210510253906
8269,6.891606330871582
8270,7.695154190063477
8271,8.784207344055176
8272,6.435463905334473
8273,4.622286796569824
8274,5.023595809936523
8275,7.140207290649414
8276,5.177021503448486
8277,7.025907516479492
8278,4.254377841949463
8279,7.368786334991455
8280,13.752848625183105
8281,14.466753959655762
8282,15.005134582519531
8283,16.730159759521484
8284,21.1860408782959
8285,18.807476043701172
8286,18.33454132080078
8287,19.220317840576172
8288,15.366778373718262
8289,8.688204765319824
8290,8.823535919189453
8291,8.370718955993652
8292,9.910815238952637
8293,13.216732025146484
8294,10.981478691101074
8295,10.745416641235352
8296,13.862259864807129
8297,17.30786895751953
8298,16.206832885742188
8299,12.584762573242188
8300,12.820035934448242
8301,15.633790969848633
8302,19.712461471557617
8303,23.480499267578125
8304,15.933977127075195
8305,18.539274215698242
8306,17.46517562866211
8307,13.20732593536377
8308,10.708054542541504
8309,13.494210243225098
8310,15.61752700805664
8311,15.283822059631348
8312,14.054903030395508
8313,7.8019490242004395
8314,12.946669578552246
8315,11.190509796142578
8316,10.465699195861816
8317,4.76557731628418
8318,7.814695835113525
8319,3.7610692977905273
8320,10.932363510131836
8321,9.325782775878906
8322,9.375885009765625
8323,15.123459815979004
8324,20.960521697998047
8325,23.08515167236328
8326,26.117582321166992
8327,19.4688777923584
8328,19.45400619506836
8329,15.565343856811523
8330,14.814412117004395
8331,15.271039009094238
8332,13.027911186218262
8333,5.042168617248535
8334,6.878981590270996
8335,11.131736755371094
8336,18.550270080566406
8337,12.982369422912598
8338,14.979823112487793
8339,8.771244049072266
8340,7.80116605758667
8341,7.971670627593994
8342,7.004047393798828
8343,11.518303871154785
8344,12.436898231506348
8345,15.409039497375488
8346,15.033331871032715
8347,13.638774871826172
8348,11.271818161010742
8349,12.420361518859863
8350,11.849132537841797
8351,11.832030296325684
8352,17.578575134277344
8353,14.139732360839844
8354,11.473759651184082
8355,12.73287296295166
8356,9.844786643981934
8357,11.140522956848145
8358,9.209945678710938
8359,11.3433198928833
8360,8.720091819763184
8361,7.517458915710449
8362,5.732544422149658
8363,6.4419941902160645
8364,10.996597290039062
8365,16.236328125
8366,14.584100723266602
8367,17.787736892700195
8368,21.685792922973633
8369,20.123409271240234
8370,19.35975456237793
8371,18.62448501586914
8372,18.144794464111328
8373,13.879733085632324
8374,12.874418258666992
8375,8.426793098449707
8376,11.067893028259277
8377,8.155729293823242
8378,13.988130569458008
8379,18.89585304260254
8380,16.665477752685547
8381,10.402402877807617
8382,18.362064361572266
8383,13.710119247436523
8384,9.45991325378418
8385,12.53233528137207
8386,14.39327621459961
8387,17.1425724029541
8388,15.138216972351074
8389,12.129498481750488
8390,13.12696361541748
8391,12.694783210754395
8392,12.922313690185547
8393,8.119003295898438
8394,12.532748222351074
8395,6.92068338394165
8396,7.038465976715088
8397,9.423571586608887
8398,9.485508918762207
8399,6.6915154457092285
8400,14.92913818359375
8401,9.604227066040039
8402,13.135658264160156
8403,10.588454246520996
8404,5.572704792022705
8405,7.358720779418945
8406,4.4611592292785645
8407,6.094802379608154
8408,7.637042999267578
8409,9.352931022644043
8410,13.587740898132324
8411,14.262419700622559
8412,11.745365142822266
8413,14.932882308959961
8414,14.887028694152832
8415,17.95954704284668
8416,14.619745254516602
8417,7.613602161407471
8418,6.09650182723999
8419,11.136327743530273
8420,11.894195556640625
8421,11.01087760925293
8422,13.87938404083252
8423,15.316307067871094
8424,14.040943145751953
8425,9.07709789276123
8426,8.508816719055176
8427,5.416016101837158
8428,9.233312606811523
8429,16.55913734436035
8430,17.859317779541016
8431,13.549276351928711
8432,18.612268447875977
8433,16.272153854370117
8434,21.85879898071289
8435,20.454111099243164
8436,11.363917350769043
8437,11.72424602508545
8438,13.027425765991211
8439,5.576687812805176
8440,7.158433437347412
8441,6.503193378448486
8442,11.384245872497559
8443,8.46971607208252
8444,9.8668794631958
8445,9.811421394348145
8446,7.075374126434326
8447,7.600075721740723
8448,9.022717475891113
8449,9.709771156311035
8450,9.933162689208984
8451,10.69637393951416
8452,13.484728813171387
8453,17.52784538269043
8454,19.77212905883789
8455,18.94447135925293
8456,15.74780559539795
8457,11.840028762817383
8458,11.784149169921875
8459,13.350637435913086
8460,11.01187801361084
8461,15.609228134155273
8462,11.567498207092285
8463,14.883408546447754
8464,13.171667098999023
8465,10.649530410766602
8466,10.092934608459473
8467,11.51786994934082
8468,7.663097858428955
8469,9.337189674377441
8470,5.177148818969727
8471,9.229087829589844
8472,8.634620666503906
8473,16.17408561706543
8474,20.064815521240234
8475,24.03990936279297
8476,16.92054557800293
8477,16.051328659057617
8478,13.840595245361328
8479,17.716411590576172
8480,4.964841842651367
8481,1.815610647201538
8482,3.497084617614746
8483,6.593339920043945
8484,6.830738544464111
8485,9.011398315429688
8486,18.636272430419922
8487,14.029484748840332
8488,18.634431838989258
8489,20.046506881713867
8490,17.088071823120117
8491,13.396523475646973
8492,9.640626907348633
8493,15.606330871582031
8494,18.77943229675293
8495,23.52600860595703
8496,24.016748428344727
8497,24.592571258544922
8498,22.79924774169922
8499,15.54098892211914
8500,23.65106201171875
8501,16.847457885742188
8502,18.324464797973633
8503,15.316530227661133
8504,10.267004013061523
8505,10.995851516723633
8506,13.656126022338867
8507,16.90476417541504
8508,12.968245506286621
8509,14.68997859954834
8510,15.317168235778809
8511,13.852643966674805
8512,13.756830215454102
8513,10.699450492858887
8514,13.208703994750977
8515,11.086604118347168
8516,11.717464447021484
8517,15.846147537231445
8518,10.447303771972656
8519,9.606742858886719
8520,8.957449913024902
8521,16.510425567626953
8522,13.984888076782227
8523,7.683750629425049
8524,9.666647911071777
8525,12.921469688415527
8526,9.785209655761719
8527,11.816691398620605
8528,15.744987487792969
8529,14.303418159484863
8530,10.578235626220703
8531,16.1939640045166
8532,6.694903373718262
8533,10.63132095336914
8534,5.7470502853393555
8535,3.7352585792541504
8536,9.292558670043945
8537,6.641236305236816
8538,7.88784646987915
8539,5.022693157196045
8540,10.220687866210938
8541,4.535332679748535
8542,8.639835357666016
8543,6.044260501861572
8544,8.514317512512207
8545,6.427604675292969
8546,6.902947902679443
8547,10.120976448059082
8548,6.801179885864258
8549,6.330247402191162
8550,5.301519870758057
8551,5.603240966796875
8552,7.183432102203369
8553,2.9677658081054688
8554,4.762243747711182
8555,5.513263702392578
8556,5.589908123016357
8557,8.795818328857422
8558,9.041912078857422
8559,11.913839340209961
8560,14.307389259338379
8561,14.945516586303711
8562,12.653010368347168
8563,12.958043098449707
8564,9.900158882141113
8565,11.726280212402344
8566,8.448572158813477
8567,8.677862167358398
8568,7.2217302322387695
8569,9.36256217956543
8570,13.412701606750488
8571,17.657438278198242
8572,15.453377723693848
8573,14.63012981414795
8574,19.277217864990234
8575,17.497608184814453
8576,16.08467674255371
8577,12.835541725158691
8578,14.109641075134277
8579,15.23493766784668
8580,13.237439155578613
8581,8.54283332824707
8582,10.827381134033203
8583,5.397285461425781
8584,6.453614234924316
8585,4.849903106689453
8586,8.506868362426758
8587,5.140343189239502
8588,7.493160247802734
8589,13.151473045349121
8590,11.274170875549316
8591,13.207449913024902
8592,11.473359107971191
8593,11.713878631591797
8594,18.920515060424805
8595,13.984363555908203
8596,9.643354415893555
8597,7.409670829772949
8598,5.451577663421631
8599,8.001815795898438
8600,7.098211288452148
8601,4.880670547485352
8602,4.9073567390441895
8603,5.520793914794922
8604,3.0663881301879883
8605,4.112358570098877
8606,7.68258810043335
8607,5.982597351074219
8608,9.215807914733887
8609,13.889069557189941
8610,15.617283821105957
8611,15.495404243469238
8612,21.00727653503418
8613,18.42633819580078
8614,19.722322463989258
8615,20.74697494506836
8616,15.374418258666992
8617,17.751432418823242
8618,11.57761287689209
8619,14.154372215270996
8620,9.029864311218262
8621,17.316991806030273
8622,12.148056030273438
8623,10.33314323425293
8624,14.188426971435547
8625,8.907454490661621
8626,7.070531845092773
8627,4.906777381896973
8628,4.436699867248535
8629,1.2145658731460571
8630,3.2923567295074463
8631,6.600858688354492
8632,11.626011848449707
8633,13.229656219482422
8634,14.18097972869873
8635,18.10117530822754
8636,15.420441627502441
8637,15.597550392150879
8638,13.541216850280762
8639,17.729642868041992
8640,14.061162948608398
8641,10.434101104736328
8642,12.004382133483887
8643,6.958343982696533
8644,7.48289680480957
8645,5.614899635314941
8646,8.292988777160645
8647,6.032326698303223
8648,12.390243530273438
8649,11.339599609375
8650,11.690714836120605
8651,11.849214553833008
8652,19.417224884033203
8653,19.979442596435547
8654,13.979399681091309
8655,19.679794311523438
8656,18.33833885192871
8657,17.538854598999023
8658,19.769412994384766
8659,9.888409614562988
8660,6.686281681060791
8661,4.071166515350342
8662,2.0405848026275635
8663,4.6220598220825195
8664,6.153717994689941
8665,7.475489616394043
8666,10.533100128173828
8667,7.78084659576416
8668,8.761933326721191
8669,11.885088920593262
8670,11.262933731079102
8671,10.547682762145996
8672,6.9565935134887695
8673,10.870991706848145
8674,8.777596473693848
8675,8.678010940551758
8676,9.073134422302246
8677,5.1144185066223145
8678,9.65489387512207
8679,10.052255630493164
8680,11.365129470825195
8681,7.719610691070557
8682,10.796905517578125
8683,8.686495780944824
8684,6.9528350830078125
8685,13.791943550109863
8686,12.695513725280762
8687,13.81199836730957
8688,13.397894859313965
8689,14.070233345031738
8690,13.439943313598633
8691,13.625146865844727
8692,6.232064723968506
8693,8.733359336853027
8694,15.32531452178955
8695,12.60708236694336
8696,13.62283706665039
8697,12.618094444274902
8698,17.0205020904541
8699,16.704275131225586
8700,20.048477172851562
8701,17.519508361816406
8702,13.29053783416748
8703,12.530061721801758
8704,7.990474700927734
8705,10.867491722106934
8706,9.361379623413086
8707,7.630177021026611
8708,7.819278717041016
8709,11.256287574768066
8710,12.872333526611328
8711,16.380022048950195
8712,11.533339500427246
8713,19.255043029785156
8714,13.058030128479004
8715,12.408534049987793
8716,19.480113983154297
8717,12.821910858154297
8718,15.395103454589844
8719,11.949077606201172
8720,8.067957878112793
8721,10.238099098205566
8722,12.625908851623535
8723,9.30447006225586
8724,14.859045028686523
8725,12.477340698242188
8726,14.699502944946289
8727,14.948296546936035
8728,12.34917163848877
8729,16.385826110839844
8730,13.173052787780762
8731,13.297964096069336
8732,13.34662914276123
8733,7.601503372192383
8734,8.71618938446045
8735,4.441431045532227
8736,7.59133768081665
8737,9.112139701843262
8738,7.241379261016846
8739,8.127543449401855
8740,16.223976135253906
8741,26.062183380126953
8742,19.13838768005371
8743,16.83857536315918
8744,18.78386116027832
8745,23.238676071166992
8746,17.62689208984375
8747,14.191659927368164
8748,13.082770347595215
8749,11.215747833251953
8750,7.056634902954102
8751,10.667250633239746
8752,11.055156707763672
8753,7.340677261352539
8754,9.436748504638672
8755,5.547454833984375
8756,15.404293060302734
8757,15.218177795410156
8758,12.346343040466309
8759,16.40218162536621
8760,20.77618408203125
8761,20.487764358520508
8762,22.985454559326172
8763,23.53949737548828
8764,15.745281219482422
8765,17.10007095336914
8766,16.815921783447266
8767,12.251995086669922
8768,7.529895782470703
8769,10.478353500366211
8770,11.183106422424316
8771,10.532029151916504
8772,12.962388038635254
8773,17.161104202270508
8774,18.71304702758789
8775,16.956470489501953
8776,15.336565971374512
8777,17.514739990234375
8778,16.132299423217773
8779,10.99516773223877
8780,10.205707550048828
8781,14.888263702392578
8782,13.636982917785645
8783,8.115469932556152
8784,8.495484352111816
8785,7.977294445037842
8786,12.913494110107422
8787,8.79586124420166
8788,6.979299068450928
8789,5.769843578338623
8790,8.686145782470703
8791,10.035390853881836
8792,10.706049919128418
8793,12.035880088806152
8794,10.981769561767578
8795,10.854740142822266
8796,10.884573936462402
8797,10.041121482849121
8798,9.696748733520508
8799,12.33676528930664
8800,6.21721076965332
8801,10.103522300720215
8802,12.441065788269043
8803,10.718764305114746
8804,15.912717819213867
8805,12.272655487060547
8806,18.290645599365234
8807,19.088167190551758
8808,20.092763900756836
8809,15.817696571350098
8810,10.143085479736328
8811,11.603004455566406
8812,14.164952278137207
8813,11.834519386291504
8814,14.085076332092285
8815,13.370321273803711
8816,9.739521980285645
8817,8.640706062316895
8818,8.987505912780762
8819,15.037389755249023
8820,14.379776954650879
8821,17.30064582824707
8822,14.592718124389648
8823,19.254602432250977
8824,17.024335861206055
8825,13.233914375305176
8826,13.982933044433594
8827,10.912532806396484
8828,6.1642351150512695
8829,5.360509395599365
8830,5.319823741912842
8831,4.8358893394470215
8832,2.819065809249878
8833,5.552157878875732
8834,10.741873741149902
8835,10.60049819946289
8836,7.971679210662842
8837,11.035876274108887
8838,13.939921379089355
8839,9.63144302368164
8840,13.339347839355469
8841,15.324116706848145
8842,9.41655445098877
8843,13.495347023010254
8844,9.07271671295166
8845,9.746100425720215
8846,13.514566421508789
8847,14.723579406738281
8848,15.482159614562988
8849,14.250147819519043
8850,17.81539535522461
8851,17.3930721282959
8852,17.548322677612305
8853,18.97418212890625
8854,13.51755142211914
8855,12.790603637695312
8856,9.788366317749023
8857,9.449688911437988
8858,5.89619255065918
8859,6.569339752197266
8860,9.441690444946289
8861,3.289252281188965
8862,7.736159801483154
8863,11.958547592163086
8864,7.440044403076172
8865,12.23184871673584
8866,14.959656715393066
8867,9.4606294631958
8868,7.737298488616943
8869,11.961013793945312
8870,9.339685440063477
8871,10.491908073425293
8872,11.57075023651123
8873,8.166068077087402
8874,8.778091430664062
8875,12.018811225891113
8876,16.84792709350586
8877,14.669164657592773
8878,15.082216262817383
8879,10.58047103881836
8880,13.71652889251709
8881,19.35860824584961
8882,15.215855598449707
8883,13.87617015838623
8884,11.902050018310547
8885,7.754209041595459
8886,13.138275146484375
8887,7.251445293426514
8888,9.960692405700684
8889,6.71931266784668
8890,11.881169319152832
8891,13.122396469116211
8892,10.042458534240723
8893,8.997172355651855
8894,8.443872451782227
8895,11.890449523925781
8896,11.317760467529297
8897,16.420392990112305
8898,13.229757308959961
8899,16.432405471801758
8900,12.567315101623535
8901,10.06757926940918
8902,12.835686683654785
8903,11.385132789611816
8904,10.6290922164917
8905,10.958775520324707
8906,12.302447319030762
8907,15.610452651977539
8908,13.28128719329834
8909,13.374043464660645
8910,13.395905494689941
8911,12.228066444396973
8912,11.056670188903809
8913,8.178831100463867
8914,5.050423622131348
8915,4.077530384063721
8916,4.121932029724121
8917,3.0279204845428467
8918,7.041284084320068
8919,9.832195281982422
8920,9.23627758026123
8921,10.460118293762207
8922,12.73157024383545
8923,17.787822723388672
8924,12.098160743713379
8925,12.98871898651123
8926,17.539920806884766
8927,8.987308502197266
8928,13.323665618896484
8929,10.339285850524902
8930,11.446321487426758
8931,11.372422218322754
8932,8.538064956665039
8933,7.526790142059326
8934,12.886209487915039
8935,11.262624740600586
8936,4.47764253616333
8937,8.303391456604004
8938,6.589256286621094
8939,11.285551071166992
8940,16.608787536621094
8941,16.139301300048828
8942,19.34578514099121
8943,19.497825622558594
8944,23.930227279663086
8945,21.967832565307617
8946,18.91367530822754
8947,16.183189392089844
8948,15.501341819763184
8949,9.54985237121582
8950,13.34738826751709
8951,14.84162712097168
8952,11.670973777770996
8953,11.90345287322998
8954,8.045132637023926
8955,12.639235496520996
8956,15.472309112548828
8957,16.304607391357422
8958,19.763370513916016
8959,10.063014030456543
8960,14.607477188110352
8961,19.44637107849121
8962,16.639795303344727
8963,13.626758575439453
8964,20.61544418334961
8965,13.921525955200195
8966,11.799339294433594
8967,15.310641288757324
8968,10.646723747253418
8969,9.475536346435547
8970,5.864126205444336
8971,5.192331314086914
8972,7.0431952476501465
8973,11.850320816040039
8974,5.820446491241455
8975,10.2506103515625
8976,9.440784454345703
8977,8.729146003723145
8978,10.604997634887695
8979,9.934911727905273
8980,9.930208206176758
8981,16.902820587158203
8982,17.672693252563477
8983,19.507339477539062
8984,14.681938171386719
8985,21.89320182800293
8986,19.94012451171875
8987,17.653364181518555
8988,20.49395179748535
8989,17.262746810913086
8990,11.380805015563965
8991,6.446423053741455
8992,5.548463821411133
8993,6.555659294128418
8994,7.760915279388428
8995,9.03519058227539
8996,8.633243560791016
8997,7.987386226654053
8998,10.599637985229492
8999,9.449773788452148
9000,12.053422927856445
9001,14.894826889038086
9002,17.641475677490234
9003,10.510260581970215
9004,12.860326766967773
9005,18.586191177368164
9006,15.059021949768066
9007,16.879165649414062
9008,18.21338653564453
9009,19.05179214477539
9010,12.306853294372559
9011,20.246015548706055
9012,11.837574005126953
9013,10.896016120910645
9014,13.72826862335205
9015,15.874592781066895
9016,9.349536895751953
9017,6.37927770614624
9018,6.932901859283447
9019,4.8130011558532715
9020,13.517141342163086
9021,9.128928184509277
9022,6.051114559173584
9023,7.289228439331055
9024,12.79881763458252
9025,11.20058536529541
9026,8.591423034667969
9027,9.65148639678955
9028,9.796795845031738
9029,13.303139686584473
9030,10.420316696166992
9031,10.436548233032227
9032,10.14234733581543
9033,9.452362060546875
9034,15.348464965820312
9035,16.26131820678711
9036,15.434926986694336
9037,18.376924514770508
9038,13.456284523010254
9039,13.890052795410156
9040,10.136056900024414
9041,18.624330520629883
9042,11.402013778686523
9043,9.364480018615723
9044,9.52522087097168
9045,10.329164505004883
9046,16.681909561157227
9047,21.617034912109375
9048,17.560077667236328
9049,9.543113708496094
9050,5.2705583572387695
9051,7.096120357513428
9052,7.04713249206543
9053,6.030498504638672
9054,9.076567649841309
9055,12.903214454650879
9056,16.668880462646484
9057,10.069893836975098
9058,16.125568389892578
9059,12.928705215454102
9060,22.49413299560547
9061,15.614540100097656
9062,13.26696491241455
9063,14.724944114685059
9064,14.855300903320312
9065,13.542013168334961
9066,23.558712005615234
9067,19.26143455505371
9068,18.113616943359375
9069,25.52593231201172
9070,16.011375427246094
9071,19.837404251098633
9072,11.951560020446777
9073,14.09028434753418
9074,7.5400238037109375
9075,5.780998229980469
9076,10.488324165344238
9077,11.958452224731445
9078,18.267498016357422
9079,13.157716751098633
9080,19.076589584350586
9081,19.10500144958496
9082,18.886064529418945
9083,16.295406341552734
9084,14.878040313720703
9085,17.980972290039062
9086,8.046374320983887
9087,10.321825981140137
9088,15.409952163696289
9089,12.674922943115234
9090,11.75389575958252
9091,15.120247840881348
9092,22.65787124633789
9093,15.790407180786133
9094,21.342933654785156
9095,14.73768424987793
9096,19.634151458740234
9097,18.785717010498047
9098,14.029891014099121
9099,13.942038536071777
9100,15.8511962890625
9101,17.15601348876953
9102,14.101073265075684
9103,11.52673625946045
9104,6.428448677062988
9105,9.597550392150879
9106,10.078421592712402
9107,11.569886207580566
9108,11.303559303283691
9109,6.4763617515563965
9110,8.616662979125977
9111,9.014311790466309
9112,9.504420280456543
9113,9.879325866699219
9114,10.87938404083252
9115,8.415670394897461
9116,7.9398980140686035
9117,7.366097450256348
9118,5.426955699920654
9119,4.040879249572754
9120,6.977367401123047
9121,7.648665428161621
9122,7.363556861877441
9123,15.629185676574707
9124,8.642786979675293
9125,10.294720649719238
9126,6.098276138305664
9127,9.26630687713623
9128,11.061367988586426
9129,15.175800323486328
9130,12.782408714294434
9131,21.343137741088867
9132,13.431585311889648
9133,17.443721771240234
9134,10.336128234863281
9135,11.783360481262207
9136,12.312045097351074
9137,7.928918361663818
9138,8.51406192779541
9139,7.2892656326293945
9140,4.362852096557617
9141,9.566608428955078
9142,13.78562068939209
9143,11.109352111816406
9144,19.23445701599121
9145,10.399338722229004
9146,16.909204483032227
9147,12.561318397521973
9148,15.177634239196777
9149,17.389080047607422
9150,15.363554954528809
9151,15.841869354248047
9152,8.682721138000488
9153,13.971988677978516
9154,11.760242462158203
9155,12.502260208129883
9156,7.3948774337768555
9157,10.132623672485352
9158,11.045282363891602
9159,9.738212585449219
9160,15.315396308898926
9161,21.232990264892578
9162,19.140302658081055
9163,12.731756210327148
9164,19.871278762817383
9165,22.008337020874023
9166,11.416594505310059
9167,12.772818565368652
9168,16.8769474029541
9169,9.855399131774902
9170,13.354290008544922
9171,10.622918128967285
9172,14.344864845275879
9173,8.540724754333496
9174,10.854248046875
9175,17.40416145324707
9176,10.892361640930176
9177,17.062931060791016
9178,9.349701881408691
9179,9.210238456726074
9180,10.44356632232666
9181,9.724239349365234
9182,12.002314567565918
9183,12.202072143554688
9184,12.598357200622559
9185,12.571935653686523
9186,14.338120460510254
9187,14.28625202178955
9188,12.4229736328125
9189,11.60661792755127
9190,11.583752632141113
9191,9.785234451293945
9192,7.9389214515686035
9193,7.145758152008057
9194,6.707483291625977
9195,9.454899787902832
9196,12.749395370483398
9197,16.208099365234375
9198,14.479357719421387
9199,15.396219253540039
9200,11.537178039550781
9201,14.012269020080566
9202,9.366372108459473
9203,8.930876731872559
9204,15.82310962677002
9205,22.10301399230957
9206,19.515090942382812
9207,21.381681442260742
9208,15.457470893859863
9209,15.191010475158691
9210,14.189550399780273
9211,13.823630332946777
9212,8.918649673461914
9213,12.211057662963867
9214,13.897209167480469
9215,8.604994773864746
9216,16.71532440185547
9217,18.690208435058594
9218,18.49027442932129
9219,22.16678810119629
9220,24.475887298583984
9221,23.724271774291992
9222,22.503448486328125
9223,12.422980308532715
9224,15.897229194641113
9225,12.513772964477539
9226,13.151939392089844
9227,9.459041595458984
9228,18.430294036865234
9229,12.386865615844727
9230,11.743847846984863
9231,11.506121635437012
9232,9.941770553588867
9233,10.08678150177002
9234,15.0884370803833
9235,14.851484298706055
9236,15.418828964233398
9237,13.452117919921875
9238,14.716111183166504
9239,13.095060348510742
9240,11.99273681640625
9241,13.699982643127441
9242,12.547653198242188
9243,9.972909927368164
9244,5.205585956573486
9245,3.2467408180236816
9246,4.392299652099609
9247,5.864803314208984
9248,10.869808197021484
9249,13.17577075958252
9250,14.60786247253418
9251,13.671218872070312
9252,13.919881820678711
9253,21.42105484008789
9254,22.66112518310547
9255,15.916890144348145
9256,19.715295791625977
9257,20.11111831665039
9258,21.20212745666504
9259,9.036063194274902
9260,5.307966232299805
9261,8.756570816040039
9262,10.22453784942627
9263,8.04946517944336
9264,17.60346031188965
9265,7.235523223876953
9266,18.62248992919922
9267,16.046140670776367
9268,17.061206817626953
9269,17.46234893798828
9270,16.836645126342773
9271,18.927310943603516
9272,16.84755516052246
9273,17.44257926940918
9274,12.951988220214844
9275,9.768525123596191
9276,8.662613868713379
9277,4.855428695678711
9278,5.964523792266846
9279,6.207417964935303
9280,8.172375679016113
9281,8.654657363891602
9282,12.107240676879883
9283,13.666665077209473
9284,11.158746719360352
9285,12.087424278259277
9286,9.968031883239746
9287,8.230000495910645
9288,6.595499038696289
9289,11.769645690917969
9290,8.636767387390137
9291,9.403536796569824
9292,13.173212051391602
9293,14.16707706451416
9294,17.973575592041016
9295,18.225906372070312
9296,23.261690139770508
9297,27.432449340820312
9298,25.231494903564453
9299,17.996829986572266
9300,23.259098052978516
9301,16.931854248046875
9302,14.026485443115234
9303,18.222396850585938
9304,8.037923812866211
9305,7.28955078125
9306,8.356491088867188
9307,8.214262962341309
9308,6.9865522384643555
9309,7.094725608825684
9310,9.77078628540039
9311,12.893167495727539
9312,11.1371431350708
9313,13.461763381958008
9314,12.380517959594727
9315,19.697795867919922
9316,14.0413179397583
9317,17.08651351928711
9318,14.108537673950195
9319,10.683743476867676
9320,11.718957901000977
9321,10.361804008483887
9322,11.51964282989502
9323,10.868733406066895
9324,10.340164184570312
9325,7.547847270965576
9326,7.685243129730225
9327,8.457141876220703
9328,11.863982200622559
9329,6.367805004119873
9330,5.434578895568848
9331,13.609993934631348
9332,11.48028564453125
9333,14.926761627197266
9334,17.68925666809082
9335,16.592975616455078
9336,14.335603713989258
9337,9.999597549438477
9338,11.289484024047852
9339,11.82228946685791
9340,6.65431547164917
9341,6.781182765960693
9342,7.715698719024658
9343,12.58066177368164
9344,13.914341926574707
9345,13.601262092590332
9346,11.401749610900879
9347,16.124855041503906
9348,25.965848922729492
9349,18.078266143798828
9350,17.82418441772461
9351,15.428326606750488
9352,7.296193599700928
9353,11.281087875366211
9354,12.2251558303833
9355,10.050803184509277
9356,10.421640396118164
9357,13.368431091308594
9358,6.666898250579834
9359,6.842993259429932
9360,7.586508750915527
9361,7.049757957458496
9362,10.15113639831543
9363,12.24767780303955
9364,13.807599067687988
9365,15.653261184692383
9366,19.55506134033203
9367,15.724237442016602
9368,18.590063095092773
9369,17.457632064819336
9370,15.624621391296387
9371,18.698747634887695
9372,10.5010986328125
9373,7.562582969665527
9374,5.531054496765137
9375,5.554283142089844
9376,4.92197847366333
9377,9.655766487121582
9378,9.891020774841309
9379,12.604683876037598
9380,10.95019817352295
9381,9.762911796569824
9382,12.325763702392578
9383,8.801915168762207
9384,12.809142112731934
9385,13.780016899108887
9386,12.062795639038086
9387,18.918865203857422
9388,15.000109672546387
9389,14.145586013793945
9390,10.829541206359863
9391,13.071453094482422
9392,7.469182968139648
9393,8.519503593444824
9394,5.861709117889404
9395,4.57072114944458
9396,4.495323657989502
9397,7.973651885986328
9398,10.0435791015625
9399,9.243250846862793
9400,10.432904243469238
9401,11.515290260314941
9402,9.827381134033203
9403,9.993182182312012
9404,12.35373592376709
9405,17.665151596069336
9406,9.585424423217773
9407,12.800727844238281
9408,14.15323257446289
9409,9.655451774597168
9410,17.60436248779297
9411,11.552227973937988
9412,9.333853721618652
9413,10.118494033813477
9414,11.186286926269531
9415,6.434484958648682
9416,10.191457748413086
9417,8.528404235839844
9418,10.124835968017578
9419,11.669700622558594
9420,15.96115493774414
9421,13.420706748962402
9422,15.761062622070312
9423,16.21806526184082
9424,10.084507942199707
9425,9.942366600036621
9426,8.451495170593262
9427,6.7243218421936035
9428,1.3139808177947998
9429,7.261152744293213
9430,9.142622947692871
9431,8.190531730651855
9432,7.732187747955322
9433,8.284381866455078
9434,13.462471961975098
9435,12.576079368591309
9436,9.541698455810547
9437,12.745440483093262
9438,9.043098449707031
9439,9.457901000976562
9440,6.531810283660889
9441,6.42994499206543
9442,7.978910446166992
9443,8.022031784057617
9444,8.77589225769043
9445,14.65432357788086
9446,9.683806419372559
9447,9.349555969238281
9448,7.481929779052734
9449,11.116744041442871
9450,14.960655212402344
9451,13.057045936584473
9452,14.82052230834961
9453,16.892623901367188
9454,10.428592681884766
9455,15.080842971801758
9456,17.268835067749023
9457,18.871665954589844
9458,16.162443161010742
9459,20.317716598510742
9460,19.163894653320312
9461,16.097135543823242
9462,18.122060775756836
9463,13.848602294921875
9464,10.446548461914062
9465,9.347127914428711
9466,6.040913105010986
9467,12.234488487243652
9468,7.328113555908203
9469,11.773885726928711
9470,11.937936782836914
9471,8.67631721496582
9472,12.481410026550293
9473,14.91222858428955
9474,16.02153968811035
9475,13.387018203735352
9476,11.978020668029785
9477,14.950093269348145
9478,13.328383445739746
9479,8.285598754882812
9480,13.479454040527344
9481,7.353556156158447
9482,7.20607328414917
9483,7.403826713562012
9484,11.637208938598633
9485,7.765779972076416
9486,10.427389144897461
9487,10.799245834350586
9488,10.919568061828613
9489,15.076947212219238
9490,14.636205673217773
9491,20.94725227355957
9492,19.566213607788086
9493,19.667661666870117
9494,16.141759872436523
9495,17.685487747192383
9496,20.420284271240234
9497,12.801762580871582
9498,7.902153968811035
9499,14.855085372924805
9500,7.946577548980713
9501,9.838497161865234
9502,13.118972778320312
9503,9.628697395324707
9504,14.065579414367676
9505,15.439632415771484
9506,20.083709716796875
9507,15.672985076904297
9508,15.241750717163086
9509,11.975848197937012
9510,20.354097366333008
9511,17.911996841430664
9512,19.34465789794922
9513,8.576374053955078
9514,12.807679176330566
9515,11.46296215057373
9516,11.260981559753418
9517,9.780153274536133
9518,11.147575378417969
9519,9.192522048950195
9520,8.591983795166016
9521,14.559112548828125
9522,8.58356761932373
9523,8.0021333694458
9524,10.473381996154785
9525,9.23023796081543
9526,10.121594429016113
9527,15.516676902770996
9528,12.675630569458008
9529,13.604148864746094
9530,10.415142059326172
9531,15.619616508483887
9532,13.262441635131836
9533,12.666363716125488
9534,12.479150772094727
9535,10.27328872680664
9536,7.226300239562988
9537,10.517536163330078
9538,8.510598182678223
9539,8.281214714050293
9540,10.842377662658691
9541,9.174240112304688
9542,11.574529647827148
9543,12.414103507995605
9544,8.740194320678711
9545,9.676761627197266
9546,10.729439735412598
9547,10.887192726135254
9548,17.239397048950195
9549,8.872733116149902
9550,10.081610679626465
9551,12.691234588623047
9552,10.179227828979492
9553,12.7783842086792
9554,10.123739242553711
9555,12.275500297546387
9556,12.362464904785156
9557,6.581446170806885
9558,8.576128959655762
9559,7.782817363739014
9560,7.071252822875977
9561,12.345551490783691
9562,11.946977615356445
9563,8.988255500793457
9564,9.005609512329102
9565,8.569135665893555
9566,6.770163536071777
9567,9.181982040405273
9568,7.134005069732666
9569,11.539535522460938
9570,13.687265396118164
9571,10.291186332702637
9572,11.327515602111816
9573,13.58999252319336
9574,8.963495254516602
9575,14.514426231384277
9576,8.211965560913086
9577,10.16801929473877
9578,10.561763763427734
9579,8.062241554260254
9580,10.04871940612793
9581,5.149940490722656
9582,7.05136251449585
9583,11.355934143066406
9584,7.291314125061035
9585,12.506012916564941
9586,14.228228569030762
9587,19.103307723999023
9588,16.544767379760742
9589,9.512666702270508
9590,8.913034439086914
9591,14.973044395446777
9592,18.131561279296875
9593,8.773970603942871
9594,6.471850872039795
9595,10.862263679504395
9596,7.802088737487793
9597,8.929635047912598
9598,11.997218132019043
9599,13.235791206359863
9600,5.764183044433594
9601,11.827363014221191
9602,14.023932456970215
9603,10.918371200561523
9604,16.502870559692383
9605,14.453797340393066
9606,16.005043029785156
9607,14.994956970214844
9608,13.874667167663574
9609,17.966283798217773
9610,22.953033447265625
9611,18.365230560302734
9612,17.319467544555664
9613,11.748334884643555
9614,10.71347427368164
9615,7.6267900466918945
9616,4.026812553405762
9617,3.5005624294281006
9618,5.555685520172119
9619,8.702465057373047
9620,11.45843505859375
9621,17.219310760498047
9622,19.270259857177734
9623,19.78231430053711
9624,20.80949592590332
9625,21.314006805419922
9626,11.990723609924316
9627,13.1970853805542
9628,17.386682510375977
9629,15.555574417114258
9630,11.314929008483887
9631,5.620296001434326
9632,9.370959281921387
9633,12.614078521728516
9634,4.1964335441589355
9635,9.000696182250977
9636,9.752574920654297
9637,8.720048904418945
9638,9.793519973754883
9639,11.826541900634766
9640,13.141379356384277
9641,13.358834266662598
9642,17.56385040283203
9643,20.542619705200195
9644,13.103700637817383
9645,13.500527381896973
9646,9.086803436279297
9647,9.101179122924805
9648,9.392495155334473
9649,9.304088592529297
9650,12.798477172851562
9651,18.965499877929688
9652,14.291948318481445
9653,21.698911666870117
9654,22.440095901489258
9655,19.148452758789062
9656,17.07952880859375
9657,18.78480339050293
9658,17.135971069335938
9659,16.442461013793945
9660,18.875085830688477
9661,15.32844066619873
9662,16.724353790283203
9663,9.965383529663086
9664,14.723515510559082
9665,6.40185546875
9666,12.82408332824707
9667,9.419475555419922
9668,9.749584197998047
9669,15.410072326660156
9670,14.322067260742188
9671,19.43182373046875
9672,17.675928115844727
9673,14.517736434936523
9674,15.640889167785645
9675,20.660442352294922
9676,16.038707733154297
9677,22.94303321838379
9678,21.934072494506836
9679,11.192741394042969
9680,11.267279624938965
9681,9.442366600036621
9682,7.398764133453369
9683,6.112706661224365
9684,12.550036430358887
9685,10.553735733032227
9686,11.866113662719727
9687,12.907340049743652
9688,20.193748474121094
9689,14.702446937561035
9690,12.997710227966309
9691,12.254908561706543
9692,12.944019317626953
9693,19.678146362304688
9694,11.813821792602539
9695,9.702751159667969
9696,11.348978042602539
9697,10.735346794128418
9698,8.670969009399414
9699,12.137577056884766
9700,10.091837882995605
9701,13.63322639465332
9702,7.88311243057251
9703,8.898252487182617
9704,11.814573287963867
9705,11.059347152709961
9706,11.789470672607422
9707,13.455329895019531
9708,8.998347282409668
9709,12.164152145385742
9710,8.07277774810791
9711,4.828639984130859
9712,7.401899337768555
9713,8.905623435974121
9714,6.380520343780518
9715,10.824532508850098
9716,16.540868759155273
9717,14.189360618591309
9718,11.53089427947998
9719,10.79737377166748
9720,14.255843162536621
9721,12.91970443725586
9722,13.008639335632324
9723,11.520848274230957
9724,9.847240447998047
9725,11.534074783325195
9726,10.69715690612793
9727,12.872742652893066
9728,11.307126998901367
9729,13.221071243286133
9730,15.378262519836426
9731,16.945077896118164
9732,18.763107299804688
9733,18.678007125854492
9734,13.419113159179688
9735,16.542566299438477
9736,16.121652603149414
9737,16.54790496826172
9738,13.551328659057617
9739,13.109896659851074
9740,11.330047607421875
9741,7.640868186950684
9742,12.118865013122559
9743,12.602725982666016
9744,9.899333953857422
9745,12.443875312805176
9746,12.219435691833496
9747,13.644368171691895
9748,12.75740909576416
9749,10.740242958068848
9750,7.897401332855225
9751,8.606901168823242
9752,9.446394920349121
9753,12.740982055664062
9754,9.422453880310059
9755,7.451007843017578
9756,12.355051040649414
9757,16.142772674560547
9758,15.551126480102539
9759,19.35194206237793
9760,12.004189491271973
9761,18.498201370239258
9762,18.552047729492188
9763,13.40127944946289
9764,12.764667510986328
9765,10.340083122253418
9766,6.269357204437256
9767,10.1720609664917
9768,9.841564178466797
9769,6.872585296630859
9770,4.241236686706543
9771,6.417667388916016
9772,7.043646335601807
9773,5.367670059204102
9774,12.138395309448242
9775,13.03659439086914
9776,12.93574047088623
9777,12.850149154663086
9778,20.617969512939453
9779,16.6163272857666
9780,17.373598098754883
9781,15.186090469360352
9782,14.68978214263916
9783,19.1947078704834
9784,18.01217269897461
9785,11.460737228393555
9786,10.958443641662598
9787,15.388150215148926
9788,18.45122718811035
9789,20.0078182220459
9790,22.558225631713867
9791,18.709308624267578
9792,19.37574005126953
9793,20.656408309936523
9794,15.461652755737305
9795,13.45637035369873
9796,12.245831489562988
9797,5.552517414093018
9798,10.716734886169434
9799,4.952164649963379
9800,9.30371379852295
9801,10.335580825805664
9802,15.124025344848633
9803,8.651244163513184
9804,14.66612434387207
9805,10.31527328491211
9806,11.730981826782227
9807,14.787940979003906
9808,9.118947982788086
9809,9.881391525268555
9810,16.1494197845459
9811,10.539090156555176
9812,12.836282730102539
9813,11.10380744934082
9814,2.8577721118927
9815,5.196328639984131
9816,3.952805995941162
9817,3.93203067779541
9818,5.237795352935791
9819,10.347296714782715
9820,11.654762268066406
9821,10.013725280761719
9822,12.485105514526367
9823,14.184286117553711
9824,15.138050079345703
9825,15.207123756408691
9826,11.21674633026123
9827,11.583107948303223
9828,11.341259956359863
9829,3.316338539123535
9830,3.0808820724487305
9831,2.710937023162842
9832,5.3182454109191895
9833,5.850488662719727
9834,5.416296482086182
9835,5.837585926055908
9836,9.83792495727539
9837,12.38983154296875
9838,9.31572151184082
9839,11.181163787841797
9840,8.778523445129395
9841,9.137511253356934
9842,10.420015335083008
9843,14.422589302062988
9844,10.268939971923828
9845,8.44334888458252
9846,10.480807304382324
9847,7.592257976531982
9848,6.350393772125244
9849,10.154311180114746
9850,8.479116439819336
9851,6.842656135559082
9852,12.164538383483887
9853,7.815053462982178
9854,22.331083297729492
9855,14.029736518859863
9856,22.983989715576172
9857,23.670501708984375
9858,15.283218383789062
9859,14.926641464233398
9860,10.857671737670898
9861,11.871691703796387
9862,15.710369110107422
9863,14.365154266357422
9864,21.941646575927734
9865,20.39704704284668
9866,19.74972915649414
9867,20.66680145263672
9868,21.007816314697266
9869,18.120519638061523
9870,16.318254470825195
9871,12.789399147033691
9872,13.125170707702637
9873,12.924461364746094
9874,7.313572406768799
9875,8.769208908081055
9876,12.259233474731445
9877,16.072233200073242
9878,9.601690292358398
9879,10.838459014892578
9880,15.687999725341797
9881,16.01453971862793
9882,10.765270233154297
9883,25.511816024780273
9884,21.314109802246094
9885,17.204524993896484
9886,15.355009078979492
9887,11.891950607299805
9888,12.347368240356445
9889,9.115652084350586
9890,7.714985370635986
9891,13.769283294677734
9892,7.241319179534912
9893,11.232024192810059
9894,14.822738647460938
9895,16.670795440673828
9896,17.37601089477539
9897,12.839808464050293
9898,13.44525146484375
9899,18.65704917907715
9900,12.704434394836426
9901,12.256711959838867
9902,12.628562927246094
9903,7.885325908660889
9904,7.078567028045654
9905,11.50922966003418
9906,7.383515357971191
9907,8.011670112609863
9908,9.944129943847656
9909,9.197931289672852
9910,12.241713523864746
9911,11.878081321716309
9912,7.978400230407715
9913,15.34273910522461
9914,11.37532901763916
9915,17.668548583984375
9916,15.275296211242676
9917,15.617050170898438
9918,15.423097610473633
9919,16.550857543945312
9920,10.756696701049805
9921,10.303071022033691
9922,7.924294471740723
9923,10.827608108520508
9924,12.964784622192383
9925,7.989956378936768
9926,7.757384300231934
9927,11.541187286376953
9928,12.038800239562988
9929,8.513198852539062
9930,13.224701881408691
9931,13.137455940246582
9932,10.905783653259277
9933,11.368889808654785
9934,7.960302352905273
9935,9.801701545715332
9936,14.520194053649902
9937,13.449604034423828
9938,12.416189193725586
9939,11.778473854064941
9940,9.79256534576416
9941,11.218944549560547
9942,15.048985481262207
9943,12.918506622314453
9944,11.350309371948242
9945,12.648524284362793
9946,15.325638771057129
9947,13.277471542358398
9948,15.892891883850098
9949,13.663749694824219
9950,12.460956573486328
9951,12.298310279846191
9952,13.260907173156738
9953,16.486207962036133
9954,14.07053279876709
9955,13.260778427124023
9956,9.84640884399414
9957,14.053848266601562
9958,9.785354614257812
9959,10.921480178833008
9960,10.410616874694824
9961,9.21135139465332
9962,9.68664836883545
9963,9.781192779541016
9964,8.366609573364258
9965,8.448707580566406
9966,7.061504364013672
9967,6.007533550262451
9968,6.526538848876953
9969,8.836446762084961
9970,10.37476921081543
9971,8.544164657592773
9972,14.743613243103027
9973,10.243193626403809
9974,12.75324821472168
9975,9.972412109375
9976,13.826006889343262
9977,16.61745262145996
9978,17.1334171295166
9979,26.126441955566406
9980,23.07685089111328
9981,20.405872344970703
9982,14.277993202209473
9983,17.415775299072266
9984,14.433443069458008
9985,17.94293975830078
9986,10.684453010559082
9987,11.781981468200684
9988,10.856820106506348
9989,11.399012565612793
9990,14.742652893066406
9991,14.878683090209961
9992,8.932085037231445
9993,13.999654769897461
9994,9.710618019104004
9995,7.58999490737915
9996,8.451254844665527
9997,8.08579158782959
9998,5.5503363609313965
9999,11.4725341796875
