Step,Value
0,0.19987858831882477
1,0.20001810789108276
2,0.3232782781124115
3,0.18001362681388855
4,0.10000000149011612
5,0.5671447515487671
6,0.10000000149011612
7,0.6350230574607849
8,0.45131558179855347
9,0.1999959498643875
10,0.10000000149011612
11,0.1521555781364441
12,0.20001842081546783
13,0.6442605257034302
14,0.10000000149011612
15,0.4330838620662689
16,0.1016453206539154
17,0.10386759042739868
18,0.2857317328453064
19,0.2000226229429245
20,0.1993584781885147
21,0.20001105964183807
22,0.6621922254562378
23,0.1998283714056015
24,0.10128375142812729
25,0.5277770757675171
26,0.5179678797721863
27,0.6097099781036377
28,0.14285728335380554
29,0.1999230682849884
30,0.2997156083583832
31,0.48045292496681213
32,0.2000347077846527
33,0.10000000149011612
34,0.1999930590391159
35,0.17442208528518677
36,0.11836735904216766
37,0.2159540206193924
38,0.10000000149011612
39,0.5722031593322754
40,0.19998589158058167
41,0.10000000149011612
42,0.1989423632621765
43,0.4222014248371124
44,0.1942356824874878
45,0.12000001221895218
46,0.20002762973308563
47,0.16129133105278015
48,0.12493652105331421
49,0.10000000149011612
50,0.5214080214500427
51,0.20625315606594086
52,0.20164524018764496
53,0.19992202520370483
54,0.31206798553466797
55,0.1999661773443222
56,0.10000000149011612
57,0.12873676419258118
58,0.10000000149011612
59,0.6908469796180725
60,0.19994936883449554
61,0.2006087452173233
62,0.32021698355674744
63,0.10000000149011612
64,0.19980858266353607
65,0.19980937242507935
66,0.09983305633068085
67,0.21288631856441498
68,0.13666674494743347
69,0.5442473888397217
70,0.3400259017944336
71,0.20002835988998413
72,0.2544049024581909
73,0.1999729424715042
74,0.2000201940536499
75,0.19815529882907867
76,0.10000000149011612
77,0.7178249955177307
78,0.20001763105392456
79,0.2157616913318634
80,0.20000481605529785
81,0.19997964799404144
82,0.10055940598249435
83,0.20254772901535034
84,0.20147298276424408
85,0.2000042051076889
86,0.20001724362373352
87,0.20083020627498627
88,0.41400715708732605
89,0.09983079880475998
90,0.46527865529060364
91,0.1999523639678955
92,0.3055027425289154
93,0.5244904160499573
94,0.10000000149011612
95,0.2502678632736206
96,0.49963584542274475
97,0.20001940429210663
98,0.19966019690036774
99,0.5606182217597961
100,0.20003341138362885
101,0.4023430347442627
102,0.10080526769161224
103,0.15815973281860352
104,0.10000000149011612
105,0.12220961600542068
106,0.4093063473701477
107,0.19995330274105072
108,0.19947457313537598
109,0.19996961951255798
110,0.0998031497001648
111,0.49619945883750916
112,0.2579329311847687
113,0.18718287348747253
114,0.22474586963653564
115,0.23802369832992554
116,0.3023306131362915
117,0.20002074539661407
118,0.20065808296203613
119,0.2011076658964157
120,0.17418316006660461
121,0.10000000149011612
122,0.5389609336853027
123,0.20001807808876038
124,0.20002377033233643
125,0.19979235529899597
126,0.10000000149011612
127,0.20001737773418427
128,0.23229122161865234
129,0.21570968627929688
130,0.10000000149011612
131,0.19969195127487183
132,0.20001867413520813
133,0.10000000149011612
134,0.1965523213148117
135,0.20002353191375732
136,0.1999342441558838
137,0.13250145316123962
138,0.5190235376358032
139,0.2079111486673355
140,0.19954177737236023
141,0.10000000149011612
142,0.25366005301475525
143,0.221108540892601
144,0.528233528137207
145,0.10000000149011612
146,0.10097268968820572
147,0.1999233514070511
148,0.46042686700820923
149,0.6873464584350586
150,0.1440870463848114
151,0.11796887964010239
152,0.20002910494804382
153,0.18949276208877563
154,0.20064398646354675
155,0.15000037848949432
156,0.2000325471162796
157,0.10063984245061874
158,0.1999782919883728
159,0.19999565184116364
160,0.6728617548942566
161,0.5669263005256653
162,0.6441803574562073
163,0.20003029704093933
164,0.10000000149011612
165,0.19983747601509094
166,0.22136476635932922
167,0.5669980049133301
168,0.19901885092258453
169,0.20133651793003082
170,0.19074410200119019
171,0.20002055168151855
172,0.19878779351711273
173,0.2000141143798828
174,0.10000000149011612
175,0.2319035679101944
176,0.11812382936477661
177,0.20056363940238953
178,0.20001430809497833
179,0.12321431189775467
180,0.22861452400684357
181,0.2794448137283325
182,0.6859939694404602
183,0.20002907514572144
184,0.19994886219501495
185,0.19983097910881042
186,0.12248550355434418
187,0.21553704142570496
188,0.20002855360507965
189,0.5754733681678772
190,0.21712833642959595
191,0.099941685795784
192,0.6587592959403992
193,0.2000279277563095
194,0.4575481116771698
195,0.20003503561019897
196,0.10065368562936783
197,0.09995400160551071
198,0.19637678563594818
199,0.5353507995605469
200,0.3587327301502228
201,0.559192955493927
202,0.10275936871767044
203,0.6132618188858032
204,0.1752409040927887
205,0.1575337052345276
206,0.3553163707256317
207,0.4745429754257202
208,0.22365351021289825
209,0.20193593204021454
210,0.6304676532745361
211,0.2264470010995865
212,0.20003075897693634
213,0.2000168412923813
214,0.14205874502658844
215,0.6927928924560547
216,0.29106515645980835
217,0.5520714521408081
218,0.2000260204076767
219,0.507391095161438
220,0.4322125017642975
221,0.6346231698989868
222,0.10083381086587906
223,0.20000743865966797
224,0.1991690993309021
225,0.4180479943752289
226,0.38855549693107605
227,0.32446756958961487
228,0.20002201199531555
229,0.24905388057231903
230,0.12116987258195877
231,0.10145620256662369
232,0.6328083276748657
233,0.7049750685691833
234,0.5854904651641846
235,0.2777978181838989
236,0.17076601088047028
237,0.5051245093345642
238,0.7197911143302917
239,0.18932001292705536
240,0.1998552829027176
241,0.19281813502311707
242,0.6088244915008545
243,0.10077757388353348
244,0.22812817990779877
245,0.2017919421195984
246,0.2706353962421417
247,0.4059920907020569
248,0.5654494166374207
249,0.2000308632850647
250,0.14478439092636108
251,0.202996626496315
252,0.20001943409442902
253,0.4897381663322449
254,0.16402113437652588
255,0.24704377353191376
256,0.31006166338920593
257,0.25013574957847595
258,0.19230081140995026
259,0.20003198087215424
260,0.7375718355178833
261,0.20002277195453644
262,0.7222505211830139
263,0.34937649965286255
264,0.5608848929405212
265,0.7108213305473328
266,0.2000260353088379
267,0.2524014413356781
268,0.5956240296363831
269,0.20002621412277222
270,0.21176132559776306
271,0.13636371493339539
272,0.10250060260295868
273,0.21561962366104126
274,0.20648549497127533
275,0.17033186554908752
276,0.6852676868438721
277,0.1818515807390213
278,0.7132622003555298
279,0.1250000298023224
280,0.638702929019928
281,0.6090375185012817
282,0.6915825605392456
283,0.2316260188817978
284,0.20000658929347992
285,0.2705130875110626
286,0.2655808627605438
287,0.6331335306167603
288,0.2718760669231415
289,0.2000223845243454
290,0.6355296969413757
291,0.6677056550979614
292,0.20003479719161987
293,0.3592292070388794
294,0.200023353099823
295,0.7424324750900269
296,0.3991522192955017
297,0.5208158493041992
298,0.2407369166612625
299,0.6002923846244812
300,0.6866227388381958
301,0.20003487169742584
302,0.6213569045066833
303,0.2864256203174591
304,0.10726271569728851
305,0.28776976466178894
306,0.26282191276550293
307,0.43816110491752625
308,0.3000253140926361
309,0.5910887122154236
310,0.6389783620834351
311,0.5108235478401184
312,0.20003443956375122
313,0.6361311078071594
314,0.2901025116443634
315,0.19476166367530823
316,0.19999638199806213
317,0.6378688216209412
318,0.10664168745279312
319,0.5619542002677917
320,0.20002925395965576
321,0.7329747676849365
322,0.3882335424423218
323,0.5716719031333923
324,0.6284092664718628
325,0.26410502195358276
326,0.331469863653183
327,0.2307502031326294
328,0.46467727422714233
329,0.48221078515052795
330,0.5278339385986328
331,0.16886548697948456
332,0.2323862761259079
333,0.21720200777053833
334,0.3572678565979004
335,0.2607293725013733
336,0.6807823181152344
337,0.21341775357723236
338,0.5543708205223083
339,0.6177749633789062
340,0.5163079500198364
341,0.2924102246761322
342,0.48057156801223755
343,0.5614957213401794
344,0.6651397943496704
345,0.42819944024086
346,0.5573151111602783
347,0.4917777478694916
348,0.40146327018737793
349,0.6929193139076233
350,0.542597770690918
351,0.5096947550773621
352,0.6807867288589478
353,0.5797705054283142
354,0.6896320581436157
355,0.647812008857727
356,0.6469902992248535
357,0.7308312058448792
358,0.5172964930534363
359,0.466033011674881
360,0.46744388341903687
361,0.46742597222328186
362,0.28596121072769165
363,0.5891202092170715
364,0.5126792788505554
365,0.4753909111022949
366,0.6085542440414429
367,0.5723944306373596
368,0.5951393842697144
369,0.23480135202407837
370,0.2710879445075989
371,0.5702279210090637
372,0.2851349413394928
373,0.5549832582473755
374,0.5885099768638611
375,0.6454891562461853
376,0.377156138420105
377,0.3612031042575836
378,0.5071007609367371
379,0.5032781362533569
380,0.3337593674659729
381,0.27168896794319153
382,0.45851337909698486
383,0.30956926941871643
384,0.2571556270122528
385,0.47647368907928467
386,0.5628288388252258
387,0.5325722694396973
388,0.21926863491535187
389,0.5914416313171387
390,0.5415607690811157
391,0.4720817804336548
392,0.4987436830997467
393,0.5543275475502014
394,0.4645068347454071
395,0.37381258606910706
396,0.5094966888427734
397,0.6102907061576843
398,0.39552611112594604
399,0.2287081480026245
400,0.6945576667785645
401,0.5757849216461182
402,0.2845747768878937
403,0.6669421792030334
404,0.6676186919212341
405,0.7055180668830872
406,0.6270942091941833
407,0.5713200569152832
408,0.6172914505004883
409,0.617053747177124
410,0.6660192012786865
411,0.7314044833183289
412,0.5518022775650024
413,0.4752439260482788
414,0.12986695766448975
415,0.6091035604476929
416,0.5807508230209351
417,0.4236820340156555
418,0.48805955052375793
419,0.47694921493530273
420,0.6496906280517578
421,0.5308016538619995
422,0.21836677193641663
423,0.5768063068389893
424,0.5867752432823181
425,0.6856444478034973
426,0.6921807527542114
427,0.6676109433174133
428,0.5744178891181946
429,0.5996196269989014
430,0.5982170104980469
431,0.6698549389839172
432,0.6491700410842896
433,0.5558655261993408
434,0.4516185224056244
435,0.634299635887146
436,0.5206063389778137
437,0.2646639943122864
438,0.5196479558944702
439,0.5066617131233215
440,0.5318421721458435
441,0.6336798071861267
442,0.6008021831512451
443,0.6727429628372192
444,0.5203813314437866
445,0.6518821716308594
446,0.6343329548835754
447,0.5212345123291016
448,0.6028843522071838
449,0.723559558391571
450,0.5470902323722839
451,0.709885835647583
452,0.3616911768913269
453,0.5105295777320862
454,0.2988434135913849
455,0.3529919385910034
456,0.593338668346405
457,0.2829858362674713
458,0.5228805541992188
459,0.4073658287525177
460,0.4596240222454071
461,0.27952027320861816
462,0.46365663409233093
463,0.533026397228241
464,0.519284725189209
465,0.5933204293251038
466,0.6290978789329529
467,0.7237610816955566
468,0.5208646655082703
469,0.2966470718383789
470,0.5248736143112183
471,0.4972858130931854
472,0.5249423384666443
473,0.5232465267181396
474,0.4612869918346405
475,0.6948441863059998
476,0.6092435121536255
477,0.5549838542938232
478,0.6297913193702698
479,0.5673357844352722
480,0.6634421348571777
481,0.4966977536678314
482,0.2273169606924057
483,0.4754384756088257
484,0.5269505381584167
485,0.5183694958686829
486,0.6448483467102051
487,0.7127982974052429
488,0.6691868305206299
489,0.5891663432121277
490,0.6569654941558838
491,0.6249554753303528
492,0.2768838107585907
493,0.5880465507507324
494,0.5929278135299683
495,0.5922295451164246
496,0.5874165892601013
497,0.5887050628662109
498,0.5509379506111145
499,0.6168386340141296
500,0.6411712169647217
501,0.29031771421432495
502,0.6547951698303223
503,0.6682226657867432
504,0.6141619682312012
505,0.517964780330658
506,0.3418232798576355
507,0.6271090507507324
508,0.464861124753952
509,0.5138275027275085
510,0.47491970658302307
511,0.6447727084159851
512,0.5574900507926941
513,0.4156379997730255
514,0.6387035846710205
515,0.68522709608078
516,0.5531060695648193
517,0.5172494649887085
518,0.49600258469581604
519,0.28877028822898865
520,0.575567901134491
521,0.6129363775253296
522,0.589691698551178
523,0.5405977368354797
524,0.6627779006958008
525,0.38582175970077515
526,0.5896855592727661
527,0.619325578212738
528,0.48965153098106384
529,0.5927093625068665
530,0.5100615620613098
531,0.660214900970459
532,0.6895589828491211
533,0.5689351558685303
534,0.6104741096496582
535,0.6629152297973633
536,0.46748048067092896
537,0.6123734712600708
538,0.5356665253639221
539,0.6203548312187195
540,0.27831482887268066
541,0.6438570022583008
542,0.5806525945663452
543,0.5449230074882507
544,0.6673420071601868
545,0.6948145627975464
546,0.6494742035865784
547,0.6523188352584839
548,0.600058913230896
549,0.5051961541175842
550,0.47711870074272156
551,0.5416185855865479
552,0.6488557457923889
553,0.5526223182678223
554,0.5093790888786316
555,0.6882612705230713
556,0.273400217294693
557,0.5915780067443848
558,0.21385258436203003
559,0.2956569492816925
560,0.6530190706253052
561,0.5819956064224243
562,0.6122583746910095
563,0.683333694934845
564,0.578457236289978
565,0.5758962631225586
566,0.48572975397109985
567,0.5666740536689758
568,0.4828927218914032
569,0.37809351086616516
570,0.5754690766334534
571,0.579076886177063
572,0.610449492931366
573,0.48885130882263184
574,0.5839501619338989
575,0.5777748823165894
576,0.6165540218353271
577,0.6354739665985107
578,0.47088322043418884
579,0.5204049348831177
580,0.7033282518386841
581,0.6559492945671082
582,0.5567023754119873
583,0.595104992389679
584,0.6396210789680481
585,0.665279746055603
586,0.4894634485244751
587,0.5857897400856018
588,0.5349926352500916
589,0.5568042993545532
590,0.597805917263031
591,0.5218534469604492
592,0.6537771821022034
593,0.585242748260498
594,0.5033798813819885
595,0.6138049960136414
596,0.6942396759986877
597,0.638439953327179
598,0.5757974982261658
599,0.6313868761062622
600,0.5524745583534241
601,0.6086751222610474
602,0.6399122476577759
603,0.6362242102622986
604,0.6396281123161316
605,0.5947192907333374
606,0.5219176411628723
607,0.6322166919708252
608,0.6509699821472168
609,0.638296365737915
610,0.6693479418754578
611,0.47642433643341064
612,0.6038975715637207
613,0.6079532504081726
614,0.5621480941772461
615,0.5328009128570557
616,0.6735640168190002
617,0.7150456309318542
618,0.586605429649353
619,0.6725795865058899
620,0.356566458940506
621,0.6178395748138428
622,0.6334921717643738
623,0.5959789156913757
624,0.6962703466415405
625,0.4711856245994568
626,0.5525752902030945
627,0.5036277174949646
628,0.6627589464187622
629,0.6119403839111328
630,0.4100239872932434
631,0.5910045504570007
632,0.5465829372406006
633,0.46556633710861206
634,0.6450397372245789
635,0.6681176424026489
636,0.636808454990387
637,0.5053966045379639
638,0.3042024075984955
639,0.6411775350570679
640,0.39599207043647766
641,0.5169058442115784
642,0.599386990070343
643,0.6268280744552612
644,0.697998583316803
645,0.3835802376270294
646,0.6059156060218811
647,0.5333220958709717
648,0.6469507217407227
649,0.5858381986618042
650,0.5586639642715454
651,0.633715808391571
652,0.7165986895561218
653,0.6462342739105225
654,0.6831777095794678
655,0.6879823207855225
656,0.5560423135757446
657,0.701347827911377
658,0.4844522774219513
659,0.582448422908783
660,0.6149089932441711
661,0.5866507291793823
662,0.5239242315292358
663,0.43267253041267395
664,0.2806974947452545
665,0.5088537335395813
666,0.6369264125823975
667,0.6053481698036194
668,0.27730798721313477
669,0.684092104434967
670,0.5592072010040283
671,0.607854425907135
672,0.6282365322113037
673,0.5276619791984558
674,0.5416221618652344
675,0.649292528629303
676,0.5542936325073242
677,0.5167464017868042
678,0.6419397592544556
679,0.4876657724380493
680,0.6159129738807678
681,0.678705096244812
682,0.6408962607383728
683,0.6461548805236816
684,0.6047042608261108
685,0.6612760424613953
686,0.6336542963981628
687,0.625737190246582
688,0.5569493174552917
689,0.6589882969856262
690,0.6167126297950745
691,0.7090713381767273
692,0.6142163276672363
693,0.6438842415809631
694,0.6408621072769165
695,0.7096822261810303
696,0.6426236033439636
697,0.682724118232727
698,0.6814455986022949
699,0.5748105645179749
700,0.6178629994392395
701,0.6671459078788757
702,0.5897157788276672
703,0.6592957377433777
704,0.6288934350013733
705,0.6344080567359924
706,0.5722835659980774
707,0.6356037259101868
708,0.6869630217552185
709,0.60733562707901
710,0.5882568955421448
711,0.5821855068206787
712,0.6031675934791565
713,0.5483140349388123
714,0.6825393438339233
715,0.6653469800949097
716,0.6497026085853577
717,0.6496466398239136
718,0.5515458583831787
719,0.5881345868110657
720,0.5371454954147339
721,0.5373737812042236
722,0.6237848997116089
723,0.6287712454795837
724,0.6800472736358643
725,0.583260715007782
726,0.529221773147583
727,0.640066921710968
728,0.6315764784812927
729,0.5118501782417297
730,0.5436991453170776
731,0.5542052388191223
732,0.4561249017715454
733,0.6373615860939026
734,0.5427854657173157
735,0.5596225261688232
736,0.584965705871582
737,0.5931636691093445
738,0.6065940260887146
739,0.6496176719665527
740,0.6193717122077942
741,0.536227822303772
742,0.5781662464141846
743,0.672309935092926
744,0.5431290864944458
745,0.546307384967804
746,0.6674469709396362
747,0.5392258763313293
748,0.5778267979621887
749,0.612433671951294
750,0.5857927799224854
751,0.6276061534881592
752,0.6236467957496643
753,0.7097354531288147
754,0.6054223775863647
755,0.6445194482803345
756,0.6157699823379517
757,0.49109819531440735
758,0.6289052367210388
759,0.5708001852035522
760,0.6831421852111816
761,0.6544878482818604
762,0.707258939743042
763,0.6539408564567566
764,0.5881175994873047
765,0.7082549929618835
766,0.19997330009937286
767,0.6089407205581665
768,0.6170305609703064
769,0.5614871382713318
770,0.7152270674705505
771,0.6307826638221741
772,0.6142287850379944
773,0.5841538310050964
774,0.6218969821929932
775,0.5900535583496094
776,0.6412513852119446
777,0.5170110464096069
778,0.657783567905426
779,0.6699818968772888
780,0.647604763507843
781,0.691174328327179
782,0.502398669719696
783,0.6661738157272339
784,0.5823982954025269
785,0.590533435344696
786,0.6013298034667969
787,0.6385483145713806
788,0.6226709485054016
789,0.6011288166046143
790,0.6321487426757812
791,0.6418566107749939
792,0.6767455339431763
793,0.6783271431922913
794,0.5922079682350159
795,0.5867664813995361
796,0.6607476472854614
797,0.5765841603279114
798,0.5221219062805176
799,0.611728847026825
800,0.4727684557437897
801,0.5553255677223206
802,0.6605833172798157
803,0.508265495300293
804,0.659286379814148
805,0.5439732670783997
806,0.6513227820396423
807,0.6138780117034912
808,0.6846956610679626
809,0.6859946846961975
810,0.5658194422721863
811,0.6221973896026611
812,0.7011416554450989
813,0.6647975444793701
814,0.6949921250343323
815,0.6792502403259277
816,0.6365283727645874
817,0.6781052947044373
818,0.6933987140655518
819,0.6903834939002991
820,0.6651171445846558
821,0.646811842918396
822,0.214335635304451
823,0.6915910840034485
824,0.6705761551856995
825,0.5388901829719543
826,0.47975802421569824
827,0.5203502774238586
828,0.5715082883834839
829,0.694242537021637
830,0.6057202219963074
831,0.6320127844810486
832,0.5771023035049438
833,0.6640880107879639
834,0.6103236675262451
835,0.599953293800354
836,0.651512086391449
837,0.6710155606269836
838,0.5939903259277344
839,0.6321887373924255
840,0.7061910033226013
841,0.6934832334518433
842,0.685839831829071
843,0.6864907741546631
844,0.6376170516014099
845,0.6907212138175964
846,0.6568103432655334
847,0.6871384978294373
848,0.602809727191925
849,0.6450030207633972
850,0.6816996335983276
851,0.5735549926757812
852,0.5159528851509094
853,0.33137646317481995
854,0.6421664357185364
855,0.6716116666793823
856,0.6737529039382935
857,0.6934459805488586
858,0.6933438181877136
859,0.648356020450592
860,0.6783561110496521
861,0.5816373825073242
862,0.6850707530975342
863,0.6910762786865234
864,0.6348865032196045
865,0.6324189901351929
866,0.6444740295410156
867,0.6093541383743286
868,0.6617503762245178
869,0.6707290410995483
870,0.5675235986709595
871,0.6315447688102722
872,0.21733585000038147
873,0.5195015072822571
874,0.6282976269721985
875,0.6538612246513367
876,0.6108855605125427
877,0.6590927839279175
878,0.6416123509407043
879,0.6506960391998291
880,0.580271303653717
881,0.7094707489013672
882,0.6736297607421875
883,0.6606343388557434
884,0.6963514089584351
885,0.650209367275238
886,0.6830337643623352
887,0.6288500428199768
888,0.5471608638763428
889,0.5493454337120056
890,0.6296151876449585
891,0.6544586420059204
892,0.6308780908584595
893,0.6243054866790771
894,0.692202627658844
895,0.7198193669319153
896,0.7033998966217041
897,0.685407280921936
898,0.6038445830345154
899,0.6335943341255188
900,0.6996347904205322
901,0.6997238993644714
902,0.7102522253990173
903,0.6658108830451965
904,0.6824033260345459
905,0.4993270933628082
906,0.6272823214530945
907,0.6381194591522217
908,0.6323038935661316
909,0.6528743505477905
910,0.5487194061279297
911,0.5550264120101929
912,0.6535154581069946
913,0.5938740372657776
914,0.5922129154205322
915,0.6994946599006653
916,0.659315288066864
917,0.6877052187919617
918,0.6479707360267639
919,0.6967270374298096
920,0.6062571406364441
921,0.6733763217926025
922,0.6151813268661499
923,0.6995670199394226
924,0.6696681976318359
925,0.631957471370697
926,0.6685210466384888
927,0.5050778985023499
928,0.6753689050674438
929,0.7087206840515137
930,0.6485038995742798
931,0.5888121724128723
932,0.2634880542755127
933,0.6758983731269836
934,0.617924153804779
935,0.6987255811691284
936,0.6780579090118408
937,0.7121737003326416
938,0.7100780010223389
939,0.6120544075965881
940,0.6523117423057556
941,0.633783757686615
942,0.5470675230026245
943,0.6363633871078491
944,0.6925483345985413
945,0.6558904647827148
946,0.6588918566703796
947,0.6615501046180725
948,0.731099545955658
949,0.724915623664856
950,0.6860418319702148
951,0.6569154262542725
952,0.7014649510383606
953,0.6281748414039612
954,0.6723207235336304
955,0.512030303478241
956,0.6447364687919617
957,0.6514889597892761
958,0.6339797377586365
959,0.679432213306427
960,0.7048712372779846
961,0.5821653008460999
962,0.6436851620674133
963,0.5889372825622559
964,0.6643054485321045
965,0.66374671459198
966,0.6784103512763977
967,0.6954793930053711
968,0.639443039894104
969,0.5955145955085754
970,0.5881686210632324
971,0.5063306093215942
972,0.6542537808418274
973,0.655259370803833
974,0.6844715476036072
975,0.6530452966690063
976,0.7066795229911804
977,0.6401327848434448
978,0.716508686542511
979,0.6753963232040405
980,0.6876655220985413
981,0.5482459664344788
982,0.6190479397773743
983,0.6674997806549072
984,0.6498064994812012
985,0.6747671365737915
986,0.5885055661201477
987,0.5501307845115662
988,0.6261842250823975
989,0.6120822429656982
990,0.6256510019302368
991,0.5102766156196594
992,0.6401082277297974
993,0.688144862651825
994,0.6684322953224182
995,0.6159080862998962
996,0.6581191420555115
997,0.6469489932060242
998,0.6315956711769104
999,0.625778079032898
1000,0.6407892107963562
1001,0.5961392521858215
1002,0.5592949986457825
1003,0.6920227408409119
1004,0.6462094187736511
1005,0.6642561554908752
1006,0.6393567323684692
1007,0.5950379371643066
1008,0.6654354929924011
1009,0.643538773059845
1010,0.7045241594314575
1011,0.6567337512969971
1012,0.6445004940032959
1013,0.7414785623550415
1014,0.6764353513717651
1015,0.6919757127761841
1016,0.7087889313697815
1017,0.7089139223098755
1018,0.6850097179412842
1019,0.5950197577476501
1020,0.5439251661300659
1021,0.6693993806838989
1022,0.626984179019928
1023,0.5907759070396423
1024,0.6295024156570435
1025,0.6285388469696045
1026,0.6503167152404785
1027,0.27728357911109924
1028,0.6687692403793335
1029,0.6903175115585327
1030,0.6854626536369324
1031,0.6260859966278076
1032,0.6576321125030518
1033,0.6928845643997192
1034,0.6492406725883484
1035,0.5714075565338135
1036,0.6480828523635864
1037,0.6343916654586792
1038,0.6766839027404785
1039,0.6929562091827393
1040,0.27972668409347534
1041,0.6943262815475464
1042,0.7019746899604797
1043,0.6195903420448303
1044,0.7223129868507385
1045,0.6173908710479736
1046,0.7008686065673828
1047,0.27939531207084656
1048,0.6985071301460266
1049,0.6472671031951904
1050,0.68648362159729
1051,0.6875102519989014
1052,0.5454778075218201
1053,0.6409453749656677
1054,0.658253014087677
1055,0.6781899929046631
1056,0.633959174156189
1057,0.5448081493377686
1058,0.6345235109329224
1059,0.564433217048645
1060,0.6033372282981873
1061,0.6873563528060913
1062,0.6273308992385864
1063,0.6698790788650513
1064,0.49044370651245117
1065,0.668308675289154
1066,0.6411517858505249
1067,0.6664217710494995
1068,0.6183244585990906
1069,0.6600512266159058
1070,0.6858860850334167
1071,0.6462194323539734
1072,0.6660037040710449
1073,0.7031885385513306
1074,0.6465901732444763
1075,0.6332996487617493
1076,0.6857295036315918
1077,0.7018365859985352
1078,0.6805094480514526
1079,0.692569375038147
1080,0.6828378438949585
1081,0.6131839156150818
1082,0.6071666479110718
1083,0.6940639615058899
1084,0.6837069392204285
1085,0.7043744325637817
1086,0.7063058018684387
1087,0.6055207848548889
1088,0.6881807446479797
1089,0.647429347038269
1090,0.6469605565071106
1091,0.6149557828903198
1092,0.7155366539955139
1093,0.5990804433822632
1094,0.6171370148658752
1095,0.6326128244400024
1096,0.6307798027992249
1097,0.6928352117538452
1098,0.6370345950126648
1099,0.6907467842102051
1100,0.6118561625480652
1101,0.628350555896759
1102,0.6501941680908203
1103,0.5950704216957092
1104,0.6717895269393921
1105,0.699358344078064
1106,0.6653250455856323
1107,0.5807839632034302
1108,0.6161873936653137
1109,0.6563439965248108
1110,0.7106403112411499
1111,0.6827226281166077
1112,0.2542935609817505
1113,0.6757593750953674
1114,0.6795717477798462
1115,0.6786477565765381
1116,0.6607475280761719
1117,0.6987645626068115
1118,0.6789504885673523
1119,0.6585449576377869
1120,0.6441065669059753
1121,0.6798819303512573
1122,0.6631268262863159
1123,0.6960025429725647
1124,0.6584968566894531
1125,0.6169992089271545
1126,0.5942152142524719
1127,0.631737470626831
1128,0.5443181395530701
1129,0.647066593170166
1130,0.6262436509132385
1131,0.6615989804267883
1132,0.6479248404502869
1133,0.6789277195930481
1134,0.5695924162864685
1135,0.6526870131492615
1136,0.7201711535453796
1137,0.6421360373497009
1138,0.6521559357643127
1139,0.6597900390625
1140,0.29443684220314026
1141,0.6372871398925781
1142,0.6400704979896545
1143,0.6322910785675049
1144,0.6483104228973389
1145,0.5689891576766968
1146,0.6977106928825378
1147,0.6802850961685181
1148,0.672420084476471
1149,0.6249349117279053
1150,0.6587268710136414
1151,0.20161646604537964
1152,0.6547124981880188
1153,0.5567204356193542
1154,0.664146900177002
1155,0.6696142554283142
1156,0.6613633036613464
1157,0.6446759700775146
1158,0.6854004263877869
1159,0.2847136855125427
1160,0.6238526105880737
1161,0.5982781052589417
1162,0.5297789573669434
1163,0.6429256796836853
1164,0.6805578470230103
1165,0.5744116306304932
1166,0.6934980750083923
1167,0.6891562938690186
1168,0.5670672059059143
1169,0.6962985396385193
1170,0.653481662273407
1171,0.6876071691513062
1172,0.6919692158699036
1173,0.6719818115234375
1174,0.6561184525489807
1175,0.6731308698654175
1176,0.6819827556610107
1177,0.6778810024261475
1178,0.6538287401199341
1179,0.7079226970672607
1180,0.6601651310920715
1181,0.6500323414802551
1182,0.6319283843040466
1183,0.7129324078559875
1184,0.6245281100273132
1185,0.26135560870170593
1186,0.6900946497917175
1187,0.6828138828277588
1188,0.6771658062934875
1189,0.6656482219696045
1190,0.6448152661323547
1191,0.6583694219589233
1192,0.6701460480690002
1193,0.6819614768028259
1194,0.6246818900108337
1195,0.6484747529029846
1196,0.6692956686019897
1197,0.661622166633606
1198,0.7014850378036499
1199,0.6419623494148254
1200,0.681067943572998
1201,0.6697312593460083
1202,0.6447217464447021
1203,0.6873795986175537
1204,0.5960490107536316
1205,0.5773862600326538
1206,0.6649980545043945
1207,0.6015323996543884
1208,0.6417074203491211
1209,0.6620582938194275
1210,0.6366665363311768
1211,0.7040837407112122
1212,0.6272118091583252
1213,0.6341884136199951
1214,0.6647656559944153
1215,0.6584839224815369
1216,0.6918558478355408
1217,0.7091353535652161
1218,0.6980562210083008
1219,0.594846785068512
1220,0.7086843252182007
1221,0.681210458278656
1222,0.701786458492279
1223,0.6632890701293945
1224,0.6618919968605042
1225,0.6531164646148682
1226,0.6630431413650513
1227,0.6439575552940369
1228,0.6643621921539307
1229,0.6924738883972168
1230,0.6820125579833984
1231,0.6631823778152466
1232,0.2721964716911316
1233,0.6867012977600098
1234,0.687013566493988
1235,0.5775433778762817
1236,0.7018342614173889
1237,0.716090202331543
1238,0.6974931359291077
1239,0.7075661420822144
1240,0.5675813555717468
1241,0.6957739591598511
1242,0.7002338767051697
1243,0.6585015058517456
1244,0.7079938054084778
1245,0.32804784178733826
1246,0.6424853205680847
1247,0.663985013961792
1248,0.6858518123626709
1249,0.6621049642562866
1250,0.7062616348266602
1251,0.28377765417099
1252,0.7126935720443726
1253,0.7171558141708374
1254,0.7049959301948547
1255,0.49032387137413025
1256,0.7206310033798218
1257,0.7024286985397339
1258,0.6977983117103577
1259,0.6850371956825256
1260,0.685333251953125
1261,0.24655182659626007
1262,0.6984688639640808
1263,0.662322461605072
1264,0.6163159608840942
1265,0.5766661763191223
1266,0.6460583806037903
1267,0.5660997629165649
1268,0.641775906085968
1269,0.699820876121521
1270,0.6670328974723816
1271,0.6929695010185242
1272,0.6506745219230652
1273,0.6491973400115967
1274,0.7098765969276428
1275,0.7154029607772827
1276,0.7064505219459534
1277,0.6936304569244385
1278,0.6444225311279297
1279,0.7136698961257935
1280,0.6195695996284485
1281,0.6584271192550659
1282,0.6541030406951904
1283,0.6721075177192688
1284,0.5681338310241699
1285,0.7046034932136536
1286,0.6759706735610962
1287,0.6525113582611084
1288,0.6213791966438293
1289,0.5868096947669983
1290,0.6660770177841187
1291,0.607278048992157
1292,0.6756868958473206
1293,0.6656830906867981
1294,0.686430811882019
1295,0.6708017587661743
1296,0.6988722681999207
1297,0.7141353487968445
1298,0.6380396485328674
1299,0.6982129216194153
1300,0.5637782216072083
1301,0.6506682634353638
1302,0.7052732110023499
1303,0.7131789326667786
1304,0.6856216192245483
1305,0.6545695662498474
1306,0.6746823191642761
1307,0.6932728290557861
1308,0.6331932544708252
1309,0.6270453929901123
1310,0.5658254027366638
1311,0.31491392850875854
1312,0.6710200309753418
1313,0.571857213973999
1314,0.61738520860672
1315,0.630020022392273
1316,0.6801372170448303
1317,0.6572079062461853
1318,0.6024926900863647
1319,0.6604232788085938
1320,0.6999086737632751
1321,0.6806143522262573
1322,0.6142085790634155
1323,0.6953041553497314
1324,0.7245720028877258
1325,0.7018080949783325
1326,0.6494163274765015
1327,0.6888118982315063
1328,0.5699558258056641
1329,0.719835102558136
1330,0.6001135110855103
1331,0.6161321401596069
1332,0.6346901059150696
1333,0.6979599595069885
1334,0.6615358591079712
1335,0.6245840787887573
1336,0.6808772087097168
1337,0.6639261841773987
1338,0.7009455561637878
1339,0.6737069487571716
1340,0.6626744270324707
1341,0.676956295967102
1342,0.7250737547874451
1343,0.6696680784225464
1344,0.6436206102371216
1345,0.7133305668830872
1346,0.6818296313285828
1347,0.2857681214809418
1348,0.665830135345459
1349,0.6500944495201111
1350,0.6659327149391174
1351,0.5990106463432312
1352,0.5780584216117859
1353,0.6754499673843384
1354,0.6490712761878967
1355,0.6575833559036255
1356,0.671559751033783
1357,0.644754946231842
1358,0.6404899954795837
1359,0.6373774409294128
1360,0.6885991096496582
1361,0.6549235582351685
1362,0.6143501996994019
1363,0.6981009244918823
1364,0.6896795034408569
1365,0.659286379814148
1366,0.7086053490638733
1367,0.6878063678741455
1368,0.6665052175521851
1369,0.7022305727005005
1370,0.6559792757034302
1371,0.6275705695152283
1372,0.5493373274803162
1373,0.679296612739563
1374,0.6825112104415894
1375,0.602340042591095
1376,0.6870386600494385
1377,0.6421441435813904
1378,0.6560652256011963
1379,0.5860335826873779
1380,0.6037797927856445
1381,0.6804704070091248
1382,0.6957059502601624
1383,0.5968697667121887
1384,0.6470605731010437
1385,0.6112629175186157
1386,0.6228958964347839
1387,0.6614338755607605
1388,0.6910228133201599
1389,0.6770756244659424
1390,0.6765405535697937
1391,0.6502518653869629
1392,0.7138055562973022
1393,0.6785166263580322
1394,0.6765873432159424
1395,0.6100108623504639
1396,0.6753125786781311
1397,0.6433020830154419
1398,0.6732472777366638
1399,0.6949227452278137
1400,0.6322638392448425
1401,0.6403210759162903
1402,0.6885221004486084
1403,0.6428399085998535
1404,0.6567350029945374
1405,0.706046462059021
1406,0.6814876794815063
1407,0.6616657376289368
1408,0.5760153532028198
1409,0.6190565824508667
1410,0.658595621585846
1411,0.6568121910095215
1412,0.6594496965408325
1413,0.6416285634040833
1414,0.6821302771568298
1415,0.6890137195587158
1416,0.6818993091583252
1417,0.6704909801483154
1418,0.695094645023346
1419,0.710443913936615
1420,0.7169406414031982
1421,0.5952692031860352
1422,0.7068610787391663
1423,0.6863596439361572
1424,0.676778256893158
1425,0.6908636689186096
1426,0.7073854207992554
1427,0.616338312625885
1428,0.6665531992912292
1429,0.6629388928413391
1430,0.591684877872467
1431,0.6822690367698669
1432,0.6378636360168457
1433,0.5994153022766113
1434,0.6571417450904846
1435,0.6330305337905884
1436,0.5690237283706665
1437,0.6347631812095642
1438,0.678839385509491
1439,0.6714844107627869
1440,0.6782419085502625
1441,0.6936073899269104
1442,0.6379843354225159
1443,0.6940136551856995
1444,0.6651800274848938
1445,0.674651563167572
1446,0.667005181312561
1447,0.6966972351074219
1448,0.7094316482543945
1449,0.6554864048957825
1450,0.6805194020271301
1451,0.6177234649658203
1452,0.6676185727119446
1453,0.679355800151825
1454,0.6325101256370544
1455,0.6594117283821106
1456,0.6251338124275208
1457,0.6584379076957703
1458,0.6127994656562805
1459,0.684706449508667
1460,0.5252920389175415
1461,0.6148417592048645
1462,0.6899573802947998
1463,0.5863413214683533
1464,0.6869697570800781
1465,0.6545678973197937
1466,0.6450011730194092
1467,0.6780489683151245
1468,0.6769536137580872
1469,0.7258297801017761
1470,0.5953315496444702
1471,0.2711995542049408
1472,0.6836193203926086
1473,0.6254562139511108
1474,0.6503432393074036
1475,0.6359883546829224
1476,0.634240984916687
1477,0.651104748249054
1478,0.6254230737686157
1479,0.6331190466880798
1480,0.6347382068634033
1481,0.641910195350647
1482,0.6190856099128723
1483,0.6396088600158691
1484,0.6761264801025391
1485,0.6751794815063477
1486,0.6509770154953003
1487,0.6694200038909912
1488,0.6538894176483154
1489,0.7194533944129944
1490,0.7143198251724243
1491,0.283300518989563
1492,0.6659895777702332
1493,0.6580829620361328
1494,0.6415063738822937
1495,0.6790747046470642
1496,0.6840119957923889
1497,0.6866331100463867
1498,0.6649183034896851
1499,0.6636208295822144
1500,0.6528773307800293
1501,0.7053438425064087
1502,0.6944075226783752
1503,0.6642287373542786
1504,0.6446775197982788
1505,0.6828436851501465
1506,0.7004607319831848
1507,0.6553050875663757
1508,0.7011014223098755
1509,0.7099898457527161
1510,0.6678053736686707
1511,0.6971441507339478
1512,0.6727163791656494
1513,0.6883610486984253
1514,0.7021195888519287
1515,0.6452088356018066
1516,0.6422477960586548
1517,0.6703890562057495
1518,0.6800383925437927
1519,0.6571261286735535
1520,0.6886756420135498
1521,0.6951617002487183
1522,0.6447553038597107
1523,0.6764582395553589
1524,0.6624516248703003
1525,0.7102046012878418
1526,0.6440864205360413
1527,0.6807059049606323
1528,0.541745662689209
1529,0.6165270209312439
1530,0.6444647908210754
1531,0.6399818062782288
1532,0.5626466870307922
1533,0.7164620757102966
1534,0.6949367523193359
1535,0.654546320438385
1536,0.6653186678886414
1537,0.5813992023468018
1538,0.706976592540741
1539,0.662651777267456
1540,0.7115876078605652
1541,0.6401129961013794
1542,0.6520326733589172
1543,0.6525465250015259
1544,0.6353539824485779
1545,0.6694008708000183
1546,0.6722246408462524
1547,0.6941494345664978
1548,0.676490843296051
1549,0.693478524684906
1550,0.7106584906578064
1551,0.7328388690948486
1552,0.7362625598907471
1553,0.5162057280540466
1554,0.7028124332427979
1555,0.6512887477874756
1556,0.7249137759208679
1557,0.2869206368923187
1558,0.706632137298584
1559,0.6722932457923889
1560,0.6325696110725403
1561,0.698575496673584
1562,0.6788044571876526
1563,0.6289926171302795
1564,0.6645224690437317
1565,0.6338158845901489
1566,0.5695657730102539
1567,0.6966644525527954
1568,0.6445485949516296
1569,0.6165148019790649
1570,0.6761916279792786
1571,0.6169949769973755
1572,0.691788911819458
1573,0.6894073486328125
1574,0.6636795997619629
1575,0.6543846726417542
1576,0.7128639817237854
1577,0.6934241652488708
1578,0.7072038650512695
1579,0.6660379767417908
1580,0.7221375107765198
1581,0.7218846082687378
1582,0.6484980583190918
1583,0.6744920015335083
1584,0.7303069233894348
1585,0.714935302734375
1586,0.6406296491622925
1587,0.6868840456008911
1588,0.7359668612480164
1589,0.6620085835456848
1590,0.702232301235199
1591,0.6864829659461975
1592,0.7127609252929688
1593,0.6930404901504517
1594,0.6562656164169312
1595,0.6922731399536133
1596,0.6910854578018188
1597,0.6674013733863831
1598,0.6090077757835388
1599,0.6100733876228333
1600,0.6311929821968079
1601,0.6633192300796509
1602,0.6766332387924194
1603,0.6847351789474487
1604,0.6568683981895447
1605,0.6900349855422974
1606,0.7222989201545715
1607,0.6742998361587524
1608,0.7141168117523193
1609,0.7412120699882507
1610,0.7006945013999939
1611,0.6959388852119446
1612,0.6490537524223328
1613,0.652741551399231
1614,0.6917984485626221
1615,0.6900032162666321
1616,0.7311625480651855
1617,0.7063018083572388
1618,0.6823943257331848
1619,0.7084542512893677
1620,0.6686565279960632
1621,0.6257222294807434
1622,0.660078763961792
1623,0.63245689868927
1624,0.6874465346336365
1625,0.6584615111351013
1626,0.6814517378807068
1627,0.6976642608642578
1628,0.6595900058746338
1629,0.6554126739501953
1630,0.6941438317298889
1631,0.6452727317810059
1632,0.6850200891494751
1633,0.7089924216270447
1634,0.7012050747871399
1635,0.6854405999183655
1636,0.7013844847679138
1637,0.7104901671409607
1638,0.6632484197616577
1639,0.675959050655365
1640,0.6692273616790771
1641,0.660155177116394
1642,0.6766354441642761
1643,0.6494931578636169
1644,0.6433945894241333
1645,0.5670537948608398
1646,0.6943885684013367
1647,0.6684386134147644
1648,0.641432523727417
1649,0.6911518573760986
1650,0.5966021418571472
1651,0.6293209791183472
1652,0.708925187587738
1653,0.5998410582542419
1654,0.677405834197998
1655,0.7058236598968506
1656,0.6730561256408691
1657,0.6353036165237427
1658,0.6749030947685242
1659,0.682539701461792
1660,0.6505698561668396
1661,0.6827661991119385
1662,0.5651448369026184
1663,0.7147383093833923
1664,0.7028091549873352
1665,0.6829488277435303
1666,0.6961742043495178
1667,0.7222386002540588
1668,0.7295375466346741
1669,0.6745452284812927
1670,0.719402015209198
1671,0.7179059386253357
1672,0.66206955909729
1673,0.7082951664924622
1674,0.7123337388038635
1675,0.7110249400138855
1676,0.726566731929779
1677,0.6809907555580139
1678,0.6866610646247864
1679,0.7058057188987732
1680,0.7286348938941956
1681,0.7087152004241943
1682,0.6191225051879883
1683,0.6559826731681824
1684,0.6980449557304382
1685,0.6579241752624512
1686,0.6590083837509155
1687,0.6690864562988281
1688,0.4568827748298645
1689,0.6684867143630981
1690,0.6615275740623474
1691,0.6866418719291687
1692,0.6734306812286377
1693,0.6769812703132629
1694,0.6911790370941162
1695,0.6672137379646301
1696,0.6363120675086975
1697,0.6785501837730408
1698,0.6372476816177368
1699,0.7019717693328857
1700,0.6912035346031189
1701,0.6837876439094543
1702,0.710716187953949
1703,0.6541818380355835
1704,0.6962790489196777
1705,0.6733680963516235
1706,0.6753162741661072
1707,0.6453478336334229
1708,0.6801074743270874
1709,0.6447528004646301
1710,0.7274744510650635
1711,0.6657163500785828
1712,0.6850208640098572
1713,0.7136435508728027
1714,0.7110990881919861
1715,0.6235074996948242
1716,0.6866340637207031
1717,0.6987974047660828
1718,0.666103720664978
1719,0.6766597628593445
1720,0.6681205034255981
1721,0.6637263298034668
1722,0.6853224039077759
1723,0.6699941158294678
1724,0.6522722244262695
1725,0.5807834267616272
1726,0.6785153150558472
1727,0.6729961037635803
1728,0.6648063063621521
1729,0.6946566700935364
1730,0.5834732055664062
1731,0.6907128691673279
1732,0.6846379041671753
1733,0.6943336725234985
1734,0.6971651315689087
1735,0.6997407078742981
1736,0.57496577501297
1737,0.6772626042366028
1738,0.6477704644203186
1739,0.704261064529419
1740,0.691121518611908
1741,0.7201394438743591
1742,0.7109151482582092
1743,0.7080054879188538
1744,0.6769231557846069
1745,0.6995939612388611
1746,0.6779600977897644
1747,0.6889409422874451
1748,0.6624605655670166
1749,0.49215131998062134
1750,0.6534808278083801
1751,0.6347853541374207
1752,0.25934961438179016
1753,0.6294497847557068
1754,0.6610332727432251
1755,0.6811595559120178
1756,0.7110512852668762
1757,0.6605337858200073
1758,0.6801348924636841
1759,0.7076698541641235
1760,0.6676524877548218
1761,0.7165995836257935
1762,0.710103452205658
1763,0.7062124609947205
1764,0.720698893070221
1765,0.715181291103363
1766,0.7227541208267212
1767,0.6876469254493713
1768,0.694545328617096
1769,0.7198635339736938
1770,0.7093821167945862
1771,0.7105678915977478
1772,0.6976743340492249
1773,0.71144038438797
1774,0.6814420819282532
1775,0.582064688205719
1776,0.6187823414802551
1777,0.6643234491348267
1778,0.6590864658355713
1779,0.6601572036743164
1780,0.6755808591842651
1781,0.6953575611114502
1782,0.6971458196640015
1783,0.6687996983528137
1784,0.6538051962852478
1785,0.6400594115257263
1786,0.7211816906929016
1787,0.7094767093658447
1788,0.6415425539016724
1789,0.7141162753105164
1790,0.6673787236213684
1791,0.7139764428138733
1792,0.6769634485244751
1793,0.594374418258667
1794,0.7159927487373352
1795,0.711253821849823
1796,0.6876636147499084
1797,0.6828382015228271
1798,0.7122684121131897
1799,0.646583080291748
1800,0.7065765261650085
1801,0.6850646734237671
1802,0.6532996892929077
1803,0.6656593680381775
1804,0.6434611678123474
1805,0.6879635453224182
1806,0.7114105224609375
1807,0.6942470073699951
1808,0.6623203158378601
1809,0.6670941114425659
1810,0.6950901746749878
1811,0.6521666049957275
1812,0.6271594166755676
1813,0.659376859664917
1814,0.6401864886283875
1815,0.6792029738426208
1816,0.621383786201477
1817,0.6906549334526062
1818,0.6912034749984741
1819,0.6500958800315857
1820,0.641930103302002
1821,0.7042010426521301
1822,0.700017511844635
1823,0.7003106474876404
1824,0.6898459196090698
1825,0.7021428942680359
1826,0.7065354585647583
1827,0.7185935378074646
1828,0.6928460001945496
1829,0.6748968958854675
1830,0.6719857454299927
1831,0.6737046241760254
1832,0.6922330260276794
1833,0.7070453763008118
1834,0.6989704966545105
1835,0.6979756355285645
1836,0.691480815410614
1837,0.7104712128639221
1838,0.3269832730293274
1839,0.6458839774131775
1840,0.6567991375923157
1841,0.49266526103019714
1842,0.6368306875228882
1843,0.6107785105705261
1844,0.6830834150314331
1845,0.6912496089935303
1846,0.6426286101341248
1847,0.694002091884613
1848,0.6785895228385925
1849,0.6291358470916748
1850,0.6236373782157898
1851,0.6407846808433533
1852,0.6320334076881409
1853,0.6514620780944824
1854,0.6763415336608887
1855,0.6818873882293701
1856,0.6911739706993103
1857,0.6582227945327759
1858,0.6892808079719543
1859,0.6775755286216736
1860,0.6327878832817078
1861,0.6965792179107666
1862,0.6639729738235474
1863,0.6783251166343689
1864,0.6679986715316772
1865,0.6556017398834229
1866,0.659730851650238
1867,0.7068253755569458
1868,0.6834176778793335
1869,0.6366953253746033
1870,0.6820684671401978
1871,0.6989027857780457
1872,0.6071040630340576
1873,0.7063199281692505
1874,0.6707717776298523
1875,0.6171317100524902
1876,0.6468244194984436
1877,0.6670458316802979
1878,0.6024813652038574
1879,0.6757163405418396
1880,0.6484794616699219
1881,0.7051663994789124
1882,0.6824015974998474
1883,0.7044496536254883
1884,0.685857892036438
1885,0.726558268070221
1886,0.7269183397293091
1887,0.7139208912849426
1888,0.6884961128234863
1889,0.6583651900291443
1890,0.7107508778572083
1891,0.7104597091674805
1892,0.6970311403274536
1893,0.6189253330230713
1894,0.6855476498603821
1895,0.7036576271057129
1896,0.7058263421058655
1897,0.5982775688171387
1898,0.7019054293632507
1899,0.6835750937461853
1900,0.721075713634491
1901,0.7150025963783264
1902,0.6888973712921143
1903,0.6134724020957947
1904,0.7180652022361755
1905,0.6828644275665283
1906,0.6940673589706421
1907,0.709764301776886
1908,0.6924824118614197
1909,0.6867121458053589
1910,0.7029951214790344
1911,0.6961560249328613
1912,0.6836159825325012
1913,0.6896103024482727
1914,0.6566709280014038
1915,0.6896848082542419
1916,0.6896815299987793
1917,0.6501275300979614
1918,0.6815606951713562
1919,0.6816797256469727
1920,0.6751201748847961
1921,0.6830296516418457
1922,0.6723889708518982
1923,0.6615006923675537
1924,0.678846538066864
1925,0.6549608707427979
1926,0.6579582095146179
1927,0.697996973991394
1928,0.6914733648300171
1929,0.658414363861084
1930,0.6789725422859192
1931,0.7089924216270447
1932,0.6926379203796387
1933,0.7145921587944031
1934,0.6818926930427551
1935,0.6994091272354126
1936,0.7046231031417847
1937,0.6838916540145874
1938,0.6982720494270325
1939,0.7140161395072937
1940,0.712105929851532
1941,0.7004090547561646
1942,0.6856368780136108
1943,0.6937173008918762
1944,0.682079017162323
1945,0.6944050192832947
1946,0.6889334917068481
1947,0.6833214163780212
1948,0.49494844675064087
1949,0.6564422249794006
1950,0.6536108255386353
1951,0.6364179253578186
1952,0.6907957792282104
1953,0.6524990200996399
1954,0.6483992338180542
1955,0.6043549180030823
1956,0.6676068305969238
1957,0.6770912408828735
1958,0.6398318409919739
1959,0.6803366541862488
1960,0.6976865530014038
1961,0.6974682807922363
1962,0.6909936666488647
1963,0.6590555906295776
1964,0.620089590549469
1965,0.6452356576919556
1966,0.6961041688919067
1967,0.6887044906616211
1968,0.663978099822998
1969,0.6625364422798157
1970,0.6783416271209717
1971,0.6905208230018616
1972,0.6939777731895447
1973,0.686869740486145
1974,0.6838635802268982
1975,0.6838422417640686
1976,0.6461323499679565
1977,0.6789405941963196
1978,0.6426407098770142
1979,0.6752899885177612
1980,0.6459700465202332
1981,0.5823767781257629
1982,0.6663414835929871
1983,0.6705002784729004
1984,0.5892642140388489
1985,0.679804265499115
1986,0.6287833452224731
1987,0.6901980638504028
1988,0.675564169883728
1989,0.6423854231834412
1990,0.6534148454666138
1991,0.6791621446609497
1992,0.6882379651069641
1993,0.6456711888313293
1994,0.6901741027832031
1995,0.6985644698143005
1996,0.6786150932312012
1997,0.6999216079711914
1998,0.6646094918251038
1999,0.7076273560523987
2000,0.6812746524810791
2001,0.6587685346603394
2002,0.6724048852920532
2003,0.7078725099563599
2004,0.6791630983352661
2005,0.7039362192153931
2006,0.6783703565597534
2007,0.69554603099823
2008,0.6707723140716553
2009,0.6917984485626221
2010,0.6084558963775635
2011,0.695914089679718
2012,0.6562424898147583
2013,0.69319087266922
2014,0.6305060386657715
2015,0.6862158179283142
2016,0.6751996874809265
2017,0.6570142507553101
2018,0.687110185623169
2019,0.7046415209770203
2020,0.6685342788696289
2021,0.6643169522285461
2022,0.6551212668418884
2023,0.6847363710403442
2024,0.657525897026062
2025,0.679047703742981
2026,0.6670850515365601
2027,0.6759468913078308
2028,0.6603540778160095
2029,0.6548566818237305
2030,0.6743859648704529
2031,0.6569156646728516
2032,0.7005945444107056
2033,0.6418311595916748
2034,0.6539540886878967
2035,0.6739245057106018
2036,0.6897016167640686
2037,0.6786835193634033
2038,0.706366777420044
2039,0.668851375579834
2040,0.6872040629386902
2041,0.585540771484375
2042,0.7035014629364014
2043,0.6969873905181885
2044,0.6630802154541016
2045,0.6875978112220764
2046,0.6913235187530518
2047,0.6783512830734253
2048,0.6822764873504639
2049,0.6496927738189697
2050,0.6988347172737122
2051,0.7091857194900513
2052,0.7028258442878723
2053,0.7093319892883301
2054,0.6838779449462891
2055,0.6854541897773743
2056,0.7012673616409302
2057,0.6799660325050354
2058,0.7045911550521851
2059,0.6715182065963745
2060,0.6641507148742676
2061,0.6591491103172302
2062,0.6765336990356445
2063,0.6423196196556091
2064,0.7014755606651306
2065,0.6886594295501709
2066,0.6514736413955688
2067,0.7000999450683594
2068,0.693379282951355
2069,0.7074791193008423
2070,0.6899091005325317
2071,0.6509086489677429
2072,0.6387876272201538
2073,0.6707145571708679
2074,0.6703851819038391
2075,0.6915457248687744
2076,0.6447967886924744
2077,0.6477389931678772
2078,0.6751312613487244
2079,0.6812439560890198
2080,0.6455022692680359
2081,0.6738680601119995
2082,0.6632440090179443
2083,0.613625705242157
2084,0.6462389826774597
2085,0.6407925486564636
2086,0.699833333492279
2087,0.7015684247016907
2088,0.6975355744361877
2089,0.6920891404151917
2090,0.6635327339172363
2091,0.688500165939331
2092,0.7145174145698547
2093,0.7190098166465759
2094,0.6760945916175842
2095,0.6335097551345825
2096,0.326315313577652
2097,0.6747900247573853
2098,0.7116580605506897
2099,0.6817340850830078
2100,0.7218303680419922
2101,0.7064084410667419
2102,0.6927751302719116
2103,0.7176114320755005
2104,0.6895955204963684
2105,0.6948009729385376
2106,0.7113083600997925
2107,0.6626954674720764
2108,0.6215056777000427
2109,0.639735221862793
2110,0.6659319996833801
2111,0.6618424654006958
2112,0.6716146469116211
2113,0.6690810918807983
2114,0.6834748387336731
2115,0.6775995492935181
2116,0.6866570115089417
2117,0.6852638125419617
2118,0.670979917049408
2119,0.6585236191749573
2120,0.6971083879470825
2121,0.6717270016670227
2122,0.6697944402694702
2123,0.6665252447128296
2124,0.7115006446838379
2125,0.6254541873931885
2126,0.6628793478012085
2127,0.70899897813797
2128,0.6130942702293396
2129,0.6614463329315186
2130,0.6894064545631409
2131,0.7108084559440613
2132,0.6183596253395081
2133,0.6950070261955261
2134,0.6778546571731567
2135,0.6768873929977417
2136,0.7019960284233093
2137,0.6644400954246521
2138,0.6982854008674622
2139,0.6835370659828186
2140,0.6738147735595703
2141,0.673500657081604
2142,0.6738733053207397
2143,0.6576454043388367
2144,0.69285649061203
2145,0.6670078039169312
2146,0.6468717455863953
2147,0.6865977644920349
2148,0.6400978565216064
2149,0.6749449372291565
2150,0.6647459864616394
2151,0.7045869827270508
2152,0.7072350382804871
2153,0.6959272623062134
2154,0.690640389919281
2155,0.7091906666755676
2156,0.6938161253929138
2157,0.685355544090271
2158,0.6859869956970215
2159,0.70057612657547
2160,0.7170724868774414
2161,0.701391875743866
2162,0.6416195034980774
2163,0.6946966052055359
2164,0.6939130425453186
2165,0.7030816674232483
2166,0.7143133282661438
2167,0.7042497992515564
2168,0.6810452342033386
2169,0.6977341175079346
2170,0.6583892703056335
2171,0.6571611166000366
2172,0.6801323294639587
2173,0.6766263842582703
2174,0.6809155344963074
2175,0.6680493354797363
2176,0.6835812330245972
2177,0.6613767147064209
2178,0.6622057557106018
2179,0.6877637505531311
2180,0.6721897721290588
2181,0.698623538017273
2182,0.6672861576080322
2183,0.6973893046379089
2184,0.6826460957527161
2185,0.680635929107666
2186,0.6191092729568481
2187,0.7104016542434692
2188,0.718703031539917
2189,0.6846874952316284
2190,0.7128138542175293
2191,0.7120532989501953
2192,0.677490234375
2193,0.7185589075088501
2194,0.6841363906860352
2195,0.6979076266288757
2196,0.6502933502197266
2197,0.6691442131996155
2198,0.6712311506271362
2199,0.687049388885498
2200,0.6540407538414001
2201,0.635619580745697
2202,0.6275251507759094
2203,0.6751181483268738
2204,0.6223587393760681
2205,0.6827861666679382
2206,0.6807290315628052
2207,0.6424428820610046
2208,0.6927949786186218
2209,0.5699028372764587
2210,0.6761157512664795
2211,0.6707587838172913
2212,0.6919911503791809
2213,0.6824384927749634
2214,0.681668221950531
2215,0.6913504600524902
2216,0.6714158654212952
2217,0.672183632850647
2218,0.6883851289749146
2219,0.6866795420646667
2220,0.6988962888717651
2221,0.647373616695404
2222,0.7009401321411133
2223,0.672787606716156
2224,0.6481269001960754
2225,0.6822150349617004
2226,0.6885703802108765
2227,0.6624482870101929
2228,0.6779588460922241
2229,0.6976006627082825
2230,0.659108579158783
2231,0.6873105764389038
2232,0.7111658453941345
2233,0.6211304068565369
2234,0.6760925054550171
2235,0.6777366399765015
2236,0.695699155330658
2237,0.687278687953949
2238,0.6926670670509338
2239,0.6909119486808777
2240,0.6981341242790222
2241,0.7063015699386597
2242,0.6503046751022339
2243,0.6838474273681641
2244,0.6929085850715637
2245,0.6902713775634766
2246,0.6828216314315796
2247,0.6585250496864319
2248,0.6955244541168213
2249,0.6802720427513123
2250,0.6999152302742004
2251,0.6168642640113831
2252,0.6947969794273376
2253,0.6778520941734314
2254,0.6998462080955505
2255,0.7052555680274963
2256,0.707384467124939
2257,0.7303839921951294
2258,0.6725728511810303
2259,0.717743992805481
2260,0.6632168889045715
2261,0.679499089717865
2262,0.703158974647522
2263,0.6426675915718079
2264,0.6920968890190125
2265,0.6656405925750732
2266,0.6718698740005493
2267,0.6963583827018738
2268,0.6897609233856201
2269,0.7036789655685425
2270,0.6741418838500977
2271,0.6985589861869812
2272,0.6655946969985962
2273,0.6823495626449585
2274,0.7183540463447571
2275,0.6977909803390503
2276,0.7056486010551453
2277,0.6846162676811218
2278,0.6848975419998169
2279,0.6724048256874084
2280,0.6679896116256714
2281,0.6815885901451111
2282,0.6683847308158875
2283,0.6694223284721375
2284,0.6536532044410706
2285,0.665109395980835
2286,0.6237090229988098
2287,0.6898689866065979
2288,0.6321791410446167
2289,0.6668428778648376
2290,0.646110475063324
2291,0.6545102596282959
2292,0.6639917492866516
2293,0.6720792055130005
2294,0.6839033961296082
2295,0.6604171991348267
2296,0.6809655427932739
2297,0.6923125386238098
2298,0.7022607326507568
2299,0.6922177076339722
2300,0.6860445737838745
2301,0.7195393443107605
2302,0.6723621487617493
2303,0.7158960700035095
2304,0.6978107690811157
2305,0.5239324569702148
2306,0.7209491729736328
2307,0.6969201564788818
2308,0.7077315449714661
2309,0.6652066707611084
2310,0.6487609148025513
2311,0.6969894170761108
2312,0.6663633584976196
2313,0.6711365580558777
2314,0.690589427947998
2315,0.6878929734230042
2316,0.6100481748580933
2317,0.6910213232040405
2318,0.6417871117591858
2319,0.6771031618118286
2320,0.6590756773948669
2321,0.680290162563324
2322,0.7062645554542542
2323,0.7021147012710571
2324,0.717372715473175
2325,0.6957132816314697
2326,0.6619654297828674
2327,0.6941385269165039
2328,0.6850525140762329
2329,0.6940006017684937
2330,0.6438074707984924
2331,0.6929301619529724
2332,0.6891470551490784
2333,0.6976310610771179
2334,0.6654750108718872
2335,0.6790101528167725
2336,0.6722952127456665
2337,0.6694338321685791
2338,0.6693125367164612
2339,0.6573951244354248
2340,0.682173490524292
2341,0.6874271035194397
2342,0.6771543622016907
2343,0.6612595915794373
2344,0.6860477328300476
2345,0.6860479116439819
2346,0.6394616961479187
2347,0.6824765801429749
2348,0.6818471550941467
2349,0.6845353841781616
2350,0.6768986582756042
2351,0.6915794610977173
2352,0.6767641305923462
2353,0.7091203331947327
2354,0.698632538318634
2355,0.7253152132034302
2356,0.643916666507721
2357,0.7082954049110413
2358,0.7103442549705505
2359,0.7011224031448364
2360,0.7119703888893127
2361,0.722762942314148
2362,0.7006896734237671
2363,0.6975745558738708
2364,0.7247554659843445
2365,0.6942138075828552
2366,0.6815528273582458
2367,0.6930844783782959
2368,0.7011717557907104
2369,0.6421194076538086
2370,0.6627588868141174
2371,0.7031897902488708
2372,0.6758482456207275
2373,0.6687366962432861
2374,0.6679530143737793
2375,0.6785471439361572
2376,0.6757383346557617
2377,0.6987975239753723
2378,0.6453220248222351
2379,0.6660978198051453
2380,0.6616430282592773
2381,0.6887274980545044
2382,0.6546890735626221
2383,0.6917383074760437
2384,0.6297797560691833
2385,0.6352485418319702
2386,0.689534068107605
2387,0.688643217086792
2388,0.6957024335861206
2389,0.6695274710655212
2390,0.68084317445755
2391,0.7019808888435364
2392,0.6626026034355164
2393,0.6264322400093079
2394,0.6683952212333679
2395,0.6850419044494629
2396,0.6658132076263428
2397,0.6469414830207825
2398,0.6548303365707397
2399,0.6908407807350159
2400,0.6693851947784424
2401,0.6208890080451965
2402,0.6746723651885986
2403,0.6495696306228638
2404,0.694146454334259
2405,0.7033072710037231
2406,0.6914365887641907
2407,0.6592983603477478
2408,0.681036114692688
2409,0.6733532547950745
2410,0.6963686347007751
2411,0.6978030800819397
2412,0.6737529635429382
2413,0.6538210511207581
2414,0.6520975828170776
2415,0.6424975395202637
2416,0.6954671740531921
2417,0.6898492574691772
2418,0.6898308992385864
2419,0.6346949338912964
2420,0.7018218040466309
2421,0.6874613165855408
2422,0.6988270878791809
2423,0.7045559287071228
2424,0.6972891092300415
2425,0.7044557929039001
2426,0.6802099347114563
2427,0.7265288829803467
2428,0.6959505081176758
2429,0.727095365524292
2430,0.6799059510231018
2431,0.6988223791122437
2432,0.7071754932403564
2433,0.71232008934021
2434,0.6729658246040344
2435,0.6255845427513123
2436,0.7050054669380188
2437,0.6918686032295227
2438,0.6881266832351685
2439,0.6670310497283936
2440,0.6684849858283997
2441,0.6931431889533997
2442,0.695386528968811
2443,0.7064459323883057
2444,0.691879153251648
2445,0.6652284860610962
2446,0.6858702301979065
2447,0.7130526900291443
2448,0.7071358561515808
2449,0.686006486415863
2450,0.6920714974403381
2451,0.7030884027481079
2452,0.6927710771560669
2453,0.6906192898750305
2454,0.6723361015319824
2455,0.6775124669075012
2456,0.6903453469276428
2457,0.6824275851249695
2458,0.7009140253067017
2459,0.6734025478363037
2460,0.6913221478462219
2461,0.6972222924232483
2462,0.7013388872146606
2463,0.7264154553413391
2464,0.7111748456954956
2465,0.6680400967597961
2466,0.6844587922096252
2467,0.6966784596443176
2468,0.6886628866195679
2469,0.6961917281150818
2470,0.6802759766578674
2471,0.6941364407539368
2472,0.6402130126953125
2473,0.677766740322113
2474,0.6605432629585266
2475,0.6431887745857239
2476,0.6730909943580627
2477,0.6739763021469116
2478,0.6770087480545044
2479,0.6371352672576904
2480,0.642038881778717
2481,0.6950223445892334
2482,0.7009566426277161
2483,0.6717897057533264
2484,0.7023500204086304
2485,0.7045205235481262
2486,0.6988910436630249
2487,0.7034004330635071
2488,0.7122413516044617
2489,0.7189826369285583
2490,0.7061461806297302
2491,0.6565167307853699
2492,0.6489699482917786
2493,0.6999410390853882
2494,0.7203534245491028
2495,0.705081582069397
2496,0.7171834707260132
2497,0.7120518684387207
2498,0.7123712301254272
2499,0.6912053823471069
2500,0.7035444974899292
2501,0.6813804507255554
2502,0.694166362285614
2503,0.6882805228233337
2504,0.6801387667655945
2505,0.6750849485397339
2506,0.6850730180740356
2507,0.667334258556366
2508,0.6870557069778442
2509,0.6566380262374878
2510,0.6787875890731812
2511,0.6607864499092102
2512,0.6851248145103455
2513,0.6948117613792419
2514,0.6522389650344849
2515,0.6903257369995117
2516,0.6962853670120239
2517,0.6777719259262085
2518,0.6604308485984802
2519,0.698305070400238
2520,0.681291401386261
2521,0.6875330805778503
2522,0.676081657409668
2523,0.6909746527671814
2524,0.6893033385276794
2525,0.688551127910614
2526,0.6866155862808228
2527,0.6791569590568542
2528,0.6684342622756958
2529,0.6991313695907593
2530,0.6824953556060791
2531,0.6712448596954346
2532,0.6558699011802673
2533,0.6927263140678406
2534,0.6878177523612976
2535,0.6690860986709595
2536,0.6756042242050171
2537,0.6607507467269897
2538,0.69481360912323
2539,0.6773017644882202
2540,0.683765709400177
2541,0.6945654153823853
2542,0.6986359357833862
2543,0.7007195353507996
2544,0.6846663951873779
2545,0.703487753868103
2546,0.7217304706573486
2547,0.6721767783164978
2548,0.6709387302398682
2549,0.6776031255722046
2550,0.6840718984603882
2551,0.689491868019104
2552,0.6704411506652832
2553,0.6956987380981445
2554,0.6729142665863037
2555,0.676859974861145
2556,0.6806991696357727
2557,0.7046513557434082
2558,0.6981972455978394
2559,0.6772425770759583
2560,0.6932488679885864
2561,0.6854285597801208
2562,0.6441897749900818
2563,0.6794089674949646
2564,0.6915398836135864
2565,0.6362738013267517
2566,0.6837279796600342
2567,0.667972981929779
2568,0.698917806148529
2569,0.6802005171775818
2570,0.678988516330719
2571,0.6877044439315796
2572,0.6756910681724548
2573,0.6917471289634705
2574,0.6927300691604614
2575,0.6975343823432922
2576,0.6960561871528625
2577,0.7048229575157166
2578,0.6748131513595581
2579,0.6907765865325928
2580,0.7048696875572205
2581,0.6995351910591125
2582,0.7238813042640686
2583,0.6761548519134521
2584,0.6990273594856262
2585,0.7175111174583435
2586,0.694513738155365
2587,0.6610611081123352
2588,0.718544065952301
2589,0.7171790599822998
2590,0.6968166828155518
2591,0.7028956413269043
2592,0.6984566450119019
2593,0.6983920335769653
2594,0.6095159649848938
2595,0.6267305612564087
2596,0.6906401515007019
2597,0.6560036540031433
2598,0.6765772104263306
2599,0.6707891821861267
2600,0.6760140657424927
2601,0.6718647480010986
2602,0.6873123049736023
2603,0.6757887005805969
2604,0.6627187728881836
2605,0.6715729236602783
2606,0.6663832664489746
2607,0.695552408695221
2608,0.6639634966850281
2609,0.7033339142799377
2610,0.707749605178833
2611,0.7136635184288025
2612,0.7218887805938721
2613,0.7024646997451782
2614,0.7106491923332214
2615,0.7255091071128845
2616,0.7202926874160767
2617,0.6737949252128601
2618,0.6681172847747803
2619,0.5006883144378662
2620,0.6973587274551392
2621,0.7059322595596313
2622,0.6983137130737305
2623,0.6827734708786011
2624,0.6848555207252502
2625,0.6619014143943787
2626,0.6728014349937439
2627,0.6813875436782837
2628,0.7098137736320496
2629,0.6842942237854004
2630,0.7137398719787598
2631,0.716860830783844
2632,0.716313898563385
2633,0.724703311920166
2634,0.7075172066688538
2635,0.7130219340324402
2636,0.6982060670852661
2637,0.7102259993553162
2638,0.7028924226760864
2639,0.72576504945755
2640,0.7160947322845459
2641,0.7097389101982117
2642,0.7280784845352173
2643,0.6926838755607605
2644,0.7066603899002075
2645,0.7085716724395752
2646,0.6978583931922913
2647,0.6933576464653015
2648,0.6916383504867554
2649,0.681890070438385
2650,0.6880120635032654
2651,0.6821575164794922
2652,0.6047502160072327
2653,0.7055582404136658
2654,0.696085512638092
2655,0.6410478949546814
2656,0.6890405416488647
2657,0.6563987731933594
2658,0.67584228515625
2659,0.6774908900260925
2660,0.6730034947395325
2661,0.7020801901817322
2662,0.679718554019928
2663,0.6838923692703247
2664,0.7144729495048523
2665,0.7051298022270203
2666,0.6996511816978455
2667,0.7030977010726929
2668,0.6974039077758789
2669,0.6929346323013306
2670,0.6937267184257507
2671,0.7044389247894287
2672,0.6871805191040039
2673,0.677111029624939
2674,0.6662333011627197
2675,0.6416177153587341
2676,0.6865893006324768
2677,0.6886734366416931
2678,0.6772390007972717
2679,0.6902270317077637
2680,0.6979296207427979
2681,0.6936951279640198
2682,0.6587649583816528
2683,0.4213637411594391
2684,0.6934902667999268
2685,0.6921286582946777
2686,0.6965875625610352
2687,0.6989725232124329
2688,0.6885921955108643
2689,0.7122097015380859
2690,0.7008501887321472
2691,0.6788870096206665
2692,0.6597827672958374
2693,0.6720477938652039
2694,0.6939491033554077
2695,0.688584566116333
2696,0.6596105694770813
2697,0.680223286151886
2698,0.6420640349388123
2699,0.6538560390472412
2700,0.6817963719367981
2701,0.6796703934669495
2702,0.6844747066497803
2703,0.6905785202980042
2704,0.6830311417579651
2705,0.6742879152297974
2706,0.6912208199501038
2707,0.6809203028678894
2708,0.6951940059661865
2709,0.6898302435874939
2710,0.6660165190696716
2711,0.6815158128738403
2712,0.6963264346122742
2713,0.6643531918525696
2714,0.7102538347244263
2715,0.7030566334724426
2716,0.6734820008277893
2717,0.6966766715049744
2718,0.7104079723358154
2719,0.694877564907074
2720,0.6967976093292236
2721,0.680675745010376
2722,0.6733925342559814
2723,0.6844426393508911
2724,0.6687180995941162
2725,0.6902115941047668
2726,0.7040380239486694
2727,0.6835209727287292
2728,0.6993646025657654
2729,0.7081961035728455
2730,0.6903913617134094
2731,0.7068268060684204
2732,0.7216610312461853
2733,0.7031790018081665
2734,0.7119462490081787
2735,0.7016320824623108
2736,0.7103292942047119
2737,0.7056174874305725
2738,0.7129942774772644
2739,0.6951127648353577
2740,0.6772586703300476
2741,0.6876471638679504
2742,0.7037408351898193
2743,0.6704965829849243
2744,0.6746081709861755
2745,0.6775091886520386
2746,0.6648939251899719
2747,0.6766250133514404
2748,0.6652378439903259
2749,0.6672545671463013
2750,0.6814212799072266
2751,0.6456230282783508
2752,0.6815745234489441
2753,0.6707338094711304
2754,0.6641808152198792
2755,0.6927484273910522
2756,0.6842250227928162
2757,0.6859497427940369
2758,0.6487078666687012
2759,0.6789154410362244
2760,0.6226442456245422
2761,0.7134473919868469
2762,0.6983231902122498
2763,0.7131025195121765
2764,0.6950295567512512
2765,0.7032122015953064
2766,0.696505606174469
2767,0.6886466145515442
2768,0.7155969142913818
2769,0.6918713450431824
2770,0.6593331098556519
2771,0.677287220954895
2772,0.6842911243438721
2773,0.6758430004119873
2774,0.6545346975326538
2775,0.6500393748283386
2776,0.6858657598495483
2777,0.6629523634910583
2778,0.640900731086731
2779,0.6676846146583557
2780,0.650215208530426
2781,0.6655251383781433
2782,0.6887569427490234
2783,0.688923716545105
2784,0.6484376788139343
2785,0.7010834813117981
2786,0.6966329216957092
2787,0.7025593519210815
2788,0.7007993459701538
2789,0.7176802754402161
2790,0.699733555316925
2791,0.7155436277389526
2792,0.6874184012413025
2793,0.7129254937171936
2794,0.6366862654685974
2795,0.6823515892028809
2796,0.6930887699127197
2797,0.7104397416114807
2798,0.6677546501159668
2799,0.6868053674697876
2800,0.7011538743972778
2801,0.6909008622169495
2802,0.7031098008155823
2803,0.7023583650588989
2804,0.680849552154541
2805,0.7026256918907166
2806,0.704596757888794
2807,0.685702919960022
2808,0.701707661151886
2809,0.7097076773643494
2810,0.6945403218269348
2811,0.704918384552002
2812,0.7169941663742065
2813,0.7114112377166748
2814,0.7154805660247803
2815,0.6932642459869385
2816,0.7006964087486267
2817,0.7018904089927673
2818,0.69685298204422
2819,0.706096351146698
2820,0.6969210505485535
2821,0.6931078433990479
2822,0.6768825650215149
2823,0.6838846802711487
2824,0.6326574087142944
2825,0.6895194053649902
2826,0.7121617794036865
2827,0.7165722846984863
2828,0.7293184399604797
2829,0.7091657519340515
2830,0.5936509966850281
2831,0.7169042229652405
2832,0.7170075178146362
2833,0.6780896782875061
2834,0.7114980816841125
2835,0.6949844360351562
2836,0.6724568605422974
2837,0.7018656730651855
2838,0.6986902356147766
2839,0.6754031777381897
2840,0.6861687302589417
2841,0.6911526918411255
2842,0.6433424949645996
2843,0.6627775430679321
2844,0.6498186588287354
2845,0.6805430054664612
2846,0.6824310421943665
2847,0.6611708998680115
2848,0.6747545599937439
2849,0.6917381882667542
2850,0.6843869686126709
2851,0.6658273339271545
2852,0.6820386052131653
2853,0.6915456056594849
2854,0.6879404783248901
2855,0.6905066967010498
2856,0.674800455570221
2857,0.7080010175704956
2858,0.7271395921707153
2859,0.6864545345306396
2860,0.7216741442680359
2861,0.6810622811317444
2862,0.6764218211174011
2863,0.71779465675354
2864,0.7187975645065308
2865,0.6952918767929077
2866,0.7144033312797546
2867,0.715766966342926
2868,0.7031587958335876
2869,0.7231899499893188
2870,0.6822649836540222
2871,0.6864643692970276
2872,0.7005469799041748
2873,0.6968854069709778
2874,0.6609864234924316
2875,0.7049018740653992
2876,0.6970421075820923
2877,0.6716774702072144
2878,0.6734391450881958
2879,0.6804914474487305
2880,0.6925024390220642
2881,0.6997364163398743
2882,0.6903591752052307
2883,0.6451793313026428
2884,0.6901549696922302
2885,0.6746920347213745
2886,0.7000584602355957
2887,0.7190523147583008
2888,0.6860268115997314
2889,0.6989867091178894
2890,0.7170584797859192
2891,0.7112364172935486
2892,0.7118114233016968
2893,0.7005435228347778
2894,0.7248328328132629
2895,0.6813046336174011
2896,0.7150135636329651
2897,0.6871480941772461
2898,0.7008478045463562
2899,0.6986084580421448
2900,0.6834002733230591
2901,0.6979893445968628
2902,0.6903066039085388
2903,0.6919297575950623
2904,0.6672508120536804
2905,0.6809459924697876
2906,0.7004547715187073
2907,0.6927167177200317
2908,0.6903278231620789
2909,0.6920194029808044
2910,0.7076138854026794
2911,0.7067244052886963
2912,0.70237797498703
2913,0.6912208199501038
2914,0.7076869010925293
2915,0.6755388975143433
2916,0.7089762687683105
2917,0.6916699409484863
2918,0.704434335231781
2919,0.7151090502738953
2920,0.6923025250434875
2921,0.7183521389961243
2922,0.7041756510734558
2923,0.7277721166610718
2924,0.7156034708023071
2925,0.7249152660369873
2926,0.7062816023826599
2927,0.7074434757232666
2928,0.698479175567627
2929,0.7011555433273315
2930,0.6844609975814819
2931,0.7131381034851074
2932,0.6678478121757507
2933,0.6981246471405029
2934,0.7023792266845703
2935,0.6832458972930908
2936,0.6775553822517395
2937,0.7153942584991455
2938,0.7075725793838501
2939,0.70711749792099
2940,0.7058336734771729
2941,0.6942381858825684
2942,0.6243268251419067
2943,0.6753241419792175
2944,0.7057952880859375
2945,0.7043730020523071
2946,0.7216745018959045
2947,0.7129918932914734
2948,0.7158750295639038
2949,0.7039525508880615
2950,0.6936811804771423
2951,0.7251976728439331
2952,0.6987091302871704
2953,0.7141528725624084
2954,0.7063932418823242
2955,0.6865034699440002
2956,0.6928590536117554
2957,0.6997625827789307
2958,0.6930274963378906
2959,0.6926770210266113
2960,0.7047004699707031
2961,0.6876770853996277
2962,0.6986596584320068
2963,0.6907100677490234
2964,0.6950943470001221
2965,0.6580637097358704
2966,0.6980826258659363
2967,0.6943350434303284
2968,0.6691470146179199
2969,0.6871488094329834
2970,0.697418749332428
2971,0.6946751475334167
2972,0.7136213779449463
2973,0.7124125361442566
2974,0.6849527955055237
2975,0.7073617577552795
2976,0.7073323726654053
2977,0.7229228615760803
2978,0.7043977975845337
2979,0.7072017788887024
2980,0.7177793383598328
2981,0.7233225107192993
2982,0.723408579826355
2983,0.7260825037956238
2984,0.6965556740760803
2985,0.7055222988128662
2986,0.7078003883361816
2987,0.7015174627304077
2988,0.6657159328460693
2989,0.7054063081741333
2990,0.6967422366142273
2991,0.7043198347091675
2992,0.7046986818313599
2993,0.6705570220947266
2994,0.710168182849884
2995,0.7063878178596497
2996,0.6626489162445068
2997,0.7191970944404602
2998,0.7068184614181519
2999,0.7093250751495361
3000,0.7217251062393188
3001,0.7218916416168213
3002,0.7123532295227051
3003,0.7217674255371094
3004,0.7099490165710449
3005,0.7112235426902771
3006,0.7100055813789368
3007,0.7013441324234009
3008,0.7064241170883179
3009,0.7162667512893677
3010,0.7136852741241455
3011,0.6919882893562317
3012,0.6899725794792175
3013,0.6782923936843872
3014,0.6644352674484253
3015,0.6803685426712036
3016,0.6817260980606079
3017,0.6883335113525391
3018,0.6532256603240967
3019,0.6915503740310669
3020,0.6792132258415222
3021,0.6554294228553772
3022,0.6882872581481934
3023,0.6822068095207214
3024,0.6741999387741089
3025,0.6710575819015503
3026,0.6929926872253418
3027,0.6974818706512451
3028,0.6997249126434326
3029,0.6817222833633423
3030,0.7028376460075378
3031,0.6822508573532104
3032,0.6906054615974426
3033,0.6763434410095215
3034,0.6961382031440735
3035,0.6505247354507446
3036,0.678675651550293
3037,0.6787416934967041
3038,0.6724367141723633
3039,0.6896651983261108
3040,0.6852281093597412
3041,0.6628412008285522
3042,0.6421839594841003
3043,0.6966451406478882
3044,0.664851188659668
3045,0.6975720524787903
3046,0.6788179874420166
3047,0.6935917139053345
3048,0.7070940136909485
3049,0.7162980437278748
3050,0.7101704478263855
3051,0.6862741708755493
3052,0.6888183951377869
3053,0.7260302901268005
3054,0.7207790017127991
3055,0.7178146839141846
3056,0.5865514874458313
3057,0.6942765712738037
3058,0.686421811580658
3059,0.7054021954536438
3060,0.6997934579849243
3061,0.7004590630531311
3062,0.7069796919822693
3063,0.700507402420044
3064,0.700525164604187
3065,0.6814135313034058
3066,0.7007991671562195
3067,0.7086204290390015
3068,0.6978833675384521
3069,0.5968704223632812
3070,0.7152528762817383
3071,0.7147747278213501
3072,0.6859980821609497
3073,0.6991344094276428
3074,0.6979965567588806
3075,0.6560531258583069
3076,0.7010803818702698
3077,0.6753976345062256
3078,0.6380316615104675
3079,0.6778315901756287
3080,0.6892136931419373
3081,0.6814296841621399
3082,0.6909063458442688
3083,0.6840273141860962
3084,0.6814318299293518
3085,0.6946054697036743
3086,0.6598968505859375
3087,0.6763899326324463
3088,0.6850482225418091
3089,0.6598495841026306
3090,0.6655696630477905
3091,0.6828185319900513
3092,0.6609519124031067
3093,0.676809549331665
3094,0.7001289129257202
3095,0.6985352635383606
3096,0.6792210340499878
3097,0.6886914968490601
3098,0.6882496476173401
3099,0.6746074557304382
3100,0.7063042521476746
3101,0.7119837403297424
3102,0.6859950423240662
3103,0.6969437599182129
3104,0.707648515701294
3105,0.6985684633255005
3106,0.69257652759552
3107,0.6926695108413696
3108,0.6928211450576782
3109,0.6950250864028931
3110,0.6973767876625061
3111,0.6979026198387146
3112,0.7114173173904419
3113,0.7132516503334045
3114,0.6729631423950195
3115,0.7125553488731384
3116,0.7236035466194153
3117,0.7108435034751892
3118,0.7141536474227905
3119,0.7074768543243408
3120,0.6926170587539673
3121,0.6986564993858337
3122,0.6507236361503601
3123,0.7040252685546875
3124,0.6674460768699646
3125,0.7011623382568359
3126,0.6829742789268494
3127,0.6537256240844727
3128,0.694165825843811
3129,0.6829070448875427
3130,0.6670770645141602
3131,0.6631743311882019
3132,0.6901912689208984
3133,0.6736502647399902
3134,0.6579099297523499
3135,0.6559731364250183
3136,0.6842175722122192
3137,0.6957042813301086
3138,0.6955435872077942
3139,0.6731287837028503
3140,0.6930948495864868
3141,0.69514000415802
3142,0.7077168226242065
3143,0.6807134747505188
3144,0.6888754963874817
3145,0.7034542560577393
3146,0.6973552107810974
3147,0.679617702960968
3148,0.679870069026947
3149,0.6737717986106873
3150,0.6938883066177368
3151,0.7009152770042419
3152,0.6692672371864319
3153,0.6731792688369751
3154,0.6637402176856995
3155,0.6830459833145142
3156,0.6788922548294067
3157,0.6491168141365051
3158,0.6972969770431519
3159,0.6777093410491943
3160,0.6986300945281982
3161,0.6692273616790771
3162,0.6822246313095093
3163,0.7091305255889893
3164,0.7109043002128601
3165,0.7166003584861755
3166,0.6993517875671387
3167,0.6957159042358398
3168,0.7078037261962891
3169,0.7194159030914307
3170,0.7190356254577637
3171,0.7186874151229858
3172,0.7102084755897522
3173,0.6945645213127136
3174,0.6951177716255188
3175,0.6874785423278809
3176,0.7096197009086609
3177,0.6847885847091675
3178,0.6856130361557007
3179,0.702637791633606
3180,0.7159157395362854
3181,0.7055789828300476
3182,0.7242138385772705
3183,0.7023318409919739
3184,0.7083137631416321
3185,0.6875272989273071
3186,0.6923639178276062
3187,0.7163543105125427
3188,0.6924116611480713
3189,0.7034813761711121
3190,0.6884381175041199
3191,0.7119386196136475
3192,0.6720510125160217
3193,0.6847845911979675
3194,0.697945773601532
3195,0.6882744431495667
3196,0.6920951008796692
3197,0.6932499408721924
3198,0.5483164191246033
3199,0.6669010519981384
3200,0.6738336086273193
3201,0.668450117111206
3202,0.6876839399337769
3203,0.6975080370903015
3204,0.7005584836006165
3205,0.6829555630683899
3206,0.694914698600769
3207,0.6875463724136353
3208,0.6854001879692078
3209,0.696262538433075
3210,0.6996023058891296
3211,0.6885656118392944
3212,0.6760327219963074
3213,0.7014899849891663
3214,0.6861774325370789
3215,0.6625221967697144
3216,0.6479997634887695
3217,0.6911009550094604
3218,0.6934512257575989
3219,0.6494029760360718
3220,0.6831876635551453
3221,0.6934996843338013
3222,0.6731758713722229
3223,0.6878876686096191
3224,0.6768158674240112
3225,0.6928936243057251
3226,0.6770084500312805
3227,0.7002410888671875
3228,0.5066009759902954
3229,0.6552879214286804
3230,0.6976675391197205
3231,0.6836022734642029
3232,0.679011344909668
3233,0.7015218138694763
3234,0.6950251460075378
3235,0.70278400182724
3236,0.6966242790222168
3237,0.6976403594017029
3238,0.7155699729919434
3239,0.7213144302368164
3240,0.7018706202507019
3241,0.6915942430496216
3242,0.7065882086753845
3243,0.7046995162963867
3244,0.6816049814224243
3245,0.711998701095581
3246,0.6977752447128296
3247,0.6877918839454651
3248,0.6702560782432556
3249,0.6732178926467896
3250,0.6850998401641846
3251,0.685348629951477
3252,0.6856905817985535
3253,0.6783629059791565
3254,0.6857304573059082
3255,0.6915767788887024
3256,0.6895365118980408
3257,0.6766493916511536
3258,0.6921466588973999
3259,0.6948419809341431
3260,0.7053775191307068
3261,0.7136312127113342
3262,0.37466368079185486
3263,0.705724835395813
3264,0.7074059247970581
3265,0.7244541049003601
3266,0.714286208152771
3267,0.7138994336128235
3268,0.7199085354804993
3269,0.6994563937187195
3270,0.7036496996879578
3271,0.7105131149291992
3272,0.6902747750282288
3273,0.6957036852836609
3274,0.7127282023429871
3275,0.6389098167419434
3276,0.6769440174102783
3277,0.6821357011795044
3278,0.664889931678772
3279,0.6879226565361023
3280,0.6805098652839661
3281,0.6740706562995911
3282,0.6718084216117859
3283,0.6420646905899048
3284,0.6855844855308533
3285,0.6778222918510437
3286,0.6646068692207336
3287,0.6854768991470337
3288,0.6757350564002991
3289,0.7001209855079651
3290,0.70255446434021
3291,0.6930875778198242
3292,0.6942800283432007
3293,0.6925012469291687
3294,0.6854192614555359
3295,0.6957564949989319
3296,0.6958011388778687
3297,0.6937834024429321
3298,0.7085916996002197
3299,0.6963401436805725
3300,0.6841391324996948
3301,0.6844096779823303
3302,0.701877772808075
3303,0.6934471726417542
3304,0.5267922282218933
3305,0.6928114891052246
3306,0.7014273405075073
3307,0.7103036046028137
3308,0.7153152227401733
3309,0.6842567920684814
3310,0.7230899930000305
3311,0.7104473114013672
3312,0.7124822735786438
3313,0.7249477505683899
3314,0.730879545211792
3315,0.7234624624252319
3316,0.7165747880935669
3317,0.5692798495292664
3318,0.6961822509765625
3319,0.7000408172607422
3320,0.7135142683982849
3321,0.7249851822853088
3322,0.7041493058204651
3323,0.6995928287506104
3324,0.6796510219573975
3325,0.7112699747085571
3326,0.710872232913971
3327,0.7058774828910828
3328,0.7110005617141724
3329,0.7031839489936829
3330,0.6970704197883606
3331,0.7038980722427368
3332,0.7067481279373169
3333,0.7077466249465942
3334,0.6962512731552124
3335,0.6990464925765991
3336,0.6873353719711304
3337,0.6899237632751465
3338,0.6946386098861694
3339,0.6853711009025574
3340,0.6791026592254639
3341,0.6930866241455078
3342,0.687907874584198
3343,0.7017872929573059
3344,0.6970428824424744
3345,0.7058899402618408
3346,0.696687638759613
3347,0.7035440802574158
3348,0.6887509226799011
3349,0.682816743850708
3350,0.7017380595207214
3351,0.6589277982711792
3352,0.690788209438324
3353,0.687323272228241
3354,0.5978569388389587
3355,0.7034451961517334
3356,0.6716570854187012
3357,0.6859889626502991
3358,0.6786285042762756
3359,0.6772014498710632
3360,0.6988121867179871
3361,0.6731877326965332
3362,0.6891739964485168
3363,0.6873412132263184
3364,0.6876553297042847
3365,0.6888880729675293
3366,0.6714361310005188
3367,0.6881940960884094
3368,0.6911635398864746
3369,0.7053341269493103
3370,0.6871392726898193
3371,0.6862956881523132
3372,0.6952270865440369
3373,0.6961629390716553
3374,0.6900771260261536
3375,0.6833720803260803
3376,0.6996731162071228
3377,0.7117167711257935
3378,0.7150995135307312
3379,0.7071589827537537
3380,0.7138862609863281
3381,0.7040246725082397
3382,0.713779091835022
3383,0.7138038873672485
3384,0.7183223962783813
3385,0.7158623933792114
3386,0.7087260484695435
3387,0.7156927585601807
3388,0.7074536681175232
3389,0.7049303650856018
3390,0.6749534010887146
3391,0.7014315724372864
3392,0.7007846832275391
3393,0.7029072642326355
3394,0.6984949111938477
3395,0.7046188116073608
3396,0.6980968117713928
3397,0.7034856677055359
3398,0.7025817632675171
3399,0.6952810287475586
3400,0.7049479484558105
3401,0.7092317342758179
3402,0.5319393277168274
3403,0.6950350403785706
3404,0.6651999950408936
3405,0.6816201210021973
3406,0.6865275502204895
3407,0.6702510118484497
3408,0.6769472360610962
3409,0.6852549314498901
3410,0.6833847761154175
3411,0.673244833946228
3412,0.6899320483207703
3413,0.6705765724182129
3414,0.6791821718215942
3415,0.6733364462852478
3416,0.682165801525116
3417,0.6994429230690002
3418,0.7051496505737305
3419,0.7096139788627625
3420,0.7084352374076843
3421,0.7052196860313416
3422,0.7004738450050354
3423,0.7132136821746826
3424,0.714727520942688
3425,0.7057602405548096
3426,0.6871256232261658
3427,0.6334056854248047
3428,0.6924347877502441
3429,0.7142296433448792
3430,0.6917481422424316
3431,0.6972331404685974
3432,0.6979010105133057
3433,0.6796305775642395
3434,0.6976117491722107
3435,0.707650899887085
3436,0.696190595626831
3437,0.6863384246826172
3438,0.7024484872817993
3439,0.7018430829048157
3440,0.6857741475105286
3441,0.6938130855560303
3442,0.6865784525871277
3443,0.6904742121696472
3444,0.6879745721817017
3445,0.681728720664978
3446,0.6878746151924133
3447,0.6854175329208374
3448,0.6991690993309021
3449,0.6970614194869995
3450,0.6845437288284302
3451,0.6897823214530945
3452,0.6791211366653442
3453,0.6965494751930237
3454,0.6699199676513672
3455,0.6661946177482605
3456,0.6895056366920471
3457,0.6833596229553223
3458,0.6947910785675049
3459,0.6864040493965149
3460,0.6788783073425293
3461,0.6872336864471436
3462,0.681292712688446
3463,0.6839947700500488
3464,0.6883227229118347
3465,0.6895699501037598
3466,0.6827793121337891
3467,0.6815285086631775
3468,0.707461953163147
3469,0.6879027485847473
3470,0.699287474155426
3471,0.705560564994812
3472,0.7037712335586548
3473,0.7078520059585571
3474,0.7230845093727112
3475,0.6044571399688721
3476,0.7222455143928528
3477,0.7199240326881409
3478,0.6957172155380249
3479,0.7165979146957397
3480,0.7018865942955017
3481,0.7138148546218872
3482,0.708211362361908
3483,0.7050130367279053
3484,0.7064637541770935
3485,0.7151951789855957
3486,0.7097851634025574
3487,0.7063953280448914
3488,0.6991065740585327
3489,0.7053256034851074
3490,0.7056689262390137
3491,0.6673679947853088
3492,0.6994690299034119
3493,0.6624380350112915
3494,0.7042933702468872
3495,0.6980130672454834
3496,0.7033681869506836
3497,0.6909083127975464
3498,0.6816827058792114
3499,0.669012725353241
3500,0.6792601346969604
3501,0.6927085518836975
3502,0.689437210559845
3503,0.6705465912818909
3504,0.6806325316429138
3505,0.6596884727478027
3506,0.6934165358543396
3507,0.690872848033905
3508,0.6457220315933228
3509,0.6697729825973511
3510,0.6520721912384033
3511,0.6948587894439697
3512,0.6921145915985107
3513,0.6841349005699158
3514,0.7002997994422913
3515,0.7033582925796509
3516,0.7016810774803162
3517,0.7145635485649109
3518,0.6940017938613892
3519,0.7058284282684326
3520,0.6967305541038513
3521,0.7059580087661743
3522,0.6987191438674927
3523,0.682938277721405
3524,0.6883489489555359
3525,0.6991117000579834
3526,0.6929636597633362
3527,0.6986019015312195
3528,0.6896605491638184
3529,0.6852579712867737
3530,0.6867644190788269
3531,0.6698927879333496
3532,0.6735094785690308
3533,0.6560345888137817
3534,0.6617382764816284
3535,0.6986027359962463
3536,0.6894958019256592
3537,0.6918396949768066
3538,0.6951574087142944
3539,0.6912634968757629
3540,0.6974261999130249
3541,0.6865820288658142
3542,0.7055213451385498
3543,0.7148726582527161
3544,0.6988624334335327
3545,0.6989902853965759
3546,0.721051037311554
3547,0.7087011337280273
3548,0.7135145664215088
3549,0.7080628871917725
3550,0.7202872633934021
3551,0.7120667695999146
3552,0.7205020189285278
3553,0.7129061818122864
3554,0.7063887119293213
3555,0.7086771130561829
3556,0.7027788758277893
3557,0.7119933366775513
3558,0.6847360134124756
3559,0.6948755383491516
3560,0.6688933372497559
3561,0.7176713943481445
3562,0.7071005702018738
3563,0.7049010992050171
3564,0.7114043831825256
3565,0.7057704925537109
3566,0.6819015741348267
3567,0.7132496237754822
3568,0.7063844799995422
3569,0.7169048190116882
3570,0.7088351249694824
3571,0.7093505859375
3572,0.7099402546882629
3573,0.7108616828918457
3574,0.6975330710411072
3575,0.7041935920715332
3576,0.706506609916687
3577,0.687404990196228
3578,0.6989085078239441
3579,0.6795506477355957
3580,0.700015664100647
3581,0.6924511790275574
3582,0.6791331171989441
3583,0.6880715489387512
3584,0.6931120753288269
3585,0.6966728568077087
3586,0.6915668845176697
3587,0.6977318525314331
3588,0.701822817325592
3589,0.6819390058517456
3590,0.6909247040748596
3591,0.7017039060592651
3592,0.6835276484489441
3593,0.6914902925491333
3594,0.6928407549858093
3595,0.7103661894798279
3596,0.704497754573822
3597,0.706175684928894
3598,0.7050933241844177
3599,0.6970239281654358
3600,0.6996079087257385
3601,0.7056593298912048
3602,0.6819764971733093
3603,0.7142459154129028
3604,0.7133663296699524
3605,0.7116315364837646
3606,0.7138151526451111
3607,0.7114906907081604
3608,0.7031504511833191
3609,0.7023043632507324
3610,0.7032269835472107
3611,0.69875168800354
3612,0.7054272890090942
3613,0.695253312587738
3614,0.6922442317008972
3615,0.6729502081871033
3616,0.6862115263938904
3617,0.6841384768486023
3618,0.6866573095321655
3619,0.687530517578125
3620,0.6785572171211243
3621,0.6698071360588074
3622,0.6828104853630066
3623,0.682266354560852
3624,0.6662994623184204
3625,0.6819317936897278
3626,0.692747175693512
3627,0.6882413029670715
3628,0.704327404499054
3629,0.7140244841575623
3630,0.6944568157196045
3631,0.7113798260688782
3632,0.7208455801010132
3633,0.7133417129516602
3634,0.72823566198349
3635,0.717270016670227
3636,0.7202062606811523
3637,0.7256485819816589
3638,0.7176069617271423
3639,0.7151592373847961
3640,0.7143402695655823
3641,0.6806070804595947
3642,0.6847932934761047
3643,0.7088525891304016
3644,0.6715138554573059
3645,0.678924560546875
3646,0.6725548505783081
3647,0.5925478339195251
3648,0.6645650267601013
3649,0.6724385023117065
3650,0.6848371624946594
3651,0.6758104562759399
3652,0.6781371831893921
3653,0.679264485836029
3654,0.693288266658783
3655,0.7017967104911804
3656,0.7006736993789673
3657,0.6993777751922607
3658,0.7092155814170837
3659,0.7157222628593445
3660,0.7096394896507263
3661,0.7170653939247131
3662,0.7096350193023682
3663,0.6868653297424316
3664,0.716507077217102
3665,0.7102921605110168
3666,0.7119684815406799
3667,0.6983493566513062
3668,0.7073916792869568
3669,0.6948403120040894
3670,0.6904199123382568
3671,0.6929856538772583
3672,0.6822056174278259
3673,0.6970162391662598
3674,0.67169189453125
3675,0.7006001472473145
3676,0.6893517971038818
3677,0.6947125792503357
3678,0.6940673589706421
3679,0.6975371837615967
3680,0.698553204536438
3681,0.7063745856285095
3682,0.6999900937080383
3683,0.6958189010620117
3684,0.7083544135093689
3685,0.7050109505653381
3686,0.7120181322097778
3687,0.7199499011039734
3688,0.7211241722106934
3689,0.7241535782814026
3690,0.7271652221679688
3691,0.7253810167312622
3692,0.6886559128761292
3693,0.723282516002655
3694,0.6139447689056396
3695,0.7284254431724548
3696,0.715386152267456
3697,0.7271482944488525
3698,0.7176414132118225
3699,0.7070735096931458
3700,0.6827589273452759
3701,0.6939773559570312
3702,0.702107846736908
3703,0.6695589423179626
3704,0.6703567504882812
3705,0.7023109793663025
3706,0.6938774585723877
3707,0.6956204771995544
3708,0.6757476925849915
3709,0.6760509610176086
3710,0.68953937292099
3711,0.679904043674469
3712,0.6882616877555847
3713,0.6877222657203674
3714,0.6975767016410828
3715,0.6991060376167297
3716,0.7092068195343018
3717,0.7093681693077087
3718,0.7109534740447998
3719,0.713269054889679
3720,0.7081453800201416
3721,0.7045422792434692
3722,0.7041101455688477
3723,0.7158458828926086
3724,0.7147243022918701
3725,0.70527184009552
3726,0.704712450504303
3727,0.5639664530754089
3728,0.6949249505996704
3729,0.7063409686088562
3730,0.6979759931564331
3731,0.6877193450927734
3732,0.6966328024864197
3733,0.6939749717712402
3734,0.6807888150215149
3735,0.6814032196998596
3736,0.6878108978271484
3737,0.6831785440444946
3738,0.6858345866203308
3739,0.6755387187004089
3740,0.6789238452911377
3741,0.6779683232307434
3742,0.674310028553009
3743,0.6397482752799988
3744,0.6780769228935242
3745,0.67992103099823
3746,0.6815442442893982
3747,0.6804389953613281
3748,0.6859208345413208
3749,0.6912606954574585
3750,0.6928775310516357
3751,0.6895599961280823
3752,0.6981362104415894
3753,0.6875084638595581
3754,0.7029173374176025
3755,0.7047617435455322
3756,0.7093314528465271
3757,0.7062492370605469
3758,0.6927180290222168
3759,0.7011517882347107
3760,0.7136441469192505
3761,0.7050974369049072
3762,0.7102729678153992
3763,0.7082268595695496
3764,0.6963840126991272
3765,0.6960804462432861
3766,0.6790370941162109
3767,0.6800109148025513
3768,0.6911875605583191
3769,0.7049560546875
3770,0.5795294642448425
3771,0.7110853791236877
3772,0.7020129561424255
3773,0.7030916213989258
3774,0.6968149542808533
3775,0.6827727556228638
3776,0.691679060459137
3777,0.6885004043579102
3778,0.6892865896224976
3779,0.6840286254882812
3780,0.6898758411407471
3781,0.6769257187843323
3782,0.6795110106468201
3783,0.6859071850776672
3784,0.6770076751708984
3785,0.6739161014556885
3786,0.6822801828384399
3787,0.6693519949913025
3788,0.6850897073745728
3789,0.6917588710784912
3790,0.7017868757247925
3791,0.6922569870948792
3792,0.7033256888389587
3793,0.7136415243148804
3794,0.7180368304252625
3795,0.7291396856307983
3796,0.7214049100875854
3797,0.7268600463867188
3798,0.7314020991325378
3799,0.7405481338500977
3800,0.7391542792320251
3801,0.7293754816055298
3802,0.7200859189033508
3803,0.7185627818107605
3804,0.7025125622749329
3805,0.6964778900146484
3806,0.7058199644088745
3807,0.7056871056556702
3808,0.6840623021125793
3809,0.6979891657829285
3810,0.6946969628334045
3811,0.6971302032470703
3812,0.6976656317710876
3813,0.6858686208724976
3814,0.6920063495635986
3815,0.5967927575111389
3816,0.7022256255149841
3817,0.7071422934532166
3818,0.6906155347824097
3819,0.6977459192276001
3820,0.6844654083251953
3821,0.6913900971412659
3822,0.6957231760025024
3823,0.6937563419342041
3824,0.6771366000175476
3825,0.691624104976654
3826,0.6956022381782532
3827,0.7024064064025879
3828,0.7095610499382019
3829,0.7085660099983215
3830,0.6984239816665649
3831,0.7063829898834229
3832,0.7031612992286682
3833,0.7003380656242371
3834,0.662688136100769
3835,0.6954031586647034
3836,0.6906309723854065
3837,0.6999666094779968
3838,0.7019966840744019
3839,0.7053697109222412
3840,0.7160385847091675
3841,0.7124902606010437
3842,0.6700916290283203
3843,0.6879152059555054
3844,0.7093701958656311
3845,0.6772249341011047
3846,0.6983827948570251
3847,0.6886110901832581
3848,0.6902971267700195
3849,0.6895899772644043
3850,0.6745519042015076
3851,0.6857237219810486
3852,0.6889641284942627
3853,0.6740441918373108
3854,0.667607307434082
3855,0.6773643493652344
3856,0.6860487461090088
3857,0.6818310022354126
3858,0.6683132648468018
3859,0.6735790967941284
3860,0.6617123484611511
3861,0.6977782845497131
3862,0.6893171668052673
3863,0.6949409246444702
3864,0.7034165263175964
3865,0.7025045156478882
3866,0.7126474976539612
3867,0.7106491923332214
3868,0.7174689173698425
3869,0.723092257976532
3870,0.7229579091072083
3871,0.7251130938529968
3872,0.7178876399993896
3873,0.7153964042663574
3874,0.7125576138496399
3875,0.6904932856559753
3876,0.7050666213035583
3877,0.6985846757888794
3878,0.7030472159385681
3879,0.6945168972015381
3880,0.6860114336013794
3881,0.701108992099762
3882,0.6822026968002319
3883,0.7004436254501343
3884,0.7053444385528564
3885,0.6976584792137146
3886,0.6821150779724121
3887,0.7022296786308289
3888,0.7044547200202942
3889,0.7047551274299622
3890,0.6997577548027039
3891,0.7049756646156311
3892,0.6843008399009705
3893,0.7055644392967224
3894,0.6985636353492737
3895,0.6879435777664185
3896,0.6907081007957458
3897,0.682761013507843
3898,0.6852545142173767
3899,0.6761715412139893
3900,0.6857630610466003
3901,0.6761384010314941
3902,0.6899815797805786
3903,0.612149715423584
3904,0.6599441170692444
3905,0.6750421524047852
3906,0.6784730553627014
3907,0.6926593780517578
3908,0.695601224899292
3909,0.6973223686218262
3910,0.6993111371994019
3911,0.6895124316215515
3912,0.6952363848686218
3913,0.692043125629425
3914,0.6918796896934509
3915,0.6983391642570496
3916,0.6977023482322693
3917,0.675513744354248
3918,0.6951994299888611
3919,0.6972151398658752
3920,0.6892987489700317
3921,0.6928908824920654
3922,0.6916088461875916
3923,0.6989875435829163
3924,0.6902286410331726
3925,0.7000001668930054
3926,0.6992607116699219
3927,0.7003528475761414
3928,0.6850689053535461
3929,0.704901397228241
3930,0.680751383304596
3931,0.7026737332344055
3932,0.688349187374115
3933,0.6896637082099915
3934,0.6322856545448303
3935,0.6957600116729736
3936,0.6955499649047852
3937,0.6951667666435242
3938,0.689386248588562
3939,0.7025975584983826
3940,0.6743363738059998
3941,0.6970430612564087
3942,0.7064653635025024
3943,0.7032905220985413
3944,0.6980760097503662
3945,0.6987268924713135
3946,0.6989631652832031
3947,0.7108554244041443
3948,0.7132535576820374
3949,0.7051840424537659
3950,0.7127708196640015
3951,0.7225238680839539
3952,0.7190250158309937
3953,0.7118256688117981
3954,0.6871606111526489
3955,0.7180777192115784
3956,0.7129985094070435
3957,0.7149248123168945
3958,0.7016458511352539
3959,0.71262127161026
3960,0.7046497464179993
3961,0.7101524472236633
3962,0.7017173767089844
3963,0.7029882669448853
3964,0.6929270625114441
3965,0.7130568623542786
3966,0.706028401851654
3967,0.6859735250473022
3968,0.7108340263366699
3969,0.7039996981620789
3970,0.7007352709770203
3971,0.710105299949646
3972,0.6977808475494385
3973,0.6888628005981445
3974,0.7035958170890808
3975,0.7006213068962097
3976,0.6768795847892761
3977,0.6923831105232239
3978,0.6908164620399475
3979,0.6844425201416016
3980,0.6896788477897644
3981,0.6918553709983826
3982,0.6920478343963623
3983,0.6739054918289185
3984,0.6963300704956055
3985,0.6955099105834961
3986,0.6917204856872559
3987,0.6959890723228455
3988,0.6885871887207031
3989,0.6921037435531616
3990,0.6933119297027588
3991,0.6911458969116211
3992,0.6800737977027893
3993,0.683317244052887
3994,0.687438428401947
3995,0.6849645376205444
3996,0.680681586265564
3997,0.6815117597579956
3998,0.6930330991744995
3999,0.6950108408927917
4000,0.6830491423606873
4001,0.696127712726593
4002,0.702907919883728
4003,0.7027602195739746
4004,0.6944944858551025
4005,0.7008499503135681
4006,0.6902355551719666
4007,0.7075985670089722
4008,0.7050451040267944
4009,0.7032398581504822
4010,0.6065061092376709
4011,0.6779219508171082
4012,0.7093629240989685
4013,0.7104202508926392
4014,0.712448000907898
4015,0.7128651738166809
4016,0.7140272855758667
4017,0.7132367491722107
4018,0.7040428519248962
4019,0.7035221457481384
4020,0.7071134448051453
4021,0.7005454897880554
4022,0.7003344893455505
4023,0.6717877388000488
4024,0.7026457190513611
4025,0.7000254988670349
4026,0.6918203234672546
4027,0.6865804195404053
4028,0.6800269484519958
4029,0.6914075016975403
4030,0.6901336312294006
4031,0.7012909054756165
4032,0.7037495970726013
4033,0.6973926424980164
4034,0.5994976758956909
4035,0.6655149459838867
4036,0.695824921131134
4037,0.7114934325218201
4038,0.7020848393440247
4039,0.6975640058517456
4040,0.7074490785598755
4041,0.7107529044151306
4042,0.7025778293609619
4043,0.7056471705436707
4044,0.7164191603660583
4045,0.7081005573272705
4046,0.7100608944892883
4047,0.7204148173332214
4048,0.7109799981117249
4049,0.7183675169944763
4050,0.7088885307312012
4051,0.7204346656799316
4052,0.7154056429862976
4053,0.5822244882583618
4054,0.7053115367889404
4055,0.7075061202049255
4056,0.7091128826141357
4057,0.7049995064735413
4058,0.7137536406517029
4059,0.71014004945755
4060,0.6976675987243652
4061,0.659182608127594
4062,0.693776547908783
4063,0.6854456663131714
4064,0.6855398416519165
4065,0.6754797697067261
4066,0.6675800681114197
4067,0.6791661381721497
4068,0.6785156726837158
4069,0.6739252209663391
4070,0.6722902655601501
4071,0.6824333071708679
4072,0.6840454936027527
4073,0.6782811880111694
4074,0.6940351724624634
4075,0.6956515312194824
4076,0.6883717775344849
4077,0.6941292881965637
4078,0.7087453603744507
4079,0.6923760771751404
4080,0.7016682624816895
4081,0.6820240616798401
4082,0.6956503391265869
4083,0.7045949697494507
4084,0.685531735420227
4085,0.6832742691040039
4086,0.6867099404335022
4087,0.6932412385940552
4088,0.670264720916748
4089,0.6807926297187805
4090,0.6959277391433716
4091,0.7002288699150085
4092,0.700915515422821
4093,0.7023745775222778
4094,0.7115035057067871
4095,0.70562744140625
4096,0.7208656072616577
4097,0.7298884391784668
4098,0.6612082719802856
4099,0.737739622592926
4100,0.7118962407112122
4101,0.7254592180252075
4102,0.7073548436164856
4103,0.7165913581848145
4104,0.7154933214187622
4105,0.7010789513587952
4106,0.705851674079895
4107,0.6981104612350464
4108,0.7052844166755676
4109,0.6917378306388855
4110,0.6832774877548218
4111,0.6892693638801575
4112,0.6760704517364502
4113,0.6735132932662964
4114,0.6832815408706665
4115,0.671651303768158
4116,0.689788818359375
4117,0.6767160892486572
4118,0.6736458539962769
4119,0.6620563864707947
4120,0.6753063797950745
4121,0.6773494482040405
4122,0.6605018377304077
4123,0.6566651463508606
4124,0.6725290417671204
4125,0.6821917295455933
4126,0.6760136485099792
4127,0.6828278303146362
4128,0.6922476291656494
4129,0.6970641016960144
4130,0.6933287978172302
4131,0.7014167308807373
4132,0.710241973400116
4133,0.707800567150116
4134,0.7128965258598328
4135,0.7154178023338318
4136,0.7049193382263184
4137,0.7108607292175293
4138,0.7132532000541687
4139,0.7076768279075623
4140,0.6932876110076904
4141,0.6980779767036438
4142,0.6889610886573792
4143,0.7048521041870117
4144,0.707101047039032
4145,0.6988933682441711
4146,0.6999463438987732
4147,0.6797923445701599
4148,0.6721290946006775
4149,0.6908167600631714
4150,0.6930142641067505
4151,0.7105744481086731
4152,0.6929497122764587
4153,0.695348858833313
4154,0.6935793161392212
4155,0.7029068470001221
4156,0.6974220275878906
4157,0.6997530460357666
4158,0.7067900896072388
4159,0.7020065188407898
4160,0.7132319808006287
4161,0.7145833969116211
4162,0.7169348001480103
4163,0.7157323360443115
4164,0.7030708193778992
4165,0.7128428816795349
4166,0.7077726125717163
4167,0.709331214427948
4168,0.7068257927894592
4169,0.6912521719932556
4170,0.6940736174583435
4171,0.7051829695701599
4172,0.6923787593841553
4173,0.7006189823150635
4174,0.7044556736946106
4175,0.6886169910430908
4176,0.6979809999465942
4177,0.7028923034667969
4178,0.7042816877365112
4179,0.6940689086914062
4180,0.7022111415863037
4181,0.6947427988052368
4182,0.6906276345252991
4183,0.6886200308799744
4184,0.6903688907623291
4185,0.6844558715820312
4186,0.6836059093475342
4187,0.6887539625167847
4188,0.6918966174125671
4189,0.6891184449195862
4190,0.692645251750946
4191,0.6945587396621704
4192,0.6614285707473755
4193,0.683722198009491
4194,0.6913813948631287
4195,0.6863799095153809
4196,0.6834028363227844
4197,0.6826387643814087
4198,0.670227587223053
4199,0.6685537695884705
4200,0.6691756248474121
4201,0.6696491241455078
4202,0.6889492869377136
4203,0.6897655725479126
4204,0.6809363961219788
4205,0.6964701414108276
4206,0.6887285709381104
4207,0.6959697008132935
4208,0.6959936618804932
4209,0.709832489490509
4210,0.712483286857605
4211,0.72044837474823
4212,0.7169790863990784
4213,0.7133692502975464
4214,0.7157769799232483
4215,0.72157222032547
4216,0.7108539342880249
4217,0.7088863849639893
4218,0.7165197134017944
4219,0.7012739777565002
4220,0.6947950720787048
4221,0.7145355939865112
4222,0.709471583366394
4223,0.7001020312309265
4224,0.7046855092048645
4225,0.7045895457267761
4226,0.6889499425888062
4227,0.6971666216850281
4228,0.7047070264816284
4229,0.6964724659919739
4230,0.7058486342430115
4231,0.7007590532302856
4232,0.7104228138923645
4233,0.699492335319519
4234,0.7145971655845642
4235,0.7133349180221558
4236,0.7178454995155334
4237,0.7131217122077942
4238,0.7179373502731323
4239,0.6964810490608215
4240,0.7131589651107788
4241,0.7156761288642883
4242,0.7102477550506592
4243,0.7128137350082397
4244,0.7068319916725159
4245,0.7066794633865356
4246,0.7135515213012695
4247,0.703713059425354
4248,0.7022018432617188
4249,0.7012932896614075
4250,0.7004528045654297
4251,0.7059159874916077
4252,0.6997613310813904
4253,0.7038375735282898
4254,0.6870753169059753
4255,0.698989987373352
4256,0.6974842548370361
4257,0.6998428702354431
4258,0.6858760118484497
4259,0.6950445175170898
4260,0.6963717937469482
4261,0.6971761584281921
4262,0.6884013414382935
4263,0.6967385411262512
4264,0.7046206593513489
4265,0.6934018731117249
4266,0.703893780708313
4267,0.7035114169120789
4268,0.7004391551017761
4269,0.6990420818328857
4270,0.6983475685119629
4271,0.6975768804550171
4272,0.6914790868759155
4273,0.694847047328949
4274,0.6695821285247803
4275,0.695566713809967
4276,0.6968339085578918
4277,0.6967744827270508
4278,0.7149809002876282
4279,0.7157502174377441
4280,0.7152615785598755
4281,0.7190276980400085
4282,0.7082064151763916
4283,0.7106683254241943
4284,0.7094516158103943
4285,0.711837649345398
4286,0.7167258262634277
4287,0.7112632989883423
4288,0.70943284034729
4289,0.6986520886421204
4290,0.7053198218345642
4291,0.7030870914459229
4292,0.710119366645813
4293,0.6674359440803528
4294,0.7027197480201721
4295,0.7017377018928528
4296,0.6947627067565918
4297,0.7011517286300659
4298,0.6762929558753967
4299,0.6965280771255493
4300,0.6937285661697388
4301,0.690227210521698
4302,0.6968454718589783
4303,0.6875784993171692
4304,0.6973583698272705
4305,0.6953641176223755
4306,0.7046458721160889
4307,0.7054018378257751
4308,0.7030185461044312
4309,0.7154885530471802
4310,0.7156873345375061
4311,0.712958037853241
4312,0.7230126261711121
4313,0.7134687900543213
4314,0.717751145362854
4315,0.7098073959350586
4316,0.7085387110710144
4317,0.7207381725311279
4318,0.7204045653343201
4319,0.6842918395996094
4320,0.7056860327720642
4321,0.6965333819389343
4322,0.6956533789634705
4323,0.6911786794662476
4324,0.6944000720977783
4325,0.7008576393127441
4326,0.6782057881355286
4327,0.6875857710838318
4328,0.6805933117866516
4329,0.687679648399353
4330,0.6829752326011658
4331,0.6754925847053528
4332,0.6863844394683838
4333,0.6764949560165405
4334,0.6763647198677063
4335,0.6662286520004272
4336,0.66254723072052
4337,0.6751303672790527
4338,0.6743659377098083
4339,0.670319139957428
4340,0.6795608997344971
4341,0.6782679557800293
4342,0.6780447363853455
4343,0.689127504825592
4344,0.6891318559646606
4345,0.6902980804443359
4346,0.6985188126564026
4347,0.698416531085968
4348,0.7024317979812622
4349,0.7106374502182007
4350,0.7023646235466003
4351,0.7127854824066162
4352,0.712883472442627
4353,0.716177225112915
4354,0.7142259478569031
4355,0.7172532677650452
4356,0.7091827988624573
4357,0.7072166800498962
4358,0.6970732808113098
4359,0.6913648247718811
4360,0.6910204291343689
4361,0.6692214608192444
4362,0.6685023307800293
4363,0.6762040853500366
4364,0.6746765375137329
4365,0.668131947517395
4366,0.6730756759643555
4367,0.6772886514663696
4368,0.6674699783325195
4369,0.6672128438949585
4370,0.6802743077278137
4371,0.674251139163971
4372,0.6717351078987122
4373,0.6790983080863953
4374,0.679568350315094
4375,0.6718118786811829
4376,0.6879528164863586
4377,0.6902487874031067
4378,0.6896154880523682
4379,0.6986948251724243
4380,0.7025471925735474
4381,0.7116473317146301
4382,0.7047445774078369
4383,0.7158073782920837
4384,0.7144498229026794
4385,0.7154447436332703
4386,0.7198019623756409
4387,0.717003345489502
4388,0.7208054661750793
4389,0.709433913230896
4390,0.7152902483940125
4391,0.7165826559066772
4392,0.6969248056411743
4393,0.7047317028045654
4394,0.7010416388511658
4395,0.6996558904647827
4396,0.6991268396377563
4397,0.7010102272033691
4398,0.7161250114440918
4399,0.6949439644813538
4400,0.6975414156913757
4401,0.6921412348747253
4402,0.6880796551704407
4403,0.6874212622642517
4404,0.6846910119056702
4405,0.6796714067459106
4406,0.6842525005340576
4407,0.6939027309417725
4408,0.705514669418335
4409,0.6989471912384033
4410,0.7025984525680542
4411,0.7024046182632446
4412,0.7069519758224487
4413,0.6994233131408691
4414,0.7026180028915405
4415,0.700896143913269
4416,0.7052258253097534
4417,0.701429545879364
4418,0.709908664226532
4419,0.7126145958900452
4420,0.6856080889701843
4421,0.6927399635314941
4422,0.7057477831840515
4423,0.7046120762825012
4424,0.6970691680908203
4425,0.6907224655151367
4426,0.6882055401802063
4427,0.5688150525093079
4428,0.6926738023757935
4429,0.6838091611862183
4430,0.6847630143165588
4431,0.6963520646095276
4432,0.6888206601142883
4433,0.6744967699050903
4434,0.6946378350257874
4435,0.692986249923706
4436,0.6955351829528809
4437,0.6921377778053284
4438,0.7024394273757935
4439,0.6890708804130554
4440,0.6975019574165344
4441,0.7001241445541382
4442,0.6820635199546814
4443,0.6937350034713745
4444,0.6950621604919434
4445,0.6937756538391113
4446,0.6943368911743164
4447,0.6831484436988831
4448,0.6779541373252869
4449,0.6924790143966675
4450,0.6925317645072937
4451,0.692116916179657
4452,0.6904200911521912
4453,0.6809071898460388
4454,0.6815212368965149
4455,0.6865761876106262
4456,0.6851801872253418
4457,0.681842029094696
4458,0.6880697011947632
4459,0.686977207660675
4460,0.6858115196228027
4461,0.6845734715461731
4462,0.6760123372077942
4463,0.6877550482749939
4464,0.6859943866729736
4465,0.6838953495025635
4466,0.6739611625671387
4467,0.6819867491722107
4468,0.6772281527519226
4469,0.6780651211738586
4470,0.6859369874000549
4471,0.688226044178009
4472,0.6882055997848511
4473,0.6934661865234375
4474,0.6998884081840515
4475,0.6862019300460815
4476,0.7026168704032898
4477,0.6969377994537354
4478,0.7072791457176208
4479,0.7125586271286011
4480,0.6971661448478699
4481,0.704793393611908
4482,0.7120249271392822
4483,0.7128315567970276
4484,0.7099882364273071
4485,0.7099925875663757
4486,0.7182906270027161
4487,0.7152988910675049
4488,0.6949317455291748
4489,0.7099891901016235
4490,0.6993988156318665
4491,0.6951366066932678
4492,0.6969356536865234
4493,0.6885123252868652
4494,0.686010479927063
4495,0.6862440705299377
4496,0.6748244166374207
4497,0.6906288266181946
4498,0.6810383200645447
4499,0.6826263666152954
4500,0.6789397597312927
4501,0.6889363527297974
4502,0.6916990280151367
4503,0.6985758543014526
4504,0.700292706489563
4505,0.7008798718452454
4506,0.7000820636749268
4507,0.709282636642456
4508,0.6973416805267334
4509,0.7047829627990723
4510,0.7034767866134644
4511,0.705460786819458
4512,0.7015299201011658
4513,0.7052251100540161
4514,0.7069070935249329
4515,0.7089751958847046
4516,0.7118194699287415
4517,0.7169049382209778
4518,0.728052020072937
4519,0.7199013829231262
4520,0.7183740735054016
4521,0.7237294912338257
4522,0.7154905796051025
4523,0.6970846056938171
4524,0.7096127271652222
4525,0.7072068452835083
4526,0.7077532410621643
4527,0.7014432549476624
4528,0.7005588412284851
4529,0.7011070251464844
4530,0.6980326175689697
4531,0.6970528364181519
4532,0.6958061456680298
4533,0.6863377690315247
4534,0.6866664886474609
4535,0.6814169883728027
4536,0.6744642853736877
4537,0.687296986579895
4538,0.6802017092704773
4539,0.6848145723342896
4540,0.6749918460845947
4541,0.682765781879425
4542,0.68938148021698
4543,0.7023437023162842
4544,0.7061411738395691
4545,0.7107700109481812
4546,0.7108832001686096
4547,0.7174187302589417
4548,0.7117204666137695
4549,0.7089462280273438
4550,0.7061090469360352
4551,0.713829517364502
4552,0.7189217805862427
4553,0.7176158428192139
4554,0.7058545351028442
4555,0.7107425928115845
4556,0.7065379023551941
4557,0.6924927830696106
4558,0.6946300864219666
4559,0.6957492232322693
4560,0.69321209192276
4561,0.6868911981582642
4562,0.6733754277229309
4563,0.686004102230072
4564,0.6827357411384583
4565,0.6746593117713928
4566,0.6669599413871765
4567,0.6537121534347534
4568,0.6692807674407959
4569,0.6670771837234497
4570,0.6701012849807739
4571,0.6718496084213257
4572,0.6789049506187439
4573,0.6809836030006409
4574,0.6851013898849487
4575,0.6778578162193298
4576,0.6853897571563721
4577,0.6848365068435669
4578,0.676516592502594
4579,0.6910281777381897
4580,0.6897953152656555
4581,0.6903665065765381
4582,0.7020336389541626
4583,0.6999571323394775
4584,0.7010966539382935
4585,0.7047170996665955
4586,0.6982272267341614
4587,0.7034072279930115
4588,0.7040894627571106
4589,0.7079554796218872
4590,0.7064197063446045
4591,0.7101263403892517
4592,0.7044423222541809
4593,0.6890146136283875
4594,0.6984097957611084
4595,0.6944739818572998
4596,0.6931895613670349
4597,0.6948250532150269
4598,0.6905041337013245
4599,0.6991023421287537
4600,0.6897960901260376
4601,0.6819596886634827
4602,0.691284716129303
4603,0.6915091872215271
4604,0.6891093254089355
4605,0.6756221055984497
4606,0.6875341534614563
4607,0.6802082657814026
4608,0.6858974099159241
4609,0.6886545419692993
4610,0.6984027028083801
4611,0.7026507258415222
4612,0.7058373689651489
4613,0.7111588716506958
4614,0.7106022238731384
4615,0.7095270156860352
4616,0.706861138343811
4617,0.7054691314697266
4618,0.7022414803504944
4619,0.7011169195175171
4620,0.6925237774848938
4621,0.6971158385276794
4622,0.6861059069633484
4623,0.6859512329101562
4624,0.6864520907402039
4625,0.6879270672798157
4626,0.6881663799285889
4627,0.690305769443512
4628,0.6952179670333862
4629,0.6983988285064697
4630,0.7008421421051025
4631,0.7080084085464478
4632,0.7096237540245056
4633,0.7138606309890747
4634,0.7128484845161438
4635,0.7160542607307434
4636,0.7167872190475464
4637,0.7270860075950623
4638,0.7173448204994202
4639,0.7163324952125549
4640,0.7141568064689636
4641,0.7102802395820618
4642,0.7068416476249695
4643,0.7076625227928162
4644,0.7000817656517029
4645,0.7062789797782898
4646,0.6991079449653625
4647,0.7035104036331177
4648,0.7007116675376892
4649,0.6748870611190796
4650,0.6869305372238159
4651,0.6920600533485413
4652,0.6933148503303528
4653,0.6853369474411011
4654,0.6777626276016235
4655,0.680020272731781
4656,0.6828967928886414
4657,0.6774805188179016
4658,0.6767508387565613
4659,0.6782885789871216
4660,0.6823828220367432
4661,0.6942704916000366
4662,0.6833973526954651
4663,0.6803070902824402
4664,0.691174328327179
4665,0.6814895272254944
4666,0.680587112903595
4667,0.6947904825210571
4668,0.6966763138771057
4669,0.6893078088760376
4670,0.691319465637207
4671,0.699558675289154
4672,0.6940844655036926
4673,0.7102264761924744
4674,0.7047333717346191
4675,0.40178975462913513
4676,0.7192226052284241
4677,0.6991860270500183
4678,0.6923247575759888
4679,0.7238986492156982
4680,0.626585066318512
4681,0.7241436839103699
4682,0.6419658660888672
4683,0.717298150062561
4684,0.520582377910614
4685,0.7198991775512695
4686,0.7085787057876587
4687,0.7111515998840332
4688,0.7114895582199097
4689,0.7043927907943726
4690,0.704311728477478
4691,0.6970158219337463
4692,0.6714974641799927
4693,0.7016043066978455
4694,0.6980457305908203
4695,0.6976612210273743
4696,0.7054519653320312
4697,0.7020119428634644
4698,0.7088736295700073
4699,0.7061551809310913
4700,0.7124908566474915
4701,0.6992005109786987
4702,0.71244215965271
4703,0.7100841403007507
4704,0.7077493071556091
4705,0.7064358592033386
4706,0.7060263752937317
4707,0.7050459980964661
4708,0.707577109336853
4709,0.7072268724441528
4710,0.7090835571289062
4711,0.7001486420631409
4712,0.7115520238876343
4713,0.709349513053894
4714,0.7115039825439453
4715,0.701980471611023
4716,0.7076603174209595
4717,0.7093342542648315
4718,0.7017222046852112
4719,0.7121444940567017
4720,0.712985098361969
4721,0.7040302753448486
4722,0.7113581299781799
4723,0.7052578330039978
4724,0.699458658695221
4725,0.7114782929420471
4726,0.7095690965652466
4727,0.7144681215286255
4728,0.7109805345535278
4729,0.7075555920600891
4730,0.710758626461029
4731,0.7166337966918945
4732,0.707307755947113
4733,0.7119476795196533
4734,0.7150002121925354
4735,0.7093765735626221
4736,0.7089849710464478
4737,0.7173039317131042
4738,0.7177808284759521
4739,0.7020906209945679
4740,0.7092519998550415
4741,0.7107546925544739
4742,0.7087257504463196
4743,0.7071719765663147
4744,0.705350399017334
4745,0.6945022940635681
4746,0.6929107904434204
4747,0.6932295560836792
4748,0.6847845315933228
4749,0.6852204203605652
4750,0.6871487498283386
4751,0.6829044818878174
4752,0.6921748518943787
4753,0.6907073259353638
4754,0.6887195706367493
4755,0.6871818900108337
4756,0.6845538020133972
4757,0.6909236311912537
4758,0.6925379037857056
4759,0.6994202733039856
4760,0.7000546455383301
4761,0.698760449886322
4762,0.7004912495613098
4763,0.7127077579498291
4764,0.7145609259605408
4765,0.7134414911270142
4766,0.7126028537750244
4767,0.7128072381019592
4768,0.7109729647636414
4769,0.708383321762085
4770,0.7062863111495972
4771,0.7040141224861145
4772,0.6961199641227722
4773,0.6948166489601135
4774,0.6952345967292786
4775,0.7003501057624817
4776,0.7011328339576721
4777,0.7003613114356995
4778,0.6952388286590576
4779,0.7059720754623413
4780,0.7079595327377319
4781,0.714005172252655
4782,0.7123027443885803
4783,0.7169780135154724
4784,0.7199650406837463
4785,0.7186509966850281
4786,0.7172534465789795
4787,0.7084522247314453
4788,0.7197057604789734
4789,0.7175804972648621
4790,0.7153955101966858
4791,0.7107729315757751
4792,0.7016375660896301
4793,0.6914438009262085
4794,0.6972978711128235
4795,0.7081943154335022
4796,0.6953673958778381
4797,0.7081081867218018
4798,0.7031719088554382
4799,0.709503710269928
4800,0.7111043930053711
4801,0.6974999904632568
4802,0.7003228068351746
4803,0.7120690941810608
4804,0.7127730846405029
4805,0.7179070711135864
4806,0.7238824367523193
4807,0.7126909494400024
4808,0.7052041292190552
4809,0.7053834795951843
4810,0.6831858158111572
4811,0.6987376809120178
4812,0.7044195532798767
4813,0.7048999071121216
4814,0.683033287525177
4815,0.6950045228004456
4816,0.6791708469390869
4817,0.6910969018936157
4818,0.685673713684082
4819,0.684813380241394
4820,0.6846405267715454
4821,0.6883641481399536
4822,0.6887120604515076
4823,0.6899509429931641
4824,0.7010472416877747
4825,0.7017661333084106
4826,0.7006645202636719
4827,0.7036329507827759
4828,0.6956146955490112
4829,0.7068889737129211
4830,0.7125877141952515
4831,0.7096148133277893
4832,0.7217227816581726
4833,0.7132526636123657
4834,0.7156957387924194
4835,0.7065734267234802
4836,0.7144944071769714
4837,0.7119393348693848
4838,0.7085949182510376
4839,0.7028704285621643
4840,0.6964708566665649
4841,0.697442352771759
4842,0.679715633392334
4843,0.6886845827102661
4844,0.6852746605873108
4845,0.6876048445701599
4846,0.6822068691253662
4847,0.693702757358551
4848,0.6905068159103394
4849,0.6900481581687927
4850,0.6952785849571228
4851,0.686165988445282
4852,0.7014561295509338
4853,0.7048459649085999
4854,0.6977747082710266
4855,0.7083570957183838
4856,0.7175641655921936
4857,0.7230069637298584
4858,0.7228489518165588
4859,0.605953574180603
4860,0.46128326654434204
4861,0.7236342430114746
4862,0.7149927020072937
4863,0.72159343957901
4864,0.7130224704742432
4865,0.7194209694862366
4866,0.5661753416061401
4867,0.5230444669723511
4868,0.6011403799057007
4869,0.723475456237793
4870,0.7263208627700806
4871,0.5371294021606445
4872,0.46883901953697205
4873,0.6287550330162048
4874,0.5691474080085754
4875,0.7197338342666626
4876,0.7209145426750183
4877,0.7137428522109985
4878,0.7210984230041504
4879,0.7083913087844849
4880,0.7046247124671936
4881,0.7073689103126526
4882,0.7075711488723755
4883,0.7088561654090881
4884,0.699591875076294
4885,0.7110592722892761
4886,0.7178348302841187
4887,0.7290173768997192
4888,0.7104135155677795
4889,0.7305846214294434
4890,0.7309456467628479
4891,0.7334092855453491
4892,0.734529435634613
4893,0.7237221002578735
4894,0.7218843698501587
4895,0.7226459383964539
4896,0.719174325466156
4897,0.7161592841148376
4898,0.7133795022964478
4899,0.7115979194641113
4900,0.7100538611412048
4901,0.7060846090316772
4902,0.7057695388793945
4903,0.7038736939430237
4904,0.7008029222488403
4905,0.6964117288589478
4906,0.6814916133880615
4907,0.690925121307373
4908,0.6832737922668457
4909,0.6886839270591736
4910,0.694416880607605
4911,0.6841931939125061
4912,0.6963679194450378
4913,0.6936941146850586
4914,0.6960964202880859
4915,0.7012937068939209
4916,0.7051494717597961
4917,0.7043167352676392
4918,0.7028882503509521
4919,0.7055463790893555
4920,0.7087253332138062
4921,0.6994656324386597
4922,0.7122508883476257
4923,0.7121241688728333
4924,0.7169713973999023
4925,0.7213647365570068
4926,0.7187208533287048
4927,0.7103761434555054
4928,0.7027682662010193
4929,0.6992638111114502
4930,0.6988286375999451
4931,0.69818115234375
4932,0.6890617609024048
4933,0.6875084042549133
4934,0.6975318789482117
4935,0.683457612991333
4936,0.6980416774749756
4937,0.7022337913513184
4938,0.7014161348342896
4939,0.7012602090835571
4940,0.708245038986206
4941,0.7099721431732178
4942,0.7061623930931091
4943,0.7043029069900513
4944,0.7015031576156616
4945,0.6888781785964966
4946,0.7000969052314758
4947,0.6924903988838196
4948,0.6924665570259094
4949,0.6920894384384155
4950,0.688356339931488
4951,0.6869251132011414
4952,0.68989497423172
4953,0.6933470964431763
4954,0.7037550210952759
4955,0.7095310688018799
4956,0.7257911562919617
4957,0.7160125374794006
4958,0.7152262330055237
4959,0.7182556390762329
4960,0.7194470763206482
4961,0.712529182434082
4962,0.5808191299438477
4963,0.7265993356704712
4964,0.7274279594421387
4965,0.2953416705131531
4966,0.7306623458862305
4967,0.28360214829444885
4968,0.7180031538009644
4969,0.5213479995727539
4970,0.7178415656089783
4971,0.6002019047737122
4972,0.7130559682846069
4973,0.6912090182304382
4974,0.7072192430496216
4975,0.6933214068412781
4976,0.7040523886680603
4977,0.6985961198806763
4978,0.6918231248855591
4979,0.6861928701400757
4980,0.6767489314079285
4981,0.6777406334877014
4982,0.6634930968284607
4983,0.663297712802887
4984,0.6491192579269409
4985,0.636436402797699
4986,0.6624443531036377
4987,0.6718771457672119
4988,0.6724662184715271
4989,0.6789300441741943
4990,0.6867347955703735
4991,0.6883464455604553
4992,0.6957659125328064
4993,0.6966299414634705
4994,0.7040749192237854
4995,0.704534113407135
4996,0.7088828682899475
4997,0.7069624066352844
4998,0.7118368744850159
4999,0.7050672769546509
5000,0.7109350562095642
5001,0.700421154499054
5002,0.711920976638794
5003,0.7051901817321777
5004,0.7145364284515381
5005,0.7159711718559265
5006,0.7181550860404968
5007,0.7200213074684143
5008,0.7134016156196594
5009,0.7144342064857483
5010,0.713591992855072
5011,0.7158468961715698
5012,0.7140522599220276
5013,0.7089756727218628
5014,0.7092890739440918
5015,0.7122336030006409
5016,0.710482656955719
5017,0.7032032012939453
5018,0.702112078666687
5019,0.704329252243042
5020,0.7083606123924255
5021,0.7111387848854065
5022,0.7001060843467712
5023,0.698651134967804
5024,0.6993613243103027
5025,0.7031285762786865
5026,0.6932544708251953
5027,0.7009189128875732
5028,0.6987507343292236
5029,0.6916143894195557
5030,0.6917034983634949
5031,0.6967028975486755
5032,0.6987446546554565
5033,0.696375846862793
5034,0.699116587638855
5035,0.6910818219184875
5036,0.6977776885032654
5037,0.6930009722709656
5038,0.6802257299423218
5039,0.695979654788971
5040,0.6984431743621826
5041,0.6862373948097229
5042,0.7010363936424255
5043,0.6949289441108704
5044,0.6850135922431946
5045,0.6852260828018188
5046,0.6932317018508911
5047,0.6922369599342346
5048,0.6940360069274902
5049,0.6942733526229858
5050,0.6958840489387512
5051,0.7071344256401062
5052,0.6908650398254395
5053,0.7049468755722046
5054,0.7241342663764954
5055,0.7130094766616821
5056,0.716303288936615
5057,0.7039881944656372
5058,0.7111356258392334
5059,0.7099134922027588
5060,0.7089000940322876
5061,0.7032308578491211
5062,0.7079751491546631
5063,0.7038860321044922
5064,0.6956854462623596
5065,0.7000808715820312
5066,0.6951999068260193
5067,0.6980757117271423
5068,0.6985731720924377
5069,0.700628936290741
5070,0.7042097449302673
5071,0.7060745358467102
5072,0.6949517130851746
5073,0.6940926909446716
5074,0.694042980670929
5075,0.6956021189689636
5076,0.6952125430107117
5077,0.6976674199104309
5078,0.6990540623664856
5079,0.6925324201583862
5080,0.7012752890586853
5081,0.7023900747299194
5082,0.702776312828064
5083,0.7037627100944519
5084,0.6976507902145386
5085,0.7098731398582458
5086,0.7110281586647034
5087,0.7113258838653564
5088,0.7112339735031128
5089,0.7088583111763
5090,0.7095535397529602
5091,0.7192416787147522
5092,0.7136521339416504
5093,0.7123188376426697
5094,0.704831600189209
5095,0.7097108960151672
5096,0.7137801647186279
5097,0.7106804251670837
5098,0.6884763836860657
5099,0.712727427482605
5100,0.7140377163887024
5101,0.713840901851654
5102,0.7112616896629333
5103,0.7127244472503662
5104,0.7160642743110657
5105,0.7169021368026733
5106,0.7162336111068726
5107,0.7079528570175171
5108,0.7071187496185303
5109,0.6976752281188965
5110,0.6981350779533386
5111,0.6990066170692444
5112,0.6843171119689941
5113,0.6928321123123169
5114,0.706425666809082
5115,0.7056246995925903
5116,0.7126907706260681
5117,0.7105150818824768
5118,0.7143914699554443
5119,0.7102395296096802
5120,0.7063061594963074
5121,0.7080841064453125
5122,0.7056607604026794
5123,0.7125608325004578
5124,0.7047083377838135
5125,0.7083077430725098
5126,0.7104577422142029
5127,0.7102027535438538
5128,0.6979957818984985
5129,0.7157672643661499
5130,0.7148067951202393
5131,0.7175307869911194
5132,0.7173421382904053
5133,0.708953320980072
5134,0.7075731158256531
5135,0.7086338996887207
5136,0.7120776772499084
5137,0.70747309923172
5138,0.6972464919090271
5139,0.6848008632659912
5140,0.696783721446991
5141,0.6898348331451416
5142,0.6874257922172546
5143,0.6906700730323792
5144,0.699280321598053
5145,0.6993593573570251
5146,0.7006754875183105
5147,0.6833083629608154
5148,0.6988899111747742
5149,0.6750893592834473
5150,0.7054699063301086
5151,0.7031848430633545
5152,0.7025400996208191
5153,0.7114205360412598
5154,0.7118580341339111
5155,0.6956570148468018
5156,0.7104136347770691
5157,0.7148793935775757
5158,0.7132791876792908
5159,0.7127389311790466
5160,0.711155891418457
5161,0.7123870849609375
5162,0.7123389840126038
5163,0.7112880349159241
5164,0.7067916989326477
5165,0.7148076295852661
5166,0.7071818709373474
5167,0.7089959383010864
5168,0.7007426023483276
5169,0.7143867015838623
5170,0.70403653383255
5171,0.7050392031669617
5172,0.7058512568473816
5173,0.7055364847183228
5174,0.7046967148780823
5175,0.7054823637008667
5176,0.7031245231628418
5177,0.7053532600402832
5178,0.7065621018409729
5179,0.7054667472839355
5180,0.7062307596206665
5181,0.7131766676902771
5182,0.7032185792922974
5183,0.7111027240753174
5184,0.7097316384315491
5185,0.7063289880752563
5186,0.7045684456825256
5187,0.6986070275306702
5188,0.7070236206054688
5189,0.7055581212043762
5190,0.7091331481933594
5191,0.7112436890602112
5192,0.7183077931404114
5193,0.7120949029922485
5194,0.7225430011749268
5195,0.719390869140625
5196,0.7199295163154602
5197,0.7204432487487793
5198,0.7132681608200073
5199,0.7071621417999268
5200,0.7193055748939514
5201,0.7190822958946228
5202,0.716377854347229
5203,0.7150955200195312
5204,0.7139677405357361
5205,0.7116161584854126
5206,0.7115511298179626
5207,0.7089810967445374
5208,0.706365168094635
5209,0.6438756585121155
5210,0.7054770588874817
5211,0.7045176029205322
5212,0.6792299747467041
5213,0.6970682144165039
5214,0.693990170955658
5215,0.6782239079475403
5216,0.6906649470329285
5217,0.6903027892112732
5218,0.6871670484542847
5219,0.6941110491752625
5220,0.6839049458503723
5221,0.6934055089950562
5222,0.6975122690200806
5223,0.6878222227096558
5224,0.6814700365066528
5225,0.697928786277771
5226,0.6931650042533875
5227,0.6931650042533875
5228,0.6969263553619385
5229,0.6995790004730225
5230,0.7027962803840637
5231,0.699049174785614
5232,0.7056096792221069
5233,0.7056401968002319
5234,0.7062503695487976
5235,0.7053467035293579
5236,0.7023548483848572
5237,0.7058205008506775
5238,0.7066779136657715
5239,0.7142444849014282
5240,0.7154611945152283
5241,0.7087610363960266
5242,0.7114354372024536
5243,0.7118857502937317
5244,0.7126040458679199
5245,0.7147864699363708
5246,0.7137078046798706
5247,0.7154643535614014
5248,0.7133198976516724
5249,0.7161144614219666
5250,0.708229124546051
5251,0.7128145694732666
5252,0.7039666771888733
5253,0.7019373774528503
5254,0.6993356943130493
5255,0.7046156525611877
5256,0.7034164071083069
5257,0.7056986689567566
5258,0.7042949795722961
5259,0.7064399123191833
5260,0.7094334959983826
5261,0.7048037052154541
5262,0.7137757539749146
5263,0.7143017649650574
5264,0.7119033932685852
5265,0.7169825434684753
5266,0.7112697958946228
5267,0.7199205756187439
5268,0.7141167521476746
5269,0.7164643406867981
5270,0.7119048237800598
5271,0.7131378650665283
5272,0.7098112106323242
5273,0.7076403498649597
5274,0.7064675688743591
5275,0.7106231451034546
5276,0.710038959980011
5277,0.7093818187713623
5278,0.7000505924224854
5279,0.6993999481201172
5280,0.6858975291252136
5281,0.6908997893333435
5282,0.6886774301528931
5283,0.6868957281112671
5284,0.688163697719574
5285,0.6837367415428162
5286,0.6912826299667358
5287,0.6811935305595398
5288,0.6849072575569153
5289,0.6924200654029846
5290,0.6938539147377014
5291,0.6926015019416809
5292,0.6947780847549438
5293,0.6919258832931519
5294,0.6908777952194214
5295,0.691344141960144
5296,0.6829444766044617
5297,0.6892661452293396
5298,0.6990495324134827
5299,0.7035826444625854
5300,0.7006174921989441
5301,0.6995840072631836
5302,0.6969540119171143
5303,0.7039633989334106
5304,0.7036616206169128
5305,0.7023570537567139
5306,0.7107042074203491
5307,0.7087355256080627
5308,0.7079160213470459
5309,0.715703010559082
5310,0.7141692638397217
5311,0.714869499206543
5312,0.7058394551277161
5313,0.7157229781150818
5314,0.7157992124557495
5315,0.7158534526824951
5316,0.7036249041557312
5317,0.7028912305831909
5318,0.7044916749000549
5319,0.7052146792411804
5320,0.7099485397338867
5321,0.7089996337890625
5322,0.7097925543785095
5323,0.7105535864830017
5324,0.7050005793571472
5325,0.7044978737831116
5326,0.7052863836288452
5327,0.7065197229385376
5328,0.7066193222999573
5329,0.7085533142089844
5330,0.7004261016845703
5331,0.702313244342804
5332,0.7018018960952759
5333,0.6928260326385498
5334,0.6924609541893005
5335,0.7001180052757263
5336,0.6779932975769043
5337,0.6923019289970398
5338,0.6961879134178162
5339,0.6972779035568237
5340,0.6989936232566833
5341,0.6985318064689636
5342,0.6913759112358093
5343,0.7012176513671875
5344,0.6931460499763489
5345,0.693268895149231
5346,0.6942622065544128
5347,0.6992207765579224
5348,0.698539674282074
5349,0.6944769620895386
5350,0.6925865411758423
5351,0.6930919289588928
5352,0.6950735449790955
5353,0.7043015360832214
5354,0.7035255432128906
5355,0.7073239088058472
5356,0.7108527421951294
5357,0.7033068537712097
5358,0.7128143906593323
5359,0.7049505710601807
5360,0.7062063217163086
5361,0.7038764357566833
5362,0.708412766456604
5363,0.7099035382270813
5364,0.7164243459701538
5365,0.7005255222320557
5366,0.6961018443107605
5367,0.7207353115081787
5368,0.7263265252113342
5369,0.7225518226623535
5370,0.6801477074623108
5371,0.7278818488121033
5372,0.7312598824501038
5373,0.7307779788970947
5374,0.7318592071533203
5375,0.5961257219314575
5376,0.7164837121963501
5377,0.718940258026123
5378,0.7114623785018921
5379,0.7142863273620605
5380,0.7102225422859192
5381,0.7040344476699829
5382,0.7024962306022644
5383,0.6992842555046082
5384,0.714705228805542
5385,0.7224129438400269
5386,0.7110296487808228
5387,0.7127267718315125
5388,0.7073506712913513
5389,0.7113323211669922
5390,0.7151886224746704
5391,0.704116940498352
5392,0.7087092399597168
5393,0.7035665512084961
5394,0.708636462688446
5395,0.7110401391983032
5396,0.7107769250869751
5397,0.7196688652038574
5398,0.7171798944473267
5399,0.7139938473701477
5400,0.7223750352859497
5401,0.7191762924194336
5402,0.7222606539726257
5403,0.3884948790073395
5404,0.7177892923355103
5405,0.7212539911270142
5406,0.7224323749542236
5407,0.6645733714103699
5408,0.7277971506118774
5409,0.7181299924850464
5410,0.7230933904647827
5411,0.7270503044128418
5412,0.7291851043701172
5413,0.7265229821205139
5414,0.7312462329864502
5415,0.7248391509056091
5416,0.7224549651145935
5417,0.7209932208061218
5418,0.714175820350647
5419,0.5191927552223206
5420,0.7144336700439453
5421,0.7183661460876465
5422,0.7145093083381653
5423,0.7099028825759888
5424,0.7089588642120361
5425,0.7077353596687317
5426,0.7071360945701599
5427,0.7013827562332153
5428,0.6980497241020203
5429,0.6961294412612915
5430,0.6929091215133667
5431,0.6933245658874512
5432,0.6897187232971191
5433,0.6883258819580078
5434,0.6882073283195496
5435,0.6881004571914673
5436,0.6681073307991028
5437,0.6981236338615417
5438,0.7006053328514099
5439,0.7066500782966614
5440,0.7053414583206177
5441,0.7103279829025269
5442,0.6958315968513489
5443,0.7053400278091431
5444,0.7022473812103271
5445,0.701830267906189
5446,0.6943396925926208
5447,0.7041705250740051
5448,0.7014709711074829
5449,0.6985364556312561
5450,0.6949096322059631
5451,0.7053294777870178
5452,0.7082988023757935
5453,0.7086495161056519
5454,0.7075479626655579
5455,0.6374275088310242
5456,0.6890115737915039
5457,0.6921245455741882
5458,0.6967875361442566
5459,0.6943973898887634
5460,0.6967329382896423
5461,0.7034639716148376
5462,0.7031525373458862
5463,0.7054319381713867
5464,0.6947291493415833
5465,0.7056885361671448
5466,0.7030744552612305
5467,0.7056058049201965
5468,0.7188850045204163
5469,0.7062886953353882
5470,0.7070713639259338
5471,0.7050786018371582
5472,0.7093389630317688
5473,0.7099705338478088
5474,0.7095233798027039
5475,0.7069479823112488
5476,0.7058629393577576
5477,0.6919282674789429
5478,0.7084398865699768
5479,0.6920643448829651
5480,0.7038202881813049
5481,0.7037861347198486
5482,0.7040985226631165
5483,0.7036775350570679
5484,0.6914501190185547
5485,0.683726966381073
5486,0.7018582820892334
5487,0.698201060295105
5488,0.706078052520752
5489,0.7029368281364441
5490,0.7034408450126648
5491,0.7034977674484253
5492,0.7009982466697693
5493,0.6994510889053345
5494,0.6998665928840637
5495,0.7060469388961792
5496,0.7065896391868591
5497,0.7047414183616638
5498,0.7001014351844788
5499,0.7016892433166504
5500,0.6984318494796753
5501,0.7066918611526489
5502,0.7015639543533325
5503,0.7044677734375
5504,0.7050922513008118
5505,0.7071890830993652
5506,0.705470621585846
5507,0.6882342100143433
5508,0.7084524035453796
5509,0.7013850212097168
5510,0.7002543807029724
5511,0.6973365545272827
5512,0.7037631869316101
5513,0.689995527267456
5514,0.6947587132453918
5515,0.6851110458374023
5516,0.6782599687576294
5517,0.6882542371749878
5518,0.6845487356185913
5519,0.6922534704208374
5520,0.6868365406990051
5521,0.6939667463302612
5522,0.6949905753135681
5523,0.6955375075340271
5524,0.6969820261001587
5525,0.6971672773361206
5526,0.6990296840667725
5527,0.6978167295455933
5528,0.7107043862342834
5529,0.7126750946044922
5530,0.7149804830551147
5531,0.7131626009941101
5532,0.7115986347198486
5533,0.71318519115448
5534,0.713057279586792
5535,0.7166473269462585
5536,0.7165301442146301
5537,0.7192466259002686
5538,0.7214319109916687
5539,0.7164782285690308
5540,0.7164239287376404
5541,0.7100229859352112
5542,0.71556156873703
5543,0.6899643540382385
5544,0.6942204833030701
5545,0.6986567974090576
5546,0.6958090662956238
5547,0.6944534182548523
5548,0.6843209862709045
5549,0.6758145093917847
5550,0.6927459836006165
5551,0.6965792179107666
5552,0.6992572546005249
5553,0.6854076385498047
5554,0.6869602799415588
5555,0.7073727250099182
5556,0.705478847026825
5557,0.7072878479957581
5558,0.7063348293304443
5559,0.7059171795845032
5560,0.7103590965270996
5561,0.7078121900558472
5562,0.704372227191925
5563,0.6780534386634827
5564,0.7113004326820374
5565,0.7022187113761902
5566,0.7037626504898071
5567,0.7105215787887573
5568,0.7110632658004761
5569,0.703458845615387
5570,0.710326611995697
5571,0.7112789154052734
5572,0.7086875438690186
5573,0.7096077799797058
5574,0.7081517577171326
5575,0.6972973942756653
5576,0.7034262418746948
5577,0.7013686299324036
5578,0.7004568576812744
5579,0.6986262202262878
5580,0.7024632692337036
5581,0.7016054391860962
5582,0.7027469873428345
5583,0.7045456171035767
5584,0.7029133439064026
5585,0.6964635848999023
5586,0.7116148471832275
5587,0.7031158208847046
5588,0.6940309405326843
5589,0.7014948129653931
5590,0.703643262386322
5591,0.7062289118766785
5592,0.710197389125824
5593,0.710648775100708
5594,0.7156057357788086
5595,0.7161847352981567
5596,0.7128472924232483
5597,0.703668475151062
5598,0.6962537169456482
5599,0.7021201252937317
5600,0.7009469866752625
5601,0.6893932819366455
5602,0.6949551701545715
5603,0.6837395429611206
5604,0.6907629370689392
5605,0.6886403560638428
5606,0.6890132427215576
5607,0.6876087784767151
5608,0.6875713467597961
5609,0.6870748400688171
5610,0.6890518665313721
5611,0.6906053423881531
5612,0.6954611539840698
5613,0.7059443593025208
5614,0.7104476094245911
5615,0.7050118446350098
5616,0.697265625
5617,0.7034731507301331
5618,0.7075217366218567
5619,0.7082268595695496
5620,0.7176128625869751
5621,0.7140398025512695
5622,0.7124538421630859
5623,0.7150143384933472
5624,0.7163641452789307
5625,0.7138920426368713
5626,0.7180348634719849
5627,0.711431086063385
5628,0.7199862599372864
5629,0.7154636383056641
5630,0.7158477306365967
5631,0.716339111328125
5632,0.7075032591819763
5633,0.7058104276657104
5634,0.706622838973999
5635,0.6986745595932007
5636,0.6985747218132019
5637,0.6975926756858826
5638,0.7013733386993408
5639,0.7018373012542725
5640,0.6917082667350769
5641,0.6995066404342651
5642,0.7007223963737488
5643,0.6919645667076111
5644,0.6985732316970825
5645,0.7008618116378784
5646,0.7040218114852905
5647,0.7046642899513245
5648,0.7062297463417053
5649,0.7034181952476501
5650,0.701978862285614
5651,0.7010075449943542
5652,0.7032829523086548
5653,0.7142924666404724
5654,0.7094517946243286
5655,0.7099851369857788
5656,0.7065309882164001
5657,0.7089671492576599
5658,0.7110273838043213
5659,0.6999547481536865
5660,0.70585697889328
5661,0.7169077396392822
5662,0.7193096876144409
5663,0.7210717797279358
5664,0.7181946039199829
5665,0.7225742936134338
5666,0.7160794138908386
5667,0.7108488082885742
5668,0.7049667835235596
5669,0.696683406829834
5670,0.699315071105957
5671,0.6915146112442017
5672,0.6986595392227173
5673,0.6935012936592102
5674,0.6927600502967834
5675,0.6959371566772461
5676,0.6990441083908081
5677,0.712847113609314
5678,0.7167655229568481
5679,0.7112917304039001
5680,0.70784991979599
5681,0.7099390625953674
5682,0.7092621922492981
5683,0.7067095637321472
5684,0.7067229151725769
5685,0.7053999900817871
5686,0.7028535008430481
5687,0.7054921388626099
5688,0.7033843994140625
5689,0.7028350234031677
5690,0.7044167518615723
5691,0.7035167813301086
5692,0.7031700611114502
5693,0.6892248392105103
5694,0.7115052938461304
5695,0.7142090797424316
5696,0.7116819620132446
5697,0.7112662196159363
5698,0.718907356262207
5699,0.7117169499397278
5700,0.7081186175346375
5701,0.7087144255638123
5702,0.7107080221176147
5703,0.7122109532356262
5704,0.7091769576072693
5705,0.7085668444633484
5706,0.7062544822692871
5707,0.7054702639579773
5708,0.704052746295929
5709,0.7051888704299927
5710,0.7025747895240784
5711,0.6992522478103638
5712,0.6967394948005676
5713,0.701833188533783
5714,0.6997326612472534
5715,0.7046695351600647
5716,0.7137960195541382
5717,0.7108423113822937
5718,0.6786710023880005
5719,0.7042440176010132
5720,0.7185859084129333
5721,0.7281935214996338
5722,0.7185002565383911
5723,0.7239506244659424
5724,0.7222296595573425
5725,0.7187221646308899
5726,0.7049500942230225
5727,0.7096071839332581
5728,0.7179986834526062
5729,0.7153455018997192
5730,0.7116299867630005
5731,0.7216318249702454
5732,0.7138819694519043
5733,0.713131308555603
5734,0.7104977965354919
5735,0.7055932283401489
5736,0.7122201323509216
5737,0.710127592086792
5738,0.7104861736297607
5739,0.7043762803077698
5740,0.7016969323158264
5741,0.7031390070915222
5742,0.7035872340202332
5743,0.7000877261161804
5744,0.7008727788925171
5745,0.7020979523658752
5746,0.6955892443656921
5747,0.698504626750946
5748,0.7018178701400757
5749,0.7090535759925842
5750,0.70356285572052
5751,0.6961780786514282
5752,0.7050279378890991
5753,0.7061367630958557
5754,0.711082398891449
5755,0.7048807740211487
5756,0.7081153988838196
5757,0.715569257736206
5758,0.7125926613807678
5759,0.7033392190933228
5760,0.7089475989341736
5761,0.7004883885383606
5762,0.7099158763885498
5763,0.7052913904190063
5764,0.7055126428604126
5765,0.7056101560592651
5766,0.7109134793281555
5767,0.7036651968955994
5768,0.7112569808959961
5769,0.7132841944694519
5770,0.7131118774414062
5771,0.7122339606285095
5772,0.7100427746772766
5773,0.7006803750991821
5774,0.717603325843811
5775,0.7016736268997192
5776,0.7118626832962036
5777,0.7088084816932678
5778,0.7007697224617004
5779,0.7016602158546448
5780,0.7029352188110352
5781,0.7086066007614136
5782,0.7058479189872742
5783,0.697239339351654
5784,0.7041338682174683
5785,0.6974284052848816
5786,0.699751079082489
5787,0.6912562847137451
5788,0.69020015001297
5789,0.6887898445129395
5790,0.6894756555557251
5791,0.6901220679283142
5792,0.6879698634147644
5793,0.688031017780304
5794,0.6896253824234009
5795,0.6882525682449341
5796,0.6999924182891846
5797,0.7046180963516235
5798,0.7005842328071594
5799,0.7047941088676453
5800,0.7038278579711914
5801,0.7039684057235718
5802,0.7026277184486389
5803,0.7038056254386902
5804,0.7041207551956177
5805,0.7044007778167725
5806,0.7079401612281799
5807,0.7097246646881104
5808,0.719278872013092
5809,0.7287255525588989
5810,0.717850923538208
5811,0.733831524848938
5812,0.7275846004486084
5813,0.7144808173179626
5814,0.7213413119316101
5815,0.7187909483909607
5816,0.7179886698722839
5817,0.7069830894470215
5818,0.7032066583633423
5819,0.6966577172279358
5820,0.6919468641281128
5821,0.6902855038642883
5822,0.6874086260795593
5823,0.6855272054672241
5824,0.6870968341827393
5825,0.6877083778381348
5826,0.6917170286178589
5827,0.6858006715774536
5828,0.6906042098999023
5829,0.6924332976341248
5830,0.6920850872993469
5831,0.6967659592628479
5832,0.6988011002540588
5833,0.695851743221283
5834,0.6956807374954224
5835,0.6909038424491882
5836,0.7002711296081543
5837,0.6954799890518188
5838,0.6966813802719116
5839,0.7081210613250732
5840,0.701765239238739
5841,0.6873970627784729
5842,0.7114037871360779
5843,0.7106810212135315
5844,0.7034881711006165
5845,0.7108962535858154
5846,0.7083569765090942
5847,0.7161441445350647
5848,0.7060710191726685
5849,0.7123987078666687
5850,0.7127206921577454
5851,0.7095619440078735
5852,0.7112340927124023
5853,0.7199945449829102
5854,0.7173010110855103
5855,0.7178019285202026
5856,0.7203336954116821
5857,0.7160854339599609
5858,0.711448073387146
5859,0.712605357170105
5860,0.5978059768676758
5861,0.7129073739051819
5862,0.7045340538024902
5863,0.703239381313324
5864,0.703371524810791
5865,0.707758903503418
5866,0.6913995146751404
5867,0.7064477801322937
5868,0.7028120160102844
5869,0.6968732476234436
5870,0.7071301341056824
5871,0.7056195139884949
5872,0.7083786725997925
5873,0.7085102796554565
5874,0.7003832459449768
5875,0.7001010179519653
5876,0.7043113708496094
5877,0.698334276676178
5878,0.701298713684082
5879,0.7083346843719482
5880,0.7042385339736938
5881,0.7060771584510803
5882,0.7017132639884949
5883,0.711971640586853
5884,0.716539204120636
5885,0.7055131196975708
5886,0.7109588980674744
5887,0.7050174474716187
5888,0.7037708759307861
5889,0.7141178250312805
5890,0.7129793763160706
5891,0.7129385471343994
5892,0.7102838158607483
5893,0.7180795073509216
5894,0.7205812931060791
5895,0.72137451171875
5896,0.7239818572998047
5897,0.7239418029785156
5898,0.7231298089027405
5899,0.7227324843406677
5900,0.7205911874771118
5901,0.7146820425987244
5902,0.7091151475906372
5903,0.7114930748939514
5904,0.7042258977890015
5905,0.704833984375
5906,0.6942477226257324
5907,0.6959971189498901
5908,0.6950882077217102
5909,0.6852572560310364
5910,0.6837329864501953
5911,0.6763265132904053
5912,0.686461865901947
5913,0.6777241826057434
5914,0.6682970523834229
5915,0.6814793944358826
5916,0.6801587343215942
5917,0.6761218905448914
5918,0.6861453056335449
5919,0.6849009990692139
5920,0.6795555949211121
5921,0.6848331689834595
5922,0.7090079188346863
5923,0.6911287903785706
5924,0.6920785307884216
5925,0.6993909478187561
5926,0.6969366073608398
5927,0.7038803100585938
5928,0.7023391127586365
5929,0.7065619230270386
5930,0.7065906524658203
5931,0.7049884796142578
5932,0.7156401872634888
5933,0.7172473669052124
5934,0.714840829372406
5935,0.7189923524856567
5936,0.7181074023246765
5937,0.7130430936813354
5938,0.7108492255210876
5939,0.7007132172584534
5940,0.7009274363517761
5941,0.7102072238922119
5942,0.7011049389839172
5943,0.6955570578575134
5944,0.7031264305114746
5945,0.7114982008934021
5946,0.7043743133544922
5947,0.7023111581802368
5948,0.7015663981437683
5949,0.6927071213722229
5950,0.6975346207618713
5951,0.6905331015586853
5952,0.6951932907104492
5953,0.6940985321998596
5954,0.689753532409668
5955,0.6901719570159912
5956,0.6876586675643921
5957,0.6984902024269104
5958,0.7016748785972595
5959,0.704422116279602
5960,0.7082253694534302
5961,0.7104247808456421
5962,0.7094441056251526
5963,0.7127872109413147
5964,0.7058196067810059
5965,0.6981559991836548
5966,0.6958292722702026
5967,0.7029330134391785
5968,0.6976770758628845
5969,0.6949329972267151
5970,0.6952195763587952
5971,0.693215012550354
5972,0.694555938243866
5973,0.6942641735076904
5974,0.6958490014076233
5975,0.7070652842521667
5976,0.7007454633712769
5977,0.7086988687515259
5978,0.7095825672149658
5979,0.7145448327064514
5980,0.7078107595443726
5981,0.7103213667869568
5982,0.7130882143974304
5983,0.7130615711212158
5984,0.7100356221199036
5985,0.7078090906143188
5986,0.7075079679489136
5987,0.7081128358840942
5988,0.6999911069869995
5989,0.691313624382019
5990,0.6948003768920898
5991,0.6925293803215027
5992,0.6794435977935791
5993,0.6736042499542236
5994,0.6718889474868774
5995,0.6635684370994568
5996,0.6648493409156799
5997,0.6615972518920898
5998,0.6702436208724976
5999,0.6652835011482239
6000,0.6683681607246399
6001,0.6724813580513
6002,0.6881988644599915
6003,0.6999419331550598
6004,0.6978058815002441
6005,0.6984016299247742
6006,0.7070979475975037
6007,0.714621365070343
6008,0.7097146511077881
6009,0.7122381329536438
6010,0.7206130623817444
6011,0.7204665541648865
6012,0.7210286259651184
6013,0.7219023108482361
6014,0.7223605513572693
6015,0.7140011787414551
6016,0.7244967818260193
6017,0.7218629121780396
6018,0.721728503704071
6019,0.7276708483695984
6020,0.7243847846984863
6021,0.7270333170890808
6022,0.7256441712379456
6023,0.7172410488128662
6024,0.7072464227676392
6025,0.7092108130455017
6026,0.7098779678344727
6027,0.7081320881843567
6028,0.6339548826217651
6029,0.697693407535553
6030,0.6970602869987488
6031,0.6979804635047913
6032,0.701242208480835
6033,0.6994380354881287
6034,0.6929722428321838
6035,0.6949151754379272
6036,0.6901123523712158
6037,0.6850032210350037
6038,0.7018060684204102
6039,0.695729672908783
6040,0.7051481008529663
6041,0.7052134275436401
6042,0.7054949998855591
6043,0.7116126418113708
6044,0.7175642251968384
6045,0.7188057899475098
6046,0.7187557816505432
6047,0.7168413400650024
6048,0.7162700891494751
6049,0.7075749635696411
6050,0.7178168296813965
6051,0.7176240086555481
6052,0.7193777561187744
6053,0.7238834500312805
6054,0.7214314937591553
6055,0.7293533682823181
6056,0.7256895303726196
6057,0.7263223528862
6058,0.7258272171020508
6059,0.7255125045776367
6060,0.7238626480102539
6061,0.7151656150817871
6062,0.7116117477416992
6063,0.7136241793632507
6064,0.7113681435585022
6065,0.7105495929718018
6066,0.7093713283538818
6067,0.7105530500411987
6068,0.6879156827926636
6069,0.7071197032928467
6070,0.7071120738983154
6071,0.7085426449775696
6072,0.7066228985786438
6073,0.7073901891708374
6074,0.707485556602478
6075,0.7034131288528442
6076,0.6962584257125854
6077,0.6949812173843384
6078,0.6927745342254639
6079,0.6919077634811401
6080,0.6924634575843811
6081,0.693119466304779
6082,0.6896204352378845
6083,0.688704788684845
6084,0.694175124168396
6085,0.6895167231559753
6086,0.689238965511322
6087,0.6917722821235657
6088,0.692103385925293
6089,0.6934738755226135
6090,0.6889089941978455
6091,0.6909691691398621
6092,0.694816529750824
6093,0.6950773000717163
6094,0.6928452253341675
6095,0.6932732462882996
6096,0.6931568384170532
6097,0.703102707862854
6098,0.7080598473548889
6099,0.7071968913078308
6100,0.7062350511550903
6101,0.7115131616592407
6102,0.71871018409729
6103,0.7027195692062378
6104,0.7021505832672119
6105,0.7035667300224304
6106,0.702717125415802
6107,0.6904014945030212
6108,0.710547149181366
6109,0.7191640734672546
6110,0.715850293636322
6111,0.7156180143356323
6112,0.7184905409812927
6113,0.7089576125144958
6114,0.7086502313613892
6115,0.7087252140045166
6116,0.7079825401306152
6117,0.7109401226043701
6118,0.7048617005348206
6119,0.700203537940979
6120,0.7024661898612976
6121,0.7003952860832214
6122,0.6992493867874146
6123,0.696334183216095
6124,0.6937403678894043
6125,0.6941242814064026
6126,0.6944841146469116
6127,0.6975148320198059
6128,0.6958367228507996
6129,0.7076197862625122
6130,0.7076317071914673
6131,0.7054604887962341
6132,0.698823094367981
6133,0.7064989805221558
6134,0.7066367268562317
6135,0.7076408267021179
6136,0.7064329981803894
6137,0.7108995914459229
6138,0.7125856876373291
6139,0.7105646729469299
6140,0.7165361046791077
6141,0.718224287033081
6142,0.7175470590591431
6143,0.711631715297699
6144,0.7091248035430908
6145,0.7126269936561584
6146,0.7135631442070007
6147,0.7132879495620728
6148,0.7161647081375122
6149,0.7157816290855408
6150,0.7115862965583801
6151,0.7106888294219971
6152,0.7114443778991699
6153,0.7100387811660767
6154,0.7114730477333069
6155,0.71086186170578
6156,0.7101784348487854
6157,0.7010515332221985
6158,0.700121283531189
6159,0.6977530121803284
6160,0.6953153610229492
6161,0.6866001486778259
6162,0.6877230405807495
6163,0.6990750432014465
6164,0.687784731388092
6165,0.6871924996376038
6166,0.6882780194282532
6167,0.6901336312294006
6168,0.6901117563247681
6169,0.6946248412132263
6170,0.6946383118629456
6171,0.6960893869400024
6172,0.6964906454086304
6173,0.7004492282867432
6174,0.6998813152313232
6175,0.7105830311775208
6176,0.7130782008171082
6177,0.7246774435043335
6178,0.7231109142303467
6179,0.7201598882675171
6180,0.7241818904876709
6181,0.724507212638855
6182,0.7244722247123718
6183,0.7227409482002258
6184,0.7213084101676941
6185,0.7242567539215088
6186,0.7261378765106201
6187,0.7201015949249268
6188,0.7147876620292664
6189,0.7115879654884338
6190,0.7122063636779785
6191,0.7004669904708862
6192,0.6976398229598999
6193,0.6884251832962036
6194,0.6900520324707031
6195,0.6912103891372681
6196,0.6806438565254211
6197,0.6917149424552917
6198,0.6861363053321838
6199,0.6856277585029602
6200,0.6814857125282288
6201,0.6823809742927551
6202,0.6809975504875183
6203,0.678810179233551
6204,0.6790861487388611
6205,0.67451411485672
6206,0.6723914742469788
6207,0.6713831424713135
6208,0.6723343133926392
6209,0.6788718700408936
6210,0.6794980764389038
6211,0.6894209384918213
6212,0.689354419708252
6213,0.6945165395736694
6214,0.700680673122406
6215,0.7022132873535156
6216,0.7101391553878784
6217,0.7164713740348816
6218,0.7169221639633179
6219,0.7289806604385376
6220,0.7284389734268188
6221,0.7267134785652161
6222,0.7195325493812561
6223,0.7185631990432739
6224,0.7183864712715149
6225,0.717462420463562
6226,0.7066810131072998
6227,0.7070527672767639
6228,0.6959905028343201
6229,0.7080173492431641
6230,0.6923733949661255
6231,0.6848097443580627
6232,0.6861835718154907
6233,0.6706003546714783
6234,0.6827191710472107
6235,0.6865068078041077
6236,0.6876680850982666
6237,0.6717164516448975
6238,0.6881528496742249
6239,0.7061634659767151
6240,0.6981925368309021
6241,0.6820504069328308
6242,0.6954036355018616
6243,0.6944064497947693
6244,0.6976324915885925
6245,0.6961007118225098
6246,0.6998245120048523
6247,0.7052759528160095
6248,0.7035161852836609
6249,0.7053988575935364
6250,0.7044183015823364
6251,0.7101510167121887
6252,0.7060961127281189
6253,0.7166849970817566
6254,0.7146491408348083
6255,0.7196815013885498
6256,0.729177713394165
6257,0.7265403270721436
6258,0.7212582230567932
6259,0.7177649140357971
6260,0.7139765620231628
6261,0.7143044471740723
6262,0.7050710916519165
6263,0.7056167125701904
6264,0.7053493857383728
6265,0.7019985914230347
6266,0.7012608051300049
6267,0.7022024989128113
6268,0.7041551470756531
6269,0.7009289264678955
6270,0.6973085403442383
6271,0.6992793679237366
6272,0.7005809545516968
6273,0.7033538818359375
6274,0.6951626539230347
6275,0.6952944993972778
6276,0.702381432056427
6277,0.7001014947891235
6278,0.6811522245407104
6279,0.702582836151123
6280,0.7040010094642639
6281,0.6962175965309143
6282,0.7068157196044922
6283,0.7062298059463501
6284,0.7075466513633728
6285,0.7141345739364624
6286,0.7082921266555786
6287,0.7087198495864868
6288,0.7054001092910767
6289,0.7043740153312683
6290,0.7028654217720032
6291,0.7015920877456665
6292,0.6922400593757629
6293,0.6994745135307312
6294,0.6799993515014648
6295,0.6868704557418823
6296,0.7008427381515503
6297,0.7027097940444946
6298,0.7104843854904175
6299,0.7086895108222961
6300,0.7099789381027222
6301,0.7016274929046631
6302,0.7068517208099365
6303,0.7053501009941101
6304,0.706169068813324
6305,0.7064130306243896
6306,0.7068508863449097
6307,0.7058418989181519
6308,0.7073963284492493
6309,0.7097480893135071
6310,0.7018699049949646
6311,0.7064270973205566
6312,0.7065230011940002
6313,0.7024156451225281
6314,0.6933697462081909
6315,0.6951929330825806
6316,0.6962311863899231
6317,0.6928239464759827
6318,0.6959349513053894
6319,0.6965213418006897
6320,0.7045750617980957
6321,0.7031787037849426
6322,0.7063673734664917
6323,0.7083143591880798
6324,0.7072092294692993
6325,0.6922850608825684
6326,0.7005380988121033
6327,0.7223686575889587
6328,0.7147205471992493
6329,0.7205914258956909
6330,0.7245969772338867
6331,0.7223144769668579
6332,0.721606433391571
6333,0.7206607460975647
6334,0.7211005687713623
6335,0.723829984664917
6336,0.7307571768760681
6337,0.580390214920044
6338,0.6286557912826538
6339,0.7305662035942078
6340,0.6417171359062195
6341,0.7227902412414551
6342,0.730072021484375
6343,0.7329347133636475
6344,0.7225809097290039
6345,0.7228667140007019
6346,0.7318552732467651
6347,0.7233231663703918
6348,0.7163658142089844
6349,0.7152085900306702
6350,0.7142565250396729
6351,0.7183825373649597
6352,0.7193236351013184
6353,0.721174955368042
6354,0.7186455726623535
6355,0.715541422367096
6356,0.7128398418426514
6357,0.7102669477462769
6358,0.7027603387832642
6359,0.7012109756469727
6360,0.6989170908927917
6361,0.7082945108413696
6362,0.7013762593269348
6363,0.7092763185501099
6364,0.7123295068740845
6365,0.7122554779052734
6366,0.7113832235336304
6367,0.7090639472007751
6368,0.70904541015625
6369,0.7102794647216797
6370,0.7076891660690308
6371,0.7033447027206421
6372,0.7004368901252747
6373,0.7030561566352844
6374,0.7043392658233643
6375,0.7045474648475647
6376,0.7046440243721008
6377,0.7059796452522278
6378,0.7096962332725525
6379,0.7081491351127625
6380,0.7066484689712524
6381,0.710920512676239
6382,0.7096318602561951
6383,0.7100872993469238
6384,0.7086306810379028
6385,0.7066863775253296
6386,0.7030327320098877
6387,0.705098032951355
6388,0.708755373954773
6389,0.7064624428749084
6390,0.7098321318626404
6391,0.6238194704055786
6392,0.7108350992202759
6393,0.7113415598869324
6394,0.7125393152236938
6395,0.709730863571167
6396,0.7135363221168518
6397,0.7121236324310303
6398,0.7166053056716919
6399,0.7129314541816711
6400,0.7205455303192139
6401,0.7258834838867188
6402,0.7141523361206055
6403,0.7137966156005859
6404,0.7108006477355957
6405,0.6446874737739563
6406,0.715059757232666
6407,0.7146214842796326
6408,0.7148199677467346
6409,0.7174866199493408
6410,0.7159701585769653
6411,0.7184901237487793
6412,0.7194698452949524
6413,0.7154914736747742
6414,0.708489716053009
6415,0.7079758048057556
6416,0.7104973196983337
6417,0.7080799341201782
6418,0.7095122337341309
6419,0.7090446949005127
6420,0.7087792754173279
6421,0.7134139537811279
6422,0.7140558362007141
6423,0.7170628905296326
6424,0.7145654559135437
6425,0.714640200138092
6426,0.7118882536888123
6427,0.7105001211166382
6428,0.7021333575248718
6429,0.7024329900741577
6430,0.703586995601654
6431,0.6996211409568787
6432,0.7056220769882202
6433,0.7052839398384094
6434,0.7080071568489075
6435,0.7025313973426819
6436,0.7041243314743042
6437,0.683193027973175
6438,0.7080569863319397
6439,0.6935526132583618
6440,0.69034343957901
6441,0.6982766389846802
6442,0.6997879147529602
6443,0.6973341107368469
6444,0.689033567905426
6445,0.6979349851608276
6446,0.7014119625091553
6447,0.705014169216156
6448,0.7166183590888977
6449,0.7095321416854858
6450,0.710157573223114
6451,0.720065176486969
6452,0.7208307385444641
6453,0.7270115613937378
6454,0.7300843596458435
6455,0.723362386226654
6456,0.6861459016799927
6457,0.7265482544898987
6458,0.7182966470718384
6459,0.7137497067451477
6460,0.7101028561592102
6461,0.7177684903144836
6462,0.7161844372749329
6463,0.7174972295761108
6464,0.7041534781455994
6465,0.7094103693962097
6466,0.7035070061683655
6467,0.7101860046386719
6468,0.700254499912262
6469,0.7020947933197021
6470,0.7016040086746216
6471,0.7038112282752991
6472,0.6942806243896484
6473,0.6952617168426514
6474,0.7039186954498291
6475,0.6963233351707458
6476,0.6970614194869995
6477,0.6972231268882751
6478,0.6941812038421631
6479,0.6819943189620972
6480,0.6803504228591919
6481,0.6801141500473022
6482,0.6964617371559143
6483,0.6667763590812683
6484,0.6674285531044006
6485,0.6681524515151978
6486,0.6596952676773071
6487,0.6589978933334351
6488,0.6614828705787659
6489,0.6581438779830933
6490,0.6576366424560547
6491,0.6610540747642517
6492,0.6603931784629822
6493,0.6717841029167175
6494,0.6734640598297119
6495,0.6833788752555847
6496,0.6833633184432983
6497,0.690837025642395
6498,0.6761583089828491
6499,0.6888990998268127
6500,0.6988801956176758
6501,0.7015591263771057
6502,0.7038240432739258
6503,0.6975665092468262
6504,0.6969801187515259
6505,0.7073350548744202
6506,0.7090787887573242
6507,0.7100678086280823
6508,0.7164457440376282
6509,0.7168929576873779
6510,0.7166467905044556
6511,0.7191210985183716
6512,0.7259599566459656
6513,0.719867467880249
6514,0.7257373929023743
6515,0.6599844098091125
6516,0.7254430651664734
6517,0.7135029435157776
6518,0.7157899141311646
6519,0.69569993019104
6520,0.6960760354995728
6521,0.6873427033424377
6522,0.6873800754547119
6523,0.6785215139389038
6524,0.6720961332321167
6525,0.6765503287315369
6526,0.6760302782058716
6527,0.6705441474914551
6528,0.6723500490188599
6529,0.6822416186332703
6530,0.676781415939331
6531,0.6842705011367798
6532,0.68914794921875
6533,0.6845426559448242
6534,0.6941783428192139
6535,0.6829531788825989
6536,0.6704972982406616
6537,0.6899215579032898
6538,0.6896376609802246
6539,0.6970584392547607
6540,0.7030069828033447
6541,0.70711350440979
6542,0.7087263464927673
6543,0.7050650715827942
6544,0.7165542840957642
6545,0.7085356712341309
6546,0.7059220671653748
6547,0.7072868347167969
6548,0.7032572031021118
6549,0.7055535912513733
6550,0.7039099931716919
6551,0.7033868432044983
6552,0.7012515068054199
6553,0.7037389278411865
6554,0.7054235339164734
6555,0.7069994807243347
6556,0.7031503319740295
6557,0.7090528607368469
6558,0.7003803849220276
6559,0.7019086480140686
6560,0.7025119662284851
6561,0.7023159265518188
6562,0.7057226896286011
6563,0.6979769468307495
6564,0.7036309242248535
6565,0.7033429741859436
6566,0.7032759189605713
6567,0.6963600516319275
6568,0.6892617344856262
6569,0.6962333917617798
6570,0.6940716505050659
6571,0.6926528811454773
6572,0.69039386510849
6573,0.693687379360199
6574,0.6954379081726074
6575,0.69990473985672
6576,0.6977274417877197
6577,0.7112988233566284
6578,0.7019877433776855
6579,0.7097907662391663
6580,0.7102254033088684
6581,0.7138901948928833
6582,0.7126411199569702
6583,0.70793217420578
6584,0.705320417881012
6585,0.696973979473114
6586,0.7030559182167053
6587,0.6966997981071472
6588,0.6999156475067139
6589,0.7075822949409485
6590,0.711347222328186
6591,0.7166929841041565
6592,0.7214539051055908
6593,0.7175178527832031
6594,0.7187548279762268
6595,0.7160953879356384
6596,0.6883446574211121
6597,0.6950704455375671
6598,0.7021859288215637
6599,0.7020313739776611
6600,0.7002208828926086
6601,0.6667571067810059
6602,0.6961485147476196
6603,0.6983454823493958
6604,0.6991520524024963
6605,0.6998223662376404
6606,0.699343204498291
6607,0.7002248167991638
6608,0.7086384296417236
6609,0.7128483057022095
6610,0.7146897912025452
6611,0.710160493850708
6612,0.713962197303772
6613,0.7226765751838684
6614,0.7116810083389282
6615,0.720222532749176
6616,0.7208192348480225
6617,0.7261844277381897
6618,0.7217797040939331
6619,0.7323929071426392
6620,0.7276389002799988
6621,0.7284948229789734
6622,0.7289104461669922
6623,0.7251649498939514
6624,0.7154392004013062
6625,0.7143918871879578
6626,0.7044636011123657
6627,0.7003796696662903
6628,0.6975448727607727
6629,0.6952471733093262
6630,0.696550726890564
6631,0.6954017877578735
6632,0.6940600872039795
6633,0.6852083206176758
6634,0.69889897108078
6635,0.7039373517036438
6636,0.7085992693901062
6637,0.7101832032203674
6638,0.7098528146743774
6639,0.7180924415588379
6640,0.7140233516693115
6641,0.7155147194862366
6642,0.7136910557746887
6643,0.7144680023193359
6644,0.7183911800384521
6645,0.7154244184494019
6646,0.7206873893737793
6647,0.7265580892562866
6648,0.722837507724762
6649,0.7217671275138855
6650,0.7191720008850098
6651,0.7032240033149719
6652,0.716055691242218
6653,0.7140651941299438
6654,0.7089248895645142
6655,0.718798816204071
6656,0.7196250557899475
6657,0.7260971665382385
6658,0.7264936566352844
6659,0.7094663381576538
6660,0.7116122245788574
6661,0.7111496329307556
6662,0.7102710008621216
6663,0.7096235156059265
6664,0.7019827365875244
6665,0.6954337358474731
6666,0.7038898468017578
6667,0.703877329826355
6668,0.7078673243522644
6669,0.7113355994224548
6670,0.7166262865066528
6671,0.701407790184021
6672,0.7185724973678589
6673,0.7100898027420044
6674,0.7084986567497253
6675,0.7069920301437378
6676,0.7091211080551147
6677,0.7102586030960083
6678,0.7015060782432556
6679,0.709572970867157
6680,0.7078005075454712
6681,0.7022644281387329
6682,0.7058863639831543
6683,0.6999320387840271
6684,0.7034668922424316
6685,0.7046023607254028
6686,0.7043346762657166
6687,0.7053321599960327
6688,0.6986694931983948
6689,0.7048290371894836
6690,0.6938834190368652
6691,0.6909768581390381
6692,0.6880744099617004
6693,0.6852460503578186
6694,0.68357914686203
6695,0.6836811900138855
6696,0.6939171552658081
6697,0.690668523311615
6698,0.6890691518783569
6699,0.6916853785514832
6700,0.695279598236084
6701,0.6895936131477356
6702,0.7036758065223694
6703,0.7081393003463745
6704,0.7118915319442749
6705,0.7168310284614563
6706,0.7243655323982239
6707,0.7230784296989441
6708,0.7147581577301025
6709,0.6278355121612549
6710,0.7408837080001831
6711,0.72810298204422
6712,0.7272552847862244
6713,0.716193437576294
6714,0.7239513993263245
6715,0.7220492362976074
6716,0.7188557982444763
6717,0.7130639553070068
6718,0.7045322060585022
6719,0.7014412879943848
6720,0.6999756097793579
6721,0.6936692595481873
6722,0.6942787766456604
6723,0.6924310922622681
6724,0.6955375671386719
6725,0.6936421394348145
6726,0.6870690584182739
6727,0.6963473558425903
6728,0.697783887386322
6729,0.7016353011131287
6730,0.6875576972961426
6731,0.6948057413101196
6732,0.6994519829750061
6733,0.6992388963699341
6734,0.6922968626022339
6735,0.7017173767089844
6736,0.7025805711746216
6737,0.7025363445281982
6738,0.7058391571044922
6739,0.709326446056366
6740,0.716739296913147
6741,0.7149806618690491
6742,0.7157938480377197
6743,0.7118648886680603
6744,0.7116384506225586
6745,0.7175961136817932
6746,0.7153202891349792
6747,0.7155518531799316
6748,0.7143962979316711
6749,0.7127352952957153
6750,0.7188743948936462
6751,0.7168027758598328
6752,0.7181177139282227
6753,0.7117176651954651
6754,0.7225291728973389
6755,0.711735725402832
6756,0.7098402976989746
6757,0.7085118889808655
6758,0.7058812975883484
6759,0.7054466605186462
6760,0.7130685448646545
6761,0.7043113708496094
6762,0.7089431285858154
6763,0.7042005658149719
6764,0.7047858238220215
6765,0.7023076415061951
6766,0.7115477323532104
6767,0.7145423293113708
6768,0.7164496183395386
6769,0.7058675289154053
6770,0.7085745334625244
6771,0.711850106716156
6772,0.7167382836341858
6773,0.7173375487327576
6774,0.714724063873291
6775,0.7057458758354187
6776,0.713816225528717
6777,0.7069865465164185
6778,0.7100125551223755
6779,0.7082629799842834
6780,0.7094288468360901
6781,0.7066408395767212
6782,0.6961645483970642
6783,0.7016032934188843
6784,0.701849639415741
6785,0.6986438632011414
6786,0.6962434649467468
6787,0.6904924511909485
6788,0.6929278373718262
6789,0.7010905146598816
6790,0.7019954323768616
6791,0.7025594115257263
6792,0.7038903832435608
6793,0.7023577094078064
6794,0.7029251456260681
6795,0.7051252126693726
6796,0.7009000778198242
6797,0.7028629183769226
6798,0.7071419358253479
6799,0.6980379819869995
6800,0.7130722403526306
6801,0.7148956656455994
6802,0.7129915952682495
6803,0.7161108255386353
6804,0.707812488079071
6805,0.7157959938049316
6806,0.7256918549537659
6807,0.7156203985214233
6808,0.7148923277854919
6809,0.7142680883407593
6810,0.7165515422821045
6811,0.7189068794250488
6812,0.7156796455383301
6813,0.7124170660972595
6814,0.7135547995567322
6815,0.7065118551254272
6816,0.7083117961883545
6817,0.7097558379173279
6818,0.7095159888267517
6819,0.7046383023262024
6820,0.7114435434341431
6821,0.7074840068817139
6822,0.7064966559410095
6823,0.7064267992973328
6824,0.7061631083488464
6825,0.7075772285461426
6826,0.7067356109619141
6827,0.7041016817092896
6828,0.7004887461662292
6829,0.6981426477432251
6830,0.6980330944061279
6831,0.6976756453514099
6832,0.7084742784500122
6833,0.7083525061607361
6834,0.7111011147499084
6835,0.7029786109924316
6836,0.7114784121513367
6837,0.7112332582473755
6838,0.7110488414764404
6839,0.7077382802963257
6840,0.7109420299530029
6841,0.7102541923522949
6842,0.7086449861526489
6843,0.7165414094924927
6844,0.7119020819664001
6845,0.7239638566970825
6846,0.7183067798614502
6847,0.7199130058288574
6848,0.720502495765686
6849,0.7139421701431274
6850,0.7120000123977661
6851,0.7098880410194397
6852,0.7132992148399353
6853,0.708876371383667
6854,0.718328595161438
6855,0.7167810797691345
6856,0.7145282030105591
6857,0.71570885181427
6858,0.7068496942520142
6859,0.7168942093849182
6860,0.717059850692749
6861,0.7258472442626953
6862,0.7269611954689026
6863,0.7264530658721924
6864,0.7259474396705627
6865,0.7252338528633118
6866,0.7265074253082275
6867,0.7239828705787659
6868,0.7222051620483398
6869,0.7206560969352722
6870,0.7217110395431519
6871,0.7248353362083435
6872,0.7289745807647705
6873,0.7313055992126465
6874,0.7370473742485046
6875,0.7318578958511353
6876,0.7402395606040955
6877,0.7299445271492004
6878,0.7314763069152832
6879,0.7315415143966675
6880,0.7274153232574463
6881,0.7269155979156494
6882,0.726997971534729
6883,0.7225979566574097
6884,0.7157806754112244
6885,0.7091976404190063
6886,0.707926332950592
6887,0.7097606062889099
6888,0.7072678804397583
6889,0.706856906414032
6890,0.6999228596687317
6891,0.7073286175727844
6892,0.699304461479187
6893,0.7010810375213623
6894,0.696399986743927
6895,0.6938999891281128
6896,0.6922734379768372
6897,0.691729724407196
6898,0.693054735660553
6899,0.6864550113677979
6900,0.6870291233062744
6901,0.6889792680740356
6902,0.6907911896705627
6903,0.6810001134872437
6904,0.6805968880653381
6905,0.683626115322113
6906,0.6878259778022766
6907,0.6885920763015747
6908,0.6898521780967712
6909,0.6884839534759521
6910,0.6805422902107239
6911,0.6847043037414551
6912,0.6862739324569702
6913,0.6909970641136169
6914,0.6848967671394348
6915,0.69233638048172
6916,0.6897290349006653
6917,0.6915033459663391
6918,0.6994915008544922
6919,0.7027131915092468
6920,0.7078691720962524
6921,0.7084318995475769
6922,0.7104808688163757
6923,0.7109616994857788
6924,0.7084327340126038
6925,0.7176200151443481
6926,0.7202296853065491
6927,0.7173416614532471
6928,0.7149377465248108
6929,0.7200152277946472
6930,0.7160173058509827
6931,0.7216196656227112
6932,0.7173002362251282
6933,0.7201057076454163
6934,0.72560054063797
6935,0.7242661714553833
6936,0.6567461490631104
6937,0.7296440005302429
6938,0.7318136692047119
6939,0.48357242345809937
6940,0.6058763861656189
6941,0.7373345494270325
6942,0.7421148419380188
6943,0.7435405850410461
6944,0.7444463968276978
6945,0.7340052127838135
6946,0.7331627011299133
6947,0.7313442230224609
6948,0.7203391790390015
6949,0.7161217331886292
6950,0.7128561735153198
6951,0.717960000038147
6952,0.7034193277359009
6953,0.7042332291603088
6954,0.7014519572257996
6955,0.7038024663925171
6956,0.6994531154632568
6957,0.690035343170166
6958,0.6818643808364868
6959,0.6900995373725891
6960,0.687330961227417
6961,0.6938194632530212
6962,0.6971302032470703
6963,0.6895425319671631
6964,0.6969138383865356
6965,0.6997913122177124
6966,0.7019830942153931
6967,0.7039566040039062
6968,0.7100117206573486
6969,0.7124701142311096
6970,0.6984906792640686
6971,0.716647207736969
6972,0.7135486602783203
6973,0.7266383767127991
6974,0.725868821144104
6975,0.7247471213340759
6976,0.727066159248352
6977,0.7284582853317261
6978,0.7309704422950745
6979,0.7244307994842529
6980,0.7264890074729919
6981,0.7284043431282043
6982,0.7322982549667358
6983,0.7259332537651062
6984,0.7268778085708618
6985,0.7216212153434753
6986,0.7198055982589722
6987,0.7200480103492737
6988,0.717309832572937
6989,0.71649569272995
6990,0.707001268863678
6991,0.7133946418762207
6992,0.7020992040634155
6993,0.6981393694877625
6994,0.694706380367279
6995,0.6926897168159485
6996,0.6917151212692261
6997,0.6971943378448486
6998,0.6952667236328125
6999,0.6938903331756592
7000,0.6913962364196777
7001,0.6947066783905029
7002,0.7010273933410645
7003,0.6998188495635986
7004,0.7057480812072754
7005,0.7082003355026245
7006,0.6046256422996521
7007,0.7177733182907104
7008,0.7188198566436768
7009,0.7081337571144104
7010,0.7248346209526062
7011,0.7296490669250488
7012,0.7231323719024658
7013,0.7319697737693787
7014,0.7209018468856812
7015,0.7190085649490356
7016,0.7178981900215149
7017,0.7158031463623047
7018,0.7054705619812012
7019,0.7055641412734985
7020,0.7059912085533142
7021,0.7002121210098267
7022,0.700688898563385
7023,0.7047908306121826
7024,0.696974515914917
7025,0.7055452466011047
7026,0.708957850933075
7027,0.7024351358413696
7028,0.7103450894355774
7029,0.7014675140380859
7030,0.7040159702301025
7031,0.705888032913208
7032,0.7020109295845032
7033,0.7052968740463257
7034,0.7074149250984192
7035,0.7050279974937439
7036,0.7045356631278992
7037,0.7036240696907043
7038,0.7031933665275574
7039,0.7013903260231018
7040,0.7090114951133728
7041,0.702474057674408
7042,0.7218484282493591
7043,0.7070069313049316
7044,0.7048099040985107
7045,0.7027560472488403
7046,0.7029848098754883
7047,0.7040868401527405
7048,0.7046036720275879
7049,0.7021770477294922
7050,0.7095417976379395
7051,0.7101600766181946
7052,0.7122736573219299
7053,0.7130845785140991
7054,0.7148054242134094
7055,0.711016833782196
7056,0.7118044495582581
7057,0.7110480070114136
7058,0.7189208269119263
7059,0.7107471823692322
7060,0.7194911241531372
7061,0.7152290344238281
7062,0.7131437659263611
7063,0.7057069540023804
7064,0.7137768268585205
7065,0.7169160842895508
7066,0.7173460721969604
7067,0.7204602956771851
7068,0.7221572995185852
7069,0.7121029496192932
7070,0.7114748358726501
7071,0.712862491607666
7072,0.7135608196258545
7073,0.7149225473403931
7074,0.7133024334907532
7075,0.7133854031562805
7076,0.7158812284469604
7077,0.7070723176002502
7078,0.7115327715873718
7079,0.715257465839386
7080,0.714775562286377
7081,0.7062320113182068
7082,0.7050489187240601
7083,0.7064153552055359
7084,0.7061111927032471
7085,0.7146793603897095
7086,0.7044342756271362
7087,0.7103119492530823
7088,0.7109297513961792
7089,0.7106130123138428
7090,0.7119342088699341
7091,0.7127272486686707
7092,0.710902988910675
7093,0.7079842686653137
7094,0.706718921661377
7095,0.7017128467559814
7096,0.697057843208313
7097,0.7055730819702148
7098,0.7031697034835815
7099,0.7042373418807983
7100,0.7047531604766846
7101,0.723357617855072
7102,0.7097005248069763
7103,0.7116616368293762
7104,0.7107906341552734
7105,0.7058414220809937
7106,0.7070486545562744
7107,0.7075836658477783
7108,0.7125642895698547
7109,0.703411877155304
7110,0.7052410244941711
7111,0.7141952514648438
7112,0.7080751061439514
7113,0.702312707901001
7114,0.7104706168174744
7115,0.7128730416297913
7116,0.7141978144645691
7117,0.7196221351623535
7118,0.7136971354484558
7119,0.715772271156311
7120,0.7107523083686829
7121,0.712611198425293
7122,0.7019705772399902
7123,0.6965371966362
7124,0.6934301853179932
7125,0.6937971115112305
7126,0.6913772821426392
7127,0.6941295266151428
7128,0.691080629825592
7129,0.6929947733879089
7130,0.6958765983581543
7131,0.6925230026245117
7132,0.693366289138794
7133,0.6951318979263306
7134,0.6967498660087585
7135,0.6939326524734497
7136,0.6952788233757019
7137,0.6940051913261414
7138,0.6959611177444458
7139,0.7021371126174927
7140,0.6976540684700012
7141,0.702172577381134
7142,0.7008817791938782
7143,0.7030578851699829
7144,0.7136244177818298
7145,0.7076910734176636
7146,0.7173343300819397
7147,0.7137840390205383
7148,0.7154561281204224
7149,0.7126643061637878
7150,0.714891791343689
7151,0.7136450409889221
7152,0.7135190963745117
7153,0.7119997143745422
7154,0.7066428661346436
7155,0.6610128283500671
7156,0.7096914649009705
7157,0.7057682871818542
7158,0.7094271779060364
7159,0.7127277851104736
7160,0.7011533379554749
7161,0.6891596913337708
7162,0.7200589179992676
7163,0.7251685857772827
7164,0.7172976136207581
7165,0.7178744077682495
7166,0.715522289276123
7167,0.708362340927124
7168,0.7116190791130066
7169,0.7156286835670471
7170,0.701450526714325
7171,0.7059565782546997
7172,0.701477587223053
7173,0.7013285756111145
7174,0.7091886401176453
7175,0.7026270031929016
7176,0.7001950144767761
7177,0.7022151350975037
7178,0.7079750299453735
7179,0.7021526098251343
7180,0.7050466537475586
7181,0.7077779173851013
7182,0.7079110741615295
7183,0.7086086869239807
7184,0.7142603397369385
7185,0.7107207179069519
7186,0.709428608417511
7187,0.7098537087440491
7188,0.705951452255249
7189,0.6970104575157166
7190,0.7053607702255249
7191,0.7054240703582764
7192,0.7051584124565125
7193,0.6971602439880371
7194,0.7074735760688782
7195,0.7108564972877502
7196,0.70311439037323
7197,0.7054574489593506
7198,0.7114112377166748
7199,0.6986191868782043
7200,0.7063585519790649
7201,0.7068418264389038
7202,0.7060381174087524
7203,0.7007952332496643
7204,0.7000598907470703
7205,0.7026217579841614
7206,0.7001990079879761
7207,0.702802300453186
7208,0.7041454911231995
7209,0.7051339149475098
7210,0.7045822739601135
7211,0.7094877362251282
7212,0.7131291627883911
7213,0.7178629636764526
7214,0.7158096432685852
7215,0.7243382334709167
7216,0.7161558270454407
7217,0.7171457409858704
7218,0.7170012593269348
7219,0.7133470773696899
7220,0.7144341468811035
7221,0.7146628499031067
7222,0.7148818373680115
7223,0.7216253876686096
7224,0.7183831930160522
7225,0.7164931297302246
7226,0.714714527130127
7227,0.7203881740570068
7228,0.7256239652633667
7229,0.7157604694366455
7230,0.7180362343788147
7231,0.7145813703536987
7232,0.7122385501861572
7233,0.7120826840400696
7234,0.7151065468788147
7235,0.7102645039558411
7236,0.4886777102947235
7237,0.715186357498169
7238,0.7231926918029785
7239,0.6952047944068909
7240,0.7160152196884155
7241,0.6494640707969666
7242,0.7153195738792419
7243,0.7061119079589844
7244,0.7065473198890686
7245,0.7065436840057373
7246,0.6968775987625122
7247,0.7008759379386902
7248,0.696528434753418
7249,0.7022330164909363
7250,0.6942803859710693
7251,0.6961134076118469
7252,0.7036417126655579
7253,0.6957910656929016
7254,0.7059763669967651
7255,0.7058386206626892
7256,0.7041673064231873
7257,0.7103407382965088
7258,0.7192901372909546
7259,0.7202576994895935
7260,0.7187798023223877
7261,0.7176107168197632
7262,0.7206659317016602
7263,0.7177440524101257
7264,0.7240995168685913
7265,0.720973014831543
7266,0.7353345155715942
7267,0.7276061773300171
7268,0.7298346161842346
7269,0.7303004264831543
7270,0.7230091691017151
7271,0.7270954251289368
7272,0.7160413861274719
7273,0.7182684540748596
7274,0.7117811441421509
7275,0.7098513841629028
7276,0.7110719084739685
7277,0.6988956332206726
7278,0.7097735404968262
7279,0.7134724855422974
7280,0.7156356573104858
7281,0.7179470062255859
7282,0.720683753490448
7283,0.7146944999694824
7284,0.71208256483078
7285,0.708869218826294
7286,0.7100226879119873
7287,0.7114068269729614
7288,0.7158514261245728
7289,0.715488076210022
7290,0.7145004868507385
7291,0.7153675556182861
7292,0.7137624025344849
7293,0.714062511920929
7294,0.7127050161361694
7295,0.7099507451057434
7296,0.7109552621841431
7297,0.7084112167358398
7298,0.7083998918533325
7299,0.7112931609153748
7300,0.7171259522438049
7301,0.7179798483848572
7302,0.7163264155387878
7303,0.7171915769577026
7304,0.7155025601387024
7305,0.7232955694198608
7306,0.7179523706436157
7307,0.47017356753349304
7308,0.7266183495521545
7309,0.7281721830368042
7310,0.5613912343978882
7311,0.24480575323104858
7312,0.2926753759384155
7313,0.25722062587738037
7314,0.2684496343135834
7315,0.25269708037376404
7316,0.29889893531799316
7317,0.28189563751220703
7318,0.26105931401252747
7319,0.3428913652896881
7320,0.2690490186214447
7321,0.25818803906440735
7322,0.266325980424881
7323,0.2952631711959839
7324,0.2859841585159302
7325,0.723692774772644
7326,0.7213043570518494
7327,0.6905107498168945
7328,0.7251453995704651
7329,0.487934947013855
7330,0.7289019227027893
7331,0.7209252715110779
7332,0.7314500212669373
7333,0.7259753942489624
7334,0.7168493270874023
7335,0.7271004319190979
7336,0.7048051357269287
7337,0.710975706577301
7338,0.7113528847694397
7339,0.7046087384223938
7340,0.7043810486793518
7341,0.7035700082778931
7342,0.6882976293563843
7343,0.6887177228927612
7344,0.6746853590011597
7345,0.6937910914421082
7346,0.7051642537117004
7347,0.6888270378112793
7348,0.6982354521751404
7349,0.7130553126335144
7350,0.6980127096176147
7351,0.7066124677658081
7352,0.7063902616500854
7353,0.7055075764656067
7354,0.7039640545845032
7355,0.7124198079109192
7356,0.7134081721305847
7357,0.7133592367172241
7358,0.7145940065383911
7359,0.7213620543479919
7360,0.7245367765426636
7361,0.7287532091140747
7362,0.7215216755867004
7363,0.7116507887840271
7364,0.7164293527603149
7365,0.713938295841217
7366,0.7154432535171509
7367,0.716302752494812
7368,0.7172183990478516
7369,0.7136838436126709
7370,0.7149630784988403
7371,0.7177788019180298
7372,0.7088485360145569
7373,0.7146831750869751
7374,0.7171998023986816
7375,0.7269619703292847
7376,0.7170283794403076
7377,0.7138978838920593
7378,0.7176514863967896
7379,0.7205547094345093
7380,0.7177101373672485
7381,0.7207560539245605
7382,0.7107275128364563
7383,0.7149356603622437
7384,0.7099140882492065
7385,0.714012861251831
7386,0.7134615778923035
7387,0.7111144661903381
7388,0.7100038528442383
7389,0.705145001411438
7390,0.7038393616676331
7391,0.6911965012550354
7392,0.7080685496330261
7393,0.7100651860237122
7394,0.7104934453964233
7395,0.7062963247299194
7396,0.7123641967773438
7397,0.7216122150421143
7398,0.724642813205719
7399,0.7321906685829163
7400,0.7308817505836487
7401,0.7372470498085022
7402,0.7393437027931213
7403,0.7391928434371948
7404,0.7235381007194519
7405,0.7325714826583862
7406,0.7228957414627075
7407,0.7212450504302979
7408,0.7242037653923035
7409,0.7245450615882874
7410,0.7113098502159119
7411,0.7127315998077393
7412,0.7137165069580078
7413,0.7134843468666077
7414,0.7015248537063599
7415,0.6999092102050781
7416,0.6936289668083191
7417,0.6895739436149597
7418,0.6880888342857361
7419,0.6906059980392456
7420,0.6928896307945251
7421,0.6741935014724731
7422,0.6855394244194031
7423,0.6860962510108948
7424,0.6678948402404785
7425,0.6859075427055359
7426,0.6971416473388672
7427,0.6938334703445435
7428,0.7071634531021118
7429,0.709784209728241
7430,0.7085005044937134
7431,0.709999680519104
7432,0.6948119401931763
7433,0.7101708650588989
7434,0.691394567489624
7435,0.7030490040779114
7436,0.7139476537704468
7437,0.7085405588150024
7438,0.7094190716743469
7439,0.7175287008285522
7440,0.7162184119224548
7441,0.7261829376220703
7442,0.7184033989906311
7443,0.7265894412994385
7444,0.719096302986145
7445,0.7049512267112732
7446,0.7161126732826233
7447,0.44471052289009094
7448,0.7126736044883728
7449,0.7085942029953003
7450,0.6997550129890442
7451,0.6988095045089722
7452,0.6972123980522156
7453,0.6976839303970337
7454,0.6998917460441589
7455,0.6915212869644165
7456,0.6983513236045837
7457,0.6993944644927979
7458,0.7014030814170837
7459,0.687552809715271
7460,0.7053627967834473
7461,0.7128114104270935
7462,0.710752010345459
7463,0.7120035886764526
7464,0.7127375602722168
7465,0.7053604125976562
7466,0.717365562915802
7467,0.719085693359375
7468,0.7133418917655945
7469,0.7102413177490234
7470,0.7293699383735657
7471,0.7217274308204651
7472,0.7205588817596436
7473,0.717825174331665
7474,0.7111164927482605
7475,0.7149100303649902
7476,0.718741774559021
7477,0.7056141495704651
7478,0.706332266330719
7479,0.7032346129417419
7480,0.7058404684066772
7481,0.7042366862297058
7482,0.7009381651878357
7483,0.7051145434379578
7484,0.7051722407341003
7485,0.7121381163597107
7486,0.7100878953933716
7487,0.7100902199745178
7488,0.7112598419189453
7489,0.7098039984703064
7490,0.7187580466270447
7491,0.7098973393440247
7492,0.7128340601921082
7493,0.7156255841255188
7494,0.7139781713485718
7495,0.7195136547088623
7496,0.7075418829917908
7497,0.7127798795700073
7498,0.7143653035163879
7499,0.7164934277534485
7500,0.7142173051834106
7501,0.7050958871841431
7502,0.7069522142410278
7503,0.7095062732696533
7504,0.7125557065010071
7505,0.7112228274345398
7506,0.7105278372764587
7507,0.7083585858345032
7508,0.7088329195976257
7509,0.7068284153938293
7510,0.6969550251960754
7511,0.7071824073791504
7512,0.7056836485862732
7513,0.7101024985313416
7514,0.7103797793388367
7515,0.7098585963249207
7516,0.7106143832206726
7517,0.7129004597663879
7518,0.7121865153312683
7519,0.7218257784843445
7520,0.7204380631446838
7521,0.7212427258491516
7522,0.7216468453407288
7523,0.7242175340652466
7524,0.7264106273651123
7525,0.721123218536377
7526,0.7211341261863708
7527,0.7201889157295227
7528,0.714851438999176
7529,0.7252863049507141
7530,0.7148048281669617
7531,0.7128582000732422
7532,0.7154834270477295
7533,0.7134777307510376
7534,0.7146955132484436
7535,0.7149569392204285
7536,0.7199692726135254
7537,0.7179512977600098
7538,0.720177948474884
7539,0.7231707572937012
7540,0.7207366824150085
7541,0.7202463150024414
7542,0.7280693054199219
7543,0.7230421900749207
7544,0.6560393571853638
7545,0.5136330127716064
7546,0.645197331905365
7547,0.34253227710723877
7548,0.6006274819374084
7549,0.7235623598098755
7550,0.722303569316864
7551,0.7136807441711426
7552,0.7182607054710388
7553,0.7085848450660706
7554,0.7091586589813232
7555,0.6996777653694153
7556,0.6888921856880188
7557,0.6889709234237671
7558,0.6892052292823792
7559,0.6859255433082581
7560,0.6703953742980957
7561,0.6751812100410461
7562,0.670796275138855
7563,0.6647553443908691
7564,0.6696188449859619
7565,0.6674236059188843
7566,0.672572135925293
7567,0.6750457882881165
7568,0.6913958191871643
7569,0.6809565424919128
7570,0.6923248767852783
7571,0.6861757040023804
7572,0.6899126172065735
7573,0.6913741827011108
7574,0.6894429922103882
7575,0.6891989707946777
7576,0.6969780325889587
7577,0.6884796619415283
7578,0.6958329677581787
7579,0.6949782967567444
7580,0.6942192316055298
7581,0.6996299028396606
7582,0.703243613243103
7583,0.7122655510902405
7584,0.7039855122566223
7585,0.7124982476234436
7586,0.7117603421211243
7587,0.7133145928382874
7588,0.7132863998413086
7589,0.7168533205986023
7590,0.7190276980400085
7591,0.7176048159599304
7592,0.706845223903656
7593,0.7054048776626587
7594,0.7149345278739929
7595,0.7053622603416443
7596,0.7147040367126465
7597,0.7156046628952026
7598,0.709199845790863
7599,0.7136134505271912
7600,0.7188682556152344
7601,0.7224119305610657
7602,0.7162190675735474
7603,0.7136262059211731
7604,0.7096916437149048
7605,0.7076883912086487
7606,0.7154796123504639
7607,0.7067490220069885
7608,0.7052247524261475
7609,0.7111434936523438
7610,0.7027477025985718
7611,0.7014824748039246
7612,0.71126389503479
7613,0.7137946486473083
7614,0.712527334690094
7615,0.7138763666152954
7616,0.7109390497207642
7617,0.7101197838783264
7618,0.7080323100090027
7619,0.7014405131340027
7620,0.7003503441810608
7621,0.7016350626945496
7622,0.7046887874603271
7623,0.705192506313324
7624,0.7065904140472412
7625,0.7052417397499084
7626,0.7070708870887756
7627,0.7096935510635376
7628,0.7083926796913147
7629,0.7109702229499817
7630,0.7096845507621765
7631,0.705583930015564
7632,0.7139074206352234
7633,0.7139883637428284
7634,0.7048081755638123
7635,0.7042519450187683
7636,0.7138461470603943
7637,0.7167642712593079
7638,0.7154222726821899
7639,0.726108193397522
7640,0.5230804681777954
7641,0.7326716184616089
7642,0.72849041223526
7643,0.6631379127502441
7644,0.6225916743278503
7645,0.7443366646766663
7646,0.660532534122467
7647,0.733070433139801
7648,0.7222372889518738
7649,0.7185163497924805
7650,0.7234081625938416
7651,0.717053234577179
7652,0.7172563672065735
7653,0.7172020077705383
7654,0.7180812954902649
7655,0.7201867699623108
7656,0.7144696116447449
7657,0.7195544838905334
7658,0.7218563556671143
7659,0.7210651636123657
7660,0.7077366709709167
7661,0.7112959027290344
7662,0.7091461420059204
7663,0.7095474004745483
7664,0.705478847026825
7665,0.7018559575080872
7666,0.7169777154922485
7667,0.7035458087921143
7668,0.6910436749458313
7669,0.713029682636261
7670,0.7143799066543579
7671,0.7143720984458923
7672,0.71429842710495
7673,0.7174276113510132
7674,0.7205392718315125
7675,0.6219504475593567
7676,0.7226698994636536
7677,0.7147391438484192
7678,0.7261261940002441
7679,0.7308931350708008
7680,0.7194822430610657
7681,0.7220900058746338
7682,0.7238730192184448
7683,0.7228072285652161
7684,0.7166096568107605
7685,0.7307822108268738
7686,0.7225855588912964
7687,0.7189732789993286
7688,0.7114750742912292
7689,0.7010862827301025
7690,0.7105051875114441
7691,0.7115617394447327
7692,0.7048097848892212
7693,0.6924509406089783
7694,0.7006798386573792
7695,0.6955453157424927
7696,0.694502592086792
7697,0.6943511962890625
7698,0.6917594075202942
7699,0.6919080018997192
7700,0.6922978758811951
7701,0.6885148286819458
7702,0.6874793767929077
7703,0.6897420883178711
7704,0.6664420962333679
7705,0.689044177532196
7706,0.6925628185272217
7707,0.7052374482154846
7708,0.699269711971283
7709,0.6992437243461609
7710,0.6986792683601379
7711,0.7069236636161804
7712,0.7094000577926636
7713,0.6993641257286072
7714,0.70762038230896
7715,0.7016571164131165
7716,0.7038540840148926
7717,0.7036343216896057
7718,0.7106441855430603
7719,0.7022230625152588
7720,0.7019850611686707
7721,0.7018799781799316
7722,0.697073757648468
7723,0.6975109577178955
7724,0.696103572845459
7725,0.7073273062705994
7726,0.6934427618980408
7727,0.7078438401222229
7728,0.7099488973617554
7729,0.7114454507827759
7730,0.7189701795578003
7731,0.7187240719795227
7732,0.7179557681083679
7733,0.7259106040000916
7734,0.728854775428772
7735,0.7247314453125
7736,0.5564396977424622
7737,0.7288703918457031
7738,0.7292830944061279
7739,0.6520270705223083
7740,0.7258462309837341
7741,0.7170864343643188
7742,0.7317553758621216
7743,0.7215679287910461
7744,0.720434844493866
7745,0.7197295427322388
7746,0.7201261520385742
7747,0.6530185341835022
7748,0.7201758027076721
7749,0.7237666249275208
7750,0.7267339825630188
7751,0.7250975966453552
7752,0.7204449772834778
7753,0.7122703790664673
7754,0.7075206637382507
7755,0.7187456488609314
7756,0.7121135592460632
7757,0.7059816122055054
7758,0.7058841586112976
7759,0.7147147059440613
7760,0.7184457182884216
7761,0.7116632461547852
7762,0.7147086262702942
7763,0.7222434282302856
7764,0.7213532328605652
7765,0.7233191132545471
7766,0.7193979024887085
7767,0.7214534282684326
7768,0.7139946222305298
7769,0.6922987699508667
7770,0.7180836796760559
7771,0.7156859040260315
7772,0.7231839299201965
7773,0.717217206954956
7774,0.7176237106323242
7775,0.7309976816177368
7776,0.7175472974777222
7777,0.7147303223609924
7778,0.7181676030158997
7779,0.7187662124633789
7780,0.7135190963745117
7781,0.7167723774909973
7782,0.7142959237098694
7783,0.7092955112457275
7784,0.7084561586380005
7785,0.7047361135482788
7786,0.7036483287811279
7787,0.7036009430885315
7788,0.6952362060546875
7789,0.6974238753318787
7790,0.694642186164856
7791,0.6965842843055725
7792,0.694915771484375
7793,0.6965612173080444
7794,0.6955949068069458
7795,0.7000296115875244
7796,0.7011063098907471
7797,0.7063421607017517
7798,0.7015331983566284
7799,0.7011367082595825
7800,0.688771665096283
7801,0.6910482048988342
7802,0.6841137409210205
7803,0.6871718764305115
7804,0.690582811832428
7805,0.6829196214675903
7806,0.6765842437744141
7807,0.6775336861610413
7808,0.6704667806625366
7809,0.6731637716293335
7810,0.6751922965049744
7811,0.6792008876800537
7812,0.6854850649833679
7813,0.6858776211738586
7814,0.6856107115745544
7815,0.691420316696167
7816,0.6935140490531921
7817,0.6956725716590881
7818,0.70329749584198
7819,0.7062327861785889
7820,0.7053926587104797
7821,0.7126080989837646
7822,0.7074597477912903
7823,0.7092106938362122
7824,0.718657910823822
7825,0.7182226181030273
7826,0.7151061296463013
7827,0.7143474817276001
7828,0.714449942111969
7829,0.7136678695678711
7830,0.7127995491027832
7831,0.7118571996688843
7832,0.7108834981918335
7833,0.7067964673042297
7834,0.6956096887588501
7835,0.7179663181304932
7836,0.7114315032958984
7837,0.7203918695449829
7838,0.712702214717865
7839,0.7159929275512695
7840,0.7152876257896423
7841,0.7150450348854065
7842,0.719700813293457
7843,0.7187127470970154
7844,0.7195746898651123
7845,0.7184370160102844
7846,0.7153370976448059
7847,0.7132781147956848
7848,0.7127694487571716
7849,0.7026482820510864
7850,0.705984890460968
7851,0.708577573299408
7852,0.7084105014801025
7853,0.7106600999832153
7854,0.7089797854423523
7855,0.7145581841468811
7856,0.7156813144683838
7857,0.7169679403305054
7858,0.7158176302909851
7859,0.7133103013038635
7860,0.7017759084701538
7861,0.711699903011322
7862,0.7048388123512268
7863,0.7050589919090271
7864,0.7045956254005432
7865,0.7052220702171326
7866,0.7014523148536682
7867,0.6937287449836731
7868,0.6910049319267273
7869,0.690848171710968
7870,0.6894791722297668
7871,0.6912139654159546
7872,0.690550684928894
7873,0.6876575350761414
7874,0.6866331696510315
7875,0.6807616949081421
7876,0.6943054795265198
7877,0.6980901956558228
7878,0.6992776989936829
7879,0.7011010050773621
7880,0.6968839764595032
7881,0.6975008249282837
7882,0.6968255043029785
7883,0.699883759021759
7884,0.7010824084281921
7885,0.7019503712654114
7886,0.7044122219085693
7887,0.7057008147239685
7888,0.7080672979354858
7889,0.7165359258651733
7890,0.7118676900863647
7891,0.70688396692276
7892,0.7055920362472534
7893,0.6997462511062622
7894,0.7088143229484558
7895,0.7102429270744324
7896,0.7126920223236084
7897,0.7137836217880249
7898,0.7128114700317383
7899,0.7150291204452515
7900,0.7059260010719299
7901,0.7070138454437256
7902,0.7103568911552429
7903,0.7102855443954468
7904,0.7120299935340881
7905,0.7174023985862732
7906,0.7107306122779846
7907,0.7050353288650513
7908,0.704332709312439
7909,0.7034155130386353
7910,0.7050982713699341
7911,0.6960155367851257
7912,0.6932910084724426
7913,0.695379376411438
7914,0.6981899738311768
7915,0.6955177187919617
7916,0.6974495053291321
7917,0.6882125735282898
7918,0.6928181648254395
7919,0.6959919929504395
7920,0.6932601928710938
7921,0.6968567371368408
7922,0.6933116912841797
7923,0.6928629875183105
7924,0.7078951001167297
7925,0.7059569954872131
7926,0.71223384141922
7927,0.710472583770752
7928,0.7053206562995911
7929,0.7105532884597778
7930,0.7106536030769348
7931,0.5948776006698608
7932,0.7159435153007507
7933,0.7182254791259766
7934,0.719906210899353
7935,0.7228662967681885
7936,0.7144494652748108
7937,0.717311441898346
7938,0.7182536125183105
7939,0.715587317943573
7940,0.7128171324729919
7941,0.7015475034713745
7942,0.7055121660232544
7943,0.703066349029541
7944,0.7079647183418274
7945,0.7097803354263306
7946,0.7084578275680542
7947,0.7048594951629639
7948,0.7150431275367737
7949,0.7185054421424866
7950,0.7106357216835022
7951,0.7086155414581299
7952,0.7109256982803345
7953,0.7104879021644592
7954,0.7063291668891907
7955,0.7055147290229797
7956,0.7079681754112244
7957,0.7005341649055481
7958,0.7029109597206116
7959,0.7018190622329712
7960,0.7002479434013367
7961,0.7009100914001465
7962,0.7030144333839417
7963,0.7045010924339294
7964,0.705199658870697
7965,0.7072488069534302
7966,0.7069377303123474
7967,0.7053342461585999
7968,0.7035542130470276
7969,0.6993105411529541
7970,0.6933221220970154
7971,0.6767933368682861
7972,0.6916225552558899
7973,0.690698504447937
7974,0.690604031085968
7975,0.6884354948997498
7976,0.6874339580535889
7977,0.6836280226707458
7978,0.6867450475692749
7979,0.6888552904129028
7980,0.6969795227050781
7981,0.6998584866523743
7982,0.6942358016967773
7983,0.7043632864952087
7984,0.7061935663223267
7985,0.703889787197113
7986,0.7002385258674622
7987,0.7111925482749939
7988,0.7075393795967102
7989,0.7128143310546875
7990,0.7133661508560181
7991,0.7162147760391235
7992,0.7104300856590271
7993,0.710723340511322
7994,0.7143064141273499
7995,0.7196348309516907
7996,0.7231364846229553
7997,0.7101578116416931
7998,0.7101407647132874
7999,0.7088109254837036
8000,0.6950652003288269
8001,0.7012850642204285
8002,0.6995232105255127
8003,0.7069675922393799
8004,0.7004555463790894
8005,0.7116707563400269
8006,0.7118117809295654
8007,0.7169055938720703
8008,0.7205628156661987
8009,0.7252789735794067
8010,0.7305917739868164
8011,0.7352664470672607
8012,0.7365490794181824
8013,0.7346411347389221
8014,0.7295487523078918
8015,0.7305747270584106
8016,0.7204241156578064
8017,0.7152614593505859
8018,0.720233678817749
8019,0.7189240455627441
8020,0.7082439661026001
8021,0.7076737880706787
8022,0.7068884372711182
8023,0.6979387998580933
8024,0.6991288065910339
8025,0.6987677216529846
8026,0.6842786073684692
8027,0.6926463842391968
8028,0.686050534248352
8029,0.6886176466941833
8030,0.6975024938583374
8031,0.698651134967804
8032,0.6987990736961365
8033,0.6759055256843567
8034,0.687314510345459
8035,0.6878735423088074
8036,0.6858953833580017
8037,0.6839187741279602
8038,0.6897266507148743
8039,0.6900172829627991
8040,0.6919254064559937
8041,0.6924126744270325
8042,0.6964571475982666
8043,0.6966784000396729
8044,0.7096605896949768
8045,0.7090815305709839
8046,0.7010408639907837
8047,0.7029533386230469
8048,0.7054181098937988
8049,0.7062463760375977
8050,0.7057136297225952
8051,0.7000896334648132
8052,0.695530891418457
8053,0.694546639919281
8054,0.6950121521949768
8055,0.6956943869590759
8056,0.6962892413139343
8057,0.7068637013435364
8058,0.7010087370872498
8059,0.7034164667129517
8060,0.7069819569587708
8061,0.7102657556533813
8062,0.7096871137619019
8063,0.7102128267288208
8064,0.7043882608413696
8065,0.7087892889976501
8066,0.708740770816803
8067,0.7064647078514099
8068,0.710211992263794
8069,0.711995005607605
8070,0.7211359143257141
8071,0.721752941608429
8072,0.7080069780349731
8073,0.7349026799201965
8074,0.7387222051620483
8075,0.7371980547904968
8076,0.735370397567749
8077,0.7319981455802917
8078,0.7331424951553345
8079,0.6875120997428894
8080,0.7267473936080933
8081,0.7265405058860779
8082,0.7192314863204956
8083,0.720320463180542
8084,0.7180452942848206
8085,0.7189087271690369
8086,0.7066042423248291
8087,0.7111677527427673
8088,0.7103363871574402
8089,0.7070547342300415
8090,0.7072646021842957
8091,0.6974664926528931
8092,0.6952468752861023
8093,0.7030718922615051
8094,0.6937621235847473
8095,0.692792534828186
8096,0.6964136362075806
8097,0.6947948336601257
8098,0.6929755210876465
8099,0.6928187608718872
8100,0.6996644735336304
8101,0.6935465931892395
8102,0.7015894055366516
8103,0.6940885186195374
8104,0.7059303522109985
8105,0.7065556645393372
8106,0.70667564868927
8107,0.7097436785697937
8108,0.7104095816612244
8109,0.7176424264907837
8110,0.7181743383407593
8111,0.7178057432174683
8112,0.7162841558456421
8113,0.7148756980895996
8114,0.7179553508758545
8115,0.7238381505012512
8116,0.7256075739860535
8117,0.7256063222885132
8118,0.7165733575820923
8119,0.5565525889396667
8120,0.7167492508888245
8121,0.7153753042221069
8122,0.7131808996200562
8123,0.7184075117111206
8124,0.7196622490882874
8125,0.7175162434577942
8126,0.7150758504867554
8127,0.7168238162994385
8128,0.7118246555328369
8129,0.7145201563835144
8130,0.704094409942627
8131,0.7039740085601807
8132,0.7028442025184631
8133,0.7049806118011475
8134,0.7035273313522339
8135,0.7075373530387878
8136,0.7101678252220154
8137,0.7113716006278992
8138,0.7074949741363525
8139,0.7116907835006714
8140,0.71335369348526
8141,0.7133992910385132
8142,0.7095795273780823
8143,0.7049943804740906
8144,0.7020143866539001
8145,0.6978000998497009
8146,0.6977853775024414
8147,0.6953518390655518
8148,0.7132483720779419
8149,0.7045899033546448
8150,0.7008149027824402
8151,0.7107151746749878
8152,0.7122001051902771
8153,0.7133582830429077
8154,0.7149656414985657
8155,0.7157619595527649
8156,0.7170712351799011
8157,0.7146116495132446
8158,0.7128431797027588
8159,0.7102839350700378
8160,0.7080081701278687
8161,0.7062188386917114
8162,0.7068936228752136
8163,0.7113917469978333
8164,0.7086318135261536
8165,0.7172413468360901
8166,0.7187635898590088
8167,0.7317281365394592
8168,0.7265548706054688
8169,0.720110297203064
8170,0.7262635827064514
8171,0.7226641774177551
8172,0.7273348569869995
8173,0.714827299118042
8174,0.7144700884819031
8175,0.7092087268829346
8176,0.7129402160644531
8177,0.7092494368553162
8178,0.7083672881126404
8179,0.7102451324462891
8180,0.7107905745506287
8181,0.7123494148254395
8182,0.7056849598884583
8183,0.7166401743888855
8184,0.7110361456871033
8185,0.712250292301178
8186,0.712698757648468
8187,0.7082659602165222
8188,0.7118394374847412
8189,0.7072455883026123
8190,0.7074812054634094
8191,0.705495297908783
8192,0.7033270597457886
8193,0.7015131711959839
8194,0.7031524777412415
8195,0.6926923990249634
8196,0.690531313419342
8197,0.6512847542762756
8198,0.6891207098960876
8199,0.6907384991645813
8200,0.6996363401412964
8201,0.6861188411712646
8202,0.6873725056648254
8203,0.687166690826416
8204,0.6880590915679932
8205,0.68792724609375
8206,0.6953732967376709
8207,0.6874452829360962
8208,0.6724520921707153
8209,0.6924692392349243
8210,0.6876266598701477
8211,0.6837218999862671
8212,0.6928122043609619
8213,0.6910951733589172
8214,0.6990913152694702
8215,0.7023001313209534
8216,0.7019011974334717
8217,0.6948665380477905
8218,0.7064324617385864
8219,0.7102121114730835
8220,0.7118611335754395
8221,0.7242340445518494
8222,0.7282258868217468
8223,0.7233579158782959
8224,0.7119042277336121
8225,0.7082120776176453
8226,0.7157955169677734
8227,0.714220404624939
8228,0.703741192817688
8229,0.7057307958602905
8230,0.7060471177101135
8231,0.7047067284584045
8232,0.7061160802841187
8233,0.7098966240882874
8234,0.7053499817848206
8235,0.6999866962432861
8236,0.7067223787307739
8237,0.7008854150772095
8238,0.691242516040802
8239,0.6910422444343567
8240,0.6877052783966064
8241,0.6872687339782715
8242,0.6856390237808228
8243,0.656562328338623
8244,0.6854376792907715
8245,0.686957061290741
8246,0.6842572689056396
8247,0.6803654432296753
8248,0.6819245219230652
8249,0.6900438666343689
8250,0.6896551847457886
8251,0.7045313119888306
8252,0.6930776834487915
8253,0.7015600204467773
8254,0.6922590732574463
8255,0.695669949054718
8256,0.7068080902099609
8257,0.709347128868103
8258,0.7134705185890198
8259,0.7148046493530273
8260,0.7158154845237732
8261,0.7118521928787231
8262,0.721025824546814
8263,0.7220543026924133
8264,0.7189962863922119
8265,0.7189524173736572
8266,0.7157122492790222
8267,0.7204272150993347
8268,0.7197296619415283
8269,0.7190854549407959
8270,0.7214640378952026
8271,0.7213531732559204
8272,0.7217195630073547
8273,0.7214745283126831
8274,0.7206832766532898
8275,0.7212330102920532
8276,0.7177872061729431
8277,0.7164133191108704
8278,0.7187575697898865
8279,0.7128616571426392
8280,0.7079793214797974
8281,0.7037264704704285
8282,0.6947242021560669
8283,0.702714204788208
8284,0.6913339495658875
8285,0.7020148038864136
8286,0.7019137740135193
8287,0.6997056603431702
8288,0.7043535113334656
8289,0.7067437171936035
8290,0.705895185470581
8291,0.7049629092216492
8292,0.6954908967018127
8293,0.6974908113479614
8294,0.6913768649101257
8295,0.6894150376319885
8296,0.6955652832984924
8297,0.6948807239532471
8298,0.6977699398994446
8299,0.6955220103263855
8300,0.6955740451812744
8301,0.6967809200286865
8302,0.7071669697761536
8303,0.7102543711662292
8304,0.7135823369026184
8305,0.7131209969520569
8306,0.7086513638496399
8307,0.7071332335472107
8308,0.7039869427680969
8309,0.7020560503005981
8310,0.6974577903747559
8311,0.6980844140052795
8312,0.689023494720459
8313,0.6989517211914062
8314,0.7012546062469482
8315,0.7044950723648071
8316,0.6902976036071777
8317,0.6992489695549011
8318,0.706621527671814
8319,0.6931757926940918
8320,0.6992387771606445
8321,0.6990740299224854
8322,0.6882393956184387
8323,0.6863322257995605
8324,0.6871730089187622
8325,0.6863514184951782
8326,0.6867786049842834
8327,0.6866744160652161
8328,0.6877301335334778
8329,0.6874746084213257
8330,0.6957094669342041
8331,0.6862800121307373
8332,0.6940636038780212
8333,0.6952686309814453
8334,0.6948617696762085
8335,0.6982125043869019
8336,0.695793092250824
8337,0.6997412443161011
8338,0.6987707614898682
8339,0.6919148564338684
8340,0.6981238722801208
8341,0.6991996169090271
8342,0.7031571269035339
8343,0.7075027823448181
8344,0.7062236070632935
8345,0.7083302140235901
8346,0.7079620361328125
8347,0.7112265825271606
8348,0.7028777003288269
8349,0.715656578540802
8350,0.6862877607345581
8351,0.6894391179084778
8352,0.6872088313102722
8353,0.6878241896629333
8354,0.6849525570869446
8355,0.6848554015159607
8356,0.6851497888565063
8357,0.6870142221450806
8358,0.6866210103034973
8359,0.6900940537452698
8360,0.698356568813324
8361,0.7035317420959473
8362,0.7016599774360657
8363,0.7020465731620789
8364,0.7006094455718994
8365,0.6967024207115173
8366,0.7053878903388977
8367,0.7021406292915344
8368,0.7034541368484497
8369,0.6931207776069641
8370,0.6953814029693604
8371,0.7120599150657654
8372,0.695763111114502
8373,0.6981006860733032
8374,0.7054451107978821
8375,0.6938843131065369
8376,0.7062495946884155
8377,0.7059409618377686
8378,0.7082364559173584
8379,0.7117648124694824
8380,0.6301166415214539
8381,0.7136296629905701
8382,0.6846113801002502
8383,0.47565650939941406
8384,0.717067301273346
8385,0.7034816145896912
8386,0.7135456204414368
8387,0.7125434875488281
8388,0.7124677300453186
8389,0.7127416133880615
8390,0.7115473747253418
8391,0.7082697153091431
8392,0.7115597724914551
8393,0.7085036039352417
8394,0.7075554132461548
8395,0.7069805860519409
8396,0.7056015133857727
8397,0.7022141218185425
8398,0.7027553915977478
8399,0.7011110782623291
8400,0.7028211951255798
8401,0.6984042525291443
8402,0.6974418759346008
8403,0.6969175934791565
8404,0.700139045715332
8405,0.7018274664878845
8406,0.7017143368721008
8407,0.705037534236908
8408,0.7071124315261841
8409,0.7146425843238831
8410,0.7119990587234497
8411,0.718791663646698
8412,0.7209644317626953
8413,0.7197207808494568
8414,0.7198377251625061
8415,0.3837015926837921
8416,0.6855563521385193
8417,0.5986486673355103
8418,0.7234710454940796
8419,0.5094940066337585
8420,0.6322475671768188
8421,0.6170293688774109
8422,0.7300919890403748
8423,0.7246736288070679
8424,0.725801944732666
8425,0.7214062213897705
8426,0.6453471183776855
8427,0.7185375690460205
8428,0.6099298596382141
8429,0.7013274431228638
8430,0.7195726037025452
8431,0.7116734981536865
8432,0.7098541855812073
8433,0.7132729291915894
8434,0.7036465406417847
8435,0.7044938802719116
8436,0.6990912556648254
8437,0.6885796785354614
8438,0.6912825107574463
8439,0.68166184425354
8440,0.6748373508453369
8441,0.6766989231109619
8442,0.6739569306373596
8443,0.6640459299087524
8444,0.6735193133354187
8445,0.6668241620063782
8446,0.6797084808349609
8447,0.6874005198478699
8448,0.6898852586746216
8449,0.6816362738609314
8450,0.6960808038711548
8451,0.7057617902755737
8452,0.7061744332313538
8453,0.7138657569885254
8454,0.7129219174385071
8455,0.7163625359535217
8456,0.7159452438354492
8457,0.7235478758811951
8458,0.7199394106864929
8459,0.7096503376960754
8460,0.7090348601341248
8461,0.7137526869773865
8462,0.7034754157066345
8463,0.7022027373313904
8464,0.7056965231895447
8465,0.693873405456543
8466,0.6991340517997742
8467,0.7007703185081482
8468,0.6944112777709961
8469,0.6884298920631409
8470,0.7003147006034851
8471,0.6970090270042419
8472,0.6958338022232056
8473,0.6895926594734192
8474,0.6869645118713379
8475,0.6899250745773315
8476,0.6918777227401733
8477,0.6998788118362427
8478,0.6999977231025696
8479,0.6935778856277466
8480,0.7004776000976562
8481,0.7084340453147888
8482,0.7083788514137268
8483,0.7188243269920349
8484,0.7218377590179443
8485,0.72078937292099
8486,0.725700318813324
8487,0.7256947755813599
8488,0.7373828291893005
8489,0.7390552163124084
8490,0.7403929233551025
8491,0.7355021238327026
8492,0.7273085117340088
8493,0.7235847115516663
8494,0.7265673279762268
8495,0.7235400676727295
8496,0.7182209491729736
8497,0.7231891751289368
8498,0.7201083898544312
8499,0.7102169990539551
8500,0.7030217051506042
8501,0.7003418803215027
8502,0.698922336101532
8503,0.6990028619766235
8504,0.6983726024627686
8505,0.6966721415519714
8506,0.6994496583938599
8507,0.7048413753509521
8508,0.7068327069282532
8509,0.7082064747810364
8510,0.7144589424133301
8511,0.704001784324646
8512,0.7123391628265381
8513,0.7227821350097656
8514,0.723565399646759
8515,0.7232810854911804
8516,0.7110825181007385
8517,0.7212039232254028
8518,0.7276086807250977
8519,0.7259458303451538
8520,0.727889358997345
8521,0.7241722345352173
8522,0.7220250368118286
8523,0.7207335233688354
8524,0.7188794612884521
8525,0.7151525020599365
8526,0.7142948508262634
8527,0.7182905673980713
8528,0.7161327600479126
8529,0.7208737730979919
8530,0.7170373201370239
8531,0.7144796252250671
8532,0.7164303660392761
8533,0.717163622379303
8534,0.7048950791358948
8535,0.7116333842277527
8536,0.7064877152442932
8537,0.704750120639801
8538,0.708001971244812
8539,0.7026441097259521
8540,0.7016999125480652
8541,0.699654757976532
8542,0.6990405917167664
8543,0.6992825269699097
8544,0.7167403697967529
8545,0.7052003741264343
8546,0.7061037421226501
8547,0.7101349830627441
8548,0.7160826325416565
8549,0.7087780237197876
8550,0.7076717019081116
8551,0.714648962020874
8552,0.7077499628067017
8553,0.7064712643623352
8554,0.7042802572250366
8555,0.7000994086265564
8556,0.7009980082511902
8557,0.7003275752067566
8558,0.7102815508842468
8559,0.710597038269043
8560,0.7085859775543213
8561,0.7060413360595703
8562,0.7093876600265503
8563,0.712128758430481
8564,0.7144745588302612
8565,0.7149086594581604
8566,0.7171807289123535
8567,0.7147261500358582
8568,0.7085573673248291
8569,0.7038265466690063
8570,0.7057191729545593
8571,0.7027932405471802
8572,0.7071628570556641
8573,0.6983745098114014
8574,0.6999554634094238
8575,0.6889392137527466
8576,0.6876770257949829
8577,0.6695707440376282
8578,0.6738415360450745
8579,0.6747995615005493
8580,0.6803403496742249
8581,0.680100679397583
8582,0.6798473596572876
8583,0.6806938648223877
8584,0.6873936653137207
8585,0.6999850869178772
8586,0.7186485528945923
8587,0.7130270600318909
8588,0.7074387669563293
8589,0.7088409662246704
8590,0.7111534476280212
8591,0.709871232509613
8592,0.7132779955863953
8593,0.7092243432998657
8594,0.7032096982002258
8595,0.6927466988563538
8596,0.6999478340148926
8597,0.701298177242279
8598,0.7053509950637817
8599,0.7011046409606934
8600,0.6994140148162842
8601,0.7020174264907837
8602,0.6931650042533875
8603,0.6948142051696777
8604,0.6970563530921936
8605,0.699256956577301
8606,0.6906713247299194
8607,0.6720535159111023
8608,0.6942303776741028
8609,0.6924890279769897
8610,0.6923969388008118
8611,0.685839831829071
8612,0.698695719242096
8613,0.6976979374885559
8614,0.7002040147781372
8615,0.6995437145233154
8616,0.699514627456665
8617,0.6986271739006042
8618,0.6922221183776855
8619,0.6929371356964111
8620,0.6953948140144348
8621,0.7034747004508972
8622,0.698200523853302
8623,0.6816590428352356
8624,0.6995309591293335
8625,0.697476863861084
8626,0.696929931640625
8627,0.6942046284675598
8628,0.6926530003547668
8629,0.6992799043655396
8630,0.6991441249847412
8631,0.696816623210907
8632,0.6955056190490723
8633,0.6937443614006042
8634,0.6911873817443848
8635,0.6919399499893188
8636,0.6911619901657104
8637,0.685350775718689
8638,0.7053170800209045
8639,0.7009986042976379
8640,0.7018551230430603
8641,0.7128990292549133
8642,0.7153865098953247
8643,0.7165579795837402
8644,0.7121731638908386
8645,0.7083882689476013
8646,0.7116509675979614
8647,0.7106624841690063
8648,0.7086323499679565
8649,0.7117834091186523
8650,0.7101665139198303
8651,0.710334300994873
8652,0.7099496722221375
8653,0.7103442549705505
8654,0.7117077112197876
8655,0.7138730883598328
8656,0.7161095142364502
8657,0.7132019400596619
8658,0.7055174708366394
8659,0.7065519690513611
8660,0.7052448987960815
8661,0.7047490477561951
8662,0.7008116245269775
8663,0.6966043710708618
8664,0.6986315846443176
8665,0.6980334520339966
8666,0.6921213269233704
8667,0.7007409334182739
8668,0.7054095268249512
8669,0.7018272876739502
8670,0.700407862663269
8671,0.7006595134735107
8672,0.6996640563011169
8673,0.7022884488105774
8674,0.6931336522102356
8675,0.7018798589706421
8676,0.6996961236000061
8677,0.6984183192253113
8678,0.701541543006897
8679,0.7034833431243896
8680,0.7034248113632202
8681,0.7123668193817139
8682,0.7123405933380127
8683,0.710416316986084
8684,0.7074366211891174
8685,0.7089423537254333
8686,0.7093331813812256
8687,0.7129043340682983
8688,0.7133119702339172
8689,0.7121605277061462
8690,0.7079627513885498
8691,0.6885003447532654
8692,0.7142395377159119
8693,0.7026975750923157
8694,0.7021273374557495
8695,0.7059780359268188
8696,0.7072190642356873
8697,0.7062038779258728
8698,0.7050613164901733
8699,0.707906186580658
8700,0.7053316831588745
8701,0.7022532224655151
8702,0.7107090353965759
8703,0.7123143672943115
8704,0.7077837586402893
8705,0.7074437141418457
8706,0.7032444477081299
8707,0.7064919471740723
8708,0.6953255534172058
8709,0.7023098468780518
8710,0.7021782994270325
8711,0.699923574924469
8712,0.6976101398468018
8713,0.6963351368904114
8714,0.7018924355506897
8715,0.7021030783653259
8716,0.6941664218902588
8717,0.7046416401863098
8718,0.7041332721710205
8719,0.7075939774513245
8720,0.7089089751243591
8721,0.7091690301895142
8722,0.709771990776062
8723,0.7257611155509949
8724,0.7122357487678528
8725,0.7122215032577515
8726,0.7120064496994019
8727,0.7127141952514648
8728,0.7176780104637146
8729,0.7171568870544434
8730,0.7254289984703064
8731,0.7269185185432434
8732,0.7251450419425964
8733,0.7240175604820251
8734,0.7275398969650269
8735,0.7274364829063416
8736,0.7335455417633057
8737,0.7277560234069824
8738,0.729161262512207
8739,0.7344222068786621
8740,0.7277982234954834
8741,0.7268111109733582
8742,0.7223222255706787
8743,0.7216669917106628
8744,0.7223304510116577
8745,0.7224684357643127
8746,0.712082028388977
8747,0.7090185284614563
8748,0.7082548141479492
8749,0.7077696323394775
8750,0.7075730562210083
8751,0.7105502486228943
8752,0.7089740633964539
8753,0.7029901742935181
8754,0.7075716257095337
8755,0.7066892385482788
8756,0.6989380121231079
8757,0.7005960941314697
8758,0.7114061713218689
8759,0.7181782722473145
8760,0.7110792398452759
8761,0.7126098871231079
8762,0.7129480838775635
8763,0.7114500999450684
8764,0.7138012051582336
8765,0.7195014357566833
8766,0.7188733220100403
8767,0.7135267853736877
8768,0.7099976539611816
8769,0.7072958946228027
8770,0.7159014344215393
8771,0.714561939239502
8772,0.7156071066856384
8773,0.7158164381980896
8774,0.7100203037261963
8775,0.7114935517311096
8776,0.7119663953781128
8777,0.7104279398918152
8778,0.7099436521530151
8779,0.7095893621444702
8780,0.6740912795066833
8781,0.7060067057609558
8782,0.7071514129638672
8783,0.7063372135162354
8784,0.7059437036514282
8785,0.6999253630638123
8786,0.7026450037956238
8787,0.701521635055542
8788,0.7010124325752258
8789,0.7009850144386292
8790,0.6997725367546082
8791,0.6993964314460754
8792,0.6963731050491333
8793,0.6972466111183167
8794,0.685890793800354
8795,0.684442937374115
8796,0.6849528551101685
8797,0.6882386207580566
8798,0.6800627708435059
8799,0.6815720200538635
8800,0.6845841407775879
8801,0.6852457523345947
8802,0.696756899356842
8803,0.6867290139198303
8804,0.6901441812515259
8805,0.7014488577842712
8806,0.6965143084526062
8807,0.696239173412323
8808,0.7017552852630615
8809,0.6970474720001221
8810,0.6942040324211121
8811,0.7004543542861938
8812,0.6981507539749146
8813,0.6979898810386658
8814,0.6975927352905273
8815,0.698225736618042
8816,0.7083269953727722
8817,0.7085735201835632
8818,0.7088105082511902
8819,0.7109018564224243
8820,0.704042911529541
8821,0.7125813364982605
8822,0.7136901617050171
8823,0.7225794196128845
8824,0.7083595991134644
8825,0.7152324318885803
8826,0.7140699028968811
8827,0.7111418843269348
8828,0.7083865404129028
8829,0.7084254622459412
8830,0.7073426842689514
8831,0.7080870866775513
8832,0.7109965682029724
8833,0.7054218649864197
8834,0.7142969965934753
8835,0.7168089151382446
8836,0.4983728229999542
8837,0.7233364582061768
8838,0.24443064630031586
8839,0.21607235074043274
8840,0.22460786998271942
8841,0.3264387547969818
8842,0.29934436082839966
8843,0.28251826763153076
8844,0.7331905961036682
8845,0.7398360967636108
8846,0.45402783155441284
8847,0.5949782729148865
8848,0.736598789691925
8849,0.7324011921882629
8850,0.7359381318092346
8851,0.7329055666923523
8852,0.7194008231163025
8853,0.6171353459358215
8854,0.5631306767463684
8855,0.7227125763893127
8856,0.7190074920654297
8857,0.7128809690475464
8858,0.7141353487968445
8859,0.684952974319458
8860,0.7130623459815979
8861,0.6956741809844971
8862,0.7226260900497437
8863,0.716101348400116
8864,0.715839684009552
8865,0.7109110951423645
8866,0.7015799880027771
8867,0.7112516164779663
8868,0.7166841626167297
8869,0.709938645362854
8870,0.7189202308654785
8871,0.7171849012374878
8872,0.7113341689109802
8873,0.7109896540641785
8874,0.7090044617652893
8875,0.6995689272880554
8876,0.7005105018615723
8877,0.7057516574859619
8878,0.704333484172821
8879,0.7020131349563599
8880,0.7013545632362366
8881,0.688108503818512
8882,0.6912566423416138
8883,0.6818811893463135
8884,0.6947605013847351
8885,0.6964967846870422
8886,0.7063218355178833
8887,0.7060030698776245
8888,0.7125992178916931
8889,0.7103985548019409
8890,0.712618887424469
8891,0.7132611274719238
8892,0.7111710906028748
8893,0.7193145751953125
8894,0.7080525755882263
8895,0.6993709802627563
8896,0.7122102379798889
8897,0.7106828689575195
8898,0.7096930742263794
8899,0.7085287570953369
8900,0.7062175273895264
8901,0.7068114280700684
8902,0.7158315181732178
8903,0.7228361964225769
8904,0.7282164692878723
8905,0.7255197167396545
8906,0.7304627895355225
8907,0.7234634160995483
8908,0.728710949420929
8909,0.7200926542282104
8910,0.724994957447052
8911,0.722166121006012
8912,0.7229994535446167
8913,0.7222781181335449
8914,0.7130596041679382
8915,0.7141074538230896
8916,0.7151166796684265
8917,0.7165008187294006
8918,0.715096652507782
8919,0.7178030610084534
8920,0.7115174531936646
8921,0.7193754315376282
8922,0.7048121690750122
8923,0.7177497744560242
8924,0.7176362872123718
8925,0.7164142727851868
8926,0.7167525291442871
8927,0.7141234874725342
8928,0.715512216091156
8929,0.7101392149925232
8930,0.708704948425293
8931,0.7181394696235657
8932,0.7183334231376648
8933,0.7224923372268677
8934,0.7211412787437439
8935,0.7235848307609558
8936,0.7227381467819214
8937,0.7213065028190613
8938,0.7218374609947205
8939,0.7244482040405273
8940,0.7239235639572144
8941,0.7223525643348694
8942,0.7191922068595886
8943,0.7185330986976624
8944,0.7110162377357483
8945,0.7219688296318054
8946,0.7199501395225525
8947,0.7195795178413391
8948,0.7252588272094727
8949,0.7300968766212463
8950,0.612449049949646
8951,0.7363002300262451
8952,0.7253260016441345
8953,0.5715377330780029
8954,0.7300173044204712
8955,0.73121577501297
8956,0.7269388437271118
8957,0.7199242115020752
8958,0.7182519435882568
8959,0.7142953872680664
8960,0.7161649465560913
8961,0.71122807264328
8962,0.7168043851852417
8963,0.7171132564544678
8964,0.7216431498527527
8965,0.7002274990081787
8966,0.7056237459182739
8967,0.7066148519515991
8968,0.7051351070404053
8969,0.7085177898406982
8970,0.7070187926292419
8971,0.707672655582428
8972,0.7081305384635925
8973,0.7082033157348633
8974,0.7108153104782104
8975,0.7121207118034363
8976,0.7035714983940125
8977,0.7027943134307861
8978,0.7062487602233887
8979,0.7161128520965576
8980,0.7187210321426392
8981,0.7006116509437561
8982,0.7080346941947937
8983,0.7113098502159119
8984,0.7096179127693176
8985,0.7045155763626099
8986,0.6937021017074585
8987,0.6950286626815796
8988,0.6787514090538025
8989,0.691245436668396
8990,0.692974865436554
8991,0.6889167428016663
8992,0.6841790080070496
8993,0.6888153553009033
8994,0.6880330443382263
8995,0.689006507396698
8996,0.6879691481590271
8997,0.6898635029792786
8998,0.6897432208061218
8999,0.6890289187431335
9000,0.6946303844451904
9001,0.7037235498428345
9002,0.6975468993186951
9003,0.7079485058784485
9004,0.709261417388916
9005,0.7085879445075989
9006,0.7071661949157715
9007,0.7048262357711792
9008,0.701732873916626
9009,0.7006628513336182
9010,0.7081843614578247
9011,0.7081531882286072
9012,0.6992467641830444
9013,0.7045186161994934
9014,0.7074803113937378
9015,0.7107129096984863
9016,0.7051563262939453
9017,0.7039045095443726
9018,0.702113151550293
9019,0.7007036805152893
9020,0.7003160715103149
9021,0.6986923813819885
9022,0.6976454257965088
9023,0.7007823586463928
9024,0.7075077295303345
9025,0.7002411484718323
9026,0.6996377110481262
9027,0.7021507620811462
9028,0.7040034532546997
9029,0.7052885890007019
9030,0.7101141810417175
9031,0.703942596912384
9032,0.7095760107040405
9033,0.7094245553016663
9034,0.7126504778862
9035,0.7134242057800293
9036,0.712738573551178
9037,0.7108348608016968
9038,0.707116961479187
9039,0.7067080736160278
9040,0.7058128714561462
9041,0.7146546244621277
9042,0.7122147083282471
9043,0.7155223488807678
9044,0.7138174176216125
9045,0.712884247303009
9046,0.7132830023765564
9047,0.712184727191925
9048,0.7162591814994812
9049,0.7171985507011414
9050,0.7177437543869019
9051,0.7161552906036377
9052,0.716766357421875
9053,0.7159457206726074
9054,0.7132190465927124
9055,0.7126315236091614
9056,0.707444965839386
9057,0.7170434594154358
9058,0.714651346206665
9059,0.707733154296875
9060,0.6148597598075867
9061,0.7079067826271057
9062,0.7098472118377686
9063,0.7101089358329773
9064,0.7080131769180298
9065,0.712316632270813
9066,0.7136462330818176
9067,0.7131420969963074
9068,0.7059316039085388
9069,0.7142513990402222
9070,0.7046788930892944
9071,0.7132455706596375
9072,0.7097765207290649
9073,0.7066141366958618
9074,0.7021905779838562
9075,0.7017353773117065
9076,0.6960139870643616
9077,0.6985464096069336
9078,0.7087187170982361
9079,0.6490574479103088
9080,0.7047141790390015
9081,0.7057457566261292
9082,0.7015531659126282
9083,0.705341637134552
9084,0.7058423161506653
9085,0.7077738642692566
9086,0.7061650156974792
9087,0.706560492515564
9088,0.7114657759666443
9089,0.7125807404518127
9090,0.7077710628509521
9091,0.7088237404823303
9092,0.7137072086334229
9093,0.7068032622337341
9094,0.7042527794837952
9095,0.7033726572990417
9096,0.7057663798332214
9097,0.7061132788658142
9098,0.7066410183906555
9099,0.7107236385345459
9100,0.7101191282272339
9101,0.7036478519439697
9102,0.7044501900672913
9103,0.7061558365821838
9104,0.708853542804718
9105,0.7195910215377808
9106,0.7109774351119995
9107,0.7192535400390625
9108,0.7118492126464844
9109,0.7295427322387695
9110,0.7287368774414062
9111,0.7174029350280762
9112,0.7211512327194214
9113,0.7207144498825073
9114,0.7451106905937195
9115,0.7232897281646729
9116,0.7188306450843811
9117,0.7172244787216187
9118,0.713910698890686
9119,0.6994409561157227
9120,0.7068567276000977
9121,0.7039976716041565
9122,0.7029848098754883
9123,0.7006219625473022
9124,0.7008571624755859
9125,0.7037846446037292
9126,0.7142724394798279
9127,0.7055193781852722
9128,0.7192648649215698
9129,0.7119246125221252
9130,0.7231209874153137
9131,0.7115163803100586
9132,0.713247537612915
9133,0.7128196954727173
9134,0.7133550643920898
9135,0.7131383419036865
9136,0.7105665802955627
9137,0.7093324065208435
9138,0.7090123891830444
9139,0.7112774848937988
9140,0.7111195921897888
9141,0.7108837962150574
9142,0.7123548984527588
9143,0.7105021476745605
9144,0.7113823890686035
9145,0.7110315561294556
9146,0.6936940550804138
9147,0.7135218381881714
9148,0.7065878510475159
9149,0.7044455409049988
9150,0.7139744758605957
9151,0.7131807804107666
9152,0.7117880582809448
9153,0.7164053320884705
9154,0.715696394443512
9155,0.7155702710151672
9156,0.717289924621582
9157,0.7133251428604126
9158,0.7217150926589966
9159,0.7231709957122803
9160,0.7194172143936157
9161,0.7207675576210022
9162,0.722083568572998
9163,0.7179621458053589
9164,0.7088370323181152
9165,0.7157709002494812
9166,0.7126675248146057
9167,0.7113031148910522
9168,0.7112823128700256
9169,0.7089301943778992
9170,0.7054735422134399
9171,0.7141874432563782
9172,0.718418538570404
9173,0.7193651795387268
9174,0.7209920287132263
9175,0.7221775650978088
9176,0.7224981188774109
9177,0.7153893113136292
9178,0.7140097618103027
9179,0.7126328349113464
9180,0.7152723073959351
9181,0.7138705849647522
9182,0.7039337754249573
9183,0.7133007645606995
9184,0.7039036154747009
9185,0.7062104344367981
9186,0.7074846029281616
9187,0.7101805806159973
9188,0.7131604552268982
9189,0.7157308459281921
9190,0.7168980836868286
9191,0.7169492244720459
9192,0.7191287875175476
9193,0.7021647691726685
9194,0.718657374382019
9195,0.7151117920875549
9196,0.7109919786453247
9197,0.7102459669113159
9198,0.7076600193977356
9199,0.707923412322998
9200,0.7051889300346375
9201,0.7019226551055908
9202,0.7037030458450317
9203,0.7165278196334839
9204,0.7057502269744873
9205,0.7063520550727844
9206,0.7138566970825195
9207,0.7130820155143738
9208,0.7156511545181274
9209,0.7166699767112732
9210,0.7160484790802002
9211,0.719074010848999
9212,0.7201439142227173
9213,0.7099543809890747
9214,0.7111456394195557
9215,0.718396008014679
9216,0.7023235559463501
9217,0.7051174640655518
9218,0.7066677808761597
9219,0.7065946459770203
9220,0.699712872505188
9221,0.7019518613815308
9222,0.7038939595222473
9223,0.6916223764419556
9224,0.6964198350906372
9225,0.6889054179191589
9226,0.6968833208084106
9227,0.6954458951950073
9228,0.6966427564620972
9229,0.6848029494285583
9230,0.6861608028411865
9231,0.6932991743087769
9232,0.6901658177375793
9233,0.6968672275543213
9234,0.7026387453079224
9235,0.6940489411354065
9236,0.7040407061576843
9237,0.7054105401039124
9238,0.7079088091850281
9239,0.7214789986610413
9240,0.7182547450065613
9241,0.71700119972229
9242,0.7201039791107178
9243,0.717026948928833
9244,0.6948854327201843
9245,0.7120254635810852
9246,0.7084929943084717
9247,0.715878963470459
9248,0.7188045382499695
9249,0.7166401743888855
9250,0.7187527418136597
9251,0.7176001071929932
9252,0.7158234715461731
9253,0.7157295942306519
9254,0.6671879887580872
9255,0.7038694620132446
9256,0.6881148219108582
9257,0.7003552913665771
9258,0.6959298253059387
9259,0.6939281821250916
9260,0.6916071772575378
9261,0.6883665919303894
9262,0.6817679405212402
9263,0.6889861822128296
9264,0.6896944642066956
9265,0.6919378638267517
9266,0.6932628154754639
9267,0.6922850608825684
9268,0.6948912739753723
9269,0.7069168090820312
9270,0.6996373534202576
9271,0.7004342079162598
9272,0.709487795829773
9273,0.7113983631134033
9274,0.712934672832489
9275,0.7100616693496704
9276,0.7079280018806458
9277,0.7035192251205444
9278,0.7053736448287964
9279,0.7144563794136047
9280,0.7139872312545776
9281,0.7160711288452148
9282,0.7186052799224854
9283,0.7160548567771912
9284,0.7014118432998657
9285,0.7094964981079102
9286,0.7139384746551514
9287,0.7098361849784851
9288,0.7066044211387634
9289,0.7086864113807678
9290,0.7078112363815308
9291,0.7089884877204895
9292,0.7042465209960938
9293,0.6936846971511841
9294,0.7160192131996155
9295,0.7109156250953674
9296,0.7099407911300659
9297,0.7082841992378235
9298,0.7074910402297974
9299,0.709333598613739
9300,0.7118046879768372
9301,0.7092623114585876
9302,0.7051255702972412
9303,0.7044627070426941
9304,0.6978048086166382
9305,0.6788550615310669
9306,0.697777509689331
9307,0.6937392950057983
9308,0.6951048970222473
9309,0.6949054598808289
9310,0.6943028569221497
9311,0.6858064532279968
9312,0.6774628162384033
9313,0.6863117218017578
9314,0.6905349493026733
9315,0.6901001930236816
9316,0.6912093162536621
9317,0.6910660266876221
9318,0.6916072368621826
9319,0.6911909580230713
9320,0.6929239630699158
9321,0.6931758522987366
9322,0.6800715923309326
9323,0.6958568096160889
9324,0.7035236358642578
9325,0.6996980309486389
9326,0.6957538723945618
9327,0.6778020262718201
9328,0.6926570534706116
9329,0.6926487684249878
9330,0.6906393766403198
9331,0.6868398785591125
9332,0.6879143118858337
9333,0.6902437210083008
9334,0.700480580329895
9335,0.6981596946716309
9336,0.6992729902267456
9337,0.6987490653991699
9338,0.6999640464782715
9339,0.6987937688827515
9340,0.6998507976531982
9341,0.6977404356002808
9342,0.7020329236984253
9343,0.7031281590461731
9344,0.7057809829711914
9345,0.7090600728988647
9346,0.7101407647132874
9347,0.7128291726112366
9348,0.7210692763328552
9349,0.7228996753692627
9350,0.7198730111122131
9351,0.7086511850357056
9352,0.7164952158927917
9353,0.7174041867256165
9354,0.716332197189331
9355,0.7144427299499512
9356,0.7094578146934509
9357,0.7050442695617676
9358,0.7036889791488647
9359,0.6923399567604065
9360,0.6992374062538147
9361,0.7088318467140198
9362,0.6971479654312134
9363,0.6983668208122253
9364,0.6976585984230042
9365,0.6914007067680359
9366,0.7063028812408447
9367,0.7096315026283264
9368,0.7062345743179321
9369,0.7070297002792358
9370,0.6979640126228333
9371,0.7079911231994629
9372,0.7027294635772705
9373,0.7056386470794678
9374,0.7104800343513489
9375,0.7076263427734375
9376,0.7061052918434143
9377,0.7073516249656677
9378,0.7088545560836792
9379,0.7023916840553284
9380,0.7002471685409546
9381,0.7014204263687134
9382,0.7010524868965149
9383,0.7032142877578735
9384,0.7017439007759094
9385,0.7000711560249329
9386,0.700086236000061
9387,0.7000333070755005
9388,0.7015306949615479
9389,0.7039265632629395
9390,0.6981936693191528
9391,0.714024543762207
9392,0.7152870297431946
9393,0.7138598561286926
9394,0.7069822549819946
9395,0.7081645131111145
9396,0.7041380405426025
9397,0.7128087282180786
9398,0.7142174243927002
9399,0.7154977321624756
9400,0.7106379270553589
9401,0.715429961681366
9402,0.7152705788612366
9403,0.7174911499023438
9404,0.7197443842887878
9405,0.7253350019454956
9406,0.7105830907821655
9407,0.7106739282608032
9408,0.710640549659729
9409,0.7094600796699524
9410,0.711570680141449
9411,0.710784375667572
9412,0.7091149091720581
9413,0.6455719470977783
9414,0.7032389044761658
9415,0.7074169516563416
9416,0.707865297794342
9417,0.7088425159454346
9418,0.6984354257583618
9419,0.7022504806518555
9420,0.6987322568893433
9421,0.7046647071838379
9422,0.700792670249939
9423,0.7008669972419739
9424,0.6898702383041382
9425,0.6959317326545715
9426,0.7040855884552002
9427,0.6979563236236572
9428,0.6904500722885132
9429,0.6982909440994263
9430,0.6965855360031128
9431,0.7015007138252258
9432,0.7128212451934814
9433,0.7128442525863647
9434,0.7057247757911682
9435,0.7169044017791748
9436,0.7121812701225281
9437,0.7094529271125793
9438,0.7073641419410706
9439,0.6892666816711426
9440,0.7058838605880737
9441,0.7052704095840454
9442,0.7071570158004761
9443,0.7060193419456482
9444,0.7081179618835449
9445,0.7177595496177673
9446,0.7164911031723022
9447,0.7188019156455994
9448,0.7224008440971375
9449,0.7297138571739197
9450,0.7232005596160889
9451,0.7274473905563354
9452,0.7411429286003113
9453,0.7422460317611694
9454,0.7324446439743042
9455,0.7290252447128296
9456,0.7269451022148132
9457,0.7151196599006653
9458,0.7109101414680481
9459,0.7111063003540039
9460,0.7025550007820129
9461,0.6861738562583923
9462,0.7073777318000793
9463,0.6977846026420593
9464,0.6795570850372314
9465,0.6947660446166992
9466,0.709286093711853
9467,0.6654170751571655
9468,0.6992650032043457
9469,0.6730953454971313
9470,0.6330940127372742
9471,0.6860949993133545
9472,0.6801794171333313
9473,0.6843055486679077
9474,0.6824257373809814
9475,0.7044981718063354
9476,0.7097390294075012
9477,0.7025390863418579
9478,0.7194045186042786
9479,0.723854660987854
9480,0.7293325662612915
9481,0.7272509336471558
9482,0.7321935296058655
9483,0.4038827121257782
9484,0.7395367622375488
9485,0.739494264125824
9486,0.7373474836349487
9487,0.7336280941963196
9488,0.7178956270217896
9489,0.7147355079650879
9490,0.7157313823699951
9491,0.7089908123016357
9492,0.7086211442947388
9493,0.701627254486084
9494,0.6948197484016418
9495,0.6945125460624695
9496,0.6881153583526611
9497,0.6987674832344055
9498,0.6977858543395996
9499,0.6955767273902893
9500,0.697243332862854
9501,0.6937235593795776
9502,0.7035560011863708
9503,0.7035738229751587
9504,0.7018716931343079
9505,0.7025502324104309
9506,0.7091852426528931
9507,0.708013117313385
9508,0.7055984735488892
9509,0.7093422412872314
9510,0.7044584155082703
9511,0.7149420380592346
9512,0.7176418304443359
9513,0.7186936736106873
9514,0.7205125093460083
9515,0.7216922044754028
9516,0.7252487540245056
9517,0.7222107648849487
9518,0.726749062538147
9519,0.728481113910675
9520,0.7280590534210205
9521,0.7296538352966309
9522,0.7354464530944824
9523,0.6744518876075745
9524,0.7380542755126953
9525,0.7294019460678101
9526,0.725480318069458
9527,0.7255964279174805
9528,0.7256404161453247
9529,0.7129958868026733
9530,0.7070714235305786
9531,0.7124751806259155
9532,0.7020046710968018
9533,0.700237512588501
9534,0.6988784074783325
9535,0.7001864910125732
9536,0.7054095268249512
9537,0.7054140567779541
9538,0.7047080397605896
9539,0.6995431780815125
9540,0.6985818147659302
9541,0.6902052164077759
9542,0.6975449323654175
9543,0.6985935568809509
9544,0.7050567269325256
9545,0.7014573216438293
9546,0.7035049200057983
9547,0.7049829959869385
9548,0.7057563662528992
9549,0.7014787197113037
9550,0.7017788887023926
9551,0.6985771656036377
9552,0.7009896039962769
9553,0.69942307472229
9554,0.6976604461669922
9555,0.6972061395645142
9556,0.6953816413879395
9557,0.6950366497039795
9558,0.6963064670562744
9559,0.6958954930305481
9560,0.6989176273345947
9561,0.6982598304748535
9562,0.6992744207382202
9563,0.7017698884010315
9564,0.6989719867706299
9565,0.7152469754219055
9566,0.7056607007980347
9567,0.714270293712616
9568,0.7154580354690552
9569,0.718845784664154
9570,0.7180014252662659
9571,0.7138674259185791
9572,0.697289764881134
9573,0.710296630859375
9574,0.7187666893005371
9575,0.7048729658126831
9576,0.7158227562904358
9577,0.7128661274909973
9578,0.7148726582527161
9579,0.7111765742301941
9580,0.7107464671134949
9581,0.7008522748947144
9582,0.70235675573349
9583,0.7024811506271362
9584,0.701866090297699
9585,0.7029011845588684
9586,0.7039030194282532
9587,0.7048884630203247
9588,0.7008889317512512
9589,0.6980801224708557
9590,0.6914572715759277
9591,0.7013772130012512
9592,0.6927301287651062
9593,0.6843594908714294
9594,0.6890735030174255
9595,0.6910289525985718
9596,0.6817435622215271
9597,0.6816775798797607
9598,0.6880549788475037
9599,0.6891151070594788
9600,0.6865274906158447
9601,0.6862705945968628
9602,0.695858895778656
9603,0.6951994895935059
9604,0.6925778985023499
9605,0.6956734657287598
9606,0.7026442885398865
9607,0.6927149891853333
9608,0.7009201049804688
9609,0.7027553915977478
9610,0.7050513029098511
9611,0.7016332745552063
9612,0.7029118537902832
9613,0.7021334171295166
9614,0.7023073434829712
9615,0.7022393941879272
9616,0.7029719948768616
9617,0.7118988037109375
9618,0.712165355682373
9619,0.7109038233757019
9620,0.7034904360771179
9621,0.7141276001930237
9622,0.7146520614624023
9623,0.7123944759368896
9624,0.6970564723014832
9625,0.7132635116577148
9626,0.7130762934684753
9627,0.7127416729927063
9628,0.7077938914299011
9629,0.7078093886375427
9630,0.7071390151977539
9631,0.7066431641578674
9632,0.7060931921005249
9633,0.7048349380493164
9634,0.7034006714820862
9635,0.7054324150085449
9636,0.7063177227973938
9637,0.7040199041366577
9638,0.7038426995277405
9639,0.6962848901748657
9640,0.699028491973877
9641,0.6975858211517334
9642,0.6968100666999817
9643,0.6979997754096985
9644,0.6991097331047058
9645,0.6994600296020508
9646,0.7020043134689331
9647,0.7069936394691467
9648,0.6996602416038513
9649,0.7023797631263733
9650,0.702897310256958
9651,0.709999144077301
9652,0.7013358473777771
9653,0.700772762298584
9654,0.6977649927139282
9655,0.689484179019928
9656,0.7009814381599426
9657,0.7043830156326294
9658,0.702586829662323
9659,0.7015895843505859
9660,0.7002497911453247
9661,0.7010576725006104
9662,0.7028604745864868
9663,0.6946088671684265
9664,0.7037816047668457
9665,0.7142032384872437
9666,0.7159427404403687
9667,0.7177684307098389
9668,0.7205427885055542
9669,0.7142002582550049
9670,0.6983315348625183
9671,0.7180470824241638
9672,0.7142638564109802
9673,0.7152593731880188
9674,0.7167463302612305
9675,0.7158989310264587
9676,0.7126850485801697
9677,0.7119094133377075
9678,0.710197925567627
9679,0.7115491032600403
9680,0.7108015418052673
9681,0.7181447148323059
9682,0.7080907821655273
9683,0.7111973166465759
9684,0.7137603163719177
9685,0.7037518620491028
9686,0.7054187059402466
9687,0.7079785466194153
9688,0.7073442935943604
9689,0.7127211689949036
9690,0.7128283977508545
9691,0.7117583155632019
9692,0.7024447917938232
9693,0.703514575958252
9694,0.7023710608482361
9695,0.7037566304206848
9696,0.7048136591911316
9697,0.7025929689407349
9698,0.702636182308197
9699,0.7000932097434998
9700,0.7002954483032227
9701,0.6972634196281433
9702,0.7000603079795837
9703,0.6917197704315186
9704,0.6911831498146057
9705,0.6933399438858032
9706,0.6948768496513367
9707,0.6992682218551636
9708,0.703458845615387
9709,0.7029356956481934
9710,0.7021936774253845
9711,0.7047651410102844
9712,0.7090619206428528
9713,0.7051504850387573
9714,0.7069651484489441
9715,0.7102615237236023
9716,0.7202465534210205
9717,0.7172061204910278
9718,0.7200440764427185
9719,0.7215699553489685
9720,0.7249470353126526
9721,0.7259185314178467
9722,0.7262349128723145
9723,0.7253207564353943
9724,0.7242340445518494
9725,0.7132665514945984
9726,0.7168454527854919
9727,0.7129093408584595
9728,0.7115423679351807
9729,0.7085113525390625
9730,0.7166640162467957
9731,0.6924108266830444
9732,0.7096030712127686
9733,0.7141680717468262
9734,0.7137572169303894
9735,0.7153654098510742
9736,0.7162575721740723
9737,0.7075031399726868
9738,0.7190473079681396
9739,0.7115381360054016
9740,0.7171211242675781
9741,0.7091042399406433
9742,0.7051464915275574
9743,0.7006525993347168
9744,0.700474739074707
9745,0.6967685222625732
9746,0.6971153616905212
9747,0.6961226463317871
9748,0.695871114730835
9749,0.6897026896476746
9750,0.6905879974365234
9751,0.6888803839683533
9752,0.6942988038063049
9753,0.7031691074371338
9754,0.696302592754364
9755,0.6959860324859619
9756,0.6969193816184998
9757,0.6989907622337341
9758,0.6984910368919373
9759,0.6998324990272522
9760,0.7002032995223999
9761,0.7055178284645081
9762,0.709113359451294
9763,0.7122119069099426
9764,0.7124184370040894
9765,0.711362361907959
9766,0.7111000418663025
9767,0.7053383588790894
9768,0.7070885896682739
9769,0.7050322890281677
9770,0.704652726650238
9771,0.6943309307098389
9772,0.6999529600143433
9773,0.7037612199783325
9774,0.7031568288803101
9775,0.6993875503540039
9776,0.6970407366752625
9777,0.695076584815979
9778,0.6946840286254883
9779,0.6979690194129944
9780,0.7010519504547119
9781,0.7005661129951477
9782,0.7021319270133972
9783,0.7157602310180664
9784,0.7022628784179688
9785,0.6998056173324585
9786,0.7028880715370178
9787,0.7040677666664124
9788,0.7124707102775574
9789,0.7134035229682922
9790,0.706123948097229
9791,0.7084154486656189
9792,0.7089595794677734
9793,0.7068052291870117
9794,0.7065929174423218
9795,0.7091039419174194
9796,0.7071132659912109
9797,0.7058596611022949
9798,0.7030609250068665
9799,0.6998053193092346
9800,0.6998270153999329
9801,0.7010563015937805
9802,0.7023990154266357
9803,0.7053781151771545
9804,0.705274224281311
9805,0.7043488621711731
9806,0.7032393217086792
9807,0.7008470296859741
9808,0.7018373012542725
9809,0.6986193656921387
9810,0.6945420503616333
9811,0.6937640309333801
9812,0.6926113367080688
9813,0.6995189189910889
9814,0.7005236744880676
9815,0.702025830745697
9816,0.7071020603179932
9817,0.7120203971862793
9818,0.7112700343132019
9819,0.7127187252044678
9820,0.714820921421051
9821,0.7151063680648804
9822,0.7178907990455627
9823,0.7174121737480164
9824,0.7187604308128357
9825,0.7224401235580444
9826,0.7218100428581238
9827,0.7203361988067627
9828,0.7106190919876099
9829,0.7113888263702393
9830,0.7004658579826355
9831,0.703196108341217
9832,0.7004709243774414
9833,0.6971290111541748
9834,0.6943289041519165
9835,0.6935003399848938
9836,0.6938260197639465
9837,0.6918487548828125
9838,0.6997624635696411
9839,0.7000080943107605
9840,0.6979549527168274
9841,0.70179682970047
9842,0.7054566144943237
9843,0.7050315737724304
9844,0.7090759873390198
9845,0.710310161113739
9846,0.7215760946273804
9847,0.7203173041343689
9848,0.7219060063362122
9849,0.721561074256897
9850,0.7213106751441956
9851,0.7191581130027771
9852,0.7185713052749634
9853,0.717587947845459
9854,0.715732216835022
9855,0.7325789332389832
9856,0.7154158353805542
9857,0.723778247833252
9858,0.7290967106819153
9859,0.7182250618934631
9860,0.718653678894043
9861,0.7199438214302063
9862,0.7173412442207336
9863,0.7133688926696777
9864,0.7128975987434387
9865,0.7121222615242004
9866,0.7128915786743164
9867,0.7124460339546204
9868,0.7044496536254883
9869,0.7146481871604919
9870,0.714137852191925
9871,0.7032395005226135
9872,0.7060803174972534
9873,0.704993486404419
9874,0.7061604261398315
9875,0.7090487480163574
9876,0.7127359509468079
9877,0.7144083976745605
9878,0.7122601866722107
9879,0.7092254757881165
9880,0.7067955732345581
9881,0.7062251567840576
9882,0.7034415602684021
9883,0.7033070921897888
9884,0.7030626535415649
9885,0.7042014598846436
9886,0.7025493383407593
9887,0.703766942024231
9888,0.7050847411155701
9889,0.7050406336784363
9890,0.7078555226325989
9891,0.701267659664154
9892,0.7066757082939148
9893,0.7059418559074402
9894,0.7063194513320923
9895,0.7069677710533142
9896,0.7050189971923828
9897,0.7088934779167175
9898,0.7058423161506653
9899,0.6964664459228516
9900,0.6963756680488586
9901,0.7018156051635742
9902,0.700616180896759
9903,0.6922550201416016
9904,0.695736289024353
9905,0.6976170539855957
9906,0.7003430128097534
9907,0.6974188685417175
9908,0.6985140442848206
9909,0.6976103186607361
9910,0.700767993927002
9911,0.7042567729949951
9912,0.7051475644111633
9913,0.7143701910972595
9914,0.7024946212768555
9915,0.7132109999656677
9916,0.7032759189605713
9917,0.7139424085617065
9918,0.7176689505577087
9919,0.7137947678565979
9920,0.710719108581543
9921,0.7179483771324158
9922,0.7125439047813416
9923,0.7098925113677979
9924,0.7107689380645752
9925,0.703616738319397
9926,0.7068257331848145
9927,0.7074682712554932
9928,0.7073498368263245
9929,0.7090064883232117
9930,0.7014746069908142
9931,0.6942635774612427
9932,0.703871488571167
9933,0.6961084008216858
9934,0.6955356597900391
9935,0.6951844692230225
9936,0.6922037601470947
9937,0.6956257820129395
9938,0.6967400312423706
9939,0.69444340467453
9940,0.6932129263877869
9941,0.6928896903991699
9942,0.6959095001220703
9943,0.6870359778404236
9944,0.6890026926994324
9945,0.6996663212776184
9946,0.6858065724372864
9947,0.6831802129745483
9948,0.6824318170547485
9949,0.6818009614944458
9950,0.6792192459106445
9951,0.6805501580238342
9952,0.6789990067481995
9953,0.6883643865585327
9954,0.6803813576698303
9955,0.6840073466300964
9956,0.6790565848350525
9957,0.6888202428817749
9958,0.6878542900085449
9959,0.6950958371162415
9960,0.6848957538604736
9961,0.6909541487693787
9962,0.6914135813713074
9963,0.7035290598869324
9964,0.7037298083305359
9965,0.7051342725753784
9966,0.7168674468994141
9967,0.7253594398498535
9968,0.7278106212615967
9969,0.7285419702529907
9970,0.731209933757782
9971,0.7275263071060181
9972,0.7305282354354858
9973,0.7287080883979797
9974,0.7261213064193726
9975,0.7246049046516418
9976,0.715323805809021
9977,0.7157630920410156
9978,0.7175771594047546
9979,0.7093455195426941
9980,0.7094908356666565
9981,0.7124005556106567
9982,0.7065607905387878
9983,0.7069312334060669
9984,0.706954300403595
9985,0.7082117199897766
9986,0.709887683391571
9987,0.7095593810081482
9988,0.7078621983528137
9989,0.6992353200912476
9990,0.7042030692100525
9991,0.7038639783859253
9992,0.7006930112838745
9993,0.7019197344779968
9994,0.7034043073654175
9995,0.7026591300964355
9996,0.7057504057884216
9997,0.7101165652275085
9998,0.7080827355384827
9999,0.7170056104660034
