Step,Value
0,4972380.5
1,4611848.5
2,9642448.0
3,109647.515625
4,9782234.0
5,2916803.0
6,4241454.5
7,260272.28125
8,54856.59375
9,2989669.25
10,1453165.25
11,1992448.0
12,129412.2265625
13,6253150.0
14,95300.703125
15,261281.96875
16,9508428.0
17,108675.4296875
18,1102533.625
19,107625.6171875
20,78275.9765625
21,7388562.5
22,8668080.0
23,870595.5
24,3417503.5
25,39549.84375
26,9500496.0
27,5183791.5
28,173479.359375
29,667849.75
30,260671.84375
31,3398087.0
32,9377625.0
33,1384165.625
34,108675.4296875
35,218626.5625
36,9652650.0
37,833145.375
38,2719810.5
39,28540.966796875
40,3798144.5
41,573305.9375
42,4349538.0
43,2408551.75
44,1303685.125
45,55054.12890625
46,4972381.5
47,88477.078125
48,112795.1328125
49,2199300.5
50,172892.25
51,235898.5625
52,55238.19921875
53,5083715.5
54,2449885.75
55,8101680.5
56,159576.09375
57,96405.9609375
58,3121875.25
59,4075929.0
60,66366.4296875
61,3601989.25
62,91480.3203125
63,311556.03125
64,1744697.875
65,239964.515625
66,9725673.0
67,4838711.5
68,146293.765625
69,987317.5
70,113911.515625
71,1779859.125
72,9776299.0
73,2840334.5
74,58566.3515625
75,297807.71875
76,2259686.5
77,159377.796875
78,53961.61328125
79,827972.125
80,7708516.5
81,8054511.0
82,9717380.0
83,5654177.0
84,44272.54296875
85,1216910.375
86,6888022.5
87,4537470.0
88,4972381.5
89,3333333.5
90,5227505.0
91,3131425.0
92,248734.734375
93,9639528.0
94,52108.7421875
95,34399.57421875
96,1499403.625
97,119187.5234375
98,1130453.375
99,5616038.5
100,531129.3125
101,95865.3515625
102,9774640.0
103,46045.90625
104,179887.09375
105,6353606.5
106,38117.19140625
107,3040318.75
108,123609.65625
109,532536.125
110,1087174.25
111,302129.09375
112,9727929.0
113,1374085.375
114,907896.6875
115,295447.8125
116,200474.1875
117,148409.953125
118,4921174.0
119,42878.9609375
120,55232.91796875
121,41514.37109375
122,9751751.0
123,30090.806640625
124,196640.9375
125,5247410.5
126,3196409.0
127,1047711.125
128,98230.5703125
129,119134.203125
130,8798935.0
131,4476263.0
132,93212.953125
133,184939.359375
134,345443.03125
135,2010598.375
136,113160.2109375
137,87300.9765625
138,5900782.5
139,7051055.5
140,1812003.0
141,9231694.0
142,4839718.5
143,263277.375
144,273099.40625
145,319844.59375
146,86595.7890625
147,380099.4375
148,260165.625
149,223991.90625
150,55508.00390625
151,65318.73828125
152,890905.5
153,761713.8125
154,3843568.5
155,9403363.0
156,541578.0625
157,8857059.0
158,2768992.25
159,1106630.625
160,7291739.5
161,8226919.0
162,2960089.25
163,82841.328125
164,931519.875
165,32909.33984375
166,2006474.625
167,1106656.75
168,87781.9140625
169,9622790.0
170,394548.3125
171,2966907.5
172,207152.4375
173,8485658.0
174,567282.1875
175,52805.82421875
176,1172680.5
177,203762.046875
178,8392962.0
179,1098365.625
180,219865.90625
181,3020487.25
182,152958.6875
183,3187077.75
184,195331.09375
185,5775046.5
186,2164376.0
187,441268.40625
188,2683631.75
189,9507307.0
190,8751451.0
191,534839.875
192,2111192.25
193,6024342.0
194,8109591.5
195,565888.9375
196,458109.59375
197,279801.40625
198,2202923.0
199,739570.8125
200,3115356.0
201,4519509.5
202,1430060.625
203,1200925.125
204,1031651.0
205,6045766.0
206,1526855.125
207,1044810.6875
208,3111640.25
209,6087124.5
210,491532.15625
211,246237.34375
212,127878.359375
213,2050587.625
214,93160.1484375
215,443076.8125
216,663554.3125
217,61222.76953125
218,100805.5
219,823559.25
220,8403037.0
221,68064.03125
222,3175152.75
223,2798325.5
224,4342750.0
225,2023929.375
226,4730218.0
227,345192.28125
228,4489452.0
229,4048975.0
230,5256207.5
231,675185.6875
232,3027496.0
233,7913443.5
234,4133781.5
235,2010615.125
236,4489980.0
237,1843976.375
238,1496807.75
239,488427.125
240,3090457.0
241,679783.4375
242,5345297.5
243,9081228.0
244,8759090.0
245,4676028.5
246,1956648.25
247,86838.078125
248,7433133.5
249,8045206.5
250,7093925.0
251,503778.40625
252,1519310.125
253,4825403.5
254,948324.4375
255,5530919.5
256,2242449.0
257,668785.4375
258,7910691.0
259,480096.53125
260,48495.46484375
261,3402221.0
262,368339.1875
263,451661.25
264,300675.5625
265,1765903.375
266,3753625.25
267,3412342.25
268,3036977.25
269,6497539.5
270,567201.6875
271,9214904.0
272,4162789.25
273,1665073.875
274,616846.5
275,3092456.75
276,2269307.25
277,359695.28125
278,427852.90625
279,139915.765625
280,462571.75
281,7527024.0
282,2720424.25
283,2667709.5
284,4485742.0
285,887220.75
286,6575704.0
287,1584784.625
288,1665310.125
289,4425150.0
290,588800.4375
291,237557.0
292,1283246.875
293,884801.625
294,1383927.625
295,391471.28125
296,216296.125
297,319243.15625
298,402655.15625
299,924106.8125
300,525500.25
301,2951140.5
302,2883153.75
303,788326.1875
304,4203730.5
305,6824947.0
306,870348.8125
307,1577661.125
308,3055276.5
309,308192.125
310,1018816.0625
311,446134.625
312,628379.5
313,2287698.75
314,1134027.125
315,1447760.125
316,2886710.75
317,2187700.75
318,4929260.0
319,962272.4375
320,1740122.25
321,1430286.5
322,2744251.25
323,1675901.5
324,447512.53125
325,4777556.0
326,3830262.0
327,3582673.0
328,835134.5625
329,2500952.0
330,5589992.5
331,2626482.5
332,4053829.0
333,1075345.75
334,5756233.5
335,2807206.5
336,2866339.75
337,223172.53125
338,278995.96875
339,2441247.0
340,405747.9375
341,2442919.25
342,256467.140625
343,1451802.75
344,8588962.0
345,3578133.25
346,941345.625
347,6433459.5
348,2958607.75
349,1264210.25
350,2495278.75
351,581334.6875
352,639181.0
353,3524808.25
354,4765843.5
355,3099236.75
356,3761246.5
357,127120.28125
358,515058.875
359,1032145.6875
360,3664076.25
361,6361310.5
362,5914459.0
363,3917831.0
364,4105673.5
365,2040132.25
366,2387309.0
367,4182013.0
368,976918.5
369,745749.125
370,1080580.25
371,2067318.375
372,4317245.0
373,3660705.75
374,2652655.5
375,1317717.75
376,1112696.875
377,2460976.75
378,7309715.0
379,1360070.375
380,2301026.25
381,2908816.0
382,963590.5625
383,4319573.5
384,520335.125
385,3728003.0
386,7304734.5
387,5554167.5
388,1014134.4375
389,866182.4375
390,1420739.25
391,3195839.5
392,1245309.75
393,2546178.0
394,6946913.5
395,5342913.5
396,5067354.5
397,7626987.0
398,6846832.0
399,6180372.0
400,688068.4375
401,3280623.25
402,1121735.25
403,1950034.75
404,1458135.0
405,2515953.75
406,4267395.5
407,838350.1875
408,453142.78125
409,1466454.0
410,3864539.25
411,3402312.5
412,534965.4375
413,3160038.25
414,8481104.0
415,7508390.0
416,5256744.5
417,4978074.5
418,4375818.5
419,2545069.25
420,1836691.0
421,3232215.75
422,3391752.75
423,1157556.125
424,2458606.5
425,1219756.0
426,1554141.25
427,4385474.5
428,6104361.0
429,1951716.0
430,2287730.5
431,4431646.5
432,1604632.875
433,1001326.0625
434,1246097.625
435,1273702.25
436,1622786.125
437,440023.90625
438,1033119.6875
439,2615775.75
440,876223.3125
441,3128177.75
442,1309279.0
443,1058194.75
444,187002.390625
445,4262940.5
446,2221056.0
447,886072.4375
448,7153701.0
449,1193291.875
450,8538058.0
451,3521103.75
452,696528.9375
453,1571786.75
454,465150.25
455,959860.5625
456,3322460.25
457,688711.25
458,507137.59375
459,1101837.625
460,1909572.125
461,4612316.5
462,4660753.0
463,3926045.5
464,2126256.5
465,5293942.5
466,1796667.25
467,3535729.75
468,956824.4375
469,746552.875
470,1820160.125
471,1992566.25
472,2191870.75
473,526498.6875
474,972236.375
475,1565127.375
476,637798.5625
477,2605127.5
478,498508.46875
479,1381384.875
480,4199617.0
481,2433830.0
482,1535290.625
483,2040590.5
484,3548601.75
485,5600247.5
486,6478331.5
487,1545707.25
488,4938943.0
489,1358822.375
490,1203991.125
491,2250584.75
492,4508551.5
493,3037171.0
494,1049545.75
495,2090411.625
496,2921093.5
497,1022804.75
498,2807786.75
499,1104684.375
500,2444148.5
501,715443.5625
502,3360389.0
503,3355828.0
504,7097862.5
505,8211525.5
506,570892.375
507,1192248.375
508,7847110.0
509,1834105.375
510,5676504.0
511,1998270.0
512,2736069.5
513,2038257.625
514,537827.75
515,2327707.0
516,5943284.0
517,1213029.75
518,2233964.0
519,1737140.875
520,1040100.8125
521,2748658.75
522,4141492.75
523,1967408.625
524,528617.0
525,2649532.75
526,1379039.625
527,2755751.25
528,2475879.25
529,735144.75
530,4804642.5
531,729596.5625
532,2594466.25
533,1493349.25
534,433645.0
535,5036168.5
536,374885.0
537,3945510.5
538,2538563.0
539,488618.75
540,896202.5625
541,1591503.5
542,3838998.0
543,6876137.5
544,2245788.5
545,2015189.375
546,2559620.25
547,3032705.5
548,1547783.875
549,1070232.75
550,2266145.5
551,2669811.25
552,4244755.0
553,1392888.375
554,2139414.75
555,809934.75
556,2697015.5
557,1925241.0
558,2568650.0
559,4178161.0
560,3156181.0
561,2048912.625
562,769834.6875
563,1335047.75
564,1242822.5
565,2513708.25
566,1615033.75
567,1147985.625
568,3095150.5
569,2698713.5
570,2418253.0
571,2559906.0
572,6439253.0
573,1446901.5
574,290376.9375
575,2360130.0
576,1161080.625
577,1447450.5
578,1172975.5
579,2181719.5
580,1765237.5
581,880161.6875
582,1246146.625
583,263491.375
584,5196141.0
585,2841518.75
586,1795241.375
587,5576156.5
588,978996.6875
589,2820606.25
590,2891244.5
591,278941.90625
592,3526454.75
593,1713209.25
594,4098699.0
595,1258371.0
596,705879.375
597,1914632.875
598,1671201.625
599,2494793.25
600,2511237.5
601,1750409.875
602,3971757.0
603,2605427.0
604,1748629.125
605,1690797.625
606,3109922.75
607,6601243.5
608,5428713.5
609,2280041.75
610,2284723.5
611,1537788.375
612,2651874.75
613,2276573.0
614,6397481.5
615,1427261.625
616,2792374.25
617,1341684.0
618,2460550.25
619,5551314.5
620,2324189.5
621,4845209.5
622,2173535.75
623,3122590.75
624,4537797.5
625,922516.125
626,3104183.0
627,1970320.375
628,1458550.125
629,5279901.5
630,2428094.25
631,1203837.0
632,3857402.0
633,3370821.0
634,1239318.25
635,3909098.75
636,1781721.875
637,1526019.875
638,1622741.625
639,2089699.25
640,593106.875
641,1529843.0
642,1415622.875
643,1370409.25
644,1425297.75
645,394634.34375
646,2087699.125
647,805126.125
648,3534020.5
649,1538880.625
650,417679.78125
651,1497962.0
652,2159627.75
653,4289697.5
654,918467.3125
655,4026716.25
656,5844815.5
657,875231.0
658,1699568.5
659,654896.875
660,1712415.625
661,1668406.625
662,2126223.25
663,481194.71875
664,1861673.5
665,1449574.375
666,802531.8125
667,1405806.0
668,3336144.75
669,3347888.25
670,5517737.5
671,1175973.875
672,1550981.25
673,1572834.5
674,2002662.625
675,3731803.5
676,1711323.25
677,2610389.0
678,1987883.5
679,3016710.25
680,757034.1875
681,3385674.25
682,7842555.0
683,1530308.125
684,3719300.75
685,1033935.1875
686,2441306.25
687,1454317.875
688,2162649.25
689,2076917.75
690,1111689.5
691,2661562.5
692,3122498.0
693,4280376.0
694,1265314.375
695,4624201.5
696,1981084.5
697,1714996.0
698,1179692.0
699,1342427.625
700,2774147.75
701,5612156.0
702,2141347.0
703,1798452.75
704,191568.921875
705,1142768.25
706,1539673.375
707,2189890.5
708,5248862.5
709,1664610.5
710,1860708.0
711,780428.0625
712,3069057.5
713,1224027.125
714,3554565.25
715,3064914.75
716,2402382.25
717,467972.90625
718,2639081.25
719,3237097.75
720,1401946.75
721,2750303.25
722,685622.25
723,3195086.0
724,4081570.5
725,1685395.5
726,1184734.875
727,4602500.0
728,2702243.75
729,3891085.0
730,830914.375
731,2032294.75
732,853590.8125
733,1128749.75
734,2810736.25
735,1485259.625
736,330779.65625
737,1560127.125
738,1014548.25
739,2726329.75
740,2237963.0
741,1696998.625
742,2453820.5
743,6074931.5
744,841254.0625
745,2550247.0
746,2040568.25
747,2732463.5
748,1626418.5
749,1617209.125
750,1073175.125
751,2357481.5
752,3524032.5
753,5745061.5
754,2497048.0
755,913680.0
756,4683607.5
757,2070310.625
758,1549001.875
759,3334581.75
760,809559.125
761,156233.09375
762,2272387.75
763,1259045.875
764,2056257.625
765,2269612.5
766,1574330.125
767,1889316.125
768,1258001.875
769,875906.1875
770,4942944.0
771,1553006.875
772,2800930.5
773,2646202.5
774,3531626.5
775,3305428.25
776,1761877.875
777,3216491.75
778,3311417.5
779,3142764.0
780,1087137.25
781,1253198.5
782,2141795.5
783,1750634.375
784,2275359.0
785,964134.875
786,985192.875
787,1843200.0
788,2376359.75
789,1495183.5
790,1715154.75
791,1353596.625
792,5095190.0
793,1486881.5
794,1803022.5
795,1607664.375
796,2777211.75
797,1425985.125
798,4472944.0
799,1986790.5
800,3404441.0
801,2896064.75
802,3710873.75
803,3136500.75
804,2130606.0
805,848048.3125
806,854899.375
807,2650608.5
808,1212522.875
809,1413566.125
810,4526000.0
811,835906.875
812,941492.25
813,1057809.25
814,1689713.75
815,409231.90625
816,1355161.875
817,430435.625
818,692302.1875
819,1766799.25
820,678416.0
821,972088.625
822,1315853.5
823,2723922.75
824,653251.125
825,2687883.75
826,3020617.25
827,1446333.25
828,3487948.5
829,999579.4375
830,826055.3125
831,2277468.75
832,1751281.125
833,842021.3125
834,1286833.375
835,1632745.125
836,472019.125
837,824169.0
838,2433321.5
839,998851.6875
840,723732.1875
841,1161868.625
842,831072.6875
843,2455003.25
844,4986076.0
845,2630995.0
846,1462083.625
847,1247220.25
848,756301.0625
849,3565033.0
850,119486.0625
851,2297579.25
852,1286903.75
853,2077788.75
854,903735.75
855,1494930.25
856,3625230.25
857,2567629.25
858,1880903.875
859,1778749.125
860,1724656.5
861,1783974.0
862,1478574.875
863,714356.3125
864,1643567.625
865,2666911.75
866,875369.6875
867,1946820.5
868,1154928.0
869,1938763.875
870,4558813.0
871,1872439.875
872,2224872.0
873,1994141.0
874,5826511.0
875,767260.625
876,1539946.5
877,2320434.25
878,3990619.5
879,1787692.75
880,1817745.375
881,4315109.5
882,3592846.75
883,783388.0
884,4185251.0
885,4417486.5
886,1556638.125
887,1786148.875
888,1905206.5
889,3287542.5
890,1529320.375
891,466252.90625
892,2361156.25
893,1372039.125
894,1637532.125
895,1393342.5
896,1176853.5
897,2486663.5
898,4565243.5
899,4491963.5
900,2115285.0
901,811523.625
902,687112.125
903,904998.125
904,2600408.75
905,1272610.75
906,3196917.75
907,2838727.5
908,463706.59375
909,1145131.5
910,2606209.25
911,5188679.0
912,2286248.75
913,3057379.75
914,1214525.875
915,2174143.0
916,2537037.75
917,3030859.5
918,1720080.25
919,2859634.25
920,3206254.25
921,2259879.5
922,3732994.0
923,1249933.375
924,4272729.0
925,1376327.75
926,1737627.25
927,1392904.375
928,1458822.5
929,2035219.25
930,892643.625
931,712533.4375
932,2244062.25
933,2874917.0
934,1237901.75
935,1662589.25
936,1467051.375
937,409336.84375
938,1284977.5
939,3776194.75
940,1446363.75
941,1954554.375
942,1443858.75
943,3144084.0
944,2044018.375
945,1780275.25
946,987026.625
947,2201641.0
948,1748354.125
949,2424728.5
950,2015280.625
951,2874643.25
952,2630707.5
953,2127863.25
954,2928120.0
955,713694.3125
956,3840679.0
957,1305675.625
958,2115188.0
959,2132833.0
960,1583952.125
961,1924794.375
962,3461597.25
963,1886421.125
964,2024166.0
965,3734259.5
966,568095.6875
967,1267306.0
968,2442609.75
969,740448.0
970,331882.4375
971,247786.921875
972,2068020.125
973,2903678.75
974,2229821.75
975,3347089.25
976,553494.75
977,3486016.0
978,1594092.5
979,1039803.375
980,1696099.625
981,1928128.875
982,3153762.0
983,529560.625
984,5693620.5
985,3992950.5
986,891070.875
987,1406371.125
988,996449.0
989,2199084.25
990,934536.3125
991,803190.1875
992,2730422.5
993,1001187.8125
994,1365500.5
995,1964686.625
996,4278244.5
997,2697336.0
998,2907242.5
999,1267488.25
1000,3093183.25
1001,1413126.75
1002,2796104.25
1003,3966844.0
1004,1980925.375
1005,3297293.25
1006,1800909.75
1007,1820507.5
1008,2664533.75
1009,2204526.5
1010,2627940.25
1011,3129304.0
1012,1500836.5
1013,1487712.75
1014,1192831.875
1015,1626686.5
1016,743527.5625
1017,1910734.375
1018,1927179.125
1019,4622714.5
1020,1024212.5625
1021,2039647.5
1022,2023743.0
1023,547974.25
1024,3160647.25
1025,1874089.875
1026,740482.5
1027,2325876.0
1028,1314383.125
1029,1674813.75
1030,934586.0
1031,1822879.375
1032,479569.65625
1033,1839672.5
1034,1468332.5
1035,716470.125
1036,2910415.25
1037,1144492.0
1038,1087540.5
1039,804619.3125
1040,1193736.0
1041,2292609.5
1042,1826647.5
1043,2911020.75
1044,1904288.625
1045,2389883.75
1046,1195599.375
1047,1837817.75
1048,1296043.125
1049,3646815.5
1050,1334973.125
1051,649935.3125
1052,2439777.0
1053,1307172.75
1054,1647105.25
1055,1344458.75
1056,789190.75
1057,186130.296875
1058,1497595.5
1059,1669107.125
1060,1864853.0
1061,1536647.375
1062,2472562.0
1063,815647.25
1064,584270.75
1065,2010122.0
1066,717766.5625
1067,565174.3125
1068,985521.0
1069,4165413.75
1070,550244.875
1071,2010780.25
1072,1349347.375
1073,1349286.75
1074,2119158.75
1075,1009265.6875
1076,488745.71875
1077,1132109.75
1078,1522712.5
1079,5063494.0
1080,937756.375
1081,1608666.75
1082,1549284.125
1083,3051877.5
1084,1583095.375
1085,949890.9375
1086,1251269.375
1087,1655342.25
1088,1135637.25
1089,2262844.5
1090,832337.4375
1091,1017636.875
1092,1790158.0
1093,2073309.0
1094,1802770.5
1095,3072465.25
1096,1285542.25
1097,1632113.0
1098,948914.5625
1099,614037.75
1100,1114847.375
1101,1426686.375
1102,2055389.25
1103,1485810.0
1104,2476917.25
1105,2020922.125
1106,1486053.875
1107,2381642.25
1108,751203.875
1109,1177992.375
1110,523575.96875
1111,565703.625
1112,2962035.25
1113,236814.390625
1114,1610032.625
1115,955732.3125
1116,4767187.5
1117,2463861.25
1118,3873479.0
1119,1485693.875
1120,2064202.0
1121,1911040.5
1122,1933559.0
1123,1688433.25
1124,2444687.75
1125,1399689.875
1126,1631991.25
1127,2954823.75
1128,2467233.25
1129,2319489.75
1130,5146565.0
1131,1361719.25
1132,1989422.0
1133,1594438.375
1134,672257.4375
1135,1226934.875
1136,1082382.75
1137,2514738.5
1138,989578.5
1139,1307397.0
1140,560189.25
1141,1404658.375
1142,467324.625
1143,2332767.5
1144,2104661.75
1145,1403401.625
1146,838301.875
1147,1143276.375
1148,1953840.125
1149,3501805.25
1150,964968.5625
1151,2122894.0
1152,1177078.75
1153,2214201.5
1154,1247117.875
1155,2210255.0
1156,3715162.0
1157,1174999.75
1158,1072186.5
1159,1256738.875
1160,2166039.25
1161,1829029.625
1162,551746.5
1163,1584558.75
1164,312173.59375
1165,1472498.5
1166,3827801.0
1167,3299882.5
1168,987137.875
1169,849026.125
1170,2049104.375
1171,617074.375
1172,769005.3125
1173,1150138.125
1174,545020.0625
1175,1304422.75
1176,2261003.75
1177,1814216.375
1178,1853997.75
1179,4595950.5
1180,1107747.5
1181,1650960.625
1182,2336316.5
1183,1422089.75
1184,2624726.25
1185,3293210.0
1186,786462.8125
1187,981039.625
1188,840057.125
1189,846041.5
1190,614653.3125
1191,2417919.75
1192,660859.25
1193,2539132.0
1194,418341.125
1195,305102.53125
1196,638389.5625
1197,834147.625
1198,3012786.75
1199,659812.5625
1200,1750808.75
1201,3328155.25
1202,1663710.0
1203,2775272.5
1204,1885125.375
1205,1119873.125
1206,2178753.75
1207,2301409.75
1208,1631533.375
1209,3076582.75
1210,1169077.0
1211,2026913.125
1212,2897059.25
1213,892322.6875
1214,3240254.25
1215,1853614.0
1216,720212.0
1217,1112552.25
1218,1193121.625
1219,2274222.75
1220,935912.75
1221,1096360.75
1222,1761531.125
1223,1260829.625
1224,1282137.5
1225,605078.75
1226,1608900.75
1227,735091.625
1228,321964.40625
1229,720829.9375
1230,3819326.5
1231,881960.9375
1232,1292559.5
1233,1256025.0
1234,2903197.5
1235,1056924.375
1236,2493394.25
1237,1776139.75
1238,2743816.0
1239,971637.6875
1240,1896002.125
1241,1436659.0
1242,1069866.375
1243,890323.3125
1244,1367695.75
1245,1801302.25
1246,1040528.0
1247,4258910.5
1248,2340526.5
1249,2365729.0
1250,1418217.375
1251,1054401.875
1252,1427554.375
1253,1499215.25
1254,1436986.0
1255,3082863.75
1256,7315390.5
1257,1294472.5
1258,2561626.5
1259,796542.0625
1260,1725336.125
1261,4107897.5
1262,2732852.75
1263,1841776.375
1264,2655815.75
1265,391789.15625
1266,614757.3125
1267,833362.625
1268,1688057.75
1269,718864.0625
1270,2839750.25
1271,411936.21875
1272,3614784.0
1273,1606233.125
1274,1019421.875
1275,1650130.625
1276,1848599.375
1277,2948027.0
1278,1200199.375
1279,2017130.875
1280,1074082.0
1281,1030351.125
1282,1129564.75
1283,1313205.5
1284,1696044.0
1285,1561468.5
1286,680588.625
1287,1776375.125
1288,1241472.125
1289,1299340.25
1290,1259067.25
1291,2280197.0
1292,4659234.0
1293,2020516.5
1294,3434008.75
1295,654644.4375
1296,2086135.125
1297,1923455.0
1298,1649287.625
1299,680572.25
1300,2133660.5
1301,1294905.25
1302,2352390.25
1303,1642583.0
1304,1539750.875
1305,2068281.0
1306,1107050.5
1307,583185.0625
1308,1470707.625
1309,1367197.375
1310,447912.1875
1311,3246711.5
1312,556113.875
1313,1298500.5
1314,2452041.75
1315,1932913.625
1316,1380252.75
1317,1337658.5
1318,925988.25
1319,1221803.0
1320,3976256.5
1321,1173605.0
1322,2558169.0
1323,3567853.0
1324,1808006.75
1325,1864423.625
1326,1959868.875
1327,1865976.0
1328,1980150.75
1329,972033.5625
1330,769915.8125
1331,2649328.0
1332,3723848.5
1333,740702.125
1334,1548155.375
1335,1318521.625
1336,680843.5625
1337,3471015.75
1338,2250933.25
1339,1732454.0
1340,1684394.625
1341,998657.625
1342,3222174.0
1343,1179034.5
1344,1983728.5
1345,3760903.75
1346,809030.8125
1347,1503548.5
1348,544929.4375
1349,6448731.0
1350,2049151.375
1351,2250868.75
1352,2865020.0
1353,1511341.125
1354,920960.3125
1355,729719.9375
1356,2338227.5
1357,1628929.25
1358,1297596.125
1359,2562208.0
1360,893803.6875
1361,4410165.0
1362,2403055.5
1363,2866009.25
1364,1472892.625
1365,851980.625
1366,1678954.625
1367,4771767.0
1368,1454951.125
1369,1775607.625
1370,545063.9375
1371,386324.03125
1372,493854.1875
1373,2155159.0
1374,1752790.75
1375,2200148.0
1376,1675149.75
1377,595155.125
1378,2187986.0
1379,4010356.75
1380,4894180.0
1381,1409270.125
1382,1970995.625
1383,1754452.625
1384,857316.1875
1385,3108712.25
1386,2432714.75
1387,1217122.625
1388,1544168.0
1389,1202631.125
1390,1007753.75
1391,1939471.25
1392,2970533.75
1393,1291217.0
1394,1580265.375
1395,2441306.25
1396,1010159.25
1397,3113246.5
1398,643350.75
1399,1143109.75
1400,949391.0
1401,4931812.0
1402,1056979.875
1403,982695.8125
1404,1612171.125
1405,2277922.5
1406,3173475.25
1407,1363792.375
1408,1511262.375
1409,2026556.75
1410,1843138.375
1411,2601834.75
1412,1174990.625
1413,1506731.375
1414,3360683.25
1415,1255119.875
1416,778027.3125
1417,1848269.375
1418,1575773.25
1419,2059436.25
1420,1361033.5
1421,998105.0625
1422,1589888.0
1423,1408428.375
1424,925877.3125
1425,2526455.25
1426,3890912.75
1427,692553.375
1428,2553922.5
1429,1396811.125
1430,1382633.125
1431,1251426.25
1432,1639064.0
1433,2437532.5
1434,3484851.0
1435,1946404.625
1436,841379.625
1437,1299054.5
1438,3121900.75
1439,1435303.75
1440,1943891.375
1441,3147782.0
1442,1707973.625
1443,2066332.75
1444,1389582.25
1445,625096.5
1446,3824693.5
1447,1113908.125
1448,3354484.75
1449,1782111.5
1450,1813764.75
1451,2078346.0
1452,4637503.5
1453,956798.25
1454,2776468.0
1455,2627712.75
1456,639398.0
1457,2147511.5
1458,5860957.5
1459,1516893.25
1460,2135647.5
1461,2824733.25
1462,1449391.0
1463,1671893.625
1464,1951901.625
1465,1938402.25
1466,3183594.0
1467,487279.4375
1468,1411075.875
1469,3071213.0
1470,1154111.0
1471,1231637.375
1472,2285070.0
1473,904522.4375
1474,2405867.75
1475,846702.4375
1476,2601404.5
1477,717876.5625
1478,1870333.75
1479,2070630.75
1480,1813587.375
1481,1221871.125
1482,2604436.0
1483,916384.875
1484,6956181.5
1485,1372510.375
1486,1964678.875
1487,1350860.25
1488,1649795.875
1489,1699977.875
1490,896748.625
1491,1547230.875
1492,1280314.75
1493,2635588.25
1494,1249706.625
1495,1117726.125
1496,1420165.75
1497,611586.875
1498,816966.75
1499,1367406.125
1500,975168.625
1501,1363129.75
1502,708361.625
1503,3445518.0
1504,2333576.75
1505,362771.625
1506,947219.375
1507,2329944.0
1508,1071970.875
1509,1438186.5
1510,2173349.75
1511,2304204.75
1512,1935386.5
1513,1795962.0
1514,832118.5625
1515,2595621.75
1516,1730309.0
1517,2391626.5
1518,639561.875
1519,1260002.375
1520,810387.9375
1521,3470392.25
1522,892914.625
1523,1583812.5
1524,1586173.375
1525,1528552.5
1526,571611.9375
1527,1328357.125
1528,751742.75
1529,1118127.25
1530,2004056.875
1531,719196.25
1532,1678093.875
1533,1854071.5
1534,1494698.125
1535,1267468.625
1536,1275895.25
1537,2039020.0
1538,774456.8125
1539,787139.4375
1540,1001163.75
1541,859977.0625
1542,719988.4375
1543,1247607.5
1544,905408.0625
1545,1950742.625
1546,2816582.5
1547,714867.9375
1548,1704714.25
1549,2986936.75
1550,980291.0625
1551,1442149.375
1552,801280.4375
1553,1697074.375
1554,1400658.5
1555,1379133.625
1556,315557.5625
1557,823709.5625
1558,2297534.25
1559,1008212.6875
1560,3496608.25
1561,816367.8125
1562,1579503.875
1563,743880.375
1564,1669257.125
1565,1055652.625
1566,1780196.625
1567,5890338.0
1568,705927.75
1569,3652874.5
1570,696931.9375
1571,1124388.0
1572,854750.0625
1573,578097.0
1574,2573785.0
1575,2518586.0
1576,2854724.5
1577,3213274.0
1578,1194768.5
1579,1413276.25
1580,851213.5
1581,1663812.375
1582,949546.9375
1583,1768411.5
1584,1411300.875
1585,4018879.75
1586,2032285.75
1587,2061493.875
1588,582094.875
1589,1299461.125
1590,1844173.5
1591,1708886.125
1592,880249.375
1593,371016.3125
1594,1520183.625
1595,1891507.5
1596,2011876.75
1597,1134244.25
1598,1861982.25
1599,1517604.625
1600,1173438.0
1601,1798783.375
1602,3032806.0
1603,2424946.25
1604,2889449.5
1605,1380614.75
1606,499048.65625
1607,2530760.25
1608,1212787.625
1609,1390342.0
1610,971498.1875
1611,844669.6875
1612,1166895.125
1613,1583890.875
1614,1143674.5
1615,1330579.5
1616,2129111.5
1617,850048.125
1618,1429767.0
1619,1664134.875
1620,1483113.0
1621,1186149.0
1622,4381522.0
1623,2214502.0
1624,1585322.125
1625,1218485.625
1626,2641090.25
1627,3813179.75
1628,2000172.75
1629,1553269.875
1630,1906081.875
1631,1644772.25
1632,2803758.5
1633,1022344.875
1634,2988419.75
1635,999602.25
1636,921062.75
1637,3327896.0
1638,1476921.75
1639,3908093.0
1640,997711.875
1641,1292421.5
1642,982639.0
1643,1740052.25
1644,1628789.5
1645,2437326.75
1646,983464.875
1647,934957.625
1648,994951.875
1649,973870.3125
1650,1502221.125
1651,2775129.0
1652,3007967.25
1653,966715.6875
1654,1602667.875
1655,606835.9375
1656,1744443.875
1657,1825836.25
1658,1037787.9375
1659,1743235.0
1660,2660547.5
1661,1960235.375
1662,1082122.125
1663,1389501.75
1664,1707882.25
1665,2000967.125
1666,2568961.0
1667,2703079.0
1668,840988.0
1669,1111574.875
1670,1717592.875
1671,2413004.25
1672,2364815.0
1673,486479.15625
1674,463627.0625
1675,1167242.125
1676,973283.875
1677,1972643.625
1678,1324462.25
1679,2468168.5
1680,3121272.5
1681,1122258.0
1682,1634517.625
1683,803829.0
1684,2754238.5
1685,4862221.0
1686,3631176.25
1687,2491114.0
1688,1646571.625
1689,1221673.25
1690,1994555.75
1691,1701688.625
1692,975950.3125
1693,1205704.875
1694,1050989.125
1695,692422.5625
1696,699242.25
1697,2302031.75
1698,1050992.125
1699,1121696.375
1700,1830490.375
1701,697600.8125
1702,2567366.75
1703,2024858.75
1704,2836559.75
1705,1807658.5
1706,1505899.75
1707,1130126.375
1708,3277477.5
1709,2432971.0
1710,2884411.25
1711,1892517.375
1712,1847445.625
1713,1402080.375
1714,1339377.75
1715,516168.8125
1716,1454338.875
1717,3017713.5
1718,1242047.0
1719,1411539.0
1720,812777.25
1721,614067.5
1722,1716680.5
1723,401164.15625
1724,637178.625
1725,411093.25
1726,2064357.875
1727,692322.9375
1728,963782.4375
1729,1534366.0
1730,1678550.5
1731,1099868.75
1732,1617225.375
1733,1946585.5
1734,2136839.5
1735,814913.75
1736,728615.625
1737,821905.0
1738,1621869.625
1739,1081499.25
1740,971177.0625
1741,832389.6875
1742,1387750.75
1743,1606323.625
1744,1967360.375
1745,1271900.5
1746,834439.1875
1747,1287365.25
1748,1741921.5
1749,1228578.625
1750,1279571.375
1751,919429.9375
1752,2160270.25
1753,2873422.25
1754,870225.5625
1755,1317707.75
1756,1775279.75
1757,3306587.0
1758,2930380.0
1759,1633581.625
1760,2262916.0
1761,1813209.625
1762,2391780.5
1763,3707359.75
1764,1366731.625
1765,3399815.0
1766,3987210.0
1767,3569344.0
1768,641664.9375
1769,4551122.0
1770,1778677.0
1771,5202683.0
1772,1201494.875
1773,2787869.0
1774,2043063.25
1775,1022254.5
1776,702159.3125
1777,712650.6875
1778,1958927.25
1779,1647081.25
1780,2033506.5
1781,1323261.5
1782,2553097.0
1783,1349594.5
1784,3118331.5
1785,1881888.25
1786,4233886.5
1787,868402.875
1788,922143.625
1789,1950968.0
1790,3204947.5
1791,1549854.0
1792,1293212.0
1793,3174629.75
1794,4829776.5
1795,3029740.5
1796,3090498.75
1797,881776.3125
1798,1963684.0
1799,1732939.375
1800,1081547.75
1801,1499576.625
1802,779012.5625
1803,1645052.125
1804,2075150.875
1805,1568047.25
1806,352579.28125
1807,778480.75
1808,3682935.5
1809,942749.4375
1810,597042.125
1811,797638.625
1812,1722653.625
1813,990018.75
1814,4322455.0
1815,1566306.75
1816,1272941.375
1817,924726.1875
1818,1326921.0
1819,2263933.75
1820,1383781.875
1821,1074130.125
1822,1320609.625
1823,595077.3125
1824,769669.4375
1825,509318.03125
1826,413259.5
1827,1595615.625
1828,991146.25
1829,606462.125
1830,964341.0625
1831,1766204.625
1832,1296640.375
1833,631845.5
1834,1331553.5
1835,431322.46875
1836,1316050.0
1837,741732.4375
1838,611650.75
1839,581002.8125
1840,3942733.0
1841,982998.375
1842,1791769.0
1843,1722507.875
1844,652779.625
1845,3190410.5
1846,1452298.875
1847,1303710.5
1848,1075251.625
1849,1120633.5
1850,2070773.0
1851,1020429.1875
1852,2129512.5
1853,2574613.75
1854,1076057.875
1855,2974629.0
1856,3671271.25
1857,2260399.5
1858,1402327.0
1859,1843615.375
1860,405938.4375
1861,1599713.125
1862,1790866.875
1863,325820.59375
1864,1174123.75
1865,827564.875
1866,2872165.75
1867,614507.875
1868,2108206.25
1869,1195253.25
1870,406175.75
1871,802361.3125
1872,3460113.5
1873,3496879.0
1874,1924915.0
1875,481361.75
1876,1883694.25
1877,650379.125
1878,1646235.125
1879,1079781.75
1880,1089382.625
1881,1307074.625
1882,1111665.625
1883,734593.875
1884,1584895.5
1885,1598280.25
1886,2112056.25
1887,2162679.5
1888,3265076.25
1889,1326418.125
1890,1848189.375
1891,2014613.875
1892,3402179.5
1893,963077.6875
1894,1483570.375
1895,489564.9375
1896,1213860.625
1897,1324996.0
1898,1785223.75
1899,1541075.375
1900,983856.375
1901,1249963.25
1902,1810009.125
1903,2848817.5
1904,4050047.0
1905,2716817.75
1906,2926962.75
1907,1807680.375
1908,732795.9375
1909,954929.0
1910,2736495.25
1911,1772247.875
1912,944730.5
1913,1027986.6875
1914,1164678.75
1915,1691800.0
1916,1440282.0
1917,2477748.25
1918,1170972.25
1919,1800484.625
1920,1256265.625
1921,1094499.25
1922,1275436.875
1923,3300541.75
1924,1680893.5
1925,2885710.25
1926,816852.25
1927,1010847.375
1928,1344905.375
1929,1907333.75
1930,1172751.75
1931,4163508.0
1932,1236614.375
1933,2265316.0
1934,1967308.625
1935,1248009.0
1936,3241544.75
1937,1606510.125
1938,371210.375
1939,2355011.0
1940,2425571.5
1941,1463487.0
1942,906449.4375
1943,1122407.5
1944,2930241.5
1945,760860.8125
1946,1845465.25
1947,1001784.625
1948,2064170.125
1949,1542670.75
1950,847362.5
1951,1955401.625
1952,2175784.5
1953,1732966.25
1954,800334.8125
1955,3325168.5
1956,1489756.875
1957,1651674.375
1958,1354011.75
1959,687702.875
1960,384484.375
1961,860968.375
1962,1270045.25
1963,493376.03125
1964,1444495.75
1965,490169.90625
1966,2233694.25
1967,2120922.75
1968,1072642.25
1969,1078112.625
1970,653755.5625
1971,1395244.0
1972,2878640.5
1973,2774888.75
1974,1175444.25
1975,918139.125
1976,830194.0
1977,1424803.0
1978,2385016.75
1979,1888670.5
1980,1541079.25
1981,1308279.375
1982,2974741.75
1983,1154697.625
1984,998519.3125
1985,1313540.625
1986,1377546.25
1987,1549245.625
1988,1840966.625
1989,894999.8125
1990,2518764.75
1991,664998.6875
1992,1298831.75
1993,662074.1875
1994,2253746.0
1995,945228.6875
1996,3950948.0
1997,1919155.625
1998,1251697.875
1999,1497271.75
2000,1147359.0
2001,1315486.25
2002,432029.84375
2003,624966.25
2004,1168346.875
2005,681793.4375
2006,1193669.5
2007,1988247.375
2008,1700341.125
2009,3206921.75
2010,1319994.0
2011,1260727.625
2012,2693110.75
2013,2279118.0
2014,2039094.625
2015,1325042.0
2016,1154604.125
2017,1809719.5
2018,784592.125
2019,937729.75
2020,1599245.5
2021,528115.9375
2022,1764752.0
2023,1468762.5
2024,868887.0
2025,638791.0
2026,1338010.25
2027,1646777.5
2028,1971702.875
2029,1448659.125
2030,610286.1875
2031,1630652.375
2032,1101970.625
2033,1324496.375
2034,1669536.625
2035,943291.25
2036,3212907.25
2037,3218509.25
2038,4357478.5
2039,479134.4375
2040,1990339.125
2041,2074790.875
2042,1412963.625
2043,1607760.375
2044,1595970.25
2045,1038448.4375
2046,2052836.625
2047,1962176.0
2048,3124528.75
2049,2457022.0
2050,611907.6875
2051,1501873.25
2052,1569092.75
2053,1587752.375
2054,788445.0
2055,2026231.875
2056,2186453.0
2057,1359578.25
2058,705881.625
2059,1506039.75
2060,1490275.0
2061,1266288.0
2062,2150391.5
2063,1505439.75
2064,1584129.625
2065,2142652.25
2066,635891.3125
2067,1661385.875
2068,1554278.125
2069,762444.0
2070,416757.53125
2071,1581882.125
2072,1360354.375
2073,1424445.25
2074,1235078.375
2075,1070113.75
2076,1241029.25
2077,2287339.25
2078,995944.0
2079,1011860.375
2080,759300.8125
2081,1209878.875
2082,1026816.875
2083,815014.1875
2084,4906200.5
2085,2540168.5
2086,1720894.875
2087,2329533.75
2088,2000521.0
2089,884891.5
2090,1701006.25
2091,1896486.875
2092,3591368.25
2093,1558161.25
2094,2810897.5
2095,929323.3125
2096,1395290.75
2097,2269366.75
2098,2459766.0
2099,988734.75
2100,1257988.625
2101,3178511.5
2102,3412991.5
2103,767023.4375
2104,978308.375
2105,1285184.5
2106,779305.5
2107,1698274.625
2108,649849.75
2109,1622560.875
2110,1187223.0
2111,1261687.875
2112,938518.0625
2113,1965742.75
2114,3339849.75
2115,2666001.25
2116,1225737.0
2117,2157288.0
2118,1499605.5
2119,2489691.0
2120,1804266.0
2121,2455714.25
2122,1324953.125
2123,1910020.75
2124,3211312.0
2125,1186821.125
2126,2517340.75
2127,3211699.75
2128,659167.1875
2129,1023289.1875
2130,1757350.875
2131,1967379.5
2132,496457.09375
2133,1655531.625
2134,1089339.625
2135,1456698.5
2136,1734490.125
2137,1271767.375
2138,2185578.0
2139,1776765.75
2140,1240373.0
2141,780792.0625
2142,1479443.25
2143,2141125.75
2144,1520179.75
2145,1067818.375
2146,1437843.125
2147,1075790.875
2148,999040.0
2149,1859046.625
2150,2050595.0
2151,1635883.125
2152,1345005.625
2153,2044982.0
2154,1087303.25
2155,1753801.125
2156,2315283.25
2157,1647251.375
2158,2348291.75
2159,3050374.75
2160,1561594.625
2161,972976.8125
2162,760705.9375
2163,2828327.0
2164,2161592.0
2165,1266626.875
2166,838632.1875
2167,1263620.25
2168,1825118.5
2169,1193341.125
2170,745016.875
2171,1499177.625
2172,1829548.125
2173,1675329.0
2174,2815552.25
2175,1167088.75
2176,1308117.75
2177,2039574.875
2178,1435704.875
2179,1980426.875
2180,1564734.375
2181,1430796.5
2182,969182.125
2183,2139364.0
2184,1334682.875
2185,1283472.375
2186,768755.75
2187,1661995.75
2188,1701703.625
2189,1497449.75
2190,1297273.625
2191,1954712.375
2192,1120474.625
2193,1264141.0
2194,1518212.0
2195,2366801.0
2196,1705774.25
2197,908314.5
2198,1138755.625
2199,2561275.25
2200,796653.6875
2201,1138322.875
2202,712048.5625
2203,1532345.875
2204,1035200.8125
2205,1272900.0
2206,689134.875
2207,1678765.75
2208,2617862.75
2209,1201609.875
2210,1312893.125
2211,1731129.75
2212,1129205.875
2213,1143884.75
2214,1076178.625
2215,860246.1875
2216,643971.5625
2217,786230.0625
2218,2449185.5
2219,1157925.25
2220,1062068.75
2221,1330682.625
2222,885155.0
2223,2460233.75
2224,882277.875
2225,943727.375
2226,1641155.625
2227,1117896.5
2228,1975131.125
2229,1655309.5
2230,699290.5
2231,2799300.5
2232,1792286.625
2233,1693301.5
2234,2594343.75
2235,2128759.0
2236,698139.0625
2237,1151866.875
2238,1641793.75
2239,1089269.0
2240,1286542.75
2241,835898.0625
2242,1194850.375
2243,2016435.875
2244,1782465.0
2245,3016620.5
2246,1648263.875
2247,4593017.5
2248,1083097.5
2249,989989.3125
2250,1040272.25
2251,863294.375
2252,975562.0625
2253,489097.90625
2254,1283319.75
2255,892801.1875
2256,1757048.625
2257,1866591.875
2258,1283573.5
2259,2492782.25
2260,1487295.125
2261,1327265.0
2262,459621.875
2263,1004417.75
2264,720434.0625
2265,582529.3125
2266,896088.875
2267,1247304.75
2268,764857.1875
2269,3202206.5
2270,494926.5
2271,864471.8125
2272,2099769.75
2273,504949.21875
2274,901063.3125
2275,1928774.125
2276,804431.4375
2277,1278981.625
2278,2243034.75
2279,1620568.0
2280,1371084.875
2281,1424727.25
2282,1480641.25
2283,2136387.5
2284,1293234.125
2285,1440038.25
2286,2402779.75
2287,683101.5
2288,2639561.0
2289,1638829.5
2290,1342699.25
2291,1887403.625
2292,778908.8125
2293,2928195.25
2294,791125.875
2295,1583994.125
2296,833495.5
2297,930505.625
2298,2655398.25
2299,1300991.625
2300,1595023.375
2301,1087860.125
2302,2093399.5
2303,676917.9375
2304,928333.3125
2305,1326424.875
2306,1364933.125
2307,2137583.0
2308,1370195.25
2309,1434777.375
2310,1933201.75
2311,1767136.25
2312,1454330.5
2313,1998485.625
2314,1255175.75
2315,790166.9375
2316,1390846.625
2317,1050340.25
2318,915185.5
2319,1942527.125
2320,1652716.5
2321,1325489.0
2322,784448.0625
2323,1188510.75
2324,1544136.0
2325,1516690.5
2326,581048.125
2327,1061465.875
2328,1285759.75
2329,1715602.375
2330,1021073.9375
2331,782079.0
2332,1522431.375
2333,1726384.5
2334,3549833.0
2335,799464.0
2336,2715429.75
2337,1397837.125
2338,1478425.375
2339,1804567.75
2340,1172580.0
2341,1545318.125
2342,1197969.125
2343,1162383.0
2344,1840073.625
2345,1151508.25
2346,878264.375
2347,684655.4375
2348,2611872.0
2349,3306626.0
2350,1578782.75
2351,1314180.0
2352,1904641.375
2353,1597650.625
2354,1960230.125
2355,1521746.25
2356,2209995.75
2357,748042.1875
2358,2211432.0
2359,1757300.75
2360,1628926.25
2361,3153220.75
2362,1417531.125
2363,2112439.75
2364,1609222.25
2365,554996.875
2366,4882119.0
2367,870884.5625
2368,1800694.0
2369,924470.75
2370,916120.5625
2371,850964.25
2372,2067792.75
2373,1029014.0625
2374,1202141.375
2375,1462415.75
2376,541424.0625
2377,1005247.6875
2378,682432.25
2379,1019220.0625
2380,642246.5
2381,861777.0
2382,732280.25
2383,1479936.375
2384,1576397.75
2385,1692800.375
2386,1163746.0
2387,2618659.75
2388,1948874.625
2389,1671423.125
2390,2930893.0
2391,984307.3125
2392,3137363.5
2393,1569085.375
2394,1910214.0
2395,1146244.5
2396,1055457.625
2397,2459345.0
2398,1144619.625
2399,1035359.25
2400,2234079.75
2401,845726.4375
2402,1634999.125
2403,3209807.0
2404,1841083.375
2405,1320710.625
2406,1588058.125
2407,1312848.0
2408,2908814.5
2409,2159684.0
2410,946267.625
2411,1781478.125
2412,2259606.75
2413,2941478.75
2414,1759022.125
2415,923470.5
2416,1497563.375
2417,1704458.125
2418,2177159.75
2419,2307909.5
2420,1703087.125
2421,1565218.875
2422,2804602.0
2423,1771150.375
2424,1152381.5
2425,1347487.0
2426,814540.25
2427,1092284.0
2428,1835398.125
2429,2740330.75
2430,1437707.875
2431,1533060.375
2432,780913.8125
2433,1749239.875
2434,1323431.375
2435,1146318.375
2436,2191213.0
2437,1716697.75
2438,2645993.75
2439,1555434.5
2440,1326427.625
2441,3338396.0
2442,1751963.0
2443,1068613.0
2444,1178085.75
2445,490804.6875
2446,1026057.6875
2447,752084.0625
2448,1607166.375
2449,1645727.875
2450,2484858.75
2451,764881.375
2452,1306832.75
2453,1326526.0
2454,1974957.125
2455,937379.5
2456,1074492.375
2457,3372897.5
2458,870830.125
2459,1643976.75
2460,1532765.625
2461,790590.0625
2462,1586238.875
2463,1500403.875
2464,611706.125
2465,731795.5625
2466,1314790.375
2467,1355100.0
2468,851597.8125
2469,852579.5
2470,1005742.125
2471,2001806.0
2472,1758904.875
2473,877503.6875
2474,1344648.125
2475,2594139.0
2476,1420131.375
2477,1700840.125
2478,1272546.375
2479,1247019.0
2480,906650.5625
2481,1427013.0
2482,1669052.75
2483,1109400.0
2484,1685933.625
2485,1114913.75
2486,1622792.375
2487,1278327.125
2488,895165.0
2489,714505.0
2490,2293849.75
2491,1267536.875
2492,1700251.5
2493,898394.8125
2494,1482991.125
2495,911759.9375
2496,939974.3125
2497,1539091.875
2498,867171.1875
2499,2918256.0
2500,1975327.375
2501,2157213.5
2502,1425584.375
2503,523342.0
2504,1211189.125
2505,1900433.75
2506,946301.0625
2507,952661.5
2508,960484.4375
2509,1342840.0
2510,1327559.0
2511,6194339.0
2512,1865955.125
2513,744683.75
2514,2592016.5
2515,430784.375
2516,1490993.5
2517,1257526.375
2518,1081428.0
2519,2578984.25
2520,785768.625
2521,948687.125
2522,1231103.625
2523,966714.375
2524,940902.8125
2525,1187230.25
2526,1872789.75
2527,1425371.0
2528,1389748.625
2529,402143.0
2530,726070.25
2531,1454847.625
2532,1420648.0
2533,780207.6875
2534,994126.8125
2535,2191791.25
2536,1587062.375
2537,1110794.75
2538,1086288.5
2539,946655.125
2540,1461297.0
2541,661151.9375
2542,1546737.125
2543,3060706.5
2544,977957.75
2545,1837732.5
2546,1772440.875
2547,1919308.5
2548,1006228.625
2549,2040690.0
2550,1042957.375
2551,1566805.25
2552,1377768.5
2553,3555220.25
2554,1663762.625
2555,945858.3125
2556,716855.0625
2557,1100678.25
2558,1277441.5
2559,780805.25
2560,1853614.25
2561,1490217.75
2562,2125394.0
2563,1447216.625
2564,1143835.0
2565,1616263.25
2566,1638545.75
2567,2124126.5
2568,1092062.5
2569,993420.9375
2570,1294693.25
2571,1656831.25
2572,1554489.0
2573,1071608.125
2574,1448862.125
2575,696537.875
2576,1490673.375
2577,1190991.0
2578,1932724.75
2579,891665.4375
2580,1182124.5
2581,1247472.375
2582,1374889.125
2583,1235610.375
2584,1337155.125
2585,1125084.125
2586,2369198.25
2587,945784.875
2588,2052671.875
2589,1536657.625
2590,1511465.125
2591,1420265.875
2592,629164.9375
2593,1581241.0
2594,975164.1875
2595,918870.0625
2596,2618396.25
2597,1056885.5
2598,1454082.375
2599,1650026.625
2600,996560.3125
2601,933108.5625
2602,1379034.5
2603,921544.4375
2604,1187122.75
2605,1367042.25
2606,458023.03125
2607,1444731.0
2608,1228488.625
2609,870141.8125
2610,966678.1875
2611,1226765.625
2612,1118187.875
2613,1699416.25
2614,1733394.625
2615,714410.5625
2616,1337869.5
2617,2634250.25
2618,1160111.125
2619,1031976.5625
2620,2171681.25
2621,1527960.875
2622,2500516.5
2623,2226251.5
2624,1633164.625
2625,2269846.75
2626,1187646.625
2627,1405000.375
2628,1314417.25
2629,1388867.0
2630,3498397.25
2631,1310645.375
2632,1389969.75
2633,2615954.25
2634,1004911.75
2635,1126559.125
2636,1253367.25
2637,1281640.375
2638,1338371.75
2639,1425461.875
2640,1571627.125
2641,933634.125
2642,1842697.5
2643,1152428.375
2644,940293.8125
2645,2510352.75
2646,2987311.0
2647,1460983.875
2648,1484587.0
2649,751799.875
2650,1749340.625
2651,285098.5
2652,1741092.375
2653,595671.125
2654,843490.0625
2655,870222.4375
2656,952348.625
2657,970777.0625
2658,1199969.125
2659,1485083.875
2660,1579526.75
2661,1046282.5625
2662,2134967.25
2663,652136.9375
2664,1004546.125
2665,567537.125
2666,891949.8125
2667,1844540.125
2668,880918.8125
2669,2574549.0
2670,2190306.0
2671,2717312.0
2672,1447255.875
2673,1040373.875
2674,1687643.125
2675,889521.5625
2676,1171559.5
2677,936826.8125
2678,3079054.0
2679,1276978.125
2680,1469830.0
2681,2343817.0
2682,1973469.25
2683,1358102.25
2684,1823569.0
2685,1599367.875
2686,2042808.875
2687,2560197.5
2688,1241910.125
2689,903905.9375
2690,1113648.0
2691,1129733.625
2692,1133692.625
2693,1535029.0
2694,1408815.375
2695,1392914.375
2696,1955606.875
2697,1953542.875
2698,825350.8125
2699,2232019.5
2700,1257651.125
2701,1377580.0
2702,588593.25
2703,1142980.5
2704,659641.3125
2705,1376451.5
2706,4013027.5
2707,846989.875
2708,939246.5625
2709,1292896.0
2710,1391228.625
2711,1108515.375
2712,2487143.5
2713,1801392.25
2714,791796.0
2715,1772610.375
2716,1693983.5
2717,2159638.5
2718,1282008.625
2719,1991836.125
2720,1935543.375
2721,743344.9375
2722,692328.0
2723,1048839.25
2724,696758.375
2725,1322529.375
2726,953792.625
2727,804009.4375
2728,1854512.5
2729,1410507.875
2730,956225.8125
2731,583462.75
2732,1554332.625
2733,708574.625
2734,910107.4375
2735,4507203.0
2736,5278334.5
2737,1626060.5
2738,1371707.875
2739,1712495.625
2740,1034445.3125
2741,1122796.625
2742,957194.9375
2743,1056302.0
2744,2167132.75
2745,726729.75
2746,654900.6875
2747,1252735.875
2748,1081334.25
2749,875880.625
2750,2763051.75
2751,935177.4375
2752,2473267.5
2753,786787.9375
2754,1629062.875
2755,907693.4375
2756,1790274.25
2757,1589684.625
2758,1066144.375
2759,1026311.5
2760,1540651.0
2761,1381049.5
2762,1628649.5
2763,1518025.0
2764,869944.25
2765,2517038.25
2766,4673297.5
2767,1097025.625
2768,1430358.25
2769,1939737.375
2770,932373.25
2771,1261313.375
2772,1309363.375
2773,1621495.875
2774,1459404.375
2775,830236.8125
2776,1066704.75
2777,1326803.125
2778,1206754.875
2779,757078.625
2780,486789.34375
2781,656522.375
2782,1062331.625
2783,1287071.125
2784,1174668.25
2785,1498657.5
2786,1605234.5
2787,1210984.25
2788,1056985.375
2789,1344283.375
2790,1192196.125
2791,1598402.75
2792,838243.875
2793,825666.25
2794,1246150.375
2795,1197254.25
2796,1978066.25
2797,1333517.75
2798,1703656.75
2799,2398131.75
2800,915201.0
2801,1478105.625
2802,1878531.75
2803,1589761.875
2804,1211162.625
2805,1228845.0
2806,1691202.625
2807,1711199.125
2808,1767716.25
2809,1630709.625
2810,2621525.0
2811,1357048.25
2812,829018.625
2813,1013141.5
2814,1067919.75
2815,590883.0
2816,1056805.625
2817,1796483.25
2818,2849363.75
2819,668966.6875
2820,1262407.25
2821,1230577.375
2822,1198800.5
2823,1076146.0
2824,1824536.375
2825,1223201.25
2826,1692569.5
2827,1100688.75
2828,4274471.5
2829,869608.625
2830,887484.875
2831,1400617.5
2832,2374072.75
2833,3887417.25
2834,961380.75
2835,1219535.0
2836,1962466.875
2837,857696.3125
2838,1405000.5
2839,1786671.625
2840,1245117.125
2841,2332982.0
2842,3028638.75
2843,3107183.5
2844,1087092.125
2845,1413460.875
2846,1085927.375
2847,2483490.25
2848,794488.3125
2849,1447851.625
2850,2214763.5
2851,1150826.875
2852,1698192.25
2853,1657476.875
2854,1247091.875
2855,868764.5
2856,1958421.5
2857,995587.1875
2858,1186723.375
2859,595629.375
2860,1056446.625
2861,1195905.75
2862,1866869.5
2863,2989257.0
2864,1439895.625
2865,3615119.75
2866,2059065.375
2867,1472060.375
2868,961786.5625
2869,768960.625
2870,2210624.0
2871,1988349.5
2872,2109982.0
2873,1584364.875
2874,1444294.75
2875,1953084.375
2876,1243153.875
2877,3893345.25
2878,1460612.625
2879,1602121.25
2880,1084358.0
2881,2012382.25
2882,1079493.125
2883,1395897.75
2884,2124990.0
2885,536347.3125
2886,938096.4375
2887,1586187.875
2888,1482888.25
2889,600334.875
2890,1332087.25
2891,1737680.125
2892,1290120.375
2893,1484001.25
2894,481330.75
2895,861870.5625
2896,642504.375
2897,1014476.0625
2898,509630.375
2899,2619971.75
2900,1012906.8125
2901,1036835.5625
2902,1708914.5
2903,991761.1875
2904,1586330.5
2905,1528067.625
2906,803147.5
2907,1319102.375
2908,794044.9375
2909,1461275.125
2910,1031683.6875
2911,1116548.625
2912,960051.25
2913,653999.3125
2914,718505.6875
2915,918386.125
2916,1055163.125
2917,594485.6875
2918,1188429.25
2919,901134.3125
2920,1454511.625
2921,1265897.625
2922,1740063.0
2923,572241.625
2924,1595436.5
2925,1369899.375
2926,1496423.875
2927,943960.75
2928,2439369.0
2929,1997961.0
2930,1835711.125
2931,946956.75
2932,899536.8125
2933,1458967.5
2934,3681301.5
2935,1752291.0
2936,825910.0
2937,1110870.5
2938,1960387.25
2939,1165938.125
2940,2993080.25
2941,2876724.0
2942,972780.5
2943,650823.3125
2944,863115.1875
2945,1821374.5
2946,784989.4375
2947,1350726.75
2948,585465.25
2949,1913461.25
2950,1538114.5
2951,1219699.125
2952,1278160.75
2953,1159187.0
2954,1289119.625
2955,1583185.625
2956,1743241.25
2957,2562646.0
2958,3071930.0
2959,508519.1875
2960,3435549.25
2961,1851268.125
2962,1844474.875
2963,2678903.25
2964,953979.3125
2965,2170347.5
2966,1870235.5
2967,908549.4375
2968,1398579.5
2969,1187617.0
2970,1846262.625
2971,962415.8125
2972,1757558.125
2973,2123014.5
2974,1134967.0
2975,1140483.625
2976,990910.1875
2977,1231946.375
2978,1791538.25
2979,986002.4375
2980,736159.3125
2981,565288.6875
2982,1243541.125
2983,1076080.0
2984,1133660.75
2985,2606259.5
2986,839556.0625
2987,1120328.875
2988,1878495.25
2989,1544468.75
2990,800802.4375
2991,572652.125
2992,1351640.125
2993,818419.0625
2994,2705113.25
2995,895721.3125
2996,2597509.25
2997,635217.0625
2998,922969.3125
2999,1127819.75
3000,1156084.75
3001,2645334.25
3002,2226576.0
3003,1582108.5
3004,1693794.25
3005,1018562.9375
3006,1483621.25
3007,1641320.0
3008,1371747.75
3009,1099753.25
3010,945236.1875
3011,1835676.25
3012,1112880.125
3013,959708.1875
3014,825155.5
3015,1162315.0
3016,2817672.5
3017,1474650.25
3018,1979863.5
3019,3031273.0
3020,3025745.5
3021,1545672.25
3022,2149105.0
3023,1103430.5
3024,952072.3125
3025,1562796.625
3026,1735447.625
3027,1708798.75
3028,766745.0625
3029,648592.625
3030,1582479.75
3031,1221411.625
3032,986388.1875
3033,871260.1875
3034,1581969.0
3035,1118551.625
3036,1464496.875
3037,1443643.25
3038,2336224.25
3039,1666369.875
3040,1253712.0
3041,1306998.875
3042,2113127.0
3043,1785653.625
3044,1278877.875
3045,1540101.75
3046,1440338.5
3047,1532122.0
3048,1622296.75
3049,1018151.4375
3050,1052650.875
3051,772262.0
3052,1098068.625
3053,3336674.25
3054,896322.25
3055,881257.125
3056,1435546.0
3057,641446.25
3058,867118.75
3059,1898658.875
3060,660186.125
3061,1040438.125
3062,1272841.75
3063,806238.625
3064,1358817.25
3065,890226.875
3066,1621565.125
3067,2102170.25
3068,1000115.1875
3069,2480404.75
3070,476758.03125
3071,1890633.5
3072,1271297.75
3073,1015130.625
3074,1686962.25
3075,2330717.25
3076,1274081.625
3077,1079339.375
3078,1514412.625
3079,1286009.875
3080,2930701.5
3081,1243146.75
3082,1149540.125
3083,1027966.375
3084,1282907.625
3085,659005.0
3086,1183792.75
3087,691865.25
3088,2043537.25
3089,1709200.5
3090,1789873.125
3091,2076954.5
3092,2261536.5
3093,1621646.75
3094,1338082.375
3095,561403.3125
3096,1126861.0
3097,1259580.25
3098,1660303.0
3099,2635630.0
3100,677495.625
3101,1357263.75
3102,1305112.375
3103,1304716.75
3104,895945.375
3105,2285605.0
3106,715075.5625
3107,3123074.25
3108,2079469.875
3109,1660888.375
3110,915544.5
3111,792259.625
3112,1090038.125
3113,1048453.4375
3114,972554.8125
3115,834502.1875
3116,1449052.75
3117,1367524.375
3118,1715171.625
3119,2015104.625
3120,2761861.0
3121,1294012.25
3122,1142741.125
3123,641785.6875
3124,1130823.375
3125,1512165.5
3126,472149.375
3127,940797.875
3128,1587830.5
3129,729236.375
3130,1582559.25
3131,779721.4375
3132,896698.375
3133,1391404.125
3134,999184.1875
3135,730893.0
3136,1412322.625
3137,2680481.0
3138,705631.875
3139,774727.625
3140,831908.6875
3141,1286704.25
3142,788301.0
3143,596783.875
3144,1234946.0
3145,2046852.375
3146,974451.625
3147,521961.4375
3148,1744759.25
3149,1381788.375
3150,1039231.5625
3151,2039556.5
3152,917075.875
3153,1277359.25
3154,872463.3125
3155,1991608.625
3156,1286052.5
3157,1053799.625
3158,1369045.375
3159,1514909.0
3160,1662186.5
3161,996232.3125
3162,948175.875
3163,1794992.0
3164,1868798.125
3165,2253316.0
3166,1610563.75
3167,1504938.875
3168,1404966.75
3169,1515152.875
3170,1394433.25
3171,1998406.625
3172,1367907.875
3173,1701992.75
3174,1364086.125
3175,974162.3125
3176,1286070.5
3177,1427439.5
3178,1350550.0
3179,1535367.375
3180,962868.6875
3181,1160764.375
3182,909068.0
3183,1701150.625
3184,2040435.25
3185,1061142.625
3186,1825225.75
3187,1086453.375
3188,1434498.125
3189,1127949.5
3190,734468.9375
3191,791847.3125
3192,2029230.625
3193,1186920.625
3194,681168.1875
3195,268288.1875
3196,664364.1875
3197,1266087.125
3198,884527.5625
3199,806447.6875
3200,1411780.75
3201,1154210.25
3202,1335204.125
3203,904044.3125
3204,1955148.125
3205,1490685.625
3206,2106831.75
3207,2827470.0
3208,2468993.0
3209,2478605.0
3210,2715834.75
3211,1185934.375
3212,1883270.125
3213,1554259.625
3214,1183428.375
3215,3551217.25
3216,2111406.0
3217,864042.5
3218,823776.1875
3219,535165.125
3220,1298600.625
3221,971012.125
3222,1266973.375
3223,1384147.0
3224,1470560.25
3225,1291140.375
3226,1012072.5
3227,1488512.5
3228,673617.125
3229,1285830.75
3230,1205534.125
3231,1817853.75
3232,1784115.0
3233,1983556.125
3234,664647.4375
3235,1196496.125
3236,1538088.875
3237,892464.75
3238,871396.0625
3239,918076.5
3240,1619735.25
3241,850289.1875
3242,1367963.875
3243,2097717.0
3244,2749328.25
3245,1316458.875
3246,2699070.0
3247,2210342.25
3248,846527.6875
3249,863966.1875
3250,1764724.0
3251,2003023.625
3252,1471243.375
3253,1971170.0
3254,1421456.0
3255,1273763.625
3256,1243455.5
3257,766227.625
3258,1491740.75
3259,1068251.0
3260,1298764.0
3261,899641.1875
3262,1278874.125
3263,945956.5625
3264,715403.5
3265,559167.6875
3266,1363179.375
3267,797798.875
3268,925710.5
3269,3312311.75
3270,1176471.625
3271,1525870.125
3272,1591158.0
3273,1868946.125
3274,1290362.375
3275,933954.1875
3276,1299901.75
3277,1621435.375
3278,709536.5
3279,1093206.5
3280,4029655.75
3281,1551154.0
3282,2166659.0
3283,1917010.25
3284,1807801.125
3285,1725005.5
3286,2163126.5
3287,1467788.5
3288,1421348.25
3289,1081517.0
3290,1386469.0
3291,1782979.25
3292,1805045.875
3293,2262947.0
3294,1286564.625
3295,1839134.875
3296,965812.25
3297,816727.75
3298,1181042.25
3299,1546225.25
3300,1742234.5
3301,1255059.375
3302,1523158.375
3303,1592126.375
3304,1071640.5
3305,857730.125
3306,1380909.25
3307,1148157.75
3308,1598305.25
3309,1173859.625
3310,2436793.0
3311,1123672.875
3312,1993665.875
3313,1423982.25
3314,1724430.5
3315,793667.5
3316,2465664.75
3317,873726.5625
3318,1318869.625
3319,3005990.0
3320,1314589.25
3321,1507620.25
3322,997562.1875
3323,963896.6875
3324,1228591.75
3325,1020683.875
3326,2533771.75
3327,2172950.0
3328,798366.375
3329,1313567.75
3330,1261992.875
3331,2419046.25
3332,852238.4375
3333,1862960.0
3334,1156155.125
3335,2018837.125
3336,2150255.75
3337,2758152.5
3338,2897002.75
3339,2679656.25
3340,1155050.625
3341,710201.5
3342,735362.8125
3343,1299616.375
3344,1249808.125
3345,1996202.875
3346,2327074.0
3347,2008421.25
3348,1458446.375
3349,1007961.6875
3350,958506.9375
3351,1191806.25
3352,1648577.0
3353,1930812.25
3354,1642607.75
3355,1263128.5
3356,1473419.875
3357,914082.6875
3358,1431043.0
3359,916665.4375
3360,1761040.125
3361,2199318.5
3362,1386647.375
3363,2106972.75
3364,1137971.125
3365,968613.6875
3366,719038.625
3367,979728.0
3368,975713.4375
3369,1100694.375
3370,1146745.625
3371,971653.0625
3372,655982.8125
3373,944639.9375
3374,878822.3125
3375,1036172.0
3376,1021066.375
3377,1080583.125
3378,923664.0
3379,847118.625
3380,1017940.5625
3381,1843359.75
3382,1674722.75
3383,2672207.0
3384,1748977.5
3385,1894216.125
3386,839176.5
3387,1880219.125
3388,2017863.125
3389,1065804.75
3390,863994.1875
3391,2355285.25
3392,1225011.375
3393,997306.5625
3394,997881.75
3395,555522.0
3396,1016834.8125
3397,752552.0
3398,1417011.125
3399,1373357.0
3400,2434017.75
3401,1669004.375
3402,997247.625
3403,1656387.0
3404,910191.625
3405,3117973.25
3406,417276.6875
3407,1653177.5
3408,1858631.625
3409,1268363.25
3410,756440.5625
3411,1618228.25
3412,965854.25
3413,991212.9375
3414,1791901.75
3415,2022238.125
3416,1384636.5
3417,1285240.625
3418,1415680.0
3419,1754337.375
3420,1291236.125
3421,1259084.625
3422,2077298.0
3423,1347260.625
3424,2080405.625
3425,1513383.5
3426,1468678.375
3427,2576415.0
3428,697431.9375
3429,976390.75
3430,1152539.0
3431,881289.75
3432,943931.9375
3433,1326135.5
3434,1299152.25
3435,1170792.125
3436,1135580.875
3437,1346652.25
3438,1874726.0
3439,1299514.75
3440,1128405.375
3441,1277193.125
3442,1559284.375
3443,1409857.25
3444,2368053.75
3445,1526900.625
3446,2851852.5
3447,1368085.625
3448,803894.125
3449,1033299.0
3450,1101716.625
3451,1293677.125
3452,831673.0625
3453,1987539.625
3454,759392.375
3455,2988268.25
3456,2177208.0
3457,1409309.0
3458,3142866.25
3459,860909.875
3460,1296192.75
3461,1084341.25
3462,901843.6875
3463,613346.375
3464,995509.375
3465,1162425.625
3466,1026565.1875
3467,788663.125
3468,967821.625
3469,1377946.625
3470,1753813.5
3471,1464168.625
3472,2800319.5
3473,1178297.125
3474,1065547.875
3475,1879857.125
3476,857075.75
3477,597042.375
3478,1388060.625
3479,1803789.0
3480,655055.25
3481,2173398.75
3482,1250366.25
3483,1607817.875
3484,846079.5625
3485,931377.8125
3486,1498196.375
3487,2028717.0
3488,1125967.625
3489,951044.625
3490,1605952.375
3491,1453963.875
3492,1115751.625
3493,2158497.5
3494,1184761.875
3495,1899510.875
3496,1035639.4375
3497,969022.0
3498,1666739.625
3499,1003361.4375
3500,1017396.8125
3501,897819.375
3502,579365.75
3503,536678.9375
3504,1075061.125
3505,2100405.5
3506,1124801.75
3507,792926.25
3508,1507788.0
3509,1709643.5
3510,2932587.75
3511,607317.0
3512,1101849.625
3513,1584834.25
3514,1388400.75
3515,1031496.8125
3516,2243638.25
3517,972218.0625
3518,1004449.5625
3519,1552427.0
3520,828098.3125
3521,1273915.625
3522,1463595.875
3523,1226141.375
3524,1929865.0
3525,1249608.375
3526,2116941.5
3527,903674.125
3528,1151552.625
3529,1425327.25
3530,1737205.625
3531,1173371.125
3532,1396416.25
3533,1346228.125
3534,1767048.0
3535,640610.5
3536,1307549.0
3537,1449288.75
3538,844435.25
3539,1123764.25
3540,1126642.5
3541,1083267.875
3542,2234441.75
3543,1520070.875
3544,1889347.125
3545,1124592.75
3546,1062372.75
3547,1658034.0
3548,1686111.25
3549,2356996.75
3550,1095531.75
3551,1213659.875
3552,2071602.5
3553,918985.5
3554,1381035.25
3555,1820152.375
3556,2816675.5
3557,2771208.5
3558,794447.4375
3559,1510499.625
3560,1200571.625
3561,1200925.875
3562,834933.5
3563,947004.3125
3564,1014469.8125
3565,1713833.25
3566,2115229.25
3567,1513972.625
3568,886593.0
3569,1312024.875
3570,986517.5625
3571,529352.0
3572,2239584.5
3573,1601869.625
3574,1490624.0
3575,1294660.875
3576,1868005.875
3577,1736702.625
3578,1207386.5
3579,1878536.5
3580,1096959.875
3581,1353247.125
3582,857852.6875
3583,1476983.75
3584,1088691.875
3585,2383751.5
3586,1677272.625
3587,819098.1875
3588,2202580.25
3589,855782.125
3590,1071300.375
3591,993124.5
3592,903235.0
3593,1502284.0
3594,675328.4375
3595,1219320.125
3596,1572303.625
3597,731749.5625
3598,1684375.0
3599,744423.8125
3600,1188050.25
3601,1452680.375
3602,1373012.625
3603,1474081.125
3604,1830703.0
3605,1785219.625
3606,852637.875
3607,1636267.25
3608,969669.0
3609,1013046.5
3610,618350.1875
3611,1237674.75
3612,940607.3125
3613,1147057.0
3614,1091469.625
3615,945908.9375
3616,1461435.5
3617,900577.1875
3618,1380681.5
3619,907112.3125
3620,1088107.5
3621,709865.8125
3622,1641681.5
3623,885976.3125
3624,1285305.875
3625,1166981.75
3626,1200017.5
3627,601879.75
3628,1447858.625
3629,1686527.0
3630,1301837.625
3631,1552139.125
3632,1197414.375
3633,1225817.625
3634,2076556.625
3635,1110024.875
3636,1037604.5625
3637,1413506.875
3638,878558.625
3639,1803850.125
3640,1051882.625
3641,1008878.375
3642,1254142.375
3643,493319.09375
3644,758361.5
3645,1116472.375
3646,1249766.625
3647,2519912.0
3648,812619.75
3649,1471400.5
3650,967329.4375
3651,847552.25
3652,1419057.25
3653,2282019.75
3654,1172707.25
3655,1852216.125
3656,1065569.25
3657,2145933.0
3658,2146783.5
3659,4244259.0
3660,1384390.625
3661,1123323.875
3662,1147999.0
3663,910948.0625
3664,863254.9375
3665,1007791.0
3666,1789388.625
3667,847905.5
3668,1019667.4375
3669,1161119.5
3670,710043.6875
3671,1730622.25
3672,1154145.625
3673,1205244.75
3674,665826.8125
3675,1110975.25
3676,778951.9375
3677,840054.4375
3678,920250.1875
3679,1593973.625
3680,1509762.5
3681,1283388.25
3682,1076177.0
3683,984064.5
3684,1832850.125
3685,1362039.125
3686,1245757.125
3687,2121854.75
3688,1235919.875
3689,1181029.25
3690,1992065.25
3691,1009247.0625
3692,1261520.25
3693,1596603.5
3694,1719177.625
3695,1311506.625
3696,1451364.125
3697,1525030.0
3698,1396351.125
3699,1223427.625
3700,1197095.125
3701,891175.25
3702,1330139.625
3703,1006925.375
3704,615361.75
3705,1463970.5
3706,840391.0
3707,739649.6875
3708,780779.625
3709,1053068.0
3710,2077564.875
3711,1365213.0
3712,1985319.25
3713,2089814.25
3714,1283703.875
3715,1136151.25
3716,1857996.0
3717,1353999.25
3718,1306468.75
3719,907235.125
3720,1770443.375
3721,576972.1875
3722,619702.3125
3723,1411369.25
3724,1772455.75
3725,1161688.625
3726,1062263.875
3727,742939.25
3728,793450.125
3729,1434305.875
3730,1118152.5
3731,864898.5625
3732,1285651.625
3733,1279479.625
3734,2235291.5
3735,822779.9375
3736,2058321.25
3737,2755870.75
3738,1303819.125
3739,1621266.875
3740,1187560.75
3741,1337648.0
3742,1054408.75
3743,1224251.5
3744,1105532.625
3745,983963.25
3746,1082838.5
3747,1413287.25
3748,1343938.5
3749,1641259.5
3750,1478442.75
3751,1428504.125
3752,1277561.625
3753,1139898.875
3754,656044.6875
3755,1225883.125
3756,1555730.5
3757,603315.625
3758,877728.1875
3759,749254.0625
3760,836102.4375
3761,1155118.25
3762,1101697.875
3763,2154309.25
3764,993415.4375
3765,2437080.25
3766,3192886.75
3767,1625336.875
3768,1107379.75
3769,1508494.375
3770,1317711.75
3771,1727056.25
3772,1622652.0
3773,796943.375
3774,852607.5625
3775,1173929.375
3776,1126067.0
3777,2173576.0
3778,1553680.875
3779,1564272.375
3780,1875589.0
3781,1487080.125
3782,1524004.25
3783,1606760.75
3784,2069737.0
3785,2313404.0
3786,1150231.625
3787,1391347.0
3788,776470.375
3789,981951.125
3790,1299130.875
3791,1673703.5
3792,761598.0625
3793,992100.8125
3794,1146978.125
3795,1038640.0625
3796,2169479.0
3797,2368102.25
3798,1145731.375
3799,2709451.25
3800,582034.6875
3801,659913.875
3802,1411247.875
3803,1013854.6875
3804,849455.125
3805,2016121.625
3806,1228025.625
3807,2609399.0
3808,1041457.9375
3809,2136025.5
3810,1017136.125
3811,1238625.875
3812,664574.625
3813,935313.625
3814,745413.625
3815,1798466.875
3816,1304053.625
3817,1165505.25
3818,1649102.125
3819,1433078.375
3820,954393.4375
3821,940226.0625
3822,827971.0
3823,1491452.0
3824,1150823.0
3825,985508.8125
3826,829435.4375
3827,939204.9375
3828,901565.9375
3829,843999.1875
3830,1049175.0
3831,815891.25
3832,1117829.625
3833,850419.5
3834,2380021.5
3835,1543939.0
3836,1216163.0
3837,678049.3125
3838,1398923.875
3839,1495656.5
3840,752662.125
3841,789790.75
3842,1262441.75
3843,1410995.25
3844,1366236.0
3845,1108682.875
3846,1220334.875
3847,917320.5
3848,1266933.125
3849,816117.8125
3850,1139780.25
3851,1133936.625
3852,1393549.75
3853,1209234.25
3854,966784.4375
3855,1803400.875
3856,1130087.75
3857,2725457.5
3858,1557608.5
3859,2150985.5
3860,1508332.5
3861,2138024.0
3862,1285807.875
3863,1327199.25
3864,3128859.5
3865,874409.375
3866,1577255.625
3867,1595869.75
3868,1557077.0
3869,1226890.125
3870,1202920.625
3871,1283966.125
3872,1162990.625
3873,1174093.125
3874,873815.25
3875,1261193.625
3876,1032029.4375
3877,761231.6875
3878,1176512.875
3879,806765.5625
3880,1138166.25
3881,1129324.125
3882,1173637.0
3883,1523726.375
3884,1321715.875
3885,772513.375
3886,1068924.125
3887,913377.75
3888,1368232.25
3889,1551890.25
3890,1202993.625
3891,1374333.75
3892,882416.75
3893,726894.125
3894,1252929.25
3895,810125.8125
3896,508332.1875
3897,724229.5625
3898,680936.4375
3899,892165.625
3900,1021622.8125
3901,918719.8125
3902,549594.8125
3903,767248.5625
3904,730472.3125
3905,610724.75
3906,1155336.25
3907,900106.8125
3908,974987.875
3909,1660872.125
3910,1041921.4375
3911,1671812.125
3912,3838179.0
3913,1971408.25
3914,1013510.0625
3915,1355732.25
3916,1353450.75
3917,593936.0625
3918,908011.8125
3919,1542075.125
3920,2439859.75
3921,1694425.0
3922,1047830.8125
3923,947650.25
3924,1198454.625
3925,1143236.875
3926,1202894.625
3927,1605622.125
3928,888766.0625
3929,687779.25
3930,1669517.5
3931,1258442.125
3932,1185505.875
3933,1755847.5
3934,947573.9375
3935,750302.0
3936,878027.6875
3937,1192962.5
3938,1660348.5
3939,1015728.6875
3940,2013344.875
3941,842153.25
3942,2225249.5
3943,1003500.25
3944,1193993.75
3945,1818201.375
3946,1439433.375
3947,677696.5625
3948,2300119.25
3949,836990.75
3950,1180519.625
3951,1091194.375
3952,1182790.125
3953,1257922.625
3954,937844.5625
3955,904639.9375
3956,614604.875
3957,2066061.375
3958,1472879.375
3959,531993.5625
3960,903079.875
3961,939583.875
3962,1390919.0
3963,1762451.375
3964,1327215.375
3965,1538639.875
3966,2145497.25
3967,1405008.25
3968,1154866.125
3969,1136333.5
3970,1013508.5
3971,1516499.125
3972,1277139.0
3973,921930.3125
3974,1035281.5
3975,815738.375
3976,908273.3125
3977,515917.875
3978,1175034.375
3979,1857750.0
3980,1001067.6875
3981,1030747.75
3982,1399292.0
3983,1095205.875
3984,639044.25
3985,841051.625
3986,1791999.875
3987,1058006.875
3988,2151583.0
3989,2101354.5
3990,1020253.4375
3991,1994883.875
3992,726867.6875
3993,1131269.875
3994,574628.4375
3995,2164341.25
3996,1133599.375
3997,1914796.625
3998,1317040.5
3999,1875629.375
4000,1119635.875
4001,1553570.375
4002,1775265.75
4003,749649.5625
4004,1063471.125
4005,995157.875
4006,1261631.125
4007,1184168.25
4008,749307.0
4009,1684937.625
4010,751152.9375
4011,1547636.25
4012,1206805.75
4013,906219.4375
4014,1533056.625
4015,1005545.875
4016,1503693.625
4017,1740130.75
4018,2208365.0
4019,2023016.75
4020,1711393.0
4021,1717625.75
4022,736072.1875
4023,1353579.75
4024,827233.6875
4025,3005876.5
4026,1299654.5
4027,1913386.0
4028,1193571.375
4029,1565060.375
4030,794273.625
4031,824515.875
4032,719721.75
4033,1151195.0
4034,979211.125
4035,999329.75
4036,513999.65625
4037,958657.875
4038,526318.375
4039,991591.0625
4040,916639.125
4041,1207397.125
4042,990958.5
4043,1044744.1875
4044,886547.0
4045,940282.5625
4046,1130903.25
4047,2641973.75
4048,1565082.375
4049,1022023.5625
4050,1447636.875
4051,1563806.875
4052,897118.0625
4053,1130572.125
4054,699529.5625
4055,2025619.5
4056,1680845.875
4057,2660470.5
4058,809324.3125
4059,835710.8125
4060,1045906.1875
4061,992332.875
4062,825004.875
4063,1262360.25
4064,536925.25
4065,1608145.875
4066,822965.4375
4067,1145759.875
4068,1037416.875
4069,956437.125
4070,696902.875
4071,1235981.0
4072,951822.1875
4073,1083407.75
4074,1194791.0
4075,1100917.125
4076,1580242.25
4077,1922053.125
4078,1139465.75
4079,1323179.75
4080,1373873.625
4081,1623599.125
4082,1318796.125
4083,1859188.5
4084,1606081.25
4085,1253765.625
4086,2074857.5
4087,2221094.75
4088,1755437.25
4089,1683562.125
4090,974535.0
4091,941354.625
4092,1492507.75
4093,913925.25
4094,1395579.25
4095,1204354.125
4096,1034383.3125
4097,3343751.75
4098,1576782.0
4099,828964.875
4100,1141750.25
4101,1262371.0
4102,1077619.375
4103,739511.125
4104,918567.6875
4105,864033.75
4106,1324132.5
4107,1125486.25
4108,1493307.625
4109,1661985.125
4110,1225360.625
4111,2283528.25
4112,958143.625
4113,1000658.0625
4114,1204114.25
4115,1240454.375
4116,1649609.5
4117,795595.875
4118,2004009.625
4119,953517.3125
4120,1410681.625
4121,1047537.6875
4122,2013422.375
4123,1090625.125
4124,1260864.125
4125,1369568.125
4126,1746380.375
4127,977520.375
4128,2446665.75
4129,1188956.0
4130,816235.25
4131,1646959.75
4132,1202630.375
4133,1451597.625
4134,821323.75
4135,2528452.25
4136,1422218.875
4137,1905315.25
4138,898842.75
4139,1524495.75
4140,1052322.125
4141,1278500.75
4142,1211286.75
4143,1329059.25
4144,1091651.125
4145,2189745.0
4146,2136141.75
4147,796666.3125
4148,915069.375
4149,770334.4375
4150,1480788.625
4151,1315487.625
4152,2667735.25
4153,1374330.25
4154,1615482.25
4155,1079905.75
4156,1944286.25
4157,1633910.25
4158,1627876.5
4159,1784108.375
4160,845134.0625
4161,1243681.5
4162,824507.625
4163,947187.25
4164,972200.875
4165,1039511.5
4166,1065099.625
4167,1748669.75
4168,913586.75
4169,1942279.75
4170,1523518.125
4171,1728636.875
4172,1444065.875
4173,1711064.875
4174,1585329.125
4175,2008322.75
4176,1455231.0
4177,1640370.75
4178,1509923.375
4179,1518041.25
4180,1653480.375
4181,1158739.0
4182,1055610.0
4183,1448299.0
4184,943340.0625
4185,766321.0625
4186,1635539.5
4187,1140060.375
4188,1027078.3125
4189,1162708.5
4190,1358425.0
4191,1458699.25
4192,941838.6875
4193,1159640.0
4194,804382.4375
4195,1338929.625
4196,1075396.0
4197,970990.4375
4198,2427423.75
4199,1406040.375
4200,1216708.875
4201,900029.375
4202,1339862.625
4203,983527.5
4204,1058469.25
4205,1256528.5
4206,1452293.25
4207,771357.8125
4208,1702766.0
4209,769248.625
4210,791687.25
4211,1445826.25
4212,1158319.0
4213,1058822.0
4214,1141158.25
4215,871274.9375
4216,1716992.25
4217,2097092.125
4218,1235417.25
4219,2629597.5
4220,1584928.75
4221,1618896.75
4222,2010951.0
4223,1281974.875
4224,1399981.5
4225,1718775.0
4226,1797532.875
4227,1375222.5
4228,1479770.375
4229,1044179.125
4230,2276458.0
4231,1763950.125
4232,1572776.875
4233,1121884.5
4234,2765640.5
4235,1212114.0
4236,1601357.625
4237,1932394.375
4238,1900639.0
4239,3371256.0
4240,2626519.25
4241,2150527.5
4242,1568905.875
4243,1999903.625
4244,691740.9375
4245,2381423.75
4246,1005630.6875
4247,1276571.625
4248,935646.8125
4249,1455608.75
4250,2038175.875
4251,839754.1875
4252,401552.65625
4253,744876.6875
4254,989152.8125
4255,651490.25
4256,588716.625
4257,1126635.375
4258,645122.0625
4259,813762.5
4260,1527883.875
4261,770864.625
4262,1049169.625
4263,1382405.125
4264,742191.25
4265,730504.625
4266,1205379.125
4267,1099123.375
4268,1498110.625
4269,2608688.75
4270,956498.875
4271,1900100.25
4272,1091647.5
4273,900864.625
4274,1536694.125
4275,2522335.75
4276,3357192.75
4277,712080.25
4278,2320917.5
4279,915846.125
4280,1779558.125
4281,1035374.875
4282,848191.5
4283,3249293.0
4284,1102574.5
4285,1357629.25
4286,1715458.125
4287,1635285.75
4288,1620033.125
4289,862535.1875
4290,1733076.625
4291,1532522.75
4292,1260774.375
4293,1412415.0
4294,934397.25
4295,1426288.375
4296,1725176.0
4297,1054142.625
4298,870676.6875
4299,1005636.5
4300,642683.5
4301,1475791.625
4302,1120531.125
4303,764280.3125
4304,1221329.125
4305,1217488.625
4306,1366304.0
4307,1375030.75
4308,1434080.5
4309,1384634.5
4310,1252310.875
4311,1085204.0
4312,928695.25
4313,1981364.75
4314,936561.4375
4315,963075.0625
4316,1223228.375
4317,1397899.0
4318,1050281.0
4319,2542748.25
4320,1414939.75
4321,1638497.125
4322,1463298.5
4323,3446169.75
4324,1050544.125
4325,837681.6875
4326,1109948.625
4327,1484726.375
4328,1309381.75
4329,1594710.0
4330,1135505.625
4331,1362723.75
4332,1620233.375
4333,1985843.375
4334,1137976.125
4335,1811768.875
4336,1472977.5
4337,1649941.5
4338,1320640.75
4339,1025194.4375
4340,1781812.0
4341,1582286.25
4342,1981779.875
4343,1278209.0
4344,812361.1875
4345,1342738.125
4346,1500918.125
4347,1204562.0
4348,1001358.1875
4349,1197921.75
4350,1089719.375
4351,1481178.25
4352,1459941.375
4353,1253309.125
4354,1032578.0
4355,830937.9375
4356,1303342.625
4357,2290933.75
4358,1909109.375
4359,1126321.125
4360,3831894.5
4361,878251.1875
4362,1419749.25
4363,1193380.25
4364,979856.75
4365,779085.375
4366,1360356.125
4367,1032406.3125
4368,2398694.75
4369,1072489.875
4370,1465517.375
4371,853640.8125
4372,1065099.0
4373,1572825.875
4374,1490108.5
4375,1058923.625
4376,1232996.875
4377,1236599.0
4378,1649089.75
4379,1181640.375
4380,612889.375
4381,1073167.625
4382,908664.5625
4383,1154139.875
4384,1204809.125
4385,1113482.25
4386,1107134.25
4387,1657084.25
4388,1695336.25
4389,1316490.75
4390,1198125.0
4391,2383982.0
4392,1661311.0
4393,957261.3125
4394,2968762.0
4395,1513564.875
4396,1727817.625
4397,1015544.3125
4398,2083767.25
4399,1421576.875
4400,1156651.5
4401,2399890.5
4402,833615.0
4403,1024996.5625
4404,1614854.0
4405,2085785.25
4406,1691298.625
4407,945182.875
4408,768858.9375
4409,807272.5625
4410,1214338.375
4411,1927286.0
4412,1241171.625
4413,1674660.0
4414,1031415.1875
4415,1199540.75
4416,779375.375
4417,1060708.375
4418,2195451.0
4419,1276856.25
4420,1487938.875
4421,1028967.625
4422,1085248.125
4423,1014719.5
4424,1594762.0
4425,1613771.875
4426,1140412.25
4427,1472067.125
4428,700231.4375
4429,1023039.9375
4430,1461632.75
4431,1441851.125
4432,977750.5
4433,1126162.75
4434,969870.375
4435,1399252.75
4436,1187561.75
4437,1084020.125
4438,1639269.625
4439,1422847.625
4440,1204420.375
4441,1634961.625
4442,1173131.625
4443,880700.75
4444,605526.6875
4445,819982.375
4446,995334.25
4447,2018522.625
4448,1154861.5
4449,1136574.75
4450,1259204.25
4451,1099753.375
4452,987433.5
4453,1702983.125
4454,1069382.625
4455,1424046.75
4456,1141276.75
4457,2552257.75
4458,1056177.625
4459,1604799.125
4460,933677.75
4461,1453893.75
4462,1642508.625
4463,1042733.125
4464,1036514.625
4465,1950242.25
4466,958941.4375
4467,1271805.375
4468,1126028.375
4469,1473188.125
4470,2185385.5
4471,1297326.625
4472,1344549.5
4473,1646569.5
4474,1414688.625
4475,1165676.375
4476,910012.5625
4477,2031711.25
4478,1064037.375
4479,902457.625
4480,893173.5625
4481,1435687.125
4482,982543.375
4483,847378.75
4484,1055317.0
4485,816114.375
4486,1025220.625
4487,1680694.25
4488,1792024.375
4489,1090991.375
4490,1158581.875
4491,1310015.75
4492,1652925.5
4493,1306964.25
4494,1167249.625
4495,3348462.25
4496,1358884.0
4497,1572031.375
4498,1181546.375
4499,761542.125
4500,1356796.625
4501,2151475.75
4502,2011394.75
4503,728859.5
4504,1035699.625
4505,1247618.875
4506,881855.1875
4507,1017990.25
4508,1642380.0
4509,2276807.0
4510,1036007.1875
4511,1700490.125
4512,1161994.75
4513,2343645.75
4514,1273791.625
4515,1981264.625
4516,1607201.0
4517,1152751.625
4518,1814030.75
4519,1329406.0
4520,1044376.3125
4521,988876.6875
4522,2099924.75
4523,1278451.125
4524,1497449.125
4525,1963602.875
4526,1633069.25
4527,1271256.5
4528,1467177.0
4529,1485102.0
4530,1325036.75
4531,1354707.5
4532,1025852.0625
4533,1719929.375
4534,796145.0625
4535,1126044.0
4536,2314836.75
4537,1062698.375
4538,1360533.5
4539,1058767.25
4540,1118334.875
4541,506830.3125
4542,1149822.0
4543,994913.75
4544,1679020.625
4545,2211626.25
4546,889622.1875
4547,1258444.5
4548,3086640.25
4549,1491344.875
4550,1397149.625
4551,796764.25
4552,1103083.0
4553,1172947.125
4554,1907049.125
4555,1461772.375
4556,1943323.75
4557,1280735.75
4558,1739125.75
4559,1558815.375
4560,1032545.6875
4561,960820.9375
4562,1675121.5
4563,981013.3125
4564,899238.4375
4565,1261624.875
4566,1328798.375
4567,990392.6875
4568,1364147.625
4569,1320357.75
4570,722596.875
4571,928660.0625
4572,708324.25
4573,876577.875
4574,879693.625
4575,1757902.5
4576,1725971.125
4577,1053762.125
4578,729913.5625
4579,1212649.0
4580,1509570.375
4581,823243.875
4582,1431655.25
4583,1172451.875
4584,1037559.125
4585,1364909.25
4586,1682348.375
4587,1132366.0
4588,1638676.875
4589,1003749.875
4590,916878.9375
4591,965674.5
4592,1260828.625
4593,1388455.375
4594,1200223.375
4595,1113027.375
4596,1329293.125
4597,1728892.0
4598,2033596.0
4599,1307706.625
4600,975416.625
4601,1328104.625
4602,1673810.125
4603,1542986.125
4604,1596184.25
4605,1557366.0
4606,1538350.0
4607,1382055.625
4608,2077218.5
4609,2744909.25
4610,1132746.5
4611,912949.875
4612,1112373.0
4613,1161116.375
4614,1453395.375
4615,1049272.75
4616,1062988.25
4617,1081938.875
4618,1037163.3125
4619,772277.1875
4620,1360080.5
4621,759889.1875
4622,1390868.75
4623,2393679.25
4624,867314.1875
4625,1863814.875
4626,1849151.875
4627,1787278.375
4628,1369082.5
4629,911410.0625
4630,2688728.5
4631,790548.875
4632,1106092.625
4633,1446625.625
4634,1594323.125
4635,1716400.25
4636,1020105.1875
4637,912255.0625
4638,741302.375
4639,1972556.5
4640,836051.375
4641,1473092.75
4642,1056925.25
4643,1045531.1875
4644,1217403.875
4645,1530172.625
4646,847774.625
4647,1070573.875
4648,2192078.25
4649,1186371.25
4650,1604299.0
4651,1353814.875
4652,1191092.5
4653,943272.875
4654,2043381.5
4655,1913413.0
4656,1292782.125
4657,1266598.75
4658,1331447.75
4659,1022050.625
4660,1596819.875
4661,1212652.5
4662,966155.0625
4663,4745674.5
4664,1008879.625
4665,1296221.875
4666,1156767.0
4667,1064815.5
4668,2047960.875
4669,2125363.25
4670,1173808.625
4671,1355999.875
4672,1188500.25
4673,1424641.5
4674,2369204.5
4675,1974142.0
4676,1966923.75
4677,1427354.5
4678,1898173.125
4679,1482136.25
4680,1013577.5625
4681,2847310.5
4682,1313087.5
4683,1542559.125
4684,1412097.5
4685,933052.5
4686,1102655.125
4687,1126911.75
4688,1104048.25
4689,899323.125
4690,1270596.0
4691,1170683.125
4692,1389697.0
4693,949898.125
4694,1199945.25
4695,2470376.25
4696,725000.4375
4697,1656999.5
4698,1842042.625
4699,3074960.0
4700,1961851.75
4701,1734557.625
4702,2128334.5
4703,2255471.25
4704,1093513.125
4705,1232785.875
4706,1505737.75
4707,1747378.125
4708,1927966.75
4709,1366317.625
4710,954971.1875
4711,1134093.375
4712,967441.0
4713,1191023.75
4714,998563.4375
4715,1709438.0
4716,1149453.5
4717,1192844.75
4718,1086913.125
4719,2516646.5
4720,1319908.625
4721,2214640.75
4722,2030806.0
4723,1506364.25
4724,2028919.25
4725,1410930.25
4726,2874862.0
4727,1753837.75
4728,1756666.875
4729,985089.8125
4730,1094139.25
4731,1671292.75
4732,1470132.375
4733,900973.25
4734,1547929.25
4735,1284756.125
4736,1021661.6875
4737,868956.0
4738,1926674.875
4739,662140.25
4740,706416.5625
4741,873457.4375
4742,1064964.25
4743,1899856.875
4744,1145214.625
4745,1062436.0
4746,1017373.5
4747,888355.375
4748,1131389.875
4749,806664.6875
4750,1532059.125
4751,1313480.625
4752,645882.125
4753,944298.375
4754,812973.6875
4755,710350.75
4756,1161387.375
4757,729327.9375
4758,978205.5625
4759,1078284.125
4760,738619.0625
4761,1072027.5
4762,1657510.5
4763,1601392.75
4764,1432659.125
4765,1874795.25
4766,1820508.125
4767,1252805.5
4768,2148457.25
4769,1669640.375
4770,2269434.5
4771,1902184.625
4772,1566452.625
4773,2171509.75
4774,689185.4375
4775,986173.5
4776,1085824.0
4777,1259567.875
4778,1272913.375
4779,1009005.6875
4780,1065681.75
4781,1679515.5
4782,1814441.25
4783,2794468.5
4784,717597.0625
4785,868219.3125
4786,919450.625
4787,964631.0
4788,880701.9375
4789,992715.9375
4790,875220.0625
4791,1080851.875
4792,902747.3125
4793,903278.125
4794,978832.0
4795,1139799.125
4796,1488697.625
4797,1056472.0
4798,1021903.75
4799,1030174.25
4800,1218300.5
4801,2084074.875
4802,2272445.5
4803,2692841.25
4804,925775.3125
4805,1099507.0
4806,1055791.875
4807,1697903.0
4808,1568751.625
4809,1335477.25
4810,995826.9375
4811,1029233.875
4812,1668612.75
4813,1264067.5
4814,1005305.1875
4815,1028708.25
4816,1151174.25
4817,942032.1875
4818,946239.0625
4819,1198346.75
4820,1324315.5
4821,1162504.25
4822,1046860.3125
4823,1016955.0
4824,1190862.0
4825,1038677.1875
4826,1397692.875
4827,1304210.25
4828,1145128.625
4829,1098793.125
4830,1366026.125
4831,1467957.375
4832,1087060.375
4833,1225157.5
4834,1103563.75
4835,5115816.0
4836,1640409.625
4837,1397384.5
4838,1423045.0
4839,2555704.0
4840,1336062.5
4841,1215578.625
4842,1196103.5
4843,1880835.5
4844,1434979.125
4845,1411482.875
4846,1211239.875
4847,1994268.75
4848,1021281.4375
4849,1474308.5
4850,1021046.5
4851,2404699.0
4852,1366900.0
4853,1188788.125
4854,1190474.25
4855,1018318.75
4856,1378559.125
4857,1065171.375
4858,561311.9375
4859,1174692.125
4860,1587522.0
4861,1006493.8125
4862,1656691.25
4863,1027972.5625
4864,1003852.625
4865,1746280.625
4866,1246660.375
4867,1481287.5
4868,903007.1875
4869,937945.375
4870,1349158.375
4871,1385727.375
4872,1530281.5
4873,1298593.25
4874,1470790.75
4875,991213.75
4876,825898.375
4877,1052870.125
4878,1318950.25
4879,950279.4375
4880,1180142.625
4881,899410.0
4882,591513.1875
4883,718912.5625
4884,1055123.0
4885,869223.5
4886,701798.0
4887,1348456.5
4888,1028684.0
4889,1234646.75
4890,1022209.375
4891,1493912.5
4892,1471802.625
4893,1542902.125
4894,1350117.375
4895,1138657.5
4896,1450973.5
4897,1253868.375
4898,1856148.375
4899,1552120.5
4900,1364765.125
4901,1291455.5
4902,2069043.25
4903,1039020.125
4904,981156.0
4905,1369371.0
4906,1752966.375
4907,1161383.5
4908,1162705.125
4909,1566951.875
4910,2487138.25
4911,1102728.75
4912,2904320.25
4913,1229910.5
4914,1926609.375
4915,1245694.625
4916,1324996.75
4917,1293338.0
4918,1050787.125
4919,1750144.75
4920,1213732.75
4921,860366.3125
4922,1808555.625
4923,983324.625
4924,1293554.75
4925,1393805.0
4926,1372696.125
4927,1633649.625
4928,1270554.75
4929,2004331.25
4930,1435628.375
4931,1268345.875
4932,1767308.75
4933,1479076.75
4934,1095303.75
4935,1343199.875
4936,1255456.375
4937,1237261.5
4938,829232.5
4939,902557.75
4940,1440922.0
4941,1227252.25
4942,646325.0
4943,1444668.125
4944,1543160.875
4945,1555780.5
4946,1487158.25
4947,1458807.125
4948,1637602.5
4949,2185469.5
4950,1286319.5
4951,1825836.125
4952,4611638.0
4953,1775113.5
4954,1022151.875
4955,1228098.75
4956,714122.375
4957,930355.8125
4958,1328785.75
4959,1048747.0
4960,1102239.0
4961,997163.375
4962,703821.3125
4963,1614664.625
4964,766754.6875
4965,1601302.5
4966,1941439.375
4967,607262.625
4968,821462.0625
4969,1870625.875
4970,1414670.25
4971,1385523.5
4972,876572.125
4973,1084498.375
4974,1358404.625
4975,1477404.625
4976,1244851.75
4977,832953.25
4978,1462065.375
4979,1920887.625
4980,1313186.125
4981,746328.25
4982,836449.5625
4983,925444.5625
4984,1246491.5
4985,574460.1875
4986,862487.0625
4987,820101.5
4988,1194339.875
4989,1103077.125
4990,893401.8125
4991,740520.75
4992,1154601.0
4993,990166.75
4994,3024824.25
4995,1703143.75
4996,1264950.75
4997,1452728.75
4998,1210965.25
4999,1075148.875
5000,1114775.375
5001,1379958.375
5002,1554444.875
5003,1421013.625
5004,1490489.75
5005,1251842.625
5006,840796.4375
5007,1160414.5
5008,1665289.0
5009,1678931.875
5010,1682547.5
5011,1430194.25
5012,977497.625
5013,1772567.875
5014,1074910.625
5015,2145644.75
5016,2454330.0
5017,2318876.75
5018,1347068.5
5019,1741707.625
5020,1162555.625
5021,2155994.25
5022,1287779.125
5023,759395.5625
5024,1219573.875
5025,1293174.625
5026,1291486.625
5027,1080740.0
5028,1515556.25
5029,1213061.125
5030,958191.8125
5031,1230866.875
5032,986686.8125
5033,1400116.125
5034,1825336.875
5035,1448922.875
5036,1186448.125
5037,1579307.125
5038,1098973.5
5039,602436.75
5040,1341003.625
5041,1247906.0
5042,1303913.0
5043,1174661.875
5044,1329941.875
5045,1209959.5
5046,1751016.375
5047,2396706.0
5048,1006166.125
5049,988431.5625
5050,1180869.75
5051,1801960.125
5052,1137742.875
5053,1817788.875
5054,984517.9375
5055,892856.375
5056,916084.9375
5057,969161.25
5058,1283135.125
5059,1517707.5
5060,862272.1875
5061,1417407.75
5062,4182507.5
5063,1153718.75
5064,746367.375
5065,1149705.25
5066,1460473.375
5067,787215.6875
5068,1430486.25
5069,924113.9375
5070,1176464.125
5071,1190462.25
5072,1352125.375
5073,1374124.75
5074,1425160.0
5075,1338790.375
5076,1746628.125
5077,1335914.625
5078,1466390.75
5079,1874484.125
5080,1654802.375
5081,999563.4375
5082,1453579.5
5083,1586336.0
5084,1405422.125
5085,1924917.75
5086,1135580.875
5087,1178727.25
5088,930877.5
5089,730184.8125
5090,984029.0
5091,1378573.0
5092,1522961.0
5093,683915.5625
5094,853080.8125
5095,1089341.75
5096,1180808.125
5097,1415304.125
5098,1448824.5
5099,992156.8125
5100,1958024.0
5101,978270.9375
5102,2700119.0
5103,1242282.875
5104,1585496.25
5105,1573781.25
5106,1164602.0
5107,1225826.0
5108,1086072.125
5109,1384374.25
5110,858845.0625
5111,827591.375
5112,840572.0625
5113,1218346.125
5114,886744.5
5115,1152404.75
5116,867264.875
5117,1265001.75
5118,2758101.5
5119,1854562.5
5120,3465030.75
5121,1324503.25
5122,1722610.875
5123,1971225.125
5124,1467768.25
5125,1784745.5
5126,1739518.625
5127,1121225.125
5128,1136781.625
5129,885219.0
5130,941051.9375
5131,1668444.625
5132,1523423.375
5133,1190842.375
5134,1722161.125
5135,1254751.375
5136,1405838.25
5137,1096294.875
5138,1135905.875
5139,1084560.375
5140,869037.0
5141,1005771.1875
5142,923330.9375
5143,995992.25
5144,932788.6875
5145,626778.3125
5146,928935.6875
5147,1063026.5
5148,634269.625
5149,835069.8125
5150,2387202.0
5151,1731213.0
5152,723097.0
5153,1617137.0
5154,863987.1875
5155,976225.0625
5156,1419149.25
5157,1074207.25
5158,1345692.0
5159,798913.5625
5160,1675835.75
5161,1160165.75
5162,1468511.25
5163,1323327.875
5164,1342279.5
5165,1100255.75
5166,994454.6875
5167,983710.0
5168,1226747.5
5169,961218.875
5170,1554493.5
5171,2086918.375
5172,1913539.125
5173,1602381.875
5174,1242238.5
5175,863816.6875
5176,893321.5625
5177,1152458.625
5178,943607.1875
5179,1374516.625
5180,1265771.375
5181,912866.375
5182,1345003.0
5183,1556411.25
5184,1088179.75
5185,1431527.25
5186,952798.9375
5187,1127942.375
5188,1908778.75
5189,1280207.625
5190,958511.875
5191,560178.5
5192,1051508.375
5193,538088.5625
5194,765715.75
5195,990655.125
5196,1152197.25
5197,600148.3125
5198,636808.375
5199,1264126.625
5200,804789.5
5201,1221999.375
5202,999211.0
5203,1133546.625
5204,640346.625
5205,970914.125
5206,1047833.125
5207,624223.625
5208,528755.6875
5209,1016481.9375
5210,583840.625
5211,1075204.5
5212,778181.5
5213,935053.5
5214,644412.9375
5215,811942.9375
5216,593512.375
5217,1165826.875
5218,1267612.625
5219,881784.4375
5220,1168816.0
5221,1131729.0
5222,1201097.875
5223,1369243.375
5224,1031221.4375
5225,1845744.0
5226,1791966.375
5227,1247275.125
5228,1286747.75
5229,1341957.75
5230,1658917.125
5231,1322635.375
5232,1538457.0
5233,1293838.5
5234,1668606.5
5235,2436408.0
5236,1253617.875
5237,2822960.5
5238,1066734.25
5239,1261359.125
5240,1781943.5
5241,1201286.75
5242,1670614.0
5243,1022019.625
5244,1866600.625
5245,1033554.125
5246,1450176.125
5247,1070598.0
5248,1602854.625
5249,1688629.25
5250,867550.125
5251,682630.1875
5252,1519221.125
5253,1008550.6875
5254,1135612.75
5255,1018574.9375
5256,728962.9375
5257,1132844.625
5258,1251228.75
5259,917426.9375
5260,989440.3125
5261,709291.75
5262,1278571.625
5263,1651147.5
5264,1506736.625
5265,2034361.75
5266,2158557.75
5267,875061.25
5268,1009698.6875
5269,1260020.25
5270,989597.9375
5271,1846912.5
5272,1425720.875
5273,1540281.5
5274,1099549.0
5275,1152300.875
5276,836254.0625
5277,1422099.375
5278,1113794.875
5279,1045679.25
5280,1375148.75
5281,1792077.0
5282,1231368.75
5283,1077374.875
5284,922799.1875
5285,1369340.25
5286,1768471.0
5287,1282097.0
5288,1149879.875
5289,1923777.75
5290,1422548.625
5291,1843927.5
5292,1077178.5
5293,1383812.375
5294,2377766.5
5295,1448308.125
5296,1980601.25
5297,1249635.875
5298,815652.5625
5299,739297.25
5300,662366.75
5301,1510935.25
5302,1197396.0
5303,606487.4375
5304,1880222.875
5305,2186766.0
5306,1558407.125
5307,1447035.625
5308,1085513.5
5309,1042511.6875
5310,1130643.375
5311,861906.0625
5312,1007619.4375
5313,1260417.125
5314,812857.875
5315,879265.75
5316,835227.6875
5317,1298350.25
5318,685756.9375
5319,1115942.125
5320,2347234.75
5321,1225173.5
5322,732567.8125
5323,966740.3125
5324,1596387.875
5325,1512069.5
5326,1578644.75
5327,985438.75
5328,1379728.875
5329,1010520.5625
5330,1510687.625
5331,971342.25
5332,958147.5625
5333,1453811.625
5334,973860.6875
5335,983490.0
5336,1797443.875
5337,2573866.75
5338,1398107.25
5339,938015.375
5340,1434718.125
5341,1481682.0
5342,1900145.375
5343,1235868.0
5344,1306969.375
5345,1197559.875
5346,873052.5
5347,1258427.75
5348,2572151.75
5349,745809.625
5350,1518791.5
5351,1923885.625
5352,1060221.75
5353,1873613.0
5354,735252.875
5355,1133595.5
5356,1063792.0
5357,1554588.25
5358,870099.125
5359,1598676.875
5360,867829.875
5361,1079790.25
5362,1054131.625
5363,1054542.625
5364,1903649.875
5365,897602.6875
5366,1631481.5
5367,744773.375
5368,1120921.25
5369,1221626.0
5370,851424.6875
5371,1440701.125
5372,825943.9375
5373,668006.3125
5374,1609136.0
5375,1562117.0
5376,1368497.5
5377,1194199.5
5378,1218448.75
5379,575232.8125
5380,1484943.875
5381,1190331.375
5382,1207027.25
5383,1562164.625
5384,1337100.75
5385,1114731.25
5386,1625223.125
5387,1210383.5
5388,1247844.0
5389,2258611.25
5390,984360.9375
5391,1010032.25
5392,1367498.75
5393,1364032.75
5394,1284782.75
5395,1276836.875
5396,2696141.0
5397,1117376.0
5398,1052187.5
5399,1570901.75
5400,1170622.125
5401,1599511.5
5402,1562353.625
5403,1353213.875
5404,968015.0
5405,1532127.75
5406,1435849.25
5407,1098908.75
5408,1089116.25
5409,1623620.25
5410,1604165.25
5411,1424676.75
5412,1271273.25
5413,1110985.25
5414,1720780.875
5415,1568850.875
5416,2668459.0
5417,1292434.375
5418,1311197.125
5419,1351778.0
5420,2051552.5
5421,776609.375
5422,1510894.875
5423,1451312.625
5424,1374122.625
5425,1533879.75
5426,1071160.625
5427,2697665.75
5428,981527.625
5429,1313952.75
5430,1595387.125
5431,1190894.75
5432,987903.9375
5433,1922200.5
5434,832749.6875
5435,1227453.25
5436,1521378.25
5437,1017105.125
5438,1778651.75
5439,1466431.125
5440,984800.8125
5441,868380.0625
5442,1218383.0
5443,1003780.125
5444,1092815.125
5445,1259909.75
5446,987351.0625
5447,1290221.375
5448,698685.25
5449,720801.4375
5450,475113.90625
5451,1170385.625
5452,1162648.25
5453,1315632.375
5454,1090317.25
5455,1458906.25
5456,2613675.0
5457,1005145.8125
5458,3155284.0
5459,1263820.125
5460,869127.5
5461,1100603.625
5462,1901923.0
5463,1519212.75
5464,1337941.875
5465,1289780.0
5466,837155.125
5467,947527.6875
5468,858040.0
5469,1108082.625
5470,1748517.625
5471,1096732.5
5472,1286600.125
5473,1190871.5
5474,911447.875
5475,1058713.375
5476,1615120.0
5477,1169805.125
5478,1545841.25
5479,1726552.0
5480,1744458.125
5481,1571232.375
5482,822853.9375
5483,1971715.25
5484,2410242.5
5485,1314076.0
5486,983472.4375
5487,1608723.0
5488,1717896.25
5489,1066718.25
5490,1416562.75
5491,1141965.0
5492,1230188.25
5493,1426639.375
5494,1323364.625
5495,1263631.0
5496,2052891.0
5497,1537591.375
5498,653841.0
5499,2087095.25
5500,1512294.5
5501,1728267.625
5502,1055012.375
5503,1512626.875
5504,1054480.125
5505,835564.1875
5506,1615296.625
5507,1250652.625
5508,1493165.5
5509,1173834.375
5510,1341679.5
5511,1069338.625
5512,1357393.625
5513,1248074.75
5514,695259.0
5515,811350.625
5516,934290.3125
5517,3013301.75
5518,1317662.625
5519,1594270.375
5520,2435155.25
5521,1669403.75
5522,1227741.875
5523,1453296.5
5524,1238698.5
5525,1279314.125
5526,1642182.5
5527,1952373.5
5528,1225894.375
5529,1125121.25
5530,1051424.125
5531,2154480.0
5532,889923.875
5533,1031688.125
5534,993688.25
5535,1653240.375
5536,781643.625
5537,1264136.75
5538,1416609.375
5539,1056532.25
5540,904287.6875
5541,1199655.75
5542,1370952.25
5543,1085500.625
5544,1258609.5
5545,1420710.875
5546,1069705.875
5547,1212327.5
5548,965043.1875
5549,1186994.625
5550,1092724.25
5551,1115462.125
5552,1191877.625
5553,1082007.75
5554,1226334.625
5555,684433.375
5556,1124896.25
5557,1206476.625
5558,1407024.75
5559,1168199.375
5560,1536639.75
5561,1236042.75
5562,1684455.625
5563,1644105.875
5564,1832574.875
5565,1388416.125
5566,909918.375
5567,2438394.75
5568,2046519.625
5569,1245471.125
5570,1370473.0
5571,1028951.875
5572,1360573.875
5573,2292972.25
5574,1071440.625
5575,1458196.25
5576,3062739.0
5577,1026557.25
5578,1137361.375
5579,750667.25
5580,1346110.25
5581,1630960.875
5582,1037280.125
5583,1477598.5
5584,1069343.5
5585,1481744.625
5586,1140866.0
5587,1353747.25
5588,2473480.5
5589,1150406.25
5590,1191917.625
5591,1551207.875
5592,1292170.875
5593,1513367.0
5594,1139950.625
5595,1407663.5
5596,1312052.625
5597,1263587.875
5598,1366604.375
5599,1152625.5
5600,1284440.5
5601,961922.75
5602,920681.0
5603,1274039.875
5604,1074468.25
5605,2392088.25
5606,1282529.625
5607,725492.1875
5608,1097138.875
5609,1138345.5
5610,862129.25
5611,730253.75
5612,1172451.625
5613,866970.1875
5614,1083379.0
5615,1161286.625
5616,627135.3125
5617,957208.8125
5618,1026594.4375
5619,505358.375
5620,814716.5
5621,1083910.125
5622,1155784.375
5623,1001417.6875
5624,1442934.75
5625,1524252.75
5626,1293964.375
5627,989904.3125
5628,1188661.625
5629,1011505.4375
5630,949823.1875
5631,840549.75
5632,1329933.125
5633,1285095.375
5634,1273639.5
5635,1178497.5
5636,1602069.75
5637,996071.9375
5638,1363844.125
5639,1275776.5
5640,1573202.125
5641,1378105.125
5642,2024976.5
5643,1852120.875
5644,1223522.0
5645,1237359.75
5646,2101355.75
5647,1446093.0
5648,1475387.5
5649,1281248.5
5650,1062925.5
5651,1723379.25
5652,1246246.75
5653,1828512.125
5654,1266173.375
5655,1291263.5
5656,1122280.5
5657,1935118.875
5658,903769.4375
5659,1181783.25
5660,1122776.875
5661,674545.1875
5662,1245899.0
5663,1276875.0
5664,1641139.875
5665,1335463.875
5666,1639967.5
5667,1163171.5
5668,1577608.625
5669,1721381.875
5670,794266.0625
5671,783676.8125
5672,1112135.375
5673,911275.25
5674,3075966.0
5675,1217023.25
5676,1375286.125
5677,1768928.875
5678,1043782.0
5679,1114312.125
5680,1995404.5
5681,1566200.875
5682,855116.75
5683,927592.5
5684,1203359.75
5685,1613838.125
5686,1003585.625
5687,1715229.125
5688,1930316.5
5689,955108.25
5690,1236392.25
5691,737764.8125
5692,732190.5625
5693,864775.1875
5694,715489.0625
5695,1177984.0
5696,828012.0625
5697,1268612.25
5698,441758.78125
5699,873304.75
5700,956966.9375
5701,896478.4375
5702,692138.5
5703,671294.0625
5704,767649.25
5705,1019986.9375
5706,726134.9375
5707,1262693.375
5708,967929.8125
5709,1039511.625
5710,955518.8125
5711,1302758.875
5712,984625.875
5713,1062967.25
5714,1369775.875
5715,1820920.25
5716,1135841.625
5717,1717593.875
5718,680398.875
5719,1154040.75
5720,1484684.5
5721,1121724.25
5722,937083.9375
5723,872273.3125
5724,635928.8125
5725,800108.3125
5726,854024.875
5727,730114.875
5728,933977.5
5729,797704.0
5730,1286567.5
5731,961389.0
5732,754778.3125
5733,917712.4375
5734,736087.4375
5735,1368286.125
5736,987662.0625
5737,1634341.75
5738,1423576.875
5739,1128291.0
5740,1435841.0
5741,1152294.375
5742,1264402.75
5743,1205921.875
5744,1914094.625
5745,1235272.25
5746,1024280.5625
5747,1659774.75
5748,1129958.75
5749,893083.875
5750,1414410.5
5751,1035762.1875
5752,697544.375
5753,1298982.625
5754,707736.0625
5755,1040604.1875
5756,1194108.0
5757,953414.5625
5758,1083973.0
5759,1100447.0
5760,1589237.5
5761,956134.625
5762,872933.0
5763,1094643.75
5764,1303991.375
5765,1499810.5
5766,1154934.0
5767,1022038.9375
5768,985660.0625
5769,1208107.0
5770,1568995.0
5771,1099726.75
5772,1929529.625
5773,1275329.875
5774,1007992.9375
5775,929843.5
5776,1676645.75
5777,1203161.75
5778,1048635.0
5779,868247.3125
5780,1631564.375
5781,874037.4375
5782,1241417.75
5783,752880.4375
5784,965093.8125
5785,884462.625
5786,1006727.8125
5787,1606194.25
5788,2034749.875
5789,1217263.875
5790,1266409.625
5791,1289870.5
5792,1192290.125
5793,1136065.75
5794,1458249.375
5795,765552.875
5796,1313438.125
5797,1466775.875
5798,1039537.5
5799,1363122.75
5800,1033566.4375
5801,1461001.75
5802,1709898.125
5803,1555508.875
5804,2204473.5
5805,1714814.875
5806,1513302.75
5807,1059392.125
5808,1633657.5
5809,1520752.875
5810,1449378.875
5811,1834526.625
5812,1940869.875
5813,1631904.125
5814,2705283.25
5815,1952932.875
5816,1409326.25
5817,1937990.5
5818,1274399.875
5819,1612358.125
5820,1275876.375
5821,1358616.625
5822,1205144.125
5823,1735923.25
5824,1377189.0
5825,1286892.5
5826,923644.625
5827,1786638.625
5828,1417532.375
5829,1052127.0
5830,1146067.375
5831,821122.375
5832,1677295.125
5833,922182.4375
5834,1869425.625
5835,1306312.875
5836,1081356.25
5837,1089369.0
5838,1120492.125
5839,1097935.625
5840,1427651.5
5841,1000212.875
5842,976559.9375
5843,1235318.375
5844,559506.5
5845,741536.0
5846,1499019.875
5847,1122203.25
5848,1623320.0
5849,1718225.375
5850,2125700.0
5851,1679948.625
5852,1204910.625
5853,1011146.1875
5854,1393540.75
5855,1802020.875
5856,1227400.375
5857,904385.125
5858,1371895.375
5859,1143981.625
5860,1109174.25
5861,1092244.125
5862,1081267.25
5863,1342620.0
5864,1071336.125
5865,883584.1875
5866,845319.6875
5867,756972.4375
5868,1050710.875
5869,1094282.375
5870,1450642.25
5871,1158501.0
5872,1213762.625
5873,1193807.375
5874,1353913.125
5875,1324511.75
5876,1168051.75
5877,989597.1875
5878,1536782.875
5879,1298686.25
5880,1522235.75
5881,1438725.75
5882,1269286.125
5883,1243680.5
5884,1452566.5
5885,1090322.5
5886,967100.25
5887,1357932.25
5888,1132933.5
5889,1048515.8125
5890,2902755.25
5891,1302584.5
5892,1338923.125
5893,925563.0
5894,940015.0625
5895,1404420.25
5896,1087328.0
5897,1003364.9375
5898,1217621.625
5899,1280451.375
5900,1497371.0
5901,1175701.5
5902,1094315.375
5903,1216628.0
5904,1597852.0
5905,786251.625
5906,1354755.625
5907,1134974.375
5908,798638.625
5909,1093840.25
5910,910760.1875
5911,1830144.875
5912,1305572.25
5913,1337164.75
5914,1233153.5
5915,1122301.75
5916,1122191.5
5917,1109895.5
5918,1507124.625
5919,1214988.625
5920,2105398.0
5921,1301399.5
5922,1578398.25
5923,1199801.625
5924,3330408.25
5925,1610363.625
5926,1252277.0
5927,1481342.0
5928,1268293.5
5929,1232882.125
5930,956157.25
5931,1195588.0
5932,1884040.875
5933,931592.9375
5934,1501687.875
5935,1477360.875
5936,1025623.75
5937,1236606.875
5938,797830.5
5939,2078172.125
5940,1445635.875
5941,1880734.375
5942,910645.75
5943,1190715.375
5944,952431.25
5945,1155980.125
5946,1189008.125
5947,1462863.875
5948,1357347.25
5949,859956.75
5950,1063047.75
5951,1163731.5
5952,1148789.5
5953,1497449.25
5954,1094539.75
5955,1159875.5
5956,862754.8125
5957,693834.875
5958,1177547.125
5959,980432.75
5960,1105557.375
5961,929245.625
5962,1245850.25
5963,1437740.125
5964,1065873.0
5965,3859703.25
5966,1332700.25
5967,818340.5625
5968,1648327.0
5969,707525.8125
5970,1399730.875
5971,1131285.5
5972,1421942.75
5973,1225025.875
5974,1213923.625
5975,1695817.5
5976,1139841.25
5977,1255619.25
5978,1217319.5
5979,934320.9375
5980,1236161.5
5981,1191134.125
5982,1430984.875
5983,955219.875
5984,1215072.5
5985,1207751.375
5986,1076289.375
5987,889436.75
5988,1348104.125
5989,1094692.375
5990,1133993.375
5991,1023134.0625
5992,1513794.625
5993,1139686.625
5994,922634.5
5995,1381253.75
5996,1091598.25
5997,1371273.75
5998,2231870.5
5999,1231211.0
6000,1439144.375
6001,1052453.0
6002,1328280.375
6003,1392571.875
6004,1177214.0
6005,1590615.375
6006,1695816.5
6007,1567531.875
6008,1141611.375
6009,1306702.625
6010,915091.125
6011,1163731.125
6012,1495472.0
6013,1515902.0
6014,1489446.75
6015,1143908.125
6016,1372696.625
6017,1118367.75
6018,1454252.875
6019,800235.9375
6020,1649442.5
6021,1287733.5
6022,1114264.375
6023,1022278.3125
6024,1527575.0
6025,1536669.875
6026,1319220.25
6027,1382573.0
6028,1079871.375
6029,873773.0
6030,1269774.375
6031,934536.875
6032,1117753.625
6033,1195610.875
6034,889819.9375
6035,1105872.125
6036,1192624.125
6037,1151954.875
6038,1083892.375
6039,1253834.125
6040,1949890.0
6041,912869.75
6042,1551839.5
6043,884660.25
6044,793694.0625
6045,714376.25
6046,1034671.125
6047,1118678.125
6048,1159216.375
6049,871994.0625
6050,1525375.25
6051,1071431.875
6052,1124629.25
6053,982426.5
6054,1204330.625
6055,892714.0625
6056,1135377.375
6057,1363525.75
6058,1095638.875
6059,892813.0625
6060,1287555.375
6061,1021284.25
6062,1603847.25
6063,1035622.1875
6064,978461.5
6065,1717674.375
6066,936193.4375
6067,752262.75
6068,1761425.125
6069,1397756.75
6070,973397.5
6071,901801.0625
6072,1119445.5
6073,1383204.125
6074,959931.5625
6075,1165583.0
6076,1398760.625
6077,1346759.5
6078,1446453.875
6079,1644036.5
6080,931895.0
6081,1550643.75
6082,1204022.375
6083,1458378.0
6084,1373895.5
6085,1670564.0
6086,1356747.75
6087,1630384.125
6088,1630600.125
6089,1039521.9375
6090,1638012.375
6091,1089107.0
6092,1538174.25
6093,1087654.0
6094,1469655.0
6095,934891.375
6096,846529.125
6097,862042.1875
6098,1118966.75
6099,990212.625
6100,1901118.875
6101,1032171.125
6102,721415.125
6103,583887.8125
6104,528029.5
6105,790429.625
6106,1128047.75
6107,672409.375
6108,927391.25
6109,1661343.875
6110,915414.8125
6111,1067492.25
6112,1153798.5
6113,770407.25
6114,860480.5625
6115,1054011.25
6116,1035526.125
6117,636096.625
6118,1563109.125
6119,815619.3125
6120,1100857.75
6121,1271673.25
6122,1179877.875
6123,1314429.0
6124,1304109.25
6125,1345028.625
6126,1220836.75
6127,1283257.0
6128,1165909.75
6129,1693395.125
6130,1331136.125
6131,1873308.125
6132,1164563.625
6133,1078113.375
6134,983320.75
6135,1053799.375
6136,1061892.5
6137,1029938.6875
6138,1150369.0
6139,1091501.25
6140,1341286.625
6141,1105234.125
6142,1202362.0
6143,851486.9375
6144,1732341.25
6145,1201683.375
6146,1474089.875
6147,1525261.125
6148,1205540.5
6149,1313745.375
6150,984345.0
6151,1661086.5
6152,963113.875
6153,1173634.875
6154,969152.4375
6155,1000855.5625
6156,2004967.125
6157,1073797.375
6158,1004162.3125
6159,1071866.875
6160,1344670.0
6161,1749958.5
6162,1473188.5
6163,1047581.0
6164,885583.1875
6165,770518.3125
6166,854276.9375
6167,946638.4375
6168,1020529.1875
6169,952025.75
6170,1187343.375
6171,1772172.125
6172,741732.0
6173,975061.4375
6174,1832244.5
6175,798119.375
6176,815112.4375
6177,1285153.125
6178,571880.875
6179,1000268.1875
6180,850039.5
6181,1136017.875
6182,924977.3125
6183,638873.375
6184,1020708.4375
6185,1124295.875
6186,1456278.625
6187,1399657.375
6188,1804383.125
6189,902430.625
6190,1216473.25
6191,1188009.375
6192,1492397.0
6193,1354644.625
6194,1273970.0
6195,1445495.375
6196,1443329.625
6197,1323105.125
6198,1334875.125
6199,1163934.125
6200,1171885.375
6201,1392410.5
6202,1093352.75
6203,1329852.25
6204,990714.0
6205,778148.875
6206,684584.3125
6207,723492.9375
6208,1773397.75
6209,1179466.5
6210,980835.75
6211,1031594.375
6212,1458420.625
6213,2228891.5
6214,1032049.9375
6215,1259377.5
6216,1074476.125
6217,1496843.125
6218,1105561.75
6219,2209967.75
6220,1546912.75
6221,1604932.375
6222,1534938.125
6223,1702726.75
6224,1138790.625
6225,2441450.0
6226,1155051.875
6227,1194956.5
6228,1327085.5
6229,1454955.875
6230,1461740.375
6231,1495168.5
6232,1106694.375
6233,1599066.125
6234,1284072.875
6235,1163155.375
6236,974760.0625
6237,1223977.125
6238,1126748.375
6239,1007631.125
6240,1801528.375
6241,1633309.625
6242,900275.125
6243,919361.1875
6244,1061621.5
6245,839050.5
6246,1566337.625
6247,955316.375
6248,1176355.5
6249,1800391.875
6250,1199379.125
6251,1240869.625
6252,2364706.75
6253,1124539.5
6254,1908339.0
6255,1582157.625
6256,927220.6875
6257,1146548.25
6258,1221704.875
6259,968855.625
6260,1424077.5
6261,1329604.5
6262,907858.25
6263,1929809.125
6264,730180.5625
6265,854042.6875
6266,961069.75
6267,1255585.0
6268,1377603.25
6269,1244004.5
6270,994968.4375
6271,972726.0625
6272,1160276.25
6273,1283066.25
6274,1080748.125
6275,1183630.5
6276,831713.125
6277,1396657.125
6278,967184.8125
6279,1176986.875
6280,1058225.5
6281,1049057.0
6282,1275985.375
6283,1107241.625
6284,1362985.875
6285,1051754.125
6286,1113287.625
6287,1448549.875
6288,1325079.375
6289,855028.5
6290,958102.0625
6291,811959.8125
6292,899769.5625
6293,1162371.125
6294,745674.75
6295,662431.5
6296,449473.34375
6297,540981.1875
6298,664291.75
6299,594289.5
6300,1038791.3125
6301,1057985.75
6302,692369.125
6303,1447254.875
6304,1234285.625
6305,1303445.75
6306,797600.125
6307,1248561.25
6308,1218926.625
6309,971161.375
6310,899744.875
6311,1570492.25
6312,700484.4375
6313,997116.9375
6314,1122073.875
6315,962520.25
6316,1634873.875
6317,819648.25
6318,1128917.25
6319,1091899.875
6320,835395.8125
6321,1576537.75
6322,1009223.375
6323,686563.6875
6324,607911.375
6325,1191282.75
6326,942812.5
6327,1246589.75
6328,503533.0625
6329,624309.375
6330,758501.375
6331,867342.375
6332,1045508.25
6333,1299023.125
6334,867130.375
6335,1344274.125
6336,1086031.75
6337,676266.5
6338,1739371.625
6339,1042375.4375
6340,843265.125
6341,962444.0
6342,1914372.0
6343,1043480.6875
6344,993865.5
6345,1825226.875
6346,1123245.875
6347,904668.25
6348,644740.6875
6349,1301316.5
6350,1128782.0
6351,1131424.25
6352,1178009.625
6353,1577385.875
6354,956572.375
6355,660271.5625
6356,1137575.75
6357,1109538.5
6358,780936.6875
6359,856870.4375
6360,1064791.25
6361,1120322.25
6362,1290018.125
6363,1475103.0
6364,841719.125
6365,1216537.25
6366,1113438.875
6367,823423.1875
6368,1662840.5
6369,1116858.625
6370,1051039.375
6371,1058782.25
6372,1016504.5625
6373,1075136.25
6374,1351987.875
6375,1969065.25
6376,1329238.0
6377,1316096.5
6378,1583511.875
6379,1071225.0
6380,1351372.0
6381,1784736.625
6382,976624.125
6383,1651752.75
6384,1285206.125
6385,1278690.125
6386,1461962.25
6387,1160375.0
6388,1100731.25
6389,1219729.5
6390,1198768.125
6391,1287158.625
6392,1159731.125
6393,971093.625
6394,774614.0625
6395,951016.125
6396,926193.875
6397,972337.375
6398,799477.25
6399,848780.0625
6400,940277.5
6401,1421272.5
6402,1548317.5
6403,895985.8125
6404,1242675.375
6405,1046711.75
6406,1119097.0
6407,1367920.375
6408,1041864.75
6409,1762155.0
6410,1348001.375
6411,1179858.875
6412,1733314.875
6413,1343695.125
6414,890882.25
6415,1339849.5
6416,1316447.375
6417,1636623.0
6418,1213767.875
6419,2211438.25
6420,1004167.9375
6421,1616877.0
6422,1240054.25
6423,1037453.625
6424,1252482.25
6425,728281.875
6426,1545603.375
6427,1019813.9375
6428,1280438.75
6429,1065567.75
6430,1743603.5
6431,1352018.625
6432,1421983.875
6433,871238.1875
6434,1461572.75
6435,975870.6875
6436,1944578.125
6437,1290426.5
6438,1050845.5
6439,1111967.75
6440,1599840.25
6441,1113227.0
6442,1725895.5
6443,1316210.0
6444,1486851.625
6445,1331774.75
6446,1141132.75
6447,919935.3125
6448,1387878.75
6449,1161418.625
6450,1157518.5
6451,885128.8125
6452,1402155.625
6453,879728.4375
6454,1516194.375
6455,813761.0625
6456,1616135.875
6457,1267768.5
6458,840103.125
6459,1231253.25
6460,951997.6875
6461,935143.8125
6462,1131726.0
6463,941379.3125
6464,939101.9375
6465,876171.5625
6466,1000442.5625
6467,909735.8125
6468,731707.5
6469,690479.625
6470,1019413.625
6471,1333116.125
6472,864139.875
6473,850211.6875
6474,1235273.125
6475,941465.5
6476,1042379.4375
6477,637633.25
6478,1013757.75
6479,1483321.375
6480,1492373.375
6481,792906.75
6482,1268557.75
6483,953667.8125
6484,1000221.0
6485,954467.0625
6486,1066251.875
6487,1439546.75
6488,952681.6875
6489,1236658.875
6490,1158004.125
6491,1489682.625
6492,1155993.625
6493,1299575.125
6494,724213.125
6495,762323.375
6496,1753121.375
6497,834972.1875
6498,1206107.5
6499,1555067.5
6500,1203024.5
6501,1066687.25
6502,845574.375
6503,1300293.5
6504,1261435.25
6505,1286029.625
6506,1374597.25
6507,1048562.0625
6508,1166702.0
6509,1103403.25
6510,2263287.25
6511,1238790.625
6512,945783.5
6513,896469.625
6514,1079127.75
6515,2246880.0
6516,1623937.625
6517,829874.375
6518,1544392.125
6519,880390.125
6520,1155578.375
6521,1792694.75
6522,1043921.4375
6523,769182.9375
6524,925836.5
6525,725941.0
6526,1146934.75
6527,769153.375
6528,1392765.25
6529,1034933.625
6530,1265903.25
6531,1227329.5
6532,1511940.75
6533,2022287.0
6534,1755602.0
6535,1171410.5
6536,1286346.5
6537,1303764.625
6538,1552645.875
6539,2476741.0
6540,1060513.125
6541,1596684.875
6542,968365.0625
6543,1411273.75
6544,1912698.875
6545,1115546.375
6546,1395659.625
6547,1364888.5
6548,1494388.625
6549,1696064.75
6550,943974.875
6551,1047625.1875
6552,1654812.5
6553,2080881.0
6554,1104897.25
6555,1382412.0
6556,1425444.875
6557,3311967.5
6558,1765303.75
6559,1692166.625
6560,1043776.625
6561,1427752.375
6562,1218147.75
6563,1559026.5
6564,2303333.0
6565,1804819.125
6566,1594901.875
6567,1864819.375
6568,918275.5
6569,1340974.75
6570,893973.875
6571,1337667.25
6572,1556696.125
6573,1100117.625
6574,700579.5
6575,1082946.875
6576,837368.0625
6577,758638.25
6578,660060.0
6579,1807904.75
6580,632467.5625
6581,744810.25
6582,1117179.5
6583,902087.0625
6584,940292.25
6585,1359928.875
6586,1616576.5
6587,1349083.75
6588,741064.25
6589,1255371.25
6590,1443017.625
6591,1149684.875
6592,1240476.5
6593,1309711.625
6594,915359.75
6595,994265.125
6596,1359126.75
6597,1197519.25
6598,1224886.75
6599,849928.625
6600,1247804.5
6601,1622019.375
6602,1189424.25
6603,1011408.5625
6604,1172496.125
6605,1855723.0
6606,1245793.5
6607,1400068.5
6608,936755.8125
6609,1355948.25
6610,1197840.625
6611,1270137.0
6612,1136046.0
6613,1083348.0
6614,1101151.0
6615,978615.8125
6616,1070050.5
6617,2402413.0
6618,1396322.0
6619,1312686.5
6620,909430.0625
6621,1343920.5
6622,1089726.375
6623,953792.5
6624,825532.4375
6625,1110195.5
6626,912600.6875
6627,828229.5
6628,783637.375
6629,1052903.0
6630,1542058.875
6631,931365.6875
6632,1106351.75
6633,1299737.875
6634,1324282.5
6635,998110.6875
6636,1384985.625
6637,1099466.125
6638,1602804.5
6639,1279906.125
6640,1062581.875
6641,1083369.375
6642,905849.1875
6643,685534.5625
6644,678082.1875
6645,877075.25
6646,932654.0
6647,860308.9375
6648,1077999.375
6649,901050.9375
6650,1215684.5
6651,1000296.6875
6652,1324811.125
6653,1025491.5
6654,884514.5
6655,1345592.125
6656,1382447.375
6657,1166369.25
6658,992792.5625
6659,1124071.125
6660,835298.125
6661,1482712.125
6662,975298.375
6663,1489560.875
6664,932877.875
6665,1086078.375
6666,1119338.25
6667,1091538.625
6668,1191163.75
6669,1564972.5
6670,2033418.25
6671,1782217.5
6672,1222579.25
6673,1060962.5
6674,1211506.625
6675,1135372.5
6676,1105582.375
6677,1486814.875
6678,1150296.375
6679,970623.125
6680,1254625.75
6681,1532129.625
6682,1060574.375
6683,1644118.625
6684,1032239.125
6685,851463.8125
6686,1291644.0
6687,1504118.125
6688,944323.375
6689,1154348.875
6690,1243010.875
6691,669644.5625
6692,1229740.375
6693,904975.25
6694,1217810.375
6695,2215261.25
6696,1122582.25
6697,1272958.5
6698,1157722.125
6699,929667.625
6700,1098229.5
6701,1195673.75
6702,1965764.5
6703,1319161.25
6704,1047565.25
6705,1594515.75
6706,1595257.875
6707,1029390.1875
6708,1058579.625
6709,972075.375
6710,3420177.75
6711,1090047.0
6712,1163445.0
6713,1216048.25
6714,1158511.625
6715,993155.0
6716,949170.8125
6717,699013.75
6718,1674669.0
6719,1402500.0
6720,971508.1875
6721,1197246.375
6722,1037223.625
6723,1174029.875
6724,828834.5625
6725,1181398.5
6726,905789.0
6727,686204.4375
6728,1067637.375
6729,1470225.125
6730,3097412.5
6731,1793841.875
6732,1141838.0
6733,1299811.25
6734,1155724.75
6735,1179680.25
6736,1348388.75
6737,1030153.5
6738,766298.625
6739,1001700.9375
6740,1646026.375
6741,1108343.25
6742,941502.0
6743,1154705.625
6744,1530961.0
6745,1290035.375
6746,1216621.0
6747,941538.6875
6748,925147.25
6749,1369336.375
6750,984275.4375
6751,1103637.875
6752,1152291.875
6753,1266808.125
6754,883362.4375
6755,1360912.875
6756,1136030.5
6757,1021573.125
6758,820920.625
6759,1252657.375
6760,955497.125
6761,939008.375
6762,1278415.75
6763,882035.8125
6764,1407576.5
6765,1345897.75
6766,1025185.0625
6767,783726.9375
6768,1069961.625
6769,895879.1875
6770,997165.4375
6771,834920.9375
6772,1471206.25
6773,1002402.6875
6774,1609007.625
6775,923922.9375
6776,1317361.0
6777,1344535.75
6778,968195.8125
6779,911704.8125
6780,1044538.25
6781,1086285.375
6782,963041.0625
6783,1090531.375
6784,1041784.8125
6785,1548948.125
6786,1059908.75
6787,1276427.0
6788,1455067.0
6789,1437231.25
6790,1624616.625
6791,893028.125
6792,2280493.5
6793,1269090.875
6794,1567089.0
6795,2611639.25
6796,1481740.875
6797,1070496.125
6798,1131987.125
6799,1437294.625
6800,1094441.625
6801,965170.9375
6802,1001363.625
6803,1329381.75
6804,1391261.375
6805,1348071.125
6806,2649244.75
6807,1485378.125
6808,946925.125
6809,1458101.875
6810,991189.0625
6811,1516934.875
6812,932625.8125
6813,1097931.875
6814,977097.625
6815,991880.75
6816,1131225.375
6817,1378158.875
6818,1716055.125
6819,911525.8125
6820,909342.6875
6821,1884414.875
6822,1265642.375
6823,1645773.75
6824,1274796.75
6825,1102369.25
6826,1185270.5
6827,2010482.875
6828,1316004.875
6829,1135869.875
6830,784250.9375
6831,1325882.25
6832,1362533.0
6833,1579749.0
6834,1036332.6875
6835,1398161.375
6836,1164783.375
6837,1833200.625
6838,1357085.25
6839,1242757.75
6840,1096773.75
6841,1088843.75
6842,1260071.875
6843,1011909.3125
6844,1111188.25
6845,897901.8125
6846,1193854.25
6847,1041419.375
6848,924135.75
6849,1559472.5
6850,3263607.5
6851,888586.5
6852,943253.1875
6853,1038349.875
6854,1163216.25
6855,650441.375
6856,1161460.25
6857,806397.25
6858,1170265.75
6859,1329199.875
6860,870798.8125
6861,853552.0625
6862,1170200.75
6863,1012210.625
6864,1503324.25
6865,1402635.625
6866,1216966.625
6867,1397135.5
6868,821883.5
6869,1333314.75
6870,959349.5625
6871,1124406.875
6872,1053172.75
6873,1507922.25
6874,1017856.8125
6875,877597.1875
6876,1107266.375
6877,1083895.25
6878,981335.8125
6879,1045907.5
6880,1391180.75
6881,1501354.875
6882,1232971.875
6883,1171129.875
6884,980640.75
6885,1014035.4375
6886,1064614.75
6887,1153550.75
6888,1306503.375
6889,1982435.125
6890,1209128.75
6891,1239177.75
6892,1666756.75
6893,1057251.75
6894,1001618.0625
6895,1521144.75
6896,1154750.0
6897,1069713.375
6898,1367351.875
6899,867791.3125
6900,813287.625
6901,1187681.875
6902,1448892.625
6903,1150721.375
6904,1235294.0
6905,1159038.375
6906,1488357.625
6907,778189.0
6908,971728.125
6909,1332849.125
6910,1148789.875
6911,1021724.9375
6912,1177407.375
6913,1151374.0
6914,954028.9375
6915,920964.5
6916,991696.25
6917,1137096.75
6918,1136066.625
6919,1352873.125
6920,1562391.125
6921,894375.25
6922,1836349.625
6923,1529324.625
6924,1544299.0
6925,1224847.375
6926,1454809.125
6927,1891302.125
6928,1826552.875
6929,1873026.25
6930,984513.9375
6931,1033889.75
6932,916330.4375
6933,891635.9375
6934,1052442.75
6935,1323788.625
6936,687888.8125
6937,855883.6875
6938,1061624.75
6939,684447.6875
6940,749880.0625
6941,942653.875
6942,544218.8125
6943,1611807.0
6944,895417.5
6945,1362240.5
6946,1228401.25
6947,1032338.9375
6948,904409.875
6949,1166927.125
6950,1227010.625
6951,1005579.375
6952,758407.6875
6953,1067890.25
6954,877890.0
6955,2335966.75
6956,778449.375
6957,1321303.0
6958,950827.6875
6959,1293439.625
6960,1858178.875
6961,1022647.5
6962,834702.625
6963,1122185.125
6964,1344167.0
6965,1187311.25
6966,1330105.75
6967,1703929.0
6968,1012689.9375
6969,1397233.5
6970,1126225.875
6971,1745361.875
6972,1049981.75
6973,993187.125
6974,1311638.25
6975,1393603.875
6976,1497114.5
6977,1211873.125
6978,2411026.0
6979,1337520.125
6980,859284.5
6981,1310773.0
6982,1505866.25
6983,1563751.0
6984,1484606.0
6985,1709222.75
6986,1134963.125
6987,1221907.5
6988,1455552.25
6989,1004623.9375
6990,1550936.25
6991,1366922.25
6992,1152052.25
6993,1126661.625
6994,1005265.125
6995,1082587.875
6996,857031.5625
6997,1263727.125
6998,1177864.875
6999,1315386.125
7000,1212978.875
7001,1256260.375
7002,1220400.875
7003,1427622.75
7004,997304.125
7005,1283039.0
7006,1019527.0
7007,895360.6875
7008,876695.5625
7009,822115.8125
7010,982135.6875
7011,1087761.875
7012,896555.1875
7013,922588.875
7014,1333198.875
7015,1384007.0
7016,844351.4375
7017,1315759.375
7018,902252.8125
7019,1115843.0
7020,2617893.75
7021,1253555.25
7022,1134293.25
7023,1461293.375
7024,863175.8125
7025,1731205.625
7026,1104688.5
7027,1432860.25
7028,1392637.625
7029,1137702.5
7030,1251387.5
7031,1403346.5
7032,1125111.625
7033,1010664.5
7034,1070552.5
7035,1095559.5
7036,972256.9375
7037,2659154.75
7038,1411016.125
7039,1189239.5
7040,1637467.5
7041,1062638.5
7042,1307133.625
7043,1357414.875
7044,899109.6875
7045,1104910.25
7046,1300409.375
7047,907030.5625
7048,855343.3125
7049,952795.875
7050,2129517.0
7051,1025758.5625
7052,1955556.625
7053,1393203.0
7054,2359231.5
7055,837065.875
7056,1120377.5
7057,1230248.125
7058,1097507.0
7059,1282127.5
7060,1122894.25
7061,1247175.5
7062,1162275.0
7063,1318598.875
7064,1129439.0
7065,999853.375
7066,846442.8125
7067,856143.6875
7068,850480.125
7069,1007346.9375
7070,1308876.0
7071,1251520.5
7072,962290.1875
7073,1207862.375
7074,1056134.75
7075,1031039.625
7076,992872.875
7077,1558868.625
7078,1569686.5
7079,1106501.625
7080,1245324.625
7081,1866259.375
7082,1132881.125
7083,1259481.125
7084,1203652.875
7085,1169845.875
7086,874948.25
7087,1025670.6875
7088,1285041.25
7089,1112016.5
7090,913516.3125
7091,830151.6875
7092,974442.0625
7093,1054522.75
7094,1039882.875
7095,1188886.625
7096,1494689.625
7097,1334503.625
7098,1118040.875
7099,1525688.75
7100,729121.5
7101,1042427.4375
7102,1106046.625
7103,971269.0
7104,1024929.125
7105,973258.75
7106,1394571.75
7107,1730960.125
7108,1423963.875
7109,916889.25
7110,1458796.5
7111,1245460.875
7112,851954.75
7113,1240076.25
7114,1127981.25
7115,2278936.5
7116,959625.0
7117,1312251.375
7118,1656499.625
7119,1382231.875
7120,1106071.875
7121,1119937.5
7122,1026417.625
7123,1269464.75
7124,1322577.25
7125,1283528.25
7126,1606234.625
7127,1586468.375
7128,1481012.375
7129,1419945.625
7130,1027483.25
7131,910752.125
7132,1548916.125
7133,1298567.75
7134,1031777.125
7135,1015090.5
7136,2035848.625
7137,1166658.875
7138,1313428.625
7139,1580448.125
7140,1007678.1875
7141,1003071.375
7142,1362177.375
7143,1719998.375
7144,1178139.625
7145,1199757.625
7146,179712.421875
7147,353976.25
7148,1840517.5
7149,1647899.125
7150,1198963.625
7151,1154162.875
7152,819852.25
7153,1726238.375
7154,959867.75
7155,770939.3125
7156,1172669.75
7157,1450149.25
7158,1481658.125
7159,1224816.75
7160,953692.75
7161,1204116.125
7162,970729.1875
7163,967069.1875
7164,744390.625
7165,690505.5
7166,948863.375
7167,747944.5625
7168,948330.5625
7169,999042.25
7170,1146380.5
7171,1721674.25
7172,942175.3125
7173,1228848.875
7174,1287084.125
7175,971760.75
7176,794510.25
7177,1227422.375
7178,1285531.125
7179,926796.8125
7180,1071731.625
7181,934993.1875
7182,1351223.625
7183,868369.125
7184,1212084.375
7185,1129816.25
7186,1185065.75
7187,1133116.0
7188,1194170.0
7189,915917.75
7190,1152396.0
7191,1749015.5
7192,1011209.9375
7193,1536797.25
7194,951796.375
7195,1496008.25
7196,1103966.625
7197,1488711.5
7198,1261909.125
7199,922547.0
7200,1442539.25
7201,1120886.25
7202,777911.1875
7203,914108.6875
7204,844750.375
7205,1113630.875
7206,1422765.0
7207,1891651.125
7208,1426288.0
7209,1715840.875
7210,1294881.5
7211,1177941.375
7212,1702666.875
7213,1475922.375
7214,1553649.625
7215,895739.625
7216,828551.25
7217,1182927.875
7218,1393119.25
7219,1236830.0
7220,1184137.25
7221,1176016.375
7222,1265448.0
7223,1073906.75
7224,1098085.625
7225,976801.875
7226,1243694.375
7227,982992.5
7228,1218674.25
7229,980094.8125
7230,1387535.75
7231,1214437.375
7232,1131052.375
7233,1304557.5
7234,1168826.875
7235,1432939.5
7236,880746.6875
7237,1047970.875
7238,748197.125
7239,713738.875
7240,912089.875
7241,1170574.875
7242,1309618.25
7243,1011771.875
7244,810091.75
7245,906418.8125
7246,1071318.0
7247,942961.4375
7248,721885.5625
7249,1102100.875
7250,904510.8125
7251,1070519.875
7252,1974749.875
7253,1420187.5
7254,1108602.875
7255,1081954.0
7256,1643846.0
7257,1138550.0
7258,1220765.0
7259,1321465.875
7260,1214791.0
7261,1192697.375
7262,1355957.125
7263,738527.75
7264,1929202.375
7265,2243655.25
7266,1714063.875
7267,1093915.375
7268,1551580.375
7269,1574386.0
7270,1237757.25
7271,1084902.75
7272,1214042.25
7273,1110457.75
7274,1015851.25
7275,1248838.875
7276,1406327.875
7277,1041827.125
7278,1509503.875
7279,1040180.6875
7280,1369424.625
7281,991628.3125
7282,1397077.125
7283,873139.5625
7284,854496.0625
7285,1415671.0
7286,874175.5
7287,935789.375
7288,887049.5
7289,1104179.875
7290,1212925.75
7291,1746746.625
7292,988177.5
7293,1051120.625
7294,846425.75
7295,1105472.5
7296,1508850.25
7297,1021612.6875
7298,1066279.875
7299,1297891.75
7300,1061040.875
7301,918293.25
7302,956223.75
7303,1216040.5
7304,1588053.25
7305,1250894.125
7306,955197.6875
7307,1055260.625
7308,1137677.625
7309,938880.25
7310,1248600.5
7311,1225556.0
7312,1604544.875
7313,1058968.875
7314,1617688.5
7315,984493.375
7316,1608053.75
7317,1194808.875
7318,1378610.125
7319,825247.5625
7320,982732.5
7321,1113314.875
7322,840505.1875
7323,890272.0625
7324,1388135.25
7325,820329.0625
7326,1845454.75
7327,2012754.125
7328,1239550.375
7329,989095.25
7330,938993.9375
7331,957424.125
7332,1107741.125
7333,1556111.875
7334,1615510.125
7335,1163716.75
7336,912675.9375
7337,1306447.125
7338,1333565.125
7339,916242.4375
7340,753840.125
7341,1379660.375
7342,1656248.0
7343,1910514.125
7344,1065941.875
7345,833381.0625
7346,1071197.875
7347,732293.9375
7348,1337650.125
7349,904215.375
7350,1094689.625
7351,1198928.875
7352,966876.9375
7353,1276698.125
7354,897724.875
7355,1081332.75
7356,1129803.0
7357,781196.5
7358,1269532.125
7359,1114415.25
7360,1001849.125
7361,707329.75
7362,895952.75
7363,857694.625
7364,848471.125
7365,1179891.875
7366,648632.375
7367,1855780.375
7368,601004.0
7369,1331608.625
7370,871592.9375
7371,969636.5625
7372,1088281.0
7373,981566.1875
7374,1179589.875
7375,1747146.5
7376,1850420.5
7377,1337269.5
7378,1222656.125
7379,1298268.125
7380,990006.1875
7381,1254198.75
7382,904603.5
7383,1170444.375
7384,1218449.875
7385,1311153.125
7386,1037770.875
7387,979502.875
7388,1059705.0
7389,1148127.75
7390,986787.4375
7391,1037101.875
7392,1192535.25
7393,689547.5625
7394,896086.375
7395,823519.0
7396,822274.75
7397,1108498.0
7398,1159926.25
7399,692866.0625
7400,1678268.125
7401,1889743.0
7402,1896858.25
7403,2582549.75
7404,977762.5
7405,1253603.375
7406,858292.625
7407,1251157.5
7408,966167.625
7409,1299375.5
7410,966424.625
7411,775895.1875
7412,1173972.25
7413,1366443.875
7414,1143978.0
7415,795321.375
7416,846104.9375
7417,929937.5625
7418,1082373.125
7419,1285822.75
7420,1119300.75
7421,2661566.25
7422,1484719.375
7423,1232601.75
7424,1228618.375
7425,1435619.75
7426,979454.8125
7427,1227524.375
7428,3006660.75
7429,793892.0
7430,1315170.625
7431,887346.25
7432,1108329.25
7433,1375442.0
7434,1298944.0
7435,1265935.25
7436,1390237.25
7437,1180423.25
7438,1204246.0
7439,998196.625
7440,1253091.375
7441,757889.125
7442,1270309.25
7443,1128722.5
7444,2339858.0
7445,1470887.625
7446,997213.5625
7447,996506.5
7448,911213.6875
7449,922050.5
7450,747704.9375
7451,1123798.0
7452,1063933.125
7453,1111243.25
7454,1680485.25
7455,1160853.0
7456,1454800.625
7457,1599659.5
7458,1414930.125
7459,1279009.25
7460,912349.0
7461,1314153.875
7462,1292317.125
7463,1653293.875
7464,1916761.25
7465,1298164.75
7466,1298736.375
7467,1112720.625
7468,1582176.5
7469,1791803.25
7470,972980.125
7471,1087565.875
7472,987250.9375
7473,961871.4375
7474,1544685.75
7475,1354017.125
7476,1197064.5
7477,1416423.375
7478,940022.0
7479,1110368.625
7480,1116722.125
7481,1215159.625
7482,1095420.125
7483,971711.625
7484,824631.625
7485,890526.375
7486,1413986.5
7487,1136101.25
7488,1055517.0
7489,795516.8125
7490,836144.0625
7491,1156560.625
7492,1711725.0
7493,1035544.125
7494,1920967.75
7495,849567.1875
7496,945197.625
7497,1011297.6875
7498,970422.75
7499,948875.0
7500,1348133.875
7501,1077020.5
7502,1326043.125
7503,1401968.5
7504,1010553.25
7505,1756130.0
7506,1184943.5
7507,1382933.0
7508,1554154.25
7509,1170358.375
7510,2532749.25
7511,1392230.25
7512,1573733.625
7513,1136637.375
7514,1372305.25
7515,991400.75
7516,1178253.25
7517,924177.0
7518,998558.625
7519,1380785.125
7520,928287.625
7521,1675582.625
7522,1774949.875
7523,1220856.5
7524,988942.75
7525,1249046.75
7526,1107758.375
7527,1106445.125
7528,1241651.25
7529,1101508.125
7530,919221.8125
7531,1015836.0
7532,1896039.25
7533,1076461.75
7534,957130.9375
7535,1028127.9375
7536,1265355.0
7537,1566895.875
7538,1268058.875
7539,828029.5625
7540,1350319.875
7541,1699634.625
7542,1089320.125
7543,1162572.0
7544,976222.6875
7545,1351018.0
7546,1466995.5
7547,843399.3125
7548,823932.4375
7549,1019251.5
7550,1109304.875
7551,1051369.625
7552,1180325.625
7553,1312146.375
7554,660136.8125
7555,906102.3125
7556,1287560.75
7557,975674.25
7558,1543583.0
7559,1291706.0
7560,1133474.75
7561,867020.625
7562,1195227.0
7563,895495.25
7564,1276006.875
7565,1117272.5
7566,1542299.0
7567,995171.0
7568,1349948.5
7569,945910.1875
7570,1325549.625
7571,1018250.75
7572,1942036.75
7573,1087082.125
7574,1236254.75
7575,1173222.625
7576,1134013.5
7577,742011.8125
7578,801491.1875
7579,1111503.75
7580,867171.9375
7581,1229587.5
7582,1014390.1875
7583,802954.375
7584,822375.5
7585,991596.625
7586,927671.0
7587,1568934.375
7588,1022539.8125
7589,929229.5
7590,936339.5625
7591,1314505.5
7592,1165266.0
7593,1122195.125
7594,1214848.625
7595,1238400.125
7596,809827.25
7597,1506545.0
7598,1030652.8125
7599,1306884.75
7600,1123351.625
7601,1294462.375
7602,1370865.125
7603,1022873.4375
7604,1741259.0
7605,1304012.0
7606,2066986.25
7607,1458490.625
7608,1357571.5
7609,1135359.75
7610,1390899.25
7611,2390399.0
7612,1418495.75
7613,875563.75
7614,1052074.5
7615,1345411.875
7616,1469527.875
7617,336840.5
7618,991209.3125
7619,2064008.125
7620,651531.6875
7621,1142839.25
7622,860306.125
7623,1231296.5
7624,800671.875
7625,1254827.5
7626,1018762.1875
7627,786407.0
7628,1321550.5
7629,1329347.375
7630,844148.5625
7631,2265602.0
7632,1460107.75
7633,784681.875
7634,962146.125
7635,1083906.125
7636,1089391.75
7637,1391696.75
7638,1063984.0
7639,1363806.375
7640,1156494.375
7641,1194805.875
7642,1153467.25
7643,957635.5
7644,1279419.5
7645,1058644.125
7646,1370888.5
7647,1229937.25
7648,1104208.125
7649,919470.4375
7650,997486.6875
7651,888492.1875
7652,1361564.25
7653,945513.25
7654,1525049.75
7655,1089008.75
7656,999748.3125
7657,1040282.25
7658,1040324.5625
7659,1311818.75
7660,798999.125
7661,1470075.0
7662,878218.1875
7663,1096609.125
7664,1145946.75
7665,1395884.75
7666,1150731.875
7667,1089798.75
7668,1098886.125
7669,1064012.875
7670,1447435.125
7671,1087872.875
7672,1140074.625
7673,1038212.25
7674,1195415.375
7675,862987.6875
7676,1366865.75
7677,831219.25
7678,948011.375
7679,2357564.5
7680,1514438.0
7681,1009932.1875
7682,1431234.375
7683,1091528.125
7684,1199141.875
7685,678743.0625
7686,1038953.0625
7687,887162.5625
7688,1227020.375
7689,909456.0
7690,1147704.75
7691,1031941.875
7692,745508.25
7693,979868.5625
7694,865109.5
7695,948914.3125
7696,869068.25
7697,816140.9375
7698,955297.0625
7699,934341.1875
7700,871828.875
7701,1702764.875
7702,1173389.75
7703,1471029.625
7704,1292240.0
7705,1080928.625
7706,1490430.125
7707,1135827.125
7708,1597324.25
7709,1322116.125
7710,1498428.25
7711,1376958.375
7712,1208819.375
7713,1011851.25
7714,2362189.5
7715,1068253.625
7716,1358392.375
7717,1125498.875
7718,1117271.375
7719,1030849.3125
7720,1127849.375
7721,850074.375
7722,809137.0
7723,1204823.125
7724,670694.0625
7725,1168129.25
7726,800534.625
7727,3629886.75
7728,663311.3125
7729,1053749.75
7730,1060804.25
7731,1425908.25
7732,914887.25
7733,1009075.125
7734,845131.75
7735,949436.75
7736,1007792.0
7737,1017495.125
7738,975818.6875
7739,771712.5
7740,1012929.8125
7741,1434264.0
7742,1313173.375
7743,884216.25
7744,862460.0
7745,854371.125
7746,941530.3125
7747,841641.125
7748,865760.625
7749,1534729.625
7750,1402658.125
7751,1006614.125
7752,1306542.75
7753,1183044.875
7754,960417.5625
7755,1266356.75
7756,862346.4375
7757,880601.9375
7758,1105145.125
7759,923820.0
7760,1155275.75
7761,905506.6875
7762,1443383.5
7763,1537476.75
7764,1227839.875
7765,1319615.375
7766,910231.3125
7767,1011360.0625
7768,897378.5625
7769,689573.5625
7770,1087986.625
7771,1085425.0
7772,1609156.125
7773,1135097.5
7774,1014072.625
7775,1070473.75
7776,1208086.25
7777,1235483.5
7778,1226795.375
7779,1070091.625
7780,1338440.625
7781,929832.5625
7782,2030315.0
7783,1079726.5
7784,800713.4375
7785,1825673.0
7786,960541.5625
7787,997170.5
7788,663469.1875
7789,1135910.25
7790,976572.6875
7791,1278755.875
7792,605988.9375
7793,1046688.125
7794,1200802.625
7795,782292.4375
7796,1503868.25
7797,1151234.75
7798,1038540.0
7799,1252445.375
7800,1301745.125
7801,1002112.125
7802,927387.6875
7803,918869.875
7804,867011.9375
7805,1315260.5
7806,1069040.125
7807,1001421.125
7808,1371733.75
7809,1786611.375
7810,1083872.5
7811,1164328.875
7812,1199421.375
7813,1161605.625
7814,1077249.25
7815,849397.875
7816,918144.3125
7817,993384.25
7818,1297321.625
7819,968920.375
7820,1071701.375
7821,1115514.25
7822,1585276.375
7823,1328639.875
7824,1103563.0
7825,1291507.375
7826,1430369.125
7827,1247911.125
7828,1374463.625
7829,750122.875
7830,921828.8125
7831,1286259.0
7832,1289952.25
7833,1704395.375
7834,1126760.375
7835,1172601.25
7836,1699452.5
7837,1018805.9375
7838,828113.625
7839,1362049.125
7840,920614.125
7841,993413.1875
7842,1084416.625
7843,1152543.625
7844,794584.75
7845,1625469.625
7846,988184.3125
7847,1136307.25
7848,1314611.125
7849,1191529.75
7850,982997.0625
7851,833091.1875
7852,867282.125
7853,1087563.0
7854,1187680.375
7855,864660.0
7856,1335419.125
7857,1093344.875
7858,877626.5625
7859,1132175.875
7860,855629.25
7861,1116892.25
7862,1076741.75
7863,1382996.0
7864,1184716.875
7865,1176263.875
7866,1097780.875
7867,1058047.375
7868,589955.4375
7869,1094147.875
7870,1330668.375
7871,840498.375
7872,1134354.5
7873,1101027.125
7874,994561.1875
7875,946011.5
7876,1235647.25
7877,982440.4375
7878,991275.8125
7879,1928458.125
7880,891852.0625
7881,1081399.125
7882,1488593.375
7883,984136.9375
7884,1474094.75
7885,1530001.0
7886,868419.5
7887,1212982.875
7888,937991.0
7889,665596.0
7890,941676.375
7891,1549904.25
7892,1325784.5
7893,1040936.0625
7894,887289.0
7895,1340933.875
7896,1110130.75
7897,1143391.75
7898,1254346.125
7899,1329991.375
7900,1547652.625
7901,1364087.0
7902,998564.125
7903,1366625.75
7904,1160759.375
7905,1282429.75
7906,1701240.375
7907,1093700.375
7908,1358181.625
7909,955198.25
7910,1605515.0
7911,1261043.25
7912,1193682.375
7913,1123357.875
7914,1154894.0
7915,1327698.375
7916,1400338.75
7917,1071129.875
7918,1105474.625
7919,1714535.5
7920,1221507.75
7921,1067708.25
7922,1059773.0
7923,1067417.375
7924,1141727.875
7925,1923471.0
7926,661706.75
7927,885417.75
7928,900236.5
7929,1248724.0
7930,916458.375
7931,886542.1875
7932,1822643.0
7933,1243010.25
7934,962190.875
7935,862878.625
7936,1505273.125
7937,894059.6875
7938,1078960.75
7939,1858685.5
7940,2106039.0
7941,1286265.375
7942,912340.0625
7943,1105117.0
7944,1656868.625
7945,1198322.5
7946,1504804.25
7947,1057094.75
7948,952626.9375
7949,1504090.75
7950,1326231.5
7951,1292740.0
7952,1156112.375
7953,1420990.125
7954,1199359.125
7955,1102569.375
7956,1279039.375
7957,1222497.5
7958,1037824.0
7959,1097825.0
7960,1156769.375
7961,1250012.25
7962,1168470.125
7963,1242907.625
7964,1581075.75
7965,1116736.875
7966,1623403.875
7967,898975.9375
7968,942514.75
7969,977478.9375
7970,1038905.25
7971,1242150.125
7972,775244.4375
7973,1011618.375
7974,1049475.5
7975,907027.125
7976,1229635.375
7977,934075.8125
7978,879970.5625
7979,1057135.0
7980,1269619.625
7981,1100035.375
7982,1033620.4375
7983,1359345.625
7984,1021777.375
7985,1876073.875
7986,1074726.75
7987,1111781.25
7988,1241812.375
7989,1201367.125
7990,1780732.375
7991,886975.3125
7992,1228364.75
7993,1752692.0
7994,1276758.125
7995,1239947.625
7996,1671117.75
7997,1069002.25
7998,959215.0625
7999,1025544.625
8000,1510661.875
8001,820026.875
8002,789710.0625
8003,832600.8125
8004,748644.125
8005,1771502.5
8006,878612.625
8007,1485330.875
8008,1070067.75
8009,902298.8125
8010,1196827.75
8011,1118693.25
8012,1824035.375
8013,1306867.75
8014,1123568.25
8015,1918744.75
8016,1380351.0
8017,1347105.75
8018,1280547.375
8019,1237557.625
8020,1356072.0
8021,1296682.375
8022,1732686.125
8023,1288155.625
8024,1177582.875
8025,923172.875
8026,1045361.3125
8027,1217640.5
8028,1263361.375
8029,901790.875
8030,1003412.75
8031,675716.5
8032,912959.0
8033,797665.0625
8034,788600.625
8035,865488.125
8036,819150.1875
8037,1024751.9375
8038,845940.0625
8039,743359.125
8040,1224383.25
8041,1039564.25
8042,1334812.25
8043,1451042.0
8044,1211490.75
8045,597496.5625
8046,736058.625
8047,1259603.75
8048,1517378.125
8049,1801400.0
8050,1739957.875
8051,1427547.875
8052,1643921.125
8053,1563241.875
8054,2231039.0
8055,1610056.5
8056,1042606.625
8057,1279695.375
8058,1106383.375
8059,1599981.625
8060,1195980.125
8061,1006602.625
8062,1240862.875
8063,1144790.125
8064,1082385.875
8065,1525784.875
8066,1409461.625
8067,1715323.625
8068,1280106.5
8069,1063794.25
8070,1076511.375
8071,1457398.25
8072,2066175.25
8073,1247311.625
8074,1270535.0
8075,1557366.75
8076,1006419.5
8077,1156393.375
8078,1328119.0
8079,1359351.625
8080,1015219.625
8081,813314.125
8082,1064998.375
8083,1144222.0
8084,852596.6875
8085,725517.9375
8086,911484.0625
8087,1179435.0
8088,753285.125
8089,853067.625
8090,959715.5
8091,1252610.5
8092,1022009.75
8093,934214.375
8094,1171050.5
8095,1098609.625
8096,1073459.25
8097,1195785.375
8098,1143327.25
8099,1108163.75
8100,920720.1875
8101,1151649.625
8102,1361541.5
8103,1765470.625
8104,1391081.625
8105,1603442.875
8106,1107800.375
8107,1409413.625
8108,1687500.0
8109,937605.25
8110,2287560.75
8111,1242325.25
8112,1002457.8125
8113,1149818.625
8114,1470492.5
8115,1541217.125
8116,1212745.125
8117,735312.75
8118,1116621.5
8119,965728.375
8120,1297772.125
8121,1385196.125
8122,1260937.25
8123,1044534.125
8124,1138644.0
8125,1338998.875
8126,1270100.875
8127,916351.625
8128,882208.75
8129,1215967.625
8130,2009310.75
8131,2033746.75
8132,1797422.125
8133,1051396.125
8134,1477276.25
8135,2070302.125
8136,1494204.0
8137,1090552.0
8138,1256517.875
8139,1515623.125
8140,926950.875
8141,1357592.0
8142,1243359.5
8143,1141080.125
8144,1167819.25
8145,1188818.375
8146,1153388.0
8147,1118550.75
8148,1062757.625
8149,1236714.25
8150,790401.3125
8151,1305973.5
8152,928412.625
8153,1070685.25
8154,976056.4375
8155,1140968.0
8156,1335958.875
8157,1358457.625
8158,1462607.375
8159,1851517.125
8160,1840478.375
8161,1582255.625
8162,1622594.125
8163,1336824.5
8164,1597327.75
8165,1514275.5
8166,835277.8125
8167,1471789.875
8168,995723.5
8169,1275123.75
8170,1232321.75
8171,1253543.625
8172,1237068.375
8173,1036869.875
8174,1004666.25
8175,1126318.625
8176,1018588.9375
8177,1015306.1875
8178,1385940.5
8179,1471757.25
8180,1042196.25
8181,1479047.625
8182,1798867.875
8183,1035706.625
8184,906987.25
8185,1095874.375
8186,1121953.25
8187,1007025.9375
8188,1519472.25
8189,1227333.375
8190,1407163.125
8191,952795.4375
8192,1074937.75
8193,2004653.75
8194,1184498.125
8195,1091225.375
8196,1079443.75
8197,1642675.375
8198,955227.6875
8199,1314783.875
8200,891719.9375
8201,1409323.25
8202,1115024.5
8203,1097241.375
8204,1279509.375
8205,1242326.5
8206,1786083.75
8207,1125654.25
8208,1312596.0
8209,1194016.375
8210,1008013.5625
8211,1118477.625
8212,1435706.625
8213,1074031.25
8214,1103723.125
8215,1240358.375
8216,1015092.5
8217,991097.4375
8218,1097764.875
8219,962001.875
8220,1305170.75
8221,1035895.0
8222,909231.625
8223,1272824.25
8224,2373453.0
8225,769998.3125
8226,1618928.5
8227,1161046.375
8228,1348966.75
8229,1132257.25
8230,1053876.25
8231,1404763.875
8232,1328069.375
8233,1085263.625
8234,866356.625
8235,1100649.25
8236,1026767.25
8237,1333540.625
8238,1060541.25
8239,997773.125
8240,900369.1875
8241,1590318.25
8242,1003122.25
8243,897648.25
8244,887999.8125
8245,1060590.125
8246,910204.5625
8247,1099641.375
8248,1292653.125
8249,680746.6875
8250,1320848.875
8251,1058135.375
8252,1023302.6875
8253,794656.4375
8254,1555781.625
8255,1076836.5
8256,1278589.625
8257,814049.3125
8258,1392576.0
8259,899143.75
8260,1085836.875
8261,881910.375
8262,1035095.375
8263,1292699.375
8264,1190585.375
8265,1437051.5
8266,1343276.375
8267,1489134.75
8268,1247254.75
8269,1264990.25
8270,825864.0
8271,907990.0625
8272,1063485.375
8273,927578.125
8274,1061208.625
8275,1836742.75
8276,1245011.875
8277,1105042.75
8278,1147607.5
8279,1171113.875
8280,1385184.125
8281,1385087.25
8282,1300299.125
8283,1677305.375
8284,1606447.0
8285,1673521.875
8286,1436264.5
8287,1300450.0
8288,1126991.5
8289,1514467.25
8290,1201027.75
8291,1124557.25
8292,904645.1875
8293,1033956.0625
8294,1185533.0
8295,1277427.5
8296,1093287.875
8297,1533738.5
8298,1106929.125
8299,1677936.625
8300,1079308.5
8301,1464642.125
8302,973841.1875
8303,1175786.75
8304,1237646.0
8305,892953.9375
8306,1284625.5
8307,832532.625
8308,822816.25
8309,1666156.0
8310,1801006.625
8311,1451038.75
8312,2751066.0
8313,1385740.625
8314,1116242.375
8315,1357966.25
8316,1132508.875
8317,841721.8125
8318,1221922.5
8319,1257023.125
8320,1957310.875
8321,1280821.875
8322,1112509.625
8323,1285406.75
8324,1175459.125
8325,1290279.125
8326,1099962.375
8327,808609.0
8328,850991.875
8329,770277.1875
8330,1328868.125
8331,966219.6875
8332,706901.375
8333,905168.75
8334,1071571.875
8335,1212033.0
8336,765547.625
8337,584328.3125
8338,1261382.375
8339,1108904.875
8340,932922.9375
8341,790177.75
8342,862473.5625
8343,1173261.375
8344,879347.5625
8345,896598.0
8346,1222780.0
8347,1179820.375
8348,1255024.375
8349,932079.375
8350,1364803.75
8351,1101945.375
8352,926546.1875
8353,1175561.875
8354,1049499.25
8355,1083985.625
8356,1253166.0
8357,1286129.25
8358,1099755.75
8359,1087755.75
8360,1137387.5
8361,1298956.25
8362,917231.5625
8363,936221.5
8364,995032.6875
8365,827567.0
8366,1405078.125
8367,919272.75
8368,1079062.5
8369,797108.125
8370,1213914.75
8371,1099369.875
8372,1052937.0
8373,1155158.0
8374,1028110.9375
8375,647730.25
8376,764417.625
8377,656489.125
8378,1096865.875
8379,893719.8125
8380,779274.625
8381,840698.5
8382,969118.625
8383,705597.875
8384,1149702.625
8385,796394.75
8386,1131012.625
8387,775490.6875
8388,742681.875
8389,984987.5625
8390,794811.375
8391,1057871.375
8392,1199503.25
8393,1219553.625
8394,886241.8125
8395,1056848.875
8396,1269994.875
8397,974498.625
8398,1276757.375
8399,1090934.375
8400,1046648.0
8401,2550424.75
8402,1251576.5
8403,1196035.5
8404,979969.8125
8405,969446.75
8406,906171.5
8407,1213266.625
8408,982439.25
8409,1648485.25
8410,1263517.5
8411,2003470.75
8412,1294636.0
8413,1038460.4375
8414,795324.8125
8415,984308.9375
8416,1062230.25
8417,926913.375
8418,1257347.5
8419,955686.0
8420,1260029.375
8421,1320722.5
8422,1165833.5
8423,1454186.125
8424,1215024.25
8425,972014.125
8426,883423.9375
8427,1254605.375
8428,1004569.25
8429,1101077.375
8430,1009227.5
8431,1091559.125
8432,1526230.75
8433,875707.0
8434,1325613.25
8435,1726725.75
8436,1323503.75
8437,1309582.25
8438,1310729.875
8439,1178250.25
8440,1917555.375
8441,1760601.75
8442,1922269.125
8443,1137815.625
8444,978969.875
8445,1136254.75
8446,1376252.625
8447,1274919.625
8448,940119.625
8449,931861.9375
8450,1133811.875
8451,959922.125
8452,877093.75
8453,1328476.5
8454,666295.9375
8455,538081.0
8456,635423.5625
8457,917854.8125
8458,772801.4375
8459,512233.1875
8460,646744.375
8461,798320.6875
8462,499660.3125
8463,1012197.75
8464,994844.1875
8465,1059277.75
8466,636706.625
8467,1929051.875
8468,832132.25
8469,1414110.75
8470,1093874.75
8471,1692224.875
8472,2323588.75
8473,2102472.5
8474,1153364.0
8475,1161420.875
8476,1632030.875
8477,1022391.4375
8478,1642700.375
8479,1225803.125
8480,1310524.0
8481,1181715.0
8482,1705605.375
8483,1700216.25
8484,1064295.875
8485,1733619.75
8486,989520.875
8487,1064914.25
8488,1195323.5
8489,940966.25
8490,879304.875
8491,1259952.875
8492,973542.25
8493,1073951.75
8494,1005898.4375
8495,1398636.125
8496,1396250.375
8497,1480893.625
8498,969674.6875
8499,1476380.625
8500,1562058.0
8501,1448915.75
8502,1763744.75
8503,1369222.875
8504,1493247.75
8505,1382069.875
8506,1512788.25
8507,1196895.25
8508,1070745.5
8509,1282617.875
8510,1405824.25
8511,1266469.5
8512,1281332.875
8513,1895566.0
8514,1314791.875
8515,1071228.375
8516,1040366.8125
8517,975027.1875
8518,1337727.0
8519,1222662.75
8520,1185244.125
8521,1191172.625
8522,1198097.0
8523,1198064.375
8524,1195618.75
8525,1235366.5
8526,2386035.0
8527,1343693.75
8528,991810.5
8529,1302785.125
8530,1168804.0
8531,668318.125
8532,1051123.625
8533,779998.8125
8534,1101474.5
8535,985153.375
8536,1297077.125
8537,1044277.5
8538,1422260.375
8539,1514353.875
8540,1480811.5
8541,1282461.75
8542,1011082.875
8543,1135347.875
8544,883433.25
8545,1211987.75
8546,1264688.5
8547,892687.1875
8548,923570.1875
8549,1113717.75
8550,1124669.375
8551,1433212.5
8552,1182099.375
8553,1248569.5
8554,1235962.625
8555,1312731.5
8556,1082731.75
8557,1162960.625
8558,967025.5625
8559,1078257.125
8560,908394.8125
8561,915612.5625
8562,1281547.5
8563,1385062.375
8564,1108078.5
8565,973987.1875
8566,1084648.625
8567,888128.5625
8568,1213338.625
8569,1126885.875
8570,1232642.125
8571,647903.5625
8572,1519828.875
8573,1340609.625
8574,1311963.625
8575,1863501.25
8576,918801.9375
8577,788083.25
8578,884912.9375
8579,770771.4375
8580,1443243.125
8581,1717114.625
8582,901599.0625
8583,1333256.125
8584,1338473.375
8585,814871.9375
8586,924491.4375
8587,1423544.0
8588,1058543.875
8589,1303714.5
8590,1449992.75
8591,1000944.875
8592,1167906.25
8593,1259958.75
8594,1278166.5
8595,1255545.125
8596,773711.4375
8597,819155.625
8598,1162456.0
8599,1342043.875
8600,1303806.875
8601,1269583.75
8602,1219385.375
8603,1370418.875
8604,1963282.375
8605,965566.4375
8606,1166997.25
8607,974292.75
8608,1186390.25
8609,1042727.75
8610,1390399.625
8611,1025967.8125
8612,1289746.375
8613,1367750.0
8614,1798831.875
8615,1303573.5
8616,1004861.5625
8617,1159280.375
8618,1267719.25
8619,730595.6875
8620,972159.5
8621,1159801.875
8622,1212341.25
8623,874181.8125
8624,886530.5
8625,1221070.75
8626,1553799.375
8627,1130669.0
8628,735074.375
8629,865215.4375
8630,990607.375
8631,990183.0625
8632,790479.5
8633,996253.4375
8634,954187.1875
8635,842540.0625
8636,797762.25
8637,1022052.75
8638,1103168.0
8639,1226129.125
8640,817936.6875
8641,1154566.75
8642,960771.75
8643,1407462.5
8644,1425693.375
8645,942268.3125
8646,1338820.25
8647,825545.6875
8648,923846.6875
8649,1259478.5
8650,826593.5625
8651,1064390.0
8652,1005732.625
8653,1167150.5
8654,1172733.875
8655,1017272.9375
8656,1119622.625
8657,983242.625
8658,1549665.625
8659,980526.75
8660,1439893.25
8661,1130190.625
8662,1398825.0
8663,1120328.5
8664,1023632.0
8665,1414021.125
8666,1363369.375
8667,1395230.75
8668,1443675.75
8669,1364727.0
8670,1170681.375
8671,943956.125
8672,1201955.25
8673,1348756.875
8674,1077393.375
8675,1191499.5
8676,949344.3125
8677,1164316.875
8678,1004869.625
8679,875016.8125
8680,1594487.25
8681,1134134.75
8682,953332.4375
8683,1006430.4375
8684,802795.875
8685,1086366.375
8686,879732.625
8687,1234885.125
8688,858503.4375
8689,1041419.375
8690,787273.0625
8691,1043999.1875
8692,1451803.25
8693,1111353.125
8694,868712.125
8695,714804.875
8696,1073309.875
8697,1458107.375
8698,926488.0625
8699,1304493.75
8700,995404.0
8701,1475389.625
8702,1083648.25
8703,1697810.25
8704,1508364.5
8705,4028595.5
8706,1813456.875
8707,1000542.625
8708,959516.4375
8709,837271.4375
8710,1329176.75
8711,1423000.0
8712,984611.375
8713,1197810.875
8714,1083051.75
8715,1913271.25
8716,1374072.75
8717,1548108.625
8718,1999952.25
8719,1262918.75
8720,1182255.5
8721,1415507.0
8722,1160700.375
8723,1270554.5
8724,1217226.625
8725,938923.5625
8726,877437.75
8727,1478997.625
8728,1673415.875
8729,819693.375
8730,1081070.75
8731,1253536.5
8732,1396058.75
8733,1153545.875
8734,1136844.875
8735,1019577.0625
8736,1139779.625
8737,1104185.25
8738,854552.0
8739,1194236.25
8740,1235419.625
8741,1205609.875
8742,1292924.25
8743,1059185.25
8744,951226.25
8745,594810.625
8746,1103562.625
8747,909746.9375
8748,897582.75
8749,880854.0625
8750,1027322.625
8751,1250707.5
8752,1554952.125
8753,1070243.0
8754,819680.1875
8755,1398240.375
8756,958151.0625
8757,1241297.25
8758,867190.3125
8759,1122731.25
8760,1301947.25
8761,889033.25
8762,1015336.3125
8763,940078.75
8764,902216.375
8765,842482.3125
8766,1927570.0
8767,1116543.25
8768,931831.8125
8769,1349546.875
8770,1556663.25
8771,846527.125
8772,1136247.75
8773,1008721.6875
8774,1269289.75
8775,1089138.5
8776,1187007.0
8777,1552610.875
8778,1859907.375
8779,1485400.75
8780,1582056.25
8781,1513170.125
8782,1625187.375
8783,1015575.8125
8784,1133524.125
8785,992597.3125
8786,884263.375
8787,853403.0
8788,963825.3125
8789,1334548.125
8790,1478978.75
8791,1304650.25
8792,721677.4375
8793,802520.75
8794,1108176.875
8795,1011109.0625
8796,733641.6875
8797,518720.40625
8798,709463.9375
8799,1195968.125
8800,824389.0
8801,771190.0625
8802,1040895.3125
8803,2330176.75
8804,1219497.875
8805,1721400.75
8806,884506.25
8807,1907320.0
8808,1168856.375
8809,1390986.25
8810,1294463.25
8811,1444709.5
8812,1269968.0
8813,1619795.5
8814,1666504.0
8815,2382674.75
8816,1022858.3125
8817,1529152.75
8818,885432.75
8819,1288032.625
8820,1021959.9375
8821,703022.9375
8822,1340655.0
8823,1425629.75
8824,1389398.0
8825,1013949.0625
8826,1089540.75
8827,1283303.75
8828,1266342.75
8829,1749707.25
8830,1042938.6875
8831,1279307.25
8832,1066339.75
8833,845329.0
8834,1020312.8125
8835,1064284.75
8836,1119247.5
8837,1221181.625
8838,1085546.0
8839,963590.875
8840,1075818.0
8841,823440.125
8842,1031290.75
8843,1265619.5
8844,920810.375
8845,1044020.5625
8846,1312878.375
8847,3392982.75
8848,998240.875
8849,1155330.375
8850,1963324.25
8851,1351808.5
8852,1272472.5
8853,1413804.125
8854,1355546.125
8855,1513026.5
8856,1716551.75
8857,1367262.25
8858,1664033.25
8859,1676326.125
8860,1014520.4375
8861,1432868.5
8862,1232506.875
8863,1184388.875
8864,1043103.3125
8865,787254.75
8866,1227333.125
8867,1297847.875
8868,1466693.625
8869,1096826.625
8870,1732846.5
8871,922636.1875
8872,967262.375
8873,1433387.75
8874,1017802.0
8875,1257800.75
8876,1519696.875
8877,1260933.0
8878,963694.3125
8879,947783.9375
8880,1205390.875
8881,1398942.0
8882,828027.0625
8883,908617.6875
8884,1134148.875
8885,1036772.4375
8886,1464070.5
8887,952321.5
8888,1139185.375
8889,1523100.25
8890,923248.75
8891,889778.5
8892,1717750.75
8893,1053355.75
8894,1061633.875
8895,949880.625
8896,1237036.625
8897,1496005.0
8898,1070118.0
8899,1176576.0
8900,1378298.25
8901,1236880.375
8902,1255366.375
8903,1518556.75
8904,949341.4375
8905,994230.9375
8906,1285793.5
8907,1059564.0
8908,927772.125
8909,1312420.5
8910,1317882.375
8911,1607998.625
8912,1032403.125
8913,1055777.125
8914,988431.5
8915,1339179.25
8916,857693.125
8917,1433664.75
8918,891970.5
8919,1110563.5
8920,1324517.0
8921,1000238.75
8922,1034812.1875
8923,1277893.0
8924,1187395.125
8925,1322167.5
8926,1573522.875
8927,1057423.0
8928,1354345.625
8929,1128965.625
8930,1067356.25
8931,1111762.75
8932,1385899.875
8933,1297756.875
8934,1019873.75
8935,1319837.0
8936,1197185.625
8937,934765.9375
8938,1226856.0
8939,962929.75
8940,1154471.375
8941,1276621.375
8942,1209395.25
8943,1087818.875
8944,1253878.75
8945,1078179.75
8946,701068.0
8947,1816473.625
8948,1538430.0
8949,1527559.875
8950,1094330.5
8951,1011269.4375
8952,1088647.5
8953,2146673.25
8954,1247453.0
8955,1062722.375
8956,1039644.0625
8957,966140.0625
8958,871615.625
8959,935500.1875
8960,1131070.5
8961,1166360.375
8962,811455.75
8963,1142114.875
8964,824449.6875
8965,924656.0625
8966,936693.1875
8967,935033.9375
8968,1044007.75
8969,1128275.375
8970,920462.8125
8971,1390549.5
8972,3077605.25
8973,1185632.625
8974,1040170.4375
8975,1453061.5
8976,1171638.875
8977,1068957.0
8978,1259792.125
8979,1138777.0
8980,1044453.875
8981,1268865.5
8982,1169314.0
8983,1171585.875
8984,1534187.375
8985,1061501.625
8986,1011815.0625
8987,1276851.0
8988,1416477.375
8989,920817.6875
8990,830428.8125
8991,1011918.25
8992,1122855.125
8993,1060228.625
8994,1209401.25
8995,1077361.0
8996,939048.375
8997,1171930.5
8998,1197354.25
8999,1064481.875
9000,928695.375
9001,1203825.75
9002,907479.6875
9003,1808706.875
9004,1254833.0
9005,1130773.5
9006,931587.0
9007,1136138.0
9008,1074791.875
9009,971215.5625
9010,1014946.25
9011,1122688.75
9012,1027491.25
9013,1100061.625
9014,1453348.375
9015,1199570.5
9016,1432746.75
9017,1311645.5
9018,974288.75
9019,841709.8125
9020,1862838.0
9021,1489840.125
9022,1111512.875
9023,1029867.3125
9024,1016782.8125
9025,1226827.5
9026,955274.9375
9027,1468001.0
9028,1065672.75
9029,943434.1875
9030,1303345.5
9031,1127001.625
9032,1286846.75
9033,1275916.5
9034,946022.875
9035,1190585.125
9036,1329253.75
9037,1068612.75
9038,911419.9375
9039,1041492.4375
9040,1357168.875
9041,1124194.5
9042,1085018.5
9043,1215581.75
9044,1042229.75
9045,918605.75
9046,996327.125
9047,897243.375
9048,972445.1875
9049,1112185.375
9050,1028142.0
9051,970217.4375
9052,1635149.375
9053,952209.875
9054,1160651.0
9055,1201655.625
9056,1673864.875
9057,896614.875
9058,559600.1875
9059,1161016.875
9060,996139.875
9061,1096667.5
9062,734047.0625
9063,1412954.0
9064,866035.0625
9065,1287785.375
9066,1350309.75
9067,1249680.25
9068,1053967.5
9069,1119163.625
9070,1027230.125
9071,1093502.25
9072,1014282.625
9073,1252102.75
9074,1323558.375
9075,1172914.625
9076,1185985.25
9077,1630788.25
9078,1002753.4375
9079,2208873.25
9080,875700.8125
9081,1419225.125
9082,818723.5625
9083,1241243.75
9084,1156326.625
9085,1995636.625
9086,1467142.875
9087,895619.3125
9088,1002983.3125
9089,960470.9375
9090,1071496.75
9091,1272982.375
9092,980550.8125
9093,1424554.75
9094,1087552.0
9095,1182074.875
9096,1352520.75
9097,1060595.0
9098,823409.6875
9099,1457481.625
9100,1036176.5625
9101,973245.1875
9102,891491.625
9103,1022405.375
9104,1018846.1875
9105,1098969.625
9106,1097093.375
9107,1150073.625
9108,1072874.875
9109,1004437.5625
9110,1212324.875
9111,962268.0625
9112,1320965.75
9113,1293831.875
9114,946421.6875
9115,1001079.375
9116,1218859.375
9117,1073706.125
9118,922924.375
9119,943465.0625
9120,1767282.0
9121,1269195.375
9122,1395577.75
9123,980447.875
9124,1443484.75
9125,1595595.75
9126,1253988.625
9127,1648435.125
9128,1320471.125
9129,1129410.25
9130,1156096.5
9131,870280.1875
9132,960069.625
9133,926756.6875
9134,778832.875
9135,800207.1875
9136,780511.9375
9137,844679.5625
9138,1036962.125
9139,818481.25
9140,670476.4375
9141,1047993.5
9142,1176492.5
9143,874255.75
9144,918291.5625
9145,1078099.75
9146,1017007.6875
9147,910433.0
9148,789080.0625
9149,1044368.125
9150,999315.75
9151,1466721.0
9152,919814.75
9153,915170.625
9154,1559832.75
9155,1009702.0625
9156,1076597.375
9157,1133999.875
9158,1247569.5
9159,1030025.0625
9160,1359005.75
9161,1552736.75
9162,1514560.125
9163,1510912.75
9164,1148946.0
9165,1115455.375
9166,1041007.3125
9167,915319.1875
9168,1030204.9375
9169,1155397.5
9170,1160760.75
9171,1058630.375
9172,1054462.875
9173,1462566.875
9174,1127585.375
9175,1426143.0
9176,1135399.625
9177,977682.1875
9178,1476517.125
9179,889266.1875
9180,1106694.375
9181,925582.375
9182,1050971.375
9183,1100893.0
9184,1295160.375
9185,1180965.0
9186,1574621.75
9187,957497.4375
9188,1218298.875
9189,1311058.375
9190,1002563.4375
9191,992074.25
9192,1122496.25
9193,1325766.625
9194,1221214.125
9195,1344736.625
9196,1327377.375
9197,885344.25
9198,1365438.5
9199,993265.5
9200,1147290.5
9201,890886.25
9202,1394183.0
9203,961182.625
9204,1339176.5
9205,755507.375
9206,900080.1875
9207,985342.875
9208,853467.5
9209,1048432.375
9210,1252613.125
9211,1491139.125
9212,1051718.875
9213,1014691.875
9214,1842950.25
9215,1145093.0
9216,1339330.125
9217,1418305.625
9218,995585.625
9219,1534734.875
9220,1379372.75
9221,1162818.875
9222,1111674.5
9223,849197.8125
9224,1298611.0
9225,988349.75
9226,1149496.375
9227,1046004.8125
9228,1109573.75
9229,904249.75
9230,1120468.375
9231,1023568.0625
9232,1120380.375
9233,2230850.5
9234,931284.5625
9235,1139577.125
9236,1019485.5
9237,787617.25
9238,1037419.3125
9239,1419678.375
9240,1034999.5625
9241,914309.375
9242,1029369.25
9243,833518.4375
9244,1141522.875
9245,1077620.625
9246,978617.375
9247,1056976.875
9248,874898.875
9249,1083127.5
9250,927106.375
9251,1335045.125
9252,1021679.25
9253,1108558.75
9254,1614451.5
9255,1118281.875
9256,1075901.25
9257,961942.4375
9258,1452162.125
9259,1253091.0
9260,1053637.25
9261,1264988.5
9262,1321193.25
9263,1015431.375
9264,1090363.0
9265,1783982.875
9266,1030592.5
9267,1340222.5
9268,1000361.875
9269,1460448.625
9270,1348559.25
9271,898260.75
9272,1146040.375
9273,1579201.875
9274,1899483.25
9275,970293.1875
9276,970776.25
9277,778054.5
9278,895807.375
9279,883072.9375
9280,767229.8125
9281,876303.75
9282,695915.9375
9283,1377044.625
9284,987860.875
9285,1233016.875
9286,854464.375
9287,1008116.125
9288,1127814.75
9289,1591800.25
9290,1224227.75
9291,1237149.375
9292,893473.75
9293,1516664.0
9294,658261.9375
9295,1358205.125
9296,1148423.375
9297,856578.75
9298,1246444.75
9299,1172142.125
9300,1083937.125
9301,1200690.875
9302,950910.5
9303,1274185.625
9304,937238.8125
9305,1373665.375
9306,864698.4375
9307,963114.625
9308,828115.6875
9309,1107857.625
9310,931494.1875
9311,1031514.875
9312,928316.0625
9313,876505.3125
9314,1089574.75
9315,1019528.6875
9316,1050950.125
9317,1066157.125
9318,1310553.25
9319,1098955.375
9320,910606.6875
9321,1279995.5
9322,1412827.875
9323,870992.6875
9324,938615.5625
9325,855462.1875
9326,875652.375
9327,1334498.25
9328,1166408.25
9329,1561235.375
9330,1252324.0
9331,1124486.0
9332,1309371.0
9333,1387944.625
9334,1031554.5
9335,1055776.625
9336,1447709.75
9337,1218690.375
9338,1604205.125
9339,1247999.75
9340,1094316.875
9341,1416350.0
9342,1204420.5
9343,1896388.25
9344,1283992.875
9345,1145747.75
9346,1089181.5
9347,1366390.25
9348,1620200.625
9349,1238574.5
9350,1287142.75
9351,1385413.375
9352,1210102.0
9353,1073612.25
9354,1716311.0
9355,1107517.375
9356,1542125.5
9357,1206512.5
9358,1074754.125
9359,1457752.375
9360,1282612.25
9361,1185829.875
9362,1637756.625
9363,1354170.5
9364,1272179.375
9365,1071970.0
9366,1172216.125
9367,681377.875
9368,1208667.625
9369,1220829.25
9370,1095288.25
9371,928267.625
9372,985642.125
9373,951826.125
9374,966232.125
9375,1029007.75
9376,803330.8125
9377,901157.5625
9378,916615.4375
9379,784346.9375
9380,1093520.25
9381,1031902.875
9382,752756.5
9383,932371.75
9384,797863.0625
9385,914497.875
9386,1191827.875
9387,1077637.625
9388,1004161.0
9389,1443746.375
9390,1799795.875
9391,1014694.4375
9392,1120192.625
9393,1315895.125
9394,973831.1875
9395,1165967.625
9396,1023553.25
9397,1108697.375
9398,976253.8125
9399,980668.1875
9400,919316.625
9401,1077674.25
9402,1085621.75
9403,1683060.25
9404,1293698.0
9405,954416.6875
9406,1304678.5
9407,1547819.875
9408,1149038.75
9409,1430252.375
9410,1377939.125
9411,1192209.375
9412,2149718.5
9413,1292872.75
9414,1309316.25
9415,1376819.75
9416,1412796.375
9417,1404355.125
9418,1356735.5
9419,1159627.625
9420,1562008.375
9421,1568502.25
9422,1179416.75
9423,1701387.875
9424,951529.0625
9425,1037783.3125
9426,993114.4375
9427,1030519.625
9428,1115209.875
9429,1213716.0
9430,1035951.875
9431,1189254.875
9432,1185038.875
9433,1207583.0
9434,1153463.75
9435,1093686.0
9436,1000366.0625
9437,936575.1875
9438,1314934.25
9439,1051594.375
9440,1088585.0
9441,1050645.0
9442,1070569.25
9443,981371.875
9444,1187996.125
9445,1184094.5
9446,960279.6875
9447,1033024.875
9448,1128928.625
9449,1027647.0625
9450,1364452.75
9451,871435.125
9452,1298542.375
9453,1237828.75
9454,1273007.375
9455,1543526.5
9456,1110567.875
9457,1446912.125
9458,1179531.625
9459,1449810.0
9460,1258987.375
9461,1168533.875
9462,900852.75
9463,1002847.5625
9464,1054209.125
9465,983853.625
9466,1035537.8125
9467,1041472.9375
9468,819012.875
9469,971233.3125
9470,977594.5
9471,1775684.375
9472,1005855.25
9473,974878.0625
9474,1184733.625
9475,832873.125
9476,1063720.25
9477,1215597.5
9478,919120.0625
9479,924210.9375
9480,1433242.0
9481,1215683.625
9482,1247670.875
9483,1380229.125
9484,1311256.5
9485,1225434.375
9486,1120727.375
9487,1228719.875
9488,1232389.0
9489,1805557.0
9490,1090812.375
9491,1060910.75
9492,1307467.375
9493,1383376.125
9494,1056486.625
9495,921191.625
9496,1011574.5625
9497,1086614.625
9498,1107979.875
9499,1366365.5
9500,2198658.0
9501,1219276.0
9502,996645.625
9503,1416874.25
9504,1046236.0
9505,904206.1875
9506,1190742.75
9507,1381111.625
9508,1520755.875
9509,1315764.625
9510,1447389.875
9511,1080116.125
9512,991349.3125
9513,1716045.75
9514,991730.5625
9515,1150350.375
9516,1532344.25
9517,892455.0625
9518,863570.375
9519,940176.3125
9520,786239.375
9521,1318790.75
9522,731763.125
9523,838650.375
9524,1190558.875
9525,1315091.875
9526,1042720.125
9527,832888.4375
9528,1515406.25
9529,955596.8125
9530,966359.25
9531,860575.0625
9532,1077311.25
9533,1122076.5
9534,1193090.25
9535,1186120.625
9536,1343953.5
9537,1145477.125
9538,1344250.625
9539,1165086.125
9540,1403389.625
9541,940748.375
9542,1218632.875
9543,947194.25
9544,1352399.125
9545,1226176.125
9546,1082050.625
9547,1463245.75
9548,1294989.875
9549,1029949.0625
9550,1039289.375
9551,1332934.0
9552,928090.9375
9553,1214535.375
9554,1023923.8125
9555,663177.6875
9556,1214722.375
9557,990119.9375
9558,1152943.75
9559,721769.1875
9560,898927.0625
9561,835132.25
9562,1712608.625
9563,1020442.3125
9564,819151.5
9565,1799628.25
9566,1015213.0625
9567,1423686.0
9568,825318.6875
9569,1048497.1875
9570,1259784.75
9571,947138.5
9572,1032275.25
9573,1001943.125
9574,908238.875
9575,1245864.125
9576,1031352.625
9577,1421350.875
9578,1227377.75
9579,1298669.625
9580,1184612.125
9581,809446.5625
9582,992507.125
9583,936922.8125
9584,1263974.125
9585,1019333.125
9586,1247724.0
9587,1418694.125
9588,1025548.4375
9589,1247035.5
9590,1297597.125
9591,1134754.125
9592,1211237.875
9593,1023334.8125
9594,1064992.125
9595,1227383.0
9596,1053863.875
9597,1055603.25
9598,1162607.125
9599,1179342.875
9600,1485701.5
9601,989694.25
9602,1937661.625
9603,971541.5625
9604,1046595.75
9605,1355413.375
9606,960669.6875
9607,917594.875
9608,936754.5
9609,962873.5625
9610,1329130.875
9611,1118379.25
9612,929533.3125
9613,1018379.375
9614,1230698.125
9615,951376.6875
9616,1102639.75
9617,1021429.125
9618,1054496.375
9619,1213168.25
9620,947246.25
9621,902802.1875
9622,890765.3125
9623,744173.3125
9624,1205854.0
9625,2176974.5
9626,1423166.25
9627,1104379.625
9628,1035074.75
9629,1085066.375
9630,1010247.75
9631,984826.0625
9632,1551030.25
9633,1088490.5
9634,832439.0625
9635,1275324.625
9636,1144873.25
9637,1338329.75
9638,1052211.5
9639,1436854.5
9640,1225353.375
9641,1129400.0
9642,927746.4375
9643,1172015.875
9644,1526966.25
9645,984218.9375
9646,1103495.125
9647,908280.0625
9648,1136988.75
9649,1103219.5
9650,1077896.875
9651,1090901.875
9652,1329968.125
9653,1200933.375
9654,1096597.375
9655,916879.375
9656,964315.75
9657,1046657.3125
9658,1068500.75
9659,1235612.875
9660,1273777.625
9661,893803.75
9662,1448995.125
9663,1232565.25
9664,1526640.25
9665,999313.8125
9666,988372.1875
9667,1246717.5
9668,1426255.25
9669,1185208.125
9670,1430129.0
9671,1588319.875
9672,1548028.125
9673,1334490.0
9674,1069673.0
9675,1152861.625
9676,1464882.0
9677,1362570.5
9678,1176061.5
9679,1215085.0
9680,1349110.75
9681,1733784.125
9682,1212657.625
9683,1308372.375
9684,1483211.25
9685,1314712.0
9686,923632.375
9687,1200354.875
9688,1127515.625
9689,991400.375
9690,832232.375
9691,1317393.75
9692,1080725.75
9693,875052.5
9694,985989.5625
9695,789186.875
9696,1258990.625
9697,668800.125
9698,1075018.375
9699,2132984.75
9700,808409.875
9701,1142305.75
9702,999453.8125
9703,1067389.5
9704,1250567.625
9705,1144746.75
9706,1604055.125
9707,1102290.375
9708,1182612.5
9709,1512412.875
9710,1243727.0
9711,1146788.125
9712,1206032.75
9713,1273101.625
9714,878806.25
9715,1078619.625
9716,1339901.625
9717,847673.1875
9718,1189117.375
9719,1059179.875
9720,1145358.0
9721,1155373.875
9722,1405551.75
9723,1277676.25
9724,1067138.0
9725,1082602.25
9726,1248469.0
9727,1145285.625
9728,803897.875
9729,1040734.125
9730,1111954.125
9731,928819.6875
9732,809834.25
9733,981434.125
9734,845587.125
9735,975322.1875
9736,1033337.5625
9737,1329068.375
9738,1100875.0
9739,1215717.25
9740,1046555.8125
9741,1390198.875
9742,1678566.5
9743,1090733.125
9744,1132011.625
9745,1265281.125
9746,1113380.5
9747,1174678.5
9748,1001036.5625
9749,1091173.875
9750,1121205.0
9751,983011.75
9752,1474033.75
9753,987450.1875
9754,1135522.75
9755,1476445.625
9756,1247414.625
9757,1581865.25
9758,1243693.875
9759,1302498.125
9760,1204644.125
9761,1197426.75
9762,1229841.25
9763,1873393.0
9764,1453794.875
9765,2080209.0
9766,1116023.375
9767,801197.5
9768,1321117.0
9769,1239739.0
9770,1603277.125
9771,1638181.375
9772,1482141.375
9773,1107810.625
9774,1208381.75
9775,1682962.375
9776,1069861.375
9777,925133.0625
9778,1344040.375
9779,893267.625
9780,726888.625
9781,1027817.25
9782,1055785.25
9783,840894.0625
9784,1009436.5625
9785,970642.0
9786,1495507.375
9787,987499.125
9788,1078490.875
9789,1082239.25
9790,809258.5
9791,874648.25
9792,1089932.375
9793,730299.5625
9794,1220378.625
9795,1268823.875
9796,1333173.125
9797,1071678.375
9798,1141715.125
9799,1088455.875
9800,1319212.125
9801,879884.3125
9802,1337762.375
9803,1221309.25
9804,1160707.625
9805,1403558.375
9806,748731.5
9807,1400097.25
9808,1251214.0
9809,970333.125
9810,1708426.125
9811,1046313.875
9812,1269002.125
9813,1055914.875
9814,880937.0
9815,1204020.5
9816,1104027.5
9817,1138773.0
9818,981682.375
9819,844052.375
9820,946955.625
9821,1139152.0
9822,1178604.375
9823,1259930.875
9824,1173300.625
9825,1393651.5
9826,1172660.875
9827,995774.0
9828,1132087.0
9829,1038631.25
9830,937056.9375
9831,1270707.25
9832,987866.75
9833,1025560.8125
9834,959603.4375
9835,748240.375
9836,1294528.25
9837,929264.9375
9838,798338.9375
9839,790558.6875
9840,878772.4375
9841,1071574.75
9842,888295.25
9843,700678.8125
9844,1154877.125
9845,635567.3125
9846,624754.1875
9847,953526.9375
9848,799778.875
9849,744046.375
9850,1056596.75
9851,624254.375
9852,726527.75
9853,797865.3125
9854,1074481.0
9855,930519.6875
9856,860282.1875
9857,857596.875
9858,1043254.0
9859,820197.375
9860,1660866.5
9861,1539851.25
9862,923761.4375
9863,1009505.1875
9864,708674.5
9865,1347043.375
9866,978065.875
9867,947152.4375
9868,997282.8125
9869,1041559.0625
9870,1085049.25
9871,930589.8125
9872,908932.625
9873,981004.0
9874,858629.6875
9875,861937.625
9876,900111.4375
9877,822642.625
9878,1305673.875
9879,1297452.25
9880,1114450.5
9881,875499.75
9882,1447307.125
9883,1051257.125
9884,1327382.625
9885,1009021.9375
9886,1066469.0
9887,1684084.25
9888,1152743.0
9889,1426902.375
9890,975959.5
9891,1232567.375
9892,1632562.875
9893,1624347.75
9894,993050.4375
9895,1134287.375
9896,1409795.0
9897,954207.3125
9898,1269888.625
9899,975315.5
9900,1094022.5
9901,942402.3125
9902,942788.4375
9903,1121452.75
9904,1417985.125
9905,1229123.5
9906,1252316.5
9907,906005.5625
9908,1537671.0
9909,1263534.75
9910,1637651.5
9911,947601.5
9912,1116289.75
9913,1030708.25
9914,1032608.75
9915,1141393.375
9916,1282250.625
9917,1251702.625
9918,1024601.0625
9919,1163163.25
9920,1235789.0
9921,1222945.25
9922,1017225.6875
9923,1029064.125
9924,1012616.8125
9925,1151286.5
9926,953782.0
9927,1234581.75
9928,951807.25
9929,724145.9375
9930,1151779.625
9931,1077703.875
9932,1277824.5
9933,1305306.5
9934,1281994.375
9935,824659.8125
9936,865913.75
9937,872596.9375
9938,1139355.125
9939,1284191.625
9940,941242.5625
9941,1561166.0
9942,952492.5625
9943,1235311.125
9944,839165.6875
9945,1529509.875
9946,998616.5
9947,1139006.75
9948,1785627.625
9949,1291700.0
9950,1339720.625
9951,2113999.25
9952,1220003.25
9953,1048175.9375
9954,1106557.75
9955,1103101.875
9956,931143.0625
9957,1185471.25
9958,1160171.5
9959,1068960.5
9960,1120714.0
9961,878002.0625
9962,1016777.1875
9963,887241.3125
9964,959735.3125
9965,1652802.125
9966,904644.375
9967,1068867.875
9968,1031931.875
9969,754529.75
9970,1226229.125
9971,866132.25
9972,1264318.625
9973,1562848.625
9974,1033367.375
9975,1125765.0
9976,1936952.375
9977,939132.875
9978,999815.625
9979,904291.625
9980,882367.1875
9981,1092652.125
9982,1226987.375
9983,900218.8125
9984,1352188.75
9985,962598.625
9986,1254896.875
9987,1258802.0
9988,983891.5
9989,967467.875
9990,1380176.875
9991,1565398.375
9992,721521.3125
9993,1015155.625
9994,1271462.5
9995,1416487.375
9996,1254214.25
9997,1457364.25
9998,1111416.25
9999,1074447.0
