Step,Value
0,0.3762941062450409
1,0.36820992827415466
2,0.20002326369285583
3,0.10000000149011612
4,0.19981567561626434
5,0.19439129531383514
6,0.1998170167207718
7,0.20001789927482605
8,0.1655261069536209
9,0.1998865008354187
10,0.20002353191375732
11,0.5093055367469788
12,0.10000000149011612
13,0.5415802001953125
14,0.10000000149011612
15,0.10293183475732803
16,0.10093709826469421
17,0.5030855536460876
18,0.2000177502632141
19,0.10000000149011612
20,0.5238544344902039
21,0.529225766658783
22,0.20002657175064087
23,0.19963045418262482
24,0.6002846956253052
25,0.6654973030090332
26,0.33149608969688416
27,0.19569210708141327
28,0.2132345587015152
29,0.20002099871635437
30,0.2189326137304306
31,0.1007612943649292
32,0.4359930157661438
33,0.19982045888900757
34,0.5645796060562134
35,0.10069283843040466
36,0.2000041902065277
37,0.26451534032821655
38,0.2844242453575134
39,0.11864408105611801
40,0.19996695220470428
41,0.49979662895202637
42,0.2019408941268921
43,0.19171099364757538
44,0.1250000298023224
45,0.6495406031608582
46,0.19982828199863434
47,0.613042414188385
48,0.10132427513599396
49,0.20000873506069183
50,0.19985365867614746
51,0.10000000149011612
52,0.16370254755020142
53,0.5705799460411072
54,0.20001797378063202
55,0.1010311022400856
56,0.2320321500301361
57,0.4807780086994171
58,0.09996107965707779
59,0.10000000149011612
60,0.24615445733070374
61,0.2974393963813782
62,0.20000587403774261
63,0.19994305074214935
64,0.10000000149011612
65,0.11614570766687393
66,0.19984212517738342
67,0.18564532697200775
68,0.1998443752527237
69,0.27378320693969727
70,0.09998556226491928
71,0.09997374564409256
72,0.19999389350414276
73,0.4444894790649414
74,0.19977355003356934
75,0.5277242660522461
76,0.28883764147758484
77,0.20053532719612122
78,0.20001472532749176
79,0.10000000149011612
80,0.10000000149011612
81,0.10000000149011612
82,0.2000286728143692
83,0.20069485902786255
84,0.2600315809249878
85,0.14641982316970825
86,0.20056991279125214
87,0.20000359416007996
88,0.11914894729852676
89,0.19997476041316986
90,0.20002080500125885
91,0.09997452795505524
92,0.1982661485671997
93,0.1784176081418991
94,0.2369910180568695
95,0.11102420091629028
96,0.5026975274085999
97,0.10000000149011612
98,0.10000000149011612
99,0.2572448253631592
100,0.49811220169067383
101,0.4570106267929077
102,0.20069555938243866
103,0.17650137841701508
104,0.21564151346683502
105,0.1999889761209488
106,0.5740346908569336
107,0.20003262162208557
108,0.57461017370224
109,0.099973164498806
110,0.10000000149011612
111,0.20001426339149475
112,0.2319372147321701
113,0.20001175999641418
114,0.2000221312046051
115,0.20001263916492462
116,0.19994977116584778
117,0.20003263652324677
118,0.10000000149011612
119,0.2000235915184021
120,0.2000216245651245
121,0.19998666644096375
122,0.20003484189510345
123,0.20001304149627686
124,0.10000000149011612
125,0.09996680915355682
126,0.2000216543674469
127,0.09996454417705536
128,0.10000000149011612
129,0.10000000149011612
130,0.10000000149011612
131,0.09993992745876312
132,0.10000000149011612
133,0.10000000149011612
134,0.10000000149011612
135,0.10000000149011612
136,0.09996107965707779
137,0.10000000149011612
138,0.10000000149011612
139,0.0999649316072464
140,0.09996358305215836
141,0.10000000149011612
142,0.0999869629740715
143,0.10000000149011612
144,0.09996412694454193
145,0.276635080575943
146,0.10000000149011612
147,0.09997428953647614
148,0.09998685121536255
149,0.09997451305389404
150,0.20003251731395721
151,0.1999988555908203
152,0.10000000149011612
153,0.10000000149011612
154,0.4168151021003723
155,0.10131833702325821
156,0.5316970348358154
157,0.49789416790008545
158,0.10000000149011612
159,0.10000000149011612
160,0.10000000149011612
161,0.10000000149011612
162,0.2000347226858139
163,0.10000000149011612
164,0.09696970134973526
165,0.10000000149011612
166,0.10000000149011612
167,0.10000000149011612
168,0.10000000149011612
169,0.10486560314893723
170,0.10000000149011612
171,0.10000000149011612
172,0.10000000149011612
173,0.10000000149011612
174,0.10000000149011612
175,0.10000000149011612
176,0.09795918315649033
177,0.10000000149011612
178,0.10000000149011612
179,0.10000000149011612
180,0.10000000149011612
181,0.10000000149011612
182,0.10000000149011612
183,0.19990743696689606
184,0.10000000149011612
185,0.1980937123298645
186,0.10000000149011612
187,0.10000000149011612
188,0.10000000149011612
189,0.10000000149011612
190,0.09848485141992569
191,0.10000000149011612
192,0.10000000149011612
193,0.5930806398391724
194,0.10000000149011612
195,0.19992129504680634
196,0.10000000149011612
197,0.19997258484363556
198,0.10000000149011612
199,0.09996028989553452
200,0.19072315096855164
201,0.19666512310504913
202,0.09996383637189865
203,0.3154485821723938
204,0.20003411173820496
205,0.6590620279312134
206,0.2000153362751007
207,0.19807879626750946
208,0.19257646799087524
209,0.17728230357170105
210,0.19632425904273987
211,0.19972123205661774
212,0.1422223597764969
213,0.199912428855896
214,0.16097651422023773
215,0.10061466693878174
216,0.5553333759307861
217,0.19800250232219696
218,0.20002080500125885
219,0.09977925568819046
220,0.10000000149011612
221,0.10000000149011612
222,0.10000000149011612
223,0.10000000149011612
224,0.10000000149011612
225,0.10000000149011612
226,0.10000000149011612
227,0.10000000149011612
228,0.10000000149011612
229,0.10000000149011612
230,0.10000000149011612
231,0.10000000149011612
232,0.10000000149011612
233,0.10000000149011612
234,0.10000000149011612
235,0.10000000149011612
236,0.09980988502502441
237,0.10000000149011612
238,0.09980430454015732
239,0.10000000149011612
240,0.10000000149011612
241,0.10000000149011612
242,0.19959720969200134
243,0.10000000149011612
244,0.09981238842010498
245,0.10000000149011612
246,0.09980694949626923
247,0.10000000149011612
248,0.10000000149011612
249,0.10000000149011612
250,0.10000000149011612
251,0.10000000149011612
252,0.10000000149011612
253,0.10000000149011612
254,0.10000000149011612
255,0.10000000149011612
256,0.15524068474769592
257,0.09979253262281418
258,0.10000000149011612
259,0.0997844859957695
260,0.09957265108823776
261,0.10000000149011612
262,0.10000000149011612
263,0.10000000149011612
264,0.10000000149011612
265,0.10000000149011612
266,0.17033809423446655
267,0.10000000149011612
268,0.3718789517879486
269,0.09979166835546494
270,0.10000000149011612
271,0.10000000149011612
272,0.46327680349349976
273,0.10000000149011612
274,0.2166540026664734
275,0.28546804189682007
276,0.5001062154769897
277,0.500386655330658
278,0.5033369064331055
279,0.5027876496315002
280,0.5071551203727722
281,0.5043526887893677
282,0.5017809867858887
283,0.4990711510181427
284,0.5030907988548279
285,0.5034976005554199
286,0.49802982807159424
287,0.5056068301200867
288,0.5056225657463074
289,0.5039318799972534
290,0.5077477097511292
291,0.5076996088027954
292,0.5063547492027283
293,0.5059080719947815
294,0.5060846209526062
295,0.5089287757873535
296,0.5067028999328613
297,0.5037686824798584
298,0.5046947002410889
299,0.501380980014801
300,0.5022672414779663
301,0.5007745623588562
302,0.51009202003479
303,0.509830117225647
304,0.5091404914855957
305,0.5112143158912659
306,0.5141828656196594
307,0.511962890625
308,0.5112878084182739
309,0.5124012231826782
310,0.5115026235580444
311,0.5128011107444763
312,0.5099887251853943
313,0.5087767839431763
314,0.5074462890625
315,0.5078065395355225
316,0.5075300335884094
317,0.5066261291503906
318,0.5043029189109802
319,0.49677178263664246
320,0.5059130787849426
321,0.5072475075721741
322,0.5052553415298462
323,0.5050787925720215
324,0.5040785670280457
325,0.506059467792511
326,0.5102174282073975
327,0.5084015130996704
328,0.5037811994552612
329,0.5037453174591064
330,0.5027621984481812
331,0.5024397373199463
332,0.4976601004600525
333,0.5073164701461792
334,0.507270872592926
335,0.5044330954551697
336,0.5059722661972046
337,0.5028359889984131
338,0.5117391347885132
339,0.5054290294647217
340,0.5029553771018982
341,0.5123021602630615
342,0.5044398307800293
343,0.506576657295227
344,0.5031141042709351
345,0.50445157289505
346,0.5055826306343079
347,0.5050615072250366
348,0.49384528398513794
349,0.5040302872657776
350,0.5072499513626099
351,0.504176676273346
352,0.5061432123184204
353,0.5046467185020447
354,0.509633481502533
355,0.4896637499332428
356,0.508483350276947
357,0.5073419213294983
358,0.5061874389648438
359,0.504939615726471
360,0.5117064118385315
361,0.5056121349334717
362,0.5041365027427673
363,0.49199292063713074
364,0.5002288222312927
365,0.4514566659927368
366,0.5011339783668518
367,0.5022189617156982
368,0.5080773234367371
369,0.5022810697555542
370,0.5024624466896057
371,0.5029613971710205
372,0.497493177652359
373,0.5006358027458191
374,0.4977419376373291
375,0.50156170129776
376,0.49758878350257874
377,0.49951261281967163
378,0.4972243309020996
379,0.4983940124511719
380,0.4974372982978821
381,0.49678272008895874
382,0.49924561381340027
383,0.49787700176239014
384,0.500240683555603
385,0.49829691648483276
386,0.5017830729484558
387,0.5033811330795288
388,0.5050244927406311
389,0.5092946887016296
390,0.5040963888168335
391,0.5038228631019592
392,0.503426730632782
393,0.5018987655639648
394,0.5038264393806458
395,0.5033984184265137
396,0.5042148232460022
397,0.5045163631439209
398,0.507511556148529
399,0.5067515969276428
400,0.5029057264328003
401,0.5066553950309753
402,0.5039262771606445
403,0.5044943690299988
404,0.5037797689437866
405,0.5013017654418945
406,0.5019297003746033
407,0.49980878829956055
408,0.49973419308662415
409,0.5008478760719299
410,0.5029334425926208
411,0.501581072807312
412,0.5032256245613098
413,0.501566469669342
414,0.5038031339645386
415,0.5019444227218628
416,0.49986740946769714
417,0.4999936521053314
418,0.501110851764679
419,0.5014000535011292
420,0.5027933120727539
421,0.503710150718689
422,0.500717043876648
423,0.500699520111084
424,0.5016312599182129
425,0.5015616416931152
426,0.5050955414772034
427,0.5074846148490906
428,0.5100208520889282
429,0.5135658383369446
430,0.49751970171928406
431,0.5084036588668823
432,0.5293304920196533
433,0.5086997151374817
434,0.5094231963157654
435,0.5061168670654297
436,0.5053940415382385
437,0.5061830878257751
438,0.503484845161438
439,0.5267160534858704
440,0.5039786100387573
441,0.5064433813095093
442,0.5083809494972229
443,0.5055699944496155
444,0.5057205557823181
445,0.5149513483047485
446,0.5041820406913757
447,0.5073440670967102
448,0.5068344473838806
449,0.49954453110694885
450,0.5074172019958496
451,0.509882926940918
452,0.508895754814148
453,0.5068032741546631
454,0.5122894048690796
455,0.5148888230323792
456,0.5144005417823792
457,0.5204672813415527
458,0.5176248550415039
459,0.5125979781150818
460,0.5112542510032654
461,0.5106706023216248
462,0.5077618956565857
463,0.48660123348236084
464,0.5051215291023254
465,0.504209578037262
466,0.5028156042098999
467,0.503285825252533
468,0.5039270520210266
469,0.5120083093643188
470,0.5011534094810486
471,0.5022512078285217
472,0.5017493367195129
473,0.5006296634674072
474,0.5010275840759277
475,0.4929966330528259
476,0.4978942573070526
477,0.5041781663894653
478,0.4976872503757477
479,0.5245222449302673
480,0.5038588643074036
481,0.5093057751655579
482,0.5079158544540405
483,0.5081287026405334
484,0.5068736672401428
485,0.5053879618644714
486,0.5065828561782837
487,0.5064982175827026
488,0.5337889194488525
489,0.5042364001274109
490,0.5030132532119751
491,0.5058876276016235
492,0.5066626667976379
493,0.5049468874931335
494,0.5145866274833679
495,0.5065619945526123
496,0.5090160369873047
497,0.5077508687973022
498,0.4933512508869171
499,0.506146252155304
500,0.5090042948722839
501,0.512622058391571
502,0.5191932916641235
503,0.5943918228149414
504,0.5069273114204407
505,0.5058804154396057
506,0.5075693130493164
507,0.5068232417106628
508,0.5303551554679871
509,0.5216220617294312
510,0.5018051266670227
511,0.4999183416366577
512,0.5007548928260803
513,0.48764434456825256
514,0.5033327341079712
515,0.5058161020278931
516,0.5053086876869202
517,0.5033857226371765
518,0.5233171582221985
519,0.506510853767395
520,0.5052050352096558
521,0.5040876865386963
522,0.5100756287574768
523,0.5051292181015015
524,0.504820704460144
525,0.5114364624023438
526,0.5051235556602478
527,0.5053888559341431
528,0.5043339729309082
529,0.5061450004577637
530,0.5051401853561401
531,0.5049276947975159
532,0.5023323893547058
533,0.5021626949310303
534,0.5020201802253723
535,0.5011566877365112
536,0.4910234212875366
537,0.5022677183151245
538,0.4993963837623596
539,0.498863160610199
540,0.4958486258983612
541,0.4948889911174774
542,0.4999855160713196
543,0.49678143858909607
544,0.49551922082901
545,0.49903416633605957
546,0.49815234541893005
547,0.5004710555076599
548,0.5004134178161621
549,0.5082705020904541
550,0.49989017844200134
551,0.49762874841690063
552,0.49820032715797424
553,0.496219277381897
554,0.49768176674842834
555,0.5017203688621521
556,0.497812956571579
557,0.5193100571632385
558,0.5016160607337952
559,0.4997570216655731
560,0.5009209513664246
561,0.49977365136146545
562,0.5036854147911072
563,0.49899888038635254
564,0.5025426149368286
565,0.4985848069190979
566,0.49775949120521545
567,0.5223049521446228
568,0.4997153878211975
569,0.49905312061309814
570,0.50128173828125
571,0.5031295418739319
572,0.5000346899032593
573,0.499582976102829
574,0.5027256011962891
575,0.4977540373802185
576,0.4985498785972595
577,0.5006977915763855
578,0.5010939240455627
579,0.5012069344520569
580,0.5115312337875366
581,0.5017614960670471
582,0.501239001750946
583,0.5013552308082581
584,0.5083210468292236
585,0.5086700320243835
586,0.5166940689086914
587,0.5063858032226562
588,0.5079168677330017
589,0.5393959879875183
590,0.5107582211494446
591,0.5096233487129211
592,0.4087146818637848
593,0.5085833072662354
594,0.5063279271125793
595,0.5081672668457031
596,0.5053990483283997
597,0.5062241554260254
598,0.5194697380065918
599,0.506534993648529
600,0.5053122639656067
601,0.5045040845870972
602,0.5051634907722473
603,0.5022581815719604
604,0.5027236342430115
605,0.5020565986633301
606,0.5019940137863159
607,0.5010269284248352
608,0.5047001242637634
609,0.5030164122581482
610,0.49497169256210327
611,0.5121865272521973
612,0.5249384641647339
613,0.5294771790504456
614,0.5110754370689392
615,0.5144650340080261
616,0.5164364576339722
617,0.5153679251670837
618,0.5149948596954346
619,0.5162360072135925
620,0.5136838555335999
621,0.51418536901474
622,0.512541651725769
623,0.5127713680267334
624,0.5100933909416199
625,0.5113866329193115
626,0.49495241045951843
627,0.5086851119995117
628,0.5092325806617737
629,0.508126437664032
630,0.5113732218742371
631,0.5082510113716125
632,0.5103132724761963
633,0.510201632976532
634,0.5070251822471619
635,0.5076265931129456
636,0.5058262944221497
637,0.5069723725318909
638,0.5053977966308594
639,0.5226244926452637
640,0.5048210024833679
641,0.5080451965332031
642,0.5075823068618774
643,0.5028836131095886
644,0.5104259252548218
645,0.5072057247161865
646,0.5237999558448792
647,0.5078717470169067
648,0.5025608539581299
649,0.5028233528137207
650,0.49980300664901733
651,0.5036926865577698
652,0.5028607845306396
653,0.4875985085964203
654,0.5053070783615112
655,0.503048300743103
656,0.4923133850097656
657,0.5054599642753601
658,0.5026825666427612
659,0.5070477724075317
660,0.5086237788200378
661,0.5087699294090271
662,0.5075265765190125
663,0.5064942836761475
664,0.5042920112609863
665,0.504291832447052
666,0.5026341676712036
667,0.5015434622764587
668,0.5005922913551331
669,0.49833858013153076
670,0.4976083040237427
671,0.49524685740470886
672,0.4988088309764862
673,0.49897301197052
674,0.5032899379730225
675,0.5007597804069519
676,0.4998028576374054
677,0.5123050212860107
678,0.5016776323318481
679,0.504676878452301
680,0.5069378018379211
681,0.5130434632301331
682,0.5080726146697998
683,0.4730290472507477
684,0.5032459497451782
685,0.5210384130477905
686,0.502388060092926
687,0.5042627453804016
688,0.5013531446456909
689,0.4867474436759949
690,0.49854612350463867
691,0.49692028760910034
692,0.49820974469184875
693,0.49611514806747437
694,0.4962863326072693
695,0.4969433546066284
696,0.541070818901062
697,0.4954327940940857
698,0.49471336603164673
699,0.4786459505558014
700,0.4992162585258484
701,0.49957937002182007
702,0.4982911944389343
703,0.4994533956050873
704,0.49826398491859436
705,0.5012248158454895
706,0.5033658742904663
707,0.5026477575302124
708,0.5145257711410522
709,0.48181861639022827
710,0.5047886967658997
711,0.4959472417831421
712,0.5083335041999817
713,0.5043247938156128
714,0.49750515818595886
715,0.4965745806694031
716,0.5031248331069946
717,0.5012934803962708
718,0.5022394061088562
719,0.5040356516838074
720,0.5038694143295288
721,0.5020256638526917
722,0.5038610696792603
723,0.5014530420303345
724,0.5065223574638367
725,0.5076195001602173
726,0.5053057074546814
727,0.5041450262069702
728,0.5028085112571716
729,0.5036413073539734
730,0.5039052963256836
731,0.503487229347229
732,0.5053085684776306
733,0.5014656782150269
734,0.5007497072219849
735,0.5019557476043701
736,0.502017080783844
737,0.5746989846229553
738,0.4996322691440582
739,0.4982227385044098
740,0.3221137523651123
741,0.49694979190826416
742,0.4999147951602936
743,0.49750834703445435
744,0.5011776685714722
745,0.501555860042572
746,0.5030395984649658
747,0.5133483409881592
748,0.5080118775367737
749,0.49999159574508667
750,0.5050752758979797
751,0.5047671794891357
752,0.6230154633522034
753,0.502610981464386
754,0.5226229429244995
755,0.5179151296615601
756,0.5510503649711609
757,0.5000714659690857
758,0.49917909502983093
759,0.4977877140045166
760,0.4974421262741089
761,0.49737367033958435
762,0.49368706345558167
763,0.4971184730529785
764,0.5543845891952515
765,0.49724632501602173
766,0.49806585907936096
767,0.49796077609062195
768,0.4964558780193329
769,0.5125632882118225
770,0.49946701526641846
771,0.4979912042617798
772,0.5160247087478638
773,0.4968297779560089
774,0.49704962968826294
775,0.4967707693576813
776,0.49778926372528076
777,0.495856374502182
778,0.4984178841114044
779,0.4970175623893738
780,0.49718230962753296
781,0.49568408727645874
782,0.5008256435394287
783,0.4944556653499603
784,0.5084845423698425
785,0.4943147599697113
786,0.4960390627384186
787,0.497558057308197
788,0.4967871308326721
789,0.4957509934902191
790,0.5432908535003662
791,0.5038741230964661
792,0.5108451247215271
793,0.5118592381477356
794,0.5015742182731628
795,0.5018516182899475
796,0.5091587901115417
797,0.5016261339187622
798,0.502375602722168
799,0.5025632977485657
800,0.5059711933135986
801,0.5053789019584656
802,0.5047744512557983
803,0.5048324465751648
804,0.5047028660774231
805,0.5079928636550903
806,0.5037869215011597
807,0.4827154576778412
808,0.5016396641731262
809,0.5240554213523865
810,0.49962908029556274
811,0.5056725740432739
812,0.5034746527671814
813,0.5054886341094971
814,0.5040967464447021
815,0.5032572150230408
816,0.5039734244346619
817,0.5051468014717102
818,0.5016423463821411
819,0.50485759973526
820,0.5057210922241211
821,0.5057076811790466
822,0.5081096887588501
823,0.5072214603424072
824,0.5060591697692871
825,0.5067638754844666
826,0.5062661170959473
827,0.5036526322364807
828,0.5053932666778564
829,0.5129034519195557
830,0.5062392354011536
831,0.5092198252677917
832,0.508557140827179
833,0.508955717086792
834,0.5108422636985779
835,0.4875243604183197
836,0.5122872591018677
837,0.5095580816268921
838,0.5050029754638672
839,0.4959709942340851
840,0.5060632824897766
841,0.5046511292457581
842,0.5063784122467041
843,0.5047707557678223
844,0.5040580630302429
845,0.5052891969680786
846,0.5042504072189331
847,0.502434253692627
848,0.5033429265022278
849,0.5048738718032837
850,0.503807008266449
851,0.5017254948616028
852,0.5023956894874573
853,0.5008441805839539
854,0.5007122755050659
855,0.5003602504730225
856,0.5025686025619507
857,0.5016646981239319
858,0.5026154518127441
859,0.5046900510787964
860,0.489236056804657
861,0.5036785006523132
862,0.503913164138794
863,0.5005773901939392
864,0.5015974640846252
865,0.5044378042221069
866,0.5029065608978271
867,0.502717137336731
868,0.5044200420379639
869,0.5031217932701111
870,0.5192715525627136
871,0.5020161271095276
872,0.5054395794868469
873,0.5082166790962219
874,0.5057060718536377
875,0.5101425647735596
876,0.5048941969871521
877,0.5047885179519653
878,0.5070306062698364
879,0.5061326622962952
880,0.506893515586853
881,0.5003774166107178
882,0.5039024949073792
883,0.5038048028945923
884,0.5108538269996643
885,0.5026196241378784
886,0.4994871914386749
887,0.4979025721549988
888,0.5050778388977051
889,0.5355904698371887
890,0.5002244114875793
891,0.5235235095024109
892,0.49998804926872253
893,0.4994160830974579
894,0.4955247640609741
895,0.4994446933269501
896,0.496168851852417
897,0.4982890486717224
898,0.4943998456001282
899,0.49786892533302307
900,0.49810299277305603
901,0.4957326650619507
902,0.5000420808792114
903,0.5036756992340088
904,0.4997962713241577
905,0.5024673342704773
906,0.506041944026947
907,0.5025679469108582
908,0.49389714002609253
909,0.5093668103218079
910,0.5047628879547119
911,0.5050878524780273
912,0.5027845501899719
913,0.521251380443573
914,0.502967357635498
915,0.504077136516571
916,0.5034911036491394
917,0.5041950941085815
918,0.5014117360115051
919,0.5042539238929749
920,0.504443883895874
921,0.5062825679779053
922,0.5071054100990295
923,0.5077897906303406
924,0.5062759518623352
925,0.5070900917053223
926,0.5194146633148193
927,0.5069583058357239
928,0.5061786770820618
929,0.5042423009872437
930,0.5038013458251953
931,0.5018210411071777
932,0.5029113292694092
933,0.503009557723999
934,0.5046494603157043
935,0.49389612674713135
936,0.50630122423172
937,0.5445812344551086
938,0.503311812877655
939,0.5077072978019714
940,0.5277705192565918
941,0.5327711701393127
942,0.49714747071266174
943,0.5032688975334167
944,0.5033791661262512
945,0.5062132477760315
946,0.5026728510856628
947,0.5514001846313477
948,0.5084105134010315
949,0.5061074495315552
950,0.5157707333564758
951,0.5239934325218201
952,0.4683469533920288
953,0.5115523338317871
954,0.5782567858695984
955,0.511689305305481
956,0.5080721974372864
957,0.5076646208763123
958,0.5102229714393616
959,0.509178876876831
960,0.5069703459739685
961,0.5043781995773315
962,0.5044137835502625
963,0.5042027831077576
964,0.5040956735610962
965,0.502693772315979
966,0.5037515163421631
967,0.4866574704647064
968,0.4781603217124939
969,0.5222193598747253
970,0.5057578086853027
971,0.5227526426315308
972,0.5068773031234741
973,0.5066498517990112
974,0.48857223987579346
975,0.5140111446380615
976,0.5198873281478882
977,0.5016111135482788
978,0.5080326199531555
979,0.5058102011680603
980,0.5049309730529785
981,0.5079259872436523
982,0.5164060592651367
983,0.5237865447998047
984,0.5233098864555359
985,0.5090759992599487
986,0.5646551847457886
987,0.5076661705970764
988,0.5048062801361084
989,0.5066488981246948
990,0.5037646293640137
991,0.5047335624694824
992,0.5034360885620117
993,0.5032184720039368
994,0.5038098692893982
995,0.5062856674194336
996,0.5204043388366699
997,0.5096118450164795
998,0.5070292353630066
999,0.5095263123512268
1000,0.5083675980567932
1001,0.5048246383666992
1002,0.5050640106201172
1003,0.5029170513153076
1004,0.5059047341346741
1005,0.5053388476371765
1006,0.5113538503646851
1007,0.5035767555236816
1008,0.5049997568130493
1009,0.5044832825660706
1010,0.5091962218284607
1011,0.5311334729194641
1012,0.4988442659378052
1013,0.5041034817695618
1014,0.5119481086730957
1015,0.5139036774635315
1016,0.5058457255363464
1017,0.4952846169471741
1018,0.5048986673355103
1019,0.49643370509147644
1020,0.504237711429596
1021,0.5047835111618042
1022,0.5072634220123291
1023,0.5092907547950745
1024,0.5079438090324402
1025,0.5083686709403992
1026,0.5048781037330627
1027,0.5234526991844177
1028,0.5125573873519897
1029,0.5114649534225464
1030,0.5185927152633667
1031,0.5168824791908264
1032,0.49655091762542725
1033,0.5071315169334412
1034,0.5063316822052002
1035,0.5123286843299866
1036,0.5017008185386658
1037,0.5047299861907959
1038,0.5003358125686646
1039,0.5045525431632996
1040,0.5063097476959229
1041,0.5058398842811584
1042,0.5062231421470642
1043,0.5061541795730591
1044,0.5095996260643005
1045,0.5562544465065002
1046,0.5111638903617859
1047,0.5098128914833069
1048,0.5103073716163635
1049,0.5109236240386963
1050,0.5130895376205444
1051,0.5002674460411072
1052,0.4891563653945923
1053,0.34204402565956116
1054,0.39376941323280334
1055,0.4962094724178314
1056,0.5009154677391052
1057,0.5100829601287842
1058,0.5057898759841919
1059,0.5042213797569275
1060,0.5050830841064453
1061,0.5038788914680481
1062,0.5154501795768738
1063,0.5312821269035339
1064,0.5021865367889404
1065,0.5014795064926147
1066,0.5034372210502625
1067,0.5026656985282898
1068,0.5180849432945251
1069,0.5026130676269531
1070,0.5019642114639282
1071,0.5036125779151917
1072,0.5057632923126221
1073,0.5116794109344482
1074,0.5170685648918152
1075,0.5208724141120911
1076,0.5822887420654297
1077,0.5422448515892029
1078,0.5072394609451294
1079,0.5216189026832581
1080,0.5279021859169006
1081,0.5097196698188782
1082,0.5067551136016846
1083,0.5071163773536682
1084,0.506463885307312
1085,0.5051429271697998
1086,0.5061330795288086
1087,0.5032874345779419
1088,0.504996120929718
1089,0.5031625628471375
1090,0.5034137964248657
1091,0.50626540184021
1092,0.5029657483100891
1093,0.5209888815879822
1094,0.5013548731803894
1095,0.5002997517585754
1096,0.5077232122421265
1097,0.5024173855781555
1098,0.5007421374320984
1099,0.4995328187942505
1100,0.49935564398765564
1101,0.5013996362686157
1102,0.5017501711845398
1103,0.4980544447898865
1104,0.5012034177780151
1105,0.5030288696289062
1106,0.5035788416862488
1107,0.5017604827880859
1108,0.5057845115661621
1109,0.5004804134368896
1110,0.4830407500267029
1111,0.4990147650241852
1112,0.5063598155975342
1113,0.5014750957489014
1114,0.5042233467102051
1115,0.5069852471351624
1116,0.5101840496063232
1117,0.4914276599884033
1118,0.4697871208190918
1119,0.5097594857215881
1120,0.5119749903678894
1121,0.508382260799408
1122,0.5065554976463318
1123,0.506275475025177
1124,0.5213189125061035
1125,0.5056691765785217
1126,0.5053396821022034
1127,0.5067279934883118
1128,0.5056653022766113
1129,0.5230116844177246
1130,0.5082303881645203
1131,0.5074148178100586
1132,0.5058180689811707
1133,0.5048668384552002
1134,0.5050479769706726
1135,0.5047183036804199
1136,0.5077836513519287
1137,0.5048315525054932
1138,0.5064860582351685
1139,0.5056619048118591
1140,0.5087312459945679
1141,0.5031753182411194
1142,0.5053557753562927
1143,0.5070523023605347
1144,0.49814078211784363
1145,0.49951696395874023
1146,0.514193594455719
1147,0.5161707997322083
1148,0.5144497752189636
1149,0.5128970742225647
1150,0.5138320326805115
1151,0.5143967866897583
1152,0.5123801827430725
1153,0.5129854083061218
1154,0.5156135559082031
1155,0.5163227319717407
1156,0.5124577283859253
1157,0.5136721730232239
1158,0.5044575929641724
1159,0.5136668086051941
1160,0.5074788928031921
1161,0.5100073218345642
1162,0.5110710859298706
1163,0.5259624123573303
1164,0.5133259296417236
1165,0.4978850781917572
1166,0.5112634301185608
1167,0.5063084363937378
1168,0.5106342434883118
1169,0.5009948015213013
1170,0.5149151086807251
1171,0.5405360460281372
1172,0.5185672640800476
1173,0.5102916955947876
1174,0.5082504749298096
1175,0.5170949101448059
1176,0.5114120841026306
1177,0.5105314254760742
1178,0.5024093985557556
1179,0.510721743106842
1180,0.509075939655304
1181,0.5113626718521118
1182,0.5190188884735107
1183,0.5067195892333984
1184,0.5305727124214172
1185,0.4932725727558136
1186,0.5049723386764526
1187,0.5044859051704407
1188,0.5014145374298096
1189,0.6162562966346741
1190,0.5114969611167908
1191,0.5090360045433044
1192,0.543268620967865
1193,0.5031658411026001
1194,0.5041081309318542
1195,0.5039536356925964
1196,0.5203341841697693
1197,0.5048032402992249
1198,0.5231421589851379
1199,0.5032415986061096
1200,0.506153404712677
1201,0.5098057389259338
1202,0.5081324577331543
1203,0.5096920132637024
1204,0.5097910165786743
1205,0.5090160369873047
1206,0.5089706182479858
1207,0.5084794759750366
1208,0.5101750493049622
1209,0.48661375045776367
1210,0.5126703381538391
1211,0.4937865734100342
1212,0.508073091506958
1213,0.5065246820449829
1214,0.5044068098068237
1215,0.5036768317222595
1216,0.4987765848636627
1217,0.5040444135665894
1218,0.5006680488586426
1219,0.49902623891830444
1220,0.49855321645736694
1221,0.5004347562789917
1222,0.4997980296611786
1223,0.5035898089408875
1224,0.5018343925476074
1225,0.4993736147880554
1226,0.5013198256492615
1227,0.5006329417228699
1228,0.5025598406791687
1229,0.5039994120597839
1230,0.5053915977478027
1231,0.5030401349067688
1232,0.5025641322135925
1233,0.500646710395813
1234,0.4763578474521637
1235,0.49907994270324707
1236,0.49820366501808167
1237,0.49819278717041016
1238,0.5016869902610779
1239,0.4961946904659271
1240,0.4997308850288391
1241,0.4892602264881134
1242,0.497470885515213
1243,0.49682286381721497
1244,0.49600303173065186
1245,0.49686405062675476
1246,0.49723362922668457
1247,0.5016195178031921
1248,0.5008055567741394
1249,0.5020327568054199
1250,0.5024279356002808
1251,0.5046147108078003
1252,0.5036489963531494
1253,0.5058661103248596
1254,0.5023404955863953
1255,0.5014665722846985
1256,0.5005854964256287
1257,0.4980636537075043
1258,0.4985920786857605
1259,0.5017615556716919
1260,0.49993014335632324
1261,0.5011001825332642
1262,0.5006596446037292
1263,0.5020602345466614
1264,0.5033083558082581
1265,0.5033755898475647
1266,0.505801796913147
1267,0.5141050219535828
1268,0.5047101974487305
1269,0.5063113570213318
1270,0.5591117739677429
1271,0.5126255750656128
1272,0.5022671222686768
1273,0.5003179311752319
1274,0.5056317448616028
1275,0.5184770822525024
1276,0.5257917046546936
1277,0.5036969184875488
1278,0.5448971390724182
1279,0.5050660967826843
1280,0.5033783316612244
1281,0.514544665813446
1282,0.508534848690033
1283,0.5077643394470215
1284,0.5098601579666138
1285,0.5086327791213989
1286,0.5071249008178711
1287,0.5029211044311523
1288,0.5068281292915344
1289,0.5048320293426514
1290,0.5044386982917786
1291,0.5030440092086792
1292,0.5018829107284546
1293,0.5028672218322754
1294,0.5004147887229919
1295,0.4908483326435089
1296,0.5037298798561096
1297,0.504302442073822
1298,0.4845527112483978
1299,0.5115028619766235
1300,0.5029534697532654
1301,0.5048750638961792
1302,0.5042920708656311
1303,0.506013810634613
1304,0.5033426880836487
1305,0.5015934109687805
1306,0.5025144219398499
1307,0.5014936923980713
1308,0.5004360675811768
1309,0.5042101740837097
1310,0.5120401382446289
1311,0.5016946196556091
1312,0.5038418173789978
1313,0.5024068355560303
1314,0.5140947699546814
1315,0.5056764483451843
1316,0.5088762640953064
1317,0.5209651589393616
1318,0.5093382596969604
1319,0.5095535516738892
1320,0.4958944320678711
1321,0.5090123414993286
1322,0.5096644163131714
1323,0.5112505555152893
1324,0.5093775987625122
1325,0.5109404921531677
1326,0.5101285576820374
1327,0.5080639719963074
1328,0.5109156370162964
1329,0.5120652914047241
1330,0.5035067200660706
1331,0.5095127820968628
1332,0.5083362460136414
1333,0.510222852230072
1334,0.5081221461296082
1335,0.4972468316555023
1336,0.5060998797416687
1337,0.5066181421279907
1338,0.4752219319343567
1339,0.5040170550346375
1340,0.5040917992591858
1341,0.5029593706130981
1342,0.5052962899208069
1343,0.5354848504066467
1344,0.5100585222244263
1345,0.5115880370140076
1346,0.5132380127906799
1347,0.5136221647262573
1348,0.5124515295028687
1349,0.500984251499176
1350,0.5120347142219543
1351,0.5095750689506531
1352,0.5065637230873108
1353,0.5110723972320557
1354,0.5070986151695251
1355,0.5034736394882202
1356,0.5039894580841064
1357,0.5073821544647217
1358,0.5082912445068359
1359,0.506267249584198
1360,0.5077279806137085
1361,0.5059439539909363
1362,0.5106405019760132
1363,0.5432448387145996
1364,0.5151668787002563
1365,0.5085251331329346
1366,0.516496479511261
1367,0.5115057826042175
1368,0.506556510925293
1369,0.5607897043228149
1370,0.5142484903335571
1371,0.5261606574058533
1372,0.5059483051300049
1373,0.5185745358467102
1374,0.5056020617485046
1375,0.5289870500564575
1376,0.5697187781333923
1377,0.5019722580909729
1378,0.5033420920372009
1379,0.656683087348938
1380,0.5889209508895874
1381,0.5199958682060242
1382,0.5041730999946594
1383,0.5062607526779175
1384,0.5342910289764404
1385,0.503471314907074
1386,0.508759081363678
1387,0.5082379579544067
1388,0.5135695934295654
1389,0.5016484260559082
1390,0.5190858244895935
1391,0.5110880732536316
1392,0.5245230793952942
1393,0.5083121657371521
1394,0.5046146512031555
1395,0.5078487992286682
1396,0.506496250629425
1397,0.5032831430435181
1398,0.5033748149871826
1399,0.5057188868522644
1400,0.5066681504249573
1401,0.5084955096244812
1402,0.5090153813362122
1403,0.5182023644447327
1404,0.5113976001739502
1405,0.5088657736778259
1406,0.5084302425384521
1407,0.5080687999725342
1408,0.5123741626739502
1409,0.5040068030357361
1410,0.4940859377384186
1411,0.4995175302028656
1412,0.574110209941864
1413,0.4996413290500641
1414,0.514481782913208
1415,0.4984937906265259
1416,0.5031450390815735
1417,0.5927602648735046
1418,0.5800021886825562
1419,0.5185322165489197
1420,0.5030426383018494
1421,0.503487765789032
1422,0.5122339129447937
1423,0.5049968361854553
1424,0.5017595291137695
1425,0.4578542411327362
1426,0.46372517943382263
1427,0.5003267526626587
1428,0.5000880360603333
1429,0.48666977882385254
1430,0.470048189163208
1431,0.4969598650932312
1432,0.4975711703300476
1433,0.49141329526901245
1434,0.49975255131721497
1435,0.48790106177330017
1436,0.5055891871452332
1437,0.5006546974182129
1438,0.4810328185558319
1439,0.5008808374404907
1440,0.49911928176879883
1441,0.49119535088539124
1442,0.4976319670677185
1443,0.49667689204216003
1444,0.4954462945461273
1445,0.49593615531921387
1446,0.49395883083343506
1447,0.49586808681488037
1448,0.49500641226768494
1449,0.49599575996398926
1450,0.49768000841140747
1451,0.4978178143501282
1452,0.4971538782119751
1453,0.4964178800582886
1454,0.49732211232185364
1455,0.49637725949287415
1456,0.4950445890426636
1457,0.49903371930122375
1458,0.49943289160728455
1459,0.5076197981834412
1460,0.5145566463470459
1461,0.500882625579834
1462,0.49880582094192505
1463,0.49779975414276123
1464,0.5298500657081604
1465,0.4992624819278717
1466,0.5207746624946594
1467,0.5907443761825562
1468,0.5170772075653076
1469,0.5013941526412964
1470,0.5038418769836426
1471,0.5476938486099243
1472,0.500544548034668
1473,0.5018121004104614
1474,0.5014984011650085
1475,0.5047721862792969
1476,0.5018749237060547
1477,0.49088093638420105
1478,0.5018299221992493
1479,0.5030342936515808
1480,0.5225763320922852
1481,0.5030319690704346
1482,0.5031631588935852
1483,0.4928286671638489
1484,0.4932021498680115
1485,0.49060752987861633
1486,0.5041202902793884
1487,0.5011751055717468
1488,0.5032546520233154
1489,0.479176789522171
1490,0.5060680508613586
1491,0.5001189112663269
1492,0.5020222067832947
1493,0.5035478472709656
1494,0.49180811643600464
1495,0.49210450053215027
1496,0.5062575936317444
1497,0.4862874746322632
1498,0.5049155950546265
1499,0.5068232417106628
1500,0.5061313509941101
1501,0.4911664128303528
1502,0.5106337070465088
1503,0.4997369050979614
1504,0.4994839131832123
1505,0.5011179447174072
1506,0.5088071823120117
1507,0.491482138633728
1508,0.5034660696983337
1509,0.5041859745979309
1510,0.5063027739524841
1511,0.49211862683296204
1512,0.5063702464103699
1513,0.5079604387283325
1514,0.5060678124427795
1515,0.5062760710716248
1516,0.5081159472465515
1517,0.5080898404121399
1518,0.524554967880249
1519,0.5090447664260864
1520,0.5050463676452637
1521,0.5043787360191345
1522,0.5038058161735535
1523,0.5028714537620544
1524,0.5047991275787354
1525,0.5004479289054871
1526,0.5088253617286682
1527,0.5101787447929382
1528,0.510926365852356
1529,0.5097500681877136
1530,0.5094439387321472
1531,0.5070649981498718
1532,0.5071604251861572
1533,0.5022495985031128
1534,0.5010826587677002
1535,0.5018028020858765
1536,0.4994894862174988
1537,0.5309823751449585
1538,0.5040563941001892
1539,0.5179956555366516
1540,0.5010969042778015
1541,0.5059430599212646
1542,0.5076702237129211
1543,0.5063148736953735
1544,0.5025416612625122
1545,0.502098023891449
1546,0.5045493245124817
1547,0.5016490817070007
1548,0.5006359815597534
1549,0.4994823932647705
1550,0.49961721897125244
1551,0.4984763264656067
1552,0.5033026933670044
1553,0.5030689239501953
1554,0.5309517979621887
1555,0.5015736818313599
1556,0.5002988576889038
1557,0.503337025642395
1558,0.5035141706466675
1559,0.5011319518089294
1560,0.48946285247802734
1561,0.49829989671707153
1562,0.5016299486160278
1563,0.5019369125366211
1564,0.5026198029518127
1565,0.441843181848526
1566,0.5065180063247681
1567,0.5075701475143433
1568,0.5078184604644775
1569,0.48802781105041504
1570,0.5180317759513855
1571,0.501277506351471
1572,0.48467689752578735
1573,0.5077658295631409
1574,0.5040156841278076
1575,0.5019867420196533
1576,0.5097411274909973
1577,0.5043818950653076
1578,0.47893914580345154
1579,0.5006982684135437
1580,0.5012414455413818
1581,0.502579927444458
1582,0.5058114528656006
1583,0.5037987232208252
1584,0.5042396187782288
1585,0.4956947863101959
1586,0.5024945139884949
1587,0.5061877965927124
1588,0.5047757029533386
1589,0.5103025436401367
1590,0.5045049786567688
1591,0.5061185359954834
1592,0.5014792680740356
1593,0.5044749975204468
1594,0.5022151470184326
1595,0.5040903687477112
1596,0.5041370391845703
1597,0.5064589977264404
1598,0.5056158900260925
1599,0.5041220188140869
1600,0.5296812653541565
1601,0.5047022700309753
1602,0.5043774247169495
1603,0.5051352977752686
1604,0.5031400918960571
1605,0.49198395013809204
1606,0.5018786191940308
1607,0.5148330330848694
1608,0.503140926361084
1609,0.501769483089447
1610,0.5041410326957703
1611,0.5125135779380798
1612,0.5114602446556091
1613,0.5054510831832886
1614,0.5067160725593567
1615,0.4979652762413025
1616,0.5051431059837341
1617,0.5106048583984375
1618,0.5072636008262634
1619,0.5168973803520203
1620,0.5030413866043091
1621,0.5018515586853027
1622,0.5053159594535828
1623,0.506311297416687
1624,0.5074042081832886
1625,0.5060335397720337
1626,0.5055053234100342
1627,0.5131164789199829
1628,0.5055428147315979
1629,0.5034887194633484
1630,0.5164257287979126
1631,0.4988689720630646
1632,0.5368344187736511
1633,0.503940224647522
1634,0.5033314824104309
1635,0.5017105937004089
1636,0.5040836334228516
1637,0.5023288726806641
1638,0.6275911331176758
1639,0.5042380690574646
1640,0.5264009833335876
1641,0.5057360529899597
1642,0.5060542225837708
1643,0.5220574140548706
1644,0.505594789981842
1645,0.5050057768821716
1646,0.48173996806144714
1647,0.5035547614097595
1648,0.5054869055747986
1649,0.5074253082275391
1650,0.5099256634712219
1651,0.5054875016212463
1652,0.5029017925262451
1653,0.5362739562988281
1654,0.4945247769355774
1655,0.5059009790420532
1656,0.5032276511192322
1657,0.5695400834083557
1658,0.5043938755989075
1659,0.5040385127067566
1660,0.5038366317749023
1661,0.5044761896133423
1662,0.5016390085220337
1663,0.5004109740257263
1664,0.4993199110031128
1665,0.4968644678592682
1666,0.5030531883239746
1667,0.5065383911132812
1668,0.5028653740882874
1669,0.5269655585289001
1670,0.5059665441513062
1671,0.5215702652931213
1672,0.5031810402870178
1673,0.5006739497184753
1674,0.499171644449234
1675,0.4996756911277771
1676,0.49345216155052185
1677,0.4993431568145752
1678,0.5057432055473328
1679,0.5063427686691284
1680,0.5065122246742249
1681,0.5022593140602112
1682,0.5029304027557373
1683,0.5048182606697083
1684,0.5064980983734131
1685,0.5067380666732788
1686,0.5277624130249023
1687,0.5024698972702026
1688,0.5097336173057556
1689,0.507716178894043
1690,0.5066296458244324
1691,0.5037756562232971
1692,0.49326226115226746
1693,0.5031509399414062
1694,0.5084376335144043
1695,0.5029498338699341
1696,0.5005900859832764
1697,0.5269331336021423
1698,0.5409573912620544
1699,0.5022217631340027
1700,0.5040852427482605
1701,0.5061153769493103
1702,0.5019739270210266
1703,0.5043695569038391
1704,0.5036842823028564
1705,0.5051611661911011
1706,0.5051617622375488
1707,0.5065173506736755
1708,0.5064417719841003
1709,0.5052757859230042
1710,0.525663435459137
1711,0.5045244693756104
1712,0.5020586252212524
1713,0.5010978579521179
1714,0.5051351189613342
1715,0.5026787519454956
1716,0.5034083724021912
1717,0.5015102028846741
1718,0.5006524324417114
1719,0.5025613903999329
1720,0.5030640363693237
1721,0.501642107963562
1722,0.5034043192863464
1723,0.5036711096763611
1724,0.5045011043548584
1725,0.5051904916763306
1726,0.550060510635376
1727,0.5183127522468567
1728,0.5104211568832397
1729,0.5088756680488586
1730,0.5081231594085693
1731,0.51231449842453
1732,0.4813600182533264
1733,0.5098927021026611
1734,0.5103767514228821
1735,0.5181847810745239
1736,0.5097253918647766
1737,0.5081877708435059
1738,0.507140040397644
1739,0.5085657238960266
1740,0.511224627494812
1741,0.5065209865570068
1742,0.5090200901031494
1743,0.5087621212005615
1744,0.5075598359107971
1745,0.5066395401954651
1746,0.5074994564056396
1747,0.5074810981750488
1748,0.5044924020767212
1749,0.5137404203414917
1750,0.5117315649986267
1751,0.5080174207687378
1752,0.5231531262397766
1753,0.5078864097595215
1754,0.5033308267593384
1755,0.522628903388977
1756,0.5056493282318115
1757,0.5926539897918701
1758,0.5054650902748108
1759,0.5141278505325317
1760,0.5058284997940063
1761,0.5063304901123047
1762,0.5257288813591003
1763,0.5086553692817688
1764,0.5098627209663391
1765,0.506844699382782
1766,0.5076767802238464
1767,0.5082615613937378
1768,0.5096361637115479
1769,0.5039775967597961
1770,0.5072643160820007
1771,0.5057043433189392
1772,0.5071220397949219
1773,0.5070825219154358
1774,0.4962182939052582
1775,0.5063577890396118
1776,0.5053688883781433
1777,0.5041356086730957
1778,0.5027284026145935
1779,0.5040072202682495
1780,0.48309794068336487
1781,0.5017478466033936
1782,0.5012449026107788
1783,0.5019698143005371
1784,0.5049716234207153
1785,0.5038555860519409
1786,0.5012181401252747
1787,0.5110551714897156
1788,0.5065281987190247
1789,0.5078365206718445
1790,0.49247226119041443
1791,0.508377730846405
1792,0.5070597529411316
1793,0.5086882710456848
1794,0.5103232264518738
1795,0.5108585357666016
1796,0.5095138549804688
1797,0.506126344203949
1798,0.5045422315597534
1799,0.5058125853538513
1800,0.5049769878387451
1801,0.501406192779541
1802,0.49897366762161255
1803,0.49768558144569397
1804,0.5040701627731323
1805,0.5060898661613464
1806,0.48821520805358887
1807,0.5031142830848694
1808,0.5087389945983887
1809,0.5099510550498962
1810,0.5088812112808228
1811,0.5088465213775635
1812,0.5055385828018188
1813,0.5133259892463684
1814,0.5016748905181885
1815,0.5049611926078796
1816,0.5056467652320862
1817,0.5027557015419006
1818,0.49797213077545166
1819,0.49864453077316284
1820,0.500643253326416
1821,0.5024091005325317
1822,0.5023058652877808
1823,0.5003600716590881
1824,0.5032764673233032
1825,0.5044991970062256
1826,0.5047788619995117
1827,0.505164623260498
1828,0.5026216506958008
1829,0.5022024512290955
1830,0.5010296702384949
1831,0.5025035738945007
1832,0.5037986040115356
1833,0.5030640363693237
1834,0.511783242225647
1835,0.5062481164932251
1836,0.5035649538040161
1837,0.5046582818031311
1838,0.5049534440040588
1839,0.5033837556838989
1840,0.49587902426719666
1841,0.508857250213623
1842,0.5094173550605774
1843,0.5085383057594299
1844,0.5079250335693359
1845,0.5046302676200867
1846,0.5063937306404114
1847,0.5029159784317017
1848,0.5028166770935059
1849,0.52952641248703
1850,0.518118143081665
1851,0.5019333362579346
1852,0.5027814507484436
1853,0.5051868557929993
1854,0.5025489330291748
1855,0.5286923050880432
1856,0.5049048662185669
1857,0.5062633156776428
1858,0.523888885974884
1859,0.501018226146698
1860,0.5026188492774963
1861,0.5037273168563843
1862,0.504253089427948
1863,0.5045474767684937
1864,0.503611147403717
1865,0.49999871850013733
1866,0.4599420428276062
1867,0.49861979484558105
1868,0.499637633562088
1869,0.49876508116722107
1870,0.500823974609375
1871,0.5026515126228333
1872,0.5042659640312195
1873,0.5018527507781982
1874,0.5016337037086487
1875,0.502307653427124
1876,0.5003095269203186
1877,0.49961820244789124
1878,0.5016116499900818
1879,0.4998062551021576
1880,0.4964892268180847
1881,0.49743080139160156
1882,0.4952053725719452
1883,0.4980485439300537
1884,0.5070838332176208
1885,0.4988146126270294
1886,0.4962509572505951
1887,0.49344807863235474
1888,0.49804097414016724
1889,0.5737544894218445
1890,0.49744540452957153
1891,0.4882505238056183
1892,0.5012185573577881
1893,0.5005085468292236
1894,0.49754634499549866
1895,0.49722665548324585
1896,0.4973612427711487
1897,0.4953373372554779
1898,0.4986666738986969
1899,0.5008909702301025
1900,0.4927078187465668
1901,0.5189149379730225
1902,0.4801441729068756
1903,0.507097601890564
1904,0.5053666830062866
1905,0.505216658115387
1906,0.5823435187339783
1907,0.4993239939212799
1908,0.5013924837112427
1909,0.501940131187439
1910,0.4997544586658478
1911,0.49935099482536316
1912,0.5011150240898132
1913,0.46061137318611145
1914,0.4998237192630768
1915,0.5000898838043213
1916,0.5008008480072021
1917,0.4972342550754547
1918,0.5010843276977539
1919,0.49932458996772766
1920,0.494151771068573
1921,0.4976743459701538
1922,0.49871110916137695
1923,0.49783769249916077
1924,0.49941715598106384
1925,0.4989059865474701
1926,0.4995720684528351
1927,0.5369957089424133
1928,0.5022638440132141
1929,0.50553297996521
1930,0.5076212286949158
1931,0.5086302757263184
1932,0.5071938633918762
1933,0.5108041167259216
1934,0.4739673137664795
1935,0.5044018030166626
1936,0.49983012676239014
1937,0.49943429231643677
1938,0.5042252540588379
1939,0.6133617162704468
1940,0.516398549079895
1941,0.5755441784858704
1942,0.49766063690185547
1943,0.5156665444374084
1944,0.5042881369590759
1945,0.5185968279838562
1946,0.5038131475448608
1947,0.5034584999084473
1948,0.5038464069366455
1949,0.5044522285461426
1950,0.5010261535644531
1951,0.5021344423294067
1952,0.5008355379104614
1953,0.49579140543937683
1954,0.5004586577415466
1955,0.5013359189033508
1956,0.5021792054176331
1957,0.4861605167388916
1958,0.5047634243965149
1959,0.5080668330192566
1960,0.5123846530914307
1961,0.5095887184143066
1962,0.5116626024246216
1963,0.5123741626739502
1964,0.5135726928710938
1965,0.5193336009979248
1966,0.5137342810630798
1967,0.49354010820388794
1968,0.508195698261261
1969,0.5081558227539062
1970,0.5097298622131348
1971,0.5080587267875671
1972,0.513698935508728
1973,0.507849931716919
1974,0.5064220428466797
1975,0.5115059018135071
1976,0.5076181292533875
1977,0.522009551525116
1978,0.5052151083946228
1979,0.5043820142745972
1980,0.5053773522377014
1981,0.5055762529373169
1982,0.5054514408111572
1983,0.5062813758850098
1984,0.505330502986908
1985,0.5069263577461243
1986,0.5041749477386475
1987,0.506709635257721
1988,0.5085522532463074
1989,0.5084167718887329
1990,0.5151162147521973
1991,0.5069169998168945
1992,0.504065215587616
1993,0.5050662755966187
1994,0.5053264498710632
1995,0.505615234375
1996,0.5041843056678772
1997,0.5087008476257324
1998,0.5048377513885498
1999,0.5074319243431091
2000,0.5159948468208313
2001,0.5061230659484863
2002,0.5056496858596802
2003,0.5150038003921509
2004,0.5035300850868225
2005,0.5134885311126709
2006,0.5076732039451599
2007,0.5687867403030396
2008,0.505988359451294
2009,0.5104227662086487
2010,0.509752094745636
2011,0.5088405609130859
2012,0.5073928236961365
2013,0.5075596570968628
2014,0.5059469938278198
2015,0.5106238126754761
2016,0.5422902703285217
2017,0.5082718133926392
2018,0.5003256797790527
2019,0.5045732855796814
2020,0.5084538459777832
2021,0.5103054046630859
2022,0.5095182657241821
2023,0.5111419558525085
2024,0.5109719634056091
2025,0.5222020149230957
2026,0.5102583765983582
2027,0.512337863445282
2028,0.5096904635429382
2029,0.5435523986816406
2030,0.5602503418922424
2031,0.509101927280426
2032,0.5060923099517822
2033,0.5012224316596985
2034,0.5013190507888794
2035,0.49589020013809204
2036,0.49928122758865356
2037,0.5004892349243164
2038,0.4913632273674011
2039,0.5017374753952026
2040,0.5003727674484253
2041,0.5043685436248779
2042,0.46115973591804504
2043,0.5142976641654968
2044,0.5029353499412537
2045,0.5027065277099609
2046,0.5016891956329346
2047,0.5033986568450928
2048,0.4998302459716797
2049,0.48277515172958374
2050,0.5104988813400269
2051,0.4009351432323456
2052,0.5409459471702576
2053,0.47317394614219666
2054,0.4901288151741028
2055,0.48072707653045654
2056,0.4802820384502411
2057,0.4993993043899536
2058,0.5035951733589172
2059,0.5034710168838501
2060,0.49957337975502014
2061,0.4964848458766937
2062,0.5129076242446899
2063,0.5071462392807007
2064,0.5156155228614807
2065,0.5037763714790344
2066,0.49041470885276794
2067,0.5365821719169617
2068,0.5071327090263367
2069,0.49667754769325256
2070,0.5272039771080017
2071,0.49611222743988037
2072,0.5277258157730103
2073,0.4905506372451782
2074,0.5255182981491089
2075,0.5145845413208008
2076,0.5248032212257385
2077,0.5367886424064636
2078,0.5029209852218628
2079,0.5271405577659607
2080,0.5275717377662659
2081,0.5118342041969299
2082,0.5263561606407166
2083,0.5051960945129395
2084,0.4973542094230652
2085,0.4958065450191498
2086,0.5204176306724548
2087,0.5016841888427734
2088,0.5332809090614319
2089,0.51810222864151
2090,0.5220075249671936
2091,0.5320720672607422
2092,0.5207511782646179
2093,0.5140169858932495
2094,0.5205700993537903
2095,0.5038397908210754
2096,0.5083944797515869
2097,0.5120298266410828
2098,0.5031996965408325
2099,0.5395635366439819
2100,0.5444643497467041
2101,0.5531651377677917
2102,0.5311801433563232
2103,0.5016366839408875
2104,0.5111722946166992
2105,0.5227760076522827
2106,0.5343456268310547
2107,0.5762770175933838
2108,0.5364664196968079
2109,0.5615493059158325
2110,0.5683718323707581
2111,0.5683431029319763
2112,0.5603256225585938
2113,0.535997211933136
2114,0.541963517665863
2115,0.520589292049408
2116,0.540550708770752
2117,0.51726233959198
2118,0.5456119179725647
2119,0.5257447361946106
2120,0.5386958122253418
2121,0.52405846118927
2122,0.5047221183776855
2123,0.4955553710460663
2124,0.5256418585777283
2125,0.5508878827095032
2126,0.536261796951294
2127,0.5617813467979431
2128,0.5687723159790039
2129,0.5750589966773987
2130,0.5602198839187622
2131,0.5701806545257568
2132,0.5708908438682556
2133,0.5748363137245178
2134,0.5610932111740112
2135,0.5493256449699402
2136,0.5723626613616943
2137,0.5640562176704407
2138,0.5806498527526855
2139,0.5849078297615051
2140,0.5858811736106873
2141,0.5351120233535767
2142,0.5507872700691223
2143,0.5505791306495667
2144,0.5274941325187683
2145,0.4996490776538849
2146,0.4812271296977997
2147,0.4803917706012726
2148,0.4747162163257599
2149,0.4722960889339447
2150,0.48446124792099
2151,0.47148486971855164
2152,0.4859442412853241
2153,0.4862710237503052
2154,0.4844299852848053
2155,0.48672065138816833
2156,0.4853339195251465
2157,0.5099339485168457
2158,0.4833916425704956
2159,0.5072755217552185
2160,0.5006504058837891
2161,0.5037097334861755
2162,0.52222740650177
2163,0.5117600560188293
2164,0.5075592994689941
2165,0.5024165511131287
2166,0.5249170064926147
2167,0.5149978995323181
2168,0.5168406963348389
2169,0.5284139513969421
2170,0.5350655317306519
2171,0.5326048731803894
2172,0.5465478301048279
2173,0.5670580267906189
2174,0.579798698425293
2175,0.5586888194084167
2176,0.5761355757713318
2177,0.5922722220420837
2178,0.5561298131942749
2179,0.5615893006324768
2180,0.5375626087188721
2181,0.5724755525588989
2182,0.5701088905334473
2183,0.5691441893577576
2184,0.5776042342185974
2185,0.5643883347511292
2186,0.5672287344932556
2187,0.5651482343673706
2188,0.5574678182601929
2189,0.5284396409988403
2190,0.5241799354553223
2191,0.5248036980628967
2192,0.512832760810852
2193,0.5068098306655884
2194,0.4976736009120941
2195,0.5015969276428223
2196,0.5068923234939575
2197,0.5025333762168884
2198,0.5128897428512573
2199,0.5060582756996155
2200,0.5484048128128052
2201,0.5389447808265686
2202,0.5523463487625122
2203,0.5781598091125488
2204,0.5767018795013428
2205,0.5758669376373291
2206,0.5623877644538879
2207,0.5788636803627014
2208,0.5679036378860474
2209,0.5437029004096985
2210,0.5521775484085083
2211,0.5341701507568359
2212,0.5251988768577576
2213,0.49931609630584717
2214,0.5080052018165588
2215,0.5120886564254761
2216,0.5013306140899658
2217,0.5067623853683472
2218,0.5195064544677734
2219,0.5372121334075928
2220,0.5257343053817749
2221,0.5207212567329407
2222,0.5128956437110901
2223,0.5189931988716125
2224,0.5297421216964722
2225,0.5556324124336243
2226,0.5433937311172485
2227,0.5637384057044983
2228,0.5876284837722778
2229,0.5847371816635132
2230,0.59434974193573
2231,0.6019080281257629
2232,0.5904013514518738
2233,0.5969411134719849
2234,0.5605955719947815
2235,0.5755902528762817
2236,0.56781005859375
2237,0.5724101662635803
2238,0.5656880140304565
2239,0.5588582754135132
2240,0.5460408926010132
2241,0.5764133930206299
2242,0.5738368630409241
2243,0.5385086536407471
2244,0.5583614706993103
2245,0.5535351634025574
2246,0.5530065894126892
2247,0.5350059866905212
2248,0.5361321568489075
2249,0.5255491733551025
2250,0.5213810205459595
2251,0.5195570588111877
2252,0.48460841178894043
2253,0.495576947927475
2254,0.5137947797775269
2255,0.4987494647502899
2256,0.49215593934059143
2257,0.5135243535041809
2258,0.5289479494094849
2259,0.5128966569900513
2260,0.5354053378105164
2261,0.5260122418403625
2262,0.5286921262741089
2263,0.541797399520874
2264,0.5353882908821106
2265,0.5236306190490723
2266,0.5444289445877075
2267,0.553419828414917
2268,0.5645574927330017
2269,0.5546603798866272
2270,0.5494458079338074
2271,0.5566365718841553
2272,0.5806820392608643
2273,0.5562462210655212
2274,0.5728772878646851
2275,0.5440362691879272
2276,0.5668285489082336
2277,0.5670467615127563
2278,0.5678942203521729
2279,0.5756965279579163
2280,0.5319476127624512
2281,0.5702726244926453
2282,0.5612306594848633
2283,0.5633643865585327
2284,0.569854736328125
2285,0.5702531337738037
2286,0.5649524927139282
2287,0.5453195571899414
2288,0.5480665564537048
2289,0.547328770160675
2290,0.5441856980323792
2291,0.540917694568634
2292,0.520649790763855
2293,0.5367494821548462
2294,0.5380561947822571
2295,0.5477609634399414
2296,0.5540480613708496
2297,0.5640488862991333
2298,0.5521669387817383
2299,0.570771336555481
2300,0.5643993020057678
2301,0.5712127685546875
2302,0.5856882929801941
2303,0.5757278203964233
2304,0.5755020976066589
2305,0.5706676840782166
2306,0.5830193758010864
2307,0.5804455280303955
2308,0.5721091628074646
2309,0.5612664222717285
2310,0.5604339241981506
2311,0.5580801367759705
2312,0.545319139957428
2313,0.5317645072937012
2314,0.5419414639472961
2315,0.5426691770553589
2316,0.53348708152771
2317,0.5430563688278198
2318,0.5347009897232056
2319,0.5376025438308716
2320,0.52462238073349
2321,0.51976078748703
2322,0.509490966796875
2323,0.5118305683135986
2324,0.505353569984436
2325,0.5111715197563171
2326,0.504197359085083
2327,0.5120241641998291
2328,0.5151779651641846
2329,0.5195294618606567
2330,0.5213273167610168
2331,0.525752067565918
2332,0.5431259870529175
2333,0.543933093547821
2334,0.5394952297210693
2335,0.5443703532218933
2336,0.5329933762550354
2337,0.544529914855957
2338,0.5551373958587646
2339,0.5564337372779846
2340,0.5480876564979553
2341,0.5465527176856995
2342,0.5388821363449097
2343,0.5359050035476685
2344,0.5277814269065857
2345,0.5297797322273254
2346,0.5268101692199707
2347,0.5210554599761963
2348,0.5382591485977173
2349,0.5182349681854248
2350,0.5264431834220886
2351,0.5336021184921265
2352,0.5335090160369873
2353,0.5183659791946411
2354,0.536600649356842
2355,0.5089324712753296
2356,0.5347909927368164
2357,0.5277164578437805
2358,0.5461384654045105
2359,0.535353422164917
2360,0.5470349192619324
2361,0.5396518707275391
2362,0.5424340963363647
2363,0.541204571723938
2364,0.5316299796104431
2365,0.5209752917289734
2366,0.5142024755477905
2367,0.5215306282043457
2368,0.5298195481300354
2369,0.5215955376625061
2370,0.5230377316474915
2371,0.522790789604187
2372,0.519036054611206
2373,0.5140140652656555
2374,0.5096675157546997
2375,0.5085858106613159
2376,0.5249934196472168
2377,0.5176264047622681
2378,0.5222052335739136
2379,0.5335363745689392
2380,0.5324962139129639
2381,0.5418471097946167
2382,0.5345497131347656
2383,0.5352460741996765
2384,0.5278454422950745
2385,0.528023898601532
2386,0.5352858901023865
2387,0.5270160436630249
2388,0.4982483386993408
2389,0.5263705253601074
2390,0.5218026041984558
2391,0.5200424790382385
2392,0.5298330187797546
2393,0.5373384356498718
2394,0.5379546284675598
2395,0.5383056998252869
2396,0.5398143529891968
2397,0.5490394830703735
2398,0.5577812790870667
2399,0.5503758788108826
2400,0.5703799724578857
2401,0.559807300567627
2402,0.5497573018074036
2403,0.5519861578941345
2404,0.5442056655883789
2405,0.5350056290626526
2406,0.5368806719779968
2407,0.5482786893844604
2408,0.5320663452148438
2409,0.5415663123130798
2410,0.5347577333450317
2411,0.5285331010818481
2412,0.5192203521728516
2413,0.5262861251831055
2414,0.5280690789222717
2415,0.5259751081466675
2416,0.5189450979232788
2417,0.5255275368690491
2418,0.5263181924819946
2419,0.5294519662857056
2420,0.5295787453651428
2421,0.5030368566513062
2422,0.5277268290519714
2423,0.5164008140563965
2424,0.5184600353240967
2425,0.5195121169090271
2426,0.5189620852470398
2427,0.533755362033844
2428,0.5268375873565674
2429,0.5234244465827942
2430,0.5335257053375244
2431,0.5293063521385193
2432,0.5268785953521729
2433,0.526944637298584
2434,0.5291243195533752
2435,0.5290126800537109
2436,0.5296673774719238
2437,0.5299518704414368
2438,0.5375822186470032
2439,0.5250324010848999
2440,0.5051959753036499
2441,0.5418534278869629
2442,0.5138003826141357
2443,0.5220034122467041
2444,0.547438383102417
2445,0.5383930802345276
2446,0.5544259548187256
2447,0.5355916023254395
2448,0.5486456155776978
2449,0.5632340312004089
2450,0.5228760242462158
2451,0.5534405708312988
2452,0.5488134026527405
2453,0.5537264347076416
2454,0.5296747088432312
2455,0.5531917810440063
2456,0.5461931228637695
2457,0.5503665208816528
2458,0.5416203737258911
2459,0.5373411178588867
2460,0.5278633236885071
2461,0.5235970616340637
2462,0.5136534571647644
2463,0.5049874782562256
2464,0.5153091549873352
2465,0.4820665419101715
2466,0.4531840980052948
2467,0.4648212194442749
2468,0.3753169775009155
2469,0.45830124616622925
2470,0.4483628273010254
2471,0.4800323247909546
2472,0.4988017976284027
2473,0.5017136335372925
2474,0.5099159479141235
2475,0.5306715369224548
2476,0.5503246784210205
2477,0.5672367215156555
2478,0.5819587111473083
2479,0.581571638584137
2480,0.57631516456604
2481,0.5621280074119568
2482,0.5563468337059021
2483,0.548471212387085
2484,0.5413793325424194
2485,0.5611076951026917
2486,0.5479743480682373
2487,0.5361510515213013
2488,0.5597884654998779
2489,0.5508013367652893
2490,0.5516643524169922
2491,0.574941098690033
2492,0.5742738246917725
2493,0.560228168964386
2494,0.5593273639678955
2495,0.5493912100791931
2496,0.5544725656509399
2497,0.5456651449203491
2498,0.5440226197242737
2499,0.5244397521018982
2500,0.5272058248519897
2501,0.5252054333686829
2502,0.5180904865264893
2503,0.5249952673912048
2504,0.5253502726554871
2505,0.5204337239265442
2506,0.5250316262245178
2507,0.5236287713050842
2508,0.5229666233062744
2509,0.5227254629135132
2510,0.5119150280952454
2511,0.5177227854728699
2512,0.5137238502502441
2513,0.5201107859611511
2514,0.5223404765129089
2515,0.5374816656112671
2516,0.5481904149055481
2517,0.5597293972969055
2518,0.5749938488006592
2519,0.5807619094848633
2520,0.5982128381729126
2521,0.5998699069023132
2522,0.5889101028442383
2523,0.5783611536026001
2524,0.5643569231033325
2525,0.5418403148651123
2526,0.5460586547851562
2527,0.5355330109596252
2528,0.5314991474151611
2529,0.5279918909072876
2530,0.514984130859375
2531,0.5300862193107605
2532,0.5252647995948792
2533,0.5450012683868408
2534,0.554888129234314
2535,0.5296910405158997
2536,0.5432472229003906
2537,0.5537840127944946
2538,0.5452379584312439
2539,0.5355581045150757
2540,0.5550752878189087
2541,0.5495345592498779
2542,0.535974383354187
2543,0.5329017043113708
2544,0.5292752981185913
2545,0.5300619602203369
2546,0.535423219203949
2547,0.5298659801483154
2548,0.5301653146743774
2549,0.5385626554489136
2550,0.5275092720985413
2551,0.5537511110305786
2552,0.5537083148956299
2553,0.5627235174179077
2554,0.5704049468040466
2555,0.5780847072601318
2556,0.5797372460365295
2557,0.5686125159263611
2558,0.5698791146278381
2559,0.5733463764190674
2560,0.5809799432754517
2561,0.5706981420516968
2562,0.5578823089599609
2563,0.5634186863899231
2564,0.565708577632904
2565,0.5603580474853516
2566,0.5586061477661133
2567,0.5653886795043945
2568,0.571395754814148
2569,0.571259617805481
2570,0.5702223181724548
2571,0.5669728517532349
2572,0.5612415671348572
2573,0.5613663792610168
2574,0.5529798269271851
2575,0.5475136637687683
2576,0.5631065964698792
2577,0.559873640537262
2578,0.5693774819374084
2579,0.5657669305801392
2580,0.5592427253723145
2581,0.5448127388954163
2582,0.5548548698425293
2583,0.5463207364082336
2584,0.5460038185119629
2585,0.5257152318954468
2586,0.5191059112548828
2587,0.517411470413208
2588,0.5151917934417725
2589,0.5146724581718445
2590,0.5023971796035767
2591,0.5010289549827576
2592,0.49987292289733887
2593,0.504702627658844
2594,0.5305306315422058
2595,0.5123774409294128
2596,0.5127983093261719
2597,0.5088354349136353
2598,0.5081686973571777
2599,0.5030547976493835
2600,0.5111909508705139
2601,0.5473584532737732
2602,0.5265513062477112
2603,0.5258979201316833
2604,0.5151667594909668
2605,0.5489425659179688
2606,0.5242022275924683
2607,0.532574474811554
2608,0.5415259003639221
2609,0.5473496913909912
2610,0.5278142690658569
2611,0.5294742584228516
2612,0.5274586081504822
2613,0.530536413192749
2614,0.5210521221160889
2615,0.535727322101593
2616,0.5282999277114868
2617,0.5316417813301086
2618,0.5485667586326599
2619,0.5496122241020203
2620,0.5503729581832886
2621,0.5606845617294312
2622,0.5698856711387634
2623,0.5626057982444763
2624,0.5917183756828308
2625,0.5685766935348511
2626,0.5951688289642334
2627,0.6009309887886047
2628,0.6178207993507385
2629,0.6133855581283569
2630,0.618925929069519
2631,0.6102633476257324
2632,0.6175812482833862
2633,0.6041173338890076
2634,0.6044209599494934
2635,0.5936306118965149
2636,0.5709413290023804
2637,0.5861951112747192
2638,0.5754638314247131
2639,0.5690503716468811
2640,0.5760149359703064
2641,0.5603392720222473
2642,0.5485062599182129
2643,0.5443518757820129
2644,0.5512599945068359
2645,0.5433986186981201
2646,0.5554726719856262
2647,0.5400934219360352
2648,0.5418344140052795
2649,0.5400724411010742
2650,0.5470331311225891
2651,0.5455639362335205
2652,0.5554025769233704
2653,0.5604760646820068
2654,0.5617316365242004
2655,0.5586698651313782
2656,0.5692946314811707
2657,0.5630743503570557
2658,0.5644540190696716
2659,0.5634052753448486
2660,0.5956792235374451
2661,0.5688554644584656
2662,0.5654578804969788
2663,0.5751638412475586
2664,0.5571812391281128
2665,0.5735785961151123
2666,0.5761027932167053
2667,0.5780220627784729
2668,0.5823584794998169
2669,0.5738473534584045
2670,0.5998777747154236
2671,0.5987712144851685
2672,0.6005908250808716
2673,0.6007695198059082
2674,0.5991024374961853
2675,0.5951356887817383
2676,0.59574955701828
2677,0.5809357166290283
2678,0.5803952813148499
2679,0.5528731346130371
2680,0.5457108020782471
2681,0.5355623364448547
2682,0.5092014670372009
2683,0.5170009136199951
2684,0.5013856887817383
2685,0.4794260561466217
2686,0.47641757130622864
2687,0.4761911928653717
2688,0.4899485111236572
2689,0.5176110863685608
2690,0.5016689896583557
2691,0.484559029340744
2692,0.5073942542076111
2693,0.5136454105377197
2694,0.537524402141571
2695,0.5394742488861084
2696,0.5480980277061462
2697,0.5611968040466309
2698,0.5519425868988037
2699,0.5519644021987915
2700,0.5607571601867676
2701,0.5691602230072021
2702,0.554340124130249
2703,0.5704541802406311
2704,0.5615032911300659
2705,0.5682858228683472
2706,0.5701354742050171
2707,0.5601673722267151
2708,0.5680381655693054
2709,0.5613265633583069
2710,0.5621416568756104
2711,0.5749912261962891
2712,0.5784680843353271
2713,0.574591875076294
2714,0.5798337459564209
2715,0.6001085638999939
2716,0.5729272961616516
2717,0.5851935744285583
2718,0.5763702988624573
2719,0.5766938328742981
2720,0.5838478803634644
2721,0.578899085521698
2722,0.557876467704773
2723,0.5695306062698364
2724,0.5744730234146118
2725,0.5729304552078247
2726,0.5607385039329529
2727,0.5554369688034058
2728,0.5627384781837463
2729,0.5566011667251587
2730,0.5635572671890259
2731,0.5549401044845581
2732,0.5532792806625366
2733,0.5394509434700012
2734,0.5335776209831238
2735,0.5255024433135986
2736,0.516244113445282
2737,0.5132156610488892
2738,0.5032171607017517
2739,0.5040454864501953
2740,0.5134424567222595
2741,0.5113700032234192
2742,0.5287980437278748
2743,0.5404101610183716
2744,0.5474729537963867
2745,0.5571728944778442
2746,0.5774998664855957
2747,0.5780747532844543
2748,0.5823963284492493
2749,0.5753557085990906
2750,0.5879514813423157
2751,0.5958466529846191
2752,0.5905947685241699
2753,0.5506003499031067
2754,0.5656718611717224
2755,0.5628315210342407
2756,0.5554715991020203
2757,0.5503238439559937
2758,0.5417184829711914
2759,0.5238457918167114
2760,0.5303618907928467
2761,0.5406959652900696
2762,0.5392084121704102
2763,0.529521644115448
2764,0.5543683171272278
2765,0.5667088031768799
2766,0.5417971611022949
2767,0.5316068530082703
2768,0.537418007850647
2769,0.5311294794082642
2770,0.5412543416023254
2771,0.559883713722229
2772,0.5539245009422302
2773,0.5765993595123291
2774,0.5857043266296387
2775,0.5963883399963379
2776,0.6053171157836914
2777,0.6088210940361023
2778,0.6096465587615967
2779,0.6266762614250183
2780,0.6288658976554871
2781,0.6341364979743958
2782,0.6310494542121887
2783,0.6224430799484253
2784,0.6136306524276733
2785,0.6125603318214417
2786,0.6130496263504028
2787,0.5929831266403198
2788,0.6007810235023499
2789,0.5995010733604431
2790,0.6127883791923523
2791,0.6013304591178894
2792,0.5884044170379639
2793,0.6035152077674866
2794,0.6067372560501099
2795,0.5967931747436523
2796,0.6149201989173889
2797,0.5821635127067566
2798,0.6083868145942688
2799,0.5816527009010315
2800,0.5967150926589966
2801,0.6288546323776245
2802,0.5869793891906738
2803,0.5759438276290894
2804,0.5862446427345276
2805,0.5702216029167175
2806,0.5708640217781067
2807,0.5645798444747925
2808,0.5720902681350708
2809,0.5718990564346313
2810,0.5826969146728516
2811,0.5841320157051086
2812,0.5795338153839111
2813,0.5854316353797913
2814,0.5846683382987976
2815,0.5923330783843994
2816,0.5745465755462646
2817,0.5990331172943115
2818,0.5993236303329468
2819,0.5998087525367737
2820,0.6079173684120178
2821,0.6130401492118835
2822,0.6160118579864502
2823,0.6121795773506165
2824,0.6112300753593445
2825,0.6113253831863403
2826,0.6403968334197998
2827,0.6019119620323181
2828,0.6017464399337769
2829,0.5944626927375793
2830,0.5929799675941467
2831,0.5786023736000061
2832,0.5748624801635742
2833,0.5746632218360901
2834,0.5681578516960144
2835,0.5551295876502991
2836,0.5686553716659546
2837,0.559125542640686
2838,0.5542894601821899
2839,0.5669010281562805
2840,0.567477285861969
2841,0.5623483657836914
2842,0.5701598525047302
2843,0.5830988883972168
2844,0.5765214562416077
2845,0.5864608287811279
2846,0.5916987061500549
2847,0.6057493686676025
2848,0.6134836673736572
2849,0.6126089096069336
2850,0.6297579407691956
2851,0.6296240091323853
2852,0.6337751150131226
2853,0.6374934315681458
2854,0.6359393000602722
2855,0.6367181539535522
2856,0.6295334696769714
2857,0.6381350159645081
2858,0.6407788991928101
2859,0.6265802979469299
2860,0.622824490070343
2861,0.6097626090049744
2862,0.5758121013641357
2863,0.5508691072463989
2864,0.537272036075592
2865,0.5043729543685913
2866,0.4937284290790558
2867,0.5080995559692383
2868,0.4826803505420685
2869,0.4827426075935364
2870,0.4702513813972473
2871,0.4843471646308899
2872,0.49850231409072876
2873,0.5176956057548523
2874,0.5492554903030396
2875,0.5696728229522705
2876,0.20002248883247375
2877,0.2000236213207245
2878,0.6149539351463318
2879,0.631598711013794
2880,0.6216560006141663
2881,0.6091843843460083
2882,0.593623161315918
2883,0.5948644280433655
2884,0.5905886292457581
2885,0.6073299050331116
2886,0.6309860944747925
2887,0.6505887508392334
2888,0.6672385334968567
2889,0.6934514045715332
2890,0.6927988529205322
2891,0.6829760074615479
2892,0.6741124391555786
2893,0.6457310318946838
2894,0.6117298603057861
2895,0.584855854511261
2896,0.515045702457428
2897,0.5349554419517517
2898,0.5405591726303101
2899,0.5229296684265137
2900,0.5292590260505676
2901,0.5548997521400452
2902,0.5498911142349243
2903,0.5494926571846008
2904,0.5652416348457336
2905,0.5829273462295532
2906,0.5614079833030701
2907,0.5641049146652222
2908,0.5717258453369141
2909,0.5607423186302185
2910,0.5619287490844727
2911,0.5720844268798828
2912,0.5772603154182434
2913,0.578420102596283
2914,0.591205358505249
2915,0.5999876260757446
2916,0.6004639863967896
2917,0.6181817650794983
2918,0.6320566534996033
2919,0.6394465565681458
2920,0.6409857869148254
2921,0.6587350368499756
2922,0.6600624322891235
2923,0.6455938816070557
2924,0.6516099572181702
2925,0.6299901008605957
2926,0.639157772064209
2927,0.6207205057144165
2928,0.6199923157691956
2929,0.6029694676399231
2930,0.5954163670539856
2931,0.5896697640419006
2932,0.5896931886672974
2933,0.5788961052894592
2934,0.5894838571548462
2935,0.5804789662361145
2936,0.58049476146698
2937,0.5817323923110962
2938,0.5791507363319397
2939,0.5714879035949707
2940,0.5849243998527527
2941,0.5709801316261292
2942,0.5880511999130249
2943,0.5798566341400146
2944,0.5824892520904541
2945,0.5848128199577332
2946,0.5854185223579407
2947,0.5835358500480652
2948,0.6160407662391663
2949,0.5969339609146118
2950,0.5993592143058777
2951,0.607657790184021
2952,0.6149433851242065
2953,0.6225005388259888
2954,0.6227555274963379
2955,0.6257288455963135
2956,0.6271774172782898
2957,0.6248538494110107
2958,0.634190559387207
2959,0.6307010650634766
2960,0.6238893866539001
2961,0.6287114024162292
2962,0.6391667723655701
2963,0.6193460822105408
2964,0.632847011089325
2965,0.6118010878562927
2966,0.6316531300544739
2967,0.6239957809448242
2968,0.6261339783668518
2969,0.6188091039657593
2970,0.6088175773620605
2971,0.6180557012557983
2972,0.6199867129325867
2973,0.6200815439224243
2974,0.6117287278175354
2975,0.6113619208335876
2976,0.6095243096351624
2977,0.6121553182601929
2978,0.6198970675468445
2979,0.607576847076416
2980,0.615845263004303
2981,0.6052534580230713
2982,0.6138683557510376
2983,0.6218863129615784
2984,0.6212828755378723
2985,0.6267484426498413
2986,0.6247437000274658
2987,0.6338721513748169
2988,0.6392298936843872
2989,0.6489768028259277
2990,0.6490086913108826
2991,0.6492146253585815
2992,0.6404873132705688
2993,0.6323903799057007
2994,0.6268286108970642
2995,0.6331830620765686
2996,0.6018561124801636
2997,0.5919521450996399
2998,0.57773756980896
2999,0.5679380297660828
3000,0.5594056844711304
3001,0.5545632839202881
3002,0.5344792008399963
3003,0.5450053215026855
3004,0.5115499496459961
3005,0.5302526354789734
3006,0.5240398049354553
3007,0.5156142115592957
3008,0.5137331485748291
3009,0.5128361582756042
3010,0.4917914867401123
3011,0.5278542637825012
3012,0.5293028354644775
3013,0.5501315593719482
3014,0.5734848380088806
3015,0.5808280110359192
3016,0.6047975420951843
3017,0.6346589922904968
3018,0.6571165919303894
3019,0.6714129447937012
3020,0.7027732729911804
3021,0.7075883150100708
3022,0.7011547088623047
3023,0.6833070516586304
3024,0.6784920692443848
3025,0.6743345260620117
3026,0.6679311990737915
3027,0.6496298909187317
3028,0.6533216834068298
3029,0.619248628616333
3030,0.6350754499435425
3031,0.6276494264602661
3032,0.6208207607269287
3033,0.6067226529121399
3034,0.6116716265678406
3035,0.5902646780014038
3036,0.5858091115951538
3037,0.5696533918380737
3038,0.5855055451393127
3039,0.5692341923713684
3040,0.5554420948028564
3041,0.5400917530059814
3042,0.5276459455490112
3043,0.5139479637145996
3044,0.4689473807811737
3045,0.46847662329673767
3046,0.42610564827919006
3047,0.3444644510746002
3048,0.3434644937515259
3049,0.3429419696331024
3050,0.36207425594329834
3051,0.44953617453575134
3052,0.49897632002830505
3053,0.5045602321624756
3054,0.5156468152999878
3055,0.5346086025238037
3056,0.569081723690033
3057,0.5742765665054321
3058,0.607073187828064
3059,0.6268433928489685
3060,0.6358894109725952
3061,0.6475917100906372
3062,0.6545282006263733
3063,0.6622840166091919
3064,0.6553758978843689
3065,0.6818251609802246
3066,0.6922896504402161
3067,0.6975110173225403
3068,0.6904423832893372
3069,0.6863744258880615
3070,0.655314564704895
3071,0.6783212423324585
3072,0.6665093302726746
3073,0.686558187007904
3074,0.6688154339790344
3075,0.6429206132888794
3076,0.591877818107605
3077,0.6430850625038147
3078,0.6247197985649109
3079,0.6534042358398438
3080,0.6062277555465698
3081,0.6318625211715698
3082,0.6082625985145569
3083,0.6128839254379272
3084,0.6212303638458252
3085,0.6337257623672485
3086,0.6569086313247681
3087,0.6555883884429932
3088,0.6534048914909363
3089,0.6471653580665588
3090,0.646836519241333
3091,0.650610625743866
3092,0.6481712460517883
3093,0.6375625133514404
3094,0.6234852075576782
3095,0.594740092754364
3096,0.5858579874038696
3097,0.593833863735199
3098,0.585240364074707
3099,0.6171302199363708
3100,0.6356378197669983
3101,0.6465395092964172
3102,0.6486420631408691
3103,0.6648125648498535
3104,0.6591660976409912
3105,0.6534426808357239
3106,0.6497393250465393
3107,0.6577323079109192
3108,0.6459024548530579
3109,0.6545466184616089
3110,0.6393794417381287
3111,0.6322993636131287
3112,0.6438125967979431
3113,0.6621601581573486
3114,0.6530625224113464
3115,0.6188217997550964
3116,0.6482200026512146
3117,0.6483922600746155
3118,0.6555600762367249
3119,0.6434459090232849
3120,0.6450287699699402
3121,0.6485773921012878
3122,0.6395422220230103
3123,0.6548032760620117
3124,0.6417720317840576
3125,0.6489028930664062
3126,0.6190292835235596
3127,0.63652104139328
3128,0.6280964612960815
3129,0.6080942749977112
3130,0.5847972631454468
3131,0.6070169806480408
3132,0.6311579942703247
3133,0.6342806816101074
3134,0.646023690700531
3135,0.6453563570976257
3136,0.6295903921127319
3137,0.6579773426055908
3138,0.6568655371665955
3139,0.6856536269187927
3140,0.6581489443778992
3141,0.7082149982452393
3142,0.7023932933807373
3143,0.7092876434326172
3144,0.19997256994247437
3145,0.20003053545951843
3146,0.6809195876121521
3147,0.20001918077468872
3148,0.6334956288337708
3149,0.6458653807640076
3150,0.6447654962539673
3151,0.618522584438324
3152,0.5516801476478577
3153,0.552123486995697
3154,0.5582513213157654
3155,0.5186789631843567
3156,0.5121832489967346
3157,0.507477343082428
3158,0.5172616839408875
3159,0.5071956515312195
3160,0.5074885487556458
3161,0.5043584704399109
3162,0.5165199041366577
3163,0.5212815403938293
3164,0.5070462822914124
3165,0.5479585528373718
3166,0.5042716860771179
3167,0.5390980839729309
3168,0.5173709392547607
3169,0.5196237564086914
3170,0.519375741481781
3171,0.5777603983879089
3172,0.5309411883354187
3173,0.5751286745071411
3174,0.595211923122406
3175,0.5314106345176697
3176,0.5313418507575989
3177,0.5356093645095825
3178,0.5375041365623474
3179,0.5921034216880798
3180,0.5191077589988708
3181,0.5257652997970581
3182,0.5354006290435791
3183,0.5593256950378418
3184,0.5221935510635376
3185,0.5116599202156067
3186,0.55647212266922
3187,0.48870614171028137
3188,0.5403673648834229
3189,0.5326985716819763
3190,0.6202380657196045
3191,0.5558634996414185
3192,0.6802125573158264
3193,0.6507739424705505
3194,0.6986892819404602
3195,0.6970740556716919
3196,0.6779460906982422
3197,0.6914353370666504
3198,0.6539037227630615
3199,0.6829978227615356
3200,0.6546223759651184
3201,0.6433688998222351
3202,0.643611490726471
3203,0.6307183504104614
3204,0.5996593832969666
3205,0.6183478832244873
3206,0.6463585495948792
3207,0.6565548181533813
3208,0.6485435366630554
3209,0.6084475517272949
3210,0.6249233484268188
3211,0.6303914785385132
3212,0.6021758317947388
3213,0.5844499468803406
3214,0.6013686656951904
3215,0.5914760231971741
3216,0.5657681226730347
3217,0.5732683539390564
3218,0.5777672529220581
3219,0.577110767364502
3220,0.5838513374328613
3221,0.5573113560676575
3222,0.5804924368858337
3223,0.579142689704895
3224,0.6039063334465027
3225,0.5983769297599792
3226,0.6042367815971375
3227,0.6129032969474792
3228,0.6078411936759949
3229,0.6260915994644165
3230,0.6206353902816772
3231,0.6214429140090942
3232,0.6306127309799194
3233,0.6245084404945374
3234,0.6589938402175903
3235,0.6265881657600403
3236,0.6380812525749207
3237,0.6546650528907776
3238,0.6538107395172119
3239,0.6619648337364197
3240,0.6534668207168579
3241,0.666146993637085
3242,0.6642956137657166
3243,0.6640112996101379
3244,0.6616590619087219
3245,0.6587874293327332
3246,0.664894163608551
3247,0.6560767889022827
3248,0.652589738368988
3249,0.645270049571991
3250,0.6400865912437439
3251,0.6381974220275879
3252,0.5797719955444336
3253,0.6235625147819519
3254,0.616314709186554
3255,0.6036187410354614
3256,0.5921429991722107
3257,0.5921117663383484
3258,0.5848163366317749
3259,0.638961911201477
3260,0.5877557396888733
3261,0.588687002658844
3262,0.5944404006004333
3263,0.5822926759719849
3264,0.5915862321853638
3265,0.5995258092880249
3266,0.5997025370597839
3267,0.5901725888252258
3268,0.601423978805542
3269,0.5979711413383484
3270,0.5955486297607422
3271,0.5981939435005188
3272,0.6007432341575623
3273,0.6009336113929749
3274,0.6037958264350891
3275,0.6119419932365417
3276,0.6140326857566833
3277,0.6212961077690125
3278,0.6221759915351868
3279,0.6331776976585388
3280,0.6596387624740601
3281,0.6467050909996033
3282,0.6511324644088745
3283,0.655910074710846
3284,0.6482133865356445
3285,0.6347411274909973
3286,0.6784828901290894
3287,0.6488402485847473
3288,0.6650016903877258
3289,0.6659730672836304
3290,0.6659379005432129
3291,0.6599038243293762
3292,0.6456856727600098
3293,0.6374511122703552
3294,0.6357302665710449
3295,0.6447041034698486
3296,0.6315855979919434
3297,0.6131851077079773
3298,0.6192562580108643
3299,0.6121984124183655
3300,0.6180617213249207
3301,0.6162347793579102
3302,0.6151874661445618
3303,0.6218872666358948
3304,0.622093141078949
3305,0.6312386989593506
3306,0.6367610692977905
3307,0.6436691880226135
3308,0.6451953053474426
3309,0.6673685312271118
3310,0.6589048504829407
3311,0.6731389760971069
3312,0.6898475289344788
3313,0.6876407861709595
3314,0.7105873823165894
3315,0.6965588927268982
3316,0.6936753392219543
3317,0.6966374516487122
3318,0.6946729421615601
3319,0.689109742641449
3320,0.6913778185844421
3321,0.6923955678939819
3322,0.6862891316413879
3323,0.6714379787445068
3324,0.6810368895530701
3325,0.6605503559112549
3326,0.6779354810714722
3327,0.6617261171340942
3328,0.6630008816719055
3329,0.6467269062995911
3330,0.6425473093986511
3331,0.6410909295082092
3332,0.6281500458717346
3333,0.6117396354675293
3334,0.6129673719406128
3335,0.606040358543396
3336,0.6040803790092468
3337,0.6074642539024353
3338,0.6015143990516663
3339,0.6002901196479797
3340,0.6092067360877991
3341,0.5893550515174866
3342,0.6265329122543335
3343,0.6326889991760254
3344,0.6336926817893982
3345,0.631439208984375
3346,0.6443531513214111
3347,0.6410533785820007
3348,0.649055540561676
3349,0.6582505702972412
3350,0.6601728200912476
3351,0.659241795539856
3352,0.6455017924308777
3353,0.6648908853530884
3354,0.6652486324310303
3355,0.6708987951278687
3356,0.668351411819458
3357,0.6444210410118103
3358,0.636167585849762
3359,0.6444665789604187
3360,0.6451575756072998
3361,0.6496202349662781
3362,0.6539947390556335
3363,0.6442636251449585
3364,0.6579694151878357
3365,0.6512284278869629
3366,0.6439269781112671
3367,0.6597235798835754
3368,0.6574464440345764
3369,0.6657540202140808
3370,0.667866051197052
3371,0.6684511303901672
3372,0.6937615275382996
3373,0.6876827478408813
3374,0.7162310481071472
3375,0.6942667365074158
3376,0.6976550221443176
3377,0.6826216578483582
3378,0.6890894174575806
3379,0.6707313656806946
3380,0.6523579955101013
3381,0.6562203764915466
3382,0.6393477916717529
3383,0.6173166632652283
3384,0.5923641920089722
3385,0.5999653935432434
3386,0.6018067002296448
3387,0.5856574177742004
3388,0.5861208438873291
3389,0.6006747484207153
3390,0.5925765633583069
3391,0.6018944382667542
3392,0.6091074347496033
3393,0.6420119404792786
3394,0.6082441806793213
3395,0.6474229097366333
3396,0.6549244523048401
3397,0.641495943069458
3398,0.7217183113098145
3399,0.6989871263504028
3400,0.6901345252990723
3401,0.6886381506919861
3402,0.7048709988594055
3403,0.7038372159004211
3404,0.6970610022544861
3405,0.6713844537734985
3406,0.6640781164169312
3407,0.6488399505615234
3408,0.6152295470237732
3409,0.6015871167182922
3410,0.5800544619560242
3411,0.5846292972564697
3412,0.580371618270874
3413,0.5592657923698425
3414,0.5866543054580688
3415,0.5994367003440857
3416,0.606803297996521
3417,0.6057525277137756
3418,0.6219577789306641
3419,0.6309223771095276
3420,0.6545714139938354
3421,0.6569360494613647
3422,0.6697493195533752
3423,0.6771438121795654
3424,0.6983185410499573
3425,0.6825574040412903
3426,0.6994690895080566
3427,0.694927453994751
3428,0.7101212739944458
3429,0.6957399249076843
3430,0.6929613947868347
3431,0.703828752040863
3432,0.6641068458557129
3433,0.6748519539833069
3434,0.650797963142395
3435,0.678713858127594
3436,0.6647990345954895
3437,0.6482322216033936
3438,0.6505261659622192
3439,0.6514528393745422
3440,0.6642066240310669
3441,0.6589516401290894
3442,0.6761611104011536
3443,0.6515935659408569
3444,0.6415099501609802
3445,0.6422847509384155
3446,0.6445160508155823
3447,0.6403173208236694
3448,0.6323239207267761
3449,0.5951203107833862
3450,0.6231115460395813
3451,0.6018449664115906
3452,0.591442346572876
3453,0.5991058945655823
3454,0.5923851728439331
3455,0.5761419534683228
3456,0.5912356972694397
3457,0.5908295512199402
3458,0.5808991193771362
3459,0.6066848635673523
3460,0.590435802936554
3461,0.6070523262023926
3462,0.6127617359161377
3463,0.6015390753746033
3464,0.6165715456008911
3465,0.6412322521209717
3466,0.6307039260864258
3467,0.6466988325119019
3468,0.6053510904312134
3469,0.6534618139266968
3470,0.6623899340629578
3471,0.6699533462524414
3472,0.6781324148178101
3473,0.6775513291358948
3474,0.6855093836784363
3475,0.6570989489555359
3476,0.6667527556419373
3477,0.6473261117935181
3478,0.6542077660560608
3479,0.6513299345970154
3480,0.6309075951576233
3481,0.6290469765663147
3482,0.6224356293678284
3483,0.5910812616348267
3484,0.6080668568611145
3485,0.6045150756835938
3486,0.5986961126327515
3487,0.6016284823417664
3488,0.6023261547088623
3489,0.6029655337333679
3490,0.5937909483909607
3491,0.6123336553573608
3492,0.6281788349151611
3493,0.6372110247612
3494,0.6458091139793396
3495,0.6526223421096802
3496,0.6620127558708191
3497,0.6752063035964966
3498,0.685520350933075
3499,0.683569073677063
3500,0.7082056403160095
3501,0.7184956669807434
3502,0.7134910225868225
3503,0.7208282947540283
3504,0.6734710335731506
3505,0.7206817269325256
3506,0.715448260307312
3507,0.7102620601654053
3508,0.7047587037086487
3509,0.6958427429199219
3510,0.6827641129493713
3511,0.6581590175628662
3512,0.6668878197669983
3513,0.6445924043655396
3514,0.6277785897254944
3515,0.6177210211753845
3516,0.5972611904144287
3517,0.5734937191009521
3518,0.5866318941116333
3519,0.5814930200576782
3520,0.5481065511703491
3521,0.5731937289237976
3522,0.5717150568962097
3523,0.583531379699707
3524,0.5778360366821289
3525,0.5872462391853333
3526,0.5954874753952026
3527,0.5948018431663513
3528,0.6127660870552063
3529,0.6207621097564697
3530,0.6350564360618591
3531,0.6311795115470886
3532,0.6405991315841675
3533,0.6347379684448242
3534,0.6587449908256531
3535,0.6580290198326111
3536,0.6707003116607666
3537,0.6691300868988037
3538,0.6986343264579773
3539,0.6977761387825012
3540,0.6803211569786072
3541,0.6932724118232727
3542,0.6846272349357605
3543,0.6444244384765625
3544,0.6602678894996643
3545,0.6517860293388367
3546,0.6383456587791443
3547,0.6520054340362549
3548,0.6466044187545776
3549,0.6332263350486755
3550,0.6265830993652344
3551,0.6139792203903198
3552,0.6402862668037415
3553,0.623252809047699
3554,0.6339158415794373
3555,0.6259657740592957
3556,0.6339625716209412
3557,0.6168138980865479
3558,0.6195523142814636
3559,0.627586841583252
3560,0.6205801367759705
3561,0.64362633228302
3562,0.6403833031654358
3563,0.6480650305747986
3564,0.6478011608123779
3565,0.6486954092979431
3566,0.6727704405784607
3567,0.6731389164924622
3568,0.6785070300102234
3569,0.6896394491195679
3570,0.6901683211326599
3571,0.7014560699462891
3572,0.6910274624824524
3573,0.6992107629776001
3574,0.6888406276702881
3575,0.6832407116889954
3576,0.6835712790489197
3577,0.6502703428268433
3578,0.6673932075500488
3579,0.6366536617279053
3580,0.6219218373298645
3581,0.6428990960121155
3582,0.6362768411636353
3583,0.6456788182258606
3584,0.6543853878974915
3585,0.6270445585250854
3586,0.6376186013221741
3587,0.65046226978302
3588,0.6554536819458008
3589,0.6329567432403564
3590,0.662000834941864
3591,0.6478358507156372
3592,0.6564008593559265
3593,0.6016250848770142
3594,0.6680383086204529
3595,0.654148519039154
3596,0.6548826098442078
3597,0.6909400224685669
3598,0.6660201549530029
3599,0.6728579998016357
3600,0.6810427308082581
3601,0.6516326665878296
3602,0.6904488801956177
3603,0.6567941904067993
3604,0.6864145994186401
3605,0.6771798729896545
3606,0.673762321472168
3607,0.6780888438224792
3608,0.6873368620872498
3609,0.6903621554374695
3610,0.6945816278457642
3611,0.689793586730957
3612,0.705906867980957
3613,0.7009177803993225
3614,0.7004086971282959
3615,0.7102766633033752
3616,0.7113043069839478
3617,0.6977136135101318
3618,0.686997652053833
3619,0.6869651675224304
3620,0.687092661857605
3621,0.6824642419815063
3622,0.6904125809669495
3623,0.663740336894989
3624,0.6694740653038025
3625,0.6521342396736145
3626,0.6526221036911011
3627,0.637066125869751
3628,0.6446394324302673
3629,0.6597984433174133
3630,0.6430238485336304
3631,0.6383768916130066
3632,0.6164930462837219
3633,0.6400912404060364
3634,0.6333222389221191
3635,0.6345215439796448
3636,0.6344887614250183
3637,0.6265562176704407
3638,0.6360247731208801
3639,0.6372890472412109
3640,0.6400146484375
3641,0.6380207538604736
3642,0.6534833908081055
3643,0.6468024253845215
3644,0.6526778936386108
3645,0.6515790224075317
3646,0.6460554599761963
3647,0.6674408912658691
3648,0.6596088409423828
3649,0.6521992087364197
3650,0.6615217924118042
3651,0.6869242787361145
3652,0.6719363331794739
3653,0.6856734752655029
3654,0.6719217896461487
3655,0.7042563557624817
3656,0.6966095566749573
3657,0.6933653950691223
3658,0.7003032565116882
3659,0.7071384191513062
3660,0.7075327634811401
3661,0.7118609547615051
3662,0.702462375164032
3663,0.7071734070777893
3664,0.6975416541099548
3665,0.7039795517921448
3666,0.7028492093086243
3667,0.6946331262588501
3668,0.7043086290359497
3669,0.6920037865638733
3670,0.6925154328346252
3671,0.6975135803222656
3672,0.6949203014373779
3673,0.6965049505233765
3674,0.6983216404914856
3675,0.6843348741531372
3676,0.6831786632537842
3677,0.6777896881103516
3678,0.6874801516532898
3679,0.6886407732963562
3680,0.6929314136505127
3681,0.6789007186889648
3682,0.6881548166275024
3683,0.6956177353858948
3684,0.6915834546089172
3685,0.7012578248977661
3686,0.6918931603431702
3687,0.7103316187858582
3688,0.7050120234489441
3689,0.6963386535644531
3690,0.6845916509628296
3691,0.7047751545906067
3692,0.6850512027740479
3693,0.6840243339538574
3694,0.697378933429718
3695,0.6840682029724121
3696,0.6843395233154297
3697,0.6858008503913879
3698,0.6900935173034668
3699,0.6901326179504395
3700,0.6907019019126892
3701,0.6888683438301086
3702,0.6883944869041443
3703,0.6795639395713806
3704,0.6790081858634949
3705,0.6855040788650513
3706,0.6872422099113464
3707,0.6870787739753723
3708,0.6806161999702454
3709,0.6880683302879333
3710,0.6895295977592468
3711,0.6889793276786804
3712,0.6948044896125793
3713,0.6991398930549622
3714,0.6981780529022217
3715,0.700629472732544
3716,0.6587634682655334
3717,0.7060593366622925
3718,0.7014707922935486
3719,0.703183114528656
3720,0.7102947235107422
3721,0.7114273905754089
3722,0.7177525758743286
3723,0.7061842679977417
3724,0.7112008929252625
3725,0.7074940204620361
3726,0.7064914107322693
3727,0.7054876685142517
3728,0.7054758667945862
3729,0.7131435871124268
3730,0.7171100378036499
3731,0.702111005783081
3732,0.7096602916717529
3733,0.7154712080955505
3734,0.7137413024902344
3735,0.717927098274231
3736,0.6981387734413147
3737,0.7043165564537048
3738,0.6895360946655273
3739,0.7260335087776184
3740,0.6884598135948181
3741,0.6971048712730408
3742,0.6902698874473572
3743,0.6893794536590576
3744,0.6805167198181152
3745,0.6820747256278992
3746,0.6739687323570251
3747,0.6686915755271912
3748,0.664493203163147
3749,0.6622540950775146
3750,0.6599451899528503
3751,0.6512485146522522
3752,0.6579785943031311
3753,0.6548116207122803
3754,0.6608568429946899
3755,0.6605733633041382
3756,0.6651469469070435
3757,0.6623753309249878
3758,0.6724762320518494
3759,0.6743054389953613
3760,0.6833212971687317
3761,0.6778001189231873
3762,0.6876714825630188
3763,0.6889925599098206
3764,0.6991320252418518
3765,0.704060435295105
3766,0.7033449411392212
3767,0.7022532820701599
3768,0.6977630257606506
3769,0.7046921849250793
3770,0.7026728987693787
3771,0.6942982077598572
3772,0.7023690938949585
3773,0.6932963132858276
3774,0.6855560541152954
3775,0.6853439211845398
3776,0.6864491701126099
3777,0.6889904737472534
3778,0.672155499458313
3779,0.6732628345489502
3780,0.6752326488494873
3781,0.6753418445587158
3782,0.66853266954422
3783,0.6731783151626587
3784,0.6582095623016357
3785,0.6481776237487793
3786,0.645305871963501
3787,0.6421790719032288
3788,0.6417920589447021
3789,0.641119658946991
3790,0.6416292190551758
3791,0.6412529349327087
3792,0.6483939290046692
3793,0.6586170196533203
3794,0.6574578881263733
3795,0.6576971411705017
3796,0.6758495569229126
3797,0.6738390922546387
3798,0.6822041869163513
3799,0.6883565783500671
3800,0.6912683248519897
3801,0.6973350644111633
3802,0.7149533033370972
3803,0.7200484871864319
3804,0.7163158655166626
3805,0.7209349870681763
3806,0.7275506854057312
3807,0.726414680480957
3808,0.7334868907928467
3809,0.6186301112174988
3810,0.7392401695251465
3811,0.5965003967285156
3812,0.7362437844276428
3813,0.6366250514984131
3814,0.7271636128425598
3815,0.7212016582489014
3816,0.7143118977546692
3817,0.7084587216377258
3818,0.7108681201934814
3819,0.7094098329544067
3820,0.7029231190681458
3821,0.7014285922050476
3822,0.7044593691825867
3823,0.6996574997901917
3824,0.6999179720878601
3825,0.7008970379829407
3826,0.7014096975326538
3827,0.6921204924583435
3828,0.6837626099586487
3829,0.6750370860099792
3830,0.6895229816436768
3831,0.6910181641578674
3832,0.6952502131462097
3833,0.6861534714698792
3834,0.6774031519889832
3835,0.6735519170761108
3836,0.6743908524513245
3837,0.6905262470245361
3838,0.6423577666282654
3839,0.6735407114028931
3840,0.6734892725944519
3841,0.6549082398414612
3842,0.6370883584022522
3843,0.6365776658058167
3844,0.6346041560173035
3845,0.6430467963218689
3846,0.6505613923072815
3847,0.6212669610977173
3848,0.6444618701934814
3849,0.6486286520957947
3850,0.6578800082206726
3851,0.6604360938072205
3852,0.6786612868309021
3853,0.6857762932777405
3854,0.6777167320251465
3855,0.6847426891326904
3856,0.6802016496658325
3857,0.6783626079559326
3858,0.6794847249984741
3859,0.6714962124824524
3860,0.6794461607933044
3861,0.6805022358894348
3862,0.6797982454299927
3863,0.6793898344039917
3864,0.6801750659942627
3865,0.6763941645622253
3866,0.6915152072906494
3867,0.6940101981163025
3868,0.6878656148910522
3869,0.6892411112785339
3870,0.6825432777404785
3871,0.6847580075263977
3872,0.6857585310935974
3873,0.6850300431251526
3874,0.6854751706123352
3875,0.6939908266067505
3876,0.6930834054946899
3877,0.6858912110328674
3878,0.6843562126159668
3879,0.6852936744689941
3880,0.6834309697151184
3881,0.6833705902099609
3882,0.68968266248703
3883,0.6913619637489319
3884,0.6806290149688721
3885,0.6783207058906555
3886,0.6849783658981323
3887,0.6857773661613464
3888,0.6888613104820251
3889,0.6978579163551331
3890,0.6969811916351318
3891,0.686030387878418
3892,0.7023760676383972
3893,0.6979290246963501
3894,0.6975463628768921
3895,0.6892151832580566
3896,0.7079053521156311
3897,0.7064422965049744
3898,0.706577718257904
3899,0.7074181437492371
3900,0.7094696164131165
3901,0.7105602025985718
3902,0.7108321189880371
3903,0.7053081393241882
3904,0.7024949193000793
3905,0.6886409521102905
3906,0.6934264302253723
3907,0.6845495700836182
3908,0.6854191422462463
3909,0.6762906908988953
3910,0.6832793354988098
3911,0.6764945387840271
3912,0.6622220873832703
3913,0.6726534366607666
3914,0.6645522117614746
3915,0.666546642780304
3916,0.6803411245346069
3917,0.6640656590461731
3918,0.6700899600982666
3919,0.6633418202400208
3920,0.6839621663093567
3921,0.6673059463500977
3922,0.6602721810340881
3923,0.6588122844696045
3924,0.6734917759895325
3925,0.6737901568412781
3926,0.6675719022750854
3927,0.6842924952507019
3928,0.6823728680610657
3929,0.6931436657905579
3930,0.6929978728294373
3931,0.6830542683601379
3932,0.6938776969909668
3933,0.6844560503959656
3934,0.6894747614860535
3935,0.6960318684577942
3936,0.6808414459228516
3937,0.6886858344078064
3938,0.6905916929244995
3939,0.6890043616294861
3940,0.6970210075378418
3941,0.6913288831710815
3942,0.6906237006187439
3943,0.6918520331382751
3944,0.6927443146705627
3945,0.6903592944145203
3946,0.6628848910331726
3947,0.6596850752830505
3948,0.6776878237724304
3949,0.6766502261161804
3950,0.6271432042121887
3951,0.6648402214050293
3952,0.6628545522689819
3953,0.653104305267334
3954,0.6606820821762085
3955,0.6588296890258789
3956,0.641497790813446
3957,0.6235636472702026
3958,0.6447760462760925
3959,0.6366325616836548
3960,0.6486921310424805
3961,0.6537361741065979
3962,0.6430283784866333
3963,0.6446990370750427
3964,0.6520196199417114
3965,0.6497268676757812
3966,0.6556470394134521
3967,0.6649038791656494
3968,0.6608374714851379
3969,0.6635331511497498
3970,0.6667302846908569
3971,0.6806210279464722
3972,0.6817981600761414
3973,0.6473320126533508
3974,0.6713002324104309
3975,0.6768534183502197
3976,0.6761381030082703
3977,0.6419071555137634
3978,0.6616332530975342
3979,0.6599471569061279
3980,0.6600923538208008
3981,0.6604735255241394
3982,0.66050785779953
3983,0.6506643295288086
3984,0.6650657057762146
3985,0.6634018421173096
3986,0.6663317680358887
3987,0.6731201410293579
3988,0.6742303967475891
3989,0.6740217804908752
3990,0.6830582022666931
3991,0.6858682036399841
3992,0.6939842700958252
3993,0.7033090591430664
3994,0.7150751352310181
3995,0.7150081992149353
3996,0.7150416970252991
3997,0.7177397012710571
3998,0.7166782021522522
3999,0.7186328172683716
4000,0.7169476747512817
4001,0.7227914333343506
4002,0.7253066897392273
4003,0.7125260233879089
4004,0.7051164507865906
4005,0.7014732360839844
4006,0.7020514011383057
4007,0.6895140409469604
4008,0.6882433891296387
4009,0.681232213973999
4010,0.6836032867431641
4011,0.67699134349823
4012,0.6794893741607666
4013,0.6820844411849976
4014,0.6987655758857727
4015,0.6823573708534241
4016,0.6914752721786499
4017,0.6829469203948975
4018,0.6871045827865601
4019,0.6756718754768372
4020,0.6687040328979492
4021,0.6813681125640869
4022,0.6795889139175415
4023,0.6817528605461121
4024,0.6812558174133301
4025,0.6844596862792969
4026,0.6902874112129211
4027,0.6836668848991394
4028,0.6923731565475464
4029,0.6844601631164551
4030,0.685103178024292
4031,0.6885496377944946
4032,0.6828322410583496
4033,0.6816853880882263
4034,0.6770312190055847
4035,0.6760488748550415
4036,0.6760796308517456
4037,0.6706572771072388
4038,0.671242356300354
4039,0.6756274104118347
4040,0.6476024389266968
4041,0.6700551509857178
4042,0.680493175983429
4043,0.6688441038131714
4044,0.6672601103782654
4045,0.6701690554618835
4046,0.6704187989234924
4047,0.6693522930145264
4048,0.6689093112945557
4049,0.6574091911315918
4050,0.6497377157211304
4051,0.6535831689834595
4052,0.6451281905174255
4053,0.6458000540733337
4054,0.6475501656532288
4055,0.6480006575584412
4056,0.6386422514915466
4057,0.6456652879714966
4058,0.6505324244499207
4059,0.6485296487808228
4060,0.6459103226661682
4061,0.6551551818847656
4062,0.6520951390266418
4063,0.6592082381248474
4064,0.6599716544151306
4065,0.6690628528594971
4066,0.667487621307373
4067,0.6831088662147522
4068,0.6835421919822693
4069,0.6940038800239563
4070,0.6918962001800537
4071,0.6921437382698059
4072,0.702305793762207
4073,0.7105059623718262
4074,0.7097673416137695
4075,0.7198036909103394
4076,0.70240318775177
4077,0.7109017372131348
4078,0.71059650182724
4079,0.7261068224906921
4080,0.7173340320587158
4081,0.721118688583374
4082,0.6994487643241882
4083,0.689185380935669
4084,0.6854021549224854
4085,0.6885466575622559
4086,0.6900368928909302
4087,0.6758562922477722
4088,0.6794473528862
4089,0.6882221698760986
4090,0.6859989166259766
4091,0.6784462332725525
4092,0.6805605292320251
4093,0.6828736066818237
4094,0.6816815137863159
4095,0.6931782364845276
4096,0.6852855086326599
4097,0.6843644976615906
4098,0.6834558248519897
4099,0.6862302422523499
4100,0.6863405108451843
4101,0.685538649559021
4102,0.67959064245224
4103,0.6790377497673035
4104,0.6788644790649414
4105,0.6760903000831604
4106,0.6768685579299927
4107,0.676988422870636
4108,0.6787076592445374
4109,0.6776430010795593
4110,0.6756055355072021
4111,0.6742812991142273
4112,0.6745412945747375
4113,0.6828020811080933
4114,0.6704357266426086
4115,0.6790070533752441
4116,0.6791156530380249
4117,0.6790474057197571
4118,0.6780105233192444
4119,0.6703318357467651
4120,0.6886106133460999
4121,0.6802014708518982
4122,0.6739023923873901
4123,0.6712759733200073
4124,0.6722756028175354
4125,0.6721343398094177
4126,0.6708465814590454
4127,0.6611859202384949
4128,0.665515661239624
4129,0.6634443998336792
4130,0.6641688942909241
4131,0.6674984097480774
4132,0.6766701936721802
4133,0.6774658560752869
4134,0.6781905889511108
4135,0.6813659071922302
4136,0.6911646723747253
4137,0.6893250346183777
4138,0.68913334608078
4139,0.6794074773788452
4140,0.6858137249946594
4141,0.6942968964576721
4142,0.696240246295929
4143,0.6872960329055786
4144,0.6968362927436829
4145,0.6793553233146667
4146,0.6772674322128296
4147,0.6686698794364929
4148,0.6691407561302185
4149,0.6637303233146667
4150,0.6641652584075928
4151,0.6628299951553345
4152,0.6706878542900085
4153,0.6622894406318665
4154,0.6605686545372009
4155,0.6452056169509888
4156,0.6514036059379578
4157,0.6584545969963074
4158,0.6653550267219543
4159,0.6516535878181458
4160,0.6684123873710632
4161,0.6647060513496399
4162,0.6846396923065186
4163,0.6924788951873779
4164,0.6796092391014099
4165,0.6901134848594666
4166,0.6838152408599854
4167,0.6999229192733765
4168,0.7012794613838196
4169,0.7028689384460449
4170,0.7050154209136963
4171,0.7094824910163879
4172,0.7006734609603882
4173,0.7029314637184143
4174,0.7048248052597046
4175,0.7119327783584595
4176,0.7054032683372498
4177,0.7027587890625
4178,0.6921114325523376
4179,0.6905016303062439
4180,0.6877821087837219
4181,0.681054413318634
4182,0.6801793575286865
4183,0.690690815448761
4184,0.6956969499588013
4185,0.6794301271438599
4186,0.6697929501533508
4187,0.6718459725379944
4188,0.6780469417572021
4189,0.6786456108093262
4190,0.6772515773773193
4191,0.6674331426620483
4192,0.6750585436820984
4193,0.6832218170166016
4194,0.6869173645973206
4195,0.680308997631073
4196,0.6857715249061584
4197,0.6848371028900146
4198,0.680748701095581
4199,0.6866713762283325
4200,0.6957789063453674
4201,0.6866540908813477
4202,0.6959373354911804
4203,0.6941712498664856
4204,0.7039344310760498
4205,0.7032737731933594
4206,0.6986969113349915
4207,0.6999225616455078
4208,0.6920418739318848
4209,0.6953806281089783
4210,0.6956369876861572
4211,0.697246253490448
4212,0.7001696825027466
4213,0.7040490508079529
4214,0.7061989307403564
4215,0.7064028382301331
4216,0.7078693509101868
4217,0.7053617835044861
4218,0.7053641676902771
4219,0.7052850723266602
4220,0.7147541642189026
4221,0.7089037299156189
4222,0.7109701633453369
4223,0.7107345461845398
4224,0.7121520042419434
4225,0.7142719030380249
4226,0.5330449342727661
4227,0.6715944409370422
4228,0.6803901195526123
4229,0.7016721963882446
4230,0.604540228843689
4231,0.5793218016624451
4232,0.7020971179008484
4233,0.6608737707138062
4234,0.5391156673431396
4235,0.6882675290107727
4236,0.6959778666496277
4237,0.691220760345459
4238,0.6872307658195496
4239,0.6961429119110107
4240,0.6979801654815674
4241,0.7089536786079407
4242,0.7013190388679504
4243,0.713105320930481
4244,0.7135370373725891
4245,0.7105393409729004
4246,0.7111076712608337
4247,0.7077393531799316
4248,0.7060131430625916
4249,0.7047621011734009
4250,0.7115753293037415
4251,0.7020437121391296
4252,0.7099167108535767
4253,0.7031829357147217
4254,0.7087447643280029
4255,0.7080103754997253
4256,0.6953893899917603
4257,0.7045958638191223
4258,0.7015992999076843
4259,0.6947824358940125
4260,0.6914899945259094
4261,0.7091860771179199
4262,0.6943218111991882
4263,0.6840837001800537
4264,0.6840056777000427
4265,0.6840901374816895
4266,0.6796519756317139
4267,0.6714004874229431
4268,0.6829211115837097
4269,0.6773970127105713
4270,0.6810568571090698
4271,0.6732696890830994
4272,0.6781725287437439
4273,0.6712625622749329
4274,0.6727540493011475
4275,0.6658185124397278
4276,0.6712480187416077
4277,0.6744470000267029
4278,0.664829432964325
4279,0.6625935435295105
4280,0.6542720198631287
4281,0.6716321110725403
4282,0.6631947159767151
4283,0.6795578002929688
4284,0.6690957546234131
4285,0.6676343083381653
4286,0.6709021329879761
4287,0.6699396371841431
4288,0.6690967082977295
4289,0.6752736568450928
4290,0.6817747354507446
4291,0.6729565858840942
4292,0.6664742827415466
4293,0.6592329740524292
4294,0.6882014870643616
4295,0.6724998950958252
4296,0.6742631196975708
4297,0.6842270493507385
4298,0.6946062445640564
4299,0.6848565936088562
4300,0.6912359595298767
4301,0.6915019154548645
4302,0.6828590631484985
4303,0.6787137985229492
4304,0.6831117868423462
4305,0.6768733263015747
4306,0.690739095211029
4307,0.6810240745544434
4308,0.6809370517730713
4309,0.6743812561035156
4310,0.6816989183425903
4311,0.6773704886436462
4312,0.6775429844856262
4313,0.680255651473999
4314,0.6808327436447144
4315,0.6811583638191223
4316,0.683080792427063
4317,0.6833594441413879
4318,0.6752272248268127
4319,0.6771771311759949
4320,0.6734496355056763
4321,0.6663369536399841
4322,0.6716260313987732
4323,0.6748417019844055
4324,0.6762349009513855
4325,0.6829120516777039
4326,0.6833286881446838
4327,0.674830436706543
4328,0.6811211705207825
4329,0.6917728185653687
4330,0.6920759677886963
4331,0.6921117305755615
4332,0.6913087964057922
4333,0.6909404397010803
4334,0.6952290534973145
4335,0.6987966895103455
4336,0.6990377306938171
4337,0.6957516670227051
4338,0.7017417550086975
4339,0.7093707919120789
4340,0.7087643146514893
4341,0.7109450101852417
4342,0.72294682264328
4343,0.7227634787559509
4344,0.7225157618522644
4345,0.7240254878997803
4346,0.7227612733840942
4347,0.7251015305519104
4348,0.71433025598526
4349,0.7268374562263489
4350,0.7285115718841553
4351,0.7192714810371399
4352,0.7182576060295105
4353,0.7152771353721619
4354,0.7128100395202637
4355,0.7045137882232666
4356,0.7057551741600037
4357,0.7070649266242981
4358,0.705315351486206
4359,0.700781524181366
4360,0.7086494565010071
4361,0.7096213698387146
4362,0.702744722366333
4363,0.7030882835388184
4364,0.692045271396637
4365,0.6986636519432068
4366,0.6993210911750793
4367,0.6874194741249084
4368,0.6893210411071777
4369,0.687370240688324
4370,0.6801674962043762
4371,0.6805182099342346
4372,0.6792458295822144
4373,0.6807332634925842
4374,0.681899905204773
4375,0.6732897162437439
4376,0.667794942855835
4377,0.67679363489151
4378,0.6782705187797546
4379,0.6824018955230713
4380,0.6806358695030212
4381,0.6816038489341736
4382,0.6897690892219543
4383,0.6926133632659912
4384,0.6911961436271667
4385,0.6839765310287476
4386,0.6894562840461731
4387,0.6877278685569763
4388,0.6977269649505615
4389,0.6866271495819092
4390,0.6871768832206726
4391,0.6822729110717773
4392,0.6900753378868103
4393,0.6876615881919861
4394,0.6861708760261536
4395,0.6836536526679993
4396,0.6853514313697815
4397,0.6876519918441772
4398,0.6955896615982056
4399,0.69603031873703
4400,0.6900856494903564
4401,0.6992712020874023
4402,0.6922787427902222
4403,0.7059430480003357
4404,0.7050262689590454
4405,0.7139482498168945
4406,0.7084931135177612
4407,0.7090357542037964
4408,0.7105405926704407
4409,0.7062875032424927
4410,0.7145825624465942
4411,0.7068373560905457
4412,0.7064132690429688
4413,0.7133026719093323
4414,0.7143195867538452
4415,0.7118305563926697
4416,0.7059227228164673
4417,0.7157862186431885
4418,0.7246094942092896
4419,0.707421600818634
4420,0.7180934548377991
4421,0.7124036550521851
4422,0.7104079723358154
4423,0.7101435661315918
4424,0.7037857174873352
4425,0.6972589492797852
4426,0.6871035099029541
4427,0.6927329897880554
4428,0.692216694355011
4429,0.6927633881568909
4430,0.6919200420379639
4431,0.6859704256057739
4432,0.6852124333381653
4433,0.6870530247688293
4434,0.6812524199485779
4435,0.6870667934417725
4436,0.6878456473350525
4437,0.6870983839035034
4438,0.6914300322532654
4439,0.6975468397140503
4440,0.6973820328712463
4441,0.6990504264831543
4442,0.7012417316436768
4443,0.6977013349533081
4444,0.7003563046455383
4445,0.7025300860404968
4446,0.6967334151268005
4447,0.703131914138794
4448,0.7054356336593628
4449,0.7060553431510925
4450,0.7060667872428894
4451,0.7046288251876831
4452,0.7027427554130554
4453,0.6966263055801392
4454,0.6939584016799927
4455,0.6934507489204407
4456,0.7004339694976807
4457,0.6954442858695984
4458,0.7052767872810364
4459,0.7124231457710266
4460,0.6954500675201416
4461,0.6879833340644836
4462,0.6952313780784607
4463,0.6917873620986938
4464,0.6836910843849182
4465,0.6936278343200684
4466,0.6902164816856384
4467,0.6915628910064697
4468,0.6917309761047363
4469,0.6904959678649902
4470,0.7046387791633606
4471,0.6937738060951233
4472,0.697889506816864
4473,0.6990542411804199
4474,0.6912639141082764
4475,0.6914565563201904
4476,0.7021024227142334
4477,0.7029027342796326
4478,0.7021309733390808
4479,0.7041293382644653
4480,0.712860643863678
4481,0.7138595581054688
4482,0.7157572507858276
4483,0.7253902554512024
4484,0.7213698625564575
4485,0.7184768319129944
4486,0.7178964614868164
4487,0.7169626355171204
4488,0.709303617477417
4489,0.7195422649383545
4490,0.7148849964141846
4491,0.7204731702804565
4492,0.709758996963501
4493,0.7080898880958557
4494,0.7077771425247192
4495,0.7011844515800476
4496,0.7015351057052612
4497,0.6911702752113342
4498,0.6947696805000305
4499,0.6875355839729309
4500,0.6898922920227051
4501,0.69051593542099
4502,0.6875784397125244
4503,0.6904699802398682
4504,0.693515956401825
4505,0.6906707882881165
4506,0.6908802390098572
4507,0.6953732371330261
4508,0.693873405456543
4509,0.7078468799591064
4510,0.6998942494392395
4511,0.7137742638587952
4512,0.7099904417991638
4513,0.7004701495170593
4514,0.6749010682106018
4515,0.7043282985687256
4516,0.7037708163261414
4517,0.7132230401039124
4518,0.706574559211731
4519,0.7041346430778503
4520,0.7148816585540771
4521,0.7063390612602234
4522,0.7133854627609253
4523,0.7055781483650208
4524,0.7152639627456665
4525,0.7065178751945496
4526,0.7093693017959595
4527,0.7104477286338806
4528,0.7244628071784973
4529,0.7127472758293152
4530,0.6950346231460571
4531,0.6957354545593262
4532,0.6963152289390564
4533,0.6951132416725159
4534,0.6993025541305542
4535,0.7057456970214844
4536,0.7048825025558472
4537,0.700473427772522
4538,0.692560613155365
4539,0.7041328549385071
4540,0.7013193964958191
4541,0.695864200592041
4542,0.7035401463508606
4543,0.6928654909133911
4544,0.6959143280982971
4545,0.7008001804351807
4546,0.709823727607727
4547,0.6992165446281433
4548,0.7069466710090637
4549,0.6999086737632751
4550,0.7063271999359131
4551,0.7053436040878296
4552,0.7141391038894653
4553,0.7071973085403442
4554,0.7081919312477112
4555,0.7069702744483948
4556,0.7081040740013123
4557,0.7001028060913086
4558,0.7063420414924622
4559,0.7053950428962708
4560,0.6921451091766357
4561,0.6935452818870544
4562,0.6916433572769165
4563,0.6820578575134277
4564,0.6976064443588257
4565,0.672116219997406
4566,0.6814022064208984
4567,0.6819184422492981
4568,0.671678364276886
4569,0.6822020411491394
4570,0.6734780669212341
4571,0.6739693880081177
4572,0.6772599220275879
4573,0.6869953870773315
4574,0.6968003511428833
4575,0.7051746249198914
4576,0.6903050541877747
4577,0.6977493166923523
4578,0.7053353786468506
4579,0.7047874331474304
4580,0.7045062780380249
4581,0.7058274745941162
4582,0.7136502265930176
4583,0.706416666507721
4584,0.7054469585418701
4585,0.7061977982521057
4586,0.6975592374801636
4587,0.7052119374275208
4588,0.7122734785079956
4589,0.7048696279525757
4590,0.7075439095497131
4591,0.6993079781532288
4592,0.7010756731033325
4593,0.6985709071159363
4594,0.7048335671424866
4595,0.6976224780082703
4596,0.7067927718162537
4597,0.6993025541305542
4598,0.698081374168396
4599,0.7067692279815674
4600,0.6981545090675354
4601,0.7009382247924805
4602,0.6995830535888672
4603,0.7014616131782532
4604,0.6953505873680115
4605,0.6790151596069336
4606,0.6880193948745728
4607,0.6794654726982117
4608,0.6799542307853699
4609,0.6287713646888733
4610,0.6706803441047668
4611,0.6656013131141663
4612,0.6712674498558044
4613,0.6684241890907288
4614,0.6693946123123169
4615,0.6693691611289978
4616,0.6782556176185608
4617,0.6794154644012451
4618,0.6532208323478699
4619,0.6859548687934875
4620,0.6810832619667053
4621,0.6944563984870911
4622,0.6918461322784424
4623,0.705302357673645
4624,0.6995792984962463
4625,0.7159609794616699
4626,0.6899546980857849
4627,0.7049987316131592
4628,0.7060559391975403
4629,0.7169623374938965
4630,0.7193740010261536
4631,0.7166121006011963
4632,0.7202916741371155
4633,0.6867868304252625
4634,0.718654215335846
4635,0.6990070343017578
4636,0.7076634764671326
4637,0.7147060632705688
4638,0.7139772772789001
4639,0.7073065638542175
4640,0.6977652311325073
4641,0.708311140537262
4642,0.6991698741912842
4643,0.7095487713813782
4644,0.7092272043228149
4645,0.69902503490448
4646,0.6933164596557617
4647,0.7020673155784607
4648,0.6921124458312988
4649,0.6964780688285828
4650,0.7000926733016968
4651,0.6992802619934082
4652,0.6914095282554626
4653,0.690894603729248
4654,0.6921432614326477
4655,0.696619987487793
4656,0.7033700942993164
4657,0.6958025693893433
4658,0.7130293846130371
4659,0.7077903151512146
4660,0.7119097113609314
4661,0.7104545831680298
4662,0.7119457721710205
4663,0.7101325988769531
4664,0.7167137861251831
4665,0.712187647819519
4666,0.7023792862892151
4667,0.7039840221405029
4668,0.7011008262634277
4669,0.7009656429290771
4670,0.6998291611671448
4671,0.7014015913009644
4672,0.7113410830497742
4673,0.6970711350440979
4674,0.7077018618583679
4675,0.7116103768348694
4676,0.7140418291091919
4677,0.715711772441864
4678,0.7086966633796692
4679,0.707589864730835
4680,0.7178195118904114
4681,0.7117371559143066
4682,0.7014567852020264
4683,0.6998165249824524
4684,0.6849526762962341
4685,0.6925337314605713
4686,0.6925875544548035
4687,0.6791470050811768
4688,0.6876595616340637
4689,0.6884994506835938
4690,0.6688856482505798
4691,0.691858172416687
4692,0.6901782155036926
4693,0.6873767375946045
4694,0.6882193088531494
4695,0.6873277425765991
4696,0.6948961615562439
4697,0.6929863095283508
4698,0.6941710114479065
4699,0.6929849982261658
4700,0.6977465748786926
4701,0.7051929831504822
4702,0.7029831409454346
4703,0.692176878452301
4704,0.6981741786003113
4705,0.6962354183197021
4706,0.6943541765213013
4707,0.694857120513916
4708,0.6944747567176819
4709,0.7034082412719727
4710,0.6984920501708984
4711,0.6914976835250854
4712,0.692655622959137
4713,0.6935598254203796
4714,0.6882109642028809
4715,0.6904826164245605
4716,0.7009303569793701
4717,0.6957960724830627
4718,0.6922181844711304
4719,0.6961085796356201
4720,0.6997725963592529
4721,0.6997678279876709
4722,0.6921845078468323
4723,0.6932066082954407
4724,0.6906275749206543
4725,0.6885685920715332
4726,0.6796430349349976
4727,0.6799800992012024
4728,0.6742957830429077
4729,0.6793296933174133
4730,0.6778115034103394
4731,0.6914586424827576
4732,0.6748285293579102
4733,0.6728847026824951
4734,0.6698683500289917
4735,0.6798139810562134
4736,0.6797313094139099
4737,0.6902592182159424
4738,0.6932888031005859
4739,0.6844044923782349
4740,0.6925156712532043
4741,0.7006799578666687
4742,0.7019890546798706
4743,0.705036461353302
4744,0.7073599100112915
4745,0.7047064304351807
4746,0.7107463479042053
4747,0.7094916105270386
4748,0.7147490978240967
4749,0.7077562212944031
4750,0.7005969285964966
4751,0.7069999575614929
4752,0.705761194229126
4753,0.7055721879005432
4754,0.7038800120353699
4755,0.6868565678596497
4756,0.705377459526062
4757,0.703907310962677
4758,0.7022843956947327
4759,0.7027642130851746
4760,0.6929368376731873
4761,0.7026736736297607
4762,0.7025336027145386
4763,0.6946515440940857
4764,0.704216480255127
4765,0.7036294937133789
4766,0.7049407362937927
4767,0.7026490569114685
4768,0.7024369239807129
4769,0.7011376619338989
4770,0.6999526023864746
4771,0.7015798091888428
4772,0.6968458890914917
4773,0.6944543123245239
4774,0.6932693123817444
4775,0.6948698163032532
4776,0.696298360824585
4777,0.6953303217887878
4778,0.6919240355491638
4779,0.705498456954956
4780,0.7028512954711914
4781,0.7041661739349365
4782,0.7037738561630249
4783,0.7060227990150452
4784,0.7080692052841187
4785,0.7051779627799988
4786,0.7009034156799316
4787,0.7068952322006226
4788,0.7049183249473572
4789,0.7049711346626282
4790,0.7027053833007812
4791,0.7022073268890381
4792,0.7016906142234802
4793,0.7010537981987
4794,0.6991532444953918
4795,0.6971383094787598
4796,0.6970930695533752
4797,0.6978541612625122
4798,0.6971652507781982
4799,0.6947598457336426
4800,0.6860446929931641
4801,0.6927724480628967
4802,0.6975682377815247
4803,0.7059727311134338
4804,0.705706000328064
4805,0.7115299105644226
4806,0.7146316766738892
4807,0.7152844667434692
4808,0.7164671421051025
4809,0.7147961258888245
4810,0.715958297252655
4811,0.71955406665802
4812,0.7199785113334656
4813,0.7118217945098877
4814,0.7130541205406189
4815,0.7084624767303467
4816,0.713610827922821
4817,0.6897751092910767
4818,0.7098370790481567
4819,0.6818488836288452
4820,0.7080950140953064
4821,0.7089904546737671
4822,0.7012250423431396
4823,0.7026196122169495
4824,0.7040291428565979
4825,0.703693687915802
4826,0.704659104347229
4827,0.6991170048713684
4828,0.6962628960609436
4829,0.6951243281364441
4830,0.6862539649009705
4831,0.6924156546592712
4832,0.6900142431259155
4833,0.6879284381866455
4834,0.6868042349815369
4835,0.6860360503196716
4836,0.6842979788780212
4837,0.6837918162345886
4838,0.6844436526298523
4839,0.681598424911499
4840,0.6748955845832825
4841,0.6817993521690369
4842,0.678761899471283
4843,0.6799376010894775
4844,0.6695349812507629
4845,0.670761227607727
4846,0.6722432971000671
4847,0.6742013096809387
4848,0.6652787327766418
4849,0.6661538481712341
4850,0.6685200333595276
4851,0.6711001992225647
4852,0.6657905578613281
4853,0.665533721446991
4854,0.6648282408714294
4855,0.66218101978302
4856,0.6547481417655945
4857,0.670451819896698
4858,0.6784764528274536
4859,0.6784268617630005
4860,0.6717759370803833
4861,0.6851973533630371
4862,0.6833592057228088
4863,0.6753922700881958
4864,0.6815054416656494
4865,0.6824363470077515
4866,0.7069100737571716
4867,0.6905440092086792
4868,0.6858249306678772
4869,0.6945176124572754
4870,0.6928563714027405
4871,0.7007080316543579
4872,0.7013108134269714
4873,0.7025068402290344
4874,0.6966396570205688
4875,0.7069956660270691
4876,0.7011678814888
4877,0.7107651233673096
4878,0.7171887159347534
4879,0.7044543623924255
4880,0.7048763632774353
4881,0.7123609185218811
4882,0.7110717296600342
4883,0.7121542692184448
4884,0.7127442955970764
4885,0.7038381695747375
4886,0.7022159099578857
4887,0.7010303139686584
4888,0.6998552680015564
4889,0.7004165649414062
4890,0.7067161202430725
4891,0.7115071415901184
4892,0.7022997140884399
4893,0.7033064365386963
4894,0.704773485660553
4895,0.7056908011436462
4896,0.6970785856246948
4897,0.7119247317314148
4898,0.7046838998794556
4899,0.6897764205932617
4900,0.6900274753570557
4901,0.688237726688385
4902,0.6850324869155884
4903,0.6782448291778564
4904,0.678919792175293
4905,0.6722666025161743
4906,0.6381163597106934
4907,0.7001183032989502
4908,0.6879526972770691
4909,0.6929785013198853
4910,0.7017435431480408
4911,0.6933497190475464
4912,0.6929016709327698
4913,0.697953999042511
4914,0.6957141160964966
4915,0.6954529881477356
4916,0.7182735204696655
4917,0.7038810849189758
4918,0.7008653283119202
4919,0.7014589905738831
4920,0.7017121315002441
4921,0.7022155523300171
4922,0.7073708772659302
4923,0.7086581587791443
4924,0.7141754031181335
4925,0.7111582159996033
4926,0.7126268744468689
4927,0.7051896452903748
4928,0.711448609828949
4929,0.7075239419937134
4930,0.7038700580596924
4931,0.7056213617324829
4932,0.7056971788406372
4933,0.7032110095024109
4934,0.7131476402282715
4935,0.7143478989601135
4936,0.7192335724830627
4937,0.7196424007415771
4938,0.723849892616272
4939,0.7228186726570129
4940,0.7241060733795166
4941,0.7278487086296082
4942,0.732100248336792
4943,0.7298197746276855
4944,0.7309502959251404
4945,0.7227616310119629
4946,0.7223075032234192
4947,0.730137050151825
4948,0.7159106731414795
4949,0.7257475852966309
4950,0.7172003984451294
4951,0.7175346612930298
4952,0.7204315066337585
4953,0.7170359492301941
4954,0.7063153386116028
4955,0.7097589373588562
4956,0.6874592900276184
4957,0.6852747797966003
4958,0.6872138381004333
4959,0.6762974262237549
4960,0.6833230257034302
4961,0.684065043926239
4962,0.6707471013069153
4963,0.6866047382354736
4964,0.6865226626396179
4965,0.6983704566955566
4966,0.691489040851593
4967,0.6876790523529053
4968,0.704212486743927
4969,0.6849976181983948
4970,0.70063316822052
4971,0.7061722278594971
4972,0.7139471173286438
4973,0.708513617515564
4974,0.7055549025535583
4975,0.7197420597076416
4976,0.703676164150238
4977,0.7066507339477539
4978,0.7099000215530396
4979,0.7099647521972656
4980,0.7080725431442261
4981,0.7018076777458191
4982,0.705485463142395
4983,0.6884274482727051
4984,0.6881985664367676
4985,0.6873655319213867
4986,0.6778156161308289
4987,0.6857993602752686
4988,0.6810501217842102
4989,0.6858002543449402
4990,0.6849235892295837
4991,0.6845537424087524
4992,0.6829195022583008
4993,0.6918267607688904
4994,0.6833893656730652
4995,0.689050555229187
4996,0.690080463886261
4997,0.6889172792434692
4998,0.6912530660629272
4999,0.6945546865463257
5000,0.6996078491210938
5001,0.6989962458610535
5002,0.6971408128738403
5003,0.6892845630645752
5004,0.6992713212966919
5005,0.7083541750907898
5006,0.7027432918548584
5007,0.7111672163009644
5008,0.7062951326370239
5009,0.7284314632415771
5010,0.7130396962165833
5011,0.700767993927002
5012,0.7001904249191284
5013,0.6984716057777405
5014,0.6894541382789612
5015,0.6820752620697021
5016,0.6896136999130249
5017,0.6733023524284363
5018,0.6721936464309692
5019,0.6706527471542358
5020,0.6663041114807129
5021,0.6741256713867188
5022,0.6670193672180176
5023,0.6701711416244507
5024,0.6687379479408264
5025,0.6775867342948914
5026,0.6707711815834045
5027,0.6750794053077698
5028,0.6761756539344788
5029,0.6749563217163086
5030,0.6822160482406616
5031,0.6843469738960266
5032,0.6975336074829102
5033,0.7064377665519714
5034,0.6773642897605896
5035,0.6920858025550842
5036,0.698497474193573
5037,0.6968629360198975
5038,0.7040507793426514
5039,0.6985205411911011
5040,0.6994908452033997
5041,0.6991634368896484
5042,0.695837676525116
5043,0.6931042671203613
5044,0.6919407248497009
5045,0.7016323208808899
5046,0.7013686299324036
5047,0.7093356847763062
5048,0.6864335536956787
5049,0.7141819000244141
5050,0.48285409808158875
5051,0.26660504937171936
5052,0.27514198422431946
5053,0.2730574607849121
5054,0.29405537247657776
5055,0.27360931038856506
5056,0.2597900927066803
5057,0.7252913117408752
5058,0.5002846121788025
5059,0.6028638482093811
5060,0.6880908012390137
5061,0.687637209892273
5062,0.6858333945274353
5063,0.6434287428855896
5064,0.6593977808952332
5065,0.6079365015029907
5066,0.6555695533752441
5067,0.6178655624389648
5068,0.6894755959510803
5069,0.6935127377510071
5070,0.6870566010475159
5071,0.7137033343315125
5072,0.7131638526916504
5073,0.7049440145492554
5074,0.7128908634185791
5075,0.7006362080574036
5076,0.6986204981803894
5077,0.6961146593093872
5078,0.6778935194015503
5079,0.6882483959197998
5080,0.695820152759552
5081,0.6726061701774597
5082,0.6717919707298279
5083,0.6800055503845215
5084,0.6725575923919678
5085,0.7006884217262268
5086,0.7077144980430603
5087,0.6943255066871643
5088,0.7207788228988647
5089,0.7170708179473877
5090,0.7189539670944214
5091,0.7179508209228516
5092,0.721709668636322
5093,0.7250605821609497
5094,0.7348819375038147
5095,0.713578462600708
5096,0.7384345531463623
5097,0.7312732338905334
5098,0.7353983521461487
5099,0.7298234105110168
5100,0.7220906615257263
5101,0.7170643210411072
5102,0.7071916460990906
5103,0.7088817954063416
5104,0.7000369429588318
5105,0.6886224150657654
5106,0.6885873675346375
5107,0.6799182295799255
5108,0.6723998188972473
5109,0.6858677864074707
5110,0.677629828453064
5111,0.6893782019615173
5112,0.6988518238067627
5113,0.6986503005027771
5114,0.69797682762146
5115,0.7085099220275879
5116,0.6886481642723083
5117,0.6990914940834045
5118,0.7063698172569275
5119,0.6949191093444824
5120,0.7063579559326172
5121,0.7059388160705566
5122,0.7032461762428284
5123,0.7032583951950073
5124,0.7153465151786804
5125,0.7100269198417664
5126,0.7179110646247864
5127,0.6996591687202454
5128,0.7030774354934692
5129,0.712390124797821
5130,0.7115359902381897
5131,0.70076984167099
5132,0.7141129374504089
5133,0.6925709247589111
5134,0.6963686347007751
5135,0.6816620826721191
5136,0.6910998225212097
5137,0.6922235488891602
5138,0.6912865042686462
5139,0.6934930682182312
5140,0.7040698528289795
5141,0.6978271007537842
5142,0.7089966535568237
5143,0.7107157111167908
5144,0.7175405025482178
5145,0.6969351172447205
5146,0.7054577469825745
5147,0.7047020792961121
5148,0.7032648921012878
5149,0.6983987092971802
5150,0.6998006105422974
5151,0.6991904377937317
5152,0.6997919678688049
5153,0.701093316078186
5154,0.7063007950782776
5155,0.7121816873550415
5156,0.7103883028030396
5157,0.7059847116470337
5158,0.7033175230026245
5159,0.6944998502731323
5160,0.7029941082000732
5161,0.6905361413955688
5162,0.6971195340156555
5163,0.6976817846298218
5164,0.6977308988571167
5165,0.7010701298713684
5166,0.7048449516296387
5167,0.7024041414260864
5168,0.7048608660697937
5169,0.7037610411643982
5170,0.7037484645843506
5171,0.7138649821281433
5172,0.7060475945472717
5173,0.7127737402915955
5174,0.7085889577865601
5175,0.6985434293746948
5176,0.7045403122901917
5177,0.7042475938796997
5178,0.701917827129364
5179,0.706203281879425
5180,0.7093586921691895
5181,0.7102565169334412
5182,0.711471438407898
5183,0.7241409420967102
5184,0.7231403589248657
5185,0.729637861251831
5186,0.7315518856048584
5187,0.7260591387748718
5188,0.7237519025802612
5189,0.7203550338745117
5190,0.7137795090675354
5191,0.7118917107582092
5192,0.708319365978241
5193,0.7043541073799133
5194,0.7011750340461731
5195,0.7034006714820862
5196,0.6863589286804199
5197,0.6975225806236267
5198,0.6995654106140137
5199,0.6908795833587646
5200,0.6921924352645874
5201,0.7039291262626648
5202,0.7016382813453674
5203,0.691621720790863
5204,0.700556755065918
5205,0.68930584192276
5206,0.6959658265113831
5207,0.6938259601593018
5208,0.6905381679534912
5209,0.6900073289871216
5210,0.6898406744003296
5211,0.7042867541313171
5212,0.6900441646575928
5213,0.6958420276641846
5214,0.6853042244911194
5215,0.693798840045929
5216,0.6951357126235962
5217,0.6957098245620728
5218,0.6885343194007874
5219,0.6918904185295105
5220,0.6936942934989929
5221,0.6861191987991333
5222,0.6804864406585693
5223,0.6959145069122314
5224,0.6955410242080688
5225,0.6936758160591125
5226,0.6916513442993164
5227,0.7020583152770996
5228,0.6932024359703064
5229,0.6984716057777405
5230,0.7004724740982056
5231,0.7003328800201416
5232,0.7077295184135437
5233,0.7139756679534912
5234,0.7052226662635803
5235,0.71999591588974
5236,0.7173859477043152
5237,0.7273695468902588
5238,0.7111449837684631
5239,0.7250018119812012
5240,0.550330400466919
5241,0.723540186882019
5242,0.7276601195335388
5243,0.7237117290496826
5244,0.7234318256378174
5245,0.7211196422576904
5246,0.7203019857406616
5247,0.7184585332870483
5248,0.7090929746627808
5249,0.718893826007843
5250,0.7110993266105652
5251,0.7075721621513367
5252,0.7173677086830139
5253,0.6882936954498291
5254,0.7033395171165466
5255,0.7076753377914429
5256,0.7070286273956299
5257,0.6991237998008728
5258,0.6951157450675964
5259,0.6956765651702881
5260,0.6962202787399292
5261,0.6968545317649841
5262,0.6998332738876343
5263,0.7000490427017212
5264,0.7013265490531921
5265,0.6921208500862122
5266,0.703064501285553
5267,0.7042474746704102
5268,0.7056165337562561
5269,0.7081782817840576
5270,0.7056476473808289
5271,0.6982527375221252
5272,0.7052164077758789
5273,0.7022510766983032
5274,0.7010437250137329
5275,0.7012884616851807
5276,0.6996170878410339
5277,0.6832096576690674
5278,0.699104905128479
5279,0.6906455159187317
5280,0.7014167904853821
5281,0.699207603931427
5282,0.6930851936340332
5283,0.6856345534324646
5284,0.6825047135353088
5285,0.6909052133560181
5286,0.6918804049491882
5287,0.6933420896530151
5288,0.6928434371948242
5289,0.6928649544715881
5290,0.6812509894371033
5291,0.6886956691741943
5292,0.6999820470809937
5293,0.7009072303771973
5294,0.7025498747825623
5295,0.7039440274238586
5296,0.705905556678772
5297,0.6986661553382874
5298,0.7022748589515686
5299,0.7031286358833313
5300,0.7062367796897888
5301,0.6991878747940063
5302,0.7031148672103882
5303,0.7019778490066528
5304,0.6929711699485779
5305,0.6940066814422607
5306,0.6950728893280029
5307,0.7049750685691833
5308,0.7002972960472107
5309,0.7016994953155518
5310,0.7125266790390015
5311,0.7102312445640564
5312,0.7196070551872253
5313,0.716695249080658
5314,0.7186874151229858
5315,0.7173436284065247
5316,0.7071791887283325
5317,0.7149551510810852
5318,0.705110490322113
5319,0.7113463878631592
5320,0.6994132399559021
5321,0.7070258259773254
5322,0.704370379447937
5323,0.6969002485275269
5324,0.6956223249435425
5325,0.6958128809928894
5326,0.6949924230575562
5327,0.6958763003349304
5328,0.6947413682937622
5329,0.6948500871658325
5330,0.6957497596740723
5331,0.6975287795066833
5332,0.6958929300308228
5333,0.6949735283851624
5334,0.6937210559844971
5335,0.6942955851554871
5336,0.6966911554336548
5337,0.6989700794219971
5338,0.6981900930404663
5339,0.7079636454582214
5340,0.7074159979820251
5341,0.7007497549057007
5342,0.710593581199646
5343,0.7029334902763367
5344,0.7014359831809998
5345,0.7027740478515625
5346,0.7044205069541931
5347,0.7034721970558167
5348,0.7034811973571777
5349,0.7000064849853516
5350,0.6965650320053101
5351,0.696571409702301
5352,0.6985226273536682
5353,0.701895534992218
5354,0.694828987121582
5355,0.6929652094841003
5356,0.6998407244682312
5357,0.6995608806610107
5358,0.6929035782814026
5359,0.7029309868812561
5360,0.7003477811813354
5361,0.7006592750549316
5362,0.6973777413368225
5363,0.6979207992553711
5364,0.7001988291740417
5365,0.7096068859100342
5366,0.7084746956825256
5367,0.7070876359939575
5368,0.7081617116928101
5369,0.7114740014076233
5370,0.7081301212310791
5371,0.7153511047363281
5372,0.7152535915374756
5373,0.708828866481781
5374,0.698102593421936
5375,0.7073150873184204
5376,0.7091308236122131
5377,0.6870686411857605
5378,0.7103708386421204
5379,0.7118056416511536
5380,0.7028558254241943
5381,0.7089337706565857
5382,0.711296558380127
5383,0.7089118361473083
5384,0.7065601944923401
5385,0.7034873962402344
5386,0.7020614743232727
5387,0.7015437483787537
5388,0.701356053352356
5389,0.7003419399261475
5390,0.700242817401886
5391,0.6992306709289551
5392,0.6976938843727112
5393,0.6931309700012207
5394,0.7041180729866028
5395,0.702964186668396
5396,0.7028412222862244
5397,0.6986275911331177
5398,0.6988317370414734
5399,0.6992686986923218
5400,0.6971533894538879
5401,0.7004914879798889
5402,0.7024028897285461
5403,0.7024103999137878
5404,0.7053528428077698
5405,0.7040103673934937
5406,0.7031598091125488
5407,0.6956873536109924
5408,0.7039315700531006
5409,0.6945161819458008
5410,0.6991633772850037
5411,0.6981576085090637
5412,0.7000147104263306
5413,0.7025023102760315
5414,0.7044106125831604
5415,0.707694947719574
5416,0.7028294801712036
5417,0.7025346159934998
5418,0.7082711458206177
5419,0.7111592888832092
5420,0.7130654454231262
5421,0.7128302454948425
5422,0.714507520198822
5423,0.7161503434181213
5424,0.7147764563560486
5425,0.7125594615936279
5426,0.7171385884284973
5427,0.7208736538887024
5428,0.7217006683349609
5429,0.716505765914917
5430,0.7210602760314941
5431,0.7240296006202698
5432,0.7208077311515808
5433,0.7227863669395447
5434,0.722078800201416
5435,0.7233463525772095
5436,0.7219194173812866
5437,0.7228989005088806
5438,0.7172777652740479
5439,0.7115814089775085
5440,0.7121731638908386
5441,0.7138160467147827
5442,0.7140966057777405
5443,0.7105733156204224
5444,0.7110056281089783
5445,0.7024118304252625
5446,0.7008047699928284
5447,0.7022017240524292
5448,0.6999420523643494
5449,0.6992736458778381
5450,0.6985338926315308
5451,0.690356969833374
5452,0.6928206086158752
5453,0.691558301448822
5454,0.6934480667114258
5455,0.6954856514930725
5456,0.6996971368789673
5457,0.6994183659553528
5458,0.6949432492256165
5459,0.6824557781219482
5460,0.6974628567695618
5461,0.7000004053115845
5462,0.6998782753944397
5463,0.7039310932159424
5464,0.6961950063705444
5465,0.6973541975021362
5466,0.6967180371284485
5467,0.6971334218978882
5468,0.7038992047309875
5469,0.7069904804229736
5470,0.7075914144515991
5471,0.6996508240699768
5472,0.7085548639297485
5473,0.7080896496772766
5474,0.7010747790336609
5475,0.6963916420936584
5476,0.7051187753677368
5477,0.6954578161239624
5478,0.7009003162384033
5479,0.7024238109588623
5480,0.6681610941886902
5481,0.7039679884910583
5482,0.696426272392273
5483,0.7026575207710266
5484,0.6959813237190247
5485,0.703557014465332
5486,0.690119206905365
5487,0.7011528611183167
5488,0.6994470953941345
5489,0.6909048557281494
5490,0.6806908249855042
5491,0.6867774128913879
5492,0.6857701539993286
5493,0.6832627058029175
5494,0.6820932030677795
5495,0.6806131601333618
5496,0.6727057099342346
5497,0.6836516261100769
5498,0.6855434775352478
5499,0.6839404702186584
5500,0.6826323866844177
5501,0.6865918040275574
5502,0.6902211904525757
5503,0.7021600008010864
5504,0.6963027715682983
5505,0.6999275088310242
5506,0.7024063467979431
5507,0.7042459845542908
5508,0.7136439085006714
5509,0.7141292095184326
5510,0.7219743132591248
5511,0.7181665301322937
5512,0.708027720451355
5513,0.7139290571212769
5514,0.7138151526451111
5515,0.7142288684844971
5516,0.7221783995628357
5517,0.7278801202774048
5518,0.7189227342605591
5519,0.7266432642936707
5520,0.7248703837394714
5521,0.7256602048873901
5522,0.7185114622116089
5523,0.7184644937515259
5524,0.7131178379058838
5525,0.7108167409896851
5526,0.6983482837677002
5527,0.6965340375900269
5528,0.6960582137107849
5529,0.6946070194244385
5530,0.6964854001998901
5531,0.6973482966423035
5532,0.6988577842712402
5533,0.6987135410308838
5534,0.7049408555030823
5535,0.704467236995697
5536,0.7128490209579468
5537,0.7050933241844177
5538,0.7135733962059021
5539,0.7163814306259155
5540,0.7135351300239563
5541,0.7113208174705505
5542,0.7115476131439209
5543,0.7097411751747131
5544,0.7185918092727661
5545,0.7149732112884521
5546,0.7101768255233765
5547,0.7150763273239136
5548,0.7162012457847595
5549,0.7099553346633911
5550,0.7173348665237427
5551,0.7169087529182434
5552,0.7170162796974182
5553,0.7177578806877136
5554,0.7185514569282532
5555,0.7090320587158203
5556,0.7036349773406982
5557,0.7110570669174194
5558,0.7093492746353149
5559,0.6984042525291443
5560,0.6979192495346069
5561,0.6955002546310425
5562,0.6883652210235596
5563,0.6880446672439575
5564,0.6649046540260315
5565,0.6838893890380859
5566,0.6768555045127869
5567,0.6767560839653015
5568,0.6759543418884277
5569,0.6806368231773376
5570,0.6815439462661743
5571,0.6792544722557068
5572,0.6754357218742371
5573,0.6802175641059875
5574,0.6857969164848328
5575,0.6922064423561096
5576,0.6902515292167664
5577,0.689547598361969
5578,0.6839218735694885
5579,0.6845109462738037
5580,0.6826786398887634
5581,0.6900721192359924
5582,0.6918591856956482
5583,0.6899518370628357
5584,0.6910452842712402
5585,0.7015172839164734
5586,0.7019690275192261
5587,0.7036446928977966
5588,0.6977075934410095
5589,0.7158737182617188
5590,0.7113670110702515
5591,0.7106506824493408
5592,0.710037887096405
5593,0.7089520692825317
5594,0.7064849138259888
5595,0.703569233417511
5596,0.704001247882843
5597,0.7023988962173462
5598,0.701056718826294
5599,0.7018545269966125
5600,0.693337082862854
5601,0.6934522390365601
5602,0.7106747627258301
5603,0.6953428983688354
5604,0.6971513628959656
5605,0.7022688984870911
5606,0.6989883184432983
5607,0.7012444734573364
5608,0.6993299722671509
5609,0.701431155204773
5610,0.7138996720314026
5611,0.7019656300544739
5612,0.7005312442779541
5613,0.7005679607391357
5614,0.700628936290741
5615,0.7017610669136047
5616,0.7020894885063171
5617,0.7035803198814392
5618,0.708428144454956
5619,0.7102465629577637
5620,0.7058663964271545
5621,0.7012531757354736
5622,0.7073748707771301
5623,0.7063674926757812
5624,0.7060179114341736
5625,0.7148540019989014
5626,0.7171979546546936
5627,0.7168774008750916
5628,0.7262093424797058
5629,0.6865285038948059
5630,0.7287445664405823
5631,0.2781413495540619
5632,0.28397485613822937
5633,0.22377663850784302
5634,0.21554484963417053
5635,0.26677098870277405
5636,0.28203368186950684
5637,0.29840704798698425
5638,0.3013245463371277
5639,0.2992992103099823
5640,0.26240456104278564
5641,0.2523598372936249
5642,0.5355693697929382
5643,0.7147714495658875
5644,0.6612622141838074
5645,0.7021252512931824
5646,0.7043067812919617
5647,0.7066303491592407
5648,0.6951477527618408
5649,0.6847168803215027
5650,0.7051900029182434
5651,0.6964535117149353
5652,0.6870641708374023
5653,0.6552690863609314
5654,0.6689431071281433
5655,0.6857019066810608
5656,0.6994732618331909
5657,0.6843031644821167
5658,0.6829074025154114
5659,0.6912984251976013
5660,0.6922538876533508
5661,0.7046716213226318
5662,0.7242668867111206
5663,0.7059089541435242
5664,0.7141506671905518
5665,0.706112802028656
5666,0.7181614637374878
5667,0.7263640761375427
5668,0.7002940773963928
5669,0.7162572145462036
5670,0.7101082801818848
5671,0.7117370963096619
5672,0.7118637561798096
5673,0.7047644853591919
5674,0.7044599652290344
5675,0.6945918798446655
5676,0.6953906416893005
5677,0.6966884732246399
5678,0.6866198182106018
5679,0.6786810755729675
5680,0.6787593364715576
5681,0.6783509850502014
5682,0.6783493161201477
5683,0.6766671538352966
5684,0.671481192111969
5685,0.6735317707061768
5686,0.6893641352653503
5687,0.6828802824020386
5688,0.696806013584137
5689,0.6908121109008789
5690,0.6977915167808533
5691,0.6920211315155029
5692,0.6973127722740173
5693,0.6963325142860413
5694,0.6967492699623108
5695,0.7039417624473572
5696,0.7075168490409851
5697,0.7154849767684937
5698,0.7213593125343323
5699,0.7246679663658142
5700,0.726607084274292
5701,0.7365346550941467
5702,0.732485830783844
5703,0.7341110110282898
5704,0.7334163188934326
5705,0.7411842942237854
5706,0.7327531576156616
5707,0.7379252314567566
5708,0.7381747961044312
5709,0.7300413846969604
5710,0.7283669114112854
5711,0.7289214134216309
5712,0.7282118797302246
5713,0.7190088033676147
5714,0.7115498185157776
5715,0.7224015593528748
5716,0.7124694585800171
5717,0.7187801599502563
5718,0.7177563309669495
5719,0.7185940742492676
5720,0.7097619771957397
5721,0.7115740180015564
5722,0.710639476776123
5723,0.7097735404968262
5724,0.6983850598335266
5725,0.7161267995834351
5726,0.7184153199195862
5727,0.7176658511161804
5728,0.7179147601127625
5729,0.7067593336105347
5730,0.70710289478302
5731,0.718955397605896
5732,0.7090005278587341
5733,0.7142289280891418
5734,0.705073356628418
5735,0.7038049697875977
5736,0.7015551924705505
5737,0.7021562457084656
5738,0.6993140578269958
5739,0.7004284262657166
5740,0.6963871717453003
5741,0.6923258900642395
5742,0.6973212957382202
5743,0.6906387209892273
5744,0.6886646151542664
5745,0.6898348331451416
5746,0.6844334006309509
5747,0.6845184564590454
5748,0.6652156114578247
5749,0.6705214977264404
5750,0.6725525259971619
5751,0.6720935106277466
5752,0.6736720204353333
5753,0.6752016544342041
5754,0.6762888431549072
5755,0.6901225447654724
5756,0.6990048289299011
5757,0.6975836157798767
5758,0.697073757648468
5759,0.6959240436553955
5760,0.707393229007721
5761,0.7098187208175659
5762,0.6994075775146484
5763,0.7002126574516296
5764,0.7004934549331665
5765,0.703850507736206
5766,0.6964157819747925
5767,0.7004348635673523
5768,0.7052600979804993
5769,0.7006236910820007
5770,0.6999046206474304
5771,0.6858526468276978
5772,0.6926635503768921
5773,0.6935837864875793
5774,0.6996350884437561
5775,0.6988351345062256
5776,0.6971994638442993
5777,0.6837755441665649
5778,0.6917170882225037
5779,0.6908431053161621
5780,0.6945286989212036
5781,0.6868811845779419
5782,0.6835916638374329
5783,0.684790313243866
5784,0.6847007274627686
5785,0.6851511597633362
5786,0.6894194483757019
5787,0.6915568709373474
5788,0.6932061314582825
5789,0.6837711930274963
5790,0.6962229013442993
5791,0.6908093690872192
5792,0.6906833648681641
5793,0.6906254291534424
5794,0.683587908744812
5795,0.6888310313224792
5796,0.6960297226905823
5797,0.6910250186920166
5798,0.68421471118927
5799,0.6859191060066223
5800,0.6862834692001343
5801,0.6847689747810364
5802,0.6860124468803406
5803,0.6859505772590637
5804,0.6849803924560547
5805,0.6847139596939087
5806,0.6857204437255859
5807,0.6835722923278809
5808,0.6679804921150208
5809,0.6932166814804077
5810,0.6930928230285645
5811,0.6974929571151733
5812,0.696429431438446
5813,0.6987870931625366
5814,0.6973486542701721
5815,0.6968225240707397
5816,0.7094916701316833
5817,0.7122581005096436
5818,0.7132250070571899
5819,0.7060957551002502
5820,0.7180513739585876
5821,0.7222542762756348
5822,0.720532238483429
5823,0.7203688621520996
5824,0.7173031568527222
5825,0.7109822034835815
5826,0.708248496055603
5827,0.7035825848579407
5828,0.706674337387085
5829,0.7045377492904663
5830,0.7022676467895508
5831,0.7022966742515564
5832,0.7022747993469238
5833,0.7024015188217163
5834,0.6788521409034729
5835,0.6949414610862732
5836,0.6932411193847656
5837,0.7031295299530029
5838,0.7039584517478943
5839,0.6999468803405762
5840,0.7095710039138794
5841,0.6930570602416992
5842,0.6978986859321594
5843,0.6822993159294128
5844,0.6913937926292419
5845,0.6850515604019165
5846,0.6755842566490173
5847,0.6921077370643616
5848,0.687428891658783
5849,0.6892561912536621
5850,0.6997973918914795
5851,0.7012014389038086
5852,0.7010294795036316
5853,0.7100027203559875
5854,0.7111137509346008
5855,0.7082183957099915
5856,0.7055284380912781
5857,0.7048536539077759
5858,0.7039938569068909
5859,0.7049445509910583
5860,0.704892635345459
5861,0.7024136781692505
5862,0.7073087096214294
5863,0.7020818591117859
5864,0.708731472492218
5865,0.7075308561325073
5866,0.7058630585670471
5867,0.707305371761322
5868,0.7002140283584595
5869,0.6982500553131104
5870,0.6978483200073242
5871,0.6869991421699524
5872,0.6921586990356445
5873,0.6907861232757568
5874,0.6931629180908203
5875,0.6898238062858582
5876,0.692440390586853
5877,0.6898157000541687
5878,0.6896251440048218
5879,0.6877754330635071
5880,0.6876815557479858
5881,0.6864647269248962
5882,0.6848372220993042
5883,0.6866469383239746
5884,0.6794674396514893
5885,0.685756266117096
5886,0.6843249797821045
5887,0.6859980821609497
5888,0.6865711808204651
5889,0.6885148882865906
5890,0.6885504126548767
5891,0.6946247220039368
5892,0.7025224566459656
5893,0.7077912092208862
5894,0.6991446614265442
5895,0.7101426124572754
5896,0.7059380412101746
5897,0.7036888599395752
5898,0.7040536999702454
5899,0.7031636238098145
5900,0.7032743096351624
5901,0.7017962336540222
5902,0.7009297013282776
5903,0.6997702121734619
5904,0.6981653571128845
5905,0.6980975866317749
5906,0.698286235332489
5907,0.6912605166435242
5908,0.6951606869697571
5909,0.7043513655662537
5910,0.6984217166900635
5911,0.6963241100311279
5912,0.6982789635658264
5913,0.7008216381072998
5914,0.7065027952194214
5915,0.7243722081184387
5916,0.7069982886314392
5917,0.7038246393203735
5918,0.7020177841186523
5919,0.7039688229560852
5920,0.7016075253486633
5921,0.6985147595405579
5922,0.6971448659896851
5923,0.6976293325424194
5924,0.6986841559410095
5925,0.6908178329467773
5926,0.6959661841392517
5927,0.6948936581611633
5928,0.6929848790168762
5929,0.6948878765106201
5930,0.6979246735572815
5931,0.6969796419143677
5932,0.6858122944831848
5933,0.6855717301368713
5934,0.6847875714302063
5935,0.6778070330619812
5936,0.6811407208442688
5937,0.6808775067329407
5938,0.6821077466011047
5939,0.6801142692565918
5940,0.6819954514503479
5941,0.6816724538803101
5942,0.6924485564231873
5943,0.6880573034286499
5944,0.6970365643501282
5945,0.6962708234786987
5946,0.694359540939331
5947,0.6948285698890686
5948,0.7002516984939575
5949,0.6935292482376099
5950,0.7027186155319214
5951,0.7021434903144836
5952,0.6929872632026672
5953,0.7011836171150208
5954,0.6993343830108643
5955,0.7034823298454285
5956,0.7024750709533691
5957,0.7041388154029846
5958,0.7031512260437012
5959,0.701296329498291
5960,0.7047553658485413
5961,0.7010787725448608
5962,0.7073296308517456
5963,0.7058943510055542
5964,0.705389142036438
5965,0.7004765868186951
5966,0.7045131921768188
5967,0.7031037211418152
5968,0.7043620944023132
5969,0.705396294593811
5970,0.7080689072608948
5971,0.7096664309501648
5972,0.7131158113479614
5973,0.7166397571563721
5974,0.7159134745597839
5975,0.7119730710983276
5976,0.721535325050354
5977,0.7178758382797241
5978,0.667080819606781
5979,0.7107568979263306
5980,0.7106743454933167
5981,0.7147107720375061
5982,0.7156283855438232
5983,0.7134414315223694
5984,0.7078667283058167
5985,0.7163169980049133
5986,0.7105796933174133
5987,0.7130274176597595
5988,0.7104093432426453
5989,0.7123631834983826
5990,0.7105355262756348
5991,0.7017921805381775
5992,0.7047299146652222
5993,0.7056169509887695
5994,0.6972815990447998
5995,0.6976808309555054
5996,0.6992772817611694
5997,0.6992121338844299
5998,0.6991943717002869
5999,0.69099360704422
6000,0.6891661882400513
6001,0.7012173533439636
6002,0.7028703689575195
6003,0.7043435573577881
6004,0.6997807621955872
6005,0.7040515542030334
6006,0.7014740705490112
6007,0.6979517340660095
6008,0.6810776591300964
6009,0.7047165036201477
6010,0.6990635991096497
6011,0.6982994675636292
6012,0.6996142268180847
6013,0.7029726505279541
6014,0.7051122188568115
6015,0.6974233388900757
6016,0.6992378830909729
6017,0.697935938835144
6018,0.6947137117385864
6019,0.6936753988265991
6020,0.6888102293014526
6021,0.6859148740768433
6022,0.6881943941116333
6023,0.6861337423324585
6024,0.6833473443984985
6025,0.6830512285232544
6026,0.6836785674095154
6027,0.6916914582252502
6028,0.6951224207878113
6029,0.7055699229240417
6030,0.7094700932502747
6031,0.717198371887207
6032,0.5180237889289856
6033,0.7161368131637573
6034,0.7193208932876587
6035,0.7299850583076477
6036,0.7235420942306519
6037,0.6241600513458252
6038,0.7006455659866333
6039,0.7125693559646606
6040,0.6960965991020203
6041,0.7002967596054077
6042,0.6884852647781372
6043,0.6953602433204651
6044,0.6880087852478027
6045,0.6831666231155396
6046,0.6819832921028137
6047,0.6786049604415894
6048,0.6797845363616943
6049,0.673221230506897
6050,0.6825758218765259
6051,0.6828175187110901
6052,0.6831190586090088
6053,0.6820337772369385
6054,0.683172881603241
6055,0.6747311353683472
6056,0.682089626789093
6057,0.6781573295593262
6058,0.6844161152839661
6059,0.6951327323913574
6060,0.694649338722229
6061,0.6805633306503296
6062,0.6989424824714661
6063,0.7011698484420776
6064,0.7110528945922852
6065,0.713312566280365
6066,0.7059574723243713
6067,0.7139300107955933
6068,0.7120996117591858
6069,0.7142626047134399
6070,0.6988950371742249
6071,0.7093049883842468
6072,0.6921073198318481
6073,0.6777716875076294
6074,0.6885955333709717
6075,0.6966371536254883
6076,0.6998590230941772
6077,0.6939558386802673
6078,0.7034918665885925
6079,0.7089954018592834
6080,0.7220192551612854
6081,0.7171803116798401
6082,0.727584958076477
6083,0.725128173828125
6084,0.7282605767250061
6085,0.7196599245071411
6086,0.7112205624580383
6087,0.71207195520401
6088,0.7168160080909729
6089,0.6980465650558472
6090,0.7019165754318237
6091,0.7095011472702026
6092,0.7089625000953674
6093,0.7090595364570618
6094,0.7036964893341064
6095,0.6970018148422241
6096,0.7115262746810913
6097,0.7093207836151123
6098,0.7105503082275391
6099,0.7082725763320923
6100,0.7000930309295654
6101,0.709686815738678
6102,0.7028603553771973
6103,0.6949930191040039
6104,0.7024627923965454
6105,0.70363849401474
6106,0.7135984301567078
6107,0.7150969505310059
6108,0.7108013033866882
6109,0.7097147107124329
6110,0.7127005457878113
6111,0.7115139961242676
6112,0.708786129951477
6113,0.7005904316902161
6114,0.7034012675285339
6115,0.7018871903419495
6116,0.6942290663719177
6117,0.6978350281715393
6118,0.7000439763069153
6119,0.7015318274497986
6120,0.706193745136261
6121,0.7056949138641357
6122,0.709301769733429
6123,0.7139228582382202
6124,0.7078588008880615
6125,0.7156970500946045
6126,0.7146984338760376
6127,0.6996111273765564
6128,0.6978946924209595
6129,0.7096973657608032
6130,0.6886916160583496
6131,0.6868088245391846
6132,0.6849008202552795
6133,0.6830393671989441
6134,0.6866759657859802
6135,0.6836817264556885
6136,0.6842535734176636
6137,0.6849281787872314
6138,0.686949610710144
6139,0.6894626021385193
6140,0.6873833537101746
6141,0.6881461143493652
6142,0.689343273639679
6143,0.6891120672225952
6144,0.6888637542724609
6145,0.6908972859382629
6146,0.6875850558280945
6147,0.6956643462181091
6148,0.6938329935073853
6149,0.6941753625869751
6150,0.6935988068580627
6151,0.6944748163223267
6152,0.6964280605316162
6153,0.7049070000648499
6154,0.6978795528411865
6155,0.703158438205719
6156,0.6935718655586243
6157,0.7056323289871216
6158,0.7009181380271912
6159,0.7087949514389038
6160,0.7081771492958069
6161,0.7095404267311096
6162,0.7018530964851379
6163,0.711338996887207
6164,0.7092262506484985
6165,0.7094516158103943
6166,0.7071456909179688
6167,0.6985765099525452
6168,0.7000035047531128
6169,0.7049136161804199
6170,0.6960716843605042
6171,0.701325535774231
6172,0.700300395488739
6173,0.6919714212417603
6174,0.6905794143676758
6175,0.6739822030067444
6176,0.6739373803138733
6177,0.6701419949531555
6178,0.6627877354621887
6179,0.6792473793029785
6180,0.6631882786750793
6181,0.6643067002296448
6182,0.6769365072250366
6183,0.6518524289131165
6184,0.6854546666145325
6185,0.6717925071716309
6186,0.6859333515167236
6187,0.6873888373374939
6188,0.6960952877998352
6189,0.6955543160438538
6190,0.6952608823776245
6191,0.7018269896507263
6192,0.6993885040283203
6193,0.6972417831420898
6194,0.693779468536377
6195,0.6929575204849243
6196,0.6916482448577881
6197,0.6889404654502869
6198,0.698618471622467
6199,0.7003179788589478
6200,0.6994310021400452
6201,0.7036555409431458
6202,0.7105569839477539
6203,0.7086122632026672
6204,0.7102404236793518
6205,0.7072124481201172
6206,0.7045202255249023
6207,0.7081426978111267
6208,0.6994167566299438
6209,0.6992064714431763
6210,0.7016523480415344
6211,0.7004662156105042
6212,0.7013661861419678
6213,0.6984320282936096
6214,0.7149364948272705
6215,0.6975909471511841
6216,0.6948484182357788
6217,0.6821447014808655
6218,0.7058742046356201
6219,0.6975453495979309
6220,0.6969568133354187
6221,0.6959598660469055
6222,0.7025854587554932
6223,0.6955099105834961
6224,0.6951097846031189
6225,0.694206178188324
6226,0.6894465088844299
6227,0.6975284218788147
6228,0.7068297863006592
6229,0.7029791474342346
6230,0.7054255604743958
6231,0.7055469155311584
6232,0.7078632712364197
6233,0.7036393880844116
6234,0.7012051939964294
6235,0.7011779546737671
6236,0.7000814080238342
6237,0.6991996765136719
6238,0.701557457447052
6239,0.701177179813385
6240,0.6975891590118408
6241,0.6990291476249695
6242,0.7077785134315491
6243,0.7067696452140808
6244,0.7069100737571716
6245,0.709466278553009
6246,0.7106730937957764
6247,0.711516261100769
6248,0.7101905345916748
6249,0.7137439250946045
6250,0.7120804190635681
6251,0.7129909992218018
6252,0.7171253561973572
6253,0.6987283229827881
6254,0.7110467553138733
6255,0.7119871973991394
6256,0.7099857330322266
6257,0.7134349942207336
6258,0.7119627594947815
6259,0.7112201452255249
6260,0.7079351544380188
6261,0.7084380388259888
6262,0.7084751725196838
6263,0.7106678485870361
6264,0.7177457213401794
6265,0.7088256478309631
6266,0.7107961177825928
6267,0.7074779868125916
6268,0.7075767517089844
6269,0.7083167433738708
6270,0.7086278200149536
6271,0.7077611088752747
6272,0.7063409090042114
6273,0.7067614793777466
6274,0.7075680494308472
6275,0.7082220315933228
6276,0.7085221409797668
6277,0.711442768573761
6278,0.7106418609619141
6279,0.7155821323394775
6280,0.7057598829269409
6281,0.7145310044288635
6282,0.7135582566261292
6283,0.7117246985435486
6284,0.7105488181114197
6285,0.7089654207229614
6286,0.7077676057815552
6287,0.7057516574859619
6288,0.7014536261558533
6289,0.6977174878120422
6290,0.6971638202667236
6291,0.693509578704834
6292,0.6986979246139526
6293,0.7013767957687378
6294,0.7021090388298035
6295,0.7025203108787537
6296,0.7074642777442932
6297,0.7108325958251953
6298,0.7160438299179077
6299,0.7151481509208679
6300,0.7117166519165039
6301,0.7154857516288757
6302,0.7067651152610779
6303,0.7058067917823792
6304,0.7079738974571228
6305,0.7074680328369141
6306,0.7096402645111084
6307,0.7054474353790283
6308,0.7064821720123291
6309,0.703726589679718
6310,0.6953874230384827
6311,0.6971063613891602
6312,0.6962940096855164
6313,0.6953023076057434
6314,0.6932796835899353
6315,0.6947578191757202
6316,0.6960828304290771
6317,0.7048635482788086
6318,0.7044610381126404
6319,0.6898190379142761
6320,0.7008009552955627
6321,0.701147735118866
6322,0.7011941075325012
6323,0.7014710903167725
6324,0.7126752138137817
6325,0.7164595127105713
6326,0.7187834978103638
6327,0.7164247632026672
6328,0.7143861055374146
6329,0.7108457088470459
6330,0.7100146412849426
6331,0.7081953287124634
6332,0.7044395804405212
6333,0.7084660530090332
6334,0.7019047737121582
6335,0.7012679576873779
6336,0.7137576937675476
6337,0.710858941078186
6338,0.7102130651473999
6339,0.7023085355758667
6340,0.679623544216156
6341,0.7034830451011658
6342,0.704630970954895
6343,0.7026494741439819
6344,0.7065342664718628
6345,0.7049738168716431
6346,0.7046771049499512
6347,0.705651581287384
6348,0.7053898572921753
6349,0.7091420888900757
6350,0.7124017477035522
6351,0.7112404704093933
6352,0.7085724472999573
6353,0.71539306640625
6354,0.7065542340278625
6355,0.7054542899131775
6356,0.7038795948028564
6357,0.7052812576293945
6358,0.712614893913269
6359,0.7138881683349609
6360,0.7066290378570557
6361,0.7144225835800171
6362,0.7188715934753418
6363,0.7174610495567322
6364,0.7250044941902161
6365,0.7290626168251038
6366,0.7239173650741577
6367,0.7206365466117859
6368,0.7207144498825073
6369,0.7131190896034241
6370,0.7217885255813599
6371,0.7232995629310608
6372,0.7140864133834839
6373,0.7175699472427368
6374,0.7174696922302246
6375,0.7180433869361877
6376,0.7154109477996826
6377,0.717365026473999
6378,0.715985119342804
6379,0.7165510058403015
6380,0.7174655795097351
6381,0.7162793278694153
6382,0.7149698138237
6383,0.7136872410774231
6384,0.7114230394363403
6385,0.7079466581344604
6386,0.7084844708442688
6387,0.6914367079734802
6388,0.7034203410148621
6389,0.7012250423431396
6390,0.7010820508003235
6391,0.7069141864776611
6392,0.7043460011482239
6393,0.7059036493301392
6394,0.7061262726783752
6395,0.7027144432067871
6396,0.7014412879943848
6397,0.6852909922599792
6398,0.6896723508834839
6399,0.6864325404167175
6400,0.6941386461257935
6401,0.6928979158401489
6402,0.6949147582054138
6403,0.7112657427787781
6404,0.6932536959648132
6405,0.7019165754318237
6406,0.6918966770172119
6407,0.6896397471427917
6408,0.697403609752655
6409,0.6995165348052979
6410,0.6986674070358276
6411,0.6984759569168091
6412,0.6986128687858582
6413,0.6948704123497009
6414,0.7016518115997314
6415,0.6999025940895081
6416,0.7006288766860962
6417,0.7009110450744629
6418,0.7040900588035583
6419,0.7049697637557983
6420,0.7160294651985168
6421,0.7070683240890503
6422,0.7169896960258484
6423,0.7149485349655151
6424,0.7151543498039246
6425,0.7131680250167847
6426,0.7133240103721619
6427,0.7126738429069519
6428,0.7043309211730957
6429,0.7045058608055115
6430,0.7079275846481323
6431,0.7049813866615295
6432,0.7043149471282959
6433,0.6934816837310791
6434,0.7009486556053162
6435,0.6917417645454407
6436,0.6913725733757019
6437,0.6902803778648376
6438,0.6993566751480103
6439,0.6910927295684814
6440,0.6934360861778259
6441,0.6782185435295105
6442,0.7034350037574768
6443,0.6945571303367615
6444,0.6945446729660034
6445,0.6931942701339722
6446,0.6929594874382019
6447,0.6633282899856567
6448,0.6837113499641418
6449,0.7001769542694092
6450,0.7018515467643738
6451,0.7009351253509521
6452,0.6992947459220886
6453,0.6920925378799438
6454,0.701625645160675
6455,0.7020667791366577
6456,0.7049182653427124
6457,0.7143520712852478
6458,0.7162775993347168
6459,0.7158989310264587
6460,0.7195425629615784
6461,0.7223976850509644
6462,0.7205458283424377
6463,0.7068623900413513
6464,0.7037642002105713
6465,0.7077370882034302
6466,0.7057080864906311
6467,0.707432746887207
6468,0.7021373510360718
6469,0.7093466520309448
6470,0.7088128328323364
6471,0.7019363641738892
6472,0.7045208811759949
6473,0.7103679180145264
6474,0.7111154198646545
6475,0.7134949564933777
6476,0.7075770497322083
6477,0.7051101922988892
6478,0.7038711309432983
6479,0.7041888236999512
6480,0.6959183812141418
6481,0.6960341930389404
6482,0.6944490671157837
6483,0.6338188648223877
6484,0.6864509582519531
6485,0.687519371509552
6486,0.6923598051071167
6487,0.6956498622894287
6488,0.6947375535964966
6489,0.6947131156921387
6490,0.6982594728469849
6491,0.6993482112884521
6492,0.6950339674949646
6493,0.6880542635917664
6494,0.7016074657440186
6495,0.699935793876648
6496,0.6822348833084106
6497,0.6975948214530945
6498,0.6973186731338501
6499,0.7066053748130798
6500,0.7057299017906189
6501,0.7155531644821167
6502,0.7188839912414551
6503,0.7172321081161499
6504,0.6864420175552368
6505,0.7177690863609314
6506,0.719092845916748
6507,0.7244408130645752
6508,0.726922333240509
6509,0.7256194949150085
6510,0.7194557189941406
6511,0.72020024061203
6512,0.7122266292572021
6513,0.7119964361190796
6514,0.7010911107063293
6515,0.694741427898407
6516,0.6972500681877136
6517,0.6962167024612427
6518,0.6873518824577332
6519,0.674043595790863
6520,0.6855691075325012
6521,0.6805678606033325
6522,0.6874994039535522
6523,0.6803381443023682
6524,0.6805451512336731
6525,0.6792309284210205
6526,0.6909370422363281
6527,0.699705958366394
6528,0.705395519733429
6529,0.7114105224609375
6530,0.6962009072303772
6531,0.7096058130264282
6532,0.7118793725967407
6533,0.7112982869148254
6534,0.717732846736908
6535,0.7135469913482666
6536,0.7189297080039978
6537,0.7173498272895813
6538,0.7198089361190796
6539,0.7167060971260071
6540,0.7292895913124084
6541,0.7326689958572388
6542,0.7290117144584656
6543,0.7278658747673035
6544,0.7315809726715088
6545,0.7228071093559265
6546,0.7263301610946655
6547,0.7142646312713623
6548,0.7130221128463745
6549,0.7125416398048401
6550,0.7109143137931824
6551,0.7018436789512634
6552,0.6914718151092529
6553,0.6997982263565063
6554,0.6977536678314209
6555,0.6927419304847717
6556,0.6884146928787231
6557,0.6916470527648926
6558,0.6914070248603821
6559,0.6910613775253296
6560,0.6933258771896362
6561,0.7024142742156982
6562,0.7047412991523743
6563,0.7086086869239807
6564,0.6923973560333252
6565,0.6953219771385193
6566,0.7025530934333801
6567,0.7066157460212708
6568,0.7147287726402283
6569,0.7162901759147644
6570,0.724201500415802
6571,0.710602879524231
6572,0.7156673669815063
6573,0.7141199111938477
6574,0.7144017219543457
6575,0.7158470749855042
6576,0.7149394750595093
6577,0.7090048789978027
6578,0.7118121385574341
6579,0.7085860371589661
6580,0.7106528282165527
6581,0.7018178701400757
6582,0.7032221555709839
6583,0.6987037062644958
6584,0.6904646158218384
6585,0.6967735290527344
6586,0.6994994282722473
6587,0.6977909207344055
6588,0.6978614926338196
6589,0.6960439085960388
6590,0.7027897238731384
6591,0.7047592997550964
6592,0.715830385684967
6593,0.7105619311332703
6594,0.7153443694114685
6595,0.7250080108642578
6596,0.719031810760498
6597,0.7173588275909424
6598,0.7196604609489441
6599,0.7248265743255615
6600,0.7277129888534546
6601,0.7191945910453796
6602,0.7248618006706238
6603,0.7213388681411743
6604,0.7225240468978882
6605,0.7078222036361694
6606,0.7282712459564209
6607,0.7139318585395813
6608,0.7096608281135559
6609,0.7190385460853577
6610,0.7177478075027466
6611,0.7110199332237244
6612,0.7197343707084656
6613,0.7077828645706177
6614,0.7136844396591187
6615,0.7103891968727112
6616,0.71368408203125
6617,0.7110446095466614
6618,0.7105522155761719
6619,0.7070318460464478
6620,0.7089024186134338
6621,0.7084695100784302
6622,0.7104288935661316
6623,0.7032256722450256
6624,0.6997641921043396
6625,0.7008435726165771
6626,0.7011328339576721
6627,0.7029368281364441
6628,0.7028188705444336
6629,0.697288990020752
6630,0.7052595019340515
6631,0.7046077251434326
6632,0.7068971991539001
6633,0.7078976631164551
6634,0.699567437171936
6635,0.7035374045372009
6636,0.7020125985145569
6637,0.7017413973808289
6638,0.7105664610862732
6639,0.7045583128929138
6640,0.7020114660263062
6641,0.7004605531692505
6642,0.6819960474967957
6643,0.691167950630188
6644,0.6952723860740662
6645,0.6945658922195435
6646,0.6954413056373596
6647,0.7030909061431885
6648,0.6972450613975525
6649,0.6981165409088135
6650,0.6998835802078247
6651,0.6974893808364868
6652,0.6980555057525635
6653,0.706608235836029
6654,0.705674946308136
6655,0.705937922000885
6656,0.7095274329185486
6657,0.7129638195037842
6658,0.721321702003479
6659,0.7267762422561646
6660,0.7253899574279785
6661,0.7181422710418701
6662,0.7213910818099976
6663,0.7158615589141846
6664,0.7121729254722595
6665,0.709999144077301
6666,0.7075231075286865
6667,0.708188533782959
6668,0.7079765796661377
6669,0.7093953490257263
6670,0.7103091478347778
6671,0.7115373015403748
6672,0.7109720706939697
6673,0.7020120620727539
6674,0.6966167092323303
6675,0.7028459310531616
6676,0.6985607147216797
6677,0.6979780197143555
6678,0.6972984075546265
6679,0.6962202787399292
6680,0.6964548826217651
6681,0.6956285238265991
6682,0.6948419809341431
6683,0.6932591795921326
6684,0.6920129656791687
6685,0.6891542077064514
6686,0.6875201463699341
6687,0.6910710334777832
6688,0.6824406385421753
6689,0.681124746799469
6690,0.6991153359413147
6691,0.6922722458839417
6692,0.7040220499038696
6693,0.6966565251350403
6694,0.6990132331848145
6695,0.7025564908981323
6696,0.7003569602966309
6697,0.7040784358978271
6698,0.7071396708488464
6699,0.7124906182289124
6700,0.7104111909866333
6701,0.7102270126342773
6702,0.7092766761779785
6703,0.710908830165863
6704,0.6920072436332703
6705,0.7062758207321167
6706,0.7036673426628113
6707,0.70200514793396
6708,0.7011005282402039
6709,0.6993376612663269
6710,0.6986525058746338
6711,0.6957457065582275
6712,0.7007849216461182
6713,0.7014590501785278
6714,0.6970595121383667
6715,0.7001152038574219
6716,0.6690036654472351
6717,0.692781925201416
6718,0.6835002303123474
6719,0.6833708882331848
6720,0.6794346570968628
6721,0.6809381246566772
6722,0.6759216785430908
6723,0.6704735159873962
6724,0.6629621982574463
6725,0.6644657850265503
6726,0.6315481662750244
6727,0.6566868424415588
6728,0.6649616956710815
6729,0.661067008972168
6730,0.6653783917427063
6731,0.6713461875915527
6732,0.6711704730987549
6733,0.6798054575920105
6734,0.678290843963623
6735,0.6723080277442932
6736,0.6780443787574768
6737,0.6757004857063293
6738,0.6945660710334778
6739,0.696727991104126
6740,0.6943925619125366
6741,0.6943279504776001
6742,0.7036911845207214
6743,0.6957598924636841
6744,0.6942154765129089
6745,0.7020917534828186
6746,0.7094177603721619
6747,0.7101632952690125
6748,0.7105128169059753
6749,0.7165288925170898
6750,0.7079135179519653
6751,0.7124710083007812
6752,0.7242298126220703
6753,0.7233206033706665
6754,0.7108731865882874
6755,0.720561146736145
6756,0.7178843021392822
6757,0.7129490375518799
6758,0.7141947150230408
6759,0.7132914066314697
6760,0.7133205533027649
6761,0.7101795077323914
6762,0.7039942741394043
6763,0.7153699398040771
6764,0.7058097124099731
6765,0.7060415744781494
6766,0.7005219459533691
6767,0.7093092799186707
6768,0.7014219164848328
6769,0.6141253709793091
6770,0.6981753706932068
6771,0.6977989673614502
6772,0.6971797943115234
6773,0.6973780393600464
6774,0.6986181735992432
6775,0.704664945602417
6776,0.705044686794281
6777,0.7054916620254517
6778,0.7090187072753906
6779,0.707818329334259
6780,0.7138206362724304
6781,0.7093993425369263
6782,0.7128763198852539
6783,0.7130911946296692
6784,0.7202557325363159
6785,0.7194443345069885
6786,0.7194014191627502
6787,0.7188735008239746
6788,0.7202187776565552
6789,0.7161939740180969
6790,0.7213950753211975
6791,0.7189601063728333
6792,0.7069797515869141
6793,0.7168058156967163
6794,0.7228752970695496
6795,0.711371898651123
6796,0.7080771327018738
6797,0.6980189085006714
6798,0.6920034289360046
6799,0.6956251859664917
6800,0.6888462901115417
6801,0.6879167556762695
6802,0.6887637376785278
6803,0.6831420660018921
6804,0.6854873299598694
6805,0.6756449937820435
6806,0.684975266456604
6807,0.6823468208312988
6808,0.6828446388244629
6809,0.6735085248947144
6810,0.6757979393005371
6811,0.6851081252098083
6812,0.6804940104484558
6813,0.6988701224327087
6814,0.694165825843811
6815,0.712129533290863
6816,0.7053493857383728
6817,0.7135385274887085
6818,0.7127963900566101
6819,0.7149484753608704
6820,0.723712682723999
6821,0.7037302255630493
6822,0.7223310470581055
6823,0.7269333004951477
6824,0.7282673716545105
6825,0.7229770421981812
6826,0.7250039577484131
6827,0.7285447716712952
6828,0.6557698249816895
6829,0.7268919348716736
6830,0.729459285736084
6831,0.7280359864234924
6832,0.7278808951377869
6833,0.7280484437942505
6834,0.7238375544548035
6835,0.7182034254074097
6836,0.7198022603988647
6837,0.715681791305542
6838,0.7037800550460815
6839,0.7098159790039062
6840,0.7108233571052551
6841,0.7000043392181396
6842,0.606372594833374
6843,0.7121543288230896
6844,0.7134074568748474
6845,0.7162966728210449
6846,0.7185898423194885
6847,0.721132218837738
6848,0.7183632254600525
6849,0.7208579182624817
6850,0.721916139125824
6851,0.7187145948410034
6852,0.7220720648765564
6853,0.7250440120697021
6854,0.7217941284179688
6855,0.7173500657081604
6856,0.7203304767608643
6857,0.7174053192138672
6858,0.7117726802825928
6859,0.7085471749305725
6860,0.7111493945121765
6861,0.709945023059845
6862,0.7107734680175781
6863,0.7140893340110779
6864,0.7012434601783752
6865,0.705276608467102
6866,0.6969258189201355
6867,0.7061333656311035
6868,0.7052789330482483
6869,0.6958492994308472
6870,0.6946755051612854
6871,0.6931024193763733
6872,0.7025473713874817
6873,0.6834460496902466
6874,0.6906920075416565
6875,0.6897209286689758
6876,0.6891171336174011
6877,0.6893324255943298
6878,0.6905025243759155
6879,0.6995236873626709
6880,0.7004764676094055
6881,0.7084385752677917
6882,0.6977023482322693
6883,0.6991555094718933
6884,0.718101441860199
6885,0.7088431119918823
6886,0.7144652605056763
6887,0.7177517414093018
6888,0.7131346464157104
6889,0.7115607261657715
6890,0.7055787444114685
6891,0.7090385556221008
6892,0.7178033590316772
6893,0.7189694046974182
6894,0.7214184999465942
6895,0.724793016910553
6896,0.7172664403915405
6897,0.3406846225261688
6898,0.717918872833252
6899,0.6535556316375732
6900,0.6093565821647644
6901,0.7054108381271362
6902,0.6571345925331116
6903,0.7000495195388794
6904,0.7048696875572205
6905,0.7006348967552185
6906,0.7080896496772766
6907,0.7098567485809326
6908,0.7151966094970703
6909,0.711394727230072
6910,0.7136895656585693
6911,0.709022045135498
6912,0.7086133360862732
6913,0.7015987038612366
6914,0.7111561298370361
6915,0.699030339717865
6916,0.7048510313034058
6917,0.7022088170051575
6918,0.7010859251022339
6919,0.702539324760437
6920,0.7032173275947571
6921,0.6954929232597351
6922,0.7058889269828796
6923,0.6964888572692871
6924,0.7004165053367615
6925,0.7002814412117004
6926,0.7089915871620178
6927,0.702867329120636
6928,0.7045140266418457
6929,0.7039505243301392
6930,0.7015225291252136
6931,0.6998406052589417
6932,0.6962853670120239
6933,0.6915644407272339
6934,0.6988329291343689
6935,0.6939292550086975
6936,0.7031363248825073
6937,0.6988692879676819
6938,0.7187315821647644
6939,0.7091824412345886
6940,0.7082186937332153
6941,0.6986950635910034
6942,0.7032443284988403
6943,0.7029938697814941
6944,0.6928071975708008
6945,0.6872969269752502
6946,0.6894164681434631
6947,0.6875190138816833
6948,0.6869134306907654
6949,0.6847144365310669
6950,0.6928166747093201
6951,0.6865302324295044
6952,0.6886776089668274
6953,0.6802335977554321
6954,0.6866530776023865
6955,0.6847156882286072
6956,0.6825870871543884
6957,0.6808720231056213
6958,0.6791447401046753
6959,0.6781666874885559
6960,0.6861415505409241
6961,0.6784022450447083
6962,0.6875152587890625
6963,0.6936286091804504
6964,0.6939288973808289
6965,0.6965364813804626
6966,0.6977154612541199
6967,0.7010900378227234
6968,0.7033645510673523
6969,0.7124748229980469
6970,0.7118664979934692
6971,0.7097581624984741
6972,0.7050566077232361
6973,0.6957640647888184
6974,0.6961922645568848
6975,0.6970217823982239
6976,0.695523202419281
6977,0.6971362829208374
6978,0.6892699599266052
6979,0.6918457746505737
6980,0.6937979459762573
6981,0.6975820660591125
6982,0.6972893476486206
6983,0.6892417073249817
6984,0.6906207203865051
6985,0.6958872675895691
6986,0.6928732395172119
6987,0.6925755739212036
6988,0.6936494708061218
6989,0.7086613178253174
6990,0.7039428353309631
6991,0.7063159346580505
6992,0.704012930393219
6993,0.713135302066803
6994,0.7114458084106445
6995,0.7139670848846436
6996,0.723825991153717
6997,0.71470707654953
6998,0.721487820148468
6999,0.7087631225585938
7000,0.7172214984893799
7001,0.7198812961578369
7002,0.7277289628982544
7003,0.7291284799575806
7004,0.7225233316421509
7005,0.7242685556411743
7006,0.7284295558929443
7007,0.731404721736908
7008,0.7223463654518127
7009,0.7247345447540283
7010,0.715924859046936
7011,0.7137489914894104
7012,0.7201352715492249
7013,0.7082604765892029
7014,0.7082104682922363
7015,0.7136893272399902
7016,0.7072514295578003
7017,0.7004983425140381
7018,0.7061815857887268
7019,0.6986729502677917
7020,0.6965537667274475
7021,0.7081275582313538
7022,0.7012393474578857
7023,0.7052028775215149
7024,0.6958286166191101
7025,0.6941413879394531
7026,0.7019892334938049
7027,0.6864821314811707
7028,0.6978756189346313
7029,0.6879563927650452
7030,0.6991021037101746
7031,0.7001381516456604
7032,0.6947570443153381
7033,0.7013559341430664
7034,0.6963943839073181
7035,0.6993829607963562
7036,0.7081082463264465
7037,0.6978769898414612
7038,0.7049554586410522
7039,0.7058940529823303
7040,0.6959326267242432
7041,0.7048282623291016
7042,0.700390636920929
7043,0.7018947005271912
7044,0.7017253637313843
7045,0.7064099311828613
7046,0.7002377510070801
7047,0.7119764089584351
7048,0.7019873261451721
7049,0.7034201622009277
7050,0.7060531973838806
7051,0.7054089307785034
7052,0.6967001557350159
7053,0.6954386234283447
7054,0.6981409192085266
7055,0.6839851140975952
7056,0.7033964991569519
7057,0.7057691812515259
7058,0.7050123810768127
7059,0.7039391994476318
7060,0.7012326717376709
7061,0.6869792342185974
7062,0.6993663311004639
7063,0.7103849053382874
7064,0.7097347378730774
7065,0.7058233618736267
7066,0.7094821333885193
7067,0.7053472995758057
7068,0.7048040628433228
7069,0.7120513916015625
7070,0.712654173374176
7071,0.7110898494720459
7072,0.7105333209037781
7073,0.7132629156112671
7074,0.7264307737350464
7075,0.7230085134506226
7076,0.7313198447227478
7077,0.724226176738739
7078,0.7242542505264282
7079,0.7226560115814209
7080,0.71193927526474
7081,0.7103522419929504
7082,0.7066712379455566
7083,0.7114319801330566
7084,0.7093364596366882
7085,0.7005314230918884
7086,0.6919649839401245
7087,0.6975516080856323
7088,0.6810798645019531
7089,0.6961389780044556
7090,0.6972765326499939
7091,0.6881958842277527
7092,0.6768821477890015
7093,0.6782251596450806
7094,0.6799400448799133
7095,0.671360194683075
7096,0.6853908896446228
7097,0.6850531101226807
7098,0.6892867684364319
7099,0.6771862506866455
7100,0.6813452243804932
7101,0.6460340619087219
7102,0.6796973943710327
7103,0.6863783001899719
7104,0.6934611201286316
7105,0.6639093160629272
7106,0.6841429471969604
7107,0.676744282245636
7108,0.6937088966369629
7109,0.6930734515190125
7110,0.7000810503959656
7111,0.6914335489273071
7112,0.6916518211364746
7113,0.7024184465408325
7114,0.6961151361465454
7115,0.7035687565803528
7116,0.701610267162323
7117,0.7023577690124512
7118,0.7088912129402161
7119,0.70046466588974
7120,0.7070760726928711
7121,0.7001526355743408
7122,0.71845543384552
7123,0.7001866698265076
7124,0.6982296109199524
7125,0.7005431056022644
7126,0.6975674033164978
7127,0.6983256936073303
7128,0.7002958655357361
7129,0.6959115266799927
7130,0.6979033350944519
7131,0.7031600475311279
7132,0.6926411986351013
7133,0.6905068159103394
7134,0.6881588101387024
7135,0.6880604028701782
7136,0.6890117526054382
7137,0.6883836984634399
7138,0.6948752403259277
7139,0.6895312070846558
7140,0.7082661390304565
7141,0.7030576467514038
7142,0.7158644199371338
7143,0.7168792486190796
7144,0.7238724827766418
7145,0.7265288829803467
7146,0.7152031660079956
7147,0.7284647822380066
7148,0.7240129709243774
7149,0.72507643699646
7150,0.7238906621932983
7151,0.7227828502655029
7152,0.7257993221282959
7153,0.722555935382843
7154,0.7217373847961426
7155,0.7262572646141052
7156,0.7212842702865601
7157,0.7119216322898865
7158,0.7088051438331604
7159,0.6944169998168945
7160,0.7118672728538513
7161,0.7121593952178955
7162,0.7130925059318542
7163,0.7063876986503601
7164,0.7013878226280212
7165,0.7063660025596619
7166,0.7070719003677368
7167,0.7070750594139099
7168,0.7089629173278809
7169,0.7009021043777466
7170,0.7131695747375488
7171,0.7137599587440491
7172,0.7085089087486267
7173,0.7177949547767639
7174,0.7185860276222229
7175,0.707365870475769
7176,0.7072263360023499
7177,0.6975473165512085
7178,0.6938894391059875
7179,0.6950982213020325
7180,0.6925371289253235
7181,0.6920210123062134
7182,0.6761966943740845
7183,0.6848675608634949
7184,0.6885946393013
7185,0.6879563927650452
7186,0.6887102127075195
7187,0.6988542079925537
7188,0.6962576508522034
7189,0.6936585903167725
7190,0.6959077715873718
7191,0.7012656331062317
7192,0.6978152394294739
7193,0.7088231444358826
7194,0.7073644995689392
7195,0.7102628946304321
7196,0.71176677942276
7197,0.7082725167274475
7198,0.7119637727737427
7199,0.7145205736160278
7200,0.7102519273757935
7201,0.7091667056083679
7202,0.7008304595947266
7203,0.7000414133071899
7204,0.6999306082725525
7205,0.6936638355255127
7206,0.7009923458099365
7207,0.7013809680938721
7208,0.7044191956520081
7209,0.6975821256637573
7210,0.7005620002746582
7211,0.6899668574333191
7212,0.690337598323822
7213,0.6797654628753662
7214,0.6709019541740417
7215,0.6697712540626526
7216,0.666823148727417
7217,0.6659516096115112
7218,0.6640479564666748
7219,0.6704838275909424
7220,0.6628969311714172
7221,0.6701404452323914
7222,0.6732118725776672
7223,0.6830841898918152
7224,0.6704667806625366
7225,0.6827518343925476
7226,0.6927280426025391
7227,0.6945286393165588
7228,0.6943484544754028
7229,0.6958219408988953
7230,0.704068124294281
7231,0.7010974884033203
7232,0.7007282376289368
7233,0.6913390755653381
7234,0.6926833391189575
7235,0.7004180550575256
7236,0.6930833458900452
7237,0.6929798126220703
7238,0.6998310685157776
7239,0.6850095987319946
7240,0.6908724308013916
7241,0.6974083781242371
7242,0.685859739780426
7243,0.6936712861061096
7244,0.6933121681213379
7245,0.7003182768821716
7246,0.7024067044258118
7247,0.6982890963554382
7248,0.6980703473091125
7249,0.6942263841629028
7250,0.7120563983917236
7251,0.7057390213012695
7252,0.7149956822395325
7253,0.7197492718696594
7254,0.7229317426681519
7255,0.7261310815811157
7256,0.7285085916519165
7257,0.7327291369438171
7258,0.733171284198761
7259,0.7354692220687866
7260,0.7203442454338074
7261,0.7200409770011902
7262,0.7079625129699707
7263,0.7236553430557251
7264,0.7064441442489624
7265,0.6916370391845703
7266,0.6984979510307312
7267,0.6848072409629822
7268,0.6852685809135437
7269,0.684606671333313
7270,0.6765122413635254
7271,0.6856407523155212
7272,0.7055590748786926
7273,0.6817302703857422
7274,0.6843365430831909
7275,0.6827845573425293
7276,0.6977843642234802
7277,0.680168867111206
7278,0.6813422441482544
7279,0.697252631187439
7280,0.7070252299308777
7281,0.6962565183639526
7282,0.7045755982398987
7283,0.7031680941581726
7284,0.7001705169677734
7285,0.6975885033607483
7286,0.6967461109161377
7287,0.6965067982673645
7288,0.7042482495307922
7289,0.7044832706451416
7290,0.6968293190002441
7291,0.7035813331604004
7292,0.7050758600234985
7293,0.7051091194152832
7294,0.7070165276527405
7295,0.715569019317627
7296,0.707626223564148
7297,0.7085797786712646
7298,0.7022597789764404
7299,0.7091992497444153
7300,0.7121302485466003
7301,0.7120926976203918
7302,0.7088772654533386
7303,0.7005208134651184
7304,0.7079237699508667
7305,0.6968873143196106
7306,0.6933465600013733
7307,0.6955469846725464
7308,0.6925583481788635
7309,0.6923743486404419
7310,0.6921144723892212
7311,0.6941730976104736
7312,0.6914857029914856
7313,0.690729022026062
7314,0.6923792362213135
7315,0.6955167055130005
7316,0.6955010890960693
7317,0.6974157094955444
7318,0.6975133419036865
7319,0.6979265213012695
7320,0.6983683109283447
7321,0.6980242133140564
7322,0.7022135257720947
7323,0.6999586224555969
7324,0.7018997073173523
7325,0.6955087780952454
7326,0.7002308964729309
7327,0.7107052803039551
7328,0.7142662405967712
7329,0.7099563479423523
7330,0.7186355590820312
7331,0.7220789194107056
7332,0.7240872979164124
7333,0.7274870276451111
7334,0.7176355123519897
7335,0.7084278464317322
7336,0.7119353413581848
7337,0.7083134055137634
7338,0.6931442022323608
7339,0.7018458843231201
7340,0.7008664011955261
7341,0.7016499042510986
7342,0.7021941542625427
7343,0.7011545896530151
7344,0.7013118863105774
7345,0.6967663764953613
7346,0.7020032405853271
7347,0.7004621028900146
7348,0.6966495513916016
7349,0.7000677585601807
7350,0.6882137656211853
7351,0.6901431679725647
7352,0.6911686062812805
7353,0.6897364854812622
7354,0.6908475160598755
7355,0.7018802165985107
7356,0.6979058980941772
7357,0.7103458046913147
7358,0.7040094137191772
7359,0.7119759321212769
7360,0.7031776309013367
7361,0.7027457356452942
7362,0.7031266689300537
7363,0.7007474303245544
7364,0.7037703394889832
7365,0.6959783434867859
7366,0.7013623118400574
7367,0.7004216909408569
7368,0.6998940706253052
7369,0.6949928402900696
7370,0.6969168186187744
7371,0.6981810331344604
7372,0.6966283321380615
7373,0.6965407133102417
7374,0.6969876289367676
7375,0.7064794898033142
7376,0.6972952485084534
7377,0.7014797329902649
7378,0.7047879099845886
7379,0.7038938999176025
7380,0.7059625387191772
7381,0.706185519695282
7382,0.6905194520950317
7383,0.7101778388023376
7384,0.7112774848937988
7385,0.7139109373092651
7386,0.7122613191604614
7387,0.7177572846412659
7388,0.7182121276855469
7389,0.7163990139961243
7390,0.7171503901481628
7391,0.7144207954406738
7392,0.7188330888748169
7393,0.7214315533638
7394,0.7213289141654968
7395,0.7236177921295166
7396,0.7348763346672058
7397,0.7246829867362976
7398,0.7261019349098206
7399,0.6731348633766174
7400,0.7278928160667419
7401,0.6363665461540222
7402,0.7223947644233704
7403,0.7181352972984314
7404,0.7179743647575378
7405,0.7120504379272461
7406,0.7151406407356262
7407,0.7139381766319275
7408,0.7191147804260254
7409,0.7126652598381042
7410,0.7140398025512695
7411,0.7173889875411987
7412,0.7199697494506836
7413,0.7157858610153198
7414,0.7194391489028931
7415,0.7098384499549866
7416,0.7117077708244324
7417,0.7083075046539307
7418,0.7053343057632446
7419,0.697102963924408
7420,0.7054823040962219
7421,0.6980137825012207
7422,0.7000986933708191
7423,0.7054309844970703
7424,0.6995322704315186
7425,0.7062761187553406
7426,0.6989336609840393
7427,0.7038572430610657
7428,0.6972768306732178
7429,0.70420241355896
7430,0.7024335861206055
7431,0.7028166651725769
7432,0.7030656933784485
7433,0.7010774612426758
7434,0.7057020664215088
7435,0.7064567804336548
7436,0.7161098122596741
7437,0.7097644209861755
7438,0.7172768115997314
7439,0.7166568636894226
7440,0.71720290184021
7441,0.7196680903434753
7442,0.7277708649635315
7443,0.7184043526649475
7444,0.7075284719467163
7445,0.7164168357849121
7446,0.7162777185440063
7447,0.7187628746032715
7448,0.7044631838798523
7449,0.7005524635314941
7450,0.7032285332679749
7451,0.7045814394950867
7452,0.7030394077301025
7453,0.6948628425598145
7454,0.6953811049461365
7455,0.6942722797393799
7456,0.6864094138145447
7457,0.6856244802474976
7458,0.6934195160865784
7459,0.6940132975578308
7460,0.680198073387146
7461,0.6895288825035095
7462,0.6870300769805908
7463,0.686044454574585
7464,0.6942853927612305
7465,0.6934647560119629
7466,0.693652868270874
7467,0.6943435668945312
7468,0.699937641620636
7469,0.6976680755615234
7470,0.6989402174949646
7471,0.6922902464866638
7472,0.7065370678901672
7473,0.698671817779541
7474,0.6988497376441956
7475,0.7098878622055054
7476,0.7001416087150574
7477,0.7027305364608765
7478,0.7192651033401489
7479,0.7186591029167175
7480,0.7061174511909485
7481,0.7171037793159485
7482,0.7118107080459595
7483,0.7189555168151855
7484,0.708798885345459
7485,0.7077098488807678
7486,0.7136677503585815
7487,0.7136431932449341
7488,0.7148272395133972
7489,0.7045716047286987
7490,0.7148442268371582
7491,0.7112889885902405
7492,0.713717520236969
7493,0.7090237736701965
7494,0.7059226632118225
7495,0.7095968127250671
7496,0.6765027046203613
7497,0.7020605802536011
7498,0.6956220269203186
7499,0.696362316608429
7500,0.7033627033233643
7501,0.7062275409698486
7502,0.69913649559021
7503,0.6990265250205994
7504,0.6995640993118286
7505,0.699524462223053
7506,0.6987215280532837
7507,0.7009828090667725
7508,0.7030298709869385
7509,0.6956049203872681
7510,0.6985034346580505
7511,0.6982622146606445
7512,0.699544370174408
7513,0.676880419254303
7514,0.6893334984779358
7515,0.6907224655151367
7516,0.6918360590934753
7517,0.6981042623519897
7518,0.6988583207130432
7519,0.6983667612075806
7520,0.7020191550254822
7521,0.7000758647918701
7522,0.6963088512420654
7523,0.7021171450614929
7524,0.7030714154243469
7525,0.6957509517669678
7526,0.7095139622688293
7527,0.701231837272644
7528,0.7074850797653198
7529,0.7088942527770996
7530,0.6985440850257874
7531,0.6988823413848877
7532,0.7077104449272156
7533,0.7038937211036682
7534,0.7032802700996399
7535,0.6970583200454712
7536,0.6964237093925476
7537,0.7079444527626038
7538,0.7112411260604858
7539,0.7039633989334106
7540,0.7043685913085938
7541,0.7015509605407715
7542,0.7066094875335693
7543,0.7098974585533142
7544,0.7153087258338928
7545,0.7147146463394165
7546,0.7081550359725952
7547,0.7144332528114319
7548,0.7125765681266785
7549,0.7154390215873718
7550,0.7146006226539612
7551,0.7119770646095276
7552,0.712902843952179
7553,0.7112449407577515
7554,0.7100657224655151
7555,0.7099521160125732
7556,0.7110888957977295
7557,0.7188815474510193
7558,0.7098169922828674
7559,0.7172589898109436
7560,0.715982973575592
7561,0.7166826128959656
7562,0.7174558043479919
7563,0.7139880657196045
7564,0.7148647904396057
7565,0.7141242623329163
7566,0.7148723006248474
7567,0.7101699113845825
7568,0.7031527161598206
7569,0.7180843353271484
7570,0.7167094945907593
7571,0.7191688418388367
7572,0.7121770977973938
7573,0.7132080793380737
7574,0.7248145341873169
7575,0.7217457294464111
7576,0.7201128005981445
7577,0.7086377739906311
7578,0.7108144760131836
7579,0.7079669237136841
7580,0.7076212763786316
7581,0.7080286145210266
7582,0.7019481658935547
7583,0.6950241923332214
7584,0.6948345303535461
7585,0.6980493664741516
7586,0.686781644821167
7587,0.6813971400260925
7588,0.6882494688034058
7589,0.6787545680999756
7590,0.6856234073638916
7591,0.6858702898025513
7592,0.6864908337593079
7593,0.6835423111915588
7594,0.6763169765472412
7595,0.6754459738731384
7596,0.6665229797363281
7597,0.6781988143920898
7598,0.6871127486228943
7599,0.684817373752594
7600,0.6846902370452881
7601,0.6697995662689209
7602,0.6968396306037903
7603,0.6973517537117004
7604,0.6988227963447571
7605,0.6987545490264893
7606,0.7074266076087952
7607,0.7120880484580994
7608,0.7137764096260071
7609,0.7160601615905762
7610,0.7066847681999207
7611,0.7138933539390564
7612,0.7128750085830688
7613,0.7195377349853516
7614,0.7216878533363342
7615,0.7290496826171875
7616,0.7244126796722412
7617,0.7239970564842224
7618,0.7212501764297485
7619,0.717534601688385
7620,0.7133215069770813
7621,0.7118699550628662
7622,0.7099440097808838
7623,0.7183108925819397
7624,0.7081544995307922
7625,0.70903080701828
7626,0.7078076601028442
7627,0.7046884894371033
7628,0.6816653609275818
7629,0.7035382986068726
7630,0.702435314655304
7631,0.7041054368019104
7632,0.7040344476699829
7633,0.7066187262535095
7634,0.7071945071220398
7635,0.7059624195098877
7636,0.7029459476470947
7637,0.7031141519546509
7638,0.7005913853645325
7639,0.6975383162498474
7640,0.6966356039047241
7641,0.6960646510124207
7642,0.6874271631240845
7643,0.6873334050178528
7644,0.687206506729126
7645,0.679016649723053
7646,0.6743871569633484
7647,0.6686327457427979
7648,0.6798207759857178
7649,0.6723244786262512
7650,0.6491963267326355
7651,0.6280437707901001
7652,0.678195595741272
7653,0.6537503600120544
7654,0.6827684640884399
7655,0.6845407485961914
7656,0.6876733303070068
7657,0.6959469318389893
7658,0.6865857243537903
7659,0.6951196789741516
7660,0.6867474913597107
7661,0.7027928233146667
7662,0.7048758268356323
7663,0.714062511920929
7664,0.7194432616233826
7665,0.7164978384971619
7666,0.7209237813949585
7667,0.7110128402709961
7668,0.7236915230751038
7669,0.6953088641166687
7670,0.7277208566665649
7671,0.7203507423400879
7672,0.7069323658943176
7673,0.6831948161125183
7674,0.6678349375724792
7675,0.6791093349456787
7676,0.6728714108467102
7677,0.6599987149238586
7678,0.676127552986145
7679,0.6828072667121887
7680,0.6497530341148376
7681,0.6603951454162598
7682,0.6636512279510498
7683,0.671724796295166
7684,0.668490469455719
7685,0.660348117351532
7686,0.6667088270187378
7687,0.6734843850135803
7688,0.6921012997627258
7689,0.6911929845809937
7690,0.6807273626327515
7691,0.6889133453369141
7692,0.6968148350715637
7693,0.7046866416931152
7694,0.7017785906791687
7695,0.6916956305503845
7696,0.6977322697639465
7697,0.6958621740341187
7698,0.6865412592887878
7699,0.6946995258331299
7700,0.6903223991394043
7701,0.6955287456512451
7702,0.6893413066864014
7703,0.6926738619804382
7704,0.6934683918952942
7705,0.6941433548927307
7706,0.6785484552383423
7707,0.6939604878425598
7708,0.6888989806175232
7709,0.6916648149490356
7710,0.6948851346969604
7711,0.6965593695640564
7712,0.6987347602844238
7713,0.6933507919311523
7714,0.6902689337730408
7715,0.6940524578094482
7716,0.7050115466117859
7717,0.7006891369819641
7718,0.6926546692848206
7719,0.7004808187484741
7720,0.70119708776474
7721,0.6959336400032043
7722,0.7035846710205078
7723,0.7037814259529114
7724,0.6942230463027954
7725,0.6924330592155457
7726,0.7002583146095276
7727,0.6988236904144287
7728,0.6968626379966736
7729,0.700265645980835
7730,0.6952638626098633
7731,0.7027073502540588
7732,0.7064688205718994
7733,0.7071889042854309
7734,0.6785595417022705
7735,0.7099668979644775
7736,0.7108725905418396
7737,0.7142829298973083
7738,0.697851836681366
7739,0.7010679841041565
7740,0.71011883020401
7741,0.7105955481529236
7742,0.7057093977928162
7743,0.7063801884651184
7744,0.7026759386062622
7745,0.7013354301452637
7746,0.7048045992851257
7747,0.7059614658355713
7748,0.7071820497512817
7749,0.6984111070632935
7750,0.7068091630935669
7751,0.7062007784843445
7752,0.7099548578262329
7753,0.7107561230659485
7754,0.7075583934783936
7755,0.7026504874229431
7756,0.7015792727470398
7757,0.7003778219223022
7758,0.702646017074585
7759,0.7041760087013245
7760,0.7057682871818542
7761,0.7051553726196289
7762,0.7108144760131836
7763,0.7119914293289185
7764,0.712432861328125
7765,0.7176651358604431
7766,0.7144004702568054
7767,0.7183654308319092
7768,0.7165302038192749
7769,0.7251794934272766
7770,0.7220234274864197
7771,0.7171704769134521
7772,0.7199457883834839
7773,0.5790202617645264
7774,0.7151681780815125
7775,0.707287073135376
7776,0.5684627890586853
7777,0.7095712423324585
7778,0.7067553997039795
7779,0.7077076435089111
7780,0.6985650658607483
7781,0.703151285648346
7782,0.7059195041656494
7783,0.6994773149490356
7784,0.7005903720855713
7785,0.7104349136352539
7786,0.7033022046089172
7787,0.6986874938011169
7788,0.6958237290382385
7789,0.6943622827529907
7790,0.6940441131591797
7791,0.6943533420562744
7792,0.7034522294998169
7793,0.6943584680557251
7794,0.6906512975692749
7795,0.6970288157463074
7796,0.7042258381843567
7797,0.6976912021636963
7798,0.6905468702316284
7799,0.7015430927276611
7800,0.6937132477760315
7801,0.7002323865890503
7802,0.6836330890655518
7803,0.6985422968864441
7804,0.6979334354400635
7805,0.695144772529602
7806,0.6941701173782349
7807,0.6954023241996765
7808,0.6933358907699585
7809,0.6949453353881836
7810,0.6954766511917114
7811,0.6978368163108826
7812,0.6998263001441956
7813,0.7029255628585815
7814,0.7141396403312683
7815,0.7196862697601318
7816,0.7179294228553772
7817,0.7243636250495911
7818,0.7230316400527954
7819,0.7235777974128723
7820,0.7203372120857239
7821,0.7165997624397278
7822,0.7210126519203186
7823,0.711018979549408
7824,0.7054848074913025
7825,0.7089986801147461
7826,0.7083932757377625
7827,0.708188533782959
7828,0.7169578075408936
7829,0.7091074585914612
7830,0.7171590328216553
7831,0.7076948881149292
7832,0.7147706151008606
7833,0.7142882347106934
7834,0.7025272846221924
7835,0.7144263982772827
7836,0.7039530873298645
7837,0.7076093554496765
7838,0.7093045115470886
7839,0.7072756886482239
7840,0.6993349194526672
7841,0.7017874121665955
7842,0.7093918323516846
7843,0.709595799446106
7844,0.7048436999320984
7845,0.709412157535553
7846,0.7084928154945374
7847,0.7089810967445374
7848,0.7077133655548096
7849,0.700482964515686
7850,0.707893431186676
7851,0.700049102306366
7852,0.6950691938400269
7853,0.7086937427520752
7854,0.7078145146369934
7855,0.7095062732696533
7856,0.7118911743164062
7857,0.7072039246559143
7858,0.7085071206092834
7859,0.7117501497268677
7860,0.7178036570549011
7861,0.7159378528594971
7862,0.7124183773994446
7863,0.7122887372970581
7864,0.6624037027359009
7865,0.7155989408493042
7866,0.7273795008659363
7867,0.7308154106140137
7868,0.7293794751167297
7869,0.722138524055481
7870,0.7302204370498657
7871,0.7261089086532593
7872,0.7213559746742249
7873,0.6682859659194946
7874,0.5743774771690369
7875,0.6650857925415039
7876,0.5666730403900146
7877,0.7108241319656372
7878,0.7104097604751587
7879,0.714837908744812
7880,0.7226265072822571
7881,0.7265550494194031
7882,0.7173047065734863
7883,0.7232877612113953
7884,0.7187913060188293
7885,0.7192808389663696
7886,0.7160137891769409
7887,0.7155779600143433
7888,0.7040758728981018
7889,0.7098031044006348
7890,0.7094264030456543
7891,0.707689642906189
7892,0.7104616165161133
7893,0.7031072974205017
7894,0.7091600298881531
7895,0.7120624780654907
7896,0.7137285470962524
7897,0.7168955206871033
7898,0.7158098220825195
7899,0.7140346765518188
7900,0.7156362533569336
7901,0.7176845073699951
7902,0.7149631977081299
7903,0.6969512701034546
7904,0.7120046615600586
7905,0.7096167802810669
7906,0.7088266015052795
7907,0.7074048519134521
7908,0.7026500105857849
7909,0.7035419344902039
7910,0.7041858434677124
7911,0.7017791271209717
7912,0.7021112442016602
7913,0.7043994665145874
7914,0.7074222564697266
7915,0.7071095705032349
7916,0.7102824449539185
7917,0.713429868221283
7918,0.7224909067153931
7919,0.7188194394111633
7920,0.7027153372764587
7921,0.7124088406562805
7922,0.7157687544822693
7923,0.7140831351280212
7924,0.7168192267417908
7925,0.7166075706481934
7926,0.7176035642623901
7927,0.719266951084137
7928,0.7202680110931396
7929,0.7221465706825256
7930,0.7218318581581116
7931,0.721128523349762
7932,0.7294731140136719
7933,0.7218677401542664
7934,0.7220016121864319
7935,0.7221293449401855
7936,0.7212530374526978
7937,0.7190144658088684
7938,0.718697726726532
7939,0.7100010514259338
7940,0.7203630208969116
7941,0.7125445008277893
7942,0.7110578417778015
7943,0.7090618014335632
7944,0.7164956331253052
7945,0.714713990688324
7946,0.7054212689399719
7947,0.7159033417701721
7948,0.7173007130622864
7949,0.719264030456543
7950,0.7173141241073608
7951,0.7187784910202026
7952,0.7167336344718933
7953,0.7129561305046082
7954,0.7219333648681641
7955,0.7192789316177368
7956,0.7140254974365234
7957,0.7184089422225952
7958,0.717412531375885
7959,0.7200043797492981
7960,0.7238726615905762
7961,0.7237280607223511
7962,0.7194441556930542
7963,0.716723620891571
7964,0.718500018119812
7965,0.7159958481788635
7966,0.7149328589439392
7967,0.7101224660873413
7968,0.7180128693580627
7969,0.7157484292984009
7970,0.7113247513771057
7971,0.7120643854141235
7972,0.7215093970298767
7973,0.7188453674316406
7974,0.7181364893913269
7975,0.7153487205505371
7976,0.7163921594619751
7977,0.7140278816223145
7978,0.7230260372161865
7979,0.7166891098022461
7980,0.7215468883514404
7981,0.718773603439331
7982,0.6904467344284058
7983,0.671541690826416
7984,0.722831666469574
7985,0.7201418280601501
7986,0.5743436813354492
7987,0.7224979996681213
7988,0.7270359992980957
7989,0.7246529459953308
7990,0.7224946022033691
7991,0.7238192558288574
7992,0.676274299621582
7993,0.676596462726593
7994,0.7158616781234741
7995,0.6140549778938293
7996,0.717231035232544
7997,0.7147796750068665
7998,0.6956062912940979
7999,0.711226224899292
8000,0.7197228074073792
8001,0.7161887288093567
8002,0.7063838243484497
8003,0.7280869483947754
8004,0.7195732593536377
8005,0.7201946973800659
8006,0.7249566912651062
8007,0.7093213796615601
8008,0.7070354223251343
8009,0.7121471166610718
8010,0.7009443640708923
8011,0.6880803108215332
8012,0.6905539035797119
8013,0.697916567325592
8014,0.6882454752922058
8015,0.6868870854377747
8016,0.6662024259567261
8017,0.6830236315727234
8018,0.6920894384384155
8019,0.6926961541175842
8020,0.6866264343261719
8021,0.6913524270057678
8022,0.6938032507896423
8023,0.6950797438621521
8024,0.6955970525741577
8025,0.699263334274292
8026,0.6929489970207214
8027,0.7088012099266052
8028,0.7107623219490051
8029,0.7097916007041931
8030,0.7172117233276367
8031,0.7214784026145935
8032,0.7203340530395508
8033,0.7153818607330322
8034,0.7233708500862122
8035,0.7219201326370239
8036,0.705579936504364
8037,0.7125754356384277
8038,0.7115221619606018
8039,0.7153192162513733
8040,0.7140718698501587
8041,0.7155486941337585
8042,0.7214332222938538
8043,0.6968590617179871
8044,0.7237749099731445
8045,0.713773787021637
8046,0.7055160403251648
8047,0.7252134680747986
8048,0.724288284778595
8049,0.7263880968093872
8050,0.7245576977729797
8051,0.7258902192115784
8052,0.7226769924163818
8053,0.7265346050262451
8054,0.7253724932670593
8055,0.730755090713501
8056,0.7307363748550415
8057,0.7295239567756653
8058,0.7302905321121216
8059,0.7250064611434937
8060,0.7294535040855408
8061,0.7297716736793518
8062,0.7308534383773804
8063,0.7313267588615417
8064,0.7318359017372131
8065,0.7185242176055908
8066,0.7207288146018982
8067,0.6265316009521484
8068,0.7199485301971436
8069,0.7209436297416687
8070,0.718019425868988
8071,0.7223071455955505
8072,0.7104998230934143
8073,0.7018672823905945
8074,0.7017166018486023
8075,0.6943382620811462
8076,0.694348156452179
8077,0.7037646770477295
8078,0.7007051706314087
8079,0.6922386288642883
8080,0.6989520192146301
8081,0.6964605450630188
8082,0.7136361002922058
8083,0.7144982218742371
8084,0.7128036618232727
8085,0.719171404838562
8086,0.713793933391571
8087,0.7235661745071411
8088,0.7215455770492554
8089,0.717410683631897
8090,0.7191449403762817
8091,0.716558575630188
8092,0.7174888849258423
8093,0.7146825194358826
8094,0.7161909937858582
8095,0.6868752837181091
8096,0.7186859250068665
8097,0.711216390132904
8098,0.7166275382041931
8099,0.7092416286468506
8100,0.7171136736869812
8101,0.7089422941207886
8102,0.7059820890426636
8103,0.7054287195205688
8104,0.6961161494255066
8105,0.6880685091018677
8106,0.6756566762924194
8107,0.6877826452255249
8108,0.6697235703468323
8109,0.6705110669136047
8110,0.6715948581695557
8111,0.6697925329208374
8112,0.6717281341552734
8113,0.6717399954795837
8114,0.680069625377655
8115,0.6947831511497498
8116,0.6875060796737671
8117,0.6886076927185059
8118,0.6932530999183655
8119,0.7040571570396423
8120,0.6892590522766113
8121,0.6950865387916565
8122,0.6928103566169739
8123,0.6925927400588989
8124,0.6937934160232544
8125,0.6960490942001343
8126,0.7069060802459717
8127,0.7080263495445251
8128,0.7073809504508972
8129,0.7126426100730896
8130,0.7157580256462097
8131,0.7171108722686768
8132,0.7143363952636719
8133,0.7076331377029419
8134,0.7041966915130615
8135,0.7082257270812988
8136,0.7059817314147949
8137,0.703008770942688
8138,0.7024929523468018
8139,0.7009991407394409
8140,0.7024940252304077
8141,0.6984261870384216
8142,0.6983657479286194
8143,0.6962823271751404
8144,0.6995756030082703
8145,0.6993274092674255
8146,0.6922891139984131
8147,0.6936729550361633
8148,0.7028606534004211
8149,0.7012194395065308
8150,0.6919934749603271
8151,0.6911024451255798
8152,0.6981036067008972
8153,0.6952937245368958
8154,0.7053389549255371
8155,0.6961308717727661
8156,0.6980844736099243
8157,0.6920291781425476
8158,0.7025061845779419
8159,0.6944528818130493
8160,0.7038435935974121
8161,0.7035884261131287
8162,0.6983931660652161
8163,0.7048811316490173
8164,0.7080538272857666
8165,0.7060975432395935
8166,0.7063804864883423
8167,0.7133079171180725
8168,0.7146129012107849
8169,0.7233699560165405
8170,0.7171887159347534
8171,0.7172256708145142
8172,0.7257196307182312
8173,0.722885251045227
8174,0.7235586643218994
8175,0.5856150388717651
8176,0.5679343938827515
8177,0.6218874454498291
8178,0.7266777753829956
8179,0.2908196449279785
8180,0.7285943031311035
8181,0.28776034712791443
8182,0.2938022315502167
8183,0.2884303331375122
8184,0.2891468107700348
8185,0.25813204050064087
8186,0.25275832414627075
8187,0.6195117831230164
8188,0.25693604350090027
8189,0.6520735621452332
8190,0.7309924960136414
8191,0.4622493386268616
8192,0.5907981395721436
8193,0.7308940291404724
8194,0.5965567827224731
8195,0.6721837520599365
8196,0.7260432243347168
8197,0.7248222827911377
8198,0.7230637073516846
8199,0.5907963514328003
8200,0.7264212369918823
8201,0.7259525060653687
8202,0.7209427356719971
8203,0.7212548851966858
8204,0.7291922569274902
8205,0.7179639935493469
8206,0.7117864489555359
8207,0.7187515497207642
8208,0.7169567346572876
8209,0.7056255340576172
8210,0.7213649749755859
8211,0.7243514060974121
8212,0.7262061834335327
8213,0.7221789360046387
8214,0.7226549983024597
8215,0.7217017412185669
8216,0.7183977961540222
8217,0.7165540456771851
8218,0.7171993851661682
8219,0.7145888805389404
8220,0.7114266753196716
8221,0.7058624029159546
8222,0.713894784450531
8223,0.713815450668335
8224,0.7157390117645264
8225,0.7096928358078003
8226,0.7112590670585632
8227,0.7105314135551453
8228,0.7079393863677979
8229,0.7095969319343567
8230,0.7116244435310364
8231,0.7151753306388855
8232,0.717385470867157
8233,0.7207885980606079
8234,0.7061040997505188
8235,0.7048267722129822
8236,0.7052192687988281
8237,0.7049563527107239
8238,0.7048376798629761
8239,0.6941879987716675
8240,0.6917498111724854
8241,0.6935584545135498
8242,0.6975065469741821
8243,0.6963059306144714
8244,0.6949102878570557
8245,0.7027440667152405
8246,0.693822979927063
8247,0.7016780376434326
8248,0.7086468935012817
8249,0.7101970911026001
8250,0.7108690738677979
8251,0.7069061398506165
8252,0.7088667750358582
8253,0.7066064476966858
8254,0.7074282169342041
8255,0.7065650224685669
8256,0.7060434222221375
8257,0.7066872119903564
8258,0.7061046957969666
8259,0.7064578533172607
8260,0.6981500387191772
8261,0.6919844150543213
8262,0.7019029855728149
8263,0.7058291435241699
8264,0.7067619562149048
8265,0.708819568157196
8266,0.7094262838363647
8267,0.7043896317481995
8268,0.7029041051864624
8269,0.7013081312179565
8270,0.700861930847168
8271,0.6995198726654053
8272,0.6990323066711426
8273,0.7003669142723083
8274,0.7061355113983154
8275,0.6976670622825623
8276,0.7026955485343933
8277,0.7096906900405884
8278,0.7112122178077698
8279,0.7100244760513306
8280,0.7091604471206665
8281,0.7116841077804565
8282,0.7099919319152832
8283,0.7139543890953064
8284,0.7129881978034973
8285,0.7059527039527893
8286,0.6570860743522644
8287,0.7220656871795654
8288,0.7295052409172058
8289,0.7317997217178345
8290,0.7330093383789062
8291,0.7312608361244202
8292,0.7259476184844971
8293,0.7171022891998291
8294,0.7127410173416138
8295,0.7162397503852844
8296,0.7159985303878784
8297,0.7105358839035034
8298,0.6990993022918701
8299,0.7000038623809814
8300,0.696017861366272
8301,0.6989347338676453
8302,0.6998647451400757
8303,0.6998160481452942
8304,0.6895301938056946
8305,0.704668402671814
8306,0.7078381776809692
8307,0.7131940126419067
8308,0.6999782919883728
8309,0.6935558915138245
8310,0.6917793154716492
8311,0.7064189910888672
8312,0.7069143652915955
8313,0.6830588579177856
8314,0.6921374797821045
8315,0.6971598267555237
8316,0.688043475151062
8317,0.6968579292297363
8318,0.6899334788322449
8319,0.6846819519996643
8320,0.6994141340255737
8321,0.6897618770599365
8322,0.70131915807724
8323,0.7055549025535583
8324,0.7050967216491699
8325,0.7053420543670654
8326,0.7146787643432617
8327,0.7060249447822571
8328,0.7062111496925354
8329,0.7070664167404175
8330,0.7083821296691895
8331,0.7079766392707825
8332,0.7146058082580566
8333,0.7043772339820862
8334,0.6892653703689575
8335,0.705917477607727
8336,0.7071061730384827
8337,0.7072774767875671
8338,0.7047054767608643
8339,0.7041419148445129
8340,0.6932608485221863
8341,0.6981654763221741
8342,0.697306752204895
8343,0.6959314346313477
8344,0.6870467662811279
8345,0.683382511138916
8346,0.6677120327949524
8347,0.6827043294906616
8348,0.681182861328125
8349,0.6816899180412292
8350,0.6796219348907471
8351,0.6891805529594421
8352,0.6906620860099792
8353,0.6923168301582336
8354,0.6894376277923584
8355,0.6919765472412109
8356,0.6920760869979858
8357,0.7016821503639221
8358,0.6894676685333252
8359,0.6898128986358643
8360,0.6939736008644104
8361,0.6939343214035034
8362,0.6921027302742004
8363,0.6907683610916138
8364,0.69215989112854
8365,0.7000856399536133
8366,0.6923586130142212
8367,0.6819865703582764
8368,0.681490421295166
8369,0.682980477809906
8370,0.6846346259117126
8371,0.6816183924674988
8372,0.6762709021568298
8373,0.6833766102790833
8374,0.6748852729797363
8375,0.6763908267021179
8376,0.6758847236633301
8377,0.6797612309455872
8378,0.6803551912307739
8379,0.6888827085494995
8380,0.6810822486877441
8381,0.6822513341903687
8382,0.6902578473091125
8383,0.6925384998321533
8384,0.708185076713562
8385,0.706940770149231
8386,0.7003939747810364
8387,0.6977265477180481
8388,0.6980317234992981
8389,0.7040307521820068
8390,0.7058013677597046
8391,0.7053626775741577
8392,0.7051047086715698
8393,0.7056710124015808
8394,0.7072828412055969
8395,0.7107427716255188
8396,0.7107954025268555
8397,0.7118680477142334
8398,0.7096728682518005
8399,0.7029545307159424
8400,0.7222493290901184
8401,0.7146884799003601
8402,0.7097628116607666
8403,0.7127651572227478
8404,0.7126582264900208
8405,0.7152081727981567
8406,0.7139419317245483
8407,0.7030959129333496
8408,0.7022318243980408
8409,0.700391411781311
8410,0.6981431245803833
8411,0.6968777775764465
8412,0.6884269118309021
8413,0.6928212642669678
8414,0.6919604539871216
8415,0.6907303333282471
8416,0.6902480721473694
8417,0.6879154443740845
8418,0.6870401501655579
8419,0.6928934454917908
8420,0.6954737901687622
8421,0.6969514489173889
8422,0.6979888081550598
8423,0.7061207890510559
8424,0.6955386400222778
8425,0.7064981460571289
8426,0.7073559761047363
8427,0.7056684494018555
8428,0.7042895555496216
8429,0.7060909867286682
8430,0.7060139775276184
8431,0.7051675319671631
8432,0.7058972716331482
8433,0.7079927325248718
8434,0.7208413481712341
8435,0.7186710238456726
8436,0.7172382473945618
8437,0.7213199734687805
8438,0.7180865406990051
8439,0.721491277217865
8440,0.7136355638504028
8441,0.7106433510780334
8442,0.7177183628082275
8443,0.7164165377616882
8444,0.714988112449646
8445,0.7001245617866516
8446,0.7056989073753357
8447,0.7046308517456055
8448,0.7035998702049255
8449,0.7018039226531982
8450,0.7029923796653748
8451,0.7083532810211182
8452,0.7066821455955505
8453,0.7062958478927612
8454,0.7026921510696411
8455,0.696215808391571
8456,0.7061737179756165
8457,0.7022789716720581
8458,0.7004941701889038
8459,0.7064312100410461
8460,0.7073569297790527
8461,0.7068577408790588
8462,0.7065433859825134
8463,0.7142813801765442
8464,0.7141835689544678
8465,0.7178873419761658
8466,0.7197095155715942
8467,0.7206429243087769
8468,0.7234865427017212
8469,0.7184814810752869
8470,0.7204285264015198
8471,0.7207403779029846
8472,0.7202711701393127
8473,0.7159261703491211
8474,0.7043321132659912
8475,0.7116299271583557
8476,0.7132934331893921
8477,0.708121657371521
8478,0.7028704881668091
8479,0.7024965286254883
8480,0.7124958634376526
8481,0.7146835327148438
8482,0.7141885161399841
8483,0.7135939002037048
8484,0.7157425284385681
8485,0.7145005464553833
8486,0.7144272327423096
8487,0.7145390510559082
8488,0.695416271686554
8489,0.7150417566299438
8490,0.7148858308792114
8491,0.7131303548812866
8492,0.7142359018325806
8493,0.7140508890151978
8494,0.7124539613723755
8495,0.7152066230773926
8496,0.714097261428833
8497,0.7154929637908936
8498,0.7093759179115295
8499,0.7211945056915283
8500,0.7233553528785706
8501,0.7132226228713989
8502,0.721254825592041
8503,0.7147480845451355
8504,0.7259337902069092
8505,0.7206389904022217
8506,0.7214587330818176
8507,0.7224358320236206
8508,0.7166876792907715
8509,0.7203488945960999
8510,0.7192498445510864
8511,0.7176596522331238
8512,0.7173012495040894
8513,0.7163795828819275
8514,0.713150680065155
8515,0.7084676027297974
8516,0.7105937004089355
8517,0.7114191651344299
8518,0.7093928456306458
8519,0.7103015184402466
8520,0.7084782123565674
8521,0.707459568977356
8522,0.7107499241828918
8523,0.7131390571594238
8524,0.718559980392456
8525,0.7172001004219055
8526,0.716294527053833
8527,0.7178189754486084
8528,0.712623655796051
8529,0.7224111557006836
8530,0.7211489081382751
8531,0.7185879349708557
8532,0.7211295962333679
8533,0.7205355167388916
8534,0.7213748693466187
8535,0.7244520783424377
8536,0.7229927778244019
8537,0.7164465188980103
8538,0.7217758893966675
8539,0.7210475206375122
8540,0.7247797846794128
8541,0.723241925239563
8542,0.720894992351532
8543,0.7209881544113159
8544,0.7181816101074219
8545,0.7257649898529053
8546,0.7146230936050415
8547,0.7137306332588196
8548,0.7105075120925903
8549,0.7136041522026062
8550,0.699088990688324
8551,0.7081820368766785
8552,0.7202768921852112
8553,0.7158105373382568
8554,0.71578449010849
8555,0.7190157175064087
8556,0.7218484282493591
8557,0.722559928894043
8558,0.7213222980499268
8559,0.7140148878097534
8560,0.7108375430107117
8561,0.7128275036811829
8562,0.7029807567596436
8563,0.7112037539482117
8564,0.6991543173789978
8565,0.6995441913604736
8566,0.6969718337059021
8567,0.6976539492607117
8568,0.6952678561210632
8569,0.685103178024292
8570,0.6918813586235046
8571,0.6922487020492554
8572,0.6916351914405823
8573,0.6916460990905762
8574,0.6889466643333435
8575,0.6972935795783997
8576,0.6893800497055054
8577,0.69640052318573
8578,0.6955253481864929
8579,0.6926788687705994
8580,0.6962624192237854
8581,0.6998196840286255
8582,0.7008378505706787
8583,0.7143515944480896
8584,0.7138201594352722
8585,0.708372950553894
8586,0.7130287289619446
8587,0.7154802083969116
8588,0.7202049493789673
8589,0.713222324848175
8590,0.721829354763031
8591,0.7201334834098816
8592,0.7194519639015198
8593,0.7193039059638977
8594,0.7237492203712463
8595,0.7186858654022217
8596,0.717993438243866
8597,0.7231341004371643
8598,0.7231120467185974
8599,0.7211996912956238
8600,0.7231467366218567
8601,0.7234466075897217
8602,0.7239943742752075
8603,0.7267435789108276
8604,0.7304980754852295
8605,0.7239322066307068
8606,0.718658983707428
8607,0.7155596613883972
8608,0.7156108021736145
8609,0.7060654163360596
8610,0.7046085596084595
8611,0.7032398581504822
8612,0.6982014775276184
8613,0.6977660059928894
8614,0.6882681846618652
8615,0.6881372928619385
8616,0.6870754957199097
8617,0.6871892213821411
8618,0.6879609823226929
8619,0.6791707277297974
8620,0.689422607421875
8621,0.6888384222984314
8622,0.6988588571548462
8623,0.6992433071136475
8624,0.699785053730011
8625,0.7005566358566284
8626,0.7007579803466797
8627,0.7124127745628357
8628,0.7034247517585754
8629,0.7104924917221069
8630,0.7069766521453857
8631,0.7037457227706909
8632,0.713568389415741
8633,0.7136119604110718
8634,0.7150896191596985
8635,0.7190297842025757
8636,0.7183334231376648
8637,0.7278701663017273
8638,0.7311004996299744
8639,0.7311739921569824
8640,0.7288562059402466
8641,0.725866436958313
8642,0.7238664627075195
8643,0.6794248223304749
8644,0.7131763100624084
8645,0.7142030000686646
8646,0.7183959484100342
8647,0.7199889421463013
8648,0.7209131121635437
8649,0.7235597968101501
8650,0.7272624373435974
8651,0.7211639285087585
8652,0.7199721932411194
8653,0.7169672250747681
8654,0.7168481945991516
8655,0.71140456199646
8656,0.71509850025177
8657,0.7118983864784241
8658,0.7102315425872803
8659,0.7049288749694824
8660,0.7123355269432068
8661,0.7137354016304016
8662,0.70405513048172
8663,0.7067937254905701
8664,0.7063044309616089
8665,0.7054266333580017
8666,0.7075190544128418
8667,0.7183881998062134
8668,0.709922730922699
8669,0.7186917662620544
8670,0.7100202441215515
8671,0.7247318029403687
8672,0.7253627777099609
8673,0.7118911147117615
8674,0.713088870048523
8675,0.7133639454841614
8676,0.7137296199798584
8677,0.7098639607429504
8678,0.716247022151947
8679,0.7170324325561523
8680,0.7159420847892761
8681,0.718580961227417
8682,0.708827018737793
8683,0.7049816250801086
8684,0.7006752490997314
8685,0.6982203722000122
8686,0.6892293691635132
8687,0.6908136606216431
8688,0.6868570446968079
8689,0.6846480369567871
8690,0.6833034753799438
8691,0.6749253273010254
8692,0.6839272379875183
8693,0.6814863681793213
8694,0.6851876378059387
8695,0.6822943687438965
8696,0.6775841116905212
8697,0.6856247186660767
8698,0.6883201003074646
8699,0.6955393552780151
8700,0.6891438364982605
8701,0.6996455788612366
8702,0.7075812220573425
8703,0.7212700843811035
8704,0.7149055600166321
8705,0.7156151533126831
8706,0.7231857180595398
8707,0.7249635457992554
8708,0.7210186719894409
8709,0.7239145636558533
8710,0.7160853147506714
8711,0.7234944701194763
8712,0.7312092185020447
8713,0.7336369156837463
8714,0.7239124774932861
8715,0.7313312888145447
8716,0.731084942817688
8717,0.7276030778884888
8718,0.7333390116691589
8719,0.7334274053573608
8720,0.7211580872535706
8721,0.7120039463043213
8722,0.7121008634567261
8723,0.7114893794059753
8724,0.7109211087226868
8725,0.7088984251022339
8726,0.7085715532302856
8727,0.7116411924362183
8728,0.7147485613822937
8729,0.708935558795929
8730,0.7060718536376953
8731,0.7087094187736511
8732,0.7123607397079468
8733,0.7131019830703735
8734,0.7170027494430542
8735,0.700713574886322
8736,0.710742712020874
8737,0.7169386744499207
8738,0.7185171842575073
8739,0.7190413475036621
8740,0.7144607305526733
8741,0.7136948704719543
8742,0.7164208292961121
8743,0.7123353481292725
8744,0.7148243188858032
8745,0.7227851748466492
8746,0.7266582250595093
8747,0.7270315885543823
8748,0.733652651309967
8749,0.7295125722885132
8750,0.7190737128257751
8751,0.7258168458938599
8752,0.7264642119407654
8753,0.721164882183075
8754,0.7176990509033203
8755,0.7148796916007996
8756,0.7136254906654358
8757,0.7086167931556702
8758,0.7021098136901855
8759,0.7207886576652527
8760,0.7236018776893616
8761,0.7029516100883484
8762,0.6925495266914368
8763,0.701357364654541
8764,0.6930162906646729
8765,0.6869901418685913
8766,0.6861627697944641
8767,0.691121518611908
8768,0.6978861093521118
8769,0.6984546184539795
8770,0.7000823616981506
8771,0.6925371289253235
8772,0.6957535147666931
8773,0.7051176428794861
8774,0.7011604309082031
8775,0.7051478028297424
8776,0.7116026878356934
8777,0.710186243057251
8778,0.6993556022644043
8779,0.7074970602989197
8780,0.6982027888298035
8781,0.7060843706130981
8782,0.7035542726516724
8783,0.7032113075256348
8784,0.7022041082382202
8785,0.7035465240478516
8786,0.7147834300994873
8787,0.7130002975463867
8788,0.6914892196655273
8789,0.7183670401573181
8790,0.7134926915168762
8791,0.6913822889328003
8792,0.6647472381591797
8793,0.28887268900871277
8794,0.7185595035552979
8795,0.7259978652000427
8796,0.7230969071388245
8797,0.6648181676864624
8798,0.7179692387580872
8799,0.7265215516090393
8800,0.5844113230705261
8801,0.722416877746582
8802,0.7119333744049072
8803,0.7213386297225952
8804,0.722105860710144
8805,0.7150428295135498
8806,0.7133115530014038
8807,0.7123119235038757
8808,0.7097538709640503
8809,0.7074407935142517
8810,0.699756383895874
8811,0.697519063949585
8812,0.7004075646400452
8813,0.7042033672332764
8814,0.6941981911659241
8815,0.7007424831390381
8816,0.702268660068512
8817,0.6958867311477661
8818,0.6929420828819275
8819,0.6998245716094971
8820,0.7010545134544373
8821,0.7018096446990967
8822,0.7008445262908936
8823,0.7008771300315857
8824,0.7074894905090332
8825,0.7044885158538818
8826,0.7135984301567078
8827,0.6167750954627991
8828,0.6432762145996094
8829,0.4915841519832611
8830,0.7227347493171692
8831,0.2756543755531311
8832,0.7228835225105286
8833,0.2733239233493805
8834,0.27347972989082336
8835,0.2765718996524811
8836,0.5532171130180359
8837,0.5236578583717346
8838,0.6405889391899109
8839,0.4874766170978546
8840,0.7038722038269043
8841,0.6984581351280212
8842,0.6970274448394775
8843,0.7092960476875305
8844,0.7027395367622375
8845,0.7017756104469299
8846,0.7005782723426819
8847,0.7022961974143982
8848,0.6941547393798828
8849,0.7018367052078247
8850,0.7026888728141785
8851,0.7033855319023132
8852,0.7078577876091003
8853,0.7049618363380432
8854,0.7131353616714478
8855,0.6878094673156738
8856,0.6877163648605347
8857,0.7061124444007874
8858,0.7152568101882935
8859,0.6997832655906677
8860,0.7090062499046326
8861,0.7185613512992859
8862,0.7187766432762146
8863,0.7174119353294373
8864,0.7195671796798706
8865,0.7170615196228027
8866,0.7175177335739136
8867,0.7268974184989929
8868,0.72625333070755
8869,0.7248486280441284
8870,0.7238895297050476
8871,0.720058023929596
8872,0.713066577911377
8873,0.7138897180557251
8874,0.7085407972335815
8875,0.7074334025382996
8876,0.7035024762153625
8877,0.7078819274902344
8878,0.7081872224807739
8879,0.7046891450881958
8880,0.7078463435173035
8881,0.7012156248092651
8882,0.7074068188667297
8883,0.7173364758491516
8884,0.7129999399185181
8885,0.7105345726013184
8886,0.7059464454650879
8887,0.696622371673584
8888,0.7007032036781311
8889,0.6987311840057373
8890,0.6989874839782715
8891,0.6979482769966125
8892,0.6977562308311462
8893,0.6987283229827881
8894,0.7005376219749451
8895,0.6996303200721741
8896,0.7021622061729431
8897,0.709746241569519
8898,0.6988257765769958
8899,0.7041544318199158
8900,0.6957181692123413
8901,0.7007958889007568
8902,0.7021095156669617
8903,0.6993421316146851
8904,0.6981008648872375
8905,0.7046910524368286
8906,0.7040634751319885
8907,0.706322193145752
8908,0.7076026201248169
8909,0.7101373672485352
8910,0.7142808437347412
8911,0.7183853983879089
8912,0.7181910276412964
8913,0.7145178318023682
8914,0.7127884030342102
8915,0.7103404402732849
8916,0.7177251577377319
8917,0.711224377155304
8918,0.7085221409797668
8919,0.711480975151062
8920,0.7095471620559692
8921,0.7204484939575195
8922,0.7152925729751587
8923,0.7193887829780579
8924,0.724208652973175
8925,0.7299574017524719
8926,0.7337026596069336
8927,0.7369011640548706
8928,0.7384490370750427
8929,0.7418854236602783
8930,0.7380113005638123
8931,0.7276841998100281
8932,0.7304511666297913
8933,0.7195085883140564
8934,0.7141104340553284
8935,0.713725209236145
8936,0.7128901481628418
8937,0.7109246253967285
8938,0.7252472639083862
8939,0.7123435139656067
8940,0.7086303234100342
8941,0.7142794728279114
8942,0.7021974921226501
8943,0.7028343081474304
8944,0.7037462592124939
8945,0.6967223286628723
8946,0.7088876366615295
8947,0.6966726779937744
8948,0.7030261158943176
8949,0.6998381018638611
8950,0.7043964862823486
8951,0.7037358283996582
8952,0.6878798007965088
8953,0.7019359469413757
8954,0.7050950527191162
8955,0.7101724743843079
8956,0.7041873931884766
8957,0.7129503488540649
8958,0.7140101790428162
8959,0.7141011953353882
8960,0.7161811590194702
8961,0.7169907689094543
8962,0.7170929312705994
8963,0.7149191498756409
8964,0.721725344657898
8965,0.7114785313606262
8966,0.7199501991271973
8967,0.7100135684013367
8968,0.7135820984840393
8969,0.7155723571777344
8970,0.7135408520698547
8971,0.7116941809654236
8972,0.7075901031494141
8973,0.7068249583244324
8974,0.6985999941825867
8975,0.7057074308395386
8976,0.7077300548553467
8977,0.7027626037597656
8978,0.7159457802772522
8979,0.7194759249687195
8980,0.7121090292930603
8981,0.7108040452003479
8982,0.7133573889732361
8983,0.7143975496292114
8984,0.7144100069999695
8985,0.7128871083259583
8986,0.711144208908081
8987,0.7118555903434753
8988,0.7141380906105042
8989,0.7126314640045166
8990,0.7140106558799744
8991,0.7132196426391602
8992,0.712539553642273
8993,0.7131338715553284
8994,0.7214619517326355
8995,0.712725043296814
8996,0.7132989168167114
8997,0.7126362323760986
8998,0.7111355662345886
8999,0.710099458694458
9000,0.7119818925857544
9001,0.7087700963020325
9002,0.7105275988578796
9003,0.7045758366584778
9004,0.7063309550285339
9005,0.7096947431564331
9006,0.7082048058509827
9007,0.7168059945106506
9008,0.7152978777885437
9009,0.7192454934120178
9010,0.7188617587089539
9011,0.7255445122718811
9012,0.728864312171936
9013,0.7222451567649841
9014,0.7203812599182129
9015,0.7200323343276978
9016,0.7202498316764832
9017,0.7216876745223999
9018,0.7209808826446533
9019,0.7178946733474731
9020,0.7175707221031189
9021,0.7145595550537109
9022,0.7139902710914612
9023,0.6931208968162537
9024,0.7117967009544373
9025,0.7135999798774719
9026,0.7127750515937805
9027,0.7039945721626282
9028,0.7037396430969238
9029,0.713067889213562
9030,0.7053567171096802
9031,0.7022045850753784
9032,0.7037065625190735
9033,0.7031272649765015
9034,0.7029948830604553
9035,0.705601692199707
9036,0.7028030753135681
9037,0.704346239566803
9038,0.7034243941307068
9039,0.7083254456520081
9040,0.7112637162208557
9041,0.7128261923789978
9042,0.7088168859481812
9043,0.7131850719451904
9044,0.7168277502059937
9045,0.7134109735488892
9046,0.7156568169593811
9047,0.7163510322570801
9048,0.7117745280265808
9049,0.7124180793762207
9050,0.7117944955825806
9051,0.7073848247528076
9052,0.7123336791992188
9053,0.7120085954666138
9054,0.7149528861045837
9055,0.713626503944397
9056,0.7088934779167175
9057,0.7089093327522278
9058,0.7218959927558899
9059,0.7108029127120972
9060,0.7106062173843384
9061,0.705457866191864
9062,0.7128706574440002
9063,0.7032464146614075
9064,0.7079609632492065
9065,0.7082734704017639
9066,0.7071784138679504
9067,0.70539790391922
9068,0.7086930871009827
9069,0.7084699869155884
9070,0.7107184529304504
9071,0.718074381351471
9072,0.7185078263282776
9073,0.7182746529579163
9074,0.7205560207366943
9075,0.7195151448249817
9076,0.7206426858901978
9077,0.7167423367500305
9078,0.7198670506477356
9079,0.7163904905319214
9080,0.7145434021949768
9081,0.7140278220176697
9082,0.7157056927680969
9083,0.715266227722168
9084,0.7168710827827454
9085,0.7188445329666138
9086,0.7164211869239807
9087,0.7155521512031555
9088,0.6974654197692871
9089,0.7182024121284485
9090,0.7147176265716553
9091,0.6987157464027405
9092,0.7102470993995667
9093,0.7076678276062012
9094,0.7070756554603577
9095,0.706508457660675
9096,0.7076618671417236
9097,0.7108179926872253
9098,0.7137529850006104
9099,0.716213583946228
9100,0.7163689732551575
9101,0.7246654033660889
9102,0.7191523313522339
9103,0.7268839478492737
9104,0.7230476140975952
9105,0.7262237668037415
9106,0.7207751870155334
9107,0.716779351234436
9108,0.7168876528739929
9109,0.7116737365722656
9110,0.7130563259124756
9111,0.7133027911186218
9112,0.7140928506851196
9113,0.7119569182395935
9114,0.7118184566497803
9115,0.7126460671424866
9116,0.719455897808075
9117,0.7162202000617981
9118,0.7187467813491821
9119,0.7167157530784607
9120,0.7280009984970093
9121,0.7280402779579163
9122,0.7326159477233887
9123,0.7366887927055359
9124,0.7331513166427612
9125,0.7308570146560669
9126,0.7271692752838135
9127,0.7363049983978271
9128,0.7260412573814392
9129,0.7207571864128113
9130,0.7183810472488403
9131,0.7225662469863892
9132,0.7225866913795471
9133,0.7179262638092041
9134,0.7217195630073547
9135,0.7174745798110962
9136,0.7160918116569519
9137,0.7201116681098938
9138,0.7132145762443542
9139,0.7139137387275696
9140,0.6157757043838501
9141,0.7199875712394714
9142,0.7166833877563477
9143,0.7140911817550659
9144,0.7140339612960815
9145,0.7147214412689209
9146,0.7006736993789673
9147,0.7068341374397278
9148,0.7033506035804749
9149,0.7122713327407837
9150,0.7127898335456848
9151,0.7137783765792847
9152,0.7135993242263794
9153,0.7132008075714111
9154,0.7088609337806702
9155,0.7018241286277771
9156,0.7042573690414429
9157,0.701513409614563
9158,0.6814417839050293
9159,0.6789273619651794
9160,0.6896620988845825
9161,0.6911100149154663
9162,0.6812796592712402
9163,0.6815049648284912
9164,0.65703946352005
9165,0.6388756036758423
9166,0.6625353693962097
9167,0.6717360019683838
9168,0.6788504719734192
9169,0.6808208227157593
9170,0.6827589869499207
9171,0.6994180679321289
9172,0.6924134492874146
9173,0.6912135481834412
9174,0.700794517993927
9175,0.7119597792625427
9176,0.7111464142799377
9177,0.7081273794174194
9178,0.6981383562088013
9179,0.714257001876831
9180,0.713198721408844
9181,0.7174544334411621
9182,0.7079354524612427
9183,0.7218787670135498
9184,0.7053776383399963
9185,0.705191433429718
9186,0.6819220185279846
9187,0.719597339630127
9188,0.7157351970672607
9189,0.715755820274353
9190,0.7240110635757446
9191,0.7061074376106262
9192,0.7152449488639832
9193,0.7056711316108704
9194,0.7054671049118042
9195,0.699647068977356
9196,0.7051554322242737
9197,0.7063905000686646
9198,0.7097785472869873
9199,0.7136165499687195
9200,0.705348789691925
9201,0.7063617706298828
9202,0.7038150429725647
9203,0.7030513882637024
9204,0.7027158141136169
9205,0.7003117799758911
9206,0.7030767202377319
9207,0.7030938267707825
9208,0.7080694437026978
9209,0.6979174613952637
9210,0.707250714302063
9211,0.6990541815757751
9212,0.6958774924278259
9213,0.7081632018089294
9214,0.7095426321029663
9215,0.7097517848014832
9216,0.704142689704895
9217,0.7033751606941223
9218,0.712141215801239
9219,0.7138701677322388
9220,0.706507682800293
9221,0.7157936096191406
9222,0.7136138081550598
9223,0.7119501233100891
9224,0.7138099074363708
9225,0.7028634548187256
9226,0.7107101082801819
9227,0.7147100567817688
9228,0.7119154334068298
9229,0.7139833569526672
9230,0.7128674983978271
9231,0.7149019837379456
9232,0.7169945240020752
9233,0.7105592489242554
9234,0.7093014121055603
9235,0.7112216949462891
9236,0.7098329067230225
9237,0.7092639803886414
9238,0.7105429172515869
9239,0.7076477408409119
9240,0.7049431800842285
9241,0.7147711515426636
9242,0.7048056721687317
9243,0.7040610313415527
9244,0.7089799642562866
9245,0.707740306854248
9246,0.7067837119102478
9247,0.7135813236236572
9248,0.705299973487854
9249,0.698565661907196
9250,0.7061960101127625
9251,0.7033731341362
9252,0.7016003727912903
9253,0.7019603252410889
9254,0.699489414691925
9255,0.7026203274726868
9256,0.7051830291748047
9257,0.71083003282547
9258,0.7198694348335266
9259,0.7230924963951111
9260,0.7124078869819641
9261,0.7130393385887146
9262,0.7123323082923889
9263,0.7168846726417542
9264,0.7142087817192078
9265,0.716515064239502
9266,0.7206881642341614
9267,0.7268691658973694
9268,0.7247761487960815
9269,0.7238200902938843
9270,0.7223674654960632
9271,0.7214952111244202
9272,0.7036719918251038
9273,0.7251238822937012
9274,0.7299295663833618
9275,0.7267507910728455
9276,0.7276765704154968
9277,0.7237542867660522
9278,0.7325753569602966
9279,0.7264788746833801
9280,0.7257408499717712
9281,0.7301491498947144
9282,0.7320116758346558
9283,0.7346595525741577
9284,0.7305764555931091
9285,0.7448660135269165
9286,0.7399243712425232
9287,0.7457492351531982
9288,0.741669774055481
9289,0.7352621555328369
9290,0.7317232489585876
9291,0.7278901934623718
9292,0.7249324917793274
9293,0.7164376378059387
9294,0.7159132957458496
9295,0.710307776927948
9296,0.7180948853492737
9297,0.7208380699157715
9298,0.680117130279541
9299,0.7225253582000732
9300,0.7241012454032898
9301,0.7174639105796814
9302,0.7135934233665466
9303,0.7116990089416504
9304,0.7117109894752502
9305,0.6891379356384277
9306,0.7090374827384949
9307,0.7033182978630066
9308,0.7107804417610168
9309,0.7006753087043762
9310,0.7004150748252869
9311,0.6997032761573792
9312,0.7023668885231018
9313,0.7128579020500183
9314,0.7145824432373047
9315,0.7134846448898315
9316,0.7127218246459961
9317,0.7208224534988403
9318,0.7204119563102722
9319,0.7180113792419434
9320,0.722969114780426
9321,0.7209145426750183
9322,0.7235720157623291
9323,0.7156389951705933
9324,0.7254343628883362
9325,0.7264013290405273
9326,0.7258683443069458
9327,0.7312162518501282
9328,0.7189633250236511
9329,0.7307021617889404
9330,0.7298658490180969
9331,0.7326171398162842
9332,0.7319724559783936
9333,0.7402300834655762
9334,0.7184442281723022
9335,0.720537543296814
9336,0.7182824611663818
9337,0.7138766646385193
9338,0.7145288586616516
9339,0.7127063274383545
9340,0.7040099501609802
9341,0.7022384405136108
9342,0.7109553813934326
9343,0.7028268575668335
9344,0.7050126194953918
9345,0.7030666470527649
9346,0.7032962441444397
9347,0.7062312960624695
9348,0.7118585109710693
9349,0.7085270285606384
9350,0.7163060903549194
9351,0.7104060649871826
9352,0.7204558849334717
9353,0.7224884629249573
9354,0.7251611948013306
9355,0.7257029414176941
9356,0.7253451943397522
9357,0.7264707684516907
9358,0.7236030101776123
9359,0.7270846962928772
9360,0.7250801920890808
9361,0.7230483889579773
9362,0.7299989461898804
9363,0.7297316789627075
9364,0.7232230305671692
9365,0.7218451499938965
9366,0.7193514704704285
9367,0.7219616174697876
9368,0.7238734364509583
9369,0.723275363445282
9370,0.7269431948661804
9371,0.7194302678108215
9372,0.7168586850166321
9373,0.7247609496116638
9374,0.7291563749313354
9375,0.7176282405853271
9376,0.7175371646881104
9377,0.7211163640022278
9378,0.722312867641449
9379,0.7217665314674377
9380,0.7283593416213989
9381,0.7275938391685486
9382,0.7313664555549622
9383,0.7263139486312866
9384,0.7129765748977661
9385,0.7096846103668213
9386,0.7057321071624756
9387,0.7031650543212891
9388,0.6992770433425903
9389,0.6997247338294983
9390,0.6935180425643921
9391,0.6898309588432312
9392,0.6922189593315125
9393,0.6920285820960999
9394,0.6937161087989807
9395,0.6939375996589661
9396,0.6879509091377258
9397,0.6943403482437134
9398,0.7035549879074097
9399,0.702515721321106
9400,0.703877329826355
9401,0.7061017751693726
9402,0.7065024375915527
9403,0.7047673463821411
9404,0.7114999294281006
9405,0.7075319886207581
9406,0.7047094106674194
9407,0.7131812572479248
9408,0.7113640308380127
9409,0.7103323340415955
9410,0.706140398979187
9411,0.7066062688827515
9412,0.7030245661735535
9413,0.7052289843559265
9414,0.7046433091163635
9415,0.6838523149490356
9416,0.7097014784812927
9417,0.711262583732605
9418,0.7136978507041931
9419,0.7090664505958557
9420,0.7073544263839722
9421,0.7087740302085876
9422,0.7078770995140076
9423,0.7067659497261047
9424,0.7058576941490173
9425,0.7054003477096558
9426,0.7055045962333679
9427,0.7114230394363403
9428,0.7091348767280579
9429,0.705669105052948
9430,0.7055150270462036
9431,0.7058820724487305
9432,0.7057335376739502
9433,0.7037449479103088
9434,0.6995642781257629
9435,0.707107424736023
9436,0.7057713866233826
9437,0.7061111330986023
9438,0.7039594054222107
9439,0.6997929215431213
9440,0.7035898566246033
9441,0.7045753002166748
9442,0.7075976729393005
9443,0.709758996963501
9444,0.716300368309021
9445,0.7187985777854919
9446,0.7130849361419678
9447,0.715649425983429
9448,0.714570164680481
9449,0.7244684100151062
9450,0.708307147026062
9451,0.717039942741394
9452,0.7151054739952087
9453,0.7112603783607483
9454,0.6862759590148926
9455,0.7094700932502747
9456,0.7128896117210388
9457,0.7117624282836914
9458,0.7127302885055542
9459,0.7134518623352051
9460,0.7144796848297119
9461,0.7147411704063416
9462,0.7171697616577148
9463,0.7203800678253174
9464,0.7280483841896057
9465,0.7277609705924988
9466,0.7279512286186218
9467,0.7276714444160461
9468,0.7217724323272705
9469,0.7227521538734436
9470,0.7304475903511047
9471,0.7255818843841553
9472,0.723298192024231
9473,0.722074031829834
9474,0.7208516597747803
9475,0.7230696082115173
9476,0.7185285687446594
9477,0.5667760968208313
9478,0.5705462694168091
9479,0.6512882709503174
9480,0.5927857160568237
9481,0.7267528772354126
9482,0.29885464906692505
9483,0.7268756628036499
9484,0.2660249173641205
9485,0.7282546162605286
9486,0.2576001286506653
9487,0.2538444697856903
9488,0.2731626331806183
9489,0.24905237555503845
9490,0.26276910305023193
9491,0.24889323115348816
9492,0.7312540411949158
9493,0.32936182618141174
9494,0.27687376737594604
9495,0.4578821361064911
9496,0.4405328929424286
9497,0.7070364952087402
9498,0.6988433003425598
9499,0.6995660662651062
9500,0.6775562167167664
9501,0.6792756915092468
9502,0.6923521161079407
9503,0.6847851276397705
9504,0.6946350336074829
9505,0.7014634609222412
9506,0.7048754096031189
9507,0.7068791389465332
9508,0.700405478477478
9509,0.7028743028640747
9510,0.7040659785270691
9511,0.7048525810241699
9512,0.6924058198928833
9513,0.7037858366966248
9514,0.7092768549919128
9515,0.7030853033065796
9516,0.7116040587425232
9517,0.7043965458869934
9518,0.7117459177970886
9519,0.7022388577461243
9520,0.7042139172554016
9521,0.7062643766403198
9522,0.7070474028587341
9523,0.7132623791694641
9524,0.7078120112419128
9525,0.7083771824836731
9526,0.7036062479019165
9527,0.7023777961730957
9528,0.7153513431549072
9529,0.7097474932670593
9530,0.7131960391998291
9531,0.7054969668388367
9532,0.7148646712303162
9533,0.7122592926025391
9534,0.7099156379699707
9535,0.7000418305397034
9536,0.7077879309654236
9537,0.7072753310203552
9538,0.7036776542663574
9539,0.7030103802680969
9540,0.7042513489723206
9541,0.7147927284240723
9542,0.7118285894393921
9543,0.7125779986381531
9544,0.712984025478363
9545,0.7093123197555542
9546,0.7069612741470337
9547,0.7079138159751892
9548,0.7088611721992493
9549,0.7065964937210083
9550,0.7081684470176697
9551,0.7003951072692871
9552,0.7174914479255676
9553,0.7081112861633301
9554,0.7004454731941223
9555,0.7005788683891296
9556,0.7007715106010437
9557,0.6910674571990967
9558,0.6948160529136658
9559,0.6944054365158081
9560,0.6923352479934692
9561,0.6921941637992859
9562,0.6936072707176208
9563,0.7005231976509094
9564,0.7093478441238403
9565,0.7087523341178894
9566,0.7118241786956787
9567,0.710107147693634
9568,0.7195630073547363
9569,0.7198759913444519
9570,0.7206481099128723
9571,0.7229897379875183
9572,0.7210468053817749
9573,0.7233468890190125
9574,0.7245310544967651
9575,0.7214345335960388
9576,0.7215456962585449
9577,0.7294161319732666
9578,0.7212590575218201
9579,0.7319161891937256
9580,0.7179257869720459
9581,0.7176437973976135
9582,0.7159575819969177
9583,0.711966335773468
9584,0.7110398411750793
9585,0.715142548084259
9586,0.7095431685447693
9587,0.7073785066604614
9588,0.7090240120887756
9589,0.7077544331550598
9590,0.6995888948440552
9591,0.7009180784225464
9592,0.7023329138755798
9593,0.7037365436553955
9594,0.7003158330917358
9595,0.6995629072189331
9596,0.7007129788398743
9597,0.7014558911323547
9598,0.7098220586776733
9599,0.7058833241462708
9600,0.7099338173866272
9601,0.7108692526817322
9602,0.7118226289749146
9603,0.7018612623214722
9604,0.7067382335662842
9605,0.6979554891586304
9606,0.6967093348503113
9607,0.6814156770706177
9608,0.7061028480529785
9609,0.7037264108657837
9610,0.7024242877960205
9611,0.7031786441802979
9612,0.7106806635856628
9613,0.7100034356117249
9614,0.7078755497932434
9615,0.7065264582633972
9616,0.707741916179657
9617,0.7059714198112488
9618,0.7014188766479492
9619,0.7046739459037781
9620,0.7067497968673706
9621,0.7067273259162903
9622,0.7029674053192139
9623,0.687169075012207
9624,0.6921659111976624
9625,0.6918566823005676
9626,0.6996442675590515
9627,0.6947866082191467
9628,0.7002720236778259
9629,0.6852167248725891
9630,0.7026468515396118
9631,0.7065126299858093
9632,0.7081761360168457
9633,0.7073584794998169
9634,0.7128256559371948
9635,0.7121148109436035
9636,0.7117041945457458
9637,0.7114654779434204
9638,0.721055805683136
9639,0.7187290787696838
9640,0.7143756747245789
9641,0.710166871547699
9642,0.7111606001853943
9643,0.7111610770225525
9644,0.7059885263442993
9645,0.7107716202735901
9646,0.7037343382835388
9647,0.7097242474555969
9648,0.7088309526443481
9649,0.7008480429649353
9650,0.7011203765869141
9651,0.6893634796142578
9652,0.6921672821044922
9653,0.6816561222076416
9654,0.6804074645042419
9655,0.6875031590461731
9656,0.6811301112174988
9657,0.6827515363693237
9658,0.6912972927093506
9659,0.6964949369430542
9660,0.6954421401023865
9661,0.6986609697341919
9662,0.7105746269226074
9663,0.7122464776039124
9664,0.7181177139282227
9665,0.7120519280433655
9666,0.7160617113113403
9667,0.718727171421051
9668,0.724640965461731
9669,0.7226676344871521
9670,0.7191931009292603
9671,0.7145736217498779
9672,0.7164245843887329
9673,0.7180601954460144
9674,0.7218060493469238
9675,0.7229904532432556
9676,0.7245274782180786
9677,0.7271957993507385
9678,0.7225945591926575
9679,0.7198408246040344
9680,0.7336987853050232
9681,0.718111515045166
9682,0.7139655351638794
9683,0.7055844664573669
9684,0.7025232911109924
9685,0.7033261656761169
9686,0.6939371824264526
9687,0.6949750185012817
9688,0.6960397362709045
9689,0.717007040977478
9690,0.6996336579322815
9691,0.691438615322113
9692,0.6922927498817444
9693,0.6982848644256592
9694,0.6968464851379395
9695,0.6926785707473755
9696,0.6997056007385254
9697,0.6989365816116333
9698,0.6981857419013977
9699,0.6974753737449646
9700,0.6966477036476135
9701,0.6955562829971313
9702,0.6966900825500488
9703,0.7038543224334717
9704,0.7034206986427307
9705,0.7035357356071472
9706,0.7054473161697388
9707,0.7083688974380493
9708,0.7060307264328003
9709,0.7043983936309814
9710,0.6963717937469482
9711,0.6977584958076477
9712,0.6966077089309692
9713,0.700037956237793
9714,0.6980772614479065
9715,0.6979675889015198
9716,0.6991772651672363
9717,0.6990289688110352
9718,0.6954565644264221
9719,0.6998388171195984
9720,0.6924684047698975
9721,0.6959140300750732
9722,0.69291752576828
9723,0.6927429437637329
9724,0.6952099204063416
9725,0.6910726428031921
9726,0.693014919757843
9727,0.7011880874633789
9728,0.6932175755500793
9729,0.6968196630477905
9730,0.6939657330513
9731,0.7027774453163147
9732,0.7025286555290222
9733,0.7026196718215942
9734,0.702183187007904
9735,0.7012159824371338
9736,0.7010960578918457
9737,0.6919141411781311
9738,0.6994900703430176
9739,0.6990732550621033
9740,0.702529788017273
9741,0.6951481699943542
9742,0.700608491897583
9743,0.7050173282623291
9744,0.6967514157295227
9745,0.7091687321662903
9746,0.704651415348053
9747,0.7069761157035828
9748,0.7023616433143616
9749,0.7021080851554871
9750,0.7020933032035828
9751,0.7007150650024414
9752,0.69929039478302
9753,0.699625551700592
9754,0.6985017657279968
9755,0.6977866291999817
9756,0.7034721374511719
9757,0.6942744255065918
9758,0.7023437023162842
9759,0.7010253071784973
9760,0.7008257508277893
9761,0.6993048191070557
9762,0.7004761099815369
9763,0.7034918665885925
9764,0.7078559994697571
9765,0.7092193365097046
9766,0.7068077325820923
9767,0.7050094604492188
9768,0.7111979722976685
9769,0.7123245000839233
9770,0.7074790000915527
9771,0.708920419216156
9772,0.7057784199714661
9773,0.7011955380439758
9774,0.7033633589744568
9775,0.6981378197669983
9776,0.6983383297920227
9777,0.6997227072715759
9778,0.6965832710266113
9779,0.6878427863121033
9780,0.688174307346344
9781,0.6885489821434021
9782,0.6904420852661133
9783,0.698087751865387
9784,0.6913320422172546
9785,0.6915545463562012
9786,0.6934133172035217
9787,0.6949536204338074
9788,0.695035457611084
9789,0.7025260329246521
9790,0.6940159797668457
9791,0.7019047737121582
9792,0.7044212222099304
9793,0.7022563219070435
9794,0.702710747718811
9795,0.70615154504776
9796,0.7054603099822998
9797,0.7054564356803894
9798,0.7155007123947144
9799,0.7158865332603455
9800,0.709163248538971
9801,0.7181320190429688
9802,0.7124100923538208
9803,0.7089167237281799
9804,0.7041208148002625
9805,0.7044464349746704
9806,0.7085445523262024
9807,0.703680694103241
9808,0.7066051363945007
9809,0.7086120247840881
9810,0.7083588242530823
9811,0.7176697850227356
9812,0.7100583910942078
9813,0.7259664535522461
9814,0.7167996168136597
9815,0.7236101031303406
9816,0.7269051671028137
9817,0.7309616208076477
9818,0.7338466644287109
9819,0.7304109334945679
9820,0.7293490767478943
9821,0.7208197116851807
9822,0.7178621292114258
9823,0.711524486541748
9824,0.7115170359611511
9825,0.7215387225151062
9826,0.7229722738265991
9827,0.7110252380371094
9828,0.6947124004364014
9829,0.7108058333396912
9830,0.7148077487945557
9831,0.7122487425804138
9832,0.7088277339935303
9833,0.709700882434845
9834,0.6992358565330505
9835,0.7006140947341919
9836,0.7026768922805786
9837,0.7141862511634827
9838,0.7068838477134705
9839,0.7054062485694885
9840,0.7152421474456787
9841,0.703784167766571
9842,0.7109371423721313
9843,0.6920610666275024
9844,0.7023839354515076
9845,0.6935691237449646
9846,0.692823052406311
9847,0.6995123028755188
9848,0.6905090808868408
9849,0.6931663155555725
9850,0.6894128918647766
9851,0.6933802366256714
9852,0.691525399684906
9853,0.6915794014930725
9854,0.6906825304031372
9855,0.6894679069519043
9856,0.6888431906700134
9857,0.689487636089325
9858,0.6886752843856812
9859,0.6912596225738525
9860,0.697029173374176
9861,0.6950061321258545
9862,0.6884894967079163
9863,0.6880464553833008
9864,0.6868056654930115
9865,0.7049427628517151
9866,0.7005806565284729
9867,0.6942681074142456
9868,0.7090855240821838
9869,0.7066835761070251
9870,0.6970604062080383
9871,0.7035274505615234
9872,0.7109032869338989
9873,0.7106466293334961
9874,0.70391845703125
9875,0.712536096572876
9876,0.7106144428253174
9877,0.7152613997459412
9878,0.7140097618103027
9879,0.7072105407714844
9880,0.7072569131851196
9881,0.6977071166038513
9882,0.7005367875099182
9883,0.6966421604156494
9884,0.690733015537262
9885,0.6916593313217163
9886,0.6854867935180664
9887,0.669285774230957
9888,0.686235249042511
9889,0.6729152202606201
9890,0.6652329564094543
9891,0.6702337861061096
9892,0.6650718450546265
9893,0.6741089820861816
9894,0.6564623713493347
9895,0.6807600855827332
9896,0.6863068342208862
9897,0.6692853569984436
9898,0.6910224556922913
9899,0.6890255212783813
9900,0.6963829398155212
9901,0.705462634563446
9902,0.7008994817733765
9903,0.7034965753555298
9904,0.703597903251648
9905,0.7131031155586243
9906,0.7059630155563354
9907,0.714089572429657
9908,0.7177976369857788
9909,0.7264523506164551
9910,0.7239015102386475
9911,0.7198335528373718
9912,0.7114784717559814
9913,0.708207368850708
9914,0.7070085406303406
9915,0.7083356976509094
9916,0.7075503468513489
9917,0.7085176110267639
9918,0.6983144879341125
9919,0.702806830406189
9920,0.7095971703529358
9921,0.6903213262557983
9922,0.6890364289283752
9923,0.6858751177787781
9924,0.6757417917251587
9925,0.6816433668136597
9926,0.6880362629890442
9927,0.697547435760498
9928,0.6808627247810364
9929,0.6937651038169861
9930,0.6954556107521057
9931,0.6991332769393921
9932,0.7035014033317566
9933,0.699550986289978
9934,0.696438729763031
9935,0.7103552222251892
9936,0.7098037600517273
9937,0.7143913507461548
9938,0.7147812247276306
9939,0.717279851436615
9940,0.7143191695213318
9941,0.7240825891494751
9942,0.7160043716430664
9943,0.7177936434745789
9944,0.7292736172676086
9945,0.7187614440917969
9946,0.7175507545471191
9947,0.7175660729408264
9948,0.7172673344612122
9949,0.7062869071960449
9950,0.7052141427993774
9951,0.703378438949585
9952,0.6990200281143188
9953,0.6993609666824341
9954,0.6970236897468567
9955,0.6974348425865173
9956,0.6885960698127747
9957,0.6853888630867004
9958,0.6951956152915955
9959,0.6964601278305054
9960,0.6988849639892578
9961,0.7008540034294128
9962,0.6995627880096436
9963,0.7005330324172974
9964,0.7111758589744568
9965,0.7051600217819214
9966,0.7014116644859314
9967,0.6999816298484802
9968,0.7069640755653381
9969,0.7055937051773071
9970,0.7073661088943481
9971,0.7063560485839844
9972,0.7117626667022705
9973,0.713210940361023
9974,0.7114571332931519
9975,0.7131733894348145
9976,0.7116843461990356
9977,0.7038978934288025
9978,0.7046859264373779
9979,0.7037665247917175
9980,0.7022796273231506
9981,0.7022712826728821
9982,0.6952502727508545
9983,0.6942555904388428
9984,0.6998251676559448
9985,0.6949591040611267
9986,0.687859833240509
9987,0.6969892978668213
9988,0.6987579464912415
9989,0.6914951205253601
9990,0.6992207169532776
9991,0.6972250938415527
9992,0.6996857523918152
9993,0.698918342590332
9994,0.7012103199958801
9995,0.7051892876625061
9996,0.6967166662216187
9997,0.7060136795043945
9998,0.6973240375518799
9999,0.6963270306587219
