Step,Value
1,0.03098982386291027
2,0.7285283207893372
3,0.9723856449127197
4,1.0
5,0.7400751709938049
6,1.0
7,0.5474137663841248
8,0.9996597766876221
9,0.9925975799560547
10,0.9992671012878418
11,1.0
12,0.9080780148506165
13,0.9989992380142212
14,1.0
15,0.005761316977441311
16,0.43062010407447815
17,0.5881169438362122
18,0.008130080997943878
19,0.998790442943573
20,1.0
21,0.6832439303398132
22,0.9996945858001709
23,0.9998517632484436
24,0.49193426966667175
25,1.0
26,0.9870873093605042
27,0.9997282028198242
28,0.998461127281189
29,0.8304453492164612
30,0.8444835543632507
31,0.9993998408317566
32,0.12247272580862045
33,0.8056330680847168
34,1.0
35,0.014577607624232769
36,0.9779236912727356
37,0.030502524226903915
38,0.9603981375694275
39,0.9953006505966187
40,0.9994986653327942
41,0.9876569509506226
42,0.9994405508041382
43,0.9996850490570068
44,0.9972355365753174
45,0.9997808933258057
46,0.5299213528633118
47,1.0
48,1.0
49,0.8825080990791321
50,0.9470394253730774
51,0.9964535236358643
52,0.007664380595088005
53,0.9928956627845764
54,0.07410401850938797
55,0.9924279451370239
56,0.9563375115394592
57,0.8819549083709717
58,0.9794698357582092
59,0.05631016567349434
60,0.9981011748313904
61,1.0
62,0.9832862019538879
63,0.999518871307373
64,0.9594240784645081
65,1.0
66,0.9995739459991455
67,1.0
68,0.9846735000610352
69,1.0
70,1.0
71,0.5426329970359802
72,0.9995569586753845
73,0.981145977973938
74,1.0
75,0.9899569749832153
76,0.1622309684753418
77,0.006532462313771248
78,0.9961628913879395
79,1.0
80,0.012673081830143929
81,0.9948163628578186
82,0.9996508955955505
83,1.0
84,0.9993865489959717
85,0.005847953259944916
86,0.9991326928138733
87,0.9096453189849854
88,0.9994090795516968
89,0.6513311266899109
90,0.014229151420295238
91,0.9935048818588257
92,0.9998672604560852
93,0.6520514488220215
94,1.0
95,0.9997676610946655
96,0.9623492360115051
97,1.0
98,1.0
99,0.9992601871490479
100,0.9968746304512024
101,0.9735915660858154
102,1.0
103,0.06570762395858765
104,1.0
105,0.7537964582443237
106,1.0
107,0.9192218780517578
108,0.9997748732566833
109,0.1301555037498474
110,0.013709677383303642
111,1.0
112,0.9996485710144043
113,0.9997788071632385
114,1.0
115,0.04571496695280075
116,0.9998888969421387
117,1.0
118,0.9978823661804199
119,0.9837929606437683
120,0.005520504899322987
121,0.9990518093109131
122,0.8657252192497253
123,0.9994019269943237
124,0.9996439814567566
125,0.6561698913574219
126,1.0
127,0.6868661642074585
128,0.03614872694015503
129,0.8585963845252991
130,0.9998871088027954
131,0.9997726082801819
132,0.04708842560648918
133,0.9969013333320618
134,0.9746716618537903
135,0.9671425223350525
136,0.9994443655014038
137,0.9909696578979492
138,0.9946150779724121
139,0.9677298069000244
140,0.7705180048942566
141,0.9932356476783752
142,1.0
143,0.9562380313873291
144,0.05780564248561859
145,0.9465945959091187
146,0.736178457736969
147,0.965258002281189
148,0.99215167760849
149,0.9996452331542969
150,0.6254844665527344
151,0.9998872876167297
152,0.9651662707328796
153,0.999885082244873
154,0.9435619711875916
155,0.9909058809280396
156,0.6891517043113708
157,1.0
158,0.9964638352394104
159,0.999867856502533
160,0.9918498396873474
161,0.9903278946876526
162,1.0
163,0.9991653561592102
164,1.0
165,0.039918240159749985
166,0.3215203881263733
167,0.9677315354347229
168,1.0
169,1.0
170,0.0691213607788086
171,0.6163110136985779
172,0.9994627237319946
173,0.9900900721549988
174,0.21137717366218567
175,0.6792683005332947
176,0.00633002445101738
177,0.8309513926506042
178,0.9959264397621155
179,0.7930729389190674
180,1.0
181,0.9046483635902405
182,0.6879370808601379
183,0.10914519429206848
184,0.9997673034667969
185,0.9509046673774719
186,0.9729621410369873
187,0.005454793572425842
188,0.9920543432235718
189,0.9804540276527405
190,0.9838862419128418
191,1.0
192,0.03385033458471298
193,0.3460173010826111
194,1.0
195,0.016532720997929573
196,0.9996328949928284
197,0.3964347243309021
198,0.8411633372306824
199,1.0
200,0.06671320647001266
201,0.9998924136161804
202,0.3242361545562744
203,0.15596118569374084
204,0.999070942401886
205,0.08411315828561783
206,0.9997885823249817
207,0.9996563792228699
208,0.32201460003852844
209,0.8707773685455322
210,1.0
211,1.0
212,0.9997332096099854
213,0.007521104998886585
214,0.9797670841217041
215,1.0
216,0.9618996381759644
217,1.0
218,0.6167376637458801
219,0.9993340373039246
220,0.5955538153648376
221,0.768805742263794
222,0.9389405846595764
223,0.9994620680809021
224,0.9852672815322876
225,0.9997361302375793
226,0.6706659197807312
227,0.8299365639686584
228,0.020970560610294342
229,0.9998774528503418
230,0.015813160687685013
231,0.9997857809066772
232,0.9996660947799683
233,1.0
234,1.0
235,0.6672835946083069
236,0.015805471688508987
237,1.0
238,0.9996417760848999
239,1.0
240,0.9005206227302551
241,0.9922575354576111
242,0.99874347448349
243,0.9931169152259827
244,0.8575539588928223
245,0.41960060596466064
246,0.9662314057350159
247,0.8386298418045044
248,0.027068281546235085
249,0.1031927615404129
250,0.9995782971382141
251,1.0
252,0.9706040024757385
253,0.9996399283409119
254,0.998948872089386
255,1.0
256,0.006063169799745083
257,0.6028803586959839
258,0.9381198287010193
259,0.9912378191947937
260,0.16091260313987732
261,1.0
262,0.9966207146644592
263,0.9935691356658936
264,0.9997609257698059
265,0.4797486960887909
266,0.9977852702140808
267,0.9993798136711121
268,1.0
269,0.9973992109298706
270,0.9996628761291504
271,0.9997779726982117
272,0.02720867283642292
273,1.0
274,0.9400479793548584
275,0.004587740637362003
276,0.9996535778045654
277,1.0
278,0.01568779908120632
279,0.9988827109336853
280,0.006028222851455212
281,0.9992126226425171
282,0.9814838767051697
283,0.6232271790504456
284,0.008516678586602211
285,0.9981152415275574
286,0.9997401833534241
287,1.0
288,0.995298445224762
289,0.823183000087738
290,0.9992207884788513
291,1.0
292,0.9998767375946045
293,0.9997539520263672
294,0.9994721412658691
295,0.9991337656974792
296,0.7330474257469177
297,0.9995840191841125
298,1.0
299,0.9995967149734497
300,1.0
301,0.9992676377296448
302,1.0
303,0.9943325519561768
304,0.4413546919822693
305,0.3100111186504364
306,0.9161579012870789
307,0.7000885605812073
308,0.8664470314979553
309,0.10347431898117065
310,0.9987611174583435
311,0.9671855568885803
312,0.6917062997817993
313,1.0
314,0.5206114649772644
315,0.021270310506224632
316,0.9967572689056396
317,0.9996009469032288
318,1.0
319,0.9550133943557739
320,1.0
321,0.9998074173927307
322,0.9802520871162415
323,0.9955649375915527
324,0.9998911023139954
325,1.0
326,0.9211858510971069
327,0.994033694267273
328,0.9998917579650879
329,0.9996602535247803
330,0.0398850180208683
331,1.0
332,0.04183535650372505
333,0.9993888139724731
334,1.0
335,0.5098716020584106
336,0.9992561936378479
337,1.0
338,1.0
339,0.9991458654403687
340,0.9998387694358826
341,1.0
342,0.999871551990509
343,1.0
344,0.9993849396705627
345,0.9353134632110596
346,0.9997677803039551
347,0.4754907190799713
348,1.0
349,0.025858543813228607
350,0.9996017813682556
351,0.9562631845474243
352,0.9999009370803833
353,0.7836687564849854
354,0.04512057453393936
355,0.9996451735496521
356,0.9094599485397339
357,0.9970401525497437
358,0.9988267421722412
359,0.9997832179069519
360,0.0376758947968483
361,1.0
362,0.9996761083602905
363,0.9402292966842651
364,0.9998776912689209
365,0.9995031952857971
366,1.0
367,0.9995493292808533
368,0.9998500347137451
369,1.0
370,1.0
371,0.007842534221708775
372,0.3628983795642853
373,1.0
374,0.29404398798942566
375,1.0
376,0.7117868661880493
377,0.9997355341911316
378,1.0
379,0.6381759643554688
380,0.8606303930282593
381,1.0
382,0.9996902942657471
383,1.0
384,0.8374450206756592
385,0.9749686121940613
386,0.9313743114471436
387,1.0
388,1.0
389,0.9793542623519897
390,0.00661949347704649
391,0.9515582323074341
392,0.9964122176170349
393,0.9984834790229797
394,0.9745146632194519
395,0.8562455773353577
396,1.0
397,0.999798595905304
398,1.0
399,0.12578408420085907
400,1.0
401,0.9998754858970642
402,0.9986053109169006
403,1.0
404,0.7759067416191101
405,1.0
406,0.02946593053638935
407,1.0
408,1.0
409,0.2912342846393585
410,0.9987742304801941
411,0.994513213634491
412,0.9839208126068115
413,0.9995617866516113
414,1.0
415,0.9997742176055908
416,1.0
417,1.0
418,0.9759009480476379
419,0.9346581101417542
420,1.0
421,0.9972599744796753
422,0.48186159133911133
423,0.9996938705444336
424,0.27734455466270447
425,0.9996967315673828
426,1.0
427,0.9967793822288513
428,0.9971804618835449
429,0.886086106300354
430,0.9245689511299133
431,0.999797523021698
432,1.0
433,0.9735915660858154
434,1.0
435,0.998814046382904
436,0.043709248304367065
437,0.9995144605636597
438,0.48349645733833313
439,1.0
440,0.9988816976547241
441,1.0
442,0.999880850315094
443,0.8773189783096313
444,1.0
445,0.9995431900024414
446,0.9985460042953491
447,0.9995721578598022
448,1.0
449,0.9989302754402161
450,0.7525830268859863
451,1.0
452,0.999338686466217
453,1.0
454,0.998083233833313
455,1.0
456,0.9996817708015442
457,0.9962800741195679
458,0.965745747089386
459,1.0
460,0.9997403025627136
461,1.0
462,0.017434122040867805
463,0.9960077404975891
464,1.0
465,1.0
466,0.9994581937789917
467,1.0
468,0.9993860721588135
469,1.0
470,1.0
471,0.9985780119895935
472,0.9998756051063538
473,1.0
474,0.9997770190238953
475,0.9998953342437744
476,0.9994693398475647
477,0.03228547051548958
478,0.9997778534889221
479,1.0
480,0.9998914003372192
481,0.9954323172569275
482,0.28896138072013855
483,1.0
484,0.005132489837706089
485,0.9998834729194641
486,0.9992856383323669
487,1.0
488,0.9997611045837402
489,1.0
490,0.9991713762283325
491,0.04672003909945488
492,0.9980666637420654
493,0.9997720122337341
494,1.0
495,0.992152750492096
496,0.997491180896759
497,0.9998711347579956
498,1.0
499,1.0
500,0.01565626822412014
501,0.9991504549980164
502,1.0
503,0.9995183944702148
504,1.0
505,1.0
506,0.999768078327179
507,1.0
508,1.0
509,0.9998864531517029
510,1.0
511,1.0
512,0.9997782111167908
513,0.9997711777687073
514,0.9997971057891846
515,0.5617115497589111
516,1.0
517,1.0
518,1.0
519,1.0
520,0.9993588328361511
521,1.0
522,1.0
523,0.999764621257782
524,1.0
525,0.9994873404502869
526,1.0
527,0.8265666961669922
528,0.9992700815200806
529,1.0
530,1.0
531,0.9996166825294495
532,0.9995682835578918
533,0.9974535703659058
534,0.999863862991333
535,1.0
536,1.0
537,0.9998797178268433
538,0.9997565746307373
539,1.0
540,0.9990850687026978
541,0.030325841158628464
542,0.9996883869171143
543,0.9999016523361206
544,0.9940198063850403
545,1.0
546,1.0
547,0.5504701137542725
548,1.0
549,0.9998801350593567
550,1.0
551,1.0
552,0.9998695254325867
553,0.9995030164718628
554,0.6625359654426575
555,1.0
556,1.0
557,1.0
558,1.0
559,0.9993301033973694
560,1.0
561,1.0
562,1.0
563,0.9994844198226929
564,1.0
565,0.9997738599777222
566,1.0
567,1.0
568,0.9997817277908325
569,0.999786376953125
570,1.0
571,0.9997784495353699
572,0.9992344975471497
573,1.0
574,0.9997925758361816
575,0.9996806383132935
576,1.0
577,0.9995970726013184
578,1.0
579,1.0
580,0.9995996356010437
581,1.0
582,1.0
583,1.0
584,0.9997068643569946
585,1.0
586,0.9997919201850891
587,0.994686484336853
588,1.0
589,1.0
590,0.9998846650123596
591,0.999761700630188
592,1.0
593,1.0
594,1.0
595,0.9996124505996704
596,1.0
597,1.0
598,1.0
599,1.0
600,0.9997608661651611
601,0.9997402429580688
602,1.0
603,1.0
604,1.0
605,0.9995477795600891
606,1.0
607,1.0
608,0.9995707869529724
609,1.0
610,1.0
611,1.0
612,0.9995899200439453
613,1.0
614,1.0
615,1.0
616,1.0
617,0.9998821020126343
618,1.0
619,0.9997562766075134
620,0.9994878172874451
621,0.9997403025627136
622,1.0
623,1.0
624,1.0
625,0.999872624874115
626,0.9998759627342224
627,1.0
628,1.0
629,1.0
630,0.999768078327179
631,1.0
632,0.9998748898506165
633,1.0
634,1.0
635,0.9998612403869629
636,1.0
637,0.9998614192008972
638,1.0
639,0.9997499585151672
640,0.9997555017471313
641,1.0
642,0.9996837973594666
643,0.9505736827850342
644,1.0
645,1.0
646,0.9999006390571594
647,1.0
648,1.0
649,0.999818742275238
650,1.0
651,0.9997050166130066
652,1.0
653,1.0
654,1.0
655,0.9994720816612244
656,1.0
657,0.9997776746749878
658,1.0
659,1.0
660,0.9997456073760986
661,0.9998740553855896
662,1.0
663,1.0
664,1.0
665,0.9998806118965149
666,1.0
667,1.0
668,0.999502956867218
669,1.0
670,0.9997677206993103
671,1.0
672,0.9998930096626282
673,1.0
674,0.9998916387557983
675,0.9998916983604431
676,1.0
677,0.9996781945228577
678,0.9998858571052551
679,0.9998852014541626
680,1.0
681,0.9996442794799805
682,0.9996395111083984
683,1.0
684,1.0
685,0.9997279047966003
686,1.0
687,1.0
688,1.0
689,0.9996959567070007
690,1.0
691,1.0
692,0.9997116923332214
693,0.9998547434806824
694,1.0
695,1.0
696,1.0
697,0.9994783997535706
698,1.0
699,1.0
700,1.0
701,0.9998729228973389
702,0.9998700618743896
703,0.9996060132980347
704,1.0
705,1.0
706,0.9998857378959656
707,0.99933260679245
708,1.0
709,1.0
710,1.0
711,0.9998822808265686
712,0.9996363520622253
713,1.0
714,0.9998869299888611
715,1.0
716,0.9996498227119446
717,1.0
718,1.0
719,0.9995108842849731
720,1.0
721,1.0
722,1.0
723,0.9996749758720398
724,1.0
725,0.999641478061676
726,1.0
727,0.999609649181366
728,1.0
729,0.9998494386672974
730,0.9997089505195618
731,1.0
732,0.9997561573982239
733,1.0
734,0.9998723864555359
735,0.9998748302459717
736,1.0
737,0.9992948770523071
738,1.0
739,0.9998770952224731
740,1.0
741,0.9997642636299133
742,1.0
743,0.9997645020484924
744,0.9996695518493652
745,1.0
746,0.9998944401741028
747,0.9994701743125916
748,1.0
749,1.0
750,1.0
751,0.9994544982910156
752,1.0
753,1.0
754,0.999778687953949
755,1.0
756,1.0
757,1.0
758,1.0
759,0.9996442794799805
760,0.9997667670249939
761,1.0
762,0.9998847842216492
763,0.9995426535606384
764,1.0
765,0.9998752474784851
766,0.9997444152832031
767,1.0
768,0.9986845850944519
769,1.0
770,1.0
771,0.9998694658279419
772,0.9998626112937927
773,1.0
774,1.0
775,1.0
776,1.0
777,1.0
778,0.999149739742279
779,1.0
780,0.9998703002929688
781,1.0
782,1.0
783,0.9998770356178284
784,1.0
785,0.9996538162231445
786,1.0
787,1.0
788,0.9993982911109924
789,1.0
790,1.0
791,0.9997915625572205
792,0.9998917579650879
793,1.0
794,0.9998958706855774
795,1.0
796,0.9993160963058472
797,1.0
798,1.0
799,0.9998984336853027
800,1.0
801,0.9997950196266174
802,1.0
803,0.9995599985122681
804,1.0
805,0.9997736811637878
806,1.0
807,0.9995086193084717
808,1.0
809,1.0
810,0.9998584985733032
811,1.0
812,1.0
813,1.0
814,1.0
815,0.9998792409896851
816,1.0
817,1.0
818,0.9997685551643372
819,1.0
820,1.0
821,0.9997853636741638
822,1.0
823,1.0
824,0.9996027946472168
825,1.0
826,1.0
827,0.9996910691261292
828,1.0
829,0.9998942613601685
830,0.9998939633369446
831,0.9999001026153564
832,0.999904990196228
833,1.0
834,1.0
835,1.0
836,1.0
837,0.999673068523407
838,1.0
839,0.9997630715370178
840,1.0
841,1.0
842,0.9996110200881958
843,1.0
844,1.0
845,0.9998903274536133
846,1.0
847,1.0
848,1.0
849,1.0
850,1.0
851,0.999724268913269
852,0.9998671412467957
853,0.9994815587997437
854,1.0
855,1.0
856,1.0
857,1.0
858,1.0
859,0.999788224697113
860,0.999476969242096
861,1.0
862,1.0
863,0.9995129108428955
864,1.0
865,0.9998863935470581
866,1.0
867,0.999687671661377
868,1.0
869,1.0
870,0.9997934103012085
871,1.0
872,0.9996563196182251
873,1.0
874,0.999761700630188
875,1.0
876,0.999864935874939
877,0.9993172883987427
878,1.0
879,1.0
880,1.0
881,1.0
882,0.9995643496513367
883,0.9995464086532593
884,1.0
885,0.9995347857475281
886,0.9998441338539124
887,1.0
888,1.0
889,0.9995495676994324
890,1.0
891,1.0
892,0.9992153644561768
893,1.0
894,1.0
895,1.0
896,1.0
897,0.9998839497566223
898,0.9998893141746521
899,1.0
900,0.9998894929885864
901,1.0
902,1.0
903,0.999414324760437
904,1.0
905,1.0
906,0.99979168176651
907,0.9998883008956909
908,1.0
909,1.0
910,1.0
911,0.9996669888496399
912,0.9997949600219727
913,0.9998923540115356
914,0.9997856020927429
915,1.0
916,1.0
917,1.0
918,1.0
919,0.9996206164360046
920,1.0
921,1.0
922,0.9997721910476685
923,0.9998944997787476
924,1.0
925,1.0
926,0.999312162399292
927,1.0
928,1.0
929,0.999788224697113
930,1.0
931,0.9995859861373901
932,1.0
933,1.0
934,0.9998957514762878
935,1.0
936,0.8761159777641296
937,1.0
938,0.9998910427093506
939,0.9994500875473022
940,1.0
941,1.0
942,0.9998987317085266
943,1.0
944,0.9998814463615417
945,0.9998844265937805
946,1.0
947,1.0
948,0.9995178580284119
949,0.9998764991760254
950,1.0
951,1.0
952,0.9996735453605652
953,1.0
954,1.0
955,0.9993202090263367
956,1.0
957,1.0
958,1.0
959,1.0
960,0.9996398091316223
961,1.0
962,0.9994326829910278
963,1.0
964,1.0
965,1.0
966,0.9993940591812134
967,1.0
968,1.0
969,1.0
970,1.0
971,1.0
972,1.0
973,1.0
974,0.9997546076774597
975,0.9995256662368774
976,1.0
977,1.0
978,1.0
979,1.0
980,0.9995371699333191
981,1.0
982,0.9996669292449951
983,1.0
984,0.9998874664306641
985,1.0
986,0.9997730851173401
987,1.0
988,0.9996708631515503
989,1.0
990,0.9994529485702515
991,1.0
992,1.0
993,0.9980713725090027
994,1.0
995,1.0
996,0.9995031356811523
997,1.0
998,0.9997147917747498
999,0.9998956918716431
1000,1.0
1001,1.0
1002,1.0
1003,0.9997040033340454
1004,1.0
1005,0.9998913407325745
1006,1.0
1007,0.9994088411331177
1008,1.0
1009,1.0
1010,1.0
1011,0.9994813799858093
1012,1.0
1013,0.9998877048492432
1014,1.0
1015,0.9996438026428223
1016,1.0
1017,0.999535858631134
1018,1.0
1019,0.999602735042572
1020,0.9998698830604553
1021,1.0
1022,0.9998669624328613
1023,1.0
1024,1.0
1025,1.0
1026,0.9997676610946655
1027,1.0
1028,0.9998887181282043
1029,1.0
1030,0.9997637867927551
1031,0.9996529221534729
1032,0.9997743964195251
1033,1.0
1034,1.0
1035,1.0
1036,1.0
1037,0.9989089965820312
1038,1.0
1039,1.0
1040,0.9996955394744873
1041,1.0
1042,0.9993892908096313
1043,1.0
1044,1.0
1045,1.0
1046,0.9999025464057922
1047,0.9998990893363953
1048,0.9999006390571594
1049,1.0
1050,1.0
1051,0.9996005296707153
1052,0.9996885061264038
1053,1.0
1054,0.999674916267395
1055,1.0
1056,0.9996745586395264
1057,0.999656617641449
1058,1.0
1059,1.0
1060,0.999647319316864
1061,0.9997726678848267
1062,1.0
1063,0.9998918175697327
1064,1.0
1065,1.0
1066,0.9993343949317932
1067,1.0
1068,0.9998928308486938
1069,0.9996962547302246
1070,1.0
1071,0.9998030662536621
1072,1.0
1073,1.0
1074,1.0
1075,0.999605119228363
1076,1.0
1077,1.0
1078,0.9997000098228455
1079,0.9995699524879456
1080,1.0
1081,1.0
1082,0.9995003342628479
1083,1.0
1084,1.0
1085,1.0
1086,0.9997585415840149
1087,0.9996389150619507
1088,1.0
1089,1.0
1090,0.9997443556785583
1091,1.0
1092,1.0
1093,1.0
1094,0.9995917081832886
1095,1.0
1096,0.9997697472572327
1097,1.0
1098,0.9995602965354919
1099,1.0
1100,1.0
1101,1.0
1102,1.0
1103,1.0
1104,0.9996002316474915
1105,0.9999017119407654
1106,1.0
1107,0.9997909069061279
1108,1.0
1109,1.0
1110,0.9998948574066162
1111,1.0
1112,1.0
1113,0.999553918838501
1114,1.0
1115,0.9995594024658203
1116,1.0
1117,1.0
1118,1.0
1119,0.9994724988937378
1120,1.0
1121,1.0
1122,0.9997065663337708
1123,1.0
1124,1.0
1125,0.9991925954818726
1126,1.0
1127,1.0
1128,0.999331533908844
1129,0.9997304677963257
1130,0.9998703598976135
1131,1.0
1132,1.0
1133,1.0
1134,1.0
1135,1.0
1136,1.0
1137,1.0
1138,0.9997538924217224
1139,1.0
1140,0.9997822046279907
1141,1.0
1142,1.0
1143,0.9998019337654114
1144,1.0
1145,1.0
1146,0.9998939037322998
1147,1.0
1148,1.0
1149,1.0
1150,1.0
1151,0.9993662238121033
1152,1.0
1153,1.0
1154,1.0
1155,1.0
1156,0.9997244477272034
1157,1.0
1158,1.0
1159,1.0
1160,1.0
1161,0.9996479153633118
1162,1.0
1163,0.999779462814331
1164,0.999680757522583
1165,1.0
1166,1.0
1167,1.0
1168,0.9994858503341675
1169,1.0
1170,0.9997024536132812
1171,1.0
1172,1.0
1173,1.0
1174,0.9998953938484192
1175,0.9997907280921936
1176,1.0
1177,0.9997877478599548
1178,1.0
1179,1.0
1180,1.0
1181,0.9998810887336731
1182,1.0
1183,1.0
1184,1.0
1185,0.9991892576217651
1186,1.0
1187,1.0
1188,0.9996395707130432
1189,1.0
1190,0.9997616410255432
1191,1.0
1192,0.9997785687446594
1193,1.0
1194,0.9998920559883118
1195,0.9997891187667847
1196,1.0
1197,1.0
1198,0.9997641444206238
1199,1.0
1200,1.0
1201,0.999884307384491
1202,1.0
1203,1.0
1204,1.0
1205,1.0
1206,0.9994735717773438
1207,0.9998577237129211
1208,1.0
1209,1.0
1210,1.0
1211,0.9992423057556152
1212,1.0
1213,0.9997405409812927
1214,0.999725341796875
1215,1.0
1216,1.0
1217,0.9998818635940552
1218,0.9998787641525269
1219,0.9996297359466553
1220,1.0
1221,1.0
1222,1.0
1223,1.0
1224,0.9998608827590942
1225,1.0
1226,0.999482274055481
1227,1.0
1228,0.9996169209480286
1229,1.0
1230,0.9998658895492554
1231,0.99986732006073
1232,1.0
1233,0.9997360706329346
1234,1.0
1235,1.0
1236,0.9998869299888611
1237,1.0
1238,0.9997467994689941
1239,1.0
1240,0.9996335506439209
1241,1.0
1242,0.9997414946556091
1243,1.0
1244,1.0
1245,1.0
1246,0.9996353983879089
1247,0.9997798204421997
1248,0.9998885989189148
1249,1.0
1250,1.0
1251,1.0
1252,0.9990836381912231
1253,1.0
1254,0.9997516870498657
1255,0.9998824596405029
1256,1.0
1257,1.0
1258,0.9997755885124207
1259,0.9994499683380127
1260,1.0
1261,1.0
1262,0.9994749426841736
1263,1.0
1264,1.0
1265,1.0
1266,0.9999001026153564
1267,0.9997923374176025
1268,0.9997947812080383
1269,1.0
1270,1.0
1271,0.999758780002594
1272,1.0
1273,0.9992126226425171
1274,1.0
1275,1.0
1276,1.0
1277,1.0
1278,0.9997696280479431
1279,0.9995334148406982
1280,1.0
1281,0.9997847080230713
1282,0.9995774626731873
1283,1.0
1284,0.999900758266449
1285,1.0
1286,0.9998076558113098
1287,0.9997081756591797
1288,1.0
1289,0.9997972249984741
1290,1.0
1291,1.0
1292,1.0
1293,0.9997689127922058
1294,1.0
1295,0.9998723268508911
1296,0.9998761415481567
1297,0.9998652338981628
1298,0.9994811415672302
1299,1.0
1300,1.0
1301,1.0
1302,1.0
1303,1.0
1304,0.9998640418052673
1305,0.9997473955154419
1306,1.0
1307,0.9996552467346191
1308,1.0
1309,0.9997875690460205
1310,1.0
1311,0.9995802044868469
1312,1.0
1313,0.9998934864997864
1314,0.9996908903121948
1315,1.0
1316,1.0
1317,0.9997895956039429
1318,1.0
1319,1.0
1320,0.9999040961265564
1321,0.999808132648468
1322,1.0
1323,1.0
1324,0.9996688365936279
1325,1.0
1326,1.0
1327,0.999891996383667
1328,0.9997753500938416
1329,1.0
1330,1.0
1331,1.0
1332,1.0
1333,0.9995468854904175
1334,1.0
1335,0.9997429847717285
1336,1.0
1337,0.9998648762702942
1338,1.0
1339,0.999869704246521
1340,1.0
1341,0.9994461536407471
1342,0.9997212886810303
1343,1.0
1344,1.0
1345,0.9996055960655212
1346,1.0
1347,0.9993936419487
1348,1.0
1349,0.9998836517333984
1350,1.0
1351,1.0
1352,1.0
1353,0.9998869299888611
1354,0.9996583461761475
1355,0.9998838901519775
1356,1.0
1357,1.0
1358,1.0
1359,1.0
1360,0.9997459650039673
1361,1.0
1362,0.9994211792945862
1363,1.0
1364,0.9997401833534241
1365,1.0
1366,1.0
1367,1.0
1368,0.9996130466461182
1369,0.9998666644096375
1370,1.0
1371,1.0
1372,0.9995640516281128
1373,1.0
1374,1.0
1375,0.99986732006073
1376,1.0
1377,1.0
1378,0.9998834133148193
1379,1.0
1380,0.9995031952857971
1381,1.0
1382,1.0
1383,1.0
1384,0.9996830821037292
1385,1.0
1386,0.9998880624771118
1387,0.9993332028388977
1388,1.0
1389,1.0
1390,1.0
1391,1.0
1392,0.9997756481170654
1393,1.0
1394,0.9996394515037537
1395,1.0
1396,1.0
1397,0.9998685717582703
1398,1.0
1399,1.0
1400,0.9994518160820007
1401,1.0
1402,1.0
1403,1.0
1404,0.9995148777961731
1405,1.0
1406,0.999871551990509
1407,1.0
1408,1.0
1409,0.9994877576828003
1410,1.0
1411,0.9997314810752869
1412,1.0
1413,0.9996349215507507
1414,0.999880313873291
1415,1.0
1416,0.9998807311058044
1417,1.0
1418,1.0
1419,0.9997802972793579
1420,1.0
1421,0.9997732639312744
1422,0.9998942613601685
1423,0.9997757077217102
1424,1.0
1425,1.0
1426,0.9993650913238525
1427,1.0
1428,0.9995860457420349
1429,0.9995917677879333
1430,0.9998624920845032
1431,1.0
1432,0.9998674392700195
1433,1.0
1434,0.9992180466651917
1435,0.9998753070831299
1436,1.0
1437,1.0
1438,0.9995138645172119
1439,1.0
1440,0.9998739957809448
1441,0.9998832941055298
1442,1.0
1443,0.9998842477798462
1444,1.0
1445,0.9998844861984253
1446,1.0
1447,1.0
1448,0.9998719692230225
1449,1.0
1450,1.0
1451,1.0
1452,0.9998621940612793
1453,0.9998632669448853
1454,1.0
1455,0.9995970129966736
1456,1.0
1457,1.0
1458,1.0
1459,1.0
1460,0.9997767806053162
1461,1.0
1462,1.0
1463,0.9997581243515015
1464,1.0
1465,1.0
1466,0.9998828768730164
1467,0.9996710419654846
1468,1.0
1469,1.0
1470,1.0
1471,1.0
1472,1.0
1473,1.0
1474,1.0
1475,1.0
1476,1.0
1477,0.9997873306274414
1478,1.0
1479,0.9996817708015442
1480,0.9997802972793579
1481,1.0
1482,1.0
1483,0.9995315074920654
1484,1.0
1485,1.0
1486,1.0
1487,0.999234676361084
1488,1.0
1489,1.0
1490,0.9998587369918823
1491,0.9997158050537109
1492,0.9998839497566223
1493,1.0
1494,1.0
1495,1.0
1496,0.9997940063476562
1497,1.0
1498,0.9996777176856995
1499,0.9997841715812683
1500,1.0
1501,1.0
1502,1.0
1503,0.9997755289077759
1504,1.0
1505,1.0
1506,0.9996673464775085
1507,1.0
1508,0.999774694442749
1509,0.9998940229415894
1510,1.0
1511,0.9998971819877625
1512,1.0
1513,0.999779224395752
1514,1.0
1515,1.0
1516,0.9995778203010559
1517,1.0
1518,1.0
1519,0.9996317028999329
1520,1.0
1521,1.0
1522,0.9998775124549866
1523,1.0
1524,1.0
1525,0.9996562600135803
1526,1.0
1527,1.0
1528,1.0
1529,1.0
1530,0.999750554561615
1531,1.0
1532,0.9997397661209106
1533,1.0
1534,0.9995774030685425
1535,1.0
1536,0.9998700618743896
1537,1.0
1538,1.0
1539,0.9998523592948914
1540,0.9994052648544312
1541,1.0
1542,1.0
1543,0.999861478805542
1544,1.0
1545,0.999320924282074
1546,1.0
1547,0.9997305870056152
1548,1.0
1549,1.0
1550,0.9995912909507751
1551,1.0
1552,1.0
1553,1.0
1554,0.9993789792060852
1555,1.0
1556,1.0
1557,0.9996330142021179
1558,1.0
1559,1.0
1560,0.9996499419212341
1561,1.0
1562,1.0
1563,1.0
1564,1.0
1565,0.9996645450592041
1566,0.9998959302902222
1567,1.0
1568,1.0
1569,0.9991891384124756
1570,1.0
1571,1.0
1572,0.9996047616004944
1573,1.0
1574,0.9996110200881958
1575,0.999879777431488
1576,1.0
1577,0.9996247887611389
1578,0.9997544288635254
1579,1.0
1580,0.9998654723167419
1581,1.0
1582,0.9997763633728027
1583,1.0
1584,0.9994637966156006
1585,1.0
1586,0.9996880888938904
1587,1.0
1588,1.0
1589,0.9997959136962891
1590,1.0
1591,0.9998012185096741
1592,1.0
1593,0.9999010562896729
1594,1.0
1595,0.9995195865631104
1596,1.0
1597,0.9998946189880371
1598,1.0
1599,1.0
1600,0.9997556805610657
1601,0.9997523427009583
1602,1.0
1603,1.0
1604,0.9997268319129944
1605,1.0
1606,0.999876856803894
1607,1.0
1608,1.0
1609,1.0
1610,1.0
1611,0.9996686577796936
1612,0.9998963475227356
1613,1.0
1614,1.0
1615,1.0
1616,0.9995777606964111
1617,0.9997808337211609
1618,1.0
1619,0.9996775984764099
1620,1.0
1621,0.9997879862785339
1622,1.0
1623,1.0
1624,0.9997881650924683
1625,1.0
1626,0.9996822476387024
1627,1.0
1628,1.0
1629,1.0
1630,1.0
1631,1.0
1632,0.9997650384902954
1633,0.9996301531791687
1634,1.0
1635,0.9996370077133179
1636,1.0
1637,0.9993614554405212
1638,1.0
1639,0.9996370673179626
1640,0.9997571110725403
1641,1.0
1642,0.9997540712356567
1643,1.0
1644,0.9997499585151672
1645,1.0
1646,0.9997855424880981
1647,1.0
1648,0.999788224697113
1649,1.0
1650,1.0
1651,0.9994813203811646
1652,1.0
1653,0.9992581009864807
1654,1.0
1655,1.0
1656,1.0
1657,1.0
1658,1.0
1659,0.9994261264801025
1660,1.0
1661,0.9997571110725403
1662,0.9996155500411987
1663,1.0
1664,1.0
1665,1.0
1666,1.0
1667,0.9997643828392029
1668,0.9998778104782104
1669,1.0
1670,0.9995281100273132
1671,1.0
1672,0.9997727274894714
1673,1.0
1674,0.9997543692588806
1675,0.9998751282691956
1676,1.0
1677,1.0
1678,1.0
1679,0.9997523427009583
1680,1.0
1681,1.0
1682,0.999655544757843
1683,0.9998884201049805
1684,1.0
1685,0.9996924996376038
1686,0.999595046043396
1687,1.0
1688,1.0
1689,0.9997855424880981
1690,0.9992440342903137
1691,1.0
1692,1.0
1693,0.9995961785316467
1694,1.0
1695,1.0
1696,0.9997048377990723
1697,0.9997925758361816
1698,1.0
1699,1.0
1700,0.9998756647109985
1701,1.0
1702,0.9997521638870239
1703,1.0
1704,0.9997658729553223
1705,1.0
1706,0.999876856803894
1707,1.0
1708,1.0
1709,0.9997533559799194
1710,1.0
1711,1.0
1712,1.0
1713,0.9998800754547119
1714,0.9995276927947998
1715,1.0
1716,0.9998886585235596
1717,0.9997849464416504
1718,1.0
1719,0.999782919883728
1720,1.0
1721,1.0
1722,0.9998953342437744
1723,0.9998940825462341
1724,0.9998902082443237
1725,1.0
1726,1.0
1727,0.9996844530105591
1728,1.0
1729,1.0
1730,1.0
1731,0.9991557002067566
1732,1.0
1733,0.9998884797096252
1734,1.0
1735,0.9994333386421204
1736,1.0
1737,1.0
1738,0.9997644424438477
1739,1.0
1740,0.9994697570800781
1741,1.0
1742,0.9998739361763
1743,0.9997552633285522
1744,0.9998791217803955
1745,1.0
1746,0.9993923306465149
1747,1.0
1748,0.9997414946556091
1749,1.0
1750,1.0
1751,0.9996042251586914
1752,1.0
1753,0.9994951486587524
1754,1.0
1755,1.0
1756,1.0
1757,1.0
1758,0.9995526671409607
1759,1.0
1760,0.9995018839836121
1761,1.0
1762,1.0
1763,1.0
1764,0.9997692108154297
1765,1.0
1766,0.9995315074920654
1767,1.0
1768,0.9997637271881104
1769,1.0
1770,1.0
1771,1.0
1772,0.9996594786643982
1773,0.9997721314430237
1774,0.9998724460601807
1775,1.0
1776,1.0
1777,0.9998815655708313
1778,0.9993191361427307
1779,1.0
1780,0.9997569918632507
1781,0.9998756051063538
1782,0.9998798966407776
1783,1.0
1784,0.9996278882026672
1785,1.0
1786,1.0
1787,1.0
1788,1.0
1789,0.9997627139091492
1790,1.0
1791,1.0
1792,0.9998021125793457
1793,0.9995977282524109
1794,1.0
1795,0.9996768832206726
1796,1.0
1797,0.9997889995574951
1798,1.0
1799,1.0
1800,1.0
1801,0.999889075756073
1802,0.9998922348022461
1803,1.0
1804,1.0
1805,1.0
1806,0.9997527003288269
1807,0.9994956851005554
1808,1.0
1809,1.0
1810,0.9998648762702942
1811,1.0
1812,0.9995797872543335
1813,1.0
1814,1.0
1815,0.9997358918190002
1816,1.0
1817,0.9998632669448853
1818,0.9996150135993958
1819,1.0
1820,1.0
1821,0.9998722076416016
1822,1.0
1823,0.9998917579650879
1824,1.0
1825,0.9997789859771729
1826,1.0
1827,1.0
1828,0.9992521405220032
1829,1.0
1830,0.9997928738594055
1831,1.0
1832,0.9998946785926819
1833,1.0
1834,0.9998893141746521
1835,0.9997768402099609
1836,1.0
1837,0.9998900890350342
1838,1.0
1839,0.9998913407325745
1840,0.9995559453964233
1841,1.0
1842,1.0
1843,0.9995639324188232
1844,1.0
1845,0.9998985528945923
1846,0.9998968839645386
1847,1.0
1848,1.0
1849,0.9998786449432373
1850,1.0
1851,0.9998843669891357
1852,1.0
1853,1.0
1854,0.9998842477798462
1855,1.0
1856,1.0
1857,0.9996480345726013
1858,1.0
1859,1.0
1860,0.9993137121200562
1861,1.0
1862,0.9998804330825806
1863,1.0
1864,0.9998701214790344
1865,0.9997422099113464
1866,1.0
1867,1.0
1868,1.0
1869,0.9994894862174988
1870,0.9998608827590942
1871,1.0
1872,0.999717652797699
1873,1.0
1874,0.9998750686645508
1875,0.9996340274810791
1876,1.0
1877,1.0
1878,0.9991680383682251
1879,1.0
1880,0.9998776912689209
1881,0.9996262788772583
1882,1.0
1883,0.9997520446777344
1884,1.0
1885,1.0
1886,1.0
1887,0.99989914894104
1888,1.0
1889,0.9998002648353577
1890,1.0
1891,1.0
1892,1.0
1893,0.9997979998588562
1894,1.0
1895,0.9997894167900085
1896,1.0
1897,0.9998926520347595
1898,0.9998908638954163
1899,1.0
1900,1.0
1901,0.9993449449539185
1902,1.0
1903,1.0
1904,0.9998506307601929
1905,1.0
1906,1.0
1907,0.9995570182800293
1908,1.0
1909,1.0
1910,0.9998550415039062
1911,1.0
1912,0.9993751049041748
1913,0.9998884201049805
1914,1.0
1915,0.9997797608375549
1916,1.0
1917,1.0
1918,1.0
1919,1.0
1920,1.0
1921,0.9997076988220215
1922,0.9998989105224609
1923,1.0
1924,1.0
1925,0.9998897314071655
1926,1.0
1927,1.0
1928,0.9992883801460266
1929,1.0
1930,0.9995203018188477
1931,1.0
1932,1.0
1933,0.999764621257782
1934,1.0
1935,0.9998708963394165
1936,1.0
1937,1.0
1938,0.9997072815895081
1939,1.0
1940,0.9995992183685303
1941,1.0
1942,1.0
1943,1.0
1944,0.9994845986366272
1945,1.0
1946,1.0
1947,0.9994478821754456
1948,1.0
1949,0.9997859001159668
1950,0.9997804164886475
1951,1.0
1952,0.9996917247772217
1953,1.0
1954,0.9997856616973877
1955,1.0
1956,1.0
1957,0.9997936487197876
1958,0.9998051524162292
1959,1.0
1960,1.0
1961,0.9998881816864014
1962,1.0
1963,0.99964439868927
1964,1.0
1965,1.0
1966,1.0
1967,0.9993985295295715
1968,1.0
1969,1.0
1970,1.0
1971,0.9993790984153748
1972,1.0
1973,1.0
1974,0.999865710735321
1975,0.9997458457946777
1976,1.0
1977,0.9996297955513
1978,1.0
1979,0.9995405673980713
1980,0.9998825192451477
1981,1.0
1982,0.9998767971992493
1983,1.0
1984,0.9997556209564209
1985,1.0
1986,1.0
1987,1.0
1988,0.9992320537567139
1989,0.9997502565383911
1990,1.0
1991,0.9997586011886597
1992,1.0
1993,1.0
1994,0.9998887777328491
1995,1.0
1996,0.999883770942688
1997,0.9997576475143433
1998,1.0
1999,1.0
2000,0.9996318221092224
2001,1.0
2002,0.9994361996650696
2003,1.0
2004,1.0
2005,1.0
2006,0.9997289776802063
2007,1.0
2008,0.9998519420623779
2009,0.9995836019515991
2010,1.0
2011,1.0
2012,1.0
2013,0.9996047616004944
2014,1.0
2015,1.0
2016,1.0
2017,0.9998646378517151
2018,1.0
2019,1.0
2020,1.0
2021,1.0
2022,0.9995319247245789
2023,1.0
2024,0.9998795390129089
2025,1.0
2026,1.0
2027,1.0
2028,0.9997565150260925
2029,1.0
2030,1.0
2031,1.0
2032,1.0
2033,0.9995701313018799
2034,1.0
2035,1.0
2036,0.9998601675033569
2037,1.0
2038,0.9998695850372314
2039,1.0
2040,0.999504029750824
2041,1.0
2042,1.0
2043,1.0
2044,0.9998955130577087
2045,1.0
2046,0.999472439289093
2047,1.0
2048,1.0
2049,1.0
2050,1.0
2051,0.9995687007904053
2052,1.0
2053,1.0
2054,0.9998822808265686
2055,1.0
2056,0.9997596740722656
2057,1.0
2058,1.0
2059,0.999762237071991
2060,0.9993453621864319
2061,1.0
2062,1.0
2063,0.9998878240585327
2064,0.9995519518852234
2065,1.0
2066,1.0
2067,0.9998925924301147
2068,0.9997713565826416
2069,1.0
2070,0.9996536374092102
2071,1.0
2072,0.9998840689659119
2073,1.0
2074,0.9997598528862
2075,1.0
2076,0.9996371269226074
2077,1.0
2078,0.9992240071296692
2079,1.0
2080,0.999525785446167
2081,1.0
2082,1.0
2083,0.9996351599693298
2084,0.9996654987335205
2085,1.0
2086,0.9996830821037292
2087,1.0
2088,1.0
2089,0.9993371367454529
2090,1.0
2091,1.0
2092,0.9996448159217834
2093,1.0
2094,1.0
2095,0.9998769164085388
2096,0.9996371269226074
2097,1.0
2098,0.999883234500885
2099,1.0
2100,0.9994723200798035
2101,1.0
2102,1.0
2103,1.0
2104,0.9996410012245178
2105,1.0
2106,0.9997857213020325
2107,0.9995870590209961
2108,1.0
2109,1.0
2110,0.9994382262229919
2111,1.0
2112,0.999589204788208
2113,0.9998950958251953
2114,1.0
2115,0.9997926950454712
2116,1.0
2117,1.0
2118,0.9995869398117065
2119,1.0
2120,0.999342679977417
2121,1.0
2122,1.0
2123,0.9995740652084351
2124,1.0
2125,0.9997609257698059
2126,1.0
2127,1.0
2128,0.9997599720954895
2129,1.0
2130,0.9997702240943909
2131,1.0
2132,0.9998827576637268
2133,0.9995251893997192
2134,1.0
2135,0.9994532465934753
2136,1.0
2137,0.9997296333312988
2138,1.0
2139,1.0
2140,1.0
2141,1.0
2142,1.0
2143,0.9992167949676514
2144,1.0
2145,1.0
2146,1.0
2147,1.0
2148,1.0
2149,1.0
2150,1.0
2151,0.9998762607574463
2152,0.9997584819793701
2153,1.0
2154,0.9997472763061523
2155,1.0
2156,0.9996433854103088
2157,1.0
2158,1.0
2159,0.999783456325531
2160,1.0
2161,0.9998891949653625
2162,0.9998849034309387
2163,0.9998835325241089
2164,1.0
2165,1.0
2166,0.9998847246170044
2167,1.0
2168,1.0
2169,0.9997789859771729
2170,1.0
2171,1.0
2172,0.9996790885925293
2173,1.0
2174,0.9992738366127014
2175,1.0
2176,1.0
2177,0.9998905062675476
2178,0.9997764229774475
2179,0.9997721910476685
2180,1.0
2181,1.0
2182,0.9998824596405029
2183,0.9996442794799805
2184,0.9996341466903687
2185,1.0
2186,1.0
2187,0.999633252620697
2188,1.0
2189,0.9996477961540222
2190,1.0
2191,0.9998812079429626
2192,1.0
2193,1.0
2194,1.0
2195,0.9998819231987
2196,0.9996667504310608
2197,1.0
2198,0.999704122543335
2199,1.0
2200,0.999897837638855
2201,1.0
2202,0.9998054504394531
2203,1.0
2204,0.9994184374809265
2205,1.0
2206,0.9998142123222351
2207,1.0
2208,1.0
2209,0.999298095703125
2210,1.0
2211,0.9995899796485901
2212,1.0
2213,1.0
2214,1.0
2215,1.0
2216,1.0
2217,0.9998818635940552
2218,1.0
2219,0.9997768402099609
2220,0.9996709227561951
2221,1.0
2222,0.999774694442749
2223,0.9996311068534851
2224,0.9996262788772583
2225,1.0
2226,1.0
2227,0.9997389912605286
2228,1.0
2229,1.0
2230,1.0
2231,0.99971604347229
2232,0.9997130036354065
2233,1.0
2234,1.0
2235,0.9996064305305481
2236,1.0
2237,1.0
2238,0.9998646974563599
2239,0.9994792938232422
2240,1.0
2241,1.0
2242,1.0
2243,0.9994272589683533
2244,1.0
2245,1.0
2246,1.0
2247,0.9998709559440613
2248,1.0
2249,0.9998783469200134
2250,0.9997478723526001
2251,1.0
2252,1.0
2253,0.9998665452003479
2254,1.0
2255,1.0
2256,0.9990799427032471
2257,1.0
2258,1.0
2259,1.0
2260,0.9997513890266418
2261,1.0
2262,1.0
2263,0.9995158910751343
2264,1.0
2265,0.9995152950286865
2266,1.0
2267,0.9992218017578125
2268,1.0
2269,0.9997329711914062
2270,0.9996234178543091
2271,1.0
2272,1.0
2273,0.999890923500061
2274,0.9998887777328491
2275,0.9998916387557983
2276,1.0
2277,1.0
2278,0.9997808933258057
2279,0.9997851252555847
2280,1.0
2281,1.0
2282,0.999487042427063
2283,1.0
2284,1.0
2285,0.9994397163391113
2286,1.0
2287,1.0
2288,0.9389568567276001
2289,1.0
2290,0.9992969036102295
2291,1.0
2292,1.0
2293,1.0
2294,0.9996397495269775
2295,1.0
2296,0.999544084072113
2297,1.0
2298,0.9998767375946045
2299,1.0
2300,0.9997636675834656
2301,1.0
2302,0.9992272853851318
2303,1.0
2304,1.0
2305,0.9997503161430359
2306,1.0
2307,1.0
2308,1.0
2309,0.9997236728668213
2310,1.0
2311,0.9998528957366943
2312,0.9997228980064392
2313,1.0
2314,0.9998593926429749
2315,1.0
2316,1.0
2317,0.9997405409812927
2318,0.9995243549346924
2319,0.9998611807823181
2320,1.0
2321,0.9996023774147034
2322,1.0
2323,1.0
2324,0.9998772144317627
2325,1.0
2326,1.0
2327,1.0
2328,0.9994173645973206
2329,1.0
2330,1.0
2331,0.9994802474975586
2332,1.0
2333,1.0
2334,1.0
2335,1.0
2336,0.999548077583313
2337,1.0
2338,0.999739408493042
2339,1.0
2340,1.0
2341,1.0
2342,0.9991101026535034
2343,1.0
2344,0.9998733997344971
2345,0.9998692870140076
2346,1.0
2347,1.0
2348,1.0
2349,0.9996991157531738
2350,1.0
2351,0.9997532963752747
2352,1.0
2353,1.0
2354,0.9994560480117798
2355,1.0
2356,1.0
2357,0.9998885989189148
2358,1.0
2359,0.9996702075004578
2360,1.0
2361,1.0
2362,0.9998036026954651
2363,1.0
2364,1.0
2365,1.0
2366,0.9998095035552979
2367,0.9997103214263916
2368,1.0
2369,0.9996328353881836
2370,1.0
2371,1.0
2372,1.0
2373,0.9997687935829163
2374,1.0
2375,1.0
2376,0.9995388984680176
2377,1.0
2378,0.9996063113212585
2379,1.0
2380,1.0
2381,0.9997509121894836
2382,0.9993855357170105
2383,1.0
2384,0.9995683431625366
2385,1.0
2386,0.999901294708252
2387,1.0
2388,0.9999015927314758
2389,0.9997133612632751
2390,0.9997139573097229
2391,0.9999064207077026
2392,1.0
2393,1.0
2394,0.9999072551727295
2395,1.0
2396,1.0
2397,0.999825119972229
2398,1.0
2399,1.0
2400,1.0
2401,0.9997134208679199
2402,0.9998012781143188
2403,1.0
2404,1.0
2405,0.9996180534362793
2406,1.0
2407,1.0
2408,0.9995810389518738
2409,1.0
2410,1.0
2411,0.999713659286499
2412,1.0
2413,0.9998457431793213
2414,1.0
2415,1.0
2416,1.0
2417,0.9998602271080017
2418,0.999734103679657
2419,1.0
2420,0.9998769164085388
2421,0.9996271133422852
2422,1.0
2423,1.0
2424,1.0
2425,0.9996997117996216
2426,1.0
2427,1.0
2428,0.9998947978019714
2429,0.9997882843017578
2430,0.9998913407325745
2431,0.9993415474891663
2432,1.0
2433,0.9998886585235596
2434,1.0
2435,0.9997605085372925
2436,1.0
2437,0.9998772740364075
2438,0.9998778104782104
2439,1.0
2440,0.9998771548271179
2441,0.9998779296875
2442,1.0
2443,0.9992040395736694
2444,1.0
2445,1.0
2446,0.999504029750824
2447,1.0
2448,0.9997284412384033
2449,0.9997231364250183
2450,1.0
2451,0.9997320175170898
2452,1.0
2453,1.0
2454,0.9996387958526611
2455,1.0
2456,1.0
2457,0.9997988939285278
2458,0.9996958374977112
2459,1.0
2460,1.0
2461,0.9998993277549744
2462,0.9997936487197876
2463,1.0
2464,1.0
2465,0.9996726512908936
2466,0.9996607303619385
2467,1.0
2468,1.0
2469,1.0
2470,0.9996430277824402
2471,1.0
2472,0.9998701214790344
2473,1.0
2474,0.9997147917747498
2475,0.9998561143875122
2476,1.0
2477,0.9991312026977539
2478,1.0
2479,1.0
2480,0.9998779892921448
2481,0.9997513294219971
2482,1.0
2483,0.9997576475143433
2484,1.0
2485,1.0
2486,0.9995532631874084
2487,1.0
2488,0.9996657967567444
2489,0.9998899698257446
2490,1.0
2491,1.0
2492,1.0
2493,0.9998990893363953
2494,0.9995562434196472
2495,1.0
2496,1.0
2497,0.9998756051063538
2498,1.0
2499,0.9998818039894104
2500,0.9998844265937805
2501,1.0
2502,0.9997596740722656
2503,1.0
2504,0.9994847774505615
2505,1.0
2506,1.0
2507,0.9996001124382019
2508,0.9998472929000854
2509,1.0
2510,1.0
2511,1.0
2512,1.0
2513,0.9995861053466797
2514,0.9998659491539001
2515,1.0
2516,1.0
2517,0.9997516870498657
2518,0.9997541904449463
2519,1.0
2520,0.999492347240448
2521,0.9998801946640015
2522,1.0
2523,0.999686598777771
2524,0.9998950958251953
2525,0.9998963475227356
2526,1.0
2527,1.0
2528,0.9995970726013184
2529,1.0
2530,0.9996157884597778
2531,1.0
2532,1.0
2533,0.9993728995323181
2534,1.0
2535,0.9994625449180603
2536,1.0
2537,0.9996606111526489
2538,0.9997851252555847
2539,0.9997864961624146
2540,1.0
2541,1.0
2542,1.0
2543,1.0
2544,0.9995027184486389
2545,1.0
2546,1.0
2547,1.0
2548,0.9997681975364685
2549,1.0
2550,1.0
2551,0.9994232058525085
2552,0.999891459941864
2553,1.0
2554,1.0
2555,1.0
2556,1.0
2557,0.9992253184318542
2558,1.0
2559,1.0
2560,1.0
2561,0.9997909665107727
2562,1.0
2563,0.9995763897895813
2564,1.0
2565,1.0
2566,0.999763548374176
2567,0.9996230006217957
2568,1.0
2569,0.999718964099884
2570,0.9995962977409363
2571,1.0
2572,1.0
2573,1.0
2574,0.999858021736145
2575,1.0
2576,1.0
2577,1.0
2578,0.9997283220291138
2579,1.0
2580,1.0
2581,0.9998680949211121
2582,1.0
2583,1.0
2584,0.9998642802238464
2585,1.0
2586,1.0
2587,0.9998806715011597
2588,1.0
2589,1.0
2590,1.0
2591,1.0
2592,0.9997603297233582
2593,1.0
2594,0.9998815655708313
2595,1.0
2596,1.0
2597,0.999882698059082
2598,1.0
2599,0.9998785257339478
2600,1.0
2601,1.0
2602,1.0
2603,0.9997556805610657
2604,1.0
2605,1.0
2606,1.0
2607,1.0
2608,1.0
2609,0.9998877644538879
2610,0.9997828006744385
2611,1.0
2612,0.9995409250259399
2613,1.0
2614,1.0
2615,0.999891459941864
2616,0.9990763068199158
2617,1.0
2618,1.0
2619,0.9998725652694702
2620,0.9992161989212036
2621,1.0
2622,0.9998704791069031
2623,0.9997316598892212
2624,1.0
2625,0.9998733997344971
2626,1.0
2627,1.0
2628,1.0
2629,0.9997860789299011
2630,1.0
2631,0.9996806383132935
2632,1.0
2633,1.0
2634,1.0
2635,0.9997856616973877
2636,1.0
2637,0.9995720982551575
2638,1.0
2639,0.9996605515480042
2640,0.9996488094329834
2641,1.0
2642,1.0
2643,1.0
2644,0.9998849630355835
2645,1.0
2646,1.0
2647,0.9997511506080627
2648,1.0
2649,0.9998682141304016
2650,0.999755322933197
2651,1.0
2652,1.0
2653,0.9998705983161926
2654,1.0
2655,0.9998897910118103
2656,1.0
2657,0.9996930956840515
2658,1.0
2659,1.0
2660,0.9993084073066711
2661,1.0
2662,1.0
2663,0.9998024702072144
2664,1.0
2665,0.9999046921730042
2666,1.0
2667,0.9999029636383057
2668,0.9996132254600525
2669,0.9999057650566101
2670,1.0
2671,1.0
2672,0.9997093081474304
2673,1.0
2674,0.9994019269943237
2675,1.0
2676,1.0
2677,1.0
2678,0.9998798370361328
2679,1.0
2680,1.0
2681,0.9995530247688293
2682,1.0
2683,0.9995635151863098
2684,0.9998627305030823
2685,1.0
2686,1.0
2687,0.9998674392700195
2688,0.9995843172073364
2689,1.0
2690,0.9997233152389526
2691,1.0
2692,1.0
2693,1.0
2694,0.9997818470001221
2695,1.0
2696,0.9997745752334595
2697,1.0
2698,0.9994378089904785
2699,1.0
2700,1.0
2701,1.0
2702,1.0
2703,0.9997645616531372
2704,0.9998893737792969
2705,1.0
2706,0.9993658065795898
2707,1.0
2708,0.9994745850563049
2709,0.9995410442352295
2710,1.0
2711,1.0
2712,0.9998685121536255
2713,1.0
2714,1.0
2715,0.9995065331459045
2716,1.0
2717,0.9996338486671448
2718,1.0
2719,1.0
2720,0.9998751282691956
2721,1.0
2722,1.0
2723,0.9994061589241028
2724,1.0
2725,1.0
2726,1.0
2727,0.9998830556869507
2728,0.9998847842216492
2729,1.0
2730,0.9996640086174011
2731,1.0
2732,1.0
2733,1.0
2734,0.999664306640625
2735,1.0
2736,0.9996724128723145
2737,1.0
2738,1.0
2739,1.0
2740,0.9993618130683899
2741,1.0
2742,1.0
2743,0.9998611211776733
2744,0.9997178912162781
2745,1.0
2746,0.9992604851722717
2747,1.0
2748,0.9997090101242065
2749,1.0
2750,1.0
2751,0.9998651742935181
2752,0.9998689293861389
2753,1.0
2754,0.9998797178268433
2755,0.9995359778404236
2756,1.0
2757,0.9997887015342712
2758,1.0
2759,1.0
2760,0.9992656111717224
2761,1.0
2762,1.0
2763,0.9997944831848145
2764,1.0
2765,1.0
2766,0.9997702836990356
2767,1.0
2768,1.0
2769,0.9993648529052734
2770,1.0
2771,1.0
2772,0.9994786977767944
2773,0.999639093875885
2774,1.0
2775,0.999877393245697
2776,0.9995304346084595
2777,1.0
2778,1.0
2779,0.9997780323028564
2780,1.0
2781,1.0
2782,0.9991048574447632
2783,1.0
2784,0.9998770356178284
2785,1.0
2786,0.9995175004005432
2787,1.0
2788,0.9998804330825806
2789,0.9995383620262146
2790,0.9998831748962402
2791,1.0
2792,1.0
2793,0.9996710419654846
2794,1.0
2795,1.0
2796,0.9997615218162537
2797,0.9994339942932129
2798,1.0
2799,1.0
2800,1.0
2801,0.9998745322227478
2802,0.9998717904090881
2803,0.9997286200523376
2804,0.9998746514320374
2805,0.9996373057365417
2806,1.0
2807,1.0
2808,1.0
2809,1.0
2810,0.9997618794441223
2811,1.0
2812,1.0
2813,0.9997826218605042
2814,0.9995757937431335
2815,1.0
2816,1.0
2817,1.0
2818,0.9993464946746826
2819,1.0
2820,1.0
2821,1.0
2822,0.9997876882553101
2823,1.0
2824,1.0
2825,0.9997643828392029
2826,1.0
2827,0.9997607469558716
2828,0.9998807311058044
2829,0.9998878836631775
2830,1.0
2831,1.0
2832,0.9993734955787659
2833,1.0
2834,0.9997534155845642
2835,1.0
2836,1.0
2837,0.9993531107902527
2838,1.0
2839,1.0
2840,1.0
2841,0.9993648529052734
2842,1.0
2843,1.0
2844,0.9993148446083069
2845,0.9996607899665833
2846,1.0
2847,1.0
2848,0.9995056986808777
2849,1.0
2850,1.0
2851,0.9997666478157043
2852,1.0
2853,1.0
2854,1.0
2855,0.9998834729194641
2856,1.0
2857,0.9991685748100281
2858,1.0
2859,1.0
2860,0.999491274356842
2861,1.0
2862,0.9994998574256897
2863,1.0
2864,1.0
2865,0.9991617798805237
2866,1.0
2867,0.9997245669364929
2868,1.0
2869,1.0
2870,0.9989887475967407
2871,1.0
2872,0.9998671412467957
2873,0.9998524785041809
2874,0.999464213848114
2875,1.0
2876,0.9998698830604553
2877,1.0
2878,1.0
2879,0.9998732209205627
2880,1.0
2881,1.0
2882,0.9996418952941895
2883,0.9998846650123596
2884,0.9997749328613281
2885,1.0
2886,0.9990841150283813
2887,1.0
2888,1.0
2889,1.0
2890,0.9997559785842896
2891,1.0
2892,1.0
2893,1.0
2894,1.0
2895,1.0
2896,0.9994804263114929
2897,1.0
2898,1.0
2899,0.9997237324714661
2900,1.0
2901,1.0
2902,1.0
2903,1.0
2904,1.0
2905,0.9998554587364197
2906,0.9995757341384888
2907,1.0
2908,1.0
2909,1.0
2910,0.9998701214790344
2911,1.0
2912,0.9994052648544312
2913,1.0
2914,0.9998705983161926
2915,1.0
2916,1.0
2917,1.0
2918,0.9998759627342224
2919,0.9997574090957642
2920,0.9998717904090881
2921,1.0
2922,0.9998663067817688
2923,0.9990204572677612
2924,1.0
2925,0.9997548460960388
2926,1.0
2927,0.9998754262924194
2928,1.0
2929,0.9998774528503418
2930,1.0
2931,1.0
2932,0.9995132684707642
2933,1.0
2934,0.9993814826011658
2935,1.0
2936,1.0
2937,1.0
2938,0.9998842477798462
2939,1.0
2940,0.9997717142105103
2941,1.0
2942,1.0
2943,1.0
2944,1.0
2945,0.9998950958251953
2946,1.0
2947,0.9997993111610413
2948,1.0
2949,0.9998021125793457
2950,0.999796986579895
2951,1.0
2952,0.9994733929634094
2953,1.0
2954,0.9997661113739014
2955,1.0
2956,1.0
2957,1.0
2958,0.9994898438453674
2959,0.9998906850814819
2960,1.0
2961,1.0
2962,0.9997778534889221
2963,0.9997760653495789
2964,1.0
2965,0.9995501637458801
2966,1.0
2967,0.9998965859413147
2968,1.0
2969,1.0
2970,1.0
2971,0.9995540976524353
2972,0.9998906254768372
2973,1.0
2974,1.0
2975,0.9995765686035156
2976,0.9998867511749268
2977,1.0
2978,0.9998847246170044
2979,1.0
2980,0.9997501373291016
2981,1.0
2982,0.9998825788497925
2983,0.9998779296875
2984,1.0
2985,0.9991677403450012
2986,1.0
2987,1.0
2988,1.0
2989,0.9997936487197876
2990,1.0
2991,0.9996656775474548
2992,0.9998835325241089
2993,1.0
2994,1.0
2995,1.0
2996,0.9997661709785461
2997,1.0
2998,0.9995536804199219
2999,1.0
3000,0.9998945593833923
3001,1.0
3002,0.9998992085456848
3003,0.9995205402374268
3004,1.0
3005,0.9998041987419128
3006,0.9997985363006592
3007,1.0
3008,1.0
3009,1.0
3010,0.9996241927146912
3011,1.0
3012,1.0
3013,0.9995670318603516
3014,1.0
3015,1.0
3016,1.0
3017,0.9994656443595886
3018,1.0
3019,1.0
3020,1.0
3021,0.9995041489601135
3022,1.0
3023,0.9994968771934509
3024,1.0
3025,0.9995219111442566
3026,1.0
3027,0.9998646974563599
3028,1.0
3029,1.0
3030,1.0
3031,0.9997271299362183
3032,1.0
3033,0.9997310638427734
3034,0.9998711943626404
3035,0.9997513890266418
3036,1.0
3037,0.9996616840362549
3038,1.0
3039,0.9996339678764343
3040,0.9998779892921448
3041,1.0
3042,1.0
3043,1.0
3044,0.9997739195823669
3045,0.9996579885482788
3046,1.0
3047,0.999780535697937
3048,0.9998883605003357
3049,1.0
3050,0.9996272325515747
3051,1.0
3052,0.9997813105583191
3053,1.0
3054,0.9994550943374634
3055,1.0
3056,0.9997802376747131
3057,0.9997604489326477
3058,1.0
3059,1.0
3060,0.9997459053993225
3061,1.0
3062,0.9998733401298523
3063,1.0
3064,0.9997432827949524
3065,0.9998677372932434
3066,0.9997715353965759
3067,1.0
3068,1.0
3069,0.9997625350952148
3070,1.0
3071,1.0
3072,1.0
3073,1.0
3074,0.9996465444564819
3075,0.9995460510253906
3076,1.0
3077,0.9998716115951538
3078,0.9998790621757507
3079,1.0
3080,0.9997145533561707
3081,0.9995485544204712
3082,1.0
3083,0.9998514652252197
3084,1.0
3085,1.0
3086,0.9998779296875
3087,0.9992850422859192
3088,1.0
3089,1.0
3090,0.9994134306907654
3091,1.0
3092,1.0
3093,0.9998831748962402
3094,0.9995238780975342
3095,1.0
3096,1.0
3097,0.9998918771743774
3098,1.0
3099,0.9996923804283142
3100,0.9998992681503296
3101,1.0
3102,1.0
3103,0.9998924136161804
3104,1.0
3105,0.9995439648628235
3106,1.0
3107,0.9998807311058044
3108,0.9996553659439087
3109,1.0
3110,1.0
3111,0.9997736811637878
3112,1.0
3113,0.9997661709785461
3114,0.999876856803894
3115,1.0
3116,0.9998775124549866
3117,1.0
3118,1.0
3119,1.0
3120,0.9996651411056519
3121,0.9997743964195251
3122,1.0
3123,1.0
3124,1.0
3125,0.9997960329055786
3126,1.0
3127,0.9995607733726501
3128,1.0
3129,1.0
3130,1.0
3131,0.9996786117553711
3132,1.0
3133,1.0
3134,0.9995554089546204
3135,0.9998838901519775
3136,1.0
3137,0.9998732209205627
3138,1.0
3139,0.9993420839309692
3140,1.0
3141,0.9997218251228333
3142,0.9997202157974243
3143,1.0
3144,0.9993912577629089
3145,1.0
3146,0.9998624920845032
3147,0.999724805355072
3148,1.0
3149,0.9998666048049927
3150,0.9997214078903198
3151,1.0
3152,0.9998775720596313
3153,0.9994916319847107
3154,1.0
3155,0.999558687210083
3156,0.9995628595352173
3157,1.0
3158,0.999884843826294
3159,1.0
3160,0.9998933672904968
3161,1.0
3162,1.0
3163,1.0
3164,1.0
3165,0.9998852014541626
3166,0.9994221925735474
3167,1.0
3168,1.0
3169,1.0
3170,1.0
3171,0.9997923970222473
3172,1.0
3173,1.0
3174,0.9992889165878296
3175,1.0
3176,1.0
3177,1.0
3178,1.0
3179,0.9994484782218933
3180,1.0
3181,1.0
3182,0.9997425675392151
3183,1.0
3184,1.0
3185,1.0
3186,1.0
3187,0.9998492002487183
3188,1.0
3189,0.999410092830658
3190,1.0
3191,1.0
3192,0.9994446635246277
3193,1.0
3194,0.9994836449623108
3195,1.0
3196,0.9997605085372925
3197,1.0
3198,1.0
3199,0.9998789429664612
3200,1.0
3201,0.9997602105140686
3202,0.9998840689659119
3203,1.0
3204,1.0
3205,1.0
3206,0.999442994594574
3207,0.9998726844787598
3208,1.0
3209,1.0
3210,1.0
3211,0.9995495676994324
3212,1.0
3213,1.0
3214,0.9994052052497864
3215,1.0
3216,1.0
3217,0.9997028708457947
3218,1.0
3219,0.999390721321106
3220,1.0
3221,0.999866783618927
3222,0.9994603395462036
3223,1.0
3224,1.0
3225,1.0
3226,0.9995296597480774
3227,0.9997667074203491
3228,0.9994168877601624
3229,1.0
3230,1.0
3231,1.0
3232,0.9996530413627625
3233,1.0
3234,0.9994863867759705
3235,1.0
3236,0.9998975992202759
3237,0.9997091293334961
3238,1.0
3239,0.9998026490211487
3240,1.0
3241,1.0
3242,1.0
3243,1.0
3244,0.9998825192451477
3245,1.0
3246,0.9997740983963013
3247,1.0
3248,1.0
3249,1.0
3250,1.0
3251,0.9990967512130737
3252,1.0
3253,1.0
3254,0.9992263317108154
3255,1.0
3256,0.9998680949211121
3257,1.0
3258,1.0
3259,1.0
3260,0.9997297525405884
3261,1.0
3262,0.9996554255485535
3263,1.0
3264,1.0
3265,1.0
3266,0.9997624158859253
3267,0.999882698059082
3268,1.0
3269,1.0
3270,0.9996345639228821
3271,0.9995443820953369
3272,1.0
3273,0.9998924136161804
3274,0.9996744990348816
3275,0.9998877048492432
3276,1.0
3277,0.9996678233146667
3278,1.0
3279,1.0
3280,1.0
3281,1.0
3282,0.9998912215232849
3283,1.0
3284,1.0
3285,0.9997898936271667
3286,1.0
3287,1.0
3288,0.9998975396156311
3289,1.0
3290,1.0
3291,0.9997698664665222
3292,0.9998892545700073
3293,1.0
3294,1.0
3295,0.9998894333839417
3296,1.0
3297,0.9996557831764221
3298,1.0
3299,0.9995301365852356
3300,1.0
3301,1.0
3302,0.9994298815727234
3303,1.0
3304,1.0
3305,0.9992133378982544
3306,1.0
3307,0.9997060298919678
3308,0.9998382925987244
3309,1.0
3310,0.9997150301933289
3311,1.0
3312,1.0
3313,0.9992539286613464
3314,1.0
3315,0.9998688697814941
3316,1.0
3317,1.0
3318,1.0
3319,0.999759316444397
3320,1.0
3321,1.0
3322,0.9998929500579834
3323,1.0
3324,0.9997088313102722
3325,0.999698281288147
3326,1.0
3327,0.9995854496955872
3328,1.0
3329,0.9995432496070862
3330,1.0
3331,1.0
3332,0.9998947381973267
3333,0.9998922944068909
3334,1.0
3335,0.999439537525177
3336,1.0
3337,0.9996301531791687
3338,1.0
3339,0.9998623728752136
3340,1.0
3341,0.9995949864387512
3342,1.0
3343,0.9998579025268555
3344,1.0
3345,1.0
3346,0.9994292259216309
3347,1.0
3348,1.0
3349,0.9996218085289001
3350,1.0
3351,0.9996247887611389
3352,1.0
3353,1.0
3354,0.9998853206634521
3355,1.0
3356,1.0
3357,0.9998952746391296
3358,1.0
3359,0.9996768832206726
3360,1.0
3361,1.0
3362,0.9998903870582581
3363,1.0
3364,0.9998820424079895
3365,1.0
3366,0.9998881220817566
3367,0.9997719526290894
3368,1.0
3369,1.0
3370,0.999718427658081
3371,1.0
3372,0.9994503855705261
3373,1.0
3374,1.0
3375,0.9996276497840881
3376,1.0
3377,1.0
3378,1.0
3379,0.9996452927589417
3380,1.0
3381,0.9997714161872864
3382,0.9998872876167297
3383,1.0
3384,1.0
3385,1.0
3386,0.9994775056838989
3387,1.0
3388,1.0
3389,1.0
3390,0.9995506405830383
3391,1.0
3392,0.999580442905426
3393,1.0
3394,1.0
3395,0.9999037384986877
3396,1.0
3397,1.0
3398,1.0
3399,1.0
3400,0.9995361566543579
3401,0.9997653365135193
3402,1.0
3403,0.9998844265937805
3404,1.0
3405,1.0
3406,0.9990943074226379
3407,1.0
3408,1.0
3409,1.0
3410,0.9997501969337463
3411,1.0
3412,1.0
3413,0.9996468424797058
3414,1.0
3415,1.0
3416,1.0
3417,0.9998906254768372
3418,0.9998873472213745
3419,0.9995635151863098
3420,1.0
3421,1.0
3422,1.0
3423,0.9998850226402283
3424,0.9996926188468933
3425,1.0
3426,0.9994882941246033
3427,1.0
3428,1.0
3429,1.0
3430,1.0
3431,0.9996384382247925
3432,1.0
3433,1.0
3434,0.9997681379318237
3435,1.0
3436,1.0
3437,0.9995141625404358
3438,1.0
3439,0.9996238946914673
3440,1.0
3441,1.0
3442,0.9996482729911804
3443,1.0
3444,0.9996010661125183
3445,1.0
3446,0.9996552467346191
3447,1.0
3448,0.9997870326042175
3449,1.0
3450,1.0
3451,0.9997009634971619
3452,0.99969881772995
3453,1.0
3454,0.9999023079872131
3455,0.9998001456260681
3456,0.9998084306716919
3457,1.0
3458,1.0
3459,0.9998111724853516
3460,0.999689519405365
3461,1.0
3462,1.0
3463,1.0
3464,0.9998787641525269
3465,0.9997435808181763
3466,1.0
3467,0.9995838403701782
3468,1.0
3469,0.9996891021728516
3470,1.0
3471,1.0
3472,1.0
3473,0.9997268319129944
3474,1.0
3475,0.999745786190033
3476,1.0
3477,0.9996093511581421
3478,1.0
3479,1.0
3480,1.0
3481,0.9997870922088623
3482,1.0
3483,0.9996760487556458
3484,1.0
3485,0.9998824000358582
3486,1.0
3487,0.9996151328086853
3488,1.0
3489,1.0
3490,0.9998881816864014
3491,1.0
3492,0.9997982978820801
3493,0.9998963475227356
3494,1.0
3495,0.999899685382843
3496,0.9995522499084473
3497,1.0
3498,1.0
3499,1.0
3500,0.9997522830963135
3501,1.0
3502,0.9995239973068237
3503,1.0
3504,1.0
3505,0.9992706775665283
3506,1.0
3507,0.9993937015533447
3508,1.0
3509,1.0
3510,0.9997554421424866
3511,0.9997571110725403
3512,1.0
3513,0.9998836517333984
3514,1.0
3515,0.999647319316864
3516,1.0
3517,1.0
3518,0.9994012117385864
3519,0.9997731447219849
3520,0.9997498989105225
3521,1.0
3522,1.0
3523,0.9993964433670044
3524,1.0
3525,0.9998785853385925
3526,0.9997221231460571
3527,0.9998648762702942
3528,1.0
3529,0.9997235536575317
3530,1.0
3531,1.0
3532,0.9998511672019958
3533,0.9997130632400513
3534,1.0
3535,1.0
3536,0.9994520545005798
3537,1.0
3538,0.9996507167816162
3539,1.0
3540,1.0
3541,0.9997706413269043
3542,0.9997702836990356
3543,1.0
3544,1.0
3545,1.0
3546,1.0
3547,0.9998853206634521
3548,0.9997699856758118
3549,0.9998775720596313
3550,1.0
3551,1.0
3552,0.9998648166656494
3553,1.0
3554,1.0
3555,0.9997384548187256
3556,1.0
3557,1.0
3558,0.9997496604919434
3559,1.0
3560,0.9993255138397217
3561,1.0
3562,0.9995918869972229
3563,1.0
3564,1.0
3565,0.9998911023139954
3566,1.0
3567,1.0
3568,0.9996683597564697
3569,1.0
3570,0.9998937249183655
3571,1.0
3572,0.9995419383049011
3573,1.0
3574,0.9996653199195862
3575,1.0
3576,1.0
3577,1.0
3578,0.9999018907546997
3579,1.0
3580,1.0
3581,1.0
3582,1.0
3583,1.0
3584,1.0
3585,0.9996700882911682
3586,0.9997749924659729
3587,1.0
3588,0.9998859167098999
3589,1.0
3590,1.0
3591,0.9996722936630249
3592,1.0
3593,1.0
3594,0.999540388584137
3595,0.9998855590820312
3596,1.0
3597,0.9997720122337341
3598,1.0
3599,0.9993090033531189
3600,1.0
3601,1.0
3602,0.9996458292007446
3603,1.0
3604,0.999671995639801
3605,1.0
3606,1.0
3607,0.9996905326843262
3608,1.0
3609,0.9994073510169983
3610,0.9996907711029053
3611,1.0
3612,0.9996841549873352
3613,1.0
3614,0.9999001026153564
3615,0.9997938275337219
3616,1.0
3617,1.0
3618,0.9994078874588013
3619,1.0
3620,1.0
3621,0.999656617641449
3622,1.0
3623,0.9993782043457031
3624,1.0
3625,0.9990279674530029
3626,1.0
3627,1.0
3628,1.0
3629,0.9998756647109985
3630,1.0
3631,0.999861478805542
3632,1.0
3633,0.9998921751976013
3634,0.999641478061676
3635,1.0
3636,0.9996162056922913
3637,1.0
3638,0.9998766779899597
3639,0.9997701644897461
3640,0.9997898936271667
3641,1.0
3642,1.0
3643,0.9997860789299011
3644,1.0
3645,1.0
3646,0.9995272755622864
3647,1.0
3648,0.9998752474784851
3649,1.0
3650,0.999893307685852
3651,0.9996529221534729
3652,1.0
3653,0.9998778104782104
3654,0.999872624874115
3655,1.0
3656,0.9997587203979492
3657,1.0
3658,1.0
3659,1.0
3660,0.9997497797012329
3661,1.0
3662,0.9998807311058044
3663,0.9998778104782104
3664,1.0
3665,0.9998766183853149
3666,1.0
3667,0.9997307062149048
3668,0.9998509287834167
3669,1.0
3670,0.9995887875556946
3671,0.9998686909675598
3672,1.0
3673,1.0
3674,1.0
3675,1.0
3676,0.9994224309921265
3677,1.0
3678,1.0
3679,1.0
3680,0.9996440410614014
3681,1.0
3682,0.9991044402122498
3683,1.0
3684,0.9993688464164734
3685,1.0
3686,1.0
3687,1.0
3688,1.0
3689,1.0
3690,1.0
3691,0.9993912577629089
3692,1.0
3693,0.9996559619903564
3694,1.0
3695,1.0
3696,1.0
3697,1.0
3698,1.0
3699,0.9998749494552612
3700,1.0
3701,0.9996715784072876
3702,1.0
3703,0.9994112253189087
3704,1.0
3705,0.9998967051506042
3706,0.9998867511749268
3707,0.999650239944458
3708,1.0
3709,1.0
3710,1.0
3711,1.0
3712,0.9997470378875732
3713,0.9992492198944092
3714,1.0
3715,0.999743640422821
3716,1.0
3717,0.9996484518051147
3718,1.0
3719,1.0
3720,0.9997692108154297
3721,1.0
3722,0.9998925924301147
3723,0.9994475245475769
3724,1.0
3725,1.0
3726,0.9999014735221863
3727,0.9995214939117432
3728,1.0
3729,1.0
3730,0.999811053276062
3731,0.999911904335022
3732,1.0
3733,0.9997187256813049
3734,1.0
3735,1.0
3736,1.0
3737,1.0
3738,1.0
3739,0.9992966055870056
3740,1.0
3741,0.9998696446418762
3742,1.0
3743,1.0
3744,1.0
3745,1.0
3746,0.99942547082901
3747,1.0
3748,0.9998582601547241
3749,1.0
3750,0.9997482895851135
3751,0.9997494220733643
3752,1.0
3753,0.9994202256202698
3754,1.0
3755,0.9997819066047668
3756,1.0
3757,1.0
3758,1.0
3759,0.9998059272766113
3760,0.9998042583465576
3761,0.9995052218437195
3762,1.0
3763,1.0
3764,0.9998093247413635
3765,1.0
3766,0.9995071291923523
3767,1.0
3768,0.9997808933258057
3769,0.999649167060852
3770,1.0
3771,1.0
3772,1.0
3773,1.0
3774,1.0
3775,1.0
3776,0.9993552565574646
3777,1.0
3778,0.9998693466186523
3779,0.9996194243431091
3780,1.0
3781,1.0
3782,1.0
3783,0.9995791912078857
3784,1.0
3785,1.0
3786,1.0
3787,0.9991250038146973
3788,1.0
3789,1.0
3790,0.9996530413627625
3791,0.9997643828392029
3792,1.0
3793,0.9997709393501282
3794,1.0
3795,1.0
3796,1.0
3797,0.9991849064826965
3798,1.0
3799,1.0
3800,0.9997818470001221
3801,1.0
3802,1.0
3803,1.0
3804,0.9998716711997986
3805,1.0
3806,0.999629020690918
3807,0.9998675584793091
3808,0.9997460842132568
3809,1.0
3810,1.0
3811,0.9994433522224426
3812,1.0
3813,0.9998543858528137
3814,0.999709963798523
3815,1.0
3816,1.0
3817,0.9991452693939209
3818,1.0
3819,1.0
3820,1.0
3821,0.9994981288909912
3822,1.0
3823,1.0
3824,1.0
3825,0.9998776912689209
3826,0.999518871307373
3827,1.0
3828,0.9996254444122314
3829,0.9998798370361328
3830,1.0
3831,1.0
3832,0.9998839497566223
3833,1.0
3834,0.9998902678489685
3835,0.9997794032096863
3836,1.0
3837,1.0
3838,0.9994388818740845
3839,1.0
3840,1.0
3841,1.0
3842,0.9997602105140686
3843,1.0
3844,1.0
3845,1.0
3846,1.0
3847,1.0
3848,0.9995272159576416
3849,0.9998791813850403
3850,0.9998857378959656
3851,1.0
3852,0.9997457265853882
3853,0.9998773336410522
3854,0.9997673630714417
3855,1.0
3856,1.0
3857,0.99978107213974
3858,1.0
3859,1.0
3860,0.9994311928749084
3861,1.0
3862,0.9996779561042786
3863,1.0
3864,0.9998877644538879
3865,0.9995641112327576
3866,1.0
3867,0.9998909831047058
3868,1.0
3869,1.0
3870,1.0
3871,0.9997851252555847
3872,1.0
3873,1.0
3874,0.9993656277656555
3875,0.9996634721755981
3876,1.0
3877,1.0
3878,1.0
3879,0.9992992281913757
3880,1.0
3881,0.999615490436554
3882,1.0
3883,0.9995303153991699
3884,1.0
3885,0.9995355606079102
3886,0.9996633529663086
3887,1.0
3888,1.0
3889,0.9995261430740356
3890,1.0
3891,1.0
3892,0.9995861053466797
3893,1.0
3894,0.9995946884155273
3895,1.0
3896,0.9994909167289734
3897,1.0
3898,0.9997742772102356
3899,1.0
3900,0.999538004398346
3901,1.0
3902,1.0
3903,0.9998918175697327
3904,0.9997791647911072
3905,0.9998979568481445
3906,1.0
3907,0.9993028044700623
3908,1.0
3909,0.9996763467788696
3910,1.0
3911,1.0
3912,0.9998854398727417
3913,1.0
3914,0.9991760849952698
3915,1.0
3916,0.9998889565467834
3917,0.9997575879096985
3918,1.0
3919,1.0
3920,0.999493420124054
3921,0.9998672604560852
3922,1.0
3923,0.9994937777519226
3924,1.0
3925,0.9994340538978577
3926,0.9998844861984253
3927,1.0
3928,0.999643862247467
3929,1.0
3930,1.0
3931,0.9998862743377686
3932,0.9997681975364685
3933,0.9996623396873474
3934,1.0
3935,1.0
3936,1.0
3937,1.0
3938,1.0
3939,1.0
3940,1.0
3941,0.9996976852416992
3942,0.999587893486023
3943,1.0
3944,0.9997049570083618
3945,1.0
3946,1.0
3947,1.0
3948,0.9998342990875244
3949,0.9998252987861633
3950,0.9998358488082886
3951,1.0
3952,1.0
3953,0.9998589158058167
3954,1.0
3955,0.9998630285263062
3956,1.0
3957,0.9996480941772461
3958,0.9997780919075012
3959,1.0
3960,1.0
3961,1.0
3962,0.9998854994773865
3963,1.0
3964,1.0
3965,0.9996711611747742
3966,1.0
3967,1.0
3968,0.9998071789741516
3969,1.0
3970,0.999813973903656
3971,1.0
3972,1.0
3973,1.0
3974,1.0
3975,1.0
3976,0.9996265172958374
3977,1.0
3978,0.9997059106826782
3979,1.0
3980,1.0
3981,0.9998573660850525
3982,1.0
3983,0.999726414680481
3984,1.0
3985,0.9994733929634094
3986,1.0
3987,0.9997047185897827
3988,1.0
3989,0.9997361898422241
3990,1.0
3991,0.9997473955154419
3992,1.0
3993,0.9998870491981506
3994,1.0
3995,0.9997683167457581
3996,1.0
3997,0.9997678399085999
3998,1.0
3999,1.0
4000,0.9996777772903442
4001,0.9998946785926819
4002,0.9996852278709412
4003,1.0
4004,1.0
4005,1.0
4006,1.0
4007,1.0
4008,0.9995230436325073
4009,0.9998838901519775
4010,1.0
4011,0.9995324611663818
4012,0.9998892545700073
4013,1.0
4014,1.0
4015,0.9996429085731506
4016,1.0
4017,1.0
4018,0.999751091003418
4019,0.9995905160903931
4020,1.0
4021,0.999599277973175
4022,0.9996252059936523
4023,1.0
4024,1.0
4025,1.0
4026,0.9995373487472534
4027,1.0
4028,0.9992799162864685
4029,1.0
4030,1.0
4031,0.9999011754989624
4032,0.9997130036354065
4033,1.0
4034,0.999903678894043
4035,1.0
4036,1.0
4037,0.9996005892753601
4038,1.0
4039,1.0
4040,1.0
4041,0.9996421933174133
4042,1.0
4043,0.9998847246170044
4044,0.9996491074562073
4045,1.0
4046,1.0
4047,1.0
4048,0.9994894862174988
4049,1.0
4050,0.9995965361595154
4051,1.0
4052,1.0
4053,0.9993941783905029
4054,1.0
4055,1.0
4056,1.0
4057,0.9995907545089722
4058,0.9997127056121826
4059,1.0
4060,1.0
4061,1.0
4062,1.0
4063,0.9998080134391785
4064,1.0
4065,1.0
4066,0.9997953176498413
4067,1.0
4068,1.0
4069,0.999594509601593
4070,1.0
4071,1.0
4072,1.0
4073,1.0
4074,1.0
4075,0.9997158050537109
4076,1.0
4077,0.9998992681503296
4078,1.0
4079,0.9998908638954163
4080,1.0
4081,0.9998922944068909
4082,0.9998844861984253
4083,1.0
4084,0.9997543096542358
4085,1.0
4086,0.9995485544204712
4087,1.0
4088,0.9997438788414001
4089,1.0
4090,1.0
4091,1.0
4092,0.9994847178459167
4093,1.0
4094,0.9997794032096863
4095,1.0
4096,0.9995622038841248
4097,1.0
4098,0.9999023675918579
4099,1.0
4100,0.9997800588607788
4101,0.9998923540115356
4102,0.999359130859375
4103,1.0
4104,0.9994606375694275
4105,1.0
4106,1.0
4107,0.9992718696594238
4108,1.0
4109,0.9997673630714417
4110,1.0
4111,0.9996384382247925
4112,1.0
4113,1.0
4114,1.0
4115,0.9992609024047852
4116,1.0
4117,0.9998998045921326
4118,0.9996703267097473
4119,1.0
4120,1.0
4121,1.0
4122,1.0
4123,0.9997665882110596
4124,1.0
4125,0.9998841285705566
4126,1.0
4127,0.9994177222251892
4128,1.0
4129,1.0
4130,1.0
4131,0.9998887181282043
4132,0.9990361928939819
4133,1.0
4134,1.0
4135,1.0
4136,0.9996868371963501
4137,1.0
4138,1.0
4139,0.9997733235359192
4140,0.9998816847801208
4141,0.9996541142463684
4142,0.9995469450950623
4143,1.0
4144,0.9994374513626099
4145,1.0
4146,1.0
4147,0.9996501803398132
4148,1.0
4149,0.9995248317718506
4150,1.0
4151,1.0
4152,1.0
4153,1.0
4154,1.0
4155,0.9997472763061523
4156,1.0
4157,0.9995760321617126
4158,1.0
4159,1.0
4160,1.0
4161,0.9995755553245544
4162,1.0
4163,0.9995676279067993
4164,1.0
4165,0.9996898770332336
4166,1.0
4167,0.9999011754989624
4168,1.0
4169,0.9999035000801086
4170,1.0
4171,0.9994127750396729
4172,0.9999018311500549
4173,1.0
4174,0.9999009966850281
4175,0.9997960329055786
4176,0.9994875192642212
4177,1.0
4178,0.9998839497566223
4179,1.0
4180,1.0
4181,0.9993839859962463
4182,1.0
4183,1.0
4184,1.0
4185,0.9997460842132568
4186,1.0
4187,0.9998694062232971
4188,0.9997451305389404
4189,1.0
4190,0.9997425079345703
4191,1.0
4192,0.9992444515228271
4193,1.0
4194,1.0
4195,1.0
4196,1.0
4197,1.0
4198,1.0
4199,1.0
4200,0.9997372031211853
4201,1.0
4202,0.9996432065963745
4203,1.0
4204,0.9998798966407776
4205,0.9998794794082642
4206,1.0
4207,0.9998721480369568
4208,0.9997573494911194
4209,1.0
4210,1.0
4211,0.9997596144676208
4212,1.0
4213,1.0
4214,0.9998759627342224
4215,0.9998717904090881
4216,1.0
4217,0.9997521042823792
4218,1.0
4219,1.0
4220,1.0
4221,0.9996079206466675
4222,1.0
4223,0.9994946122169495
4224,1.0
4225,0.9991664886474609
4226,1.0
4227,0.9996751546859741
4228,1.0
4229,0.9998801350593567
4230,0.9997569918632507
4231,0.9998720288276672
4232,1.0
4233,1.0
4234,0.9997562170028687
4235,1.0
4236,0.9994389414787292
4237,1.0
4238,1.0
4239,0.9997889399528503
4240,0.9997889995574951
4241,1.0
4242,1.0
4243,1.0
4244,1.0
4245,1.0
4246,0.9995248913764954
4247,1.0
4248,0.9991795420646667
4249,1.0
4250,0.9997152090072632
4251,1.0
4252,0.999498724937439
4253,1.0
4254,0.9998524188995361
4255,0.9997173547744751
4256,1.0
4257,1.0
4258,1.0
4259,0.9995176196098328
4260,1.0
4261,0.9998824000358582
4262,1.0
4263,0.9998899698257446
4264,0.9996908903121948
4265,1.0
4266,1.0
4267,0.999801516532898
4268,0.9998973608016968
4269,0.9998025894165039
4270,1.0
4271,0.9995214939117432
4272,0.9998974204063416
4273,1.0
4274,1.0
4275,1.0
4276,1.0
4277,1.0
4278,0.9996337890625
4279,0.9998865723609924
4280,1.0
4281,0.9998840093612671
4282,1.0
4283,0.9997355341911316
4284,1.0
4285,0.9998873472213745
4286,0.9997507333755493
4287,0.9997380375862122
4288,1.0
4289,1.0
4290,0.9995698928833008
4291,1.0
4292,0.9990004897117615
4293,1.0
4294,0.9997720122337341
4295,0.9998963475227356
4296,1.0
4297,1.0
4298,1.0
4299,0.9997830390930176
4300,0.9998906850814819
4301,1.0
4302,0.9997772574424744
4303,0.9998900294303894
4304,1.0
4305,0.999885618686676
4306,0.9998900294303894
4307,0.9995644688606262
4308,1.0
4309,0.9995582699775696
4310,1.0
4311,0.9995464086532593
4312,1.0
4313,0.9996786713600159
4314,1.0
4315,0.999883234500885
4316,0.999639630317688
4317,1.0
4318,0.9997481107711792
4319,1.0
4320,1.0
4321,0.9997230172157288
4322,1.0
4323,0.9998751878738403
4324,0.9997601509094238
4325,0.9997619390487671
4326,1.0
4327,0.9997576475143433
4328,1.0
4329,0.9998922348022461
4330,1.0
4331,1.0
4332,1.0
4333,1.0
4334,0.9992863535881042
4335,1.0
4336,1.0
4337,0.999778151512146
4338,0.9996585249900818
4339,1.0
4340,1.0
4341,0.9997645020484924
4342,0.9995272159576416
4343,0.9998850226402283
4344,1.0
4345,1.0
4346,0.999516487121582
4347,1.0
4348,1.0
4349,0.9996359348297119
4350,1.0
4351,1.0
4352,1.0
4353,1.0
4354,0.9995228052139282
4355,1.0
4356,1.0
4357,1.0
4358,0.9998732805252075
4359,0.9997334480285645
4360,0.9998718500137329
4361,0.9998684525489807
4362,1.0
4363,1.0
4364,1.0
4365,1.0
4366,1.0
4367,1.0
4368,1.0
4369,0.9994581937789917
4370,1.0
4371,1.0
4372,0.9993561506271362
4373,1.0
4374,0.9992454051971436
4375,1.0
4376,1.0
4377,0.9997565746307373
4378,1.0
4379,1.0
4380,0.9997345805168152
4381,1.0
4382,0.9997416138648987
4383,1.0
4384,1.0
4385,1.0
4386,0.999322772026062
4387,1.0
4388,1.0
4389,1.0
4390,0.9998646378517151
4391,1.0
4392,1.0
4393,0.9997407793998718
4394,0.9996361136436462
4395,1.0
4396,0.9996058344841003
4397,1.0
4398,0.9997538924217224
4399,1.0
4400,1.0
4401,0.9997026324272156
4402,0.9998989701271057
4403,1.0
4404,1.0
4405,1.0
4406,0.9998081922531128
4407,1.0
4408,0.9996747374534607
4409,1.0
4410,0.9998736381530762
4411,1.0
4412,0.9997410774230957
4413,0.9996196627616882
4414,1.0
4415,0.9993273019790649
4416,1.0
4417,1.0
4418,0.9998636841773987
4419,0.9996865391731262
4420,1.0
4421,1.0
4422,0.999556303024292
4423,0.9998431205749512
4424,1.0
4425,0.9996948838233948
4426,0.9998390078544617
4427,0.9994054436683655
4428,1.0
4429,1.0
4430,0.9996262788772583
4431,1.0
4432,0.9991835355758667
4433,1.0
4434,1.0
4435,0.9996173977851868
4436,1.0
4437,1.0
4438,1.0
4439,1.0
4440,0.9996455311775208
4441,1.0
4442,1.0
4443,0.9997683763504028
4444,1.0
4445,0.9997729063034058
4446,1.0
4447,0.9994415044784546
4448,1.0
4449,0.9996353983879089
4450,1.0
4451,1.0
4452,0.9998749494552612
4453,1.0
4454,0.9997462034225464
4455,1.0
4456,0.9997453689575195
4457,1.0
4458,0.9996153116226196
4459,1.0
4460,1.0
4461,0.9997182488441467
4462,0.9996026158332825
4463,1.0
4464,1.0
4465,0.9998753070831299
4466,0.9993793368339539
4467,1.0
4468,0.9997654557228088
4469,1.0
4470,1.0
4471,0.9998911023139954
4472,1.0
4473,1.0
4474,0.9998945593833923
4475,1.0
4476,0.9993683695793152
4477,1.0
4478,0.9996542930603027
4479,1.0
4480,0.9997712969779968
4481,1.0
4482,1.0
4483,0.9992159605026245
4484,1.0
4485,1.0
4486,0.9994176030158997
4487,1.0
4488,0.9998854994773865
4489,1.0
4490,0.9997678995132446
4491,1.0
4492,0.9994187951087952
4493,1.0
4494,1.0
4495,0.9995677471160889
4496,1.0
4497,1.0
4498,1.0
4499,0.9994257688522339
4500,1.0
4501,1.0
4502,1.0
4503,0.9998175501823425
4504,1.0
4505,1.0
4506,1.0
4507,0.9997941255569458
4508,1.0
4509,0.9996044039726257
4510,1.0
4511,1.0
4512,0.9995349645614624
4513,1.0
4514,1.0
4515,1.0
4516,0.9995484352111816
4517,1.0
4518,0.9996657371520996
4519,1.0
4520,1.0
4521,0.9997538328170776
4522,0.9997420310974121
4523,1.0
4524,1.0
4525,1.0
4526,1.0
4527,1.0
4528,0.9998674988746643
4529,0.9998703598976135
4530,0.9996151328086853
4531,1.0
4532,0.999422013759613
4533,1.0
4534,0.9998874068260193
4535,1.0
4536,1.0
4537,0.9996578097343445
4538,0.9997837543487549
4539,1.0
4540,0.9993705153465271
4541,1.0
4542,0.9993835687637329
4543,1.0
4544,1.0
4545,0.9997867345809937
4546,1.0
4547,1.0
4548,1.0
4549,1.0
4550,0.9993786215782166
4551,1.0
4552,1.0
4553,1.0
4554,1.0
4555,0.9994527101516724
4556,1.0
4557,0.9995956420898438
4558,1.0
4559,1.0
4560,0.9995902180671692
4561,1.0
4562,1.0
4563,0.9992819428443909
4564,1.0
4565,0.9997671842575073
4566,1.0
4567,0.9994093179702759
4568,1.0
4569,1.0
4570,0.9995790123939514
4571,1.0
4572,0.9997981190681458
4573,1.0
4574,0.9993909597396851
4575,1.0
4576,0.9998985528945923
4577,1.0
4578,0.9998042583465576
4579,0.9998003840446472
4580,1.0
4581,0.9997994899749756
4582,1.0
4583,0.999808132648468
4584,1.0
4585,0.9999017715454102
4586,0.9998074769973755
4587,1.0
4588,0.9996675252914429
4589,1.0
4590,0.9997822046279907
4591,0.9998915195465088
4592,0.9998860359191895
4593,0.999762773513794
4594,1.0
4595,0.9997583031654358
4596,1.0
4597,1.0
4598,1.0
4599,0.99965900182724
4600,1.0
4601,1.0
4602,0.9995139241218567
4603,0.9997559189796448
4604,0.9997484683990479
4605,1.0
4606,0.9993194937705994
4607,1.0
4608,1.0
4609,0.9994311332702637
4610,1.0
4611,0.9997822642326355
4612,1.0
4613,0.999900758266449
4614,0.9998160600662231
4615,1.0
4616,0.9998964667320251
4617,0.99980229139328
4618,1.0
4619,1.0
4620,1.0
4621,0.9992703795433044
4622,1.0
4623,1.0
4624,0.9995606541633606
4625,1.0
4626,0.9998882412910461
4627,0.9997698068618774
4628,1.0
4629,0.9997752904891968
4630,0.9996654987335205
4631,1.0
4632,0.9997420907020569
4633,1.0
4634,1.0
4635,1.0
4636,0.9997149109840393
4637,1.0
4638,1.0
4639,0.9994816184043884
4640,1.0
4641,0.9998818635940552
4642,1.0
4643,1.0
4644,0.9997947216033936
4645,0.9996840357780457
4646,1.0
4647,1.0
4648,0.9998974204063416
4649,1.0
4650,0.9997868537902832
4651,0.9996517300605774
4652,1.0
4653,1.0
4654,0.9998770952224731
4655,0.9995195269584656
4656,1.0
4657,1.0
4658,1.0
4659,0.999884843826294
4660,0.9998853802680969
4661,1.0
4662,0.9998793005943298
4663,1.0
4664,1.0
4665,1.0
4666,1.0
4667,1.0
4668,0.9998781085014343
4669,1.0
4670,1.0
4671,1.0
4672,0.9995468258857727
4673,1.0
4674,1.0
4675,0.9997991919517517
4676,0.9999021887779236
4677,0.9999032020568848
4678,1.0
4679,0.9994844198226929
4680,0.9999020099639893
4681,0.9996882081031799
4682,1.0
4683,1.0
4684,1.0
4685,0.9997003674507141
4686,1.0
4687,0.9998952746391296
4688,1.0
4689,0.9996539354324341
4690,0.9995647072792053
4691,1.0
4692,0.9995610117912292
4693,1.0
4694,0.9997475147247314
4695,1.0
4696,0.9990754127502441
4697,1.0
4698,1.0
4699,1.0
4700,1.0
4701,1.0
4702,0.999872624874115
4703,1.0
4704,0.9997552037239075
4705,1.0
4706,1.0
4707,0.9997042417526245
4708,1.0
4709,0.9997919201850891
4710,0.9999029636383057
4711,1.0
4712,0.9992555975914001
4713,1.0
4714,0.999819278717041
4715,1.0
4716,0.9999053478240967
4717,1.0
4718,0.9997981786727905
4719,1.0
4720,1.0
4721,1.0
4722,0.9998928308486938
4723,0.99956876039505
4724,1.0
4725,1.0
4726,0.9994737505912781
4727,1.0
4728,1.0
4729,0.9991894364356995
4730,1.0
4731,1.0
4732,1.0
4733,1.0
4734,0.9997765421867371
4735,0.999579131603241
4736,0.9997958540916443
4737,0.9998955130577087
4738,1.0
4739,1.0
4740,0.999896764755249
4741,0.9998978972434998
4742,1.0
4743,0.9997966885566711
4744,1.0
4745,1.0
4746,1.0
4747,0.9994847178459167
4748,1.0
4749,0.9997954964637756
4750,1.0
4751,1.0
4752,1.0
4753,0.9997713565826416
4754,1.0
4755,1.0
4756,1.0
4757,0.9997642040252686
4758,1.0
4759,0.9996334314346313
4760,1.0
4761,1.0
4762,0.9995825290679932
4763,1.0
4764,0.999745786190033
4765,0.9998750686645508
4766,0.9998794794082642
4767,1.0
4768,1.0
4769,0.9997501969337463
4770,1.0
4771,0.9998807311058044
4772,0.9998900890350342
4773,1.0
4774,0.9998922348022461
4775,1.0
4776,0.9999046325683594
4777,1.0
4778,1.0
4779,0.999800980091095
4780,0.9995763301849365
4781,0.9998976588249207
4782,1.0
4783,0.999788761138916
4784,1.0
4785,1.0
4786,0.9997755289077759
4787,0.9998850226402283
4788,1.0
4789,0.9998683929443359
4790,1.0
4791,0.9997628331184387
4792,0.9994672536849976
4793,1.0
4794,0.999330461025238
4795,1.0
4796,1.0
4797,0.9998854398727417
4798,0.9993463754653931
4799,1.0
4800,1.0
4801,1.0
4802,0.9995934367179871
4803,1.0
4804,1.0
4805,0.9996910095214844
4806,0.9999068975448608
4807,1.0
4808,1.0
4809,1.0
4810,1.0
4811,0.9996997714042664
4812,1.0
4813,1.0
4814,1.0
4815,1.0
4816,0.9997678995132446
4817,1.0
4818,1.0
4819,0.9996538758277893
4820,1.0
4821,1.0
4822,1.0
4823,0.9998822808265686
4824,0.9998751878738403
4825,1.0
4826,0.9991599917411804
4827,1.0
4828,1.0
4829,0.9996240139007568
4830,1.0
4831,1.0
4832,1.0
4833,0.999709963798523
4834,1.0
4835,0.9998769760131836
4836,1.0
4837,0.9994511008262634
4838,1.0
4839,1.0
4840,0.9997791647911072
4841,1.0
4842,0.9995650053024292
4843,0.9997843503952026
4844,1.0
4845,1.0
4846,0.9996819496154785
4847,0.9998946785926819
4848,0.9997910261154175
4849,1.0
4850,1.0
4851,1.0
4852,0.9996539950370789
4853,1.0
4854,1.0
4855,1.0
4856,0.9997256398200989
4857,1.0
4858,0.9997497200965881
4859,1.0
4860,0.9998840689659119
4861,0.9997597932815552
4862,1.0
4863,1.0
4864,0.9995594024658203
4865,1.0
4866,1.0
4867,0.9994474649429321
4868,1.0
4869,1.0
4870,0.9998910427093506
4871,0.9998940229415894
4872,0.9998961687088013
4873,1.0
4874,0.9998946189880371
4875,0.999893069267273
4876,0.9998891353607178
4877,1.0
4878,0.9997736811637878
4879,1.0
4880,0.9998844861984253
4881,0.9994996786117554
4882,1.0
4883,0.9992238879203796
4884,1.0
4885,1.0
4886,0.9998712539672852
4887,1.0
4888,1.0
4889,0.9995995759963989
4890,1.0
4891,1.0
4892,1.0
4893,0.9998782277107239
4894,1.0
4895,0.9997556209564209
4896,1.0
4897,0.9994847774505615
4898,1.0
4899,1.0
4900,0.9995864033699036
4901,0.9991878867149353
4902,1.0
4903,1.0
4904,0.9997588992118835
4905,0.9998937845230103
4906,1.0
4907,0.9996778964996338
4908,1.0
4909,0.9996193051338196
4910,0.999789297580719
4911,0.999900758266449
4912,1.0
4913,0.9998012185096741
4914,0.999790608882904
4915,0.9997881054878235
4916,1.0
4917,0.9997652769088745
4918,1.0
4919,0.9998849034309387
4920,1.0
4921,0.9997824430465698
4922,0.9995761513710022
4923,1.0
4924,0.9998877644538879
4925,1.0
4926,0.9996560215950012
4927,1.0
4928,1.0
4929,1.0
4930,0.9997640252113342
4931,1.0
4932,1.0
4933,0.9998754858970642
4934,0.9998821020126343
4935,1.0
4936,0.9997732639312744
4937,0.9998912215232849
4938,0.999671459197998
4939,0.9998867511749268
4940,1.0
4941,1.0
4942,0.9997639656066895
4943,1.0
4944,1.0
4945,0.9998772144317627
4946,1.0
4947,0.9997766613960266
4948,0.9998905062675476
4949,1.0
4950,1.0
4951,0.9997926950454712
4952,1.0
4953,0.99988853931427
4954,0.9996671676635742
4955,1.0
4956,1.0
4957,1.0
4958,0.9995269179344177
4959,1.0
4960,0.9995318651199341
4961,1.0
4962,1.0
4963,0.9994854927062988
4964,1.0
4965,0.9996534585952759
4966,1.0
4967,1.0
4968,0.999749481678009
4969,1.0
4970,0.9993727803230286
4971,1.0
4972,0.9998754262924194
4973,1.0
4974,1.0
4975,1.0
4976,0.9997682571411133
4977,1.0
4978,1.0
4979,0.9997487664222717
4980,1.0
4981,0.9997705817222595
4982,0.9994102120399475
4983,1.0
4984,0.9997345209121704
4985,0.9997161626815796
4986,1.0
4987,1.0
4988,0.9995933175086975
4989,1.0
4990,1.0
4991,1.0
4992,1.0
4993,1.0
4994,1.0
4995,0.9997428059577942
4996,1.0
4997,1.0
4998,1.0
4999,0.9997498393058777
5000,0.9997439980506897
5001,1.0
5002,1.0
5003,0.9990490674972534
5004,1.0
5005,1.0
5006,1.0
5007,0.9997634291648865
5008,1.0
5009,0.9995573163032532
5010,1.0
5011,0.9993661046028137
5012,1.0
5013,1.0
5014,1.0
5015,0.9994979500770569
5016,1.0
5017,0.9996881484985352
5018,1.0
5019,1.0
5020,1.0
5021,0.999789834022522
5022,0.999589204788208
5023,0.9999051094055176
5024,1.0
5025,0.9998117089271545
5026,0.999640703201294
5027,1.0
5028,1.0
5029,0.9998033046722412
5030,0.9998055696487427
5031,0.9997082352638245
5032,1.0
5033,0.9997942447662354
5034,1.0
5035,1.0
5036,0.9996654987335205
5037,1.0
5038,0.9995278120040894
5039,1.0
5040,1.0
5041,0.9995452761650085
5042,1.0
5043,1.0
5044,1.0
5045,0.9989915490150452
5046,1.0
5047,1.0
5048,0.9997574090957642
5049,0.9998701810836792
5050,1.0
5051,1.0
5052,0.9997270107269287
5053,1.0
5054,0.9998690485954285
5055,1.0
5056,1.0
5057,0.9995330572128296
5058,0.9998884797096252
5059,1.0
5060,1.0
5061,0.9993187189102173
5062,1.0
5063,1.0
5064,0.999650239944458
5065,1.0
5066,0.9996634721755981
5067,1.0
5068,1.0
5069,1.0
5070,1.0
5071,1.0
5072,0.9994674921035767
5073,1.0
5074,1.0
5075,0.9996511340141296
5076,1.0
5077,0.9992943406105042
5078,1.0
5079,0.9993293881416321
5080,1.0
5081,1.0
5082,0.9997917413711548
5083,1.0
5084,0.9998900294303894
5085,1.0
5086,1.0
5087,0.9997875094413757
5088,1.0
5089,0.999788224697113
5090,1.0
5091,0.9998957514762878
5092,1.0
5093,0.9996815323829651
5094,1.0
5095,0.9993246793746948
5096,1.0
5097,1.0
5098,0.9995109438896179
5099,1.0
5100,1.0
5101,1.0
5102,0.999866247177124
5103,0.999870240688324
5104,1.0
5105,0.9998632669448853
5106,1.0
5107,0.9997272491455078
5108,0.9997342228889465
5109,1.0
5110,1.0
5111,0.9994999766349792
5112,1.0
5113,0.9997715353965759
5114,1.0
5115,1.0
5116,1.0
5117,0.9993946552276611
5118,1.0
5119,1.0
5120,1.0
5121,0.9993354678153992
5122,1.0
5123,1.0
5124,0.9995371103286743
5125,1.0
5126,1.0
5127,1.0
5128,0.9995913505554199
5129,1.0
5130,0.999593198299408
5131,0.9998942613601685
5132,1.0
5133,1.0
5134,0.9996604323387146
5135,1.0
5136,0.999799370765686
5137,0.9997937083244324
5138,1.0
5139,1.0
5140,0.9995558261871338
5141,1.0
5142,0.9998961687088013
5143,1.0
5144,1.0
5145,0.99959397315979
5146,1.0
5147,1.0
5148,0.9997195601463318
5149,1.0
5150,0.9997504353523254
5151,0.9997650980949402
5152,1.0
5153,1.0
5154,0.9998809695243835
5155,1.0
5156,1.0
5157,0.9998717308044434
5158,1.0
5159,0.9998631477355957
5160,1.0
5161,1.0
5162,1.0
5163,1.0
5164,1.0
5165,1.0
5166,0.9991898536682129
5167,1.0
5168,1.0
5169,0.999684751033783
5170,1.0
5171,0.9997878074645996
5172,1.0
5173,1.0
5174,1.0
5175,0.9995014667510986
5176,1.0
5177,1.0
5178,0.9996783137321472
5179,1.0
5180,0.9999003410339355
5181,1.0
5182,1.0
5183,0.9997103214263916
5184,1.0
5185,1.0
5186,1.0
5187,1.0
5188,0.9996185898780823
5189,1.0
5190,1.0
5191,0.9997653365135193
5192,0.9996504783630371
5193,1.0
5194,0.9996657371520996
5195,1.0
5196,0.9998943209648132
5197,0.999891996383667
5198,0.9997933506965637
5199,1.0
5200,1.0
5201,0.9999013543128967
5202,1.0
5203,0.9997968673706055
5204,0.9997900724411011
5205,1.0
5206,0.9998086094856262
5207,0.9997047185897827
5208,1.0
5209,0.999905526638031
5210,0.9997105002403259
5211,1.0
5212,0.9998952150344849
5213,1.0
5214,1.0
5215,0.999794602394104
5216,0.9999005198478699
5217,1.0
5218,0.9998064041137695
5219,1.0
5220,0.9998186826705933
5221,1.0
5222,0.9999079704284668
5223,0.9996291995048523
5224,1.0
5225,1.0
5226,0.9996922612190247
5227,1.0
5228,1.0
5229,0.999695360660553
5230,1.0
5231,1.0
5232,0.9996392726898193
5233,1.0
5234,0.9998828768730164
5235,1.0
5236,1.0
5237,0.9998723268508911
5238,1.0
5239,0.9996487498283386
5240,1.0
5241,0.9994093179702759
5242,1.0
5243,0.9998717904090881
5244,1.0
5245,0.9997631907463074
5246,1.0
5247,0.99974524974823
5248,1.0
5249,0.9997608065605164
5250,1.0
5251,1.0
5252,0.9998870491981506
5253,0.9998882412910461
5254,1.0
5255,1.0
5256,1.0
5257,0.999665379524231
5258,1.0
5259,1.0
5260,0.9998897314071655
5261,0.9996880292892456
5262,1.0
5263,1.0
5264,0.9997740983963013
5265,1.0
5266,0.9998793005943298
5267,0.9997636675834656
5268,0.999513566493988
5269,1.0
5270,1.0
5271,1.0
5272,0.9998446702957153
5273,1.0
5274,0.999416172504425
5275,1.0
5276,1.0
5277,0.999614417552948
5278,0.9998708963394165
5279,0.9997206330299377
5280,1.0
5281,1.0
5282,0.9993050694465637
5283,1.0
5284,1.0
5285,0.9996545314788818
5286,1.0
5287,1.0
5288,1.0
5289,0.9997504353523254
5290,0.9998700022697449
5291,1.0
5292,1.0
5293,1.0
5294,0.9994578957557678
5295,1.0
5296,0.9997773170471191
5297,1.0
5298,0.9996585249900818
5299,1.0
5300,0.999889612197876
5301,0.9998933672904968
5302,1.0
5303,0.9993675947189331
5304,1.0
5305,0.9996768832206726
5306,0.999893844127655
5307,1.0
5308,1.0
5309,0.9998917579650879
5310,0.9998940229415894
5311,1.0
5312,1.0
5313,0.999579906463623
5314,1.0
5315,1.0
5316,0.999553918838501
5317,0.9997658729553223
5318,1.0
5319,0.9996495246887207
5320,1.0
5321,1.0
5322,0.9998579025268555
5323,1.0
5324,0.9995824098587036
5325,1.0
5326,0.9998723268508911
5327,1.0
5328,1.0
5329,0.9997656941413879
5330,1.0
5331,0.9996616840362549
5332,0.9998801350593567
5333,1.0
5334,1.0
5335,0.9995381236076355
5336,1.0
5337,0.999537467956543
5338,1.0
5339,1.0
5340,0.999517560005188
5341,1.0
5342,0.9998850226402283
5343,0.9994376301765442
5344,1.0
5345,0.9998743534088135
5346,0.999876856803894
5347,1.0
5348,0.9997535943984985
5349,0.9998735189437866
5350,1.0
5351,1.0
5352,1.0
5353,1.0
5354,0.9997774958610535
5355,1.0
5356,0.9998900890350342
5357,1.0
5358,0.9998911619186401
5359,0.9998929500579834
5360,1.0
5361,1.0
5362,1.0
5363,1.0
5364,0.9994947910308838
5365,1.0
5366,1.0
5367,0.9996998310089111
5368,1.0
5369,1.0
5370,1.0
5371,1.0
5372,0.9996156692504883
5373,1.0
5374,0.9995601177215576
5375,0.9997749328613281
5376,1.0
5377,1.0
5378,0.9998781085014343
5379,0.9997778534889221
5380,1.0
5381,1.0
5382,0.9993622303009033
5383,0.9998756647109985
5384,1.0
5385,1.0
5386,0.9998725056648254
5387,1.0
5388,0.9998711943626404
5389,0.9995133876800537
5390,1.0
5391,0.9998682737350464
5392,1.0
5393,1.0
5394,0.999726414680481
5395,0.9997207522392273
5396,1.0
5397,0.9997261166572571
5398,0.9997618198394775
5399,0.9997545480728149
5400,1.0
5401,0.9997691512107849
5402,1.0
5403,0.9994305968284607
5404,1.0
5405,1.0
5406,0.9994185566902161
5407,1.0
5408,0.9995729327201843
5409,1.0
5410,1.0
5411,1.0
5412,1.0
5413,0.9995841383934021
5414,1.0
5415,1.0
5416,0.9998986124992371
5417,0.9992907643318176
5418,1.0
5419,1.0
5420,1.0
5421,0.9998924732208252
5422,1.0
5423,0.9996750354766846
5424,0.9997817277908325
5425,0.9998906254768372
5426,1.0
5427,1.0
5428,0.9993400573730469
5429,1.0
5430,0.9995642900466919
5431,1.0
5432,0.9992779493331909
5433,1.0
5434,0.9995619058609009
5435,1.0
5436,0.9997878074645996
5437,1.0
5438,1.0
5439,0.9996579885482788
5440,1.0
5441,0.9997371435165405
5442,1.0
5443,0.9998757243156433
5444,0.9996258020401001
5445,1.0
5446,1.0
5447,0.9997527003288269
5448,1.0
5449,0.9997398257255554
5450,0.9994939565658569
5451,1.0
5452,1.0
5453,1.0
5454,1.0
5455,0.999889612197876
5456,1.0
5457,0.9998911619186401
5458,0.9998839497566223
5459,1.0
5460,1.0
5461,1.0
5462,0.9998806118965149
5463,1.0
5464,1.0
5465,0.9997618794441223
5466,0.9998868107795715
5467,0.9997746348381042
5468,1.0
5469,0.9996638894081116
5470,1.0
5471,1.0
5472,1.0
5473,0.9998830556869507
5474,0.9998905658721924
5475,1.0
5476,1.0
5477,0.9993593096733093
5478,1.0
5479,1.0
5480,0.9998800754547119
5481,1.0
5482,1.0
5483,0.9994331002235413
5484,1.0
5485,0.999855637550354
5486,1.0
5487,0.9998723268508911
5488,0.9992793202400208
5489,1.0
5490,1.0
5491,1.0
5492,1.0
5493,0.9995749592781067
5494,1.0
5495,1.0
5496,1.0
5497,0.9998800754547119
5498,0.9995366334915161
5499,1.0
5500,0.9995602369308472
5501,1.0
5502,0.9995891451835632
5503,1.0
5504,1.0
5505,0.9996134042739868
5506,1.0
5507,0.999596118927002
5508,1.0
5509,0.9997807741165161
5510,1.0
5511,0.999657154083252
5512,0.9997708201408386
5513,1.0
5514,0.99974125623703
5515,0.9995027780532837
5516,1.0
5517,1.0
5518,0.9998708367347717
5519,1.0
5520,1.0
5521,0.9995830059051514
5522,0.9998680353164673
5523,1.0
5524,1.0
5525,0.999703586101532
5526,0.9997081756591797
5527,1.0
5528,1.0
5529,1.0
5530,1.0
5531,1.0
5532,1.0
5533,1.0
5534,0.999879777431488
5535,1.0
5536,0.9992329478263855
5537,1.0
5538,1.0
5539,0.9997784495353699
5540,1.0
5541,0.9996653199195862
5542,0.9998824000358582
5543,1.0
5544,1.0
5545,1.0
5546,0.9996153116226196
5547,1.0
5548,1.0
5549,0.9997569918632507
5550,1.0
5551,0.999873697757721
5552,1.0
5553,1.0
5554,0.9995308518409729
5555,1.0
5556,0.9995119571685791
5557,1.0
5558,1.0
5559,0.9997557401657104
5560,0.9998748302459717
5561,0.9998792409896851
5562,1.0
5563,0.9997553825378418
5564,1.0
5565,0.9998730421066284
5566,1.0
5567,0.999457061290741
5568,1.0
5569,1.0
5570,1.0
5571,0.9998776912689209
5572,1.0
5573,0.9998852014541626
5574,1.0
5575,0.9998759031295776
5576,1.0
5577,0.9997397065162659
5578,1.0
5579,1.0
5580,0.999280571937561
5581,1.0
5582,0.9996057152748108
5583,1.0
5584,0.9994970560073853
5585,1.0
5586,0.9991797804832458
5587,1.0
5588,1.0
5589,0.999517023563385
5590,1.0
5591,1.0
5592,1.0
5593,0.9996172189712524
5594,1.0
5595,0.9996251463890076
5596,1.0
5597,1.0
5598,1.0
5599,0.9998670816421509
5600,0.9998605251312256
5601,0.9997327327728271
5602,1.0
5603,1.0
5604,0.9996469616889954
5605,1.0
5606,1.0
5607,0.9995637536048889
5608,1.0
5609,1.0
5610,1.0
5611,0.9995905160903931
5612,1.0
5613,1.0
5614,0.9996713995933533
5615,1.0
5616,0.9997814893722534
5617,1.0
5618,0.9996700286865234
5619,1.0
5620,0.9997901320457458
5621,1.0
5622,1.0
5623,0.9996871948242188
5624,1.0
5625,1.0
5626,0.9997201561927795
5627,1.0
5628,0.9999064207077026
5629,0.9999109506607056
5630,1.0
5631,0.9997074007987976
5632,1.0
5633,1.0
5634,1.0
5635,0.9997684955596924
5636,0.9996412992477417
5637,1.0
5638,0.9995100498199463
5639,1.0
5640,1.0
5641,0.9993704557418823
5642,1.0
5643,1.0
5644,1.0
5645,0.999744176864624
5646,0.9998785853385925
5647,1.0
5648,1.0
5649,0.9998695850372314
5650,1.0
5651,1.0
5652,1.0
5653,1.0
5654,0.9998764395713806
5655,1.0
5656,1.0
5657,0.9997590184211731
5658,1.0
5659,1.0
5660,1.0
5661,0.9995244145393372
5662,1.0
5663,1.0
5664,1.0
5665,1.0
5666,0.9997672438621521
5667,1.0
5668,0.9998782277107239
5669,0.9998857975006104
5670,1.0
5671,1.0
5672,0.9996921420097351
5673,1.0
5674,1.0
5675,0.999876081943512
5676,0.9997562766075134
5677,1.0
5678,0.9998615384101868
5679,1.0
5680,0.9998405575752258
5681,0.9998453855514526
5682,1.0
5683,0.9998816847801208
5684,0.9998852610588074
5685,1.0
5686,0.9998944401741028
5687,1.0
5688,0.9998949766159058
5689,1.0
5690,1.0
5691,1.0
5692,0.9996733069419861
5693,0.9998974204063416
5694,1.0
5695,1.0
5696,0.9995548725128174
5697,0.9997875690460205
5698,1.0
5699,0.9993833303451538
5700,1.0
5701,1.0
5702,1.0
5703,0.9998058080673218
5704,0.9996952414512634
5705,1.0
5706,0.999360203742981
5707,1.0
5708,1.0
5709,1.0
5710,0.9997777342796326
5711,1.0
5712,0.9998986124992371
5713,1.0
5714,0.9996115565299988
5715,1.0
5716,1.0
5717,0.9996858239173889
5718,0.9994878768920898
5719,1.0
5720,1.0
5721,0.9993309378623962
5722,1.0
5723,0.9997594356536865
5724,1.0
5725,0.9998809695243835
5726,1.0
5727,1.0
5728,1.0
5729,0.9993465542793274
5730,1.0
5731,1.0
5732,0.9998654127120972
5733,1.0
5734,0.999875009059906
5735,1.0
5736,1.0
5737,0.9996184706687927
5738,1.0
5739,1.0
5740,1.0
5741,0.9998843669891357
5742,1.0
5743,0.9998703598976135
5744,1.0
5745,1.0
5746,1.0
5747,0.9992727041244507
5748,1.0
5749,1.0
5750,0.9996324181556702
5751,0.9998727440834045
5752,1.0
5753,1.0
5754,1.0
5755,1.0
5756,0.9998669624328613
5757,1.0
5758,1.0
5759,0.9996875524520874
5760,1.0
5761,0.9998509883880615
5762,0.9998533725738525
5763,1.0
5764,0.9997245669364929
5765,1.0
5766,1.0
5767,0.9994232058525085
5768,1.0
5769,0.9997361302375793
5770,1.0
5771,1.0
5772,0.999883234500885
5773,0.9992907643318176
5774,1.0
5775,1.0
5776,0.9993466734886169
5777,1.0
5778,0.9995667934417725
5779,1.0
5780,0.9997988343238831
5781,0.9995719194412231
5782,1.0
5783,0.9998874664306641
5784,1.0
5785,1.0
5786,1.0
5787,1.0
5788,0.9992907047271729
5789,1.0
5790,0.9998701810836792
5791,0.9996138215065002
5792,1.0
5793,1.0
5794,0.9997485876083374
5795,1.0
5796,0.9993473291397095
5797,1.0
5798,0.9996239542961121
5799,0.999768853187561
5800,1.0
5801,1.0
5802,0.999873697757721
5803,1.0
5804,1.0
5805,0.9997863173484802
5806,1.0
5807,0.9998983144760132
5808,1.0
5809,0.9998955726623535
5810,1.0
5811,0.9996856451034546
5812,0.999896228313446
5813,0.9999038577079773
5814,1.0
5815,0.9991629719734192
5816,1.0
5817,0.9999092221260071
5818,0.9995359778404236
5819,1.0
5820,0.9998946189880371
5821,1.0
5822,1.0
5823,0.9993566274642944
5824,1.0
5825,1.0
5826,0.9993559122085571
5827,1.0
5828,0.999534547328949
5829,0.9998536109924316
5830,0.9994006752967834
5831,1.0
5832,1.0
5833,0.9996973276138306
5834,1.0
5835,1.0
5836,1.0
5837,0.9992942810058594
5838,1.0
5839,0.9998712539672852
5840,1.0
5841,0.999862015247345
5842,0.9997231364250183
5843,1.0
5844,1.0
5845,0.9992209672927856
5846,1.0
5847,1.0
5848,0.9997841119766235
5849,0.999639630317688
5850,1.0
5851,1.0
5852,0.9996505379676819
5853,0.9997773170471191
5854,0.9998903870582581
5855,1.0
5856,0.9998830556869507
5857,1.0
5858,1.0
5859,0.9997673630714417
5860,1.0
5861,0.9997684955596924
5862,1.0
5863,1.0
5864,1.0
5865,0.9994605779647827
5866,1.0
5867,0.9997174143791199
5868,1.0
5869,1.0
5870,0.9998510479927063
5871,1.0
5872,0.9995103478431702
5873,1.0
5874,0.9998701810836792
5875,1.0
5876,1.0
5877,0.9998579621315002
5878,1.0
5879,1.0
5880,1.0
5881,0.9997357726097107
5882,0.9998710751533508
5883,0.999890148639679
5884,1.0
5885,0.9998909831047058
5886,1.0
5887,1.0
5888,1.0
5889,0.9997799396514893
5890,0.9995368123054504
5891,1.0
5892,0.9995429515838623
5893,1.0
5894,1.0
5895,1.0
5896,0.9997372627258301
5897,0.9997401833534241
5898,1.0
5899,0.9997490644454956
5900,1.0
5901,1.0
5902,1.0
5903,0.9997223615646362
5904,1.0
5905,0.9990651607513428
5906,1.0
5907,0.9996074438095093
5908,1.0
5909,0.9992349147796631
5910,1.0
5911,0.9997249245643616
5912,1.0
5913,1.0
5914,0.9996476173400879
5915,0.9998741745948792
5916,1.0
5917,0.999882161617279
5918,0.9998860955238342
5919,0.9997689723968506
5920,1.0
5921,0.999625027179718
5922,1.0
5923,0.9997564554214478
5924,1.0
5925,1.0
5926,1.0
5927,1.0
5928,0.999523937702179
5929,1.0
5930,1.0
5931,0.9996284246444702
5932,1.0
5933,1.0
5934,1.0
5935,0.9996460676193237
5936,1.0
5937,1.0
5938,0.9991517066955566
5939,1.0
5940,0.999872624874115
5941,1.0
5942,1.0
5943,1.0
5944,1.0
5945,1.0
5946,0.9992923736572266
5947,1.0
5948,0.9997530579566956
5949,1.0
5950,1.0
5951,0.9995522499084473
5952,1.0
5953,1.0
5954,0.9998903274536133
5955,1.0
5956,0.9994561672210693
5957,1.0
5958,1.0
5959,0.9998929500579834
5960,1.0
5961,0.9996591806411743
5962,0.9996225237846375
5963,1.0
5964,0.9994741678237915
5965,1.0
5966,0.9995103478431702
5967,1.0
5968,0.9997525811195374
5969,0.9998835921287537
5970,1.0
5971,0.9998762607574463
5972,0.9997332692146301
5973,1.0
5974,1.0
5975,1.0
5976,1.0
5977,1.0
5978,1.0
5979,1.0
5980,0.9997653961181641
5981,0.9998888969421387
5982,1.0
5983,1.0
5984,0.9990342855453491
5985,1.0
5986,0.999661386013031
5987,1.0
5988,0.9998923540115356
5989,0.9996773600578308
5990,1.0
5991,1.0
5992,0.9996675252914429
5993,1.0
5994,0.9998825192451477
5995,0.9996315836906433
5996,1.0
5997,0.9997897744178772
5998,0.9998926520347595
5999,1.0
6000,0.9998899698257446
6001,0.9998927116394043
6002,1.0
6003,0.9997459053993225
6004,0.9998646974563599
6005,1.0
6006,1.0
6007,1.0
6008,1.0
6009,0.9990197420120239
6010,1.0
6011,0.9997280240058899
6012,0.9998579025268555
6013,1.0
6014,0.9995434284210205
6015,1.0
6016,0.999578058719635
6017,1.0
6018,1.0
6019,0.9998789429664612
6020,1.0
6021,0.9998773336410522
6022,1.0
6023,1.0
6024,1.0
6025,0.9996196031570435
6026,0.9997353553771973
6027,1.0
6028,0.9998757243156433
6029,0.9998776912689209
6030,1.0
6031,1.0
6032,0.9997495412826538
6033,1.0
6034,0.9998647570610046
6035,1.0
6036,1.0
6037,0.9998492002487183
6038,1.0
6039,1.0
6040,1.0
6041,0.9995627403259277
6042,0.9998646378517151
6043,1.0
6044,0.9994005560874939
6045,1.0
6046,0.9998751282691956
6047,1.0
6048,0.9997921586036682
6049,0.9998990297317505
6050,0.9997052550315857
6051,1.0
6052,1.0
6053,1.0
6054,1.0
6055,0.999457597732544
6056,1.0
6057,1.0
6058,1.0
6059,0.999508798122406
6060,1.0
6061,0.9998842477798462
6062,1.0
6063,1.0
6064,0.9994417428970337
6065,0.9997876882553101
6066,1.0
6067,0.9998778700828552
6068,0.9998831748962402
6069,1.0
6070,0.999639093875885
6071,1.0
6072,1.0
6073,1.0
6074,1.0
6075,0.9993281960487366
6076,1.0
6077,0.999476969242096
6078,0.9997814893722534
6079,1.0
6080,1.0
6081,0.9997926354408264
6082,1.0
6083,0.999805748462677
6084,0.9999040365219116
6085,1.0
6086,0.999792754650116
6087,1.0
6088,0.9995932579040527
6089,0.9997899532318115
6090,1.0
6091,0.9996814131736755
6092,1.0
6093,0.9998980164527893
6094,0.9996209144592285
6095,1.0
6096,0.9998960494995117
6097,0.9998908638954163
6098,0.9997673034667969
6099,1.0
6100,0.9998899698257446
6101,0.9997546672821045
6102,1.0
6103,1.0
6104,0.9998699426651001
6105,0.9998809099197388
6106,1.0
6107,1.0
6108,1.0
6109,0.9995871186256409
6110,1.0
6111,0.9998912215232849
6112,0.999309241771698
6113,1.0
6114,1.0
6115,0.9994844198226929
6116,1.0
6117,1.0
6118,0.9997700452804565
6119,0.9997843503952026
6120,1.0
6121,0.9998854994773865
6122,1.0
6123,1.0
6124,0.9996479153633118
6125,1.0
6126,1.0
6127,1.0
6128,0.9995731115341187
6129,0.9997045397758484
6130,1.0
6131,1.0
6132,1.0
6133,0.9995771646499634
6134,1.0
6135,1.0
6136,0.9998708963394165
6137,0.9997453689575195
6138,1.0
6139,0.9998822212219238
6140,0.9998778104782104
6141,1.0
6142,1.0
6143,1.0
6144,0.9997811317443848
6145,0.9995805025100708
6146,1.0
6147,1.0
6148,0.9997716546058655
6149,1.0
6150,1.0
6151,0.9997691512107849
6152,0.9998864531517029
6153,1.0
6154,0.9996387362480164
6155,0.9997519254684448
6156,1.0
6157,0.9997492432594299
6158,1.0
6159,1.0
6160,0.9998679757118225
6161,1.0
6162,0.9995158314704895
6163,1.0
6164,1.0
6165,0.999885082244873
6166,0.9998888373374939
6167,0.9997643232345581
6168,1.0
6169,1.0
6170,1.0
6171,1.0
6172,1.0
6173,0.9994350075721741
6174,1.0
6175,1.0
6176,0.9996532797813416
6177,0.9996454119682312
6178,1.0
6179,1.0
6180,0.9996227622032166
6181,1.0
6182,1.0
6183,0.9997605085372925
6184,1.0
6185,1.0
6186,0.9998891353607178
6187,1.0
6188,0.9996715784072876
6189,1.0
6190,0.9998928904533386
6191,1.0
6192,1.0
6193,0.999863862991333
6194,1.0
6195,1.0
6196,1.0
6197,1.0
6198,0.9997369050979614
6199,1.0
6200,0.9994909167289734
6201,1.0
6202,0.9997612833976746
6203,1.0
6204,1.0
6205,1.0
6206,0.9998912811279297
6207,1.0
6208,0.9997867941856384
6209,0.9998995661735535
6210,0.9996024370193481
6211,1.0
6212,1.0
6213,1.0
6214,0.9996765851974487
6215,1.0
6216,1.0
6217,0.9995143413543701
6218,1.0
6219,1.0
6220,0.9998786449432373
6221,0.9998794794082642
6222,1.0
6223,0.9998695850372314
6224,0.9997529983520508
6225,0.9997684359550476
6226,1.0
6227,0.9994029402732849
6228,1.0
6229,1.0
6230,0.9991699457168579
6231,1.0
6232,1.0
6233,0.9998643398284912
6234,0.9998674392700195
6235,1.0
6236,1.0
6237,1.0
6238,0.9994983673095703
6239,1.0
6240,0.9998810887336731
6241,1.0
6242,0.9998782873153687
6243,1.0
6244,0.9996485710144043
6245,0.9998883605003357
6246,1.0
6247,0.9996737837791443
6248,0.999883234500885
6249,1.0
6250,1.0
6251,1.0
6252,1.0
6253,0.9997943043708801
6254,1.0
6255,0.9997878074645996
6256,0.9996846914291382
6257,1.0
6258,1.0
6259,1.0
6260,1.0
6261,0.9997730851173401
6262,1.0
6263,0.9994947910308838
6264,1.0
6265,0.9998929500579834
6266,1.0
6267,1.0
6268,0.9997830390930176
6269,1.0
6270,0.999567985534668
6271,1.0
6272,1.0
6273,1.0
6274,0.9994924068450928
6275,1.0
6276,0.9997394680976868
6277,1.0
6278,1.0
6279,0.9989504218101501
6280,1.0
6281,1.0
6282,0.9998547434806824
6283,1.0
6284,0.999592125415802
6285,1.0
6286,0.9995937943458557
6287,1.0
6288,0.9997768998146057
6289,1.0
6290,0.999888002872467
6291,1.0
6292,0.9998928904533386
6293,1.0
6294,0.9995802044868469
6295,1.0
6296,0.9996262788772583
6297,1.0
6298,1.0
6299,1.0
6300,1.0
6301,0.9994202256202698
6302,1.0
6303,0.9995986223220825
6304,0.999572217464447
6305,1.0
6306,0.9994686245918274
6307,1.0
6308,1.0
6309,0.9998689293861389
6310,1.0
6311,0.9996099472045898
6312,1.0
6313,1.0
6314,1.0
6315,0.9997518658638
6316,1.0
6317,1.0
6318,1.0
6319,0.9995898008346558
6320,1.0
6321,1.0
6322,1.0
6323,1.0
6324,1.0
6325,0.9996607303619385
6326,1.0
6327,1.0
6328,0.9994397163391113
6329,1.0
6330,0.9995864033699036
6331,1.0
6332,0.999341607093811
6333,1.0
6334,0.9993740916252136
6335,1.0
6336,0.9996952414512634
6337,1.0
6338,0.9996897578239441
6339,0.999891459941864
6340,1.0
6341,1.0
6342,1.0
6343,0.9997333884239197
6344,1.0
6345,0.9998633861541748
6346,0.9996376633644104
6347,1.0
6348,1.0
6349,0.9989275932312012
6350,1.0
6351,1.0
6352,1.0
6353,1.0
6354,0.9997730255126953
6355,1.0
6356,1.0
6357,0.9998914003372192
6358,0.9996916651725769
6359,1.0
6360,1.0
6361,1.0
6362,1.0
6363,0.9996267557144165
6364,1.0
6365,1.0
6366,1.0
6367,1.0
6368,0.9998025298118591
6369,1.0
6370,1.0
6371,1.0
6372,0.9995941519737244
6373,1.0
6374,1.0
6375,1.0
6376,0.9991142749786377
6377,1.0
6378,1.0
6379,1.0
6380,1.0
6381,1.0
6382,0.9993027448654175
6383,1.0
6384,1.0
6385,1.0
6386,0.9993956089019775
6387,0.9998825788497925
6388,1.0
6389,1.0
6390,0.9997482895851135
6391,1.0
6392,0.999754011631012
6393,1.0
6394,0.9998773336410522
6395,1.0
6396,0.9995009899139404
6397,1.0
6398,0.9995182752609253
6399,0.9998782277107239
6400,1.0
6401,0.999274730682373
6402,1.0
6403,1.0
6404,1.0
6405,0.9997497200965881
6406,0.999625027179718
6407,1.0
6408,1.0
6409,1.0
6410,1.0
6411,1.0
6412,0.9993062019348145
6413,1.0
6414,0.9995331168174744
6415,1.0
6416,1.0
6417,0.9989866018295288
6418,1.0
6419,1.0
6420,1.0
6421,0.9996870756149292
6422,1.0
6423,1.0
6424,1.0
6425,1.0
6426,0.9999004602432251
6427,0.9998956322669983
6428,1.0
6429,1.0
6430,1.0
6431,1.0
6432,0.9996363520622253
6433,1.0
6434,0.9997612237930298
6435,0.9998722076416016
6436,0.9998722076416016
6437,1.0
6438,0.999866247177124
6439,1.0
6440,1.0
6441,1.0
6442,1.0
6443,0.9997786283493042
6444,1.0
6445,1.0
6446,0.999881386756897
6447,0.9998815655708313
6448,0.999634861946106
6449,1.0
6450,1.0
6451,0.9996104836463928
6452,1.0
6453,1.0
6454,1.0
6455,0.9991843104362488
6456,1.0
6457,1.0
6458,0.9997389316558838
6459,0.999738872051239
6460,1.0
6461,0.9995862245559692
6462,0.9997460842132568
6463,1.0
6464,1.0
6465,1.0
6466,1.0
6467,0.9991714954376221
6468,1.0
6469,0.9995644688606262
6470,1.0
6471,0.9998966455459595
6472,0.9998990893363953
6473,1.0
6474,1.0
6475,0.9997016191482544
6476,0.9998041391372681
6477,1.0
6478,1.0
6479,0.9995566606521606
6480,1.0
6481,1.0
6482,0.999875545501709
6483,1.0
6484,0.9996411800384521
6485,1.0
6486,1.0
6487,0.9996848106384277
6488,0.9998879432678223
6489,0.9998798370361328
6490,0.9997350573539734
6491,1.0
6492,1.0
6493,1.0
6494,1.0
6495,0.9993045330047607
6496,0.9998847246170044
6497,1.0
6498,0.9997434020042419
6499,0.9998801350593567
6500,1.0
6501,0.9996712803840637
6502,1.0
6503,0.9995899796485901
6504,1.0
6505,0.9996868371963501
6506,1.0
6507,1.0
6508,0.999793529510498
6509,1.0
6510,1.0
6511,1.0
6512,1.0
6513,0.999884307384491
6514,1.0
6515,0.9997497200965881
6516,0.9997506737709045
6517,1.0
6518,0.9998791217803955
6519,1.0
6520,1.0
6521,1.0
6522,0.9996344447135925
6523,1.0
6524,0.9992753863334656
6525,1.0
6526,0.9998877048492432
6527,0.9998842477798462
6528,0.9996366500854492
6529,0.9997776746749878
6530,1.0
6531,0.999660074710846
6532,1.0
6533,0.9992864727973938
6534,1.0
6535,0.9997717142105103
6536,1.0
6537,0.99977707862854
6538,1.0
6539,1.0
6540,1.0
6541,1.0
6542,0.9998902082443237
6543,1.0
6544,0.9998974800109863
6545,1.0
6546,1.0
6547,0.9994481801986694
6548,1.0
6549,1.0
6550,1.0
6551,0.9998738765716553
6552,1.0
6553,1.0
6554,0.9995269775390625
6555,1.0
6556,0.9998726844787598
6557,0.9993769526481628
6558,1.0
6559,1.0
6560,1.0
6561,0.9995095729827881
6562,1.0
6563,1.0
6564,0.9997774362564087
6565,1.0
6566,1.0
6567,0.999511182308197
6568,1.0
6569,0.9996399879455566
6570,0.9998815655708313
6571,1.0
6572,0.9996095299720764
6573,1.0
6574,1.0
6575,1.0
6576,0.9998024702072144
6577,1.0
6578,0.9998987317085266
6579,1.0
6580,1.0
6581,0.9996511936187744
6582,1.0
6583,1.0
6584,0.9997617602348328
6585,1.0
6586,0.9998772740364075
6587,1.0
6588,0.999867856502533
6589,0.999873697757721
6590,0.9997513890266418
6591,1.0
6592,0.9997830986976624
6593,1.0
6594,0.9998899102210999
6595,1.0
6596,0.99989253282547
6597,1.0
6598,0.9998831152915955
6599,1.0
6600,1.0
6601,0.9996561408042908
6602,1.0
6603,0.9997689723968506
6604,0.9997759461402893
6605,1.0
6606,0.9997738599777222
6607,1.0
6608,0.9998675584793091
6609,0.999868631362915
6610,0.9998716711997986
6611,0.9997532963752747
6612,1.0
6613,1.0
6614,0.9997057914733887
6615,1.0
6616,0.9998595118522644
6617,0.9998686909675598
6618,1.0
6619,1.0
6620,0.9992685317993164
6621,1.0
6622,0.9997779130935669
6623,1.0
6624,1.0
6625,1.0
6626,1.0
6627,1.0
6628,1.0
6629,0.9993228912353516
6630,1.0
6631,0.9997740983963013
6632,1.0
6633,1.0
6634,1.0
6635,1.0
6636,1.0
6637,0.9995052814483643
6638,1.0
6639,0.9997555613517761
6640,1.0
6641,1.0
6642,1.0
6643,0.9996553063392639
6644,0.999664306640625
6645,1.0
6646,0.9994319081306458
6647,0.9997596144676208
6648,0.9997609257698059
6649,1.0
6650,1.0
6651,1.0
6652,0.9998748302459717
6653,1.0
6654,1.0
6655,1.0
6656,0.9997002482414246
6657,0.9998124837875366
6658,1.0
6659,1.0
6660,0.9998912811279297
6661,1.0
6662,1.0
6663,1.0
6664,1.0
6665,0.9997890591621399
6666,1.0
6667,1.0
6668,1.0
6669,1.0
6670,0.9996649026870728
6671,0.9998788237571716
6672,1.0
6673,0.9998729825019836
6674,1.0
6675,0.9998667240142822
6676,1.0
6677,1.0
6678,1.0
6679,0.9995107650756836
6680,1.0
6681,0.9998816847801208
6682,0.9996541738510132
6683,0.9996438026428223
6684,1.0
6685,1.0
6686,1.0
6687,0.9998921155929565
6688,1.0
6689,0.9995825886726379
6690,1.0
6691,1.0
6692,1.0
6693,1.0
6694,1.0
6695,0.9996296167373657
6696,0.9999010562896729
6697,0.9998010396957397
6698,0.9997987747192383
6699,1.0
6700,0.9996662735939026
6701,1.0
6702,1.0
6703,0.9997748732566833
6704,1.0
6705,1.0
6706,1.0
6707,0.9994314312934875
6708,1.0
6709,1.0
6710,0.9996463656425476
6711,1.0
6712,0.9998771548271179
6713,0.9998754858970642
6714,0.9996336698532104
6715,1.0
6716,1.0
6717,1.0
6718,0.9998834133148193
6719,1.0
6720,0.9992455840110779
6721,1.0
6722,1.0
6723,1.0
6724,0.9996662735939026
6725,0.9998882412910461
6726,1.0
6727,1.0
6728,0.999650239944458
6729,0.9996684789657593
6730,1.0
6731,0.9998964667320251
6732,1.0
6733,1.0
6734,1.0
6735,0.9995413422584534
6736,1.0
6737,0.9995669722557068
6738,1.0
6739,0.9993947744369507
6740,1.0
6741,1.0
6742,1.0
6743,0.9996461272239685
6744,0.9998732805252075
6745,1.0
6746,0.9998680353164673
6747,1.0
6748,0.999186635017395
6749,1.0
6750,1.0
6751,1.0
6752,0.9993137121200562
6753,1.0
6754,1.0
6755,0.9998811483383179
6756,0.9997703433036804
6757,0.9995331764221191
6758,1.0
6759,0.9996732473373413
6760,1.0
6761,0.9995744824409485
6762,1.0
6763,1.0
6764,1.0
6765,0.9996870160102844
6766,1.0
6767,0.9998970627784729
6768,0.9994834661483765
6769,1.0
6770,0.9998959302902222
6771,0.9998983144760132
6772,1.0
6773,0.9998998641967773
6774,0.9999063014984131
6775,0.9998152852058411
6776,0.9997978210449219
6777,1.0
6778,1.0
6779,1.0
6780,0.99957674741745
6781,1.0
6782,1.0
6783,1.0
6784,1.0
6785,0.999768078327179
6786,1.0
6787,0.9995927810668945
6788,1.0
6789,0.9995843172073364
6790,1.0
6791,1.0
6792,0.9998670220375061
6793,1.0
6794,1.0
6795,0.9992300868034363
6796,1.0
6797,0.9993232488632202
6798,1.0
6799,0.9994789361953735
6800,1.0
6801,1.0
6802,1.0
6803,0.9997636079788208
6804,1.0
6805,0.9996716976165771
6806,1.0
6807,1.0
6808,0.999549150466919
6809,1.0
6810,1.0
6811,1.0
6812,0.9997116327285767
6813,1.0
6814,1.0
6815,0.9997225403785706
6816,1.0
6817,1.0
6818,0.9997235536575317
6819,1.0
6820,0.9999040365219116
6821,1.0
6822,0.9997808337211609
6823,0.9998874068260193
6824,1.0
6825,1.0
6826,0.9995557069778442
6827,1.0
6828,0.9997803568840027
6829,1.0
6830,0.9998774528503418
6831,1.0
6832,1.0
6833,0.9996514320373535
6834,0.9998847246170044
6835,0.9997765421867371
6836,1.0
6837,1.0
6838,0.9998759627342224
6839,0.9997591376304626
6840,0.9998842477798462
6841,1.0
6842,0.9996609687805176
6843,1.0
6844,1.0
6845,0.999356210231781
6846,1.0
6847,0.9995453953742981
6848,1.0
6849,0.9997819662094116
6850,1.0
6851,0.9997826814651489
6852,0.9998942017555237
6853,1.0
6854,0.999783456325531
6855,0.9998846650123596
6856,0.9998796582221985
6857,0.9997465014457703
6858,1.0
6859,1.0
6860,0.9997586607933044
6861,1.0
6862,0.9996164441108704
6863,0.9998711347579956
6864,1.0
6865,1.0
6866,1.0
6867,1.0
6868,0.9992926716804504
6869,1.0
6870,1.0
6871,1.0
6872,0.9991660714149475
6873,1.0
6874,0.9995926022529602
6875,1.0
6876,1.0
6877,0.9994154572486877
6878,1.0
6879,0.9998701810836792
6880,1.0
6881,0.9995996952056885
6882,1.0
6883,1.0
6884,0.9995039701461792
6885,0.9997397661209106
6886,1.0
6887,1.0
6888,0.999876081943512
6889,1.0
6890,0.9998672604560852
6891,0.9998744130134583
6892,0.9997366070747375
6893,1.0
6894,1.0
6895,0.9995843768119812
6896,1.0
6897,1.0
6898,1.0
6899,0.9997220635414124
6900,1.0
6901,0.9994397759437561
6902,1.0
6903,0.9997588396072388
6904,1.0
6905,0.999753475189209
6906,1.0
6907,0.9997581243515015
6908,0.9996633529663086
6909,0.9996843338012695
6910,1.0
6911,0.9997051358222961
6912,0.999898374080658
6913,1.0
6914,1.0
6915,1.0
6916,1.0
6917,0.9996526837348938
6918,1.0
6919,0.9997820258140564
6920,1.0
6921,1.0
6922,1.0
6923,1.0
6924,1.0
6925,0.9995192289352417
6926,1.0
6927,0.9999050498008728
6928,1.0
6929,1.0
6930,0.9997904896736145
6931,0.9994810819625854
6932,0.9999000430107117
6933,1.0
6934,1.0
6935,1.0
6936,0.9997864961624146
6937,0.9999017119407654
6938,0.9999019503593445
6939,1.0
6940,1.0
6941,1.0
6942,0.9995697736740112
6943,1.0
6944,1.0
6945,0.9997649788856506
6946,1.0
6947,1.0
6948,0.9994544982910156
6949,1.0
6950,0.999721348285675
6951,1.0
6952,0.9995967745780945
6953,0.9994591474533081
6954,1.0
6955,1.0
6956,0.999876856803894
6957,0.9996438026428223
6958,1.0
6959,0.9997453093528748
6960,0.9997397065162659
6961,1.0
6962,0.9998816251754761
6963,0.9997814893722534
6964,0.9996716976165771
6965,0.9998975992202759
6966,1.0
6967,1.0
6968,1.0
6969,1.0
6970,1.0
6971,1.0
6972,1.0
6973,1.0
6974,0.9995101094245911
6975,0.9995033740997314
6976,1.0
6977,1.0
6978,1.0
6979,0.9997981786727905
6980,1.0
6981,0.9998958706855774
6982,1.0
6983,1.0
6984,0.9998878240585327
6985,1.0
6986,0.9996596574783325
6987,1.0
6988,1.0
6989,0.9998924136161804
6990,1.0
6991,0.9996041655540466
6992,0.9997974038124084
6993,1.0
6994,0.999681830406189
6995,1.0
6996,1.0
6997,0.9997962117195129
6998,0.9998928904533386
6999,0.999882698059082
7000,1.0
7001,0.9996322393417358
7002,1.0
7003,1.0
7004,1.0
7005,0.9996625185012817
7006,1.0
7007,0.9998752474784851
7008,0.9998723864555359
7009,0.9992654919624329
7010,1.0
7011,0.9993966221809387
7012,1.0
7013,1.0
7014,0.9993050694465637
7015,1.0
7016,1.0
7017,1.0
7018,0.9992926120758057
7019,1.0
7020,1.0
7021,1.0
7022,0.9998571872711182
7023,0.999462366104126
7024,1.0
7025,0.9997044801712036
7026,1.0
7027,0.9993771314620972
7028,1.0
7029,0.9998711943626404
7030,0.9998841285705566
7031,1.0
7032,0.9997880458831787
7033,1.0
7034,1.0
7035,0.9994162917137146
7036,1.0
7037,0.9996488690376282
7038,1.0
7039,1.0
7040,1.0
7041,0.9998829960823059
7042,1.0
7043,0.9995261430740356
7044,0.9997656345367432
7045,1.0
7046,0.9997857809066772
7047,1.0
7048,0.9998867511749268
7049,1.0
7050,0.999640703201294
7051,1.0
7052,1.0
7053,0.999488353729248
7054,1.0
7055,0.9997549057006836
7056,1.0
7057,1.0
7058,0.9997632503509521
7059,1.0
7060,1.0
7061,0.9997708797454834
7062,1.0
7063,1.0
7064,0.9997830390930176
7065,1.0
7066,1.0
7067,0.9996553659439087
7068,0.9996541738510132
7069,1.0
7070,0.9996396899223328
7071,1.0
7072,0.999786376953125
7073,0.9995371103286743
7074,1.0
7075,0.9993082880973816
7076,1.0
7077,1.0
7078,1.0
7079,0.9998831152915955
7080,0.9997401237487793
7081,1.0
7082,1.0
7083,0.9996267557144165
7084,1.0
7085,0.998938262462616
7086,1.0
7087,1.0
7088,1.0
7089,0.9998852014541626
7090,0.9998841285705566
7091,0.9997613430023193
7092,1.0
7093,1.0
7094,1.0
7095,0.999479353427887
7096,1.0
7097,1.0
7098,0.9992446303367615
7099,1.0
7100,1.0
7101,0.9994630217552185
7102,1.0
7103,0.999679446220398
7104,0.9996669888496399
7105,1.0
7106,0.9995543956756592
7107,1.0
7108,1.0
7109,0.9997668862342834
7110,0.9992775321006775
7111,1.0
7112,1.0
7113,0.999286413192749
7114,1.0
7115,0.999760627746582
7116,1.0
7117,0.9996236562728882
7118,1.0
7119,1.0
7120,0.999695360660553
7121,1.0
7122,0.9998496770858765
7123,1.0
7124,1.0
7125,0.999750018119812
7126,1.0
7127,0.999777615070343
7128,1.0
7129,0.9997813701629639
7130,1.0
7131,1.0
7132,0.9996612668037415
7133,1.0
7134,1.0
7135,1.0
7136,1.0
7137,0.9996814727783203
7138,1.0
7139,1.0
7140,1.0
7141,1.0
7142,0.9997899532318115
7143,0.9996626377105713
7144,1.0
7145,1.0
7146,0.9998703598976135
7147,1.0
7148,0.9994781017303467
7149,1.0
7150,0.9997407793998718
7151,0.9995810985565186
7152,1.0
7153,0.9998659491539001
7154,1.0
7155,0.9997446537017822
7156,1.0
7157,0.9994300007820129
7158,1.0
7159,1.0
7160,0.9997966289520264
7161,0.9998980164527893
7162,0.999901533126831
7163,1.0
7164,0.9997043013572693
7165,1.0
7166,1.0
7167,0.9996532797813416
7168,1.0
7169,0.9995826482772827
7170,1.0
7171,0.999695897102356
7172,1.0
7173,1.0
7174,0.9996647238731384
7175,1.0
7176,0.9997544288635254
7177,0.9994645118713379
7178,1.0
7179,1.0
7180,0.9992314577102661
7181,1.0
7182,1.0
7183,0.9998624920845032
7184,0.9994106292724609
7185,1.0
7186,0.9998499155044556
7187,1.0
7188,1.0
7189,0.999731719493866
7190,1.0
7191,1.0
7192,1.0
7193,0.9994519352912903
7194,1.0
7195,1.0
7196,0.9993025660514832
7197,1.0
7198,1.0
7199,1.0
7200,1.0
7201,1.0
7202,0.9994233846664429
7203,1.0
7204,1.0
7205,0.9997689723968506
7206,0.999889075756073
7207,1.0
7208,1.0
7209,1.0
7210,1.0
7211,0.999736487865448
7212,1.0
7213,0.9994587898254395
7214,0.9996235966682434
7215,1.0
7216,0.9997702836990356
7217,1.0
7218,0.9998853206634521
7219,1.0
7220,0.9996615052223206
7221,1.0
7222,0.9998969435691833
7223,1.0
7224,0.9996011257171631
7225,1.0
7226,1.0
7227,1.0
7228,0.9992997050285339
7229,0.9998831748962402
7230,1.0
7231,1.0
7232,0.9998680353164673
7233,1.0
7234,1.0
7235,0.9995779395103455
7236,1.0
7237,0.9993535280227661
7238,1.0
7239,0.9994972944259644
7240,0.9998573660850525
7241,1.0
7242,0.9998735785484314
7243,0.9998719096183777
7244,0.9998739361763
7245,1.0
7246,0.999433159828186
7247,1.0
7248,1.0
7249,1.0
7250,0.9997426867485046
7251,1.0
7252,0.9997614026069641
7253,1.0
7254,0.9997814297676086
7255,1.0
7256,0.9994779825210571
7257,1.0
7258,0.9993470907211304
7259,1.0
7260,0.9998903274536133
7261,0.9991058707237244
7262,1.0
7263,1.0
7264,1.0
7265,0.999557614326477
7266,0.9998850226402283
7267,1.0
7268,1.0
7269,1.0
7270,0.9996322989463806
7271,1.0
7272,1.0
7273,1.0
7274,0.9997581243515015
7275,1.0
7276,0.9995221495628357
7277,1.0
7278,0.9995309710502625
7279,1.0
7280,1.0
7281,0.9995665550231934
7282,0.9996670484542847
7283,1.0
7284,0.99950110912323
7285,1.0
7286,0.9996934533119202
7287,0.9998042583465576
7288,1.0
7289,1.0
7290,1.0
7291,0.9996933937072754
7292,1.0
7293,0.9994348883628845
7294,1.0
7295,0.9997795224189758
7296,0.999886691570282
7297,1.0
7298,1.0
7299,0.9994866251945496
7300,1.0
7301,0.9997137784957886
7302,1.0
7303,0.9998568296432495
7304,1.0
7305,0.9997233152389526
7306,0.9997071623802185
7307,0.9995765686035156
7308,1.0
7309,1.0
7310,0.9997186660766602
7311,1.0
7312,1.0
7313,1.0
7314,1.0
7315,0.9998981952667236
7316,1.0
7317,1.0
7318,1.0
7319,0.9991647005081177
7320,0.9998774528503418
7321,1.0
7322,0.999515950679779
7323,1.0
7324,1.0
7325,0.9998830556869507
7326,0.9998864531517029
7327,1.0
7328,1.0
7329,0.9998897314071655
7330,0.9996704459190369
7331,0.9997901916503906
7332,1.0
7333,1.0
7334,0.9993488788604736
7335,1.0
7336,1.0
7337,1.0
7338,0.9998683333396912
7339,0.9998686909675598
7340,1.0
7341,0.9994903206825256
7342,1.0
7343,1.0
7344,0.9997555613517761
7345,1.0
7346,0.9998849630355835
7347,0.9998809099197388
7348,1.0
7349,1.0
7350,1.0
7351,0.9998959898948669
7352,0.9997745156288147
7353,1.0
7354,0.9997901320457458
7355,1.0
7356,0.9996905326843262
7357,0.9998997449874878
7358,1.0
7359,0.9996650815010071
7360,1.0
7361,0.9998796582221985
7362,0.9996030926704407
7363,0.999858021736145
7364,1.0
7365,1.0
7366,1.0
7367,0.9996951222419739
7368,1.0
7369,0.9989586472511292
7370,1.0
7371,0.9997035264968872
7372,0.9998580813407898
7373,0.9995703101158142
7374,1.0
7375,0.9998742341995239
7376,1.0
7377,1.0
7378,1.0
7379,1.0
7380,0.9996128678321838
7381,1.0
7382,1.0
7383,1.0
7384,1.0
7385,0.999291718006134
7386,1.0
7387,0.9997931718826294
7388,1.0
7389,1.0
7390,0.9993187785148621
7391,1.0
7392,1.0
7393,0.9998772144317627
7394,1.0
7395,0.9997612833976746
7396,1.0
7397,0.9996383786201477
7398,0.9995101690292358
7399,1.0
7400,0.9993890523910522
7401,1.0
7402,1.0
7403,1.0
7404,1.0
7405,0.9996740221977234
7406,1.0
7407,1.0
7408,0.9996556043624878
7409,1.0
7410,0.9994699954986572
7411,1.0
7412,1.0
7413,0.999381959438324
7414,1.0
7415,0.9998935461044312
7416,1.0
7417,1.0
7418,0.9995533227920532
7419,1.0
7420,1.0
7421,1.0
7422,0.9997875094413757
7423,1.0
7424,1.0
7425,0.9994539022445679
7426,1.0
7427,1.0
7428,0.9997897148132324
7429,1.0
7430,0.9995115995407104
7431,1.0
7432,0.9995535016059875
7433,1.0
7434,1.0
7435,1.0
7436,1.0
7437,0.9998891353607178
7438,0.9997732043266296
7439,1.0
7440,1.0
7441,0.9998902082443237
7442,0.9998906850814819
7443,1.0
7444,1.0
7445,0.9998868703842163
7446,1.0
7447,0.9998870491981506
7448,0.9996494650840759
7449,1.0
7450,1.0
7451,1.0
7452,0.9991321563720703
7453,1.0
7454,0.9993263483047485
7455,1.0
7456,0.9998676776885986
7457,0.9998689293861389
7458,1.0
7459,0.9997351169586182
7460,0.9998608827590942
7461,1.0
7462,0.9998526573181152
7463,1.0
7464,1.0
7465,1.0
7466,0.9998899102210999
7467,1.0
7468,0.9998908638954163
7469,1.0
7470,1.0
7471,0.9998741149902344
7472,1.0
7473,0.9998849034309387
7474,1.0
7475,0.999791145324707
7476,1.0
7477,1.0
7478,0.9997775554656982
7479,1.0
7480,0.9996562600135803
7481,1.0
7482,0.9998781681060791
7483,0.9998742938041687
7484,0.9997336864471436
7485,1.0
7486,1.0
7487,1.0
7488,0.9994363188743591
7489,1.0
7490,1.0
7491,0.9995869398117065
7492,1.0
7493,0.999589204788208
7494,1.0
7495,1.0
7496,0.9998749494552612
7497,1.0
7498,1.0
7499,0.9997557997703552
7500,1.0
7501,1.0
7502,1.0
7503,1.0
7504,0.9998828768730164
7505,1.0
7506,0.9998844265937805
7507,0.9996702075004578
7508,1.0
7509,0.9998884201049805
7510,0.9994637966156006
7511,1.0
7512,0.9998816251754761
7513,0.9997685551643372
7514,1.0
7515,1.0
7516,0.9998720288276672
7517,0.999068558216095
7518,1.0
7519,1.0
7520,0.9997795224189758
7521,1.0
7522,0.9994684457778931
7523,1.0
7524,0.9997396469116211
7525,1.0
7526,1.0
7527,1.0
7528,0.9994935393333435
7529,1.0
7530,0.9995625019073486
7531,0.9997270703315735
7532,1.0
7533,1.0
7534,0.9992754459381104
7535,1.0
7536,0.9997158050537109
7537,1.0
7538,0.999730110168457
7539,1.0
7540,0.9998641014099121
7541,0.9997381567955017
7542,1.0
7543,1.0
7544,1.0
7545,1.0
7546,0.9995765686035156
7547,1.0
7548,0.9997899532318115
7549,0.9998924136161804
7550,1.0
7551,0.9995439052581787
7552,1.0
7553,0.9997691512107849
7554,0.9998700618743896
7555,1.0
7556,0.9993981122970581
7557,0.9998812079429626
7558,1.0
7559,1.0
7560,1.0
7561,1.0
7562,0.9995121359825134
7563,1.0
7564,0.9998844861984253
7565,1.0
7566,0.9996340274810791
7567,0.9998695850372314
7568,1.0
7569,1.0
7570,1.0
7571,1.0
7572,1.0
7573,0.9998816847801208
7574,0.9998772740364075
7575,0.9998709559440613
7576,1.0
7577,0.999860405921936
7578,0.9998651146888733
7579,1.0
7580,1.0
7581,1.0
7582,1.0
7583,0.9994904398918152
7584,1.0
7585,0.9997653961181641
7586,1.0
7587,1.0
7588,1.0
7589,0.9998943209648132
7590,1.0
7591,1.0
7592,0.999790608882904
7593,0.9997926354408264
7594,1.0
7595,0.9998918771743774
7596,1.0
7597,1.0
7598,1.0
7599,0.9996030330657959
7600,1.0
7601,1.0
7602,1.0
7603,0.9998947978019714
7604,0.9994978308677673
7605,1.0
7606,0.9998929500579834
7607,1.0
7608,1.0
7609,0.9997952580451965
7610,1.0
7611,1.0
7612,1.0
7613,1.0
7614,0.9996846914291382
7615,1.0
7616,1.0
7617,0.9998939037322998
7618,0.9997870326042175
7619,1.0
7620,1.0
7621,0.9998937845230103
7622,1.0
7623,1.0
7624,0.9997591972351074
7625,1.0
7626,0.999650239944458
7627,0.9998776912689209
7628,0.9996256828308105
7629,1.0
7630,0.9998571872711182
7631,1.0
7632,0.9997212290763855
7633,1.0
7634,1.0
7635,0.9996950030326843
7636,1.0
7637,1.0
7638,0.9997049570083618
7639,1.0
7640,1.0
7641,0.9995813965797424
7642,1.0
7643,0.999867856502533
7644,1.0
7645,1.0
7646,1.0
7647,0.9998897910118103
7648,0.999888002872467
7649,1.0
7650,1.0
7651,0.999801754951477
7652,0.9994792938232422
7653,1.0
7654,0.99977707862854
7655,1.0
7656,1.0
7657,0.9998754262924194
7658,1.0
7659,0.9993895888328552
7660,1.0
7661,1.0
7662,1.0
7663,0.9996063113212585
7664,0.9998626112937927
7665,1.0
7666,0.9993610382080078
7667,0.9998700618743896
7668,1.0
7669,1.0
7670,1.0
7671,1.0
7672,0.9997678399085999
7673,1.0
7674,1.0
7675,1.0
7676,1.0
7677,0.9997919201850891
7678,1.0
7679,0.9994521141052246
7680,1.0
7681,0.9997657537460327
7682,1.0
7683,1.0
7684,1.0
7685,1.0
7686,1.0
7687,0.9996601939201355
7688,1.0
7689,0.9998879432678223
7690,0.999754011631012
7691,1.0
7692,1.0
7693,0.9998592138290405
7694,1.0
7695,0.9994791746139526
7696,1.0
7697,0.9998721480369568
7698,1.0
7699,1.0
7700,0.9995423555374146
7701,1.0
7702,1.0
7703,0.999631404876709
7704,1.0
7705,0.999675452709198
7706,1.0
7707,1.0
7708,1.0
7709,0.9998013377189636
7710,1.0
7711,0.9999036192893982
7712,0.999792218208313
7713,0.9998922348022461
7714,1.0
7715,0.9998084902763367
7716,1.0
7717,1.0
7718,0.9995329976081848
7719,1.0
7720,0.9997960329055786
7721,1.0
7722,0.999797523021698
7723,1.0
7724,1.0
7725,1.0
7726,0.9994015693664551
7727,1.0
7728,1.0
7729,0.9998845458030701
7730,0.999774694442749
7731,1.0
7732,1.0
7733,0.9989787936210632
7734,1.0
7735,1.0
7736,0.9996482729911804
7737,1.0
7738,0.9992905259132385
7739,1.0
7740,0.9998837113380432
7741,0.99977707862854
7742,0.9997849464416504
7743,1.0
7744,1.0
7745,0.9995611310005188
7746,1.0
7747,0.9994693398475647
7748,1.0
7749,1.0
7750,1.0
7751,1.0
7752,0.9994738101959229
7753,1.0
7754,0.9992246627807617
7755,1.0
7756,1.0
7757,0.9998967051506042
7758,1.0
7759,0.9996520280838013
7760,1.0
7761,1.0
7762,0.9996281266212463
7763,0.9998809695243835
7764,1.0
7765,0.9997811317443848
7766,1.0
7767,1.0
7768,0.9996455907821655
7769,1.0
7770,1.0
7771,1.0
7772,0.9996438026428223
7773,1.0
7774,0.9995487332344055
7775,0.9997766613960266
7776,1.0
7777,0.9998744130134583
7778,1.0
7779,1.0
7780,1.0
7781,1.0
7782,1.0
7783,0.9994122385978699
7784,1.0
7785,1.0
7786,0.999885618686676
7787,0.9993947744369507
7788,1.0
7789,1.0
7790,1.0
7791,0.9998747110366821
7792,1.0
7793,0.9998724460601807
7794,0.9997223615646362
7795,0.9994542002677917
7796,1.0
7797,0.999889075756073
7798,1.0
7799,1.0
7800,0.9998883008956909
7801,1.0
7802,0.999481737613678
7803,1.0
7804,1.0
7805,0.9997923374176025
7806,1.0
7807,1.0
7808,1.0
7809,0.999879777431488
7810,0.9995387196540833
7811,1.0
7812,1.0
7813,0.9994892477989197
7814,0.9998904466629028
7815,1.0
7816,0.9996875524520874
7817,1.0
7818,1.0
7819,0.9997695684432983
7820,1.0
7821,1.0
7822,0.9997379779815674
7823,0.9998775720596313
7824,1.0
7825,0.9996269345283508
7826,1.0
7827,0.9998798370361328
7828,0.9997593760490417
7829,1.0
7830,0.9997761845588684
7831,0.9998886585235596
7832,0.9998840689659119
7833,1.0
7834,1.0
7835,0.9997188448905945
7836,1.0
7837,0.9998641610145569
7838,0.9998563528060913
7839,0.9997158646583557
7840,1.0
7841,0.9998695254325867
7842,0.9998621344566345
7843,1.0
7844,0.9998602867126465
7845,1.0
7846,1.0
7847,0.9996851682662964
7848,1.0
7849,0.9995936751365662
7850,1.0
7851,1.0
7852,1.0
7853,1.0
7854,1.0
7855,1.0
7856,0.9997491240501404
7857,0.9997272491455078
7858,1.0
7859,1.0
7860,0.9997018575668335
7861,0.9996949434280396
7862,1.0
7863,1.0
7864,0.9998690485954285
7865,1.0
7866,0.9998723268508911
7867,0.999881386756897
7868,0.9998716711997986
7869,1.0
7870,0.9995914697647095
7871,0.9996010661125183
7872,1.0
7873,1.0
7874,0.9997745752334595
7875,1.0
7876,0.9996418952941895
7877,1.0
7878,0.9994598031044006
7879,1.0
7880,0.9994500279426575
7881,1.0
7882,1.0
7883,1.0
7884,0.9998059272766113
7885,0.9999004602432251
7886,1.0
7887,1.0
7888,1.0
7889,0.9998823404312134
7890,0.9998827576637268
7891,1.0
7892,1.0
7893,1.0
7894,0.9997519254684448
7895,1.0
7896,0.9995186924934387
7897,1.0
7898,1.0
7899,0.9997546076774597
7900,1.0
7901,0.999869704246521
7902,1.0
7903,1.0
7904,1.0
7905,0.9995666146278381
7906,1.0
7907,0.9995686411857605
7908,1.0
7909,0.9996946454048157
7910,0.9997344017028809
7911,1.0
7912,0.9997310638427734
7913,1.0
7914,0.9993687868118286
7915,1.0
7916,0.9996488094329834
7917,0.999889612197876
7918,1.0
7919,1.0
7920,1.0
7921,0.9994329214096069
7922,1.0
7923,0.9996672868728638
7924,0.9999014139175415
7925,1.0
7926,1.0
7927,1.0
7928,0.9996728301048279
7929,1.0
7930,1.0
7931,1.0
7932,1.0
7933,0.9996961355209351
7934,1.0
7935,1.0
7936,0.999882698059082
7937,1.0
7938,0.999755859375
7939,1.0
7940,0.999211847782135
7941,1.0
7942,0.9995893836021423
7943,1.0
7944,0.999870240688324
7945,1.0
7946,0.9997107982635498
7947,1.0
7948,0.9994542002677917
7949,1.0
7950,1.0
7951,0.9995416402816772
7952,1.0
7953,0.9998782873153687
7954,0.9997512698173523
7955,1.0
7956,1.0
7957,1.0
7958,0.9996609687805176
7959,1.0
7960,1.0
7961,1.0
7962,0.9995183944702148
7963,1.0
7964,0.9998712539672852
7965,1.0
7966,0.9994632601737976
7967,1.0
7968,1.0
7969,1.0
7970,0.9993877410888672
7971,1.0
7972,1.0
7973,0.9998563528060913
7974,1.0
7975,1.0
7976,1.0
7977,1.0
7978,0.9996994733810425
7979,1.0
7980,0.999859631061554
7981,1.0
7982,0.999549150466919
7983,1.0
7984,0.9995900392532349
7985,1.0
7986,0.9998835921287537
7987,1.0
7988,0.9995840191841125
7989,1.0
7990,1.0
7991,0.9996093511581421
7992,1.0
7993,0.9991046190261841
7994,1.0
7995,0.999768078327179
7996,1.0
7997,1.0
7998,1.0
7999,1.0
8000,0.9998739957809448
8001,0.999751627445221
8002,1.0
8003,1.0
8004,0.9995357990264893
8005,1.0
8006,0.9997867941856384
8007,0.9998804926872253
8008,1.0
8009,1.0
8010,0.9997790455818176
8011,1.0
8012,0.9996526837348938
8013,1.0
8014,0.9994441270828247
8015,1.0
8016,1.0
8017,0.9998815059661865
8018,0.9997830986976624
8019,1.0
8020,0.9998930096626282
8021,0.9997758865356445
8022,1.0
8023,1.0
8024,0.9997649788856506
8025,1.0
8026,0.9996763467788696
8027,1.0
8028,0.99989253282547
8029,0.9997774362564087
8030,0.9998897314071655
8031,1.0
8032,1.0
8033,1.0
8034,1.0
8035,0.9996954202651978
8036,1.0
8037,0.999382495880127
8038,1.0
8039,0.9998986124992371
8040,1.0
8041,0.9998070597648621
8042,1.0
8043,1.0
8044,1.0
8045,0.999893069267273
8046,0.9994954466819763
8047,1.0
8048,0.9995816946029663
8049,1.0
8050,1.0
8051,1.0
8052,0.9997899532318115
8053,1.0
8054,0.9997656941413879
8055,0.9996490478515625
8056,1.0
8057,1.0
8058,0.9997553825378418
8059,1.0
8060,1.0
8061,1.0
8062,0.9998844861984253
8063,0.9998811483383179
8064,0.9997496604919434
8065,1.0
8066,1.0
8067,0.9995614290237427
8068,1.0
8069,0.999190628528595
8070,1.0
8071,1.0
8072,1.0
8073,0.9997601509094238
8074,0.9998817443847656
8075,1.0
8076,0.9993389248847961
8077,1.0
8078,0.9997895956039429
8079,1.0
8080,0.9994783401489258
8081,0.9998985528945923
8082,1.0
8083,1.0
8084,0.9998978972434998
8085,0.9998946189880371
8086,1.0
8087,1.0
8088,0.9998879432678223
8089,0.9996445775032043
8090,1.0
8091,1.0
8092,1.0
8093,0.9992483854293823
8094,1.0
8095,0.9996663928031921
8096,0.9998924136161804
8097,1.0
8098,1.0
8099,0.99988853931427
8100,0.9995521903038025
8101,1.0
8102,1.0
8103,0.999410092830658
8104,1.0
8105,0.999419093132019
8106,1.0
8107,1.0
8108,0.9998769164085388
8109,0.9997506737709045
8110,1.0
8111,1.0
8112,0.999751091003418
8113,1.0
8114,0.9998865723609924
8115,0.999767005443573
8116,1.0
8117,1.0
8118,1.0
8119,0.9997435808181763
8120,1.0
8121,0.9991095066070557
8122,1.0
8123,0.9994414448738098
8124,1.0
8125,0.9993815422058105
8126,1.0
8127,0.9997578263282776
8128,1.0
8129,0.9998871684074402
8130,1.0
8131,0.9997721314430237
8132,1.0
8133,0.9996582269668579
8134,1.0
8135,0.9995802640914917
8136,1.0
8137,0.9998909831047058
8138,0.9997830390930176
8139,1.0
8140,1.0
8141,0.9998903274536133
8142,0.9997759461402893
8143,1.0
8144,0.9993992447853088
8145,1.0
8146,0.9997620582580566
8147,1.0
8148,0.9995384216308594
8149,1.0
8150,0.9997892379760742
8151,1.0
8152,0.9997850060462952
8153,0.9999002814292908
8154,1.0
8155,1.0
8156,0.99956214427948
8157,1.0
8158,1.0
8159,0.9996808767318726
8160,1.0
8161,1.0
8162,0.9995470643043518
8163,1.0
8164,0.9997706413269043
8165,1.0
8166,1.0
8167,1.0
8168,1.0
8169,0.9996177554130554
8170,1.0
8171,0.9998750686645508
8172,1.0
8173,0.9992209672927856
8174,1.0
8175,1.0
8176,0.9996340274810791
8177,1.0
8178,0.9997594952583313
8179,1.0
8180,0.99913090467453
8181,1.0
8182,1.0
8183,0.9992609024047852
8184,0.9998882412910461
8185,1.0
8186,1.0
8187,0.9997889399528503
8188,0.9992408752441406
8189,1.0
8190,0.9997990727424622
8191,0.9998948574066162
8192,1.0
8193,1.0
8194,1.0
8195,0.9996796250343323
8196,1.0
8197,1.0
8198,0.999694287776947
8199,1.0
8200,0.9995712041854858
8201,0.9998932480812073
8202,0.9998895525932312
8203,1.0
8204,1.0
8205,0.999894380569458
8206,1.0
8207,0.9995448589324951
8208,1.0
8209,1.0
8210,0.9998898506164551
8211,1.0
8212,0.9998836517333984
8213,1.0
8214,1.0
8215,0.9997575879096985
8216,1.0
8217,0.9997676014900208
8218,1.0
8219,0.9992061853408813
8220,0.9996498823165894
8221,1.0
8222,1.0
8223,0.9994841814041138
8224,1.0
8225,0.9997391700744629
8226,1.0
8227,0.9997619390487671
8228,0.9993994235992432
8229,1.0
8230,0.9998773336410522
8231,1.0
8232,0.9998835921287537
8233,0.9997595548629761
8234,1.0
8235,0.999660849571228
8236,1.0
8237,0.9996810555458069
8238,1.0
8239,0.9995638728141785
8240,1.0
8241,0.9998826384544373
8242,0.9998815059661865
8243,1.0
8244,1.0
8245,1.0
8246,0.9998863339424133
8247,0.9996751546859741
8248,1.0
8249,1.0
8250,0.9997883439064026
8251,0.9993441700935364
8252,1.0
8253,1.0
8254,1.0
8255,0.9996396899223328
8256,1.0
8257,0.9996267557144165
8258,1.0
8259,1.0
8260,0.9997721314430237
8261,0.9997652769088745
8262,0.9997587203979492
8263,0.9998772740364075
8264,1.0
8265,1.0
8266,0.9998905062675476
8267,0.9997612833976746
8268,0.9998785257339478
8269,0.9998759031295776
8270,1.0
8271,1.0
8272,0.9996762871742249
8273,1.0
8274,0.9994721412658691
8275,1.0
8276,1.0
8277,1.0
8278,1.0
8279,0.9992668628692627
8280,1.0
8281,1.0
8282,1.0
8283,1.0
8284,0.9998955726623535
8285,0.9996939301490784
8286,1.0
8287,0.9997758269309998
8288,1.0
8289,1.0
8290,1.0
8291,1.0
8292,0.9993829727172852
8293,1.0
8294,0.9997568726539612
8295,1.0
8296,0.9992770552635193
8297,1.0
8298,0.9998528361320496
8299,1.0
8300,0.9998512864112854
8301,1.0
8302,1.0
8303,0.9998524188995361
8304,1.0
8305,1.0
8306,1.0
8307,0.9994698762893677
8308,1.0
8309,1.0
8310,1.0
8311,0.9998617172241211
8312,1.0
8313,0.9994484782218933
8314,1.0
8315,1.0
8316,1.0
8317,1.0
8318,0.9996927976608276
8319,1.0
8320,0.9998950958251953
8321,0.9997990131378174
8322,1.0
8323,1.0
8324,0.9997950792312622
8325,0.9998930096626282
8326,1.0
8327,0.9996674656867981
8328,1.0
8329,0.9995417594909668
8330,1.0
8331,0.999876081943512
8332,0.9997541308403015
8333,1.0
8334,1.0
8335,1.0
8336,0.9996117949485779
8337,1.0
8338,0.9993683099746704
8339,1.0
8340,0.9997410774230957
8341,1.0
8342,1.0
8343,0.9998803734779358
8344,0.9998728632926941
8345,1.0
8346,1.0
8347,0.9998669624328613
8348,1.0
8349,0.9993638396263123
8350,1.0
8351,0.9996381402015686
8352,1.0
8353,1.0
8354,0.99927818775177
8355,1.0
8356,1.0
8357,0.9997274279594421
8358,1.0
8359,1.0
8360,0.999721884727478
8361,1.0
8362,0.9991828799247742
8363,1.0
8364,0.9996172785758972
8365,1.0
8366,1.0
8367,1.0
8368,0.999638557434082
8369,1.0
8370,1.0
8371,0.9998789429664612
8372,1.0
8373,1.0
8374,0.9998651742935181
8375,1.0
8376,1.0
8377,0.9997226595878601
8378,1.0
8379,1.0
8380,0.9995498657226562
8381,1.0
8382,1.0
8383,0.9996511936187744
8384,0.9990955591201782
8385,1.0
8386,1.0
8387,0.999897837638855
8388,0.9998939037322998
8389,1.0
8390,1.0
8391,1.0
8392,0.9992427229881287
8393,1.0
8394,0.999900221824646
8395,1.0
8396,1.0
8397,0.9996905326843262
8398,0.9998939633369446
8399,1.0
8400,1.0
8401,0.9998997449874878
8402,0.9995083212852478
8403,1.0
8404,1.0
8405,0.9995960593223572
8406,1.0
8407,0.9998838901519775
8408,0.9998834133148193
8409,1.0
8410,1.0
8411,0.9994544386863708
8412,1.0
8413,1.0
8414,1.0
8415,0.9997204542160034
8416,1.0
8417,1.0
8418,1.0
8419,1.0
8420,0.999741792678833
8421,0.9995432496070862
8422,1.0
8423,0.9997924566268921
8424,0.9997828006744385
8425,0.9998911023139954
8426,1.0
8427,1.0
8428,1.0
8429,0.9995403289794922
8430,1.0
8431,1.0
8432,0.9995559453964233
8433,1.0
8434,0.9998961687088013
8435,0.9998929500579834
8436,1.0
8437,1.0
8438,1.0
8439,1.0
8440,0.9994244575500488
8441,1.0
8442,1.0
8443,0.9992592334747314
8444,1.0
8445,1.0
8446,0.9997177720069885
8447,1.0
8448,0.9995997548103333
8449,0.9998833537101746
8450,1.0
8451,0.9992237687110901
8452,1.0
8453,1.0
8454,1.0
8455,0.9997987151145935
8456,0.9997938275337219
8457,1.0
8458,0.9999011158943176
8459,0.9998976588249207
8460,1.0
8461,1.0
8462,0.9990459084510803
8463,1.0
8464,1.0
8465,0.9995598793029785
8466,0.9998877644538879
8467,0.9997719526290894
8468,1.0
8469,0.9998707175254822
8470,1.0
8471,1.0
8472,0.9996569752693176
8473,1.0
8474,1.0
8475,0.9993890523910522
8476,1.0
8477,0.9998910427093506
8478,1.0
8479,1.0
8480,0.9997750520706177
8481,1.0
8482,1.0
8483,0.9997864365577698
8484,1.0
8485,0.9999048709869385
8486,1.0
8487,1.0
8488,0.9998887777328491
8489,0.9997700452804565
8490,1.0
8491,1.0
8492,0.9998840093612671
8493,1.0
8494,0.9996415376663208
8495,0.9995096325874329
8496,1.0
8497,0.9997790455818176
8498,0.9998880624771118
8499,1.0
8500,1.0
8501,1.0
8502,0.9998687505722046
8503,0.9998727440834045
8504,0.9998752474784851
8505,0.999600350856781
8506,1.0
8507,1.0
8508,1.0
8509,0.9994767904281616
8510,1.0
8511,0.9998686909675598
8512,0.999746561050415
8513,1.0
8514,1.0
8515,1.0
8516,0.9997581243515015
8517,1.0
8518,0.9997846484184265
8519,1.0
8520,0.9997862577438354
8521,1.0
8522,0.9997935891151428
8523,1.0
8524,0.9991055727005005
8525,1.0
8526,1.0
8527,1.0
8528,0.9995368719100952
8529,0.9996628165245056
8530,1.0
8531,0.9998809695243835
8532,0.9995060563087463
8533,1.0
8534,0.9993909597396851
8535,1.0
8536,0.9996161460876465
8537,1.0
8538,0.9996427893638611
8539,1.0
8540,0.9998754858970642
8541,1.0
8542,0.9997862577438354
8543,1.0
8544,1.0
8545,0.9995899200439453
8546,1.0
8547,1.0
8548,0.9998930096626282
8549,1.0
8550,0.9997099041938782
8551,1.0
8552,0.9999016523361206
8553,0.9994996786117554
8554,1.0
8555,0.9997057318687439
8556,1.0
8557,0.9996622204780579
8558,0.9997853636741638
8559,0.9998839497566223
8560,1.0
8561,0.9998802542686462
8562,0.9998744130134583
8563,0.9998724460601807
8564,1.0
8565,1.0
8566,0.9998632669448853
8567,1.0
8568,1.0
8569,1.0
8570,1.0
8571,0.9995270371437073
8572,1.0
8573,0.9998654723167419
8574,1.0
8575,1.0
8576,0.9998660087585449
8577,0.9997501373291016
8578,1.0
8579,1.0
8580,0.9994611144065857
8581,1.0
8582,1.0
8583,1.0
8584,0.9992702603340149
8585,1.0
8586,0.9998891949653625
8587,1.0
8588,1.0
8589,0.9994601607322693
8590,1.0
8591,0.999433696269989
8592,1.0
8593,1.0
8594,1.0
8595,0.9995267987251282
8596,1.0
8597,0.9996106624603271
8598,1.0
8599,1.0
8600,1.0
8601,0.9994757771492004
8602,1.0
8603,1.0
8604,0.9995542764663696
8605,1.0
8606,0.9994255900382996
8607,1.0
8608,1.0
8609,0.9998730421066284
8610,1.0
8611,0.9993559122085571
8612,0.9998732805252075
8613,1.0
8614,1.0
8615,0.9997565150260925
8616,0.9993862509727478
8617,1.0
8618,1.0
8619,1.0
8620,0.9997594356536865
8621,1.0
8622,0.999768853187561
8623,1.0
8624,1.0
8625,0.9997437596321106
8626,1.0
8627,1.0
8628,0.9994029402732849
8629,1.0
8630,1.0
8631,0.9996016025543213
8632,1.0
8633,1.0
8634,1.0
8635,1.0
8636,0.9997994899749756
8637,1.0
8638,0.9997811317443848
8639,1.0
8640,1.0
8641,1.0
8642,0.999626100063324
8643,1.0
8644,1.0
8645,0.9997619986534119
8646,1.0
8647,0.9997698068618774
8648,1.0
8649,0.9997535347938538
8650,0.9996394515037537
8651,1.0
8652,0.9998774528503418
8653,0.9994513392448425
8654,1.0
8655,1.0
8656,0.999880313873291
8657,1.0
8658,0.9996591806411743
8659,1.0
8660,1.0
8661,1.0
8662,0.9992318749427795
8663,1.0
8664,0.9994337558746338
8665,1.0
8666,1.0
8667,1.0
8668,0.9997009634971619
8669,0.9999005794525146
8670,1.0
8671,0.9998931288719177
8672,0.9996529817581177
8673,1.0
8674,1.0
8675,1.0
8676,0.9997040629386902
8677,1.0
8678,1.0
8679,0.999420166015625
8680,1.0
8681,0.9995033144950867
8682,1.0
8683,0.9994518160820007
8684,1.0
8685,0.9989479184150696
8686,1.0
8687,1.0
8688,1.0
8689,1.0
8690,1.0
8691,0.9997401833534241
8692,1.0
8693,1.0
8694,1.0
8695,1.0
8696,0.9994114637374878
8697,1.0
8698,1.0
8699,0.9998041987419128
8700,1.0
8701,0.9997140169143677
8702,1.0
8703,0.9996484518051147
8704,1.0
8705,0.9999070167541504
8706,1.0
8707,0.999610185623169
8708,1.0
8709,1.0
8710,1.0
8711,0.9997861981391907
8712,0.9994720816612244
8713,1.0
8714,1.0
8715,1.0
8716,0.9997656941413879
8717,0.9997605681419373
8718,0.9992963671684265
8719,1.0
8720,1.0
8721,0.9993190765380859
8722,1.0
8723,1.0
8724,0.9997766017913818
8725,1.0
8726,0.9996627569198608
8727,1.0
8728,0.9998990893363953
8729,1.0
8730,1.0
8731,0.9996315240859985
8732,1.0
8733,1.0
8734,0.999912440776825
8735,1.0
8736,0.9995286464691162
8737,0.9998108148574829
8738,1.0
8739,0.9999041557312012
8740,0.9996017813682556
8741,1.0
8742,0.9997681379318237
8743,0.9998732805252075
8744,0.9998707175254822
8745,1.0
8746,1.0
8747,1.0
8748,1.0
8749,0.999850332736969
8750,1.0
8751,0.9998071193695068
8752,1.0
8753,1.0
8754,1.0
8755,0.9994825124740601
8756,1.0
8757,0.9998587965965271
8758,0.9997266530990601
8759,0.9997653961181641
8760,1.0
8761,1.0
8762,0.9998908638954163
8763,1.0
8764,0.9994484186172485
8765,1.0
8766,0.9998967051506042
8767,0.9997997879981995
8768,0.9997061491012573
8769,1.0
8770,1.0
8771,0.999911904335022
8772,1.0
8773,0.9999023675918579
8774,1.0
8775,0.9996894001960754
8776,1.0
8777,0.9995360970497131
8778,1.0
8779,0.9998842477798462
8780,0.9993985891342163
8781,1.0
8782,1.0
8783,0.9996463656425476
8784,1.0
8785,0.9998741149902344
8786,0.9998805522918701
8787,1.0
8788,0.9998851418495178
8789,1.0
8790,0.9995377659797668
8791,1.0
8792,1.0
8793,0.999884307384491
8794,1.0
8795,1.0
8796,0.9998868107795715
8797,1.0
8798,1.0
8799,0.999763011932373
8800,1.0
8801,1.0
8802,1.0
8803,0.9996256828308105
8804,1.0
8805,0.9996595978736877
8806,1.0
8807,1.0
8808,0.9993070960044861
8809,1.0
8810,1.0
8811,0.9994678497314453
8812,1.0
8813,1.0
8814,1.0
8815,1.0
8816,0.9997060298919678
8817,1.0
8818,0.999700129032135
8819,0.9995786547660828
8820,1.0
8821,0.9998485445976257
8822,0.9997239708900452
8823,1.0
8824,1.0
8825,0.9996401071548462
8826,1.0
8827,1.0
8828,0.9996438026428223
8829,1.0
8830,1.0
8831,0.9998694062232971
8832,0.9998693466186523
8833,1.0
8834,1.0
8835,0.99959796667099
8836,1.0
8837,0.9998732209205627
8838,0.9993671178817749
8839,1.0
8840,1.0
8841,1.0
8842,0.9997485876083374
8843,0.9998758435249329
8844,1.0
8845,0.9998947381973267
8846,0.9998973608016968
8847,0.999695360660553
8848,1.0
8849,1.0
8850,0.9996628761291504
8851,1.0
8852,1.0
8853,1.0
8854,1.0
8855,0.9997908473014832
8856,1.0
8857,1.0
8858,1.0
8859,1.0
8860,0.9995183348655701
8861,1.0
8862,1.0
8863,0.9997482895851135
8864,1.0
8865,0.9997532367706299
8866,0.9996218085289001
8867,1.0
8868,0.9997497200965881
8869,1.0
8870,1.0
8871,1.0
8872,0.999872088432312
8873,0.999609112739563
8874,0.9998593330383301
8875,1.0
8876,0.998910665512085
8877,1.0
8878,1.0
8879,0.9997704029083252
8880,1.0
8881,0.999428391456604
8882,0.9997808337211609
8883,1.0
8884,0.9999010562896729
8885,1.0
8886,0.9997828006744385
8887,1.0
8888,0.9996441006660461
8889,1.0
8890,0.9998714327812195
8891,1.0
8892,0.9996208548545837
8893,1.0
8894,1.0
8895,1.0
8896,0.9998738765716553
8897,0.9997360706329346
8898,1.0
8899,1.0
8900,0.999689519405365
8901,1.0
8902,0.9993533492088318
8903,1.0
8904,1.0
8905,0.999851405620575
8906,0.9997271299362183
8907,1.0
8908,1.0
8909,0.9994369745254517
8910,1.0
8911,0.9997817277908325
8912,0.9998995065689087
8913,0.9997039437294006
8914,1.0
8915,1.0
8916,0.9998065233230591
8917,1.0
8918,1.0
8919,0.999907374382019
8920,1.0
8921,0.9996094703674316
8922,1.0
8923,0.9999077916145325
8924,1.0
8925,1.0
8926,0.9997996687889099
8927,1.0
8928,0.9991670846939087
8929,1.0
8930,1.0
8931,0.999747097492218
8932,1.0
8933,1.0
8934,1.0
8935,0.9997406601905823
8936,1.0
8937,1.0
8938,1.0
8939,1.0
8940,0.9996795654296875
8941,1.0
8942,1.0
8943,0.9996721744537354
8944,1.0
8945,1.0
8946,1.0
8947,0.9996157884597778
8948,0.9999011158943176
8949,1.0
8950,0.9997097253799438
8951,0.9998010396957397
8952,1.0
8953,0.9998058676719666
8954,0.9997968077659607
8955,0.9998964667320251
8956,1.0
8957,1.0
8958,0.9996307492256165
8959,1.0
8960,0.99964839220047
8961,1.0
8962,0.9997808933258057
8963,1.0
8964,1.0
8965,0.9998775720596313
8966,1.0
8967,1.0
8968,1.0
8969,0.9997426867485046
8970,1.0
8971,1.0
8972,0.9996029734611511
8973,1.0
8974,0.9998890161514282
8975,1.0
8976,1.0
8977,1.0
8978,0.9997732639312744
8979,0.9997689723968506
8980,1.0
8981,1.0
8982,0.9992094039916992
8983,1.0
8984,0.9997729063034058
8985,1.0
8986,0.9998871088027954
8987,0.9998780488967896
8988,1.0
8989,1.0
8990,0.9996455311775208
8991,1.0
8992,0.9997474551200867
8993,1.0
8994,0.9998775720596313
8995,0.9994516968727112
8996,1.0
8997,1.0
8998,0.9995099306106567
8999,1.0
9000,1.0
9001,1.0
9002,1.0
9003,1.0
9004,0.9997637271881104
9005,0.9998807907104492
9006,0.9998849630355835
9007,0.9998908638954163
9008,1.0
9009,0.9995691776275635
9010,1.0
9011,1.0
9012,1.0
9013,0.9993918538093567
9014,1.0
9015,1.0
9016,0.9998856782913208
9017,1.0
9018,1.0
9019,0.9995872378349304
9020,1.0
9021,1.0
9022,1.0
9023,0.9996223449707031
9024,0.999872624874115
9025,1.0
9026,1.0
9027,1.0
9028,0.9998790621757507
9029,1.0
9030,0.9998922944068909
9031,0.9998967051506042
9032,1.0
9033,1.0
9034,0.9996601939201355
9035,1.0
9036,1.0
9037,1.0
9038,0.9998955130577087
9039,0.9998977184295654
9040,0.9996892213821411
9041,1.0
9042,0.9994394183158875
9043,1.0
9044,1.0
9045,0.9996243715286255
9046,1.0
9047,1.0
9048,1.0
9049,0.9996018409729004
9050,1.0
9051,1.0
9052,1.0
9053,1.0
9054,1.0
9055,1.0
9056,0.9997376799583435
9057,1.0
9058,0.9997619986534119
9059,0.9998981952667236
9060,1.0
9061,1.0
9062,1.0
9063,0.9995968341827393
9064,0.9999020099639893
9065,1.0
9066,1.0
9067,0.9997166395187378
9068,1.0
9069,0.9998026490211487
9070,0.9999077916145325
9071,1.0
9072,0.9998067617416382
9073,1.0
9074,1.0
9075,1.0
9076,0.9996736645698547
9077,0.9996484518051147
9078,1.0
9079,1.0
9080,0.9995939135551453
9081,1.0
9082,0.9996251463890076
9083,1.0
9084,0.9997527599334717
9085,1.0
9086,0.9992914795875549
9087,1.0
9088,0.9998478293418884
9089,1.0
9090,1.0
9091,1.0
9092,0.9994511604309082
9093,0.999733030796051
9094,1.0
9095,1.0
9096,0.9997388124465942
9097,1.0
9098,1.0
9099,1.0
9100,0.9998841285705566
9101,1.0
9102,0.9997674226760864
9103,1.0
9104,0.9995325803756714
9105,1.0
9106,1.0
9107,0.999658465385437
9108,1.0
9109,1.0
9110,1.0
9111,1.0
9112,0.9998818635940552
9113,1.0
9114,0.9998869299888611
9115,1.0
9116,1.0
9117,1.0
9118,0.9992877244949341
9119,1.0
9120,1.0
9121,0.9997826218605042
9122,1.0
9123,1.0
9124,0.9995693564414978
9125,1.0
9126,0.9995686411857605
9127,1.0
9128,1.0
9129,0.9998676776885986
9130,1.0
9131,0.999660074710846
9132,1.0
9133,0.9998779892921448
9134,0.9997633099555969
9135,1.0
9136,1.0
9137,0.9996455907821655
9138,1.0
9139,1.0
9140,0.999178409576416
9141,1.0
9142,1.0
9143,0.9998809099197388
9144,0.9998824000358582
9145,1.0
9146,1.0
9147,1.0
9148,0.9998763203620911
9149,1.0
9150,1.0
9151,0.9998795986175537
9152,0.999665379524231
9153,1.0
9154,1.0
9155,0.9998903274536133
9156,1.0
9157,1.0
9158,0.9998828172683716
9159,0.9998906254768372
9160,1.0
9161,0.9997617602348328
9162,0.9997662901878357
9163,1.0
9164,0.9996381998062134
9165,1.0
9166,1.0
9167,1.0
9168,1.0
9169,0.9997597336769104
9170,1.0
9171,1.0
9172,1.0
9173,0.999550998210907
9174,0.9996737241744995
9175,1.0
9176,0.9997916221618652
9177,1.0
9178,0.9997775554656982
9179,0.9997580647468567
9180,1.0
9181,0.9997758865356445
9182,1.0
9183,1.0
9184,0.9996778964996338
9185,0.9996998310089111
9186,1.0
9187,0.999481737613678
9188,0.999783456325531
9189,1.0
9190,1.0
9191,0.9997496008872986
9192,1.0
9193,1.0
9194,0.9997503161430359
9195,0.9998779296875
9196,1.0
9197,0.9997065663337708
9198,0.9995774030685425
9199,1.0
9200,0.9993399381637573
9201,1.0
9202,1.0
9203,1.0
9204,1.0
9205,1.0
9206,1.0
9207,0.9995689392089844
9208,1.0
9209,1.0
9210,0.999732255935669
9211,1.0
9212,1.0
9213,0.9995522499084473
9214,1.0
9215,0.999893307685852
9216,0.9998947381973267
9217,1.0
9218,0.9997929334640503
9219,1.0
9220,1.0
9221,0.9995870590209961
9222,1.0
9223,0.9997842311859131
9224,0.9997742772102356
9225,1.0
9226,0.9995772242546082
9227,1.0
9228,0.999373197555542
9229,1.0
9230,1.0
9231,1.0
9232,0.9996011257171631
9233,1.0
9234,0.9993569850921631
9235,1.0
9236,1.0
9237,0.9995833039283752
9238,0.9998610615730286
9239,1.0
9240,0.9993451833724976
9241,1.0
9242,1.0
9243,1.0
9244,1.0
9245,0.999603807926178
9246,1.0
9247,1.0
9248,1.0
9249,1.0
9250,1.0
9251,0.9993063807487488
9252,1.0
9253,0.999886155128479
9254,0.9995693564414978
9255,1.0
9256,0.9997819662094116
9257,1.0
9258,1.0
9259,1.0
9260,0.9994604587554932
9261,0.9996688365936279
9262,1.0
9263,0.9990497827529907
9264,1.0
9265,1.0
9266,1.0
9267,1.0
9268,0.9996284246444702
9269,0.9994688034057617
9270,0.9998708367347717
9271,1.0
9272,1.0
9273,1.0
9274,1.0
9275,0.9997593760490417
9276,1.0
9277,1.0
9278,1.0
9279,0.9996227622032166
9280,1.0
9281,0.9997624158859253
9282,1.0
9283,1.0
9284,1.0
9285,0.9996032118797302
9286,1.0
9287,0.9998874068260193
9288,1.0
9289,1.0
9290,1.0
9291,1.0
9292,1.0
9293,0.9998748302459717
9294,0.9998749494552612
9295,1.0
9296,1.0
9297,0.9997376203536987
9298,1.0
9299,0.999863862991333
9300,0.9992472529411316
9301,1.0
9302,0.9997178912162781
9303,1.0
9304,1.0
9305,1.0
9306,0.9997692108154297
9307,0.9998916387557983
9308,1.0
9309,1.0
9310,0.9997856616973877
9311,1.0
9312,0.9999061226844788
9313,1.0
9314,1.0
9315,0.9996355175971985
9316,1.0
9317,1.0
9318,0.9998971223831177
9319,0.999688982963562
9320,1.0
9321,0.999701738357544
9322,0.9998926520347595
9323,1.0
9324,0.9995535016059875
9325,1.0
9326,0.9998576641082764
9327,1.0
9328,1.0
9329,1.0
9330,0.9994867444038391
9331,0.9995741844177246
9332,1.0
9333,1.0
9334,1.0
9335,0.999870777130127
9336,1.0
9337,0.9994822144508362
9338,1.0
9339,0.9996759295463562
9340,0.9997848868370056
9341,1.0
9342,0.9998000860214233
9343,1.0
9344,0.9995384812355042
9345,1.0
9346,1.0
9347,0.9997297525405884
9348,0.9997258186340332
9349,1.0
9350,0.9998958706855774
9351,1.0
9352,1.0
9353,0.9997721910476685
9354,1.0
9355,0.9998882412910461
9356,1.0
9357,0.9997813701629639
9358,1.0
9359,0.9997497200965881
9360,1.0
9361,1.0
9362,1.0
9363,0.9994366765022278
9364,0.9997814297676086
9365,1.0
9366,1.0
9367,1.0
9368,0.9998902678489685
9369,1.0
9370,1.0
9371,1.0
9372,0.9997616410255432
9373,1.0
9374,0.9998757839202881
9375,1.0
9376,0.9998822808265686
9377,1.0
9378,0.9998906850814819
9379,0.9996373057365417
9380,1.0
9381,0.9998831152915955
9382,0.9996340274810791
9383,0.9997532367706299
9384,1.0
9385,1.0
9386,1.0
9387,1.0
9388,1.0
9389,1.0
9390,0.9995606541633606
9391,1.0
9392,0.9998795986175537
9393,0.9994343519210815
9394,1.0
9395,0.9998878836631775
9396,0.9998810887336731
9397,1.0
9398,1.0
9399,0.9997686147689819
9400,1.0
9401,0.9995203614234924
9402,1.0
9403,1.0
9404,0.9994566440582275
9405,1.0
9406,0.9998944997787476
9407,1.0
9408,0.9994792938232422
9409,1.0
9410,0.9995741248130798
9411,1.0
9412,0.9996789693832397
9413,1.0
9414,0.9997982978820801
9415,1.0
9416,1.0
9417,0.9997698068618774
9418,0.999879777431488
9419,1.0
9420,1.0
9421,0.9996951222419739
9422,1.0
9423,0.9998422861099243
9424,0.999844491481781
9425,0.9994937777519226
9426,1.0
9427,1.0
9428,0.9991775155067444
9429,1.0
9430,1.0
9431,1.0
9432,0.9995330572128296
9433,0.9997254014015198
9434,0.9998654723167419
9435,1.0
9436,1.0
9437,1.0
9438,1.0
9439,0.9997608065605164
9440,1.0
9441,0.9997723698616028
9442,1.0
9443,1.0
9444,1.0
9445,1.0
9446,0.9997977018356323
9447,1.0
9448,0.9996867775917053
9449,1.0
9450,1.0
9451,0.9998897910118103
9452,0.9997771978378296
9453,1.0
9454,0.9997693300247192
9455,1.0
9456,1.0
9457,0.9996519088745117
9458,0.9995323419570923
9459,1.0
9460,0.9998862743377686
9461,1.0
9462,1.0
9463,0.9997789859771729
9464,0.9996519088745117
9465,0.9998840093612671
9466,1.0
9467,0.9998783469200134
9468,1.0
9469,0.9997605681419373
9470,1.0
9471,0.9997616410255432
9472,0.9998794794082642
9473,1.0
9474,0.9994162917137146
9475,1.0
9476,1.0
9477,0.9998875856399536
9478,0.9995458126068115
9479,1.0
9480,0.9995136260986328
9481,1.0
9482,0.9993955492973328
9483,1.0
9484,1.0
9485,1.0
9486,0.9997573494911194
9487,1.0
9488,1.0
9489,0.9992995858192444
9490,1.0
9491,1.0
9492,0.9995399713516235
9493,0.9997447729110718
9494,1.0
9495,0.999275267124176
9496,1.0
9497,0.9992910027503967
9498,0.9998704195022583
9499,1.0
9500,1.0
9501,1.0
9502,1.0
9503,0.9996481537818909
9504,0.9997379183769226
9505,1.0
9506,0.9998628497123718
9507,0.9998559951782227
9508,1.0
9509,0.9997332096099854
9510,1.0
9511,1.0
9512,0.9998654127120972
9513,0.9996058940887451
9514,1.0
9515,0.9995077848434448
9516,1.0
9517,1.0
9518,0.9998836517333984
9519,0.9998840093612671
9520,1.0
9521,0.9997683167457581
9522,1.0
9523,1.0
9524,0.9997853636741638
9525,1.0
9526,0.9999017119407654
9527,0.999903678894043
9528,1.0
9529,1.0
9530,1.0
9531,0.999518632888794
9532,1.0
9533,1.0
9534,0.9997959733009338
9535,0.9994415044784546
9536,1.0
9537,1.0
9538,0.9995813965797424
9539,1.0
9540,0.9996829032897949
9541,0.999889075756073
9542,1.0
9543,0.9997788071632385
9544,0.9995530247688293
9545,1.0
9546,0.9997736811637878
9547,1.0
9548,0.9994509220123291
9549,1.0
9550,1.0
9551,1.0
9552,0.9998776316642761
9553,0.9998707175254822
9554,1.0
9555,1.0
9556,1.0
9557,0.9998887777328491
9558,1.0
9559,0.9998911023139954
9560,1.0
9561,0.9996494650840759
9562,1.0
9563,0.9998942017555237
9564,1.0
9565,0.999793529510498
9566,1.0
9567,0.9993885159492493
9568,1.0
9569,0.9992398023605347
9570,1.0
9571,0.9998825788497925
9572,0.9998843669891357
9573,1.0
9574,1.0
9575,0.9993929862976074
9576,1.0
9577,1.0
9578,1.0
9579,0.9995191097259521
9580,0.9995072484016418
9581,1.0
9582,0.9995869398117065
9583,1.0
9584,0.9992650747299194
9585,1.0
9586,1.0
9587,0.9997770190238953
9588,1.0
9589,1.0
9590,0.9997943043708801
9591,1.0
9592,1.0
9593,0.9995003938674927
9594,1.0
9595,0.999717652797699
9596,1.0
9597,0.9996381402015686
9598,1.0
9599,1.0
9600,1.0
9601,1.0
9602,0.9997918009757996
9603,0.9996646046638489
9604,1.0
9605,1.0
9606,0.999879777431488
9607,1.0
9608,0.9998763203620911
9609,0.9998753666877747
9610,1.0
9611,1.0
9612,0.9997265934944153
9613,0.9997445344924927
9614,1.0
9615,0.9993681907653809
9616,1.0
9617,0.9998714327812195
9618,0.9998742341995239
9619,1.0
9620,0.999518632888794
9621,0.9998782873153687
9622,1.0
9623,0.9998838901519775
9624,0.9998903274536133
9625,1.0
9626,0.9998871684074402
9627,0.999673068523407
9628,1.0
9629,0.9998882412910461
9630,0.9997820258140564
9631,1.0
9632,0.9997949004173279
9633,1.0
9634,1.0
9635,1.0
9636,0.9995752573013306
9637,1.0
9638,0.9998827576637268
9639,0.9998819231987
9640,0.9998801350593567
9641,1.0
9642,0.9998823404312134
9643,0.999527633190155
9644,1.0
9645,0.9997676014900208
9646,1.0
9647,0.9997561573982239
9648,1.0
9649,1.0
9650,0.9994574189186096
9651,1.0
9652,0.9998739361763
9653,1.0
9654,0.9998729228973389
9655,1.0
9656,0.9996297359466553
9657,1.0
9658,0.9996463060379028
9659,1.0
9660,0.9995959401130676
9661,1.0
9662,0.9994136691093445
9663,1.0
9664,0.9994968771934509
9665,1.0
9666,1.0
9667,1.0
9668,0.9999006986618042
9669,0.9992635250091553
9670,1.0
9671,0.9996829032897949
9672,0.9997753500938416
9673,1.0
9674,1.0
9675,1.0
9676,0.9995898604393005
9677,0.9998958706855774
9678,1.0
9679,0.9995456337928772
9680,1.0
9681,0.9995324611663818
9682,1.0
9683,0.9997649192810059
9684,1.0
9685,1.0
9686,1.0
9687,0.9997410178184509
9688,0.9998779296875
9689,0.9997649192810059
9690,0.9997669458389282
9691,0.9997643828392029
9692,1.0
9693,0.9996083378791809
9694,1.0
9695,0.9997427463531494
9696,0.9995858073234558
9697,1.0
9698,0.9995863437652588
9699,1.0
9700,0.9997298121452332
9701,1.0
9702,0.9998745322227478
9703,0.9996212124824524
9704,1.0
9705,0.9998802542686462
9706,1.0
9707,0.9997503161430359
9708,1.0
9709,1.0
9710,0.9992735981941223
9711,1.0
9712,1.0
9713,1.0
9714,0.9995260238647461
9715,1.0
9716,1.0
9717,1.0
9718,1.0
9719,1.0
9720,1.0
9721,0.999775230884552
9722,0.9997751712799072
9723,1.0
9724,1.0
9725,0.999877393245697
9726,1.0
9727,1.0
9728,1.0
9729,0.9996421337127686
9730,0.9996445775032043
9731,1.0
9732,0.9998841285705566
9733,1.0
9734,0.999229371547699
9735,1.0
9736,0.9998724460601807
9737,1.0
9738,1.0
9739,0.999413788318634
9740,1.0
9741,0.9996495842933655
9742,0.999281108379364
9743,1.0
9744,0.9995207190513611
9745,1.0
9746,1.0
9747,0.9997445344924927
9748,0.9996119737625122
9749,1.0
9750,1.0
9751,0.9993772506713867
9752,1.0
9753,0.9998748898506165
9754,1.0
9755,1.0
9756,1.0
9757,0.9998590350151062
9758,1.0
9759,1.0
9760,0.9998624920845032
9761,1.0
9762,0.9998638033866882
9763,0.9994470477104187
9764,1.0
9765,1.0
9766,1.0
9767,0.9996183514595032
9768,1.0
9769,0.9997599124908447
9770,0.9998692274093628
9771,1.0
9772,1.0
9773,0.9998863339424133
9774,0.9998906254768372
9775,1.0
9776,1.0
9777,1.0
9778,0.9998874068260193
9779,0.9997903108596802
9780,1.0
9781,1.0
9782,1.0
9783,0.9994760751724243
9784,1.0
9785,0.9997846484184265
9786,1.0
9787,0.9998911023139954
9788,0.9993849396705627
9789,1.0
9790,0.999407172203064
9791,1.0
9792,0.9997175931930542
9793,1.0
9794,0.9994819760322571
9795,0.9996346235275269
9796,1.0
9797,1.0
9798,0.9997333884239197
9799,1.0
9800,1.0
9801,1.0
9802,0.9996122717857361
9803,1.0
9804,1.0
9805,0.9993792176246643
9806,1.0
9807,0.9998828172683716
9808,1.0
9809,0.9995214343070984
9810,1.0
9811,1.0
9812,1.0
9813,0.9996862411499023
9814,1.0
9815,1.0
9816,1.0
9817,0.9996782541275024
9818,1.0
9819,1.0
9820,0.9996731877326965
9821,1.0
9822,1.0
9823,1.0
9824,0.999428391456604
9825,1.0
9826,1.0
9827,1.0
9828,0.9998765587806702
9829,1.0
9830,1.0
9831,0.9997418522834778
9832,1.0
9833,0.9995516538619995
9834,1.0
9835,1.0
9836,0.9998979568481445
9837,1.0
9838,1.0
9839,1.0
9840,0.9995585680007935
9841,1.0
9842,1.0
9843,0.9998977184295654
9844,0.9998035430908203
9845,1.0
9846,1.0
9847,0.9997818470001221
9848,1.0
9849,0.9997916221618652
9850,1.0
9851,0.9993005990982056
9852,1.0
9853,1.0
9854,0.9994246959686279
9855,0.999882698059082
9856,1.0
9857,0.9998746514320374
9858,1.0
9859,0.9998704791069031
9860,1.0
9861,1.0
9862,1.0
9863,0.9998806118965149
9864,0.9997595548629761
9865,1.0
9866,0.9998786449432373
9867,1.0
9868,0.9997500777244568
9869,1.0
9870,1.0
9871,0.9996134638786316
9872,0.9997576475143433
9873,1.0
9874,1.0
9875,0.9997482299804688
9876,1.0
9877,0.9995093941688538
9878,1.0
9879,1.0
9880,1.0
9881,0.9995529055595398
9882,1.0
9883,0.999434769153595
9884,1.0
9885,1.0
9886,1.0
9887,0.999768853187561
9888,1.0
9889,1.0
9890,0.9998836517333984
9891,0.999415934085846
9892,1.0
9893,1.0
9894,0.9998785853385925
9895,1.0
9896,0.9997672438621521
9897,0.999886155128479
9898,1.0
9899,0.9991437196731567
9900,1.0
9901,0.999761164188385
9902,0.999893307685852
9903,1.0
9904,0.9998847246170044
9905,1.0
9906,1.0
9907,0.9998903274536133
9908,0.9998899698257446
9909,1.0
9910,1.0
9911,1.0
9912,0.9996159076690674
9913,1.0
9914,1.0
9915,1.0
9916,0.9992901682853699
9917,1.0
9918,0.999858021736145
9919,0.9998698234558105
9920,0.9993821382522583
9921,1.0
9922,0.9997302293777466
9923,1.0
9924,0.9996083378791809
9925,0.9998847842216492
9926,1.0
9927,0.9998912215232849
9928,0.9998918175697327
9929,1.0
9930,1.0
9931,0.9995278120040894
9932,1.0
9933,1.0
9934,1.0
9935,0.9994995594024658
9936,1.0
9937,0.9996891021728516
9938,1.0
9939,0.999390184879303
9940,1.0
9941,0.9998937845230103
9942,0.9998880624771118
9943,1.0
9944,0.9997601509094238
9945,1.0
9946,1.0
9947,0.9994589686393738
9948,1.0
9949,0.9997515678405762
9950,1.0
9951,0.999608039855957
9952,1.0
9953,0.9998584389686584
9954,1.0
9955,0.999260663986206
9956,1.0
9957,1.0
9958,0.9992913603782654
9959,1.0
9960,0.9994906187057495
9961,1.0
9962,1.0
9963,1.0
9964,0.9995937943458557
9965,1.0
9966,1.0
9967,1.0
9968,1.0
9969,0.9997494220733643
9970,1.0
9971,1.0
9972,1.0
9973,0.9998754858970642
9974,1.0
9975,0.9998894929885864
9976,1.0
9977,1.0
9978,0.9994776248931885
9979,0.9997294545173645
9980,1.0
9981,1.0
9982,1.0
9983,0.9998603463172913
9984,0.9998717308044434
9985,0.9997363686561584
9986,1.0
9987,0.9998745322227478
9988,0.999761164188385
9989,1.0
9990,0.9995355606079102
9991,1.0
9992,1.0
9993,0.9999087452888489
9994,0.9997178912162781
9995,1.0
9996,0.9999068975448608
9997,1.0
9998,0.9998012185096741
9999,0.9995942711830139
10000,1.0
