Step,Value
0,212160.0
1,212160.0
2,211520.0
3,200320.0
4,203840.0
5,78400.0
6,201920.0
7,201920.0
8,202880.0
9,195200.0
10,70400.0
11,0.0
12,164480.0
13,156800.0
14,162560.0
15,62400.0
16,156800.0
17,158720.0
18,67200.0
19,171840.0
20,162560.0
21,64000.0
22,166400.0
23,145920.0
24,159680.0
25,167360.0
26,152640.0
27,164160.0
28,154240.0
29,149440.0
30,62400.0
31,152960.0
32,160960.0
33,156800.0
34,62400.0
35,161280.0
36,166400.0
37,175680.0
38,198080.0
39,73280.0
40,179520.0
41,74880.0
42,0.0
43,189440.0
44,201600.0
45,79680.0
46,192960.0
47,202240.0
48,211840.0
49,81600.0
50,204480.0
51,194880.0
52,203840.0
53,188800.0
54,78400.0
55,193920.0
56,200640.0
57,183040.0
58,190400.0
59,74880.0
60,197440.0
61,192320.0
62,190720.0
63,192320.0
64,75200.0
65,1600.0
66,199040.0
67,191680.0
68,185600.0
69,182080.0
70,187520.0
71,186880.0
72,195200.0
73,190400.0
74,192000.0
75,188160.0
76,182720.0
77,73600.0
78,201920.0
79,197120.0
80,200000.0
81,186560.0
82,189760.0
83,73600.0
84,184320.0
85,181440.0
86,188480.0
87,186880.0
88,179520.0
89,181120.0
90,189120.0
91,186880.0
92,73600.0
93,195520.0
94,182080.0
95,75200.0
96,201280.0
97,195200.0
98,74880.0
99,183040.0
100,182400.0
101,171840.0
102,173120.0
103,68800.0
104,0.0
105,3200.0
106,0.0
107,178880.0
108,68800.0
109,179840.0
110,67200.0
111,166080.0
112,65600.0
113,166720.0
114,168960.0
115,174400.0
116,70400.0
117,3200.0
118,173440.0
119,68800.0
120,0.0
121,0.0
122,3200.0
123,158720.0
124,68800.0
125,0.0
126,3200.0
127,1600.0
128,172800.0
129,72000.0
130,0.0
131,0.0
132,1600.0
133,0.0
134,0.0
135,0.0
136,1600.0
137,0.0
138,0.0
139,0.0
140,1600.0
141,1600.0
142,3200.0
143,1600.0
144,1600.0
145,0.0
146,0.0
147,1600.0
148,0.0
149,0.0
150,0.0
151,0.0
152,1600.0
153,1600.0
154,3200.0
155,0.0
156,1600.0
157,1600.0
158,1600.0
159,0.0
160,1600.0
161,0.0
162,0.0
163,0.0
164,1600.0
165,1600.0
166,0.0
167,0.0
168,0.0
169,0.0
170,1600.0
171,1600.0
172,1600.0
173,0.0
174,1600.0
175,0.0
176,1600.0
177,0.0
178,0.0
179,0.0
180,0.0
181,0.0
182,0.0
183,0.0
184,1600.0
185,0.0
186,1600.0
187,0.0
188,0.0
189,0.0
190,1600.0
191,0.0
192,0.0
193,0.0
194,1600.0
195,0.0
196,0.0
197,0.0
198,0.0
199,1600.0
200,0.0
201,0.0
202,0.0
203,1600.0
204,6400.0
205,1600.0
206,0.0
207,0.0
208,0.0
209,0.0
210,1600.0
211,0.0
212,0.0
213,1600.0
214,0.0
215,0.0
216,0.0
217,200320.0
218,201280.0
219,81280.0
220,199040.0
221,206400.0
222,193280.0
223,200320.0
224,181120.0
225,201600.0
226,204800.0
227,200320.0
228,188160.0
229,197440.0
230,191360.0
231,207040.0
232,196800.0
233,200960.0
234,205120.0
235,201920.0
236,200640.0
237,199360.0
238,208320.0
239,197440.0
240,203200.0
241,204800.0
242,202240.0
243,205120.0
244,193280.0
245,198720.0
246,192640.0
247,191360.0
248,187840.0
249,205440.0
250,196480.0
251,192640.0
252,183360.0
253,195200.0
254,189760.0
255,195520.0
256,188800.0
257,190080.0
258,211840.0
259,204800.0
260,197440.0
261,207040.0
262,208320.0
263,202240.0
264,203840.0
265,188160.0
266,180480.0
267,191360.0
268,177920.0
269,184960.0
270,189440.0
271,182720.0
272,195200.0
273,188800.0
274,191040.0
275,196480.0
276,200000.0
277,185920.0
278,186240.0
279,193280.0
280,195200.0
281,197760.0
282,195520.0
283,192960.0
284,190080.0
285,179520.0
286,177920.0
287,167680.0
288,164160.0
289,166720.0
290,164480.0
291,169920.0
292,168000.0
293,162240.0
294,175360.0
295,175040.0
296,176960.0
297,178880.0
298,181120.0
299,185280.0
300,176320.0
301,185600.0
302,168000.0
303,180480.0
304,176960.0
305,187840.0
306,196480.0
307,196160.0
308,181120.0
309,199680.0
310,205120.0
311,198400.0
312,204800.0
313,193280.0
314,185600.0
315,201280.0
316,190080.0
317,179840.0
318,175360.0
319,183040.0
320,176640.0
321,174080.0
322,170560.0
323,165440.0
324,175040.0
325,168640.0
326,178560.0
327,186880.0
328,203520.0
329,202560.0
330,207040.0
331,195200.0
332,201920.0
333,195200.0
334,204480.0
335,201920.0
336,200000.0
337,197760.0
338,190720.0
339,188800.0
340,195200.0
341,183040.0
342,189760.0
343,193920.0
344,183040.0
345,175360.0
346,183040.0
347,192320.0
348,195520.0
349,203840.0
350,197440.0
351,187200.0
352,185280.0
353,197760.0
354,195840.0
355,196480.0
356,201600.0
357,192960.0
358,189440.0
359,194240.0
360,192320.0
361,177920.0
362,190080.0
363,171200.0
364,178560.0
365,168320.0
366,174400.0
367,184960.0
368,175680.0
369,176640.0
370,178560.0
371,161920.0
372,151040.0
373,151360.0
374,153600.0
375,169920.0
376,157120.0
377,148800.0
378,168640.0
379,166400.0
380,166720.0
381,166400.0
382,167040.0
383,161600.0
384,165440.0
385,162880.0
386,155840.0
387,144320.0
388,160640.0
389,149760.0
390,150400.0
391,160320.0
392,160000.0
393,162240.0
394,162240.0
395,175680.0
396,170560.0
397,174400.0
398,165760.0
399,170240.0
400,167360.0
401,174400.0
402,170560.0
403,170880.0
404,175360.0
405,164800.0
406,151680.0
407,149120.0
408,165120.0
409,138560.0
410,144320.0
411,140800.0
412,148160.0
413,158400.0
414,152640.0
415,152000.0
416,165120.0
417,174720.0
418,178880.0
419,180480.0
420,178560.0
421,196800.0
422,193280.0
423,190080.0
424,200000.0
425,198080.0
426,195840.0
427,201280.0
428,202880.0
429,225280.0
430,212160.0
431,216320.0
432,217920.0
433,224320.0
434,215680.0
435,210880.0
436,211520.0
437,216640.0
438,215360.0
439,219200.0
440,215680.0
441,217600.0
442,208640.0
443,196480.0
444,198720.0
445,196480.0
446,188480.0
447,181440.0
448,181440.0
449,183040.0
450,182080.0
451,181440.0
452,183680.0
453,179200.0
454,177600.0
455,165120.0
456,174720.0
457,178240.0
458,171520.0
459,163200.0
460,177920.0
461,161280.0
462,158720.0
463,167360.0
464,161280.0
465,168640.0
466,167680.0
467,172160.0
468,165760.0
469,176960.0
470,181120.0
471,167040.0
472,163520.0
473,164800.0
474,170240.0
475,172160.0
476,169280.0
477,162560.0
478,173760.0
479,172800.0
480,179520.0
481,172160.0
482,172480.0
483,173440.0
484,172800.0
485,171200.0
486,160640.0
487,164800.0
488,168320.0
489,160320.0
490,159680.0
491,152000.0
492,159040.0
493,155840.0
494,154240.0
495,158400.0
496,170240.0
497,178240.0
498,170880.0
499,174400.0
500,187200.0
501,176320.0
502,183040.0
503,185600.0
504,186880.0
505,192640.0
506,185600.0
507,205120.0
508,203520.0
509,196800.0
510,199680.0
511,199360.0
512,199680.0
513,200000.0
514,203840.0
515,190720.0
516,184960.0
517,199360.0
518,191680.0
519,184640.0
520,186560.0
521,182720.0
522,188800.0
523,194560.0
524,184320.0
525,182720.0
526,184320.0
527,197440.0
528,190720.0
529,199040.0
530,186880.0
531,196800.0
532,200320.0
533,188480.0
534,201280.0
535,196480.0
536,214400.0
537,205760.0
538,214400.0
539,211520.0
540,204800.0
541,218560.0
542,228480.0
543,216000.0
544,213120.0
545,228800.0
546,221760.0
547,216640.0
548,220800.0
549,217920.0
550,224000.0
551,224960.0
552,213760.0
553,216640.0
554,218560.0
555,219520.0
556,215680.0
557,206720.0
558,211840.0
559,206080.0
560,211200.0
561,207040.0
562,216960.0
563,216960.0
564,219520.0
565,216000.0
566,216320.0
567,226880.0
568,215680.0
569,225920.0
570,217280.0
571,217600.0
572,212800.0
573,211520.0
574,206400.0
575,212480.0
576,200960.0
577,201600.0
578,199040.0
579,198400.0
580,207040.0
581,201600.0
582,189760.0
583,193280.0
584,197120.0
585,189440.0
586,194560.0
587,191680.0
588,189760.0
589,181120.0
590,192640.0
591,193600.0
592,190720.0
593,192640.0
594,177280.0
595,196160.0
596,183680.0
597,196480.0
598,190400.0
599,194560.0
600,203520.0
601,204480.0
602,213120.0
603,203520.0
604,206400.0
605,209280.0
606,208640.0
607,203520.0
608,198720.0
609,210560.0
610,197760.0
611,194880.0
612,190720.0
613,181120.0
614,181440.0
615,192000.0
616,176960.0
617,178560.0
618,173760.0
619,172800.0
620,169920.0
621,172480.0
622,159040.0
623,156480.0
624,160320.0
625,162240.0
626,155520.0
627,156160.0
628,146880.0
629,147840.0
630,132160.0
631,151040.0
632,149760.0
633,154240.0
634,156800.0
635,163840.0
636,150720.0
637,155520.0
638,143680.0
639,159040.0
640,152640.0
641,175360.0
642,157440.0
643,152320.0
644,150720.0
645,152000.0
646,161280.0
647,156480.0
648,155200.0
649,162240.0
650,151040.0
651,150400.0
652,152000.0
653,143040.0
654,141440.0
655,151360.0
656,152960.0
657,162560.0
658,156800.0
659,155200.0
660,160640.0
661,163840.0
662,171840.0
663,175680.0
664,163200.0
665,180480.0
666,176000.0
667,178240.0
668,187840.0
669,176640.0
670,179200.0
671,176320.0
672,180800.0
673,190720.0
674,187520.0
675,187520.0
676,189760.0
677,209280.0
678,192320.0
679,196160.0
680,196800.0
681,198400.0
682,200640.0
683,198720.0
684,208000.0
685,199040.0
686,209280.0
687,200960.0
688,212160.0
689,212160.0
690,216640.0
691,223040.0
692,216000.0
693,224960.0
694,223040.0
695,221440.0
696,214720.0
697,215040.0
698,209600.0
699,222400.0
700,210240.0
701,207680.0
702,208320.0
703,221760.0
704,217920.0
705,220160.0
706,203200.0
707,206720.0
708,212800.0
709,220160.0
710,218560.0
711,217280.0
712,202560.0
713,205440.0
714,191680.0
715,201920.0
716,186880.0
717,192320.0
718,201920.0
719,201280.0
720,201600.0
721,204480.0
722,200000.0
723,194880.0
724,210880.0
725,200640.0
726,198080.0
727,187200.0
728,192320.0
729,192640.0
730,181760.0
731,196800.0
732,183360.0
733,188800.0
734,198400.0
735,188160.0
736,191360.0
737,178240.0
738,178240.0
739,182400.0
740,169280.0
741,170880.0
742,167360.0
743,175040.0
744,169920.0
745,172800.0
746,161600.0
747,168640.0
748,155520.0
749,152960.0
750,149120.0
751,152640.0
752,152320.0
753,146880.0
754,147840.0
755,147520.0
756,134080.0
757,124800.0
758,123840.0
759,117760.0
760,125440.0
761,139200.0
762,138560.0
763,122560.0
764,126720.0
765,130240.0
766,130880.0
767,132800.0
768,133440.0
769,140160.0
770,151040.0
771,149120.0
772,145600.0
773,140160.0
774,142400.0
775,145920.0
776,146880.0
777,151360.0
778,154560.0
779,166080.0
780,174720.0
781,177280.0
782,168320.0
783,162240.0
784,165120.0
785,157760.0
786,149120.0
787,146880.0
788,145280.0
789,152000.0
790,143040.0
791,143040.0
792,144320.0
793,134720.0
794,130240.0
795,140800.0
796,134720.0
797,150080.0
798,149440.0
799,147200.0
800,149120.0
801,149440.0
802,152000.0
803,167360.0
804,162560.0
805,156480.0
806,155200.0
807,174400.0
808,176000.0
809,172800.0
810,171200.0
811,170240.0
812,179840.0
813,188160.0
814,185600.0
815,185600.0
816,190400.0
817,196480.0
818,194560.0
819,187840.0
820,180160.0
821,185920.0
822,199040.0
823,190080.0
824,187200.0
825,183360.0
826,189760.0
827,182080.0
828,187200.0
829,182400.0
830,189440.0
831,188480.0
832,203200.0
833,212160.0
834,208960.0
835,213120.0
836,200320.0
837,215360.0
838,211520.0
839,206720.0
840,206720.0
841,203520.0
842,213120.0
843,206400.0
844,211840.0
845,208320.0
846,208960.0
847,206080.0
848,209600.0
849,215360.0
850,218240.0
851,214400.0
852,199680.0
853,200640.0
854,211840.0
855,184640.0
856,194240.0
857,180480.0
858,178240.0
859,181760.0
860,173760.0
861,171520.0
862,177280.0
863,175360.0
864,172160.0
865,177600.0
866,173760.0
867,170560.0
868,168640.0
869,160000.0
870,174400.0
871,167040.0
872,161600.0
873,167040.0
874,157120.0
875,152960.0
876,153920.0
877,160320.0
878,164160.0
879,172480.0
880,159360.0
881,156480.0
882,159680.0
883,154240.0
884,156480.0
885,153280.0
886,160640.0
887,170560.0
888,158080.0
889,160000.0
890,161600.0
891,159680.0
892,178880.0
893,173120.0
894,174080.0
895,165760.0
896,160960.0
897,164160.0
898,176960.0
899,170560.0
900,171840.0
901,171200.0
902,170240.0
903,157440.0
904,167040.0
905,171520.0
906,159360.0
907,154240.0
908,162880.0
909,170240.0
910,157120.0
911,168000.0
912,159680.0
913,155520.0
914,150400.0
915,156800.0
916,160960.0
917,152000.0
918,151360.0
919,160960.0
920,149760.0
921,165120.0
922,169280.0
923,166400.0
924,167040.0
925,170560.0
926,166400.0
927,182400.0
928,182720.0
929,182080.0
930,177920.0
931,162880.0
932,165440.0
933,188160.0
934,175040.0
935,193600.0
936,185920.0
937,171840.0
938,176640.0
939,184000.0
940,193600.0
941,191040.0
942,180800.0
943,178880.0
944,194880.0
945,195520.0
946,190080.0
947,194560.0
948,188480.0
949,191040.0
950,195200.0
951,181440.0
952,189760.0
953,197120.0
954,201920.0
955,194880.0
956,178880.0
957,189120.0
958,168640.0
959,172480.0
960,177280.0
961,178560.0
962,168960.0
963,177920.0
964,178880.0
965,176000.0
966,183040.0
967,193920.0
968,178240.0
969,171840.0
970,181440.0
971,177600.0
972,179840.0
973,186560.0
974,184640.0
975,181440.0
976,185920.0
977,192000.0
978,188800.0
979,200960.0
980,190720.0
981,199360.0
982,192640.0
983,195200.0
984,193280.0
985,190080.0
986,183040.0
987,197120.0
988,191680.0
989,178880.0
990,197760.0
991,209920.0
992,194240.0
993,196480.0
994,203520.0
995,193920.0
996,186240.0
997,200640.0
998,200640.0
999,201600.0
1000,189440.0
1001,183680.0
1002,179840.0
1003,197440.0
1004,194240.0
1005,189120.0
1006,188160.0
1007,186560.0
1008,184960.0
1009,185920.0
1010,188160.0
1011,190080.0
1012,195200.0
1013,187840.0
1014,200640.0
1015,192640.0
1016,200640.0
1017,205760.0
1018,205440.0
1019,208320.0
1020,208320.0
1021,201600.0
1022,195200.0
1023,202240.0
1024,189120.0
1025,195200.0
1026,184960.0
1027,189440.0
1028,192000.0
1029,187200.0
1030,190080.0
1031,199040.0
1032,192000.0
1033,193280.0
1034,201600.0
1035,191040.0
1036,186880.0
1037,200960.0
1038,195520.0
1039,180160.0
1040,186240.0
1041,188160.0
1042,190400.0
1043,181760.0
1044,195520.0
1045,204160.0
1046,195200.0
1047,196800.0
1048,193280.0
1049,197120.0
1050,193600.0
1051,191040.0
1052,190400.0
1053,188480.0
1054,192640.0
1055,202560.0
1056,190080.0
1057,200960.0
1058,200320.0
1059,191680.0
1060,204480.0
1061,196800.0
1062,205120.0
1063,210880.0
1064,198720.0
1065,193600.0
1066,205760.0
1067,196800.0
1068,195520.0
1069,208320.0
1070,199360.0
1071,180800.0
1072,182720.0
1073,200320.0
1074,201600.0
1075,214080.0
1076,203200.0
1077,196480.0
1078,195520.0
1079,214080.0
1080,220800.0
1081,232320.0
1082,230720.0
1083,224320.0
1084,224000.0
1085,212160.0
1086,223360.0
1087,213120.0
1088,219200.0
1089,220480.0
1090,210560.0
1091,223680.0
1092,236160.0
1093,211840.0
1094,224000.0
1095,231040.0
1096,227200.0
1097,230720.0
1098,230720.0
1099,240960.0
1100,228800.0
1101,230720.0
1102,241600.0
1103,228160.0
1104,235200.0
1105,226880.0
1106,228160.0
1107,236800.0
1108,235840.0
1109,229760.0
1110,221760.0
1111,234560.0
1112,226240.0
1113,220800.0
1114,229440.0
1115,221120.0
1116,226240.0
1117,211200.0
1118,216960.0
1119,207040.0
1120,199680.0
1121,211520.0
1122,217280.0
1123,215040.0
1124,198720.0
1125,179840.0
1126,195200.0
1127,170880.0
1128,187840.0
1129,184960.0
1130,171840.0
1131,186880.0
1132,187200.0
1133,184000.0
1134,184960.0
1135,180480.0
1136,187840.0
1137,200320.0
1138,192640.0
1139,193600.0
1140,173760.0
1141,179200.0
1142,188800.0
1143,195520.0
1144,191360.0
1145,186560.0
1146,193920.0
1147,189440.0
1148,190720.0
1149,199360.0
1150,209600.0
1151,204160.0
1152,201280.0
1153,194240.0
1154,205120.0
1155,208640.0
1156,198720.0
1157,200960.0
1158,182720.0
1159,183040.0
1160,175360.0
1161,176000.0
1162,172480.0
1163,170560.0
1164,166720.0
1165,168640.0
1166,178240.0
1167,173440.0
1168,187840.0
1169,179200.0
1170,176000.0
1171,185280.0
1172,184320.0
1173,176640.0
1174,179200.0
1175,173440.0
1176,181120.0
1177,178240.0
1178,192320.0
1179,192320.0
1180,185280.0
1181,202560.0
1182,212480.0
1183,208000.0
1184,207680.0
1185,192640.0
1186,210880.0
1187,211200.0
1188,206720.0
1189,214720.0
1190,210880.0
1191,214720.0
1192,205120.0
1193,216000.0
1194,205120.0
1195,203200.0
1196,191040.0
1197,195840.0
1198,192320.0
1199,200640.0
1200,202560.0
1201,195840.0
1202,194560.0
1203,198720.0
1204,200960.0
1205,206400.0
1206,203840.0
1207,195200.0
1208,200960.0
1209,194880.0
1210,196800.0
1211,199040.0
1212,192320.0
1213,179840.0
1214,192640.0
1215,200960.0
1216,187200.0
1217,185280.0
1218,185920.0
1219,169600.0
1220,175040.0
1221,169600.0
1222,169280.0
1223,178560.0
1224,182400.0
1225,185600.0
1226,185920.0
1227,186880.0
1228,177280.0
1229,180800.0
1230,180480.0
1231,196800.0
1232,182400.0
1233,196480.0
1234,195520.0
1235,206400.0
1236,209600.0
1237,206400.0
1238,195200.0
1239,189440.0
1240,193280.0
1241,198720.0
1242,187840.0
1243,189760.0
1244,181760.0
1245,196480.0
1246,196800.0
1247,191680.0
1248,186240.0
1249,184000.0
1250,194880.0
1251,189120.0
1252,175680.0
1253,192320.0
1254,186880.0
1255,198400.0
1256,205760.0
1257,191040.0
1258,200640.0
1259,183360.0
1260,202560.0
1261,201600.0
1262,196480.0
1263,208640.0
1264,208640.0
1265,209280.0
1266,203520.0
1267,194880.0
1268,199360.0
1269,193920.0
1270,198400.0
1271,206720.0
1272,207040.0
1273,213440.0
1274,200000.0
1275,208960.0
1276,204480.0
1277,203520.0
1278,204480.0
1279,200960.0
1280,189760.0
1281,198720.0
1282,205120.0
1283,201600.0
1284,195520.0
1285,206080.0
1286,199680.0
1287,204160.0
1288,194240.0
1289,196480.0
1290,193600.0
1291,193920.0
1292,192960.0
1293,184320.0
1294,180800.0
1295,183680.0
1296,165120.0
1297,162240.0
1298,154240.0
1299,158400.0
1300,157440.0
1301,155200.0
1302,159360.0
1303,165440.0
1304,173120.0
1305,169920.0
1306,171200.0
1307,159680.0
1308,149760.0
1309,139840.0
1310,141120.0
1311,143360.0
1312,148480.0
1313,142080.0
1314,150080.0
1315,150720.0
1316,149120.0
1317,155520.0
1318,156800.0
1319,145920.0
1320,150720.0
1321,144000.0
1322,143680.0
1323,156160.0
1324,154560.0
1325,158080.0
1326,165440.0
1327,158720.0
1328,163840.0
1329,152320.0
1330,149440.0
1331,151360.0
1332,156160.0
1333,152320.0
1334,157440.0
1335,152320.0
1336,147520.0
1337,146560.0
1338,147840.0
1339,157760.0
1340,138240.0
1341,141760.0
1342,148160.0
1343,148800.0
1344,146240.0
1345,148480.0
1346,146880.0
1347,149440.0
1348,155520.0
1349,165440.0
1350,158080.0
1351,154240.0
1352,162560.0
1353,161600.0
1354,150720.0
1355,145280.0
1356,144320.0
1357,145280.0
1358,160320.0
1359,154880.0
1360,157760.0
1361,144000.0
1362,159360.0
1363,154240.0
1364,160320.0
1365,169600.0
1366,165120.0
1367,153920.0
1368,156160.0
1369,171840.0
1370,174720.0
1371,185920.0
1372,179200.0
1373,179520.0
1374,169600.0
1375,176000.0
1376,165440.0
1377,172160.0
1378,172480.0
1379,176640.0
1380,187840.0
1381,181440.0
1382,192320.0
1383,189760.0
1384,196160.0
1385,192000.0
1386,184640.0
1387,196480.0
1388,210560.0
1389,210560.0
1390,213120.0
1391,198720.0
1392,195200.0
1393,197120.0
1394,193600.0
1395,187520.0
1396,197120.0
1397,207680.0
1398,186560.0
1399,187520.0
1400,192000.0
1401,181440.0
1402,180160.0
1403,185280.0
1404,192960.0
1405,182720.0
1406,194880.0
1407,193600.0
1408,190720.0
1409,200640.0
1410,195840.0
1411,195520.0
1412,191680.0
1413,193600.0
1414,176960.0
1415,180480.0
1416,192000.0
1417,187520.0
1418,185920.0
1419,176320.0
1420,180480.0
1421,179200.0
1422,160960.0
1423,171840.0
1424,168960.0
1425,178880.0
1426,192000.0
1427,197120.0
1428,192640.0
1429,195200.0
1430,184640.0
1431,192000.0
1432,197440.0
1433,197760.0
1434,198400.0
1435,185280.0
1436,190400.0
1437,188800.0
1438,189760.0
1439,197760.0
1440,195200.0
1441,194240.0
1442,192640.0
1443,191360.0
1444,198720.0
1445,189760.0
1446,188160.0
1447,191680.0
1448,182400.0
1449,187200.0
1450,182080.0
1451,179840.0
1452,173440.0
1453,174400.0
1454,183680.0
1455,182720.0
1456,181120.0
1457,176320.0
1458,178560.0
1459,177280.0
1460,179520.0
1461,179840.0
1462,184640.0
1463,176320.0
1464,172800.0
1465,165120.0
1466,171840.0
1467,165440.0
1468,166080.0
1469,167040.0
1470,140160.0
1471,139200.0
1472,148800.0
1473,136000.0
1474,142720.0
1475,140800.0
1476,146560.0
1477,152000.0
1478,150720.0
1479,153600.0
1480,166080.0
1481,164160.0
1482,159360.0
1483,166080.0
1484,156480.0
1485,166080.0
1486,159040.0
1487,159680.0
1488,159680.0
1489,171520.0
1490,173120.0
1491,184320.0
1492,183360.0
1493,182720.0
1494,186240.0
1495,182720.0
1496,176960.0
1497,185280.0
1498,183360.0
1499,180480.0
1500,184960.0
1501,188480.0
1502,167040.0
1503,176320.0
1504,177920.0
1505,172800.0
1506,169920.0
1507,167680.0
1508,163200.0
1509,155520.0
1510,169920.0
1511,158720.0
1512,173120.0
1513,184000.0
1514,192640.0
1515,184000.0
1516,178880.0
1517,174080.0
1518,186240.0
1519,181120.0
1520,179840.0
1521,187840.0
1522,199680.0
1523,195840.0
1524,193920.0
1525,200960.0
1526,200000.0
1527,215360.0
1528,214080.0
1529,192640.0
1530,209920.0
1531,209920.0
1532,210240.0
1533,203200.0
1534,217280.0
1535,204480.0
1536,206720.0
1537,209920.0
1538,198080.0
1539,210240.0
1540,201600.0
1541,204160.0
1542,210240.0
1543,201600.0
1544,204800.0
1545,197440.0
1546,189440.0
1547,188160.0
1548,179520.0
1549,183040.0
1550,180800.0
1551,179840.0
1552,163520.0
1553,157120.0
1554,167040.0
1555,159360.0
1556,158720.0
1557,172480.0
1558,162880.0
1559,154560.0
1560,160000.0
1561,165760.0
1562,153920.0
1563,164480.0
1564,153280.0
1565,160320.0
1566,159360.0
1567,167040.0
1568,152000.0
1569,158720.0
1570,143040.0
1571,147200.0
1572,148480.0
1573,150080.0
1574,167360.0
1575,172800.0
1576,164160.0
1577,161920.0
1578,158720.0
1579,169280.0
1580,166080.0
1581,170880.0
1582,169920.0
1583,183040.0
1584,174080.0
1585,182080.0
1586,193600.0
1587,196160.0
1588,185600.0
1589,192960.0
1590,185600.0
1591,178880.0
1592,184640.0
1593,175360.0
1594,177280.0
1595,185280.0
1596,175360.0
1597,170240.0
1598,181120.0
1599,177600.0
1600,191680.0
1601,185920.0
1602,177280.0
1603,186880.0
1604,178880.0
1605,186240.0
1606,167360.0
1607,167360.0
1608,172800.0
1609,169920.0
1610,172800.0
1611,171520.0
1612,161920.0
1613,177280.0
1614,178560.0
1615,186880.0
1616,198080.0
1617,183040.0
1618,200640.0
1619,187200.0
1620,196160.0
1621,190720.0
1622,200320.0
1623,207360.0
1624,198080.0
1625,205760.0
1626,206400.0
1627,193600.0
1628,200320.0
1629,201280.0
1630,199680.0
1631,195840.0
1632,204480.0
1633,195200.0
1634,185920.0
1635,186560.0
1636,186560.0
1637,171520.0
1638,178560.0
1639,176320.0
1640,171520.0
1641,180480.0
1642,187840.0
1643,177280.0
1644,188800.0
1645,189120.0
1646,183680.0
1647,199040.0
1648,208320.0
1649,204800.0
1650,203200.0
1651,218240.0
1652,208640.0
1653,202880.0
1654,196480.0
1655,202240.0
1656,191680.0
1657,190400.0
1658,186560.0
1659,172800.0
1660,170240.0
1661,173760.0
1662,167360.0
1663,175680.0
1664,175680.0
1665,171200.0
1666,164480.0
1667,159680.0
1668,172160.0
1669,168960.0
1670,159040.0
1671,167360.0
1672,171200.0
1673,171200.0
1674,174400.0
1675,174080.0
1676,184000.0
1677,177600.0
1678,167360.0
1679,165440.0
1680,156160.0
1681,152960.0
1682,152320.0
1683,163840.0
1684,164800.0
1685,152640.0
1686,166080.0
1687,160320.0
1688,159360.0
1689,155840.0
1690,158720.0
1691,164480.0
1692,153600.0
1693,155200.0
1694,159360.0
1695,161280.0
1696,158720.0
1697,161280.0
1698,161920.0
1699,172800.0
1700,165440.0
1701,166400.0
1702,155840.0
1703,163520.0
1704,170560.0
1705,163840.0
1706,160000.0
1707,170240.0
1708,177600.0
1709,172160.0
1710,189760.0
1711,186560.0
1712,179520.0
1713,192960.0
1714,193920.0
1715,194240.0
1716,197760.0
1717,188160.0
1718,190080.0
1719,189120.0
1720,187840.0
1721,184640.0
1722,188800.0
1723,190720.0
1724,188480.0
1725,202880.0
1726,194880.0
1727,197760.0
1728,190400.0
1729,192000.0
1730,184640.0
1731,193920.0
1732,200640.0
1733,194240.0
1734,200960.0
1735,201920.0
1736,204160.0
1737,194240.0
1738,208960.0
1739,195520.0
1740,203200.0
1741,193920.0
1742,198080.0
1743,200000.0
1744,197440.0
1745,200320.0
1746,204160.0
1747,204480.0
1748,213760.0
1749,221120.0
1750,213440.0
1751,219520.0
1752,217600.0
1753,216640.0
1754,211840.0
1755,204160.0
1756,196160.0
1757,197760.0
1758,197760.0
1759,200960.0
1760,211840.0
1761,210560.0
1762,202240.0
1763,208640.0
1764,212160.0
1765,213440.0
1766,216640.0
1767,201280.0
1768,199040.0
1769,203840.0
1770,194560.0
1771,190720.0
1772,187840.0
1773,194240.0
1774,195520.0
1775,177920.0
1776,181440.0
1777,180160.0
1778,192640.0
1779,200320.0
1780,190080.0
1781,192960.0
1782,197440.0
1783,196480.0
1784,197440.0
1785,204480.0
1786,208000.0
1787,211200.0
1788,214720.0
1789,216640.0
1790,221440.0
1791,208640.0
1792,207360.0
1793,199360.0
1794,198400.0
1795,199680.0
1796,198080.0
1797,211520.0
1798,189760.0
1799,196800.0
1800,180480.0
1801,178240.0
1802,184000.0
1803,188160.0
1804,189120.0
1805,190400.0
1806,185280.0
1807,183680.0
1808,193920.0
1809,188480.0
1810,195200.0
1811,193280.0
1812,188800.0
1813,182720.0
1814,182400.0
1815,180480.0
1816,171840.0
1817,179840.0
1818,163200.0
1819,165760.0
1820,183680.0
1821,183680.0
1822,181440.0
1823,190400.0
1824,176000.0
1825,179200.0
1826,184320.0
1827,186560.0
1828,174080.0
1829,176960.0
1830,190720.0
1831,183360.0
1832,182720.0
1833,178560.0
1834,170560.0
1835,165760.0
1836,174080.0
1837,165120.0
1838,165440.0
1839,174400.0
1840,171840.0
1841,181120.0
1842,180480.0
1843,176640.0
1844,172480.0
1845,176960.0
1846,179200.0
1847,182080.0
1848,168640.0
1849,168000.0
1850,152000.0
1851,149120.0
1852,150400.0
1853,153920.0
1854,161920.0
1855,162240.0
1856,161920.0
1857,154880.0
1858,165760.0
1859,159680.0
1860,183360.0
1861,194240.0
1862,187840.0
1863,193920.0
1864,197440.0
1865,200640.0
1866,197440.0
1867,202240.0
1868,211200.0
1869,200320.0
1870,194880.0
1871,200320.0
1872,202240.0
1873,212160.0
1874,202880.0
1875,217920.0
1876,227840.0
1877,214720.0
1878,224960.0
1879,213760.0
1880,216640.0
1881,223040.0
1882,228160.0
1883,215360.0
1884,224640.0
1885,227840.0
1886,215360.0
1887,219520.0
1888,217600.0
1889,211520.0
1890,205440.0
1891,201280.0
1892,208320.0
1893,210240.0
1894,222080.0
1895,213440.0
1896,215040.0
1897,232960.0
1898,229760.0
1899,227520.0
1900,231680.0
1901,239040.0
1902,227200.0
1903,241600.0
1904,241600.0
1905,243200.0
1906,253120.0
1907,237440.0
1908,244800.0
1909,249920.0
1910,248960.0
1911,232640.0
1912,228480.0
1913,250880.0
1914,246080.0
1915,243520.0
1916,247680.0
1917,240320.0
1918,234880.0
1919,240000.0
1920,226880.0
1921,228160.0
1922,234560.0
1923,225600.0
1924,215680.0
1925,215360.0
1926,229120.0
1927,206080.0
1928,209600.0
1929,210880.0
1930,201280.0
1931,200320.0
1932,198080.0
1933,196800.0
1934,201280.0
1935,192640.0
1936,188480.0
1937,181760.0
1938,189760.0
1939,195520.0
1940,179520.0
1941,175680.0
1942,184000.0
1943,202240.0
1944,205760.0
1945,198720.0
1946,196480.0
1947,190080.0
1948,190080.0
1949,198400.0
1950,175360.0
1951,188800.0
1952,177920.0
1953,188800.0
1954,186560.0
1955,193920.0
1956,182720.0
1957,178240.0
1958,174720.0
1959,158080.0
1960,172160.0
1961,175680.0
1962,173760.0
1963,186880.0
1964,162240.0
1965,167040.0
1966,158400.0
1967,166080.0
1968,161920.0
1969,167680.0
1970,169280.0
1971,172800.0
1972,169920.0
1973,161920.0
1974,165120.0
1975,168960.0
1976,164480.0
1977,158400.0
1978,155200.0
1979,161280.0
1980,153600.0
1981,136640.0
1982,153600.0
1983,139840.0
1984,141760.0
1985,153920.0
1986,157120.0
1987,168960.0
1988,156480.0
1989,157440.0
1990,152960.0
1991,163840.0
1992,162240.0
1993,167040.0
1994,174720.0
1995,179520.0
1996,172800.0
1997,175680.0
1998,179200.0
1999,184960.0
2000,175680.0
2001,182400.0
2002,181760.0
2003,183040.0
2004,185280.0
2005,176320.0
2006,181760.0
2007,172480.0
2008,167360.0
2009,178880.0
2010,160960.0
2011,157760.0
2012,157120.0
2013,158720.0
2014,167360.0
2015,171520.0
2016,175360.0
2017,167040.0
2018,171840.0
2019,164800.0
2020,165120.0
2021,157440.0
2022,170240.0
2023,160640.0
2024,161600.0
2025,166080.0
2026,162240.0
2027,165440.0
2028,157440.0
2029,161600.0
2030,167680.0
2031,173120.0
2032,171840.0
2033,169600.0
2034,162880.0
2035,180480.0
2036,179200.0
2037,188160.0
2038,202880.0
2039,188160.0
2040,192320.0
2041,198720.0
2042,193920.0
2043,193920.0
2044,189760.0
2045,183360.0
2046,181760.0
2047,186560.0
2048,181760.0
2049,180160.0
2050,179520.0
2051,176960.0
2052,186560.0
2053,185280.0
2054,186560.0
2055,178880.0
2056,192960.0
2057,184000.0
2058,190400.0
2059,181440.0
2060,189760.0
2061,185600.0
2062,180160.0
2063,184320.0
2064,178880.0
2065,176320.0
2066,166400.0
2067,174400.0
2068,170560.0
2069,160320.0
2070,155520.0
2071,151040.0
2072,168640.0
2073,156480.0
2074,158080.0
2075,157120.0
2076,161920.0
2077,172480.0
2078,171840.0
2079,185280.0
2080,188160.0
2081,181760.0
2082,193600.0
2083,189120.0
2084,189120.0
2085,185600.0
2086,189760.0
2087,184000.0
2088,185600.0
2089,200320.0
2090,190080.0
2091,186560.0
2092,187200.0
2093,200320.0
2094,190400.0
2095,193280.0
2096,182080.0
2097,184640.0
2098,201280.0
2099,200320.0
2100,203200.0
2101,201600.0
2102,191360.0
2103,190720.0
2104,192000.0
2105,186240.0
2106,184960.0
2107,186560.0
2108,182720.0
2109,183360.0
2110,184000.0
2111,188480.0
2112,185600.0
2113,185920.0
2114,191680.0
2115,177920.0
2116,170240.0
2117,174720.0
2118,183680.0
2119,178240.0
2120,183040.0
2121,186240.0
2122,200960.0
2123,193600.0
2124,197760.0
2125,194560.0
2126,205760.0
2127,197760.0
2128,182080.0
2129,178560.0
2130,186560.0
2131,178560.0
2132,191680.0
2133,185920.0
2134,174080.0
2135,185920.0
2136,176000.0
2137,185280.0
2138,189120.0
2139,187520.0
2140,196160.0
2141,185280.0
2142,184320.0
2143,171200.0
2144,184320.0
2145,171840.0
2146,164800.0
2147,170240.0
2148,183680.0
2149,184000.0
2150,188160.0
2151,183680.0
2152,189760.0
2153,193920.0
2154,184640.0
2155,186880.0
2156,188800.0
2157,194880.0
2158,193600.0
2159,195200.0
2160,194560.0
2161,194880.0
2162,192960.0
2163,184320.0
2164,185600.0
2165,182720.0
2166,188480.0
2167,187520.0
2168,182720.0
2169,194880.0
2170,188160.0
2171,176960.0
2172,176320.0
2173,183040.0
2174,172800.0
2175,176000.0
2176,171200.0
2177,173440.0
2178,184960.0
2179,177600.0
2180,182720.0
2181,187840.0
2182,187200.0
2183,193280.0
2184,192320.0
2185,192640.0
2186,203840.0
2187,202880.0
2188,199680.0
2189,200000.0
2190,193600.0
2191,184960.0
2192,190080.0
2193,191360.0
2194,202560.0
2195,191040.0
2196,197440.0
2197,199040.0
2198,177280.0
2199,192960.0
2200,190720.0
2201,193600.0
2202,200640.0
2203,184640.0
2204,188160.0
2205,190400.0
2206,188160.0
2207,188800.0
2208,188160.0
2209,196480.0
2210,191040.0
2211,196800.0
2212,183680.0
2213,191680.0
2214,187200.0
2215,193600.0
2216,188800.0
2217,193280.0
2218,205440.0
2219,196160.0
2220,195520.0
2221,211520.0
2222,202240.0
2223,208960.0
2224,204160.0
2225,212800.0
2226,216000.0
2227,212800.0
2228,207360.0
2229,210880.0
2230,210240.0
2231,207360.0
2232,212480.0
2233,215360.0
2234,212480.0
2235,215680.0
2236,207680.0
2237,204160.0
2238,194560.0
2239,203520.0
2240,190720.0
2241,185600.0
2242,195840.0
2243,184000.0
2244,183360.0
2245,184320.0
2246,177920.0
2247,178880.0
2248,184960.0
2249,187840.0
2250,198080.0
2251,197440.0
2252,198080.0
2253,189440.0
2254,190720.0
2255,184320.0
2256,186240.0
2257,190720.0
2258,195520.0
2259,205440.0
2260,200320.0
2261,210560.0
2262,208000.0
2263,216960.0
2264,203200.0
2265,208640.0
2266,206080.0
2267,200960.0
2268,203520.0
2269,211200.0
2270,200320.0
2271,193280.0
2272,198400.0
2273,189120.0
2274,183360.0
2275,182720.0
2276,171520.0
2277,165120.0
2278,179200.0
2279,177600.0
2280,170880.0
2281,172480.0
2282,182080.0
2283,188800.0
2284,174720.0
2285,177600.0
2286,176640.0
2287,178560.0
2288,171840.0
2289,177920.0
2290,169920.0
2291,173120.0
2292,165440.0
2293,179840.0
2294,180480.0
2295,177920.0
2296,170880.0
2297,179520.0
2298,163200.0
2299,174720.0
2300,189760.0
2301,191360.0
2302,180480.0
2303,181120.0
2304,171200.0
2305,180480.0
2306,187200.0
2307,186240.0
2308,194240.0
2309,182720.0
2310,183680.0
2311,193920.0
2312,192320.0
2313,185600.0
2314,188160.0
2315,193600.0
2316,192960.0
2317,202240.0
2318,207680.0
2319,205440.0
2320,204480.0
2321,211840.0
2322,214400.0
2323,200000.0
2324,205120.0
2325,197760.0
2326,206080.0
2327,207360.0
2328,196160.0
2329,205440.0
2330,208640.0
2331,213120.0
2332,202880.0
2333,208000.0
2334,218240.0
2335,216320.0
2336,224000.0
2337,211520.0
2338,211200.0
2339,202880.0
2340,203200.0
2341,198720.0
2342,210240.0
2343,204160.0
2344,200640.0
2345,202240.0
2346,204160.0
2347,211200.0
2348,202560.0
2349,216640.0
2350,223680.0
2351,222080.0
2352,214080.0
2353,211840.0
2354,208320.0
2355,213440.0
2356,208000.0
2357,209920.0
2358,218880.0
2359,225280.0
2360,219200.0
2361,208960.0
2362,203840.0
2363,206400.0
2364,207040.0
2365,207360.0
2366,210240.0
2367,199680.0
2368,200640.0
2369,195520.0
2370,201920.0
2371,190080.0
2372,200320.0
2373,207680.0
2374,205760.0
2375,200640.0
2376,200320.0
2377,186560.0
2378,190080.0
2379,190720.0
2380,182080.0
2381,192640.0
2382,184320.0
2383,190080.0
2384,189120.0
2385,199680.0
2386,194240.0
2387,192320.0
2388,196160.0
2389,187200.0
2390,208640.0
2391,204480.0
2392,200960.0
2393,203520.0
2394,194880.0
2395,195200.0
2396,194880.0
2397,201920.0
2398,192640.0
2399,192000.0
2400,197120.0
2401,193280.0
2402,187840.0
2403,190080.0
2404,198400.0
2405,196800.0
2406,184640.0
2407,169280.0
2408,182080.0
2409,181440.0
2410,172160.0
2411,172480.0
2412,176000.0
2413,174720.0
2414,161600.0
2415,169280.0
2416,166720.0
2417,169920.0
2418,166400.0
2419,171840.0
2420,173440.0
2421,184640.0
2422,182400.0
2423,183040.0
2424,179840.0
2425,185280.0
2426,165440.0
2427,164800.0
2428,165760.0
2429,171520.0
2430,168960.0
2431,165760.0
2432,159680.0
2433,159040.0
2434,164160.0
2435,162880.0
2436,159680.0
2437,168960.0
2438,159360.0
2439,157120.0
2440,151040.0
2441,166400.0
2442,173760.0
2443,167680.0
2444,168960.0
2445,176320.0
2446,175680.0
2447,180160.0
2448,176320.0
2449,177600.0
2450,183360.0
2451,174720.0
2452,175040.0
2453,169920.0
2454,182400.0
2455,184640.0
2456,177600.0
2457,174720.0
2458,179840.0
2459,182400.0
2460,179200.0
2461,184960.0
2462,186880.0
2463,199360.0
2464,190400.0
2465,198720.0
2466,194560.0
2467,192960.0
2468,192960.0
2469,192320.0
2470,185600.0
2471,193280.0
2472,184320.0
2473,168640.0
2474,159360.0
2475,169920.0
2476,155840.0
2477,168000.0
2478,173760.0
2479,181120.0
2480,173440.0
2481,176960.0
2482,177280.0
2483,167680.0
2484,168960.0
2485,168960.0
2486,165760.0
2487,173760.0
2488,180800.0
2489,178560.0
2490,173440.0
2491,174720.0
2492,178880.0
2493,180800.0
2494,176960.0
2495,168320.0
2496,171200.0
2497,175680.0
2498,164800.0
2499,171200.0
2500,166080.0
2501,160000.0
2502,163840.0
2503,157440.0
2504,160960.0
2505,178880.0
2506,167680.0
2507,154880.0
2508,150080.0
2509,145280.0
2510,141440.0
2511,143360.0
2512,150720.0
2513,159680.0
2514,160320.0
2515,156480.0
2516,152960.0
2517,149120.0
2518,150720.0
2519,152960.0
2520,150720.0
2521,158400.0
2522,162560.0
2523,156480.0
2524,162240.0
2525,176000.0
2526,168320.0
2527,159360.0
2528,168320.0
2529,161600.0
2530,161600.0
2531,150720.0
2532,158720.0
2533,152640.0
2534,155200.0
2535,144960.0
2536,142080.0
2537,149760.0
2538,144960.0
2539,144640.0
2540,148480.0
2541,151360.0
2542,159680.0
2543,147840.0
2544,147520.0
2545,144000.0
2546,155200.0
2547,172480.0
2548,172480.0
2549,170880.0
2550,175040.0
2551,173440.0
2552,172160.0
2553,171840.0
2554,173120.0
2555,175680.0
2556,170240.0
2557,174080.0
2558,178560.0
2559,166400.0
2560,165120.0
2561,158080.0
2562,171840.0
2563,171200.0
2564,175040.0
2565,171200.0
2566,178880.0
2567,179840.0
2568,176320.0
2569,183360.0
2570,172160.0
2571,182400.0
2572,184320.0
2573,192320.0
2574,190400.0
2575,194240.0
2576,183680.0
2577,193600.0
2578,193600.0
2579,192000.0
2580,186880.0
2581,201920.0
2582,199040.0
2583,190400.0
2584,199360.0
2585,197760.0
2586,195840.0
2587,203200.0
2588,186240.0
2589,176640.0
2590,192000.0
2591,192320.0
2592,207680.0
2593,207040.0
2594,214400.0
2595,204480.0
2596,204160.0
2597,202560.0
2598,192640.0
2599,187200.0
2600,192000.0
2601,182080.0
2602,187520.0
2603,184640.0
2604,180480.0
2605,171520.0
2606,161280.0
2607,159360.0
2608,162880.0
2609,158720.0
2610,148800.0
2611,154880.0
2612,165760.0
2613,161280.0
2614,159360.0
2615,161600.0
2616,170880.0
2617,176000.0
2618,189440.0
2619,183360.0
2620,188160.0
2621,172160.0
2622,172160.0
2623,168960.0
2624,175360.0
2625,173120.0
2626,168320.0
2627,174720.0
2628,170560.0
2629,160320.0
2630,165760.0
2631,161280.0
2632,164800.0
2633,175360.0
2634,174080.0
2635,179840.0
2636,170880.0
2637,179200.0
2638,178560.0
2639,176000.0
2640,177920.0
2641,172800.0
2642,175040.0
2643,176320.0
2644,170880.0
2645,172480.0
2646,174400.0
2647,171840.0
2648,174400.0
2649,171520.0
2650,168320.0
2651,165760.0
2652,164480.0
2653,158400.0
2654,158400.0
2655,161280.0
2656,155520.0
2657,153600.0
2658,153920.0
2659,155840.0
2660,159680.0
2661,174400.0
2662,165120.0
2663,172160.0
2664,152960.0
2665,151040.0
2666,154880.0
2667,159680.0
2668,149120.0
2669,151680.0
2670,158080.0
2671,160960.0
2672,146880.0
2673,169280.0
2674,170560.0
2675,164160.0
2676,178880.0
2677,181760.0
2678,190400.0
2679,182720.0
2680,191360.0
2681,180160.0
2682,172160.0
2683,174720.0
2684,175360.0
2685,165760.0
2686,173440.0
2687,169280.0
2688,183680.0
2689,168320.0
2690,175680.0
2691,176000.0
2692,171520.0
2693,179200.0
2694,195520.0
2695,184960.0
2696,181120.0
2697,184640.0
2698,181760.0
2699,171200.0
2700,176320.0
2701,166080.0
2702,166080.0
2703,165760.0
2704,158720.0
2705,174400.0
2706,170880.0
2707,183360.0
2708,178240.0
2709,172160.0
2710,185280.0
2711,191360.0
2712,191680.0
2713,192960.0
2714,191360.0
2715,177920.0
2716,192640.0
2717,193600.0
2718,197440.0
2719,197120.0
2720,202240.0
2721,189120.0
2722,195520.0
2723,194560.0
2724,182080.0
2725,194880.0
2726,198080.0
2727,201600.0
2728,207360.0
2729,203200.0
2730,216000.0
2731,210880.0
2732,207680.0
2733,202560.0
2734,185600.0
2735,191040.0
2736,208000.0
2737,196480.0
2738,208960.0
2739,200000.0
2740,191040.0
2741,200320.0
2742,204800.0
2743,195520.0
2744,200960.0
2745,194240.0
2746,206080.0
2747,197760.0
2748,193920.0
2749,184960.0
2750,186240.0
2751,185280.0
2752,184320.0
2753,179200.0
2754,184000.0
2755,180800.0
2756,193600.0
2757,193920.0
2758,191040.0
2759,191680.0
2760,189760.0
2761,195520.0
2762,194880.0
2763,198720.0
2764,187520.0
2765,189440.0
2766,192000.0
2767,189120.0
2768,184000.0
2769,176000.0
2770,180480.0
2771,173760.0
2772,168640.0
2773,163840.0
2774,167680.0
2775,170560.0
2776,167360.0
2777,160960.0
2778,160320.0
2779,169920.0
2780,173120.0
2781,168960.0
2782,174720.0
2783,178560.0
2784,171200.0
2785,187840.0
2786,176960.0
2787,185920.0
2788,176000.0
2789,185280.0
2790,176000.0
2791,161920.0
2792,161920.0
2793,162880.0
2794,166400.0
2795,185600.0
2796,185920.0
2797,184000.0
2798,181440.0
2799,186240.0
2800,194560.0
2801,191360.0
2802,202240.0
2803,201920.0
2804,211840.0
2805,201280.0
2806,200000.0
2807,206080.0
2808,200640.0
2809,202240.0
2810,209280.0
2811,202240.0
2812,209280.0
2813,208000.0
2814,207040.0
2815,195200.0
2816,212160.0
2817,218240.0
2818,209600.0
2819,207360.0
2820,200640.0
2821,195840.0
2822,202240.0
2823,204480.0
2824,208000.0
2825,203840.0
2826,208320.0
2827,224640.0
2828,206400.0
2829,214400.0
2830,204480.0
2831,209280.0
2832,212800.0
2833,220480.0
2834,222720.0
2835,210240.0
2836,200000.0
2837,214080.0
2838,204160.0
2839,200000.0
2840,221120.0
2841,228480.0
2842,219200.0
2843,219520.0
2844,240320.0
2845,235520.0
2846,234880.0
2847,245440.0
2848,253440.0
2849,255040.0
2850,261760.0
2851,233920.0
2852,230400.0
2853,227840.0
2854,230720.0
2855,238080.0
2856,225280.0
2857,233280.0
2858,238720.0
2859,224640.0
2860,229440.0
2861,235840.0
2862,235200.0
2863,248320.0
2864,238080.0
2865,217600.0
2866,221760.0
2867,216640.0
2868,216320.0
2869,211840.0
2870,208640.0
2871,214720.0
2872,215360.0
2873,193280.0
2874,190400.0
2875,194240.0
2876,191040.0
2877,191360.0
2878,187200.0
2879,195840.0
2880,195840.0
2881,197120.0
2882,193600.0
2883,196480.0
2884,203200.0
2885,201280.0
2886,191680.0
2887,194880.0
2888,199360.0
2889,196800.0
2890,205120.0
2891,204800.0
2892,198720.0
2893,206720.0
2894,199680.0
2895,213760.0
2896,206400.0
2897,210240.0
2898,207360.0
2899,204480.0
2900,209920.0
2901,212480.0
2902,218880.0
2903,211520.0
2904,209600.0
2905,208640.0
2906,203840.0
2907,202560.0
2908,196800.0
2909,193920.0
2910,185600.0
2911,194880.0
2912,186240.0
2913,190720.0
2914,192640.0
2915,195520.0
2916,205120.0
2917,202240.0
2918,201600.0
2919,203520.0
2920,200960.0
2921,200640.0
2922,201280.0
2923,192960.0
2924,189120.0
2925,193920.0
2926,197760.0
2927,184960.0
2928,188480.0
2929,190400.0
2930,198400.0
2931,197120.0
2932,203520.0
2933,202240.0
2934,215680.0
2935,215680.0
2936,210560.0
2937,213440.0
2938,220800.0
2939,203840.0
2940,205440.0
2941,196800.0
2942,202560.0
2943,204800.0
2944,199040.0
2945,186240.0
2946,196160.0
2947,189760.0
2948,203200.0
2949,193920.0
2950,201280.0
2951,202240.0
2952,209920.0
2953,196160.0
2954,206080.0
2955,204160.0
2956,210560.0
2957,209600.0
2958,210240.0
2959,214080.0
2960,221120.0
2961,219840.0
2962,215680.0
2963,207680.0
2964,217280.0
2965,214080.0
2966,220800.0
2967,212800.0
2968,195200.0
2969,204480.0
2970,194560.0
2971,201920.0
2972,197760.0
2973,191680.0
2974,171200.0
2975,188800.0
2976,177280.0
2977,176000.0
2978,184640.0
2979,177280.0
2980,184960.0
2981,175360.0
2982,179840.0
2983,168640.0
2984,177600.0
2985,176320.0
2986,177920.0
2987,171520.0
2988,174400.0
2989,166720.0
2990,176640.0
2991,183360.0
2992,174720.0
2993,168000.0
2994,170880.0
2995,165440.0
2996,156480.0
2997,163200.0
2998,165120.0
2999,155520.0
3000,150400.0
3001,145280.0
3002,137600.0
3003,144960.0
3004,144320.0
3005,142080.0
3006,151680.0
3007,161600.0
3008,149120.0
3009,153280.0
3010,148800.0
3011,144320.0
3012,154240.0
3013,140800.0
3014,152960.0
3015,147200.0
3016,146560.0
3017,152960.0
3018,144640.0
3019,155520.0
3020,158080.0
3021,152640.0
3022,154560.0
3023,156480.0
3024,153280.0
3025,154880.0
3026,150080.0
3027,147840.0
3028,151680.0
3029,147520.0
3030,144320.0
3031,149440.0
3032,147520.0
3033,137600.0
3034,137920.0
3035,147840.0
3036,153280.0
3037,160320.0
3038,160000.0
3039,154880.0
3040,156480.0
3041,150400.0
3042,167680.0
3043,167040.0
3044,180160.0
3045,172160.0
3046,179520.0
3047,192640.0
3048,191680.0
3049,188800.0
3050,193600.0
3051,198720.0
3052,201600.0
3053,196160.0
3054,202240.0
3055,219200.0
3056,218560.0
3057,230400.0
3058,238400.0
3059,213120.0
3060,221760.0
3061,216000.0
3062,215680.0
3063,220160.0
3064,227200.0
3065,232960.0
3066,236160.0
3067,225280.0
3068,228160.0
3069,227520.0
3070,238080.0
3071,230080.0
3072,243200.0
3073,245760.0
3074,248640.0
3075,240000.0
3076,236480.0
3077,247360.0
3078,248960.0
3079,238080.0
3080,239680.0
3081,227520.0
3082,251840.0
3083,239680.0
3084,230720.0
3085,232000.0
3086,235520.0
3087,243200.0
3088,248960.0
3089,255360.0
3090,246720.0
3091,254400.0
3092,261440.0
3093,266240.0
3094,263360.0
3095,271040.0
3096,268800.0
3097,264640.0
3098,267520.0
3099,247680.0
3100,242560.0
3101,235840.0
3102,242880.0
3103,241920.0
3104,236160.0
3105,247680.0
3106,228160.0
3107,232320.0
3108,221760.0
3109,222400.0
3110,211840.0
3111,223040.0
3112,230400.0
3113,215360.0
3114,222400.0
3115,215040.0
3116,216000.0
3117,203840.0
3118,202240.0
3119,212800.0
3120,202560.0
3121,192640.0
3122,190080.0
3123,183040.0
3124,186240.0
3125,191040.0
3126,179520.0
3127,177600.0
3128,182400.0
3129,182080.0
3130,175040.0
3131,168640.0
3132,160640.0
3133,165760.0
3134,169920.0
3135,161920.0
3136,156800.0
3137,161280.0
3138,146880.0
3139,151040.0
3140,145280.0
3141,143680.0
3142,146560.0
3143,148160.0
3144,138560.0
3145,141120.0
3146,141440.0
3147,130560.0
3148,136640.0
3149,138880.0
3150,137280.0
3151,134080.0
3152,137920.0
3153,134720.0
3154,136320.0
3155,151040.0
3156,140800.0
3157,145600.0
3158,148480.0
3159,150720.0
3160,151680.0
3161,146240.0
3162,152320.0
3163,162560.0
3164,169280.0
3165,169280.0
3166,155840.0
3167,170240.0
3168,164160.0
3169,165760.0
3170,169600.0
3171,154240.0
3172,151360.0
3173,145920.0
3174,155520.0
3175,154240.0
3176,165760.0
3177,155200.0
3178,165760.0
3179,169280.0
3180,166400.0
3181,176320.0
3182,171840.0
3183,179200.0
3184,186560.0
3185,182080.0
3186,176000.0
3187,179840.0
3188,190080.0
3189,198720.0
3190,204800.0
3191,219200.0
3192,212800.0
3193,213120.0
3194,201920.0
3195,211520.0
3196,219520.0
3197,229440.0
3198,222080.0
3199,220160.0
3200,227200.0
3201,214720.0
3202,222720.0
3203,215360.0
3204,200320.0
3205,211840.0
3206,205120.0
3207,218560.0
3208,207360.0
3209,218240.0
3210,218560.0
3211,214080.0
3212,217920.0
3213,210880.0
3214,218880.0
3215,207680.0
3216,219520.0
3217,228480.0
3218,216640.0
3219,217920.0
3220,222720.0
3221,212800.0
3222,218880.0
3223,223360.0
3224,212160.0
3225,210560.0
3226,205120.0
3227,209280.0
3228,226880.0
3229,215040.0
3230,212800.0
3231,234240.0
3232,217280.0
3233,212160.0
3234,226880.0
3235,230720.0
3236,236480.0
3237,211520.0
3238,216320.0
3239,206720.0
3240,204160.0
3241,214400.0
3242,207680.0
3243,204160.0
3244,190720.0
3245,190720.0
3246,190400.0
3247,200960.0
3248,183040.0
3249,186240.0
3250,179840.0
3251,173760.0
3252,177280.0
3253,166080.0
3254,160320.0
3255,158720.0
3256,165440.0
3257,155840.0
3258,161280.0
3259,155520.0
3260,163520.0
3261,156800.0
3262,164160.0
3263,161600.0
3264,164160.0
3265,148160.0
3266,149120.0
3267,158080.0
3268,143360.0
3269,149760.0
3270,152640.0
3271,145920.0
3272,152640.0
3273,156800.0
3274,157760.0
3275,157120.0
3276,151680.0
3277,157440.0
3278,147520.0
3279,157120.0
3280,157440.0
3281,149120.0
3282,149760.0
3283,144000.0
3284,140480.0
3285,149760.0
3286,140800.0
3287,146560.0
3288,144960.0
3289,156800.0
3290,155520.0
3291,168000.0
3292,160000.0
3293,159680.0
3294,165760.0
3295,158720.0
3296,168000.0
3297,173120.0
3298,170880.0
3299,175040.0
3300,175040.0
3301,181760.0
3302,175680.0
3303,185920.0
3304,188480.0
3305,188480.0
3306,205760.0
3307,210240.0
3308,193920.0
3309,201600.0
3310,207040.0
3311,204480.0
3312,215680.0
3313,199040.0
3314,199040.0
3315,199680.0
3316,205440.0
3317,203200.0
3318,208320.0
3319,224000.0
3320,212480.0
3321,213440.0
3322,212800.0
3323,207680.0
3324,208000.0
3325,202560.0
3326,197760.0
3327,217600.0
3328,220160.0
3329,218560.0
3330,218240.0
3331,228160.0
3332,222720.0
3333,234240.0
3334,221120.0
3335,215360.0
3336,219840.0
3337,213760.0
3338,221120.0
3339,219200.0
3340,235840.0
3341,232640.0
3342,229760.0
3343,233600.0
3344,231680.0
3345,230400.0
3346,220160.0
3347,224640.0
3348,213120.0
3349,217280.0
3350,216960.0
3351,214720.0
3352,213760.0
3353,209600.0
3354,221760.0
3355,215360.0
3356,216000.0
3357,205120.0
3358,198720.0
3359,200320.0
3360,199360.0
3361,211520.0
3362,214080.0
3363,214720.0
3364,217280.0
3365,224960.0
3366,211200.0
3367,206080.0
3368,211840.0
3369,214720.0
3370,222400.0
3371,214720.0
3372,207360.0
3373,206720.0
3374,206400.0
3375,209600.0
3376,212480.0
3377,211520.0
3378,216640.0
3379,214400.0
3380,212160.0
3381,192000.0
3382,187200.0
3383,195840.0
3384,190720.0
3385,190400.0
3386,185280.0
3387,185920.0
3388,194560.0
3389,184000.0
3390,181760.0
3391,170880.0
3392,166080.0
3393,168320.0
3394,174720.0
3395,187840.0
3396,185920.0
3397,190080.0
3398,178240.0
3399,175680.0
3400,188800.0
3401,179520.0
3402,172160.0
3403,160000.0
3404,168640.0
3405,159360.0
3406,172160.0
3407,161600.0
3408,178880.0
3409,172160.0
3410,152960.0
3411,165440.0
3412,169920.0
3413,166720.0
3414,169280.0
3415,172160.0
3416,177920.0
3417,180480.0
3418,174400.0
3419,177920.0
3420,184960.0
3421,183680.0
3422,182080.0
3423,186240.0
3424,181120.0
3425,179200.0
3426,183680.0
3427,186560.0
3428,187200.0
3429,191360.0
3430,198080.0
3431,200000.0
3432,194880.0
3433,175360.0
3434,189760.0
3435,188800.0
3436,183040.0
3437,195840.0
3438,184320.0
3439,180480.0
3440,177600.0
3441,170880.0
3442,177920.0
3443,190720.0
3444,178560.0
3445,192320.0
3446,191680.0
3447,200000.0
3448,200000.0
3449,190720.0
3450,191360.0
3451,185920.0
3452,191680.0
3453,188160.0
3454,179520.0
3455,182720.0
3456,180160.0
3457,186880.0
3458,197440.0
3459,190720.0
3460,185280.0
3461,191360.0
3462,182080.0
3463,181760.0
3464,193280.0
3465,193280.0
3466,191360.0
3467,193600.0
3468,189760.0
3469,187840.0
3470,193280.0
3471,186880.0
3472,192000.0
3473,190720.0
3474,186880.0
3475,179840.0
3476,187520.0
3477,182720.0
3478,171840.0
3479,171840.0
3480,174080.0
3481,178560.0
3482,179520.0
3483,180800.0
3484,186880.0
3485,188160.0
3486,195200.0
3487,192000.0
3488,192640.0
3489,205440.0
3490,204800.0
3491,198080.0
3492,207680.0
3493,199040.0
3494,188480.0
3495,193920.0
3496,185280.0
3497,200640.0
3498,211520.0
3499,208000.0
3500,211840.0
3501,220480.0
3502,220800.0
3503,208000.0
3504,204800.0
3505,202880.0
3506,201280.0
3507,207360.0
3508,203200.0
3509,209280.0
3510,208000.0
3511,207360.0
3512,206080.0
3513,204800.0
3514,207680.0
3515,189760.0
3516,185280.0
3517,185280.0
3518,198720.0
3519,194560.0
3520,182080.0
3521,194240.0
3522,200320.0
3523,191680.0
3524,213120.0
3525,200640.0
3526,201280.0
3527,208000.0
3528,212480.0
3529,205760.0
3530,205760.0
3531,200960.0
3532,195200.0
3533,203840.0
3534,206080.0
3535,203200.0
3536,195840.0
3537,215040.0
3538,213440.0
3539,202880.0
3540,197760.0
3541,211520.0
3542,209920.0
3543,211200.0
3544,209920.0
3545,217280.0
3546,210240.0
3547,210560.0
3548,206400.0
3549,202880.0
3550,203840.0
3551,203840.0
3552,192960.0
3553,213120.0
3554,189760.0
3555,202880.0
3556,205440.0
3557,197120.0
3558,199360.0
3559,200000.0
3560,192320.0
3561,186240.0
3562,186880.0
3563,169600.0
3564,177280.0
3565,171840.0
3566,170880.0
3567,180160.0
3568,184320.0
3569,181440.0
3570,178560.0
3571,189760.0
3572,178880.0
3573,178240.0
3574,184640.0
3575,182720.0
3576,176640.0
3577,167360.0
3578,170560.0
3579,177920.0
3580,174080.0
3581,175680.0
3582,176640.0
3583,181760.0
3584,178240.0
3585,184640.0
3586,181440.0
3587,178880.0
3588,167040.0
3589,172800.0
3590,158400.0
3591,155520.0
3592,169920.0
3593,153280.0
3594,157760.0
3595,154240.0
3596,164480.0
3597,156480.0
3598,160960.0
3599,167360.0
3600,172480.0
3601,181760.0
3602,186240.0
3603,179200.0
3604,183680.0
3605,175680.0
3606,175680.0
3607,164480.0
3608,160320.0
3609,171200.0
3610,174400.0
3611,172800.0
3612,181120.0
3613,184640.0
3614,179840.0
3615,172480.0
3616,174080.0
3617,172800.0
3618,176320.0
3619,179200.0
3620,190080.0
3621,183680.0
3622,168640.0
3623,176320.0
3624,173120.0
3625,176640.0
3626,178880.0
3627,163200.0
3628,171200.0
3629,173120.0
3630,170880.0
3631,177280.0
3632,165120.0
3633,162560.0
3634,166400.0
3635,155520.0
3636,163840.0
3637,165760.0
3638,168000.0
3639,163840.0
3640,165120.0
3641,162560.0
3642,165120.0
3643,168000.0
3644,169600.0
3645,148480.0
3646,155840.0
3647,147200.0
3648,144320.0
3649,151680.0
3650,150080.0
3651,158720.0
3652,152640.0
3653,152320.0
3654,159040.0
3655,154560.0
3656,169920.0
3657,162560.0
3658,172160.0
3659,176320.0
3660,183360.0
3661,187200.0
3662,187520.0
3663,196480.0
3664,194240.0
3665,195840.0
3666,198080.0
3667,191360.0
3668,196800.0
3669,205120.0
3670,188160.0
3671,209920.0
3672,216000.0
3673,202880.0
3674,208320.0
3675,199040.0
3676,186240.0
3677,187200.0
3678,185920.0
3679,184320.0
3680,161920.0
3681,174720.0
3682,185280.0
3683,185920.0
3684,183680.0
3685,184320.0
3686,176000.0
3687,183680.0
3688,190080.0
3689,180800.0
3690,169280.0
3691,175360.0
3692,181440.0
3693,189120.0
3694,191360.0
3695,194240.0
3696,183040.0
3697,199680.0
3698,197440.0
3699,212480.0
3700,225600.0
3701,214720.0
3702,211520.0
3703,214080.0
3704,210560.0
3705,218560.0
3706,205120.0
3707,212480.0
3708,198400.0
3709,209600.0
3710,218240.0
3711,218240.0
3712,209280.0
3713,195200.0
3714,198720.0
3715,198400.0
3716,187840.0
3717,167680.0
3718,183680.0
3719,178560.0
3720,181760.0
3721,184640.0
3722,170240.0
3723,174720.0
3724,179200.0
3725,179840.0
3726,176640.0
3727,172480.0
3728,174080.0
3729,174080.0
3730,174080.0
3731,175040.0
3732,171840.0
3733,166080.0
3734,167680.0
3735,156800.0
3736,155200.0
3737,152320.0
3738,150080.0
3739,168640.0
3740,162880.0
3741,171200.0
3742,154240.0
3743,154240.0
3744,165760.0
3745,164800.0
3746,175680.0
3747,164480.0
3748,162880.0
3749,170560.0
3750,170560.0
3751,158720.0
3752,176000.0
3753,180160.0
3754,173440.0
3755,177280.0
3756,178240.0
3757,178240.0
3758,176320.0
3759,170240.0
3760,175040.0
3761,164800.0
3762,173120.0
3763,169280.0
3764,170240.0
3765,178240.0
3766,180480.0
3767,171200.0
3768,178240.0
3769,180800.0
3770,194560.0
3771,182400.0
3772,185920.0
3773,176640.0
3774,187200.0
3775,179520.0
3776,185600.0
3777,183680.0
3778,197440.0
3779,195840.0
3780,192640.0
3781,192960.0
3782,195840.0
3783,201600.0
3784,205120.0
3785,205760.0
3786,214400.0
3787,203520.0
3788,208960.0
3789,216000.0
3790,208960.0
3791,201920.0
3792,206080.0
3793,198400.0
3794,192960.0
3795,200000.0
3796,203520.0
3797,198080.0
3798,208640.0
3799,199040.0
3800,198720.0
3801,197440.0
3802,211200.0
3803,190080.0
3804,200320.0
3805,187200.0
3806,199680.0
3807,201600.0
3808,193920.0
3809,192320.0
3810,201280.0
3811,217600.0
3812,205120.0
3813,209920.0
3814,219520.0
3815,209280.0
3816,213760.0
3817,212160.0
3818,208640.0
3819,200000.0
3820,200000.0
3821,204480.0
3822,191360.0
3823,197760.0
3824,190400.0
3825,198400.0
3826,194560.0
3827,198400.0
3828,195200.0
3829,197440.0
3830,209600.0
3831,200000.0
3832,189440.0
3833,185600.0
3834,188160.0
3835,183680.0
3836,175680.0
3837,185600.0
3838,188480.0
3839,188160.0
3840,184000.0
3841,186240.0
3842,167680.0
3843,176000.0
3844,164160.0
3845,156480.0
3846,176960.0
3847,180480.0
3848,180160.0
3849,185920.0
3850,179520.0
3851,189440.0
3852,189440.0
3853,183040.0
3854,179840.0
3855,187520.0
3856,193280.0
3857,206080.0
3858,188160.0
3859,192960.0
3860,171840.0
3861,186240.0
3862,175680.0
3863,174080.0
3864,177280.0
3865,171520.0
3866,170880.0
3867,169920.0
3868,172800.0
3869,177920.0
3870,177600.0
3871,176640.0
3872,185920.0
3873,182080.0
3874,177280.0
3875,179200.0
3876,169280.0
3877,183040.0
3878,189120.0
3879,207680.0
3880,200960.0
3881,193280.0
3882,181760.0
3883,186880.0
3884,181440.0
3885,184000.0
3886,180800.0
3887,184960.0
3888,178240.0
3889,174400.0
3890,184320.0
3891,182720.0
3892,181440.0
3893,181760.0
3894,191680.0
3895,173440.0
3896,173440.0
3897,173760.0
3898,177600.0
3899,182720.0
3900,178240.0
3901,176640.0
3902,172800.0
3903,178560.0
3904,177600.0
3905,192960.0
3906,192960.0
3907,173120.0
3908,183680.0
3909,183040.0
3910,178880.0
3911,172480.0
3912,188800.0
3913,174720.0
3914,177280.0
3915,170560.0
3916,173760.0
3917,176640.0
3918,173760.0
3919,182080.0
3920,172480.0
3921,177280.0
3922,178880.0
3923,184960.0
3924,168320.0
3925,163520.0
3926,163520.0
3927,164800.0
3928,168000.0
3929,168640.0
3930,173760.0
3931,180480.0
3932,175040.0
3933,184960.0
3934,186240.0
3935,171200.0
3936,179200.0
3937,183360.0
3938,180480.0
3939,172160.0
3940,178240.0
3941,179200.0
3942,170880.0
3943,174080.0
3944,162560.0
3945,160320.0
3946,160320.0
3947,159360.0
3948,158080.0
3949,170240.0
3950,169920.0
3951,168320.0
3952,174720.0
3953,177920.0
3954,171840.0
3955,177920.0
3956,168960.0
3957,175360.0
3958,177920.0
3959,179840.0
3960,189120.0
3961,181120.0
3962,174080.0
3963,180800.0
3964,175680.0
3965,196480.0
3966,176960.0
3967,188480.0
3968,182080.0
3969,189120.0
3970,182400.0
3971,195520.0
3972,184000.0
3973,183680.0
3974,174400.0
3975,181760.0
3976,160320.0
3977,168640.0
3978,154880.0
3979,162240.0
3980,162240.0
3981,168960.0
3982,172480.0
3983,169920.0
3984,163840.0
3985,164800.0
3986,162880.0
3987,168960.0
3988,181120.0
3989,168960.0
3990,173760.0
3991,173120.0
3992,161920.0
3993,164160.0
3994,158080.0
3995,176320.0
3996,163200.0
3997,165440.0
3998,159680.0
3999,166400.0
4000,172160.0
4001,167680.0
4002,162240.0
4003,165440.0
4004,160960.0
4005,160640.0
4006,157760.0
4007,157440.0
4008,146880.0
4009,152640.0
4010,145280.0
4011,140160.0
4012,141120.0
4013,141120.0
4014,150080.0
4015,152640.0
4016,158400.0
4017,151680.0
4018,167040.0
4019,164800.0
4020,171200.0
4021,173760.0
4022,185920.0
4023,178560.0
4024,183680.0
4025,179520.0
4026,184000.0
4027,194880.0
4028,205120.0
4029,194880.0
4030,188160.0
4031,180480.0
4032,186560.0
4033,189120.0
4034,189120.0
4035,196160.0
4036,188800.0
4037,190080.0
4038,190080.0
4039,176000.0
4040,186560.0
4041,187200.0
4042,188160.0
4043,195200.0
4044,193600.0
4045,190400.0
4046,175360.0
4047,171840.0
4048,188160.0
4049,184320.0
4050,187840.0
4051,184000.0
4052,191680.0
4053,192640.0
4054,200320.0
4055,201600.0
4056,200640.0
4057,196480.0
4058,192000.0
4059,184320.0
4060,194880.0
4061,196480.0
4062,190080.0
4063,193600.0
4064,203520.0
4065,203840.0
4066,192000.0
4067,192960.0
4068,193920.0
4069,193280.0
4070,192320.0
4071,194240.0
4072,196160.0
4073,192960.0
4074,191360.0
4075,192640.0
4076,195200.0
4077,176960.0
4078,187520.0
4079,175360.0
4080,184000.0
4081,179200.0
4082,169920.0
4083,175680.0
4084,157760.0
4085,160000.0
4086,163840.0
4087,171200.0
4088,169600.0
4089,166400.0
4090,165120.0
4091,181440.0
4092,169280.0
4093,176320.0
4094,163200.0
4095,172800.0
4096,176960.0
4097,190720.0
4098,185600.0
4099,170880.0
4100,171520.0
4101,160320.0
4102,162560.0
4103,170240.0
4104,161600.0
4105,151680.0
4106,143680.0
4107,148480.0
4108,148160.0
4109,148480.0
4110,152640.0
4111,141440.0
4112,144320.0
4113,144640.0
4114,139520.0
4115,142720.0
4116,134400.0
4117,151680.0
4118,150400.0
4119,149760.0
4120,146240.0
4121,147520.0
4122,150400.0
4123,158720.0
4124,157440.0
4125,165120.0
4126,155200.0
4127,153920.0
4128,163840.0
4129,163840.0
4130,165120.0
4131,160000.0
4132,158720.0
4133,161280.0
4134,179520.0
4135,179520.0
4136,177920.0
4137,192320.0
4138,193600.0
4139,212160.0
4140,195520.0
4141,180800.0
4142,188160.0
4143,208640.0
4144,193920.0
4145,197440.0
4146,193600.0
4147,198720.0
4148,203200.0
4149,200640.0
4150,201280.0
4151,216000.0
4152,200320.0
4153,200320.0
4154,190400.0
4155,197120.0
4156,213440.0
4157,222720.0
4158,213760.0
4159,217920.0
4160,222400.0
4161,210560.0
4162,219200.0
4163,225280.0
4164,228480.0
4165,218560.0
4166,224000.0
4167,212800.0
4168,215360.0
4169,221440.0
4170,222400.0
4171,224640.0
4172,228160.0
4173,226240.0
4174,228480.0
4175,225600.0
4176,232320.0
4177,226560.0
4178,216000.0
4179,214400.0
4180,205440.0
4181,212480.0
4182,200640.0
4183,209600.0
4184,205440.0
4185,193280.0
4186,193280.0
4187,204160.0
4188,204480.0
4189,204480.0
4190,213440.0
4191,216320.0
4192,215360.0
4193,217280.0
4194,222720.0
4195,234560.0
4196,226560.0
4197,223680.0
4198,207360.0
4199,209920.0
4200,220160.0
4201,214400.0
4202,217920.0
4203,211840.0
4204,214400.0
4205,210880.0
4206,221440.0
4207,218560.0
4208,205440.0
4209,216000.0
4210,216960.0
4211,212480.0
4212,206080.0
4213,207360.0
4214,209920.0
4215,196160.0
4216,188800.0
4217,185280.0
4218,184000.0
4219,176960.0
4220,185600.0
4221,195520.0
4222,185920.0
4223,187840.0
4224,185280.0
4225,176640.0
4226,196480.0
4227,186880.0
4228,182080.0
4229,183040.0
4230,174400.0
4231,160000.0
4232,166080.0
4233,167680.0
4234,162560.0
4235,184640.0
4236,193280.0
4237,179840.0
4238,174400.0
4239,166080.0
4240,173440.0
4241,174400.0
4242,172480.0
4243,169280.0
4244,178880.0
4245,168640.0
4246,172480.0
4247,179200.0
4248,170880.0
4249,168960.0
4250,168960.0
4251,161600.0
4252,168640.0
4253,156480.0
4254,158400.0
4255,157760.0
4256,160320.0
4257,173440.0
4258,174720.0
4259,172160.0
4260,172160.0
4261,173440.0
4262,170240.0
4263,168960.0
4264,164160.0
4265,161920.0
4266,176320.0
4267,177600.0
4268,169600.0
4269,168000.0
4270,172800.0
4271,166080.0
4272,164800.0
4273,169600.0
4274,161280.0
4275,166720.0
4276,172480.0
4277,162880.0
4278,162880.0
4279,156480.0
4280,168000.0
4281,157760.0
4282,165760.0
4283,173120.0
4284,169920.0
4285,177920.0
4286,168960.0
4287,174080.0
4288,183040.0
4289,181440.0
4290,166720.0
4291,173760.0
4292,190400.0
4293,197440.0
4294,194560.0
4295,204800.0
4296,208640.0
4297,203200.0
4298,205760.0
4299,216640.0
4300,203520.0
4301,199360.0
4302,199040.0
4303,201600.0
4304,195840.0
4305,197760.0
4306,202240.0
4307,202240.0
4308,217280.0
4309,205760.0
4310,212800.0
4311,208320.0
4312,212160.0
4313,205120.0
4314,208320.0
4315,208960.0
4316,207680.0
4317,214720.0
4318,206080.0
4319,203200.0
4320,210880.0
4321,202560.0
4322,206080.0
4323,206720.0
4324,206400.0
4325,194880.0
4326,196800.0
4327,197760.0
4328,210560.0
4329,208960.0
4330,212480.0
4331,217600.0
4332,214400.0
4333,218880.0
4334,224320.0
4335,229440.0
4336,216000.0
4337,224640.0
4338,226560.0
4339,232320.0
4340,211520.0
4341,217280.0
4342,204160.0
4343,208000.0
4344,201600.0
4345,200320.0
4346,211840.0
4347,206400.0
4348,207680.0
4349,207040.0
4350,202880.0
4351,212800.0
4352,207680.0
4353,202560.0
4354,193280.0
4355,200000.0
4356,194880.0
4357,206720.0
4358,202560.0
4359,177600.0
4360,187840.0
4361,191040.0
4362,201600.0
4363,194880.0
4364,201600.0
4365,197760.0
4366,197440.0
4367,208640.0
4368,203200.0
4369,192640.0
4370,202240.0
4371,197440.0
4372,190720.0
4373,186880.0
4374,189120.0
4375,199680.0
4376,193920.0
4377,187840.0
4378,187520.0
4379,186880.0
4380,207040.0
4381,204160.0
4382,205120.0
4383,184320.0
4384,187840.0
4385,188800.0
4386,184640.0
4387,190080.0
4388,188160.0
4389,181440.0
4390,186240.0
4391,181760.0
4392,176960.0
4393,176320.0
4394,174080.0
4395,165440.0
4396,163200.0
4397,167040.0
4398,186240.0
4399,179200.0
4400,176960.0
4401,177920.0
4402,179840.0
4403,170560.0
4404,169280.0
4405,183680.0
4406,171520.0
4407,168320.0
4408,164480.0
4409,180480.0
4410,180160.0
4411,180800.0
4412,175360.0
4413,193280.0
4414,190400.0
4415,176640.0
4416,184320.0
4417,180800.0
4418,175040.0
4419,168320.0
4420,168320.0
4421,182400.0
4422,189760.0
4423,179520.0
4424,189120.0
4425,191360.0
4426,189440.0
4427,199360.0
4428,200320.0
4429,188800.0
4430,179200.0
4431,189440.0
4432,186240.0
4433,184320.0
4434,188800.0
4435,186240.0
4436,187520.0
4437,170880.0
4438,175040.0
4439,174720.0
4440,177280.0
4441,176960.0
4442,176000.0
4443,181440.0
4444,173440.0
4445,171200.0
4446,179840.0
4447,168640.0
4448,169280.0
4449,162560.0
4450,168640.0
4451,178880.0
4452,174400.0
4453,177600.0
4454,188160.0
4455,188800.0
4456,197760.0
4457,183040.0
4458,189760.0
4459,195520.0
4460,190720.0
4461,193600.0
4462,201280.0
4463,182720.0
4464,190080.0
4465,191040.0
4466,195200.0
4467,193280.0
4468,193280.0
4469,192640.0
4470,192000.0
4471,190080.0
4472,183040.0
4473,193920.0
4474,188160.0
4475,186240.0
4476,186240.0
4477,178240.0
4478,164480.0
4479,172480.0
4480,167040.0
4481,171520.0
4482,169920.0
4483,169600.0
4484,166080.0
4485,149760.0
4486,171200.0
4487,162880.0
4488,185920.0
4489,167680.0
4490,177280.0
4491,174720.0
4492,173760.0
4493,160960.0
4494,175040.0
4495,176640.0
4496,192320.0
4497,181760.0
4498,194880.0
4499,188480.0
4500,184640.0
4501,188800.0
4502,198080.0
4503,201600.0
4504,192000.0
4505,195200.0
4506,194560.0
4507,200320.0
4508,178560.0
4509,192320.0
4510,182080.0
4511,189440.0
4512,189760.0
4513,181440.0
4514,183360.0
4515,179200.0
4516,187520.0
4517,181760.0
4518,186240.0
4519,189120.0
4520,178560.0
4521,184320.0
4522,185600.0
4523,194560.0
4524,188160.0
4525,175040.0
4526,189120.0
4527,189760.0
4528,192000.0
4529,194240.0
4530,202880.0
4531,209600.0
4532,194560.0
4533,199360.0
4534,209280.0
4535,209600.0
4536,211520.0
4537,201600.0
4538,198720.0
4539,194240.0
4540,194880.0
4541,195520.0
4542,194240.0
4543,201600.0
4544,195520.0
4545,194880.0
4546,178560.0
4547,190400.0
4548,184320.0
4549,188480.0
4550,200640.0
4551,196800.0
4552,196480.0
4553,197760.0
4554,192000.0
4555,194240.0
4556,189440.0
4557,193920.0
4558,192000.0
4559,199680.0
4560,184960.0
4561,182720.0
4562,189120.0
4563,201280.0
4564,182400.0
4565,183360.0
4566,189120.0
4567,184000.0
4568,198080.0
4569,201920.0
4570,187520.0
4571,184000.0
4572,176000.0
4573,185280.0
4574,179840.0
4575,183360.0
4576,183040.0
4577,184320.0
4578,178880.0
4579,180480.0
4580,181760.0
4581,184960.0
4582,185920.0
4583,192960.0
4584,174080.0
4585,189120.0
4586,180160.0
4587,177920.0
4588,187200.0
4589,180160.0
4590,177600.0
4591,184640.0
4592,162240.0
4593,166400.0
4594,160000.0
4595,156160.0
4596,160000.0
4597,149120.0
4598,162240.0
4599,159680.0
4600,157760.0
4601,158400.0
4602,161920.0
4603,150400.0
4604,142720.0
4605,145280.0
4606,145920.0
4607,144640.0
4608,145280.0
4609,151360.0
4610,158400.0
4611,146240.0
4612,147840.0
4613,156800.0
4614,173440.0
4615,168000.0
4616,169280.0
4617,183680.0
4618,172160.0
4619,173440.0
4620,179840.0
4621,173440.0
4622,178880.0
4623,181120.0
4624,180480.0
4625,186880.0
4626,191680.0
4627,195840.0
4628,204480.0
4629,201280.0
4630,195520.0
4631,179520.0
4632,176960.0
4633,197760.0
4634,196480.0
4635,192640.0
4636,195520.0
4637,195200.0
4638,192960.0
4639,193600.0
4640,183680.0
4641,180480.0
4642,181760.0
4643,183680.0
4644,189120.0
4645,186240.0
4646,180480.0
4647,183360.0
4648,182720.0
4649,186240.0
4650,174720.0
4651,171520.0
4652,166080.0
4653,173440.0
4654,160320.0
4655,156160.0
4656,167360.0
4657,167040.0
4658,161280.0
4659,156160.0
4660,154880.0
4661,167360.0
4662,177920.0
4663,172160.0
4664,176640.0
4665,177600.0
4666,183360.0
4667,177600.0
4668,176000.0
4669,189760.0
4670,195200.0
4671,182400.0
4672,178880.0
4673,185920.0
4674,190720.0
4675,182400.0
4676,186880.0
4677,182720.0
4678,176000.0
4679,178880.0
4680,174080.0
4681,178560.0
4682,175680.0
4683,172160.0
4684,177280.0
4685,181760.0
4686,173440.0
4687,181440.0
4688,175040.0
4689,174720.0
4690,169920.0
4691,169600.0
4692,172480.0
4693,179520.0
4694,175680.0
4695,170240.0
4696,168640.0
4697,163200.0
4698,169920.0
4699,172160.0
4700,166720.0
4701,172480.0
4702,166400.0
4703,164160.0
4704,177600.0
4705,168320.0
4706,165120.0
4707,167680.0
4708,172480.0
4709,173120.0
4710,166080.0
4711,171200.0
4712,177600.0
4713,171200.0
4714,175360.0
4715,169920.0
4716,179840.0
4717,168960.0
4718,171520.0
4719,175680.0
4720,175040.0
4721,167680.0
4722,176640.0
4723,180480.0
4724,175360.0
4725,196480.0
4726,182400.0
4727,174400.0
4728,196480.0
4729,173760.0
4730,163200.0
4731,184640.0
4732,174720.0
4733,190400.0
4734,167040.0
4735,176640.0
4736,168640.0
4737,169280.0
4738,175040.0
4739,187520.0
4740,169600.0
4741,169600.0
4742,176640.0
4743,172800.0
4744,183360.0
4745,187200.0
4746,176960.0
4747,168320.0
4748,171200.0
4749,173440.0
4750,180800.0
4751,190400.0
4752,197760.0
4753,193920.0
4754,192960.0
4755,204800.0
4756,197440.0
4757,189760.0
4758,193600.0
4759,193920.0
4760,204160.0
4761,205120.0
4762,208320.0
4763,202880.0
4764,206400.0
4765,213120.0
4766,215360.0
4767,202240.0
4768,200000.0
4769,193920.0
4770,200000.0
4771,203200.0
4772,205440.0
4773,209920.0
4774,210240.0
4775,202560.0
4776,205440.0
4777,208000.0
4778,216320.0
4779,218560.0
4780,215360.0
4781,207360.0
4782,210240.0
4783,210880.0
4784,219200.0
4785,202880.0
4786,200320.0
4787,206720.0
4788,202880.0
4789,205760.0
4790,196160.0
4791,208320.0
4792,213760.0
4793,198720.0
4794,204800.0
4795,198400.0
4796,195840.0
4797,194560.0
4798,197120.0
4799,174720.0
4800,178240.0
4801,186240.0
4802,187840.0
4803,174720.0
4804,174400.0
4805,178560.0
4806,174080.0
4807,178240.0
4808,182080.0
4809,177920.0
4810,180160.0
4811,173760.0
4812,170240.0
4813,171200.0
4814,170880.0
4815,172480.0
4816,179840.0
4817,168000.0
4818,162560.0
4819,156800.0
4820,165760.0
4821,167680.0
4822,173120.0
4823,172160.0
4824,164800.0
4825,163200.0
4826,160320.0
4827,161280.0
4828,168960.0
4829,164160.0
4830,156800.0
4831,161280.0
4832,160000.0
4833,162880.0
4834,162880.0
4835,161600.0
4836,179840.0
4837,176320.0
4838,177920.0
4839,177920.0
4840,186880.0
4841,181440.0
4842,185600.0
4843,189760.0
4844,206720.0
4845,192000.0
4846,203520.0
4847,207360.0
4848,188800.0
4849,192320.0
4850,194560.0
4851,184000.0
4852,200320.0
4853,193280.0
4854,212800.0
4855,207040.0
4856,199040.0
4857,194240.0
4858,205440.0
4859,207360.0
4860,211200.0
4861,204480.0
4862,211520.0
4863,201920.0
4864,204160.0
4865,207360.0
4866,209280.0
4867,199360.0
4868,202880.0
4869,208320.0
4870,203520.0
4871,198720.0
4872,197440.0
4873,212480.0
4874,207680.0
4875,226880.0
4876,210880.0
4877,222400.0
4878,211840.0
4879,223680.0
4880,216640.0
4881,216960.0
4882,220160.0
4883,224320.0
4884,213760.0
4885,231360.0
4886,230720.0
4887,228800.0
4888,227840.0
4889,227840.0
4890,224960.0
4891,233920.0
4892,233920.0
4893,237440.0
4894,239360.0
4895,255040.0
4896,233280.0
4897,243200.0
4898,249280.0
4899,240640.0
4900,246720.0
4901,235200.0
4902,245440.0
4903,229760.0
4904,229760.0
4905,216960.0
4906,217280.0
4907,221120.0
4908,218560.0
4909,228800.0
4910,212160.0
4911,218560.0
4912,214720.0
4913,231040.0
4914,218240.0
4915,216640.0
4916,218240.0
4917,218560.0
4918,206400.0
4919,210560.0
4920,206400.0
4921,206080.0
4922,197440.0
4923,201280.0
4924,204480.0
4925,202560.0
4926,209920.0
4927,201600.0
4928,196800.0
4929,202560.0
4930,202560.0
4931,207680.0
4932,208640.0
4933,208000.0
4934,215360.0
4935,198080.0
4936,197120.0
4937,191360.0
4938,201920.0
4939,190400.0
4940,185280.0
4941,190400.0
4942,187520.0
4943,191680.0
4944,196800.0
4945,185280.0
4946,187200.0
4947,179200.0
4948,180800.0
4949,188800.0
4950,173760.0
4951,181440.0
4952,184960.0
4953,189760.0
4954,183680.0
4955,188160.0
4956,176960.0
4957,172160.0
4958,179200.0
4959,170880.0
4960,174400.0
4961,165440.0
4962,168320.0
4963,174720.0
4964,180480.0
4965,172480.0
4966,177920.0
4967,176320.0
4968,166400.0
4969,167040.0
4970,167360.0
4971,159040.0
4972,157760.0
4973,157760.0
4974,154240.0
4975,145600.0
4976,160960.0
4977,150720.0
4978,163520.0
4979,159680.0
4980,158400.0
4981,153280.0
4982,159040.0
4983,158400.0
4984,159360.0
4985,158400.0
4986,160320.0
4987,154560.0
4988,151680.0
4989,159040.0
4990,157120.0
4991,159360.0
4992,165760.0
4993,153280.0
4994,185600.0
4995,192320.0
4996,192960.0
4997,197760.0
4998,200640.0
4999,215040.0
5000,208320.0
5001,229440.0
5002,227200.0
5003,234880.0
5004,243200.0
5005,238400.0
5006,251840.0
5007,249920.0
5008,241600.0
5009,230080.0
5010,239360.0
5011,236160.0
5012,242560.0
5013,248000.0
5014,243200.0
5015,240640.0
5016,237440.0
5017,240320.0
5018,227200.0
5019,244480.0
5020,236480.0
5021,237440.0
5022,228160.0
5023,233600.0
5024,240640.0
5025,227520.0
5026,235840.0
5027,222400.0
5028,221440.0
5029,224640.0
5030,227520.0
5031,226240.0
5032,215040.0
5033,217600.0
5034,214080.0
5035,217920.0
5036,212480.0
5037,221120.0
5038,219200.0
5039,226880.0
5040,229760.0
5041,218880.0
5042,218240.0
5043,218880.0
5044,210240.0
5045,203840.0
5046,203520.0
5047,201600.0
5048,203520.0
5049,212480.0
5050,212480.0
5051,222080.0
5052,213120.0
5053,221120.0
5054,208960.0
5055,208000.0
5056,201280.0
5057,209280.0
5058,204800.0
5059,214080.0
5060,213760.0
5061,214400.0
5062,207040.0
5063,208320.0
5064,196480.0
5065,200960.0
5066,197120.0
5067,188800.0
5068,189440.0
5069,187200.0
5070,186880.0
5071,174720.0
5072,176640.0
5073,181120.0
5074,179840.0
5075,176640.0
5076,183040.0
5077,187520.0
5078,185280.0
5079,167040.0
5080,166400.0
5081,163840.0
5082,173120.0
5083,158720.0
5084,157440.0
5085,160000.0
5086,148480.0
5087,148480.0
5088,146880.0
5089,134400.0
5090,133440.0
5091,155520.0
5092,155200.0
5093,155840.0
5094,149120.0
5095,161600.0
5096,146880.0
5097,151680.0
5098,163200.0
5099,170560.0
5100,176960.0
5101,169920.0
5102,173760.0
5103,170560.0
5104,186880.0
5105,195520.0
5106,196480.0
5107,193280.0
5108,187840.0
5109,199360.0
5110,197120.0
5111,198720.0
5112,210560.0
5113,199360.0
5114,204480.0
5115,205440.0
5116,200000.0
5117,210240.0
5118,221120.0
5119,218880.0
5120,218880.0
5121,208320.0
5122,220160.0
5123,213760.0
5124,221760.0
5125,227200.0
5126,226240.0
5127,232320.0
5128,235840.0
5129,238400.0
5130,234880.0
5131,231040.0
5132,215680.0
5133,240960.0
5134,233920.0
5135,231040.0
5136,244800.0
5137,243200.0
5138,231680.0
5139,238400.0
5140,231040.0
5141,226240.0
5142,224960.0
5143,236160.0
5144,229760.0
5145,231040.0
5146,224320.0
5147,227840.0
5148,228800.0
5149,232640.0
5150,236800.0
5151,239680.0
5152,229440.0
5153,251520.0
5154,253120.0
5155,239360.0
5156,234880.0
5157,249600.0
5158,240960.0
5159,249920.0
5160,240000.0
5161,245120.0
5162,245120.0
5163,241920.0
5164,240960.0
5165,240000.0
5166,242880.0
5167,237120.0
5168,252480.0
5169,250240.0
5170,245120.0
5171,242240.0
5172,246080.0
5173,237120.0
5174,216320.0
5175,230080.0
5176,235520.0
5177,229440.0
5178,233600.0
5179,213440.0
5180,218240.0
5181,215680.0
5182,214080.0
5183,215040.0
5184,214080.0
5185,196480.0
5186,199680.0
5187,195840.0
5188,196160.0
5189,193600.0
5190,199680.0
5191,188800.0
5192,187840.0
5193,185920.0
5194,183040.0
5195,179840.0
5196,178880.0
5197,174080.0
5198,169920.0
5199,174400.0
5200,173760.0
5201,174080.0
5202,182720.0
5203,184640.0
5204,169920.0
5205,155840.0
5206,155840.0
5207,167360.0
5208,161600.0
5209,162560.0
5210,170240.0
5211,174080.0
5212,159680.0
5213,150080.0
5214,157440.0
5215,148160.0
5216,156480.0
5217,168320.0
5218,173760.0
5219,171200.0
5220,169920.0
5221,175680.0
5222,171200.0
5223,157760.0
5224,168640.0
5225,186240.0
5226,188160.0
5227,183360.0
5228,191040.0
5229,191040.0
5230,200000.0
5231,201280.0
5232,213120.0
5233,202880.0
5234,194560.0
5235,194240.0
5236,190400.0
5237,190720.0
5238,194560.0
5239,206400.0
5240,200000.0
5241,208640.0
5242,205440.0
5243,200320.0
5244,192960.0
5245,207680.0
5246,206400.0
5247,209600.0
5248,215360.0
5249,212480.0
5250,202560.0
5251,198720.0
5252,208640.0
5253,203840.0
5254,213440.0
5255,194560.0
5256,210240.0
5257,217600.0
5258,208320.0
5259,206080.0
5260,209920.0
5261,200320.0
5262,208960.0
5263,204480.0
5264,206400.0
5265,205440.0
5266,191360.0
5267,220800.0
5268,210560.0
5269,192320.0
5270,188800.0
5271,191680.0
5272,195520.0
5273,191040.0
5274,190720.0
5275,187840.0
5276,203520.0
5277,201600.0
5278,208000.0
5279,206080.0
5280,208960.0
5281,212160.0
5282,204160.0
5283,203840.0
5284,198720.0
5285,202240.0
5286,208000.0
5287,199040.0
5288,198720.0
5289,204160.0
5290,209280.0
5291,208640.0
5292,209600.0
5293,202240.0
5294,193280.0
5295,200960.0
5296,183040.0
5297,179520.0
5298,172800.0
5299,168640.0
5300,168960.0
5301,166400.0
5302,170560.0
5303,173760.0
5304,175680.0
5305,158080.0
5306,160000.0
5307,158080.0
5308,159040.0
5309,171520.0
5310,177920.0
5311,163840.0
5312,162240.0
5313,164800.0
5314,161280.0
5315,153920.0
5316,154560.0
5317,163840.0
5318,157760.0
5319,154240.0
5320,149120.0
5321,147840.0
5322,147520.0
5323,150080.0
5324,142080.0
5325,147840.0
5326,145280.0
5327,134400.0
5328,141760.0
5329,135360.0
5330,143040.0
5331,138560.0
5332,140800.0
5333,138560.0
5334,132800.0
5335,144320.0
5336,142720.0
5337,148480.0
5338,152640.0
5339,153280.0
5340,149760.0
5341,162240.0
5342,166720.0
5343,167680.0
5344,153920.0
5345,166080.0
5346,166080.0
5347,172160.0
5348,164160.0
5349,159360.0
5350,157760.0
5351,155840.0
5352,158400.0
5353,162560.0
5354,165760.0
5355,168640.0
5356,166400.0
5357,146880.0
5358,158400.0
5359,149120.0
5360,152000.0
5361,157440.0
5362,153280.0
5363,162560.0
5364,162880.0
5365,183360.0
5366,180480.0
5367,171200.0
5368,185920.0
5369,186560.0
5370,196800.0
5371,194560.0
5372,190080.0
5373,198400.0
5374,192960.0
5375,223360.0
5376,222400.0
5377,217280.0
5378,220800.0
5379,229120.0
5380,222400.0
5381,221440.0
5382,215040.0
5383,230080.0
5384,231680.0
5385,218240.0
5386,225920.0
5387,226880.0
5388,216960.0
5389,223360.0
5390,241920.0
5391,243520.0
5392,243200.0
5393,244800.0
5394,241600.0
5395,253440.0
5396,257920.0
5397,255040.0
5398,260480.0
5399,252480.0
5400,263040.0
5401,252800.0
5402,259520.0
5403,265280.0
5404,254720.0
5405,245440.0
5406,243840.0
5407,237120.0
5408,232000.0
5409,243840.0
5410,244480.0
5411,235840.0
5412,238400.0
5413,239040.0
5414,233600.0
5415,232640.0
5416,228160.0
5417,239360.0
5418,216960.0
5419,230720.0
5420,234880.0
5421,233600.0
5422,230720.0
5423,229120.0
5424,244800.0
5425,224000.0
5426,225280.0
5427,223040.0
5428,221120.0
5429,215360.0
5430,244480.0
5431,215040.0
5432,222400.0
5433,219520.0
5434,214400.0
5435,210240.0
5436,204480.0
5437,200000.0
5438,208000.0
5439,203200.0
5440,209600.0
5441,218240.0
5442,206080.0
5443,197120.0
5444,192000.0
5445,185600.0
5446,192960.0
5447,189120.0
5448,189120.0
5449,184960.0
5450,188480.0
5451,174080.0
5452,172480.0
5453,178560.0
5454,175360.0
5455,179200.0
5456,192000.0
5457,177600.0
5458,173120.0
5459,176320.0
5460,167360.0
5461,162560.0
5462,170560.0
5463,171200.0
5464,161920.0
5465,164800.0
5466,152960.0
5467,158720.0
5468,146880.0
5469,144960.0
5470,143360.0
5471,139520.0
5472,149120.0
5473,154240.0
5474,147200.0
5475,147200.0
5476,148480.0
5477,143040.0
5478,149760.0
5479,168640.0
5480,160640.0
5481,153600.0
5482,162560.0
5483,168320.0
5484,160320.0
5485,166400.0
5486,170240.0
5487,173120.0
5488,176000.0
5489,180800.0
5490,171520.0
5491,167040.0
5492,170560.0
5493,179520.0
5494,172800.0
5495,181760.0
5496,189760.0
5497,174720.0
5498,189120.0
5499,173120.0
5500,167680.0
5501,173440.0
5502,181440.0
5503,150400.0
5504,153920.0
5505,144960.0
5506,153280.0
5507,155520.0
5508,159040.0
5509,171520.0
5510,172800.0
5511,175680.0
5512,173120.0
5513,175360.0
5514,171200.0
5515,179520.0
5516,177280.0
5517,190720.0
5518,184640.0
5519,184640.0
5520,176640.0
5521,188480.0
5522,179520.0
5523,195840.0
5524,191680.0
5525,188480.0
5526,196160.0
5527,184640.0
5528,205120.0
5529,192320.0
5530,193600.0
5531,197440.0
5532,206080.0
5533,196800.0
5534,207680.0
5535,201920.0
5536,198080.0
5537,194560.0
5538,199040.0
5539,202240.0
5540,218880.0
5541,213760.0
5542,219520.0
5543,223040.0
5544,218560.0
5545,219840.0
5546,211200.0
5547,217600.0
5548,228800.0
5549,210240.0
5550,220480.0
5551,214720.0
5552,205120.0
5553,206400.0
5554,213440.0
5555,203840.0
5556,206400.0
5557,215040.0
5558,196480.0
5559,202880.0
5560,191680.0
5561,200960.0
5562,198400.0
5563,192960.0
5564,186560.0
5565,180800.0
5566,179840.0
5567,181440.0
5568,185600.0
5569,173120.0
5570,169920.0
5571,178880.0
5572,184320.0
5573,171520.0
5574,168000.0
5575,159360.0
5576,166720.0
5577,172800.0
5578,158400.0
5579,165120.0
5580,152000.0
5581,151360.0
5582,153280.0
5583,145600.0
5584,153600.0
5585,149120.0
5586,135040.0
5587,142720.0
5588,133120.0
5589,127360.0
5590,124800.0
5591,131840.0
5592,135360.0
5593,129280.0
5594,137600.0
5595,138560.0
5596,135040.0
5597,123840.0
5598,123200.0
5599,128960.0
5600,131520.0
5601,133760.0
5602,139200.0
5603,137280.0
5604,134400.0
5605,132160.0
5606,128000.0
5607,133760.0
5608,131840.0
5609,137280.0
5610,144320.0
5611,144640.0
5612,142080.0
5613,144960.0
5614,135040.0
5615,130240.0
5616,134080.0
5617,141120.0
5618,127680.0
5619,138240.0
5620,131200.0
5621,135360.0
5622,144320.0
5623,138560.0
5624,141760.0
5625,131520.0
5626,134080.0
5627,141440.0
5628,137600.0
5629,134720.0
5630,138560.0
5631,142400.0
5632,135680.0
5633,147200.0
5634,133440.0
5635,130560.0
5636,134720.0
5637,131840.0
5638,145600.0
5639,144640.0
5640,140480.0
5641,133120.0
5642,152000.0
5643,141760.0
5644,147840.0
5645,148160.0
5646,148160.0
5647,147200.0
5648,141440.0
5649,154240.0
5650,147840.0
5651,165440.0
5652,154240.0
5653,156480.0
5654,158400.0
5655,160960.0
5656,165120.0
5657,160000.0
5658,162880.0
5659,160640.0
5660,176000.0
5661,183680.0
5662,181440.0
5663,176960.0
5664,179840.0
5665,182080.0
5666,172160.0
5667,175680.0
5668,184320.0
5669,160640.0
5670,163200.0
5671,171520.0
5672,168960.0
5673,177600.0
5674,171840.0
5675,171520.0
5676,177920.0
5677,180160.0
5678,200320.0
5679,183360.0
5680,177920.0
5681,184320.0
5682,185280.0
5683,185920.0
5684,182400.0
5685,192000.0
5686,199360.0
5687,204160.0
5688,186240.0
5689,189440.0
5690,192960.0
5691,200640.0
5692,201600.0
5693,186880.0
5694,217280.0
5695,205120.0
5696,214400.0
5697,211200.0
5698,209920.0
5699,208640.0
5700,230400.0
5701,230720.0
5702,215360.0
5703,224640.0
5704,222400.0
5705,216320.0
5706,216960.0
5707,206720.0
5708,201280.0
5709,210240.0
5710,190080.0
5711,195840.0
5712,197120.0
5713,205440.0
5714,190720.0
5715,202880.0
5716,205760.0
5717,200640.0
5718,219520.0
5719,209280.0
5720,197440.0
5721,210560.0
5722,199680.0
5723,205760.0
5724,198400.0
5725,199360.0
5726,193600.0
5727,200000.0
5728,193600.0
5729,192640.0
5730,188800.0
5731,184640.0
5732,210240.0
5733,199040.0
5734,215360.0
5735,207680.0
5736,198400.0
5737,206080.0
5738,212480.0
5739,215040.0
5740,208000.0
5741,203520.0
5742,208960.0
5743,195840.0
5744,198400.0
5745,190080.0
5746,200960.0
5747,214720.0
5748,216640.0
5749,209920.0
5750,204480.0
5751,201280.0
5752,191360.0
5753,191040.0
5754,200960.0
5755,200640.0
5756,198080.0
5757,201280.0
5758,192640.0
5759,207360.0
5760,202560.0
5761,208000.0
5762,208640.0
5763,197440.0
5764,193600.0
5765,200960.0
5766,186240.0
5767,192000.0
5768,192960.0
5769,181760.0
5770,191680.0
5771,198080.0
5772,180800.0
5773,186880.0
5774,183040.0
5775,174720.0
5776,181760.0
5777,171840.0
5778,172800.0
5779,174720.0
5780,170880.0
5781,187520.0
5782,180800.0
5783,182080.0
5784,184960.0
5785,169920.0
5786,182400.0
5787,187520.0
5788,183040.0
5789,192640.0
5790,183680.0
5791,192000.0
5792,198400.0
5793,195840.0
5794,186240.0
5795,197440.0
5796,194560.0
5797,183680.0
5798,179200.0
5799,186880.0
5800,184640.0
5801,180480.0
5802,189120.0
5803,204800.0
5804,197440.0
5805,184640.0
5806,201280.0
5807,200960.0
5808,192960.0
5809,198400.0
5810,192640.0
5811,214400.0
5812,195520.0
5813,183040.0
5814,195840.0
5815,181120.0
5816,182080.0
5817,181440.0
5818,176000.0
5819,178240.0
5820,180800.0
5821,182400.0
5822,182720.0
5823,187200.0
5824,188480.0
5825,187200.0
5826,188480.0
5827,185920.0
5828,174400.0
5829,193920.0
5830,187840.0
5831,190400.0
5832,179520.0
5833,176960.0
5834,177920.0
5835,183680.0
5836,165760.0
5837,177920.0
5838,172480.0
5839,173440.0
5840,168960.0
5841,163520.0
5842,156160.0
5843,163840.0
5844,158400.0
5845,166400.0
5846,166400.0
5847,163520.0
5848,165440.0
5849,165760.0
5850,162240.0
5851,170240.0
5852,165120.0
5853,162560.0
5854,160640.0
5855,185600.0
5856,184320.0
5857,184320.0
5858,190720.0
5859,175040.0
5860,191040.0
5861,199360.0
5862,190720.0
5863,189760.0
5864,179200.0
5865,190400.0
5866,184320.0
5867,183360.0
5868,185280.0
5869,185600.0
5870,201920.0
5871,189440.0
5872,189120.0
5873,186240.0
5874,186560.0
5875,193600.0
5876,195840.0
5877,188160.0
5878,182400.0
5879,183360.0
5880,192320.0
5881,198720.0
5882,197120.0
5883,195200.0
5884,193600.0
5885,187520.0
5886,192000.0
5887,186240.0
5888,176960.0
5889,173760.0
5890,174080.0
5891,179200.0
5892,176640.0
5893,184640.0
5894,180800.0
5895,190400.0
5896,189440.0
5897,194880.0
5898,181440.0
5899,196480.0
5900,188800.0
5901,198400.0
5902,201600.0
5903,200640.0
5904,200640.0
5905,192320.0
5906,197440.0
5907,209600.0
5908,204480.0
5909,212480.0
5910,203840.0
5911,201920.0
5912,209920.0
5913,201600.0
5914,209280.0
5915,203200.0
5916,200960.0
5917,180800.0
5918,191680.0
5919,182080.0
5920,173760.0
5921,184000.0
5922,172160.0
5923,169600.0
5924,169600.0
5925,167360.0
5926,170240.0
5927,163840.0
5928,153280.0
5929,160960.0
5930,172160.0
5931,165760.0
5932,165760.0
5933,165760.0
5934,171840.0
5935,174400.0
5936,176640.0
5937,171840.0
5938,151360.0
5939,157120.0
5940,152320.0
5941,168960.0
5942,158080.0
5943,172800.0
5944,173440.0
5945,177280.0
5946,181440.0
5947,176640.0
5948,175680.0
5949,189120.0
5950,180480.0
5951,185600.0
5952,168640.0
5953,175360.0
5954,177920.0
5955,176640.0
5956,180160.0
5957,183680.0
5958,184320.0
5959,188480.0
5960,192320.0
5961,196480.0
5962,204800.0
5963,213760.0
5964,200640.0
5965,204480.0
5966,194880.0
5967,192640.0
5968,193280.0
5969,210560.0
5970,210240.0
5971,211200.0
5972,209920.0
5973,212800.0
5974,202880.0
5975,211840.0
5976,211200.0
5977,208640.0
5978,208960.0
5979,206400.0
5980,228800.0
5981,208640.0
5982,233600.0
5983,226240.0
5984,223680.0
5985,216000.0
5986,219520.0
5987,218560.0
5988,219200.0
5989,216320.0
5990,209280.0
5991,196160.0
5992,197440.0
5993,201920.0
5994,192960.0
5995,204160.0
5996,198400.0
5997,198080.0
5998,212800.0
5999,193600.0
6000,184320.0
6001,198080.0
6002,195840.0
6003,189120.0
6004,189760.0
6005,186880.0
6006,184000.0
6007,184960.0
6008,177600.0
6009,171520.0
6010,181120.0
6011,175680.0
6012,184640.0
6013,172800.0
6014,185600.0
6015,178240.0
6016,176000.0
6017,176640.0
6018,182400.0
6019,183680.0
6020,184320.0
6021,176640.0
6022,181760.0
6023,184960.0
6024,178240.0
6025,175360.0
6026,164800.0
6027,183360.0
6028,189760.0
6029,187200.0
6030,182720.0
6031,188800.0
6032,178880.0
6033,184320.0
6034,181440.0
6035,171200.0
6036,176320.0
6037,184960.0
6038,185920.0
6039,191680.0
6040,184960.0
6041,179200.0
6042,170560.0
6043,178240.0
6044,183040.0
6045,180160.0
6046,182080.0
6047,184960.0
6048,192320.0
6049,182400.0
6050,190400.0
6051,180480.0
6052,183040.0
6053,192960.0
6054,182720.0
6055,191040.0
6056,193920.0
6057,194240.0
6058,204160.0
6059,199680.0
6060,195200.0
6061,198400.0
6062,196480.0
6063,193600.0
6064,199040.0
6065,207680.0
6066,206080.0
6067,206080.0
6068,202240.0
6069,212800.0
6070,197760.0
6071,203200.0
6072,207680.0
6073,228480.0
6074,211520.0
6075,217600.0
6076,221120.0
6077,223680.0
6078,213760.0
6079,204160.0
6080,209280.0
6081,206720.0
6082,220480.0
6083,224000.0
6084,216320.0
6085,234560.0
6086,223360.0
6087,230400.0
6088,230080.0
6089,234240.0
6090,219520.0
6091,220480.0
6092,218560.0
6093,211840.0
6094,206400.0
6095,202880.0
6096,214080.0
6097,202880.0
6098,209280.0
6099,209920.0
6100,207680.0
6101,221760.0
6102,216320.0
6103,220800.0
6104,223040.0
6105,218880.0
6106,220800.0
6107,219520.0
6108,219200.0
6109,221760.0
6110,224320.0
6111,219200.0
6112,233280.0
6113,223360.0
6114,227200.0
6115,227840.0
6116,227840.0
6117,209920.0
6118,212800.0
6119,217920.0
6120,209920.0
6121,203840.0
6122,206400.0
6123,214080.0
6124,215360.0
6125,221440.0
6126,208320.0
6127,220160.0
6128,209920.0
6129,207360.0
6130,218880.0
6131,212160.0
6132,194560.0
6133,206080.0
6134,206720.0
6135,197440.0
6136,185600.0
6137,192640.0
6138,182080.0
6139,194880.0
6140,202880.0
6141,200000.0
6142,198400.0
6143,193920.0
6144,196160.0
6145,194240.0
6146,180800.0
6147,186880.0
6148,196160.0
6149,202240.0
6150,211200.0
6151,200960.0
6152,205760.0
6153,194880.0
6154,201280.0
6155,196480.0
6156,206080.0
6157,195840.0
6158,193920.0
6159,188160.0
6160,188480.0
6161,192960.0
6162,193920.0
6163,192320.0
6164,199680.0
6165,187840.0
6166,172160.0
6167,173760.0
6168,181760.0
6169,183360.0
6170,194240.0
6171,175040.0
6172,169280.0
6173,180800.0
6174,190720.0
6175,184000.0
6176,201280.0
6177,205440.0
6178,188160.0
6179,195520.0
6180,188800.0
6181,191040.0
6182,181440.0
6183,177280.0
6184,193600.0
6185,178560.0
6186,183360.0
6187,180160.0
6188,200000.0
6189,189760.0
6190,192000.0
6191,175040.0
6192,188480.0
6193,183040.0
6194,184960.0
6195,183680.0
6196,187840.0
6197,173120.0
6198,191040.0
6199,186880.0
6200,176640.0
6201,172480.0
6202,167360.0
6203,172160.0
6204,158400.0
6205,163840.0
6206,160320.0
6207,157440.0
6208,172160.0
6209,173120.0
6210,171840.0
6211,182400.0
6212,175360.0
6213,178880.0
6214,176960.0
6215,173120.0
6216,176640.0
6217,188160.0
6218,184000.0
6219,169920.0
6220,169920.0
6221,176640.0
6222,169600.0
6223,183680.0
6224,168320.0
6225,173120.0
6226,174400.0
6227,167040.0
6228,172800.0
6229,170880.0
6230,176000.0
6231,173120.0
6232,176320.0
6233,168960.0
6234,175680.0
6235,169600.0
6236,166720.0
6237,170880.0
6238,168640.0
6239,173440.0
6240,168960.0
6241,170880.0
6242,165440.0
6243,162560.0
6244,165760.0
6245,161920.0
6246,155200.0
6247,164480.0
6248,171840.0
6249,164480.0
6250,169920.0
6251,166720.0
6252,185600.0
6253,192960.0
6254,187840.0
6255,178560.0
6256,185920.0
6257,195840.0
6258,194880.0
6259,186560.0
6260,191040.0
6261,177600.0
6262,184320.0
6263,182720.0
6264,171520.0
6265,176320.0
6266,170240.0
6267,170240.0
6268,157440.0
6269,161600.0
6270,158720.0
6271,158720.0
6272,156800.0
6273,157120.0
6274,156480.0
6275,157440.0
6276,157440.0
6277,147840.0
6278,150080.0
6279,156480.0
6280,162240.0
6281,165440.0
6282,159360.0
6283,163840.0
6284,171840.0
6285,164160.0
6286,158400.0
6287,152960.0
6288,164480.0
6289,162880.0
6290,155200.0
6291,166080.0
6292,146880.0
6293,158400.0
6294,156800.0
6295,167680.0
6296,169920.0
6297,161280.0
6298,152960.0
6299,150720.0
6300,148480.0
6301,150080.0
6302,155520.0
6303,161920.0
6304,161920.0
6305,160640.0
6306,144320.0
6307,140480.0
6308,142400.0
6309,161600.0
6310,161280.0
6311,163200.0
6312,161600.0
6313,147520.0
6314,160000.0
6315,176320.0
6316,178880.0
6317,187840.0
6318,185600.0
6319,175680.0
6320,179200.0
6321,180800.0
6322,196800.0
6323,195200.0
6324,194880.0
6325,198080.0
6326,200640.0
6327,197760.0
6328,195520.0
6329,194240.0
6330,209920.0
6331,204480.0
6332,216320.0
6333,221120.0
6334,212480.0
6335,226240.0
6336,227520.0
6337,228480.0
6338,215680.0
6339,217600.0
6340,217280.0
6341,216320.0
6342,226240.0
6343,232320.0
6344,225280.0
6345,219200.0
6346,222720.0
6347,225600.0
6348,218560.0
6349,216320.0
6350,226880.0
6351,202880.0
6352,211520.0
6353,230720.0
6354,218880.0
6355,219840.0
6356,227200.0
6357,210560.0
6358,229760.0
6359,223040.0
6360,228160.0
6361,221120.0
6362,212160.0
6363,211840.0
6364,200320.0
6365,192960.0
6366,206400.0
6367,196800.0
6368,192960.0
6369,200960.0
6370,200000.0
6371,188800.0
6372,191040.0
6373,186880.0
6374,199360.0
6375,206400.0
6376,201920.0
6377,208000.0
6378,197120.0
6379,200640.0
6380,198720.0
6381,193280.0
6382,199680.0
6383,204160.0
6384,200320.0
6385,207680.0
6386,188800.0
6387,189760.0
6388,194880.0
6389,177920.0
6390,179520.0
6391,182080.0
6392,170880.0
6393,185280.0
6394,173440.0
6395,186240.0
6396,186880.0
6397,183360.0
6398,183040.0
6399,184640.0
6400,190400.0
6401,180800.0
6402,174400.0
6403,172480.0
6404,165760.0
6405,171200.0
6406,159680.0
6407,159040.0
6408,148160.0
6409,157120.0
6410,163520.0
6411,170560.0
6412,171520.0
6413,180160.0
6414,182080.0
6415,159680.0
6416,168960.0
6417,170560.0
6418,165120.0
6419,159680.0
6420,155520.0
6421,160640.0
6422,156160.0
6423,155840.0
6424,154560.0
6425,162240.0
6426,152000.0
6427,165440.0
6428,157440.0
6429,162560.0
6430,157760.0
6431,161920.0
6432,173120.0
6433,159680.0
6434,161280.0
6435,155520.0
6436,152960.0
6437,152960.0
6438,160320.0
6439,162240.0
6440,171200.0
6441,174400.0
6442,174400.0
6443,172800.0
6444,173440.0
6445,178240.0
6446,171200.0
6447,182400.0
6448,194880.0
6449,179520.0
6450,184640.0
6451,187520.0
6452,168960.0
6453,171520.0
6454,164800.0
6455,181120.0
6456,180480.0
6457,177920.0
6458,181440.0
6459,181120.0
6460,195200.0
6461,192960.0
6462,179200.0
6463,179200.0
6464,171520.0
6465,169600.0
6466,171520.0
6467,174080.0
6468,155200.0
6469,156480.0
6470,149760.0
6471,149120.0
6472,149760.0
6473,136320.0
6474,141760.0
6475,143360.0
6476,144640.0
6477,133760.0
6478,131520.0
6479,142400.0
6480,139840.0
6481,138560.0
6482,144960.0
6483,151040.0
6484,148480.0
6485,144000.0
6486,147840.0
6487,146240.0
6488,152640.0
6489,149440.0
6490,142080.0
6491,138560.0
6492,133440.0
6493,139840.0
6494,151040.0
6495,158720.0
6496,146240.0
6497,144960.0
6498,139840.0
6499,140480.0
6500,139200.0
6501,137920.0
6502,141440.0
6503,154880.0
6504,153280.0
6505,144000.0
6506,151040.0
6507,151040.0
6508,147520.0
6509,144960.0
6510,152960.0
6511,151040.0
6512,143040.0
6513,141120.0
6514,149120.0
6515,146240.0
6516,146560.0
6517,151360.0
6518,156800.0
6519,174720.0
6520,156800.0
6521,165760.0
6522,158080.0
6523,165120.0
6524,156800.0
6525,150080.0
6526,156160.0
6527,158080.0
6528,159360.0
6529,161920.0
6530,167360.0
6531,168640.0
6532,167040.0
6533,173760.0
6534,174400.0
6535,174720.0
6536,170560.0
6537,170880.0
6538,164480.0
6539,157760.0
6540,153600.0
6541,165440.0
6542,157120.0
6543,159040.0
6544,152320.0
6545,150400.0
6546,152000.0
6547,153600.0
6548,144320.0
6549,151680.0
6550,149440.0
6551,154880.0
6552,171840.0
6553,164800.0
6554,180160.0
6555,166720.0
6556,176640.0
6557,178240.0
6558,173440.0
6559,172800.0
6560,175360.0
6561,176640.0
6562,175360.0
6563,178240.0
6564,181760.0
6565,175680.0
6566,178880.0
6567,193600.0
6568,190080.0
6569,202240.0
6570,202880.0
6571,200640.0
6572,207360.0
6573,209600.0
6574,206400.0
6575,204160.0
6576,200320.0
6577,203840.0
6578,206080.0
6579,197440.0
6580,195200.0
6581,205120.0
6582,196480.0
6583,205440.0
6584,214400.0
6585,211200.0
6586,200000.0
6587,194240.0
6588,193280.0
6589,192320.0
6590,184960.0
6591,195200.0
6592,192000.0
6593,204800.0
6594,196160.0
6595,191040.0
6596,187840.0
6597,191680.0
6598,183680.0
6599,189120.0
6600,177280.0
6601,181760.0
6602,179840.0
6603,182400.0
6604,183360.0
6605,174080.0
6606,183040.0
6607,182080.0
6608,188160.0
6609,185600.0
6610,181440.0
6611,189760.0
6612,187200.0
6613,191360.0
6614,187840.0
6615,194880.0
6616,197120.0
6617,208960.0
6618,200000.0
6619,211520.0
6620,185280.0
6621,192960.0
6622,196800.0
6623,202880.0
6624,196480.0
6625,186880.0
6626,191360.0
6627,197120.0
6628,179840.0
6629,186560.0
6630,189760.0
6631,202240.0
6632,191040.0
6633,184000.0
6634,178560.0
6635,176000.0
6636,178560.0
6637,193600.0
6638,189440.0
6639,184000.0
6640,179520.0
6641,180480.0
6642,192000.0
6643,190400.0
6644,181120.0
6645,190080.0
6646,185920.0
6647,178240.0
6648,180480.0
6649,184000.0
6650,172160.0
6651,172480.0
6652,182720.0
6653,178880.0
6654,184960.0
6655,168640.0
6656,174080.0
6657,182080.0
6658,177600.0
6659,184960.0
6660,185280.0
6661,174080.0
6662,170880.0
6663,171520.0
6664,175360.0
6665,163840.0
6666,174720.0
6667,167680.0
6668,175360.0
6669,179840.0
6670,177920.0
6671,186240.0
6672,184000.0
6673,197760.0
6674,192320.0
6675,182400.0
6676,185600.0
6677,192320.0
6678,183680.0
6679,182400.0
6680,166400.0
6681,170560.0
6682,171200.0
6683,166400.0
6684,160640.0
6685,167360.0
6686,175680.0
6687,174720.0
6688,167680.0
6689,177280.0
6690,171520.0
6691,164480.0
6692,174400.0
6693,179520.0
6694,177600.0
6695,178880.0
6696,183680.0
6697,190720.0
6698,201280.0
6699,192960.0
6700,190400.0
6701,189760.0
6702,190080.0
6703,171840.0
6704,187840.0
6705,187840.0
6706,191680.0
6707,176000.0
6708,184640.0
6709,188800.0
6710,193920.0
6711,187840.0
6712,186880.0
6713,198080.0
6714,184960.0
6715,182080.0
6716,182400.0
6717,173120.0
6718,172480.0
6719,176000.0
6720,173760.0
6721,179200.0
6722,165760.0
6723,173120.0
6724,190720.0
6725,189760.0
6726,188160.0
6727,178240.0
6728,175040.0
6729,162240.0
6730,173120.0
6731,175040.0
6732,190400.0
6733,186240.0
6734,187200.0
6735,183360.0
6736,188160.0
6737,179200.0
6738,184320.0
6739,175360.0
6740,184960.0
6741,183680.0
6742,179520.0
6743,177600.0
6744,183040.0
6745,193280.0
6746,191360.0
6747,184000.0
6748,178880.0
6749,176640.0
6750,170880.0
6751,179840.0
6752,178560.0
6753,172800.0
6754,175360.0
6755,170560.0
6756,169920.0
6757,174720.0
6758,192000.0
6759,188160.0
6760,196160.0
6761,207680.0
6762,192960.0
6763,180480.0
6764,177600.0
6765,178880.0
6766,172800.0
6767,169280.0
6768,180800.0
6769,164800.0
6770,161280.0
6771,152000.0
6772,156480.0
6773,160640.0
6774,158720.0
6775,163520.0
6776,159040.0
6777,153280.0
6778,146880.0
6779,149120.0
6780,148800.0
6781,151040.0
6782,146560.0
6783,155520.0
6784,158720.0
6785,148480.0
6786,147840.0
6787,160000.0
6788,164800.0
6789,159680.0
6790,163200.0
6791,169600.0
6792,162560.0
6793,160640.0
6794,176960.0
6795,164160.0
6796,154880.0
6797,163840.0
6798,164480.0
6799,158400.0
6800,158400.0
6801,166400.0
6802,156160.0
6803,160960.0
6804,156800.0
6805,156800.0
6806,152000.0
6807,164800.0
6808,160640.0
6809,156160.0
6810,159040.0
6811,170560.0
6812,159680.0
6813,160000.0
6814,168320.0
6815,168640.0
6816,182400.0
6817,172480.0
6818,180160.0
6819,177600.0
6820,192000.0
6821,194240.0
6822,200320.0
6823,182400.0
6824,195200.0
6825,205120.0
6826,199040.0
6827,200640.0
6828,198080.0
6829,195200.0
6830,192000.0
6831,186880.0
6832,175360.0
6833,178880.0
6834,163840.0
6835,172480.0
6836,165120.0
6837,180480.0
6838,177280.0
6839,169280.0
6840,175040.0
6841,185280.0
6842,179200.0
6843,176000.0
6844,176000.0
6845,176000.0
6846,175680.0
6847,178560.0
6848,174080.0
6849,177600.0
6850,168000.0
6851,185920.0
6852,186560.0
6853,196800.0
6854,184000.0
6855,189440.0
6856,194240.0
6857,185920.0
6858,186240.0
6859,184000.0
6860,176640.0
6861,183040.0
6862,190720.0
6863,187840.0
6864,189120.0
6865,202240.0
6866,193920.0
6867,198720.0
6868,198400.0
6869,197760.0
6870,194560.0
6871,200640.0
6872,205760.0
6873,198720.0
6874,199680.0
6875,207680.0
6876,200640.0
6877,201920.0
6878,186240.0
6879,210880.0
6880,213440.0
6881,214720.0
6882,222080.0
6883,213120.0
6884,215040.0
6885,214400.0
6886,204160.0
6887,203200.0
6888,208320.0
6889,211840.0
6890,208000.0
6891,211840.0
6892,216640.0
6893,202560.0
6894,198080.0
6895,196160.0
6896,182400.0
6897,200320.0
6898,193920.0
6899,196160.0
6900,200640.0
6901,185600.0
6902,193600.0
6903,188480.0
6904,181120.0
6905,186560.0
6906,184000.0
6907,172160.0
6908,176960.0
6909,171520.0
6910,178880.0
6911,188480.0
6912,175360.0
6913,168960.0
6914,179200.0
6915,164480.0
6916,171520.0
6917,165440.0
6918,172160.0
6919,179840.0
6920,174720.0
6921,180160.0
6922,187840.0
6923,183040.0
6924,177920.0
6925,187200.0
6926,189440.0
6927,185280.0
6928,186560.0
6929,189440.0
6930,180480.0
6931,185920.0
6932,176000.0
6933,168960.0
6934,182400.0
6935,191360.0
6936,200000.0
6937,205120.0
6938,201600.0
6939,205440.0
6940,202240.0
6941,224640.0
6942,218240.0
6943,211520.0
6944,231680.0
6945,217280.0
6946,207360.0
6947,210560.0
6948,197760.0
6949,209280.0
6950,195840.0
6951,200320.0
6952,208320.0
6953,197760.0
6954,204160.0
6955,201600.0
6956,207360.0
6957,209280.0
6958,204800.0
6959,189760.0
6960,196160.0
6961,190080.0
6962,202560.0
6963,198080.0
6964,203200.0
6965,200320.0
6966,213760.0
6967,206080.0
6968,206080.0
6969,200640.0
6970,215680.0
6971,204480.0
6972,217280.0
6973,211840.0
6974,223040.0
6975,221120.0
6976,225600.0
6977,210880.0
6978,232320.0
6979,226240.0
6980,223360.0
6981,238400.0
6982,224320.0
6983,232320.0
6984,231360.0
6985,240960.0
6986,241920.0
6987,235200.0
6988,230400.0
6989,245440.0
6990,244480.0
6991,240960.0
6992,247680.0
6993,237760.0
6994,239040.0
6995,256960.0
6996,245440.0
6997,246720.0
6998,239360.0
6999,239360.0
7000,245120.0
7001,254080.0
7002,238400.0
7003,248320.0
7004,235520.0
7005,249920.0
7006,249280.0
7007,244480.0
7008,249280.0
7009,232640.0
7010,242560.0
7011,239680.0
7012,236160.0
7013,239360.0
7014,257600.0
7015,255040.0
7016,256640.0
7017,255360.0
7018,253120.0
7019,240320.0
7020,229760.0
7021,237760.0
7022,235520.0
7023,242880.0
7024,238080.0
7025,224640.0
7026,220160.0
7027,227200.0
7028,224000.0
7029,213760.0
7030,213440.0
7031,220800.0
7032,219200.0
7033,220480.0
7034,208000.0
7035,199680.0
7036,184000.0
7037,186560.0
7038,180480.0
7039,180160.0
7040,180480.0
7041,192640.0
7042,186560.0
7043,196480.0
7044,193280.0
7045,192000.0
7046,188480.0
7047,188800.0
7048,183680.0
7049,184000.0
7050,194240.0
7051,186880.0
7052,189760.0
7053,201920.0
7054,199040.0
7055,201280.0
7056,193920.0
7057,189440.0
7058,189120.0
7059,200000.0
7060,192960.0
7061,204480.0
7062,198720.0
7063,193280.0
7064,206400.0
7065,193600.0
7066,193280.0
7067,192320.0
7068,198080.0
7069,184960.0
7070,193600.0
7071,204160.0
7072,209600.0
7073,206720.0
7074,206400.0
7075,208960.0
7076,200960.0
7077,201920.0
7078,200960.0
7079,210240.0
7080,208000.0
7081,212160.0
7082,213760.0
7083,223360.0
7084,207680.0
7085,198400.0
7086,200640.0
7087,201600.0
7088,207360.0
7089,200320.0
7090,204800.0
7091,217280.0
7092,214080.0
7093,214720.0
7094,199040.0
7095,206720.0
7096,204800.0
7097,200640.0
7098,194240.0
7099,199680.0
7100,194880.0
7101,188480.0
7102,194560.0
7103,193280.0
7104,201280.0
7105,212160.0
7106,214080.0
7107,204800.0
7108,212160.0
7109,201280.0
7110,200640.0
7111,195200.0
7112,194240.0
7113,199040.0
7114,191360.0
7115,185600.0
7116,190720.0
7117,196160.0
7118,190720.0
7119,198080.0
7120,204160.0
7121,214720.0
7122,208000.0
7123,198400.0
7124,187200.0
7125,192960.0
7126,193920.0
7127,192320.0
7128,187520.0
7129,192960.0
7130,185600.0
7131,192640.0
7132,196160.0
7133,194240.0
7134,198080.0
7135,195840.0
7136,196800.0
7137,205760.0
7138,199040.0
7139,187200.0
7140,182080.0
7141,177600.0
7142,179840.0
7143,184960.0
7144,197120.0
7145,204160.0
7146,212800.0
7147,207360.0
7148,206080.0
7149,197760.0
7150,200000.0
7151,199360.0
7152,193280.0
7153,184000.0
7154,192640.0
7155,193600.0
7156,183360.0
7157,182400.0
7158,177600.0
7159,170240.0
7160,176960.0
7161,180800.0
7162,184320.0
7163,184000.0
7164,192320.0
7165,190720.0
7166,201600.0
7167,197760.0
7168,191680.0
7169,186880.0
7170,200320.0
7171,202240.0
7172,188800.0
7173,187520.0
7174,191360.0
7175,196160.0
7176,196800.0
7177,197760.0
7178,195200.0
7179,203520.0
7180,194880.0
7181,186240.0
7182,187200.0
7183,193280.0
7184,187840.0
7185,191680.0
7186,195200.0
7187,195520.0
7188,192640.0
7189,196160.0
7190,182400.0
7191,187840.0
7192,188800.0
7193,174080.0
7194,174080.0
7195,170240.0
7196,164160.0
7197,161920.0
7198,176320.0
7199,181760.0
7200,181440.0
7201,184960.0
7202,181120.0
7203,190080.0
7204,185920.0
7205,193920.0
7206,184640.0
7207,191680.0
7208,200000.0
7209,195520.0
7210,194240.0
7211,192320.0
7212,187200.0
7213,179520.0
7214,192640.0
7215,180480.0
7216,181760.0
7217,177280.0
7218,172480.0
7219,162560.0
7220,170560.0
7221,176960.0
7222,166080.0
7223,186560.0
7224,191680.0
7225,168960.0
7226,181120.0
7227,171200.0
7228,169920.0
7229,174400.0
7230,178240.0
7231,174720.0
7232,166720.0
7233,176640.0
7234,188160.0
7235,179200.0
7236,171520.0
7237,179840.0
7238,164160.0
7239,171200.0
7240,177600.0
7241,179840.0
7242,170880.0
7243,184640.0
7244,169600.0
7245,160640.0
7246,169280.0
7247,176000.0
7248,177280.0
7249,167040.0
7250,160960.0
7251,185280.0
7252,162880.0
7253,174400.0
7254,168960.0
7255,181120.0
7256,164480.0
7257,178560.0
7258,178880.0
7259,185600.0
7260,186240.0
7261,195200.0
7262,195200.0
7263,209920.0
7264,206720.0
7265,194880.0
7266,197440.0
7267,197760.0
7268,211520.0
7269,179520.0
7270,194880.0
7271,186560.0
7272,179840.0
7273,183360.0
7274,172160.0
7275,176000.0
7276,178880.0
7277,176320.0
7278,175360.0
7279,187200.0
7280,176320.0
7281,169280.0
7282,168000.0
7283,179200.0
7284,174720.0
7285,173760.0
7286,173760.0
7287,178560.0
7288,174720.0
7289,176320.0
7290,179200.0
7291,172480.0
7292,181120.0
7293,182720.0
7294,183360.0
7295,176960.0
7296,176320.0
7297,173760.0
7298,191360.0
7299,182720.0
7300,174080.0
7301,178240.0
7302,183040.0
7303,178880.0
7304,171200.0
7305,172800.0
7306,163840.0
7307,162240.0
7308,181120.0
7309,173440.0
7310,169280.0
7311,171520.0
7312,175680.0
7313,173760.0
7314,170560.0
7315,167040.0
7316,177280.0
7317,186240.0
7318,185920.0
7319,195840.0
7320,195840.0
7321,197440.0
7322,191680.0
7323,194560.0
7324,194880.0
7325,188160.0
7326,184320.0
7327,187200.0
7328,186880.0
7329,195200.0
7330,185280.0
7331,173120.0
7332,175040.0
7333,171200.0
7334,178880.0
7335,161920.0
7336,169280.0
7337,161920.0
7338,168960.0
7339,168000.0
7340,172480.0
7341,182080.0
7342,189760.0
7343,193600.0
7344,202560.0
7345,203520.0
7346,194880.0
7347,200640.0
7348,197120.0
7349,202880.0
7350,197440.0
7351,196480.0
7352,189440.0
7353,188800.0
7354,185280.0
7355,183360.0
7356,174400.0
7357,175360.0
7358,173760.0
7359,183360.0
7360,178880.0
7361,174080.0
7362,168000.0
7363,167360.0
7364,182080.0
7365,176960.0
7366,188160.0
7367,185920.0
7368,197760.0
7369,200960.0
7370,206720.0
7371,216960.0
7372,222720.0
7373,228160.0
7374,214400.0
7375,220160.0
7376,220800.0
7377,215360.0
7378,217600.0
7379,214720.0
7380,217600.0
7381,215680.0
7382,219840.0
7383,218560.0
7384,227840.0
7385,230080.0
7386,218880.0
7387,233280.0
7388,235200.0
7389,225600.0
7390,219840.0
7391,223360.0
7392,221440.0
7393,217280.0
7394,225600.0
7395,222400.0
7396,212480.0
7397,215040.0
7398,222400.0
7399,222720.0
7400,214080.0
7401,212800.0
7402,225280.0
7403,227840.0
7404,222400.0
7405,221120.0
7406,203200.0
7407,205120.0
7408,202560.0
7409,201600.0
7410,201920.0
7411,207360.0
7412,208320.0
7413,208000.0
7414,208960.0
7415,202880.0
7416,208320.0
7417,205760.0
7418,197440.0
7419,204160.0
7420,200000.0
7421,194240.0
7422,186560.0
7423,192960.0
7424,197120.0
7425,200000.0
7426,194560.0
7427,186560.0
7428,188800.0
7429,180480.0
7430,192320.0
7431,192640.0
7432,204480.0
7433,197120.0
7434,193280.0
7435,197760.0
7436,204480.0
7437,200000.0
7438,207680.0
7439,201920.0
7440,206400.0
7441,210880.0
7442,201920.0
7443,201920.0
7444,195200.0
7445,192640.0
7446,182400.0
7447,186560.0
7448,177920.0
7449,171840.0
7450,172480.0
7451,169600.0
7452,168000.0
7453,159680.0
7454,156160.0
7455,154880.0
7456,149760.0
7457,146880.0
7458,149760.0
7459,165440.0
7460,154240.0
7461,157120.0
7462,163200.0
7463,152640.0
7464,157440.0
7465,156800.0
7466,165760.0
7467,165760.0
7468,167040.0
7469,158720.0
7470,157760.0
7471,168960.0
7472,163840.0
7473,161920.0
7474,166400.0
7475,168960.0
7476,175040.0
7477,163520.0
7478,167360.0
7479,174400.0
7480,178880.0
7481,182720.0
7482,182080.0
7483,194560.0
7484,183360.0
7485,181440.0
7486,184960.0
7487,174080.0
7488,182720.0
7489,186560.0
7490,186880.0
7491,195520.0
7492,188480.0
7493,178880.0
7494,192960.0
7495,184000.0
7496,192320.0
7497,192960.0
7498,193280.0
7499,198080.0
7500,194560.0
7501,206720.0
7502,207360.0
7503,201280.0
7504,208960.0
7505,208960.0
7506,209600.0
7507,215040.0
7508,206400.0
7509,208000.0
7510,208960.0
7511,208640.0
7512,194560.0
7513,190080.0
7514,200640.0
7515,202240.0
7516,194240.0
7517,195200.0
7518,195200.0
7519,197120.0
7520,186880.0
7521,194560.0
7522,188160.0
7523,188480.0
7524,198400.0
7525,191360.0
7526,195840.0
7527,209600.0
7528,210240.0
7529,200960.0
7530,209920.0
7531,192640.0
7532,189760.0
7533,200960.0
7534,197440.0
7535,189760.0
7536,189760.0
7537,185920.0
7538,185280.0
7539,182080.0
7540,186240.0
7541,185600.0
7542,181120.0
7543,189760.0
7544,201280.0
7545,200000.0
7546,177920.0
7547,186240.0
7548,195200.0
7549,188800.0
7550,194880.0
7551,197120.0
7552,181440.0
7553,199680.0
7554,184000.0
7555,200640.0
7556,199040.0
7557,212800.0
7558,208000.0
7559,203520.0
7560,201600.0
7561,204480.0
7562,209600.0
7563,218560.0
7564,201600.0
7565,203200.0
7566,196800.0
7567,212480.0
7568,212160.0
7569,199360.0
7570,210240.0
7571,208000.0
7572,211200.0
7573,215360.0
7574,200000.0
7575,211200.0
7576,213440.0
7577,204800.0
7578,199680.0
7579,196800.0
7580,189440.0
7581,194880.0
7582,183360.0
7583,174080.0
7584,191040.0
7585,192960.0
7586,184960.0
7587,190400.0
7588,189120.0
7589,184640.0
7590,168960.0
7591,157440.0
7592,169280.0
7593,172480.0
7594,181120.0
7595,186560.0
7596,172480.0
7597,172480.0
7598,174720.0
7599,172160.0
7600,179840.0
7601,170560.0
7602,172800.0
7603,179520.0
7604,173760.0
7605,170560.0
7606,177600.0
7607,185280.0
7608,180480.0
7609,169600.0
7610,177280.0
7611,175040.0
7612,178880.0
7613,174400.0
7614,173120.0
7615,163840.0
7616,171200.0
7617,163200.0
7618,177920.0
7619,159040.0
7620,159360.0
7621,159360.0
7622,160000.0
7623,171520.0
7624,169600.0
7625,171200.0
7626,170240.0
7627,171200.0
7628,176000.0
7629,179840.0
7630,177280.0
7631,173760.0
7632,176960.0
7633,166720.0
7634,161280.0
7635,160000.0
7636,162880.0
7637,169600.0
7638,166720.0
7639,178880.0
7640,177280.0
7641,168960.0
7642,168640.0
7643,162240.0
7644,182400.0
7645,177280.0
7646,175680.0
7647,186880.0
7648,179200.0
7649,180800.0
7650,171200.0
7651,188800.0
7652,172480.0
7653,175040.0
7654,185280.0
7655,174400.0
7656,193280.0
7657,207680.0
7658,196480.0
7659,204800.0
7660,216640.0
7661,206080.0
7662,207040.0
7663,200000.0
7664,194560.0
7665,199680.0
7666,195200.0
7667,187520.0
7668,183040.0
7669,182720.0
7670,178560.0
7671,186560.0
7672,192000.0
7673,186880.0
7674,191680.0
7675,186880.0
7676,197760.0
7677,198080.0
7678,197760.0
7679,199680.0
7680,198400.0
7681,198720.0
7682,204800.0
7683,205120.0
7684,205120.0
7685,205760.0
7686,215680.0
7687,215680.0
7688,222080.0
7689,217920.0
7690,215360.0
7691,206400.0
7692,212480.0
7693,221760.0
7694,197760.0
7695,204800.0
7696,199040.0
7697,214720.0
7698,215040.0
7699,215680.0
7700,201920.0
7701,209920.0
7702,205120.0
7703,206720.0
7704,195200.0
7705,180800.0
7706,177600.0
7707,171840.0
7708,176960.0
7709,171200.0
7710,176320.0
7711,176960.0
7712,177600.0
7713,169600.0
7714,168960.0
7715,168320.0
7716,168000.0
7717,161600.0
7718,168000.0
7719,174720.0
7720,182400.0
7721,178240.0
7722,171840.0
7723,190400.0
7724,183040.0
7725,185600.0
7726,180800.0
7727,178560.0
7728,185920.0
7729,192640.0
7730,187840.0
7731,181440.0
7732,174400.0
7733,177920.0
7734,173120.0
7735,169920.0
7736,168640.0
7737,171840.0
7738,168000.0
7739,163200.0
7740,170560.0
7741,175680.0
7742,191680.0
7743,180800.0
7744,180160.0
7745,187840.0
7746,176640.0
7747,183360.0
7748,179200.0
7749,168000.0
7750,181760.0
7751,174400.0
7752,170880.0
7753,162880.0
7754,171840.0
7755,170560.0
7756,159360.0
7757,160320.0
7758,163520.0
7759,163200.0
7760,175040.0
7761,175680.0
7762,178880.0
7763,166720.0
7764,165760.0
7765,173440.0
7766,171520.0
7767,168640.0
7768,174080.0
7769,180480.0
7770,180800.0
7771,179520.0
7772,175360.0
7773,176640.0
7774,176000.0
7775,179200.0
7776,183680.0
7777,182400.0
7778,182720.0
7779,180160.0
7780,188800.0
7781,187840.0
7782,198400.0
7783,189760.0
7784,191680.0
7785,198720.0
7786,198080.0
7787,212160.0
7788,222400.0
7789,216000.0
7790,207360.0
7791,213440.0
7792,219200.0
7793,212160.0
7794,216960.0
7795,225280.0
7796,224000.0
7797,219840.0
7798,226560.0
7799,224000.0
7800,232960.0
7801,239360.0
7802,240960.0
7803,225920.0
7804,229120.0
7805,227520.0
7806,228480.0
7807,233920.0
7808,231360.0
7809,232000.0
7810,219520.0
7811,245440.0
7812,241280.0
7813,234240.0
7814,224960.0
7815,222080.0
7816,230080.0
7817,226880.0
7818,228800.0
7819,225600.0
7820,216320.0
7821,215680.0
7822,215680.0
7823,222720.0
7824,212160.0
7825,205120.0
7826,206400.0
7827,206400.0
7828,211840.0
7829,218880.0
7830,211200.0
7831,208640.0
7832,198720.0
7833,210560.0
7834,217600.0
7835,202880.0
7836,205760.0
7837,188160.0
7838,200320.0
7839,217600.0
7840,205760.0
7841,213120.0
7842,213760.0
7843,216000.0
7844,224640.0
7845,215040.0
7846,220480.0
7847,226880.0
7848,231680.0
7849,216000.0
7850,219520.0
7851,224000.0
7852,212480.0
7853,219840.0
7854,228160.0
7855,218560.0
7856,206720.0
7857,209920.0
7858,213760.0
7859,203200.0
7860,214720.0
7861,216960.0
7862,219200.0
7863,221440.0
7864,206720.0
7865,206080.0
7866,201600.0
7867,190080.0
7868,181120.0
7869,183360.0
7870,193280.0
7871,183040.0
7872,192000.0
7873,201600.0
7874,202880.0
7875,200960.0
7876,201600.0
7877,202880.0
7878,204160.0
7879,210880.0
7880,200640.0
7881,185920.0
7882,192320.0
7883,192960.0
7884,182080.0
7885,176640.0
7886,175040.0
7887,186240.0
7888,178240.0
7889,190720.0
7890,181440.0
7891,191680.0
7892,180480.0
7893,197120.0
7894,199360.0
7895,186880.0
7896,190080.0
7897,190400.0
7898,183360.0
7899,184960.0
7900,180480.0
7901,178240.0
7902,182720.0
7903,188800.0
7904,191360.0
7905,195200.0
7906,189760.0
7907,193600.0
7908,189440.0
7909,184000.0
7910,190400.0
7911,190400.0
7912,179840.0
7913,172160.0
7914,166080.0
7915,163520.0
7916,160320.0
7917,160000.0
7918,152320.0
7919,176000.0
7920,161920.0
7921,162240.0
7922,155520.0
7923,166400.0
7924,181120.0
7925,182080.0
7926,177920.0
7927,173760.0
7928,171520.0
7929,170240.0
7930,176640.0
7931,163200.0
7932,164800.0
7933,159040.0
7934,155840.0
7935,159360.0
7936,148480.0
7937,163520.0
7938,153280.0
7939,156800.0
7940,177920.0
7941,170880.0
7942,179200.0
7943,174080.0
7944,182400.0
7945,185280.0
7946,182400.0
7947,172160.0
7948,169920.0
7949,182080.0
7950,181120.0
7951,179520.0
7952,180800.0
7953,173120.0
7954,182080.0
7955,182720.0
7956,173760.0
7957,197760.0
7958,200640.0
7959,191040.0
7960,186240.0
7961,188480.0
7962,196480.0
7963,192320.0
7964,194560.0
7965,193920.0
7966,205120.0
7967,204480.0
7968,203840.0
7969,216960.0
7970,210560.0
7971,203200.0
7972,209600.0
7973,209280.0
7974,213120.0
7975,207680.0
7976,205120.0
7977,208320.0
7978,214400.0
7979,215360.0
7980,209600.0
7981,224640.0
7982,228800.0
7983,224000.0
7984,229440.0
7985,232640.0
7986,225920.0
7987,227200.0
7988,213120.0
7989,220480.0
7990,214080.0
7991,211520.0
7992,222400.0
7993,227200.0
7994,231040.0
7995,239040.0
7996,240320.0
7997,247040.0
7998,244160.0
7999,248640.0
8000,245120.0
8001,235520.0
8002,235200.0
8003,236480.0
8004,223040.0
8005,230400.0
8006,240000.0
8007,237760.0
8008,234880.0
8009,231680.0
8010,230080.0
8011,239040.0
8012,232000.0
8013,237120.0
8014,238400.0
8015,232000.0
8016,238400.0
8017,221760.0
8018,230400.0
8019,226240.0
8020,227200.0
8021,220480.0
8022,224320.0
8023,234560.0
8024,205120.0
8025,199680.0
8026,204160.0
8027,201280.0
8028,212800.0
8029,211840.0
8030,202560.0
8031,212160.0
8032,216960.0
8033,202560.0
8034,212160.0
8035,223360.0
8036,208320.0
8037,205440.0
8038,190080.0
8039,191360.0
8040,186880.0
8041,195520.0
8042,186560.0
8043,204800.0
8044,196480.0
8045,208960.0
8046,210560.0
8047,210240.0
8048,193280.0
8049,203520.0
8050,208960.0
8051,209600.0
8052,208320.0
8053,210880.0
8054,210240.0
8055,198080.0
8056,192960.0
8057,197440.0
8058,208640.0
8059,200960.0
8060,205760.0
8061,190720.0
8062,195520.0
8063,181440.0
8064,187520.0
8065,180160.0
8066,173760.0
8067,181760.0
8068,177280.0
8069,179840.0
8070,169600.0
8071,161280.0
8072,171840.0
8073,176000.0
8074,171520.0
8075,168640.0
8076,179200.0
8077,164800.0
8078,167040.0
8079,164800.0
8080,169280.0
8081,165120.0
8082,161600.0
8083,157120.0
8084,159360.0
8085,159040.0
8086,162240.0
8087,163520.0
8088,157760.0
8089,155840.0
8090,176320.0
8091,164480.0
8092,159680.0
8093,156800.0
8094,158080.0
8095,161280.0
8096,152000.0
8097,160320.0
8098,158720.0
8099,157120.0
8100,152000.0
8101,150720.0
8102,156480.0
8103,147200.0
8104,151040.0
8105,163840.0
8106,156800.0
8107,160960.0
8108,155520.0
8109,165760.0
8110,157440.0
8111,166080.0
8112,157760.0
8113,156480.0
8114,161600.0
8115,158720.0
8116,168320.0
8117,165440.0
8118,162880.0
8119,170560.0
8120,165440.0
8121,162880.0
8122,172800.0
8123,165440.0
8124,166720.0
8125,155200.0
8126,155200.0
8127,163520.0
8128,151680.0
8129,155840.0
8130,158400.0
8131,146240.0
8132,148160.0
8133,160320.0
8134,155520.0
8135,149440.0
8136,166720.0
8137,173760.0
8138,172800.0
8139,184640.0
8140,183040.0
8141,185920.0
8142,183040.0
8143,178560.0
8144,181440.0
8145,180800.0
8146,175360.0
8147,179520.0
8148,176320.0
8149,172800.0
8150,178560.0
8151,175040.0
8152,171200.0
8153,175360.0
8154,186880.0
8155,182400.0
8156,191680.0
8157,199040.0
8158,197440.0
8159,206080.0
8160,205760.0
8161,209600.0
8162,213120.0
8163,214080.0
8164,212800.0
8165,214400.0
8166,217600.0
8167,222080.0
8168,222720.0
8169,219520.0
8170,220800.0
8171,215680.0
8172,224640.0
8173,206080.0
8174,205120.0
8175,208640.0
8176,216640.0
8177,206720.0
8178,200640.0
8179,207360.0
8180,205760.0
8181,193280.0
8182,189440.0
8183,186240.0
8184,186560.0
8185,169600.0
8186,163840.0
8187,165760.0
8188,162560.0
8189,163840.0
8190,152320.0
8191,165760.0
8192,177920.0
8193,178240.0
8194,174720.0
8195,177280.0
8196,176960.0
8197,173440.0
8198,180160.0
8199,173120.0
8200,170880.0
8201,172480.0
8202,176640.0
8203,171520.0
8204,167680.0
8205,166720.0
8206,152320.0
8207,152640.0
8208,156480.0
8209,152320.0
8210,156800.0
8211,151360.0
8212,158400.0
8213,156800.0
8214,157760.0
8215,160960.0
8216,154560.0
8217,164800.0
8218,160000.0
8219,157120.0
8220,155200.0
8221,162560.0
8222,176000.0
8223,165760.0
8224,174080.0
8225,170560.0
8226,170880.0
8227,170880.0
8228,176320.0
8229,188480.0
8230,184000.0
8231,174080.0
8232,167040.0
8233,181760.0
8234,177280.0
8235,179200.0
8236,177600.0
8237,176640.0
8238,184640.0
8239,179200.0
8240,197120.0
8241,181760.0
8242,184640.0
8243,185600.0
8244,198080.0
8245,195200.0
8246,200320.0
8247,193920.0
8248,198400.0
8249,207360.0
8250,206080.0
8251,212160.0
8252,223040.0
8253,219840.0
8254,228160.0
8255,228800.0
8256,240960.0
8257,233600.0
8258,234880.0
8259,218240.0
8260,232640.0
8261,232320.0
8262,240000.0
8263,232960.0
8264,229120.0
8265,219840.0
8266,224640.0
8267,214400.0
8268,214400.0
8269,220480.0
8270,202240.0
8271,215360.0
8272,207680.0
8273,215360.0
8274,221120.0
8275,217600.0
8276,221120.0
8277,218240.0
8278,217920.0
8279,214720.0
8280,226240.0
8281,232320.0
8282,225280.0
8283,231040.0
8284,243200.0
8285,240320.0
8286,243200.0
8287,239680.0
8288,240640.0
8289,230720.0
8290,235840.0
8291,222080.0
8292,218240.0
8293,234240.0
8294,200640.0
8295,207680.0
8296,196800.0
8297,180480.0
8298,177280.0
8299,180160.0
8300,181440.0
8301,187840.0
8302,178560.0
8303,174080.0
8304,188480.0
8305,178880.0
8306,183680.0
8307,181760.0
8308,183360.0
8309,186240.0
8310,196800.0
8311,179840.0
8312,184000.0
8313,184960.0
8314,190400.0
8315,178560.0
8316,180160.0
8317,187520.0
8318,184320.0
8319,173440.0
8320,177600.0
8321,180480.0
8322,183680.0
8323,189440.0
8324,179520.0
8325,185920.0
8326,201920.0
8327,199360.0
8328,191680.0
8329,183040.0
8330,190400.0
8331,191360.0
8332,207680.0
8333,211840.0
8334,206400.0
8335,216320.0
8336,211520.0
8337,202880.0
8338,217600.0
8339,216960.0
8340,203200.0
8341,207040.0
8342,194560.0
8343,201920.0
8344,199040.0
8345,201600.0
8346,197440.0
8347,201280.0
8348,201280.0
8349,204800.0
8350,198080.0
8351,198080.0
8352,200000.0
8353,195520.0
8354,197760.0
8355,207040.0
8356,198400.0
8357,202560.0
8358,205120.0
8359,190080.0
8360,190400.0
8361,183360.0
8362,196800.0
8363,192960.0
8364,193280.0
8365,196800.0
8366,191040.0
8367,194560.0
8368,203840.0
8369,204800.0
8370,202880.0
8371,196800.0
8372,189440.0
8373,204160.0
8374,195520.0
8375,191680.0
8376,197440.0
8377,196160.0
8378,199360.0
8379,194240.0
8380,199040.0
8381,193600.0
8382,197120.0
8383,194560.0
8384,193600.0
8385,202560.0
8386,203840.0
8387,207680.0
8388,199680.0
8389,210240.0
8390,209920.0
8391,212800.0
8392,216960.0
8393,220480.0
8394,217920.0
8395,211200.0
8396,206400.0
8397,209280.0
8398,192960.0
8399,204800.0
8400,196800.0
8401,203200.0
8402,176960.0
8403,180160.0
8404,190400.0
8405,183360.0
8406,169280.0
8407,180160.0
8408,186240.0
8409,184320.0
8410,168000.0
8411,161600.0
8412,162560.0
8413,173760.0
8414,163520.0
8415,175040.0
8416,165440.0
8417,160640.0
8418,162560.0
8419,159040.0
8420,168320.0
8421,164800.0
8422,173440.0
8423,160320.0
8424,164800.0
8425,168000.0
8426,159680.0
8427,173440.0
8428,175680.0
8429,174720.0
8430,183680.0
8431,192320.0
8432,183680.0
8433,166400.0
8434,171200.0
8435,177920.0
8436,193280.0
8437,180800.0
8438,183040.0
8439,184000.0
8440,184640.0
8441,172160.0
8442,170880.0
8443,164800.0
8444,176000.0
8445,184320.0
8446,180800.0
8447,179200.0
8448,197760.0
8449,200000.0
8450,218240.0
8451,224000.0
8452,214400.0
8453,221760.0
8454,234560.0
8455,233600.0
8456,224320.0
8457,218880.0
8458,235520.0
8459,243840.0
8460,247680.0
8461,239360.0
8462,252480.0
8463,232960.0
8464,242560.0
8465,232640.0
8466,236160.0
8467,239040.0
8468,216960.0
8469,224640.0
8470,232000.0
8471,238080.0
8472,233920.0
8473,222400.0
8474,221440.0
8475,231040.0
8476,216960.0
8477,224320.0
8478,228480.0
8479,224960.0
8480,225280.0
8481,213120.0
8482,215360.0
8483,209920.0
8484,214080.0
8485,213120.0
8486,211520.0
8487,220480.0
8488,213760.0
8489,208960.0
8490,204160.0
8491,211200.0
8492,220160.0
8493,211520.0
8494,214400.0
8495,214720.0
8496,208320.0
8497,212480.0
8498,221440.0
8499,217280.0
8500,217600.0
8501,223360.0
8502,225280.0
8503,222400.0
8504,214720.0
8505,225920.0
8506,217280.0
8507,219840.0
8508,212160.0
8509,217280.0
8510,211840.0
8511,216320.0
8512,200640.0
8513,198080.0
8514,203200.0
8515,207680.0
8516,205760.0
8517,211200.0
8518,202560.0
8519,211840.0
8520,204160.0
8521,222720.0
8522,203520.0
8523,201280.0
8524,200640.0
8525,189440.0
8526,200320.0
8527,189440.0
8528,207040.0
8529,193600.0
8530,185600.0
8531,178560.0
8532,193280.0
8533,185280.0
8534,176320.0
8535,173120.0
8536,176320.0
8537,161920.0
8538,160960.0
8539,172160.0
8540,163200.0
8541,162560.0
8542,159680.0
8543,156800.0
8544,165440.0
8545,155200.0
8546,159040.0
8547,162560.0
8548,155520.0
8549,155840.0
8550,151040.0
8551,167680.0
8552,149120.0
8553,156160.0
8554,159040.0
8555,163840.0
8556,170240.0
8557,151360.0
8558,146880.0
8559,149440.0
8560,151360.0
8561,153280.0
8562,146880.0
8563,146880.0
8564,148160.0
8565,159040.0
8566,160320.0
8567,157440.0
8568,156480.0
8569,168320.0
8570,164480.0
8571,168320.0
8572,165760.0
8573,176640.0
8574,160320.0
8575,165760.0
8576,173120.0
8577,171200.0
8578,174400.0
8579,174080.0
8580,172480.0
8581,163520.0
8582,162240.0
8583,162240.0
8584,157760.0
8585,148160.0
8586,154880.0
8587,163840.0
8588,149760.0
8589,145600.0
8590,143680.0
8591,143680.0
8592,140800.0
8593,133760.0
8594,146240.0
8595,135040.0
8596,139200.0
8597,147200.0
8598,148800.0
8599,137920.0
8600,130880.0
8601,143040.0
8602,139840.0
8603,154240.0
8604,155200.0
8605,160320.0
8606,173120.0
8607,181760.0
8608,165760.0
8609,169600.0
8610,173120.0
8611,174400.0
8612,174720.0
8613,175680.0
8614,177920.0
8615,178560.0
8616,180160.0
8617,164480.0
8618,161600.0
8619,173120.0
8620,181440.0
8621,183360.0
8622,180160.0
8623,172160.0
8624,179840.0
8625,185280.0
8626,188800.0
8627,184320.0
8628,187200.0
8629,200960.0
8630,184960.0
8631,180800.0
8632,190080.0
8633,179840.0
8634,174400.0
8635,193920.0
8636,182080.0
8637,184960.0
8638,183360.0
8639,198080.0
8640,186560.0
8641,192320.0
8642,193280.0
8643,192960.0
8644,203200.0
8645,199360.0
8646,204800.0
8647,212800.0
8648,212480.0
8649,217920.0
8650,210560.0
8651,223680.0
8652,210560.0
8653,217280.0
8654,204800.0
8655,198400.0
8656,202240.0
8657,201280.0
8658,199680.0
8659,194880.0
8660,198400.0
8661,191680.0
8662,192960.0
8663,198080.0
8664,193920.0
8665,186560.0
8666,186240.0
8667,195520.0
8668,204480.0
8669,197760.0
8670,195200.0
8671,188800.0
8672,179520.0
8673,188800.0
8674,184320.0
8675,196160.0
8676,181440.0
8677,190080.0
8678,191680.0
8679,187200.0
8680,171200.0
8681,182400.0
8682,169920.0
8683,175360.0
8684,176960.0
8685,169600.0
8686,169280.0
8687,163200.0
8688,169600.0
8689,185920.0
8690,175040.0
8691,174400.0
8692,160960.0
8693,171200.0
8694,177280.0
8695,175360.0
8696,180160.0
8697,176640.0
8698,187520.0
8699,182720.0
8700,171840.0
8701,172800.0
8702,178560.0
8703,176000.0
8704,174400.0
8705,174080.0
8706,180480.0
8707,185920.0
8708,180800.0
8709,192320.0
8710,189440.0
8711,184000.0
8712,187200.0
8713,185280.0
8714,192640.0
8715,192640.0
8716,190080.0
8717,178880.0
8718,179520.0
8719,193280.0
8720,185600.0
8721,178880.0
8722,181120.0
8723,182400.0
8724,171200.0
8725,168320.0
8726,166720.0
8727,176960.0
8728,173760.0
8729,167680.0
8730,155840.0
8731,160320.0
8732,169280.0
8733,160640.0
8734,163200.0
8735,162560.0
8736,167040.0
8737,157120.0
8738,166080.0
8739,157760.0
8740,172480.0
8741,169280.0
8742,161920.0
8743,163840.0
8744,158400.0
8745,161280.0
8746,166720.0
8747,168320.0
8748,175040.0
8749,171520.0
8750,178240.0
8751,193280.0
8752,184000.0
8753,197440.0
8754,194880.0
8755,192960.0
8756,192960.0
8757,201920.0
8758,194240.0
8759,199040.0
8760,196480.0
8761,209920.0
8762,195840.0
8763,206080.0
8764,197760.0
8765,201600.0
8766,200000.0
8767,204480.0
8768,206720.0
8769,215360.0
8770,220480.0
8771,227200.0
8772,217600.0
8773,219200.0
8774,224320.0
8775,214080.0
8776,210560.0
8777,202880.0
8778,201280.0
8779,201280.0
8780,203200.0
8781,198720.0
8782,209600.0
8783,191040.0
8784,191040.0
8785,191040.0
8786,190720.0
8787,188480.0
8788,189120.0
8789,190400.0
8790,195520.0
8791,197440.0
8792,200640.0
8793,195520.0
8794,201920.0
8795,205120.0
8796,201600.0
8797,202880.0
8798,180480.0
8799,195840.0
8800,195200.0
8801,195520.0
8802,184000.0
8803,190400.0
8804,177280.0
8805,173120.0
8806,169920.0
8807,164800.0
8808,167040.0
8809,174400.0
8810,183360.0
8811,174080.0
8812,192640.0
8813,181120.0
8814,179840.0
8815,173120.0
8816,164160.0
8817,173760.0
8818,191360.0
8819,192000.0
8820,193600.0
8821,207360.0
8822,202560.0
8823,213120.0
8824,202560.0
8825,216960.0
8826,207680.0
8827,217600.0
8828,205760.0
8829,206080.0
8830,206400.0
8831,206080.0
8832,200640.0
8833,192320.0
8834,193920.0
8835,207360.0
8836,193920.0
8837,191360.0
8838,189760.0
8839,199040.0
8840,188160.0
8841,199680.0
8842,195520.0
8843,193280.0
8844,200320.0
8845,203840.0
8846,201280.0
8847,200640.0
8848,186240.0
8849,191040.0
8850,187520.0
8851,191040.0
8852,183040.0
8853,182080.0
8854,186240.0
8855,182080.0
8856,179200.0
8857,172480.0
8858,186880.0
8859,189760.0
8860,185600.0
8861,190720.0
8862,191040.0
8863,207040.0
8864,210880.0
8865,202560.0
8866,214720.0
8867,208640.0
8868,201600.0
8869,203840.0
8870,215680.0
8871,220160.0
8872,211840.0
8873,209920.0
8874,202880.0
8875,200320.0
8876,188480.0
8877,197120.0
8878,191680.0
8879,184960.0
8880,187840.0
8881,195200.0
8882,191360.0
8883,186240.0
8884,194560.0
8885,187200.0
8886,195840.0
8887,204160.0
8888,201920.0
8889,201600.0
8890,196160.0
8891,205440.0
8892,197440.0
8893,190400.0
8894,210880.0
8895,202880.0
8896,195840.0
8897,180480.0
8898,182720.0
8899,184960.0
8900,183360.0
8901,168640.0
8902,169920.0
8903,170240.0
8904,164480.0
8905,164800.0
8906,164160.0
8907,172800.0
8908,177600.0
8909,169280.0
8910,171520.0
8911,173760.0
8912,163840.0
8913,165440.0
8914,166080.0
8915,176000.0
8916,174720.0
8917,164800.0
8918,168960.0
8919,158400.0
8920,166400.0
8921,164800.0
8922,148160.0
8923,143040.0
8924,152640.0
8925,154880.0
8926,156800.0
8927,162240.0
8928,165760.0
8929,167040.0
8930,166400.0
8931,165120.0
8932,173760.0
8933,172800.0
8934,179520.0
8935,184320.0
8936,190400.0
8937,192960.0
8938,189760.0
8939,200320.0
8940,208960.0
8941,205440.0
8942,198720.0
8943,209280.0
8944,205120.0
8945,197440.0
8946,199680.0
8947,206720.0
8948,215360.0
8949,209920.0
8950,210560.0
8951,220160.0
8952,228160.0
8953,219520.0
8954,209920.0
8955,218240.0
8956,218560.0
8957,217920.0
8958,225600.0
8959,218560.0
8960,208000.0
8961,203200.0
8962,191360.0
8963,190720.0
8964,194240.0
8965,197760.0
8966,196160.0
8967,211840.0
8968,206080.0
8969,226560.0
8970,225280.0
8971,217600.0
8972,217280.0
8973,215040.0
8974,210240.0
8975,207360.0
8976,208320.0
8977,203520.0
8978,193280.0
8979,195200.0
8980,193280.0
8981,205120.0
8982,210560.0
8983,204160.0
8984,202560.0
8985,209600.0
8986,214400.0
8987,207680.0
8988,207040.0
8989,223360.0
8990,214080.0
8991,208000.0
8992,215040.0
8993,221440.0
8994,225920.0
8995,222080.0
8996,231040.0
8997,225920.0
8998,228480.0
8999,216960.0
9000,226240.0
9001,208640.0
9002,207680.0
9003,204480.0
9004,208640.0
9005,200320.0
9006,194560.0
9007,199040.0
9008,190720.0
9009,196160.0
9010,194560.0
9011,184000.0
9012,193600.0
9013,187840.0
9014,183360.0
9015,181120.0
9016,174720.0
9017,198720.0
9018,180800.0
9019,173120.0
9020,181120.0
9021,183680.0
9022,163840.0
9023,173440.0
9024,172480.0
9025,180800.0
9026,177600.0
9027,177280.0
9028,176320.0
9029,167040.0
9030,169600.0
9031,167360.0
9032,179200.0
9033,173440.0
9034,170560.0
9035,179200.0
9036,168960.0
9037,158720.0
9038,151680.0
9039,151680.0
9040,150400.0
9041,144320.0
9042,136640.0
9043,132480.0
9044,129920.0
9045,133760.0
9046,141760.0
9047,121280.0
9048,128000.0
9049,130880.0
9050,120000.0
9051,136320.0
9052,141440.0
9053,126080.0
9054,129280.0
9055,133120.0
9056,140800.0
9057,141440.0
9058,148800.0
9059,152000.0
9060,153280.0
9061,153280.0
9062,155200.0
9063,152960.0
9064,160320.0
9065,167360.0
9066,171520.0
9067,167360.0
9068,165760.0
9069,158400.0
9070,158720.0
9071,166720.0
9072,170560.0
9073,164800.0
9074,164480.0
9075,162560.0
9076,171840.0
9077,167360.0
9078,168960.0
9079,169280.0
9080,166080.0
9081,161600.0
9082,174080.0
9083,168640.0
9084,176000.0
9085,184000.0
9086,189440.0
9087,188800.0
9088,188160.0
9089,179200.0
9090,196800.0
9091,191680.0
9092,197440.0
9093,207040.0
9094,209600.0
9095,212480.0
9096,206720.0
9097,198720.0
9098,195840.0
9099,205760.0
9100,202560.0
9101,205440.0
9102,209280.0
9103,218240.0
9104,209280.0
9105,213440.0
9106,211200.0
9107,217920.0
9108,205760.0
9109,205120.0
9110,224000.0
9111,225280.0
9112,227520.0
9113,220800.0
9114,227200.0
9115,223360.0
9116,224320.0
9117,211520.0
9118,223680.0
9119,214400.0
9120,220160.0
9121,222400.0
9122,242240.0
9123,226880.0
9124,224960.0
9125,225600.0
9126,231680.0
9127,222400.0
9128,224000.0
9129,232960.0
9130,235840.0
9131,236800.0
9132,230400.0
9133,226560.0
9134,229440.0
9135,218880.0
9136,232640.0
9137,218560.0
9138,209920.0
9139,214080.0
9140,218240.0
9141,209600.0
9142,215040.0
9143,193600.0
9144,198720.0
9145,187840.0
9146,192640.0
9147,194560.0
9148,190720.0
9149,181440.0
9150,184320.0
9151,199040.0
9152,181120.0
9153,185920.0
9154,186560.0
9155,184320.0
9156,189440.0
9157,189760.0
9158,184320.0
9159,191680.0
9160,188480.0
9161,190080.0
9162,198400.0
9163,208000.0
9164,209600.0
9165,208320.0
9166,216960.0
9167,190400.0
9168,199040.0
9169,192320.0
9170,200640.0
9171,192640.0
9172,187520.0
9173,197120.0
9174,194880.0
9175,190720.0
9176,188480.0
9177,186560.0
9178,189440.0
9179,184960.0
9180,184320.0
9181,172480.0
9182,176320.0
9183,172160.0
9184,169280.0
9185,169600.0
9186,163520.0
9187,172800.0
9188,178240.0
9189,187520.0
9190,180800.0
9191,184000.0
9192,174400.0
9193,187840.0
9194,183040.0
9195,177600.0
9196,188800.0
9197,173120.0
9198,164800.0
9199,182720.0
9200,184320.0
9201,182080.0
9202,171520.0
9203,183360.0
9204,192320.0
9205,194560.0
9206,192320.0
9207,187200.0
9208,178240.0
9209,191040.0
9210,177600.0
9211,169280.0
9212,176640.0
9213,173440.0
9214,184640.0
9215,195520.0
9216,207360.0
9217,210240.0
9218,203520.0
9219,206080.0
9220,200640.0
9221,211840.0
9222,222400.0
9223,219200.0
9224,213120.0
9225,228160.0
9226,215680.0
9227,215680.0
9228,217600.0
9229,218560.0
9230,231040.0
9231,225600.0
9232,227840.0
9233,224640.0
9234,224640.0
9235,223680.0
9236,199040.0
9237,213120.0
9238,211840.0
9239,212160.0
9240,214080.0
9241,216320.0
9242,217920.0
9243,213120.0
9244,216640.0
9245,217280.0
9246,208000.0
9247,225600.0
9248,231040.0
9249,216960.0
9250,223680.0
9251,224000.0
9252,227840.0
9253,227200.0
9254,209600.0
9255,212800.0
9256,199680.0
9257,199360.0
9258,197760.0
9259,199680.0
9260,209280.0
9261,200000.0
9262,215360.0
9263,210240.0
9264,208640.0
9265,205760.0
9266,203840.0
9267,217920.0
9268,209600.0
9269,214720.0
9270,221760.0
9271,224000.0
9272,214080.0
9273,210560.0
9274,216320.0
9275,222400.0
9276,214720.0
9277,219840.0
9278,208000.0
9279,225280.0
9280,217920.0
9281,220800.0
9282,228160.0
9283,216640.0
9284,215360.0
9285,219200.0
9286,229760.0
9287,217280.0
9288,230400.0
9289,232000.0
9290,229120.0
9291,224640.0
9292,230080.0
9293,204160.0
9294,202240.0
9295,205440.0
9296,181120.0
9297,178880.0
9298,186240.0
9299,200320.0
9300,201920.0
9301,195520.0
9302,199360.0
9303,190400.0
9304,182400.0
9305,194560.0
9306,205440.0
9307,196160.0
9308,190080.0
9309,174080.0
9310,184640.0
9311,189440.0
9312,185600.0
9313,184640.0
9314,182720.0
9315,190720.0
9316,177920.0
9317,184000.0
9318,193280.0
9319,185920.0
9320,196160.0
9321,212480.0
9322,187200.0
9323,199040.0
9324,192960.0
9325,196160.0
9326,204480.0
9327,206720.0
9328,205440.0
9329,208960.0
9330,208640.0
9331,201600.0
9332,199680.0
9333,197440.0
9334,222080.0
9335,225600.0
9336,216320.0
9337,222720.0
9338,225600.0
9339,212160.0
9340,210560.0
9341,211520.0
9342,208000.0
9343,213760.0
9344,207040.0
9345,212480.0
9346,214400.0
9347,217280.0
9348,217280.0
9349,207360.0
9350,215040.0
9351,200640.0
9352,207360.0
9353,210240.0
9354,200960.0
9355,203200.0
9356,205760.0
9357,207040.0
9358,201600.0
9359,209920.0
9360,208640.0
9361,214080.0
9362,212480.0
9363,211840.0
9364,214080.0
9365,219840.0
9366,201280.0
9367,204160.0
9368,190720.0
9369,186240.0
9370,182720.0
9371,179840.0
9372,183040.0
9373,186560.0
9374,188160.0
9375,181440.0
9376,174400.0
9377,175680.0
9378,176960.0
9379,181760.0
9380,176960.0
9381,182400.0
9382,185280.0
9383,191040.0
9384,191040.0
9385,187200.0
9386,173120.0
9387,174720.0
9388,174720.0
9389,189760.0
9390,164160.0
9391,176960.0
9392,176640.0
9393,178880.0
9394,173440.0
9395,160320.0
9396,182080.0
9397,167680.0
9398,167040.0
9399,166720.0
9400,157120.0
9401,176000.0
9402,173120.0
9403,173440.0
9404,168320.0
9405,178240.0
9406,168640.0
9407,170880.0
9408,171200.0
9409,173760.0
9410,173760.0
9411,178240.0
9412,178560.0
9413,173120.0
9414,169920.0
9415,163520.0
9416,163840.0
9417,165760.0
9418,165120.0
9419,162560.0
9420,172480.0
9421,172800.0
9422,163520.0
9423,175360.0
9424,169600.0
9425,185280.0
9426,174400.0
9427,180160.0
9428,179520.0
9429,191040.0
9430,192960.0
9431,191680.0
9432,189760.0
9433,191360.0
9434,185600.0
9435,180160.0
9436,177920.0
9437,173760.0
9438,176000.0
9439,192640.0
9440,193600.0
9441,189440.0
9442,188800.0
9443,185280.0
9444,197120.0
9445,210560.0
9446,218240.0
9447,209920.0
9448,216640.0
9449,218880.0
9450,230720.0
9451,221440.0
9452,211840.0
9453,215680.0
9454,214720.0
9455,204800.0
9456,196800.0
9457,195840.0
9458,202880.0
9459,211520.0
9460,215040.0
9461,208960.0
9462,203520.0
9463,208000.0
9464,200640.0
9465,194880.0
9466,203840.0
9467,201280.0
9468,203520.0
9469,201280.0
9470,197760.0
9471,213120.0
9472,223360.0
9473,223680.0
9474,213440.0
9475,214720.0
9476,200960.0
9477,208640.0
9478,207680.0
9479,209600.0
9480,214080.0
9481,210880.0
9482,220480.0
9483,205760.0
9484,208640.0
9485,208000.0
9486,210240.0
9487,215360.0
9488,209920.0
9489,210240.0
9490,204800.0
9491,213120.0
9492,211520.0
9493,199360.0
9494,206720.0
9495,205760.0
9496,208960.0
9497,217920.0
9498,207040.0
9499,213760.0
9500,212480.0
9501,227520.0
9502,221760.0
9503,219520.0
9504,216960.0
9505,218240.0
9506,222720.0
9507,216960.0
9508,212800.0
9509,204160.0
9510,197120.0
9511,194880.0
9512,206720.0
9513,200960.0
9514,205760.0
9515,184960.0
9516,190080.0
9517,187840.0
9518,194880.0
9519,180160.0
9520,184000.0
9521,176640.0
9522,174720.0
9523,179840.0
9524,181760.0
9525,187200.0
9526,176960.0
9527,176000.0
9528,184960.0
9529,173120.0
9530,178880.0
9531,175680.0
9532,178240.0
9533,179520.0
9534,190720.0
9535,191040.0
9536,188800.0
9537,186880.0
9538,193280.0
9539,180480.0
9540,191040.0
9541,199040.0
9542,187840.0
9543,201600.0
9544,187520.0
9545,204800.0
9546,179840.0
9547,188480.0
9548,184640.0
9549,180800.0
9550,178240.0
9551,180800.0
9552,179520.0
9553,175040.0
9554,189440.0
9555,175680.0
9556,167680.0
9557,163520.0
9558,163200.0
9559,154880.0
9560,170240.0
9561,171520.0
9562,175040.0
9563,193920.0
9564,187200.0
9565,174080.0
9566,176960.0
9567,181440.0
9568,185280.0
9569,183680.0
9570,198720.0
9571,202240.0
9572,214080.0
9573,212160.0
9574,216960.0
9575,208960.0
9576,212160.0
9577,211200.0
9578,196480.0
9579,200000.0
9580,204480.0
9581,198080.0
9582,215680.0
9583,187840.0
9584,195840.0
9585,198080.0
9586,186560.0
9587,188480.0
9588,181760.0
9589,178560.0
9590,192640.0
9591,186560.0
9592,198720.0
9593,201280.0
9594,203520.0
9595,199360.0
9596,206400.0
9597,203840.0
9598,197760.0
9599,208960.0
9600,215040.0
9601,203520.0
9602,208640.0
9603,206080.0
9604,211200.0
9605,216640.0
9606,215680.0
9607,208000.0
9608,222720.0
9609,224640.0
9610,219520.0
9611,227840.0
9612,224000.0
9613,215360.0
9614,222720.0
9615,215040.0
9616,223680.0
9617,214400.0
9618,225920.0
9619,232000.0
9620,227520.0
9621,221440.0
9622,211520.0
9623,231040.0
9624,224000.0
9625,223680.0
9626,225920.0
9627,224640.0
9628,226880.0
9629,228160.0
9630,231040.0
9631,221440.0
9632,222720.0
9633,216640.0
9634,224640.0
9635,207680.0
9636,206720.0
9637,208640.0
9638,208640.0
9639,215680.0
9640,208640.0
9641,204480.0
9642,213760.0
9643,205760.0
9644,205120.0
9645,205760.0
9646,208000.0
9647,196160.0
9648,194560.0
9649,189120.0
9650,186880.0
9651,206720.0
9652,185600.0
9653,195200.0
9654,186880.0
9655,182400.0
9656,171520.0
9657,156480.0
9658,169280.0
9659,173440.0
9660,172800.0
9661,170560.0
9662,175040.0
9663,168960.0
9664,181120.0
9665,193280.0
9666,181120.0
9667,186880.0
9668,183040.0
9669,187840.0
9670,185600.0
9671,175040.0
9672,172160.0
9673,176640.0
9674,179200.0
9675,183680.0
9676,184960.0
9677,182720.0
9678,163520.0
9679,166400.0
9680,168960.0
9681,166720.0
9682,174720.0
9683,173120.0
9684,172800.0
9685,179520.0
9686,184960.0
9687,178880.0
9688,185280.0
9689,177920.0
9690,185600.0
9691,181120.0
9692,193280.0
9693,185280.0
9694,194560.0
9695,201280.0
9696,181760.0
9697,192640.0
9698,196160.0
9699,202880.0
9700,191040.0
9701,199360.0
9702,191360.0
9703,211840.0
9704,187840.0
9705,208000.0
9706,200640.0
9707,198720.0
9708,194880.0
9709,202240.0
9710,188480.0
9711,188480.0
9712,184320.0
9713,194560.0
9714,188800.0
9715,204480.0
9716,210240.0
9717,211840.0
9718,207360.0
9719,225920.0
9720,208320.0
9721,211520.0
9722,203520.0
9723,214400.0
9724,219840.0
9725,216000.0
9726,213760.0
9727,202880.0
9728,191680.0
9729,204480.0
9730,191040.0
9731,200320.0
9732,189440.0
9733,186240.0
9734,189120.0
9735,182400.0
9736,184000.0
9737,190400.0
9738,180160.0
9739,174080.0
9740,169600.0
9741,174400.0
9742,173440.0
9743,160320.0
9744,158080.0
9745,146880.0
9746,149440.0
9747,156160.0
9748,158400.0
9749,149120.0
9750,152320.0
9751,155200.0
9752,154560.0
9753,147200.0
9754,163840.0
9755,155200.0
9756,161920.0
9757,161920.0
9758,166720.0
9759,163200.0
9760,171200.0
9761,176320.0
9762,185920.0
9763,192320.0
9764,192960.0
9765,200960.0
9766,204480.0
9767,195200.0
9768,199040.0
9769,210560.0
9770,203200.0
9771,206080.0
9772,200320.0
9773,201920.0
9774,199680.0
9775,188160.0
9776,195520.0
9777,189120.0
9778,182720.0
9779,197120.0
9780,177280.0
9781,195200.0
9782,185920.0
9783,196800.0
9784,200320.0
9785,191680.0
9786,192320.0
9787,183680.0
9788,190720.0
9789,191040.0
9790,184000.0
9791,195840.0
9792,196800.0
9793,195200.0
9794,208640.0
9795,200640.0
9796,202240.0
9797,196160.0
9798,199680.0
9799,203200.0
9800,188800.0
9801,194240.0
9802,194240.0
9803,196160.0
9804,193920.0
9805,202560.0
9806,200320.0
9807,194240.0
9808,195200.0
9809,191040.0
9810,198080.0
9811,201920.0
9812,198720.0
9813,208000.0
9814,208000.0
9815,209600.0
9816,219520.0
9817,216000.0
9818,218240.0
9819,213440.0
9820,216320.0
9821,215680.0
9822,226560.0
9823,224960.0
9824,237120.0
9825,225920.0
9826,215680.0
9827,210240.0
9828,221760.0
9829,225600.0
9830,236160.0
9831,232000.0
9832,234560.0
9833,240000.0
9834,233280.0
9835,236800.0
9836,231360.0
9837,243840.0
9838,228160.0
9839,240960.0
9840,241280.0
9841,240320.0
9842,228800.0
9843,240960.0
9844,239040.0
9845,227840.0
9846,225600.0
9847,218880.0
9848,216320.0
9849,227840.0
9850,223360.0
9851,228160.0
9852,216960.0
9853,236480.0
9854,223680.0
9855,220480.0
9856,216640.0
9857,202240.0
9858,198080.0
9859,187840.0
9860,188800.0
9861,187840.0
9862,196160.0
9863,191360.0
9864,199040.0
9865,196160.0
9866,187840.0
9867,201920.0
9868,200000.0
9869,197760.0
9870,208320.0
9871,206400.0
9872,205760.0
9873,195520.0
9874,209920.0
9875,208000.0
9876,200960.0
9877,194560.0
9878,188480.0
9879,172480.0
9880,177280.0
9881,179200.0
9882,162240.0
9883,159360.0
9884,165120.0
9885,176320.0
9886,165120.0
9887,173120.0
9888,166400.0
9889,167360.0
9890,174400.0
9891,166080.0
9892,162880.0
9893,160000.0
9894,157760.0
9895,153920.0
9896,160000.0
9897,158720.0
9898,173760.0
9899,177600.0
9900,161600.0
9901,154880.0
9902,164160.0
9903,159040.0
9904,164480.0
9905,162240.0
9906,177280.0
9907,173440.0
9908,168960.0
9909,164160.0
9910,162560.0
9911,165120.0
9912,172800.0
9913,173120.0
9914,182400.0
9915,170560.0
9916,180160.0
9917,166080.0
9918,157440.0
9919,164480.0
9920,156800.0
9921,150400.0
9922,168000.0
9923,173440.0
9924,174720.0
9925,184640.0
9926,174400.0
9927,167680.0
9928,168320.0
9929,171520.0
9930,179840.0
9931,169280.0
9932,176320.0
9933,184320.0
9934,180160.0
9935,194240.0
9936,190080.0
9937,197440.0
9938,201920.0
9939,198080.0
9940,191680.0
9941,198720.0
9942,194880.0
9943,203200.0
9944,196800.0
9945,201600.0
9946,194560.0
9947,206080.0
9948,208320.0
9949,207360.0
9950,193280.0
9951,223360.0
9952,209920.0
9953,215040.0
9954,214080.0
9955,211520.0
9956,220160.0
9957,216960.0
9958,220800.0
9959,217280.0
9960,230400.0
9961,233280.0
9962,240640.0
9963,221760.0
9964,231040.0
9965,228480.0
9966,232960.0
9967,225920.0
9968,240960.0
9969,230400.0
9970,232960.0
9971,234880.0
9972,222080.0
9973,232640.0
9974,235840.0
9975,234560.0
9976,224000.0
9977,231360.0
9978,211200.0
9979,224960.0
9980,224000.0
9981,225920.0
9982,221120.0
9983,226880.0
9984,226880.0
9985,219840.0
9986,215360.0
9987,210880.0
9988,209600.0
9989,211520.0
9990,202560.0
9991,204480.0
9992,197440.0
9993,195840.0
9994,204480.0
9995,205760.0
9996,190400.0
9997,194560.0
9998,196480.0
9999,190080.0
