Step,Value
0,0.0
1,0.0020833334419876337
2,0.0028181818779557943
3,0.002749999985098839
4,0.003291666740551591
5,0.0027916666585952044
6,0.0029545454308390617
7,0.003863636404275894
8,0.002749999985098839
9,0.0031250000465661287
10,0.0030416666995733976
11,2.490499973297119
12,0.08219999819993973
13,0.0024999999441206455
14,0.002437500050291419
15,2.7074999809265137
16,4.7858123779296875
17,0.006000000052154064
18,0.0020000000949949026
19,0.0027916666585952044
20,2.8010001182556152
21,0.013545454479753971
22,0.0026666666381061077
23,0.002624999964609742
24,2.707812547683716
25,0.02083333395421505
26,0.003312499960884452
27,0.0026333334390074015
28,2.0387001037597656
29,0.006388888694345951
30,0.002722222125157714
31,0.00912499986588955
32,0.0026875000912696123
33,0.00283333333209157
34,2.3444089889526367
35,0.007400000002235174
36,2.574545383453369
37,0.007454545237123966
38,0.004083333536982536
39,0.0042500002309679985
40,0.012900000438094139
41,0.00318181817419827
42,0.002769230864942074
43,0.004350000061094761
44,0.00283333333209157
45,0.01077777799218893
46,0.0024999999441206455
47,0.002050000010058284
48,0.00245833327062428
49,0.002300000051036477
50,0.0025500000920146704
51,0.0028571428265422583
52,0.0020833334419876337
53,0.009562499821186066
54,0.0067222220823168755
55,0.0032777776941657066
56,0.0028750000055879354
57,0.015250000171363354
58,0.0023333332501351833
59,2.692357063293457
60,4.339375019073486
61,0.009875000454485416
62,0.007857142947614193
63,0.0026000000070780516
64,2.4123332500457764
65,0.005045454483479261
66,0.01216666679829359
67,0.0032500000670552254
68,0.0024999999441206455
69,2.4281249046325684
70,0.005681818351149559
71,2.8040454387664795
72,4.645166873931885
73,0.005642856936901808
74,0.0026428571436554193
75,2.430000066757202
76,0.008249999955296516
77,0.0028750000055879354
78,0.003000000026077032
79,3.3897500038146973
80,4.976136207580566
81,0.005454545374959707
82,0.0024500000290572643
83,0.0038125000428408384
84,0.004833333194255829
85,0.0042500002309679985
86,0.002624999964609742
87,0.002749999985098839
88,2.843571424484253
89,0.09300000220537186
90,1.6168571710586548
91,4.119285583496094
92,4.669062614440918
93,5.0
94,0.004187500104308128
95,0.0026499999221414328
96,0.011722221970558167
97,0.0027000000700354576
98,2.8592777252197266
99,0.21979999542236328
100,0.0034545455127954483
101,0.0029545454308390617
102,0.0030416666995733976
103,0.0032999999821186066
104,0.0030555555131286383
105,0.002722222125157714
106,0.002142857061699033
107,0.003142857225611806
108,0.003687500022351742
109,0.002888888819143176
110,0.0032777776941657066
111,1.5102221965789795
112,0.004999999888241291
113,0.002944444539025426
114,2.6791110038757324
115,0.19344444572925568
116,2.6484286785125732
117,4.574749946594238
118,0.004687500186264515
119,0.00318181817419827
120,0.005227272864431143
121,0.005499999970197678
122,2.346888780593872
123,4.441928386688232
124,0.055666666477918625
125,0.002437500050291419
126,0.0024999999441206455
127,2.1684999465942383
128,3.829357147216797
129,0.010999999940395355
130,0.0020000000949949026
131,0.0032999999821186066
132,0.0022499999031424522
133,0.002899999963119626
134,0.002400000113993883
135,0.0032999999821186066
136,0.00419999985024333
137,0.003000000026077032
138,0.0038333332631736994
139,2.322999954223633
140,0.0507499985396862
141,0.0024999999441206455
142,0.0030624999199062586
143,0.003562500001862645
144,0.002899999963119626
145,0.0024999999441206455
146,0.0025500000920146704
147,0.004650000017136335
148,0.0016250000335276127
149,0.009499999694526196
150,0.0032500000670552254
151,0.0030555555131286383
152,0.002944444539025426
153,2.367666721343994
154,0.14563636481761932
155,0.012625000439584255
156,0.0031363635789602995
157,0.0044999998062849045
158,0.006071428768336773
159,1.863714337348938
160,0.00419999985024333
161,0.0026428571436554193
162,0.006300000008195639
163,0.0035714285913854837
164,0.0028571428265422583
165,0.004642857238650322
166,0.014928571879863739
167,0.0032500000670552254
168,0.0024999999441206455
169,0.0025625000707805157
170,0.0044999998062849045
171,0.003642857074737549
172,0.002916666679084301
173,0.0026666666381061077
174,0.0020714285783469677
175,0.0036249998956918716
176,0.003000000026077032
177,0.006437500007450581
178,0.0027777778450399637
179,0.0026666666381061077
180,0.013124999590218067
181,0.0026428571436554193
182,0.002437500050291419
183,0.004100000020116568
184,0.007000000216066837
185,0.00561111094430089
186,0.003449999960139394
187,0.0028928571846336126
188,0.007384615484625101
189,0.0030357143841683865
190,0.0029615384992212057
191,0.0030416666995733976
192,0.003000000026077032
193,0.0025833332911133766
194,0.012000000104308128
195,0.003142857225611806
196,0.0026428571436554193
197,0.0028750000055879354
198,0.004333333112299442
199,0.006000000052154064
200,0.004000000189989805
201,0.0032999999821186066
202,0.005562500096857548
203,0.0070500001311302185
204,0.004208333324640989
205,2.7709999084472656
206,0.19380000233650208
207,2.0653889179229736
208,0.13455554842948914
209,0.0064500002190470695
210,0.01195454504340887
211,0.004449999891221523
212,0.018124999478459358
213,0.002437500050291419
214,0.008916666731238365
215,0.0018571428954601288
216,0.003375000087544322
217,0.002374999923631549
218,2.7271249294281006
219,4.6814374923706055
220,0.1876250058412552
221,0.002888888819143176
222,0.0034374999813735485
223,0.0024166665971279144
224,0.004083333536982536
225,0.0025833332911133766
226,0.003000000026077032
227,0.0033333334140479565
228,0.004900000058114529
229,2.2913498878479004
230,4.138000011444092
231,0.008961538784205914
232,0.0031153846066445112
233,0.00322727276943624
234,0.0035000001080334187
235,0.006000000052154064
236,0.013423076830804348
237,0.0024166665971279144
238,0.003791666589677334
239,0.014611111022531986
240,0.004187500104308128
241,0.003555555595085025
242,0.0031666667200624943
243,0.002545454539358616
244,0.0027000000700354576
245,0.002850000048056245
246,0.005428571254014969
247,0.003083333373069763
248,0.0023571427445858717
249,0.0024999999441206455
250,0.005333333276212215
251,0.0025909091345965862
252,0.0019545454997569323
253,0.0024999999441206455
254,0.003357142908498645
255,0.002388888970017433
256,0.002374999923631549
257,0.0030454546213150024
258,0.0032500000670552254
259,0.002321428619325161
260,0.002916666679084301
261,0.006076923105865717
262,0.0024285714607685804
263,0.0031764705199748278
264,0.0025588234420865774
265,0.006428571417927742
266,0.0031363635789602995
267,0.002388888970017433
268,0.007444444578140974
269,0.003312499960884452
270,0.003642857074737549
271,0.0022499999031424522
272,0.008249999955296516
273,0.002899999963119626
274,0.002142857061699033
275,0.003071428509429097
276,0.0022142857778817415
277,0.0035714285913854837
278,0.003375000087544322
279,0.0026499999221414328
280,0.0026111111510545015
281,0.002545454539358616
282,0.002850000048056245
283,0.002722222125157714
284,0.0021250001154839993
285,0.0029583333525806665
286,0.0023499999660998583
287,0.004399999976158142
288,0.002400000113993883
289,0.0031500000040978193
290,0.005333333276212215
291,0.0033181817270815372
292,0.002050000010058284
293,0.0031500000040978193
294,0.0031500000040978193
295,0.002812500111758709
296,0.002545454539358616
297,0.0024444444570690393
298,0.0021875000093132257
299,0.003312499960884452
300,0.0023499999660998583
301,0.002944444539025426
302,0.003000000026077032
303,0.009100000374019146
304,0.00279999990016222
305,0.0030454546213150024
306,0.002363636391237378
307,0.0023846153635531664
308,0.00320833339355886
309,0.0027777778450399637
310,0.0026499999221414328
311,0.0037499999161809683
312,0.0029230769723653793
313,0.0029230769723653793
314,0.00318181817419827
315,0.0026666666381061077
316,0.0032222222071141005
317,0.0031874999403953552
318,0.0026875000912696123
319,0.002437500050291419
320,0.0026499999221414328
321,0.005350000225007534
322,0.002899999963119626
323,0.003000000026077032
324,0.0028636364731937647
325,0.00320833339355886
326,0.0023571427445858717
327,0.0031538461335003376
328,0.004699999932199717
329,0.0025625000707805157
330,0.0025625000707805157
331,0.0026875000912696123
332,0.003071428509429097
333,0.0025833332911133766
334,0.0027000000700354576
335,0.002749999985098839
336,0.002916666679084301
337,0.003666666569188237
338,0.003291666740551591
339,0.002916666679084301
340,0.002374999923631549
341,0.0026875000912696123
342,0.003599999938160181
343,0.003100000089034438
344,0.0026499999221414328
345,0.002928571542724967
346,0.003100000089034438
347,0.00320833339355886
348,0.0024090909864753485
349,0.0031500000040978193
350,0.0026000000070780516
351,0.0024999999441206455
352,0.0026428571436554193
353,0.0026000000070780516
354,0.0029230769723653793
355,0.002749999985098839
356,0.0033636363223195076
357,0.002461538417264819
358,0.002041666768491268
359,0.003000000026077032
360,0.012444444000720978
361,0.002545454539358616
362,0.0030499999411404133
363,0.003444444388151169
364,0.0036249998956918716
365,0.0031250000465661287
366,0.0025833332911133766
367,0.0039230771362781525
368,0.0028928571846336126
369,0.003357142908498645
370,0.0033181817270815372
371,0.002916666679084301
372,0.0024090909864753485
373,0.0026111111510545015
374,0.00215000007301569
375,0.002749999985098839
376,0.0022499999031424522
377,0.0024999999441206455
378,0.002944444539025426
379,0.002142857061699033
380,0.0026666666381061077
381,0.003000000026077032
382,0.0022857142612338066
383,0.0019374999683350325
384,0.0018333332845941186
385,0.002937499899417162
386,0.003000000026077032
387,0.0024444444570690393
388,0.0027000000700354576
389,0.002916666679084301
390,0.002749999985098839
391,0.0025555556640028954
392,0.002374999923631549
393,0.002624999964609742
394,0.0017500000540167093
395,0.0023333332501351833
396,0.0031666667200624943
397,0.0027000000700354576
398,0.0026666666381061077
399,0.002785714343190193
400,0.002888888819143176
401,0.0026363637298345566
402,0.00215000007301569
403,0.0032222222071141005
404,0.002363636391237378
405,0.002400000113993883
406,0.0030624999199062586
407,0.0032500000670552254
408,0.002850000048056245
409,0.003071428509429097
410,0.002437500050291419
411,0.0026000000070780516
412,0.0030499999411404133
413,0.003599999938160181
414,0.0030454546213150024
415,0.003000000026077032
416,0.002950000111013651
417,0.0027777778450399637
418,0.0024999999441206455
419,0.0025625000707805157
420,0.003000000026077032
421,0.0025625000707805157
422,0.0025714286603033543
423,0.003214285708963871
424,0.003642857074737549
425,0.0032999999821186066
426,0.002199999988079071
427,0.002785714343190193
428,0.0049444446340203285
429,0.0025500000920146704
430,0.00279999990016222
431,0.0033181817270815372
432,0.005049999803304672
433,0.003000000026077032
434,0.0034545455127954483
435,0.0024090909864753485
436,0.002388888970017433
437,0.0031666667200624943
438,0.002749999985098839
439,0.0035000001080334187
440,0.0025833332911133766
441,0.0025555556640028954
442,0.0022272728383541107
443,0.0031666667200624943
444,0.002461538417264819
445,0.003000000026077032
446,0.0026153845246881247
447,0.002538461470976472
448,0.002850000048056245
449,0.002772727282717824
450,0.00215000007301569
451,0.0026363637298345566
452,0.0026666666381061077
453,0.003000000026077032
454,0.002785714343190193
455,0.0022499999031424522
456,0.0026499999221414328
457,0.0024999999441206455
458,0.0023499999660998583
459,0.002950000111013651
460,0.0024444444570690393
461,0.002166666556149721
462,0.0026000000070780516
463,0.0030555555131286383
464,0.004285714123398066
465,0.0035714285913854837
466,0.0025555556640028954
467,0.003611111082136631
468,0.0030555555131286383
469,0.002928571542724967
470,0.003312499960884452
471,0.003312499960884452
472,0.0019374999683350325
473,0.003000000026077032
474,0.003090908983722329
475,0.0025833332911133766
476,0.002545454539358616
477,0.0022727272007614374
478,0.003083333373069763
479,0.002749999985098839
480,0.0026111111510545015
481,0.002899999963119626
482,0.0026363637298345566
483,0.0024999999441206455
484,0.0033888889010995626
485,0.0025500000920146704
486,0.002772727282717824
487,0.004449999891221523
488,0.0033499998971819878
489,0.003700000001117587
490,0.0026000000070780516
491,0.0032222222071141005
492,0.0037499999161809683
493,0.0026923075783997774
494,0.0032727273646742105
495,0.0031111110001802444
496,0.002374999923631549
497,0.00283333333209157
498,0.0026111111510545015
499,0.0024444444570690393
500,0.0037499999161809683
501,0.0020454544574022293
502,0.0020909090526401997
503,0.003000000026077032
504,0.0028636364731937647
505,0.0025909091345965862
506,0.002884615445509553
507,0.00283333333209157
508,0.003599999938160181
509,0.002772727282717824
510,0.0029090908356010914
511,0.0032777776941657066
512,0.0028750000055879354
513,0.0035000001080334187
514,0.0024999999441206455
515,0.004000000189989805
516,0.003888888983055949
517,0.0035000001080334187
518,0.0027000000700354576
519,0.0022499999031424522
520,0.00320833339355886
521,0.003000000026077032
522,0.0026153845246881247
523,0.002392857102677226
524,0.0024999999441206455
525,0.0023437500931322575
526,0.002266666619107127
527,0.0034615383483469486
528,0.003214285708963871
529,0.002607142785564065
530,0.0027187499217689037
531,0.0029642856679856777
532,0.003291666740551591
533,0.003090908983722329
534,0.0024230768904089928
535,0.0024999999441206455
536,0.0031363635789602995
537,0.0029545454308390617
538,0.002722222125157714
539,0.0023125000298023224
540,0.002624999964609742
541,0.002785714343190193
542,0.0025714286603033543
543,0.002888888819143176
544,0.002812500111758709
545,0.011071428656578064
546,0.003000000026077032
547,0.0031666667200624943
548,0.003449999960139394
549,0.0024500000290572643
550,0.0029545454308390617
551,0.003076923079788685
552,0.0031500000040978193
553,0.0018749999580904841
554,0.002388888970017433
555,0.0028750000055879354
556,0.0022142857778817415
557,0.002300000051036477
558,0.003000000026077032
559,0.003562500001862645
560,0.0024285714607685804
561,0.002166666556149721
562,0.0024500000290572643
563,0.0019000000320374966
564,0.0024500000290572643
565,0.0033499998971819878
566,0.002899999963119626
567,0.003100000089034438
568,0.003375000087544322
569,0.0027000000700354576
570,0.003000000026077032
571,0.0022499999031424522
572,0.002950000111013651
573,0.0030499999411404133
574,0.0028750000055879354
575,0.002062499988824129
576,0.0024999999441206455
577,0.0028571428265422583
578,0.0025625000707805157
579,0.0022499999031424522
580,0.0024166665971279144
581,0.0024090909864753485
582,0.003083333373069763
583,0.0031666667200624943
584,0.003409090917557478
585,0.003307692240923643
586,0.002538461470976472
587,0.003000000026077032
588,0.002055555582046509
589,0.00279999990016222
590,0.0023125000298023224
591,0.0025714286603033543
592,0.0022142857778817415
593,0.002928571542724967
594,0.003071428509429097
595,0.00283333333209157
596,0.003562500001862645
597,0.0024999999441206455
598,0.0026363637298345566
599,0.0030454546213150024
600,0.0027777778450399637
601,0.002166666556149721
602,0.0032500000670552254
603,0.0031999999191612005
604,0.0025625000707805157
605,0.002545454539358616
606,0.0024999999441206455
607,0.002541666617617011
608,0.0026111111510545015
609,0.0026666666381061077
610,0.0029090908356010914
611,0.0029090908356010914
612,0.0027777778450399637
613,0.0032222222071141005
614,0.003000000026077032
615,0.003000000026077032
616,0.0026363637298345566
617,0.0024500000290572643
618,0.0026818180922418833
619,0.00279999990016222
620,0.00283333333209157
621,0.0025909091345965862
622,0.0024166665971279144
623,0.0028636364731937647
624,0.0030416666995733976
625,0.0027083333116024733
626,0.0024090909864753485
627,0.0029230769723653793
628,0.0026818180922418833
629,0.0033636363223195076
630,0.003727272618561983
631,0.002545454539358616
632,0.0023333332501351833
633,0.002437500050291419
634,0.0025500000920146704
635,0.002785714343190193
636,0.00283333333209157
637,0.0020000000949949026
638,0.003562500001862645
639,0.002400000113993883
640,0.002722222125157714
641,0.003000000026077032
642,0.002772727282717824
643,0.0033636363223195076
644,0.00430000014603138
645,0.002950000111013651
646,0.0031250000465661287
647,0.002722222125157714
648,0.0042500002309679985
649,0.0028571428265422583
650,0.0035000001080334187
651,0.0027142856270074844
652,0.0028750000055879354
653,0.002722222125157714
654,0.0026666666381061077
655,0.002899999963119626
656,0.002437500050291419
657,0.0043750000186264515
658,0.0030624999199062586
659,0.0030555555131286383
660,0.002437500050291419
661,0.003722222289070487
662,0.003444444388151169
663,0.0024999999441206455
664,0.002099999925121665
665,0.0023499999660998583
666,0.003555555595085025
667,0.0026666666381061077
668,0.0023125000298023224
669,0.00342857139185071
670,0.002928571542724967
671,0.003666666569188237
672,0.0044999998062849045
673,0.0024285714607685804
674,0.00283333333209157
675,0.0024166665971279144
676,0.0024999999441206455
677,0.003000000026077032
678,0.0031111110001802444
679,0.002937499899417162
680,0.0025625000707805157
681,0.0027000000700354576
682,0.002400000113993883
683,0.003000000026077032
684,0.0018749999580904841
685,0.002749999985098839
686,0.002166666556149721
687,0.002899999963119626
688,0.003291666740551591
689,0.002749999985098839
690,0.0027777778450399637
691,0.00279999990016222
692,0.002899999963119626
693,0.0038499999791383743
694,0.0024999999441206455
695,0.002950000111013651
696,0.002884615445509553
697,0.0034666666761040688
698,0.0035000001080334187
699,0.0031250000465661287
700,0.0022499999031424522
701,0.0022142857778817415
702,0.003083333373069763
703,0.0050416667945683
704,0.002545454539358616
705,0.002899999963119626
706,0.00419999985024333
707,0.0035500000230968
708,0.0033333334140479565
709,0.002888888819143176
710,0.003000000026077032
711,0.0027777778450399637
712,0.002722222125157714
713,0.0031874999403953552
714,0.002374999923631549
715,0.0024999999441206455
716,0.002944444539025426
717,0.0026111111510545015
718,0.0025625000707805157
719,0.0026111111510545015
720,0.0032500000670552254
721,0.002937499899417162
722,0.002749999985098839
723,0.0032500000670552254
724,0.0038333332631736994
725,0.003611111082136631
726,0.0024999999441206455
727,0.0023333332501351833
728,0.0027777778450399637
729,0.0024999999441206455
730,0.00279999990016222
731,0.0019166666315868497
732,0.0026363637298345566
733,0.002374999923631549
734,0.002624999964609742
735,0.002400000113993883
736,0.002111111069098115
737,0.003000000026077032
738,0.002437500050291419
739,0.0030624999199062586
740,0.0035454544704407454
741,0.0028076923917979
742,0.0024090909864753485
743,0.002899999963119626
744,0.0025555556640028954
745,0.002850000048056245
746,0.0022083332296460867
747,0.0026818180922418833
748,0.0025500000920146704
749,0.0030499999411404133
750,0.0029545454308390617
751,0.0026000000070780516
752,0.0031666667200624943
753,0.002785714343190193
754,0.0031666667200624943
755,0.003000000026077032
756,0.003100000089034438
757,0.003636363660916686
758,0.0027272726874798536
759,0.0026363637298345566
760,0.0031500000040978193
761,0.002722222125157714
762,0.0024999999441206455
763,0.003214285708963871
764,0.00283333333209157
765,0.003937500063329935
766,0.002916666679084301
767,0.0026666666381061077
768,0.002624999964609742
769,0.0032500000670552254
770,0.002624999964609742
771,0.0029615384992212057
772,0.0027142856270074844
773,0.003357142908498645
774,0.0029230769723653793
775,0.0027272726874798536
776,0.002850000048056245
777,0.003100000089034438
778,0.002111111069098115
779,0.0032727273646742105
780,0.0031666667200624943
781,0.0030624999199062586
782,0.0035000001080334187
783,0.003000000026077032
784,0.002916666679084301
785,0.002749999985098839
786,0.003083333373069763
787,0.002363636391237378
788,0.004208333324640989
789,0.0038076923228800297
790,0.0030357143841683865
791,0.0024230768904089928
792,0.0026785715017467737
793,0.0024444444570690393
794,0.002944444539025426
795,0.0031666667200624943
796,0.0017500000540167093
797,0.0035714285913854837
798,0.002916666679084301
799,0.002749999985098839
800,0.0031999999191612005
801,0.0026111111510545015
802,0.0023499999660998583
803,0.0026000000070780516
804,0.0033888889010995626
805,0.0030555555131286383
806,0.0024500000290572643
807,0.003444444388151169
808,0.0031250000465661287
809,0.0025625000707805157
810,0.004214285872876644
811,0.003083333373069763
812,0.0035000001080334187
813,0.0031250000465661287
814,0.0027777778450399637
815,0.0032777776941657066
816,0.003312499960884452
817,0.002944444539025426
818,0.0027000000700354576
819,0.003449999960139394
820,0.0037857142742723227
821,0.0035000001080334187
822,0.0020454544574022293
823,0.0026818180922418833
824,0.0027916666585952044
825,0.0028076923917979
826,0.0022692307829856873
827,0.0027916666585952044
828,0.0020000000949949026
829,0.0013888889225199819
830,0.003142857225611806
831,0.003700000001117587
832,0.004000000189989805
833,0.003000000026077032
834,0.003583333222195506
835,0.0022499999031424522
836,0.002916666679084301
837,0.0025833332911133766
838,0.0024166665971279144
839,0.0033333334140479565
840,0.0024999999441206455
841,0.0026875000912696123
842,0.00283333333209157
843,0.0024444444570690393
844,0.0032999999821186066
845,0.0031111110001802444
846,0.0026818180922418833
847,0.0032727273646742105
848,0.0028636364731937647
849,0.0026111111510545015
850,0.0032222222071141005
851,0.0024999999441206455
852,0.0022499999031424522
853,0.003000000026077032
854,0.003071428509429097
855,0.003562500001862645
856,0.003357142908498645
857,0.0030555555131286383
858,0.002749999985098839
859,0.004409091081470251
860,0.0027777778450399637
861,0.0020000000949949026
862,0.0037857142742723227
863,0.004166666883975267
864,0.002099999925121665
865,0.007000000216066837
866,0.0024999999441206455
867,0.003100000089034438
868,0.0030454546213150024
869,0.0030454546213150024
870,0.0026499999221414328
871,0.0031874999403953552
872,0.0025625000707805157
873,0.002944444539025426
874,0.0032500000670552254
875,0.0031111110001802444
876,0.0027916666585952044
877,0.0031999999191612005
878,0.0029230769723653793
879,0.0023333332501351833
880,0.002950000111013651
881,0.002899999963119626
882,0.002300000051036477
883,0.0032777776941657066
884,0.0023499999660998583
885,0.0027777778450399637
886,0.00279999990016222
887,0.0027777778450399637
888,0.0030624999199062586
889,0.002888888819143176
890,0.004124999977648258
891,0.0039285714738070965
892,0.0026875000912696123
893,0.002749999985098839
894,0.0025909091345965862
895,0.0030499999411404133
896,0.0021875000093132257
897,0.002722222125157714
898,0.0026818180922418833
899,0.003541666781529784
900,0.002772727282717824
901,0.002749999985098839
902,0.001909090904518962
903,0.00283333333209157
904,0.0022499999031424522
905,0.003000000026077032
906,0.002899999963119626
907,0.002454545348882675
908,0.003000000026077032
909,0.002541666617617011
910,0.0026153845246881247
911,0.002749999985098839
912,0.002884615445509553
913,0.0027307693380862474
914,0.0024230768904089928
915,0.0025833332911133766
916,0.0024500000290572643
917,0.0025555556640028954
918,0.002916666679084301
919,0.0026000000070780516
920,0.0031666667200624943
921,0.0032500000670552254
922,0.0032500000670552254
923,0.0026428571436554193
924,0.0024999999441206455
925,0.003312499960884452
926,0.0024444444570690393
927,0.0022499999031424522
928,0.0024500000290572643
929,0.002388888970017433
930,0.0030624999199062586
931,0.002142857061699033
932,0.0038333332631736994
933,0.003214285708963871
934,0.0030624999199062586
935,0.0028750000055879354
936,0.0027000000700354576
937,0.003599999938160181
938,0.0020000000949949026
939,0.003000000026077032
940,0.0024999999441206455
941,0.003937500063329935
942,0.0026666666381061077
943,0.0032692307140678167
944,0.0031250000465661287
945,0.0022499999031424522
946,0.0031999999191612005
947,0.002772727282717824
948,0.0030384615529328585
949,0.0026666666381061077
950,0.0035000001080334187
951,0.0021875000093132257
952,0.004100000020116568
953,0.002899999963119626
954,0.0022857142612338066
955,0.00283333333209157
956,0.0034374999813735485
957,0.0022499999031424522
958,0.0026499999221414328
959,0.0024999999441206455
960,0.0032777776941657066
961,0.0037499999161809683
962,0.0024999999441206455
963,0.0031111110001802444
964,0.0024999999441206455
965,0.0024999999441206455
966,0.003000000026077032
967,0.003000000026077032
968,0.002785714343190193
969,0.0022857142612338066
970,0.0024285714607685804
971,0.003642857074737549
972,0.002916666679084301
973,0.0037499999161809683
974,0.002222222276031971
975,0.004055555444210768
976,0.005849999841302633
977,0.0032500000670552254
978,0.004388888832181692
979,0.003000000026077032
980,0.004999999888241291
981,0.002111111069098115
982,0.0024999999441206455
983,0.0027777778450399637
984,0.0025500000920146704
985,0.00279999990016222
986,0.003700000001117587
987,0.003958333283662796
988,0.002916666679084301
989,0.002545454539358616
990,0.0036818182561546564
991,0.0026499999221414328
992,0.002624999964609742
993,0.00283333333209157
994,0.0034000000450760126
995,0.0037857142742723227
996,0.0020454544574022293
997,0.0025909091345965862
998,0.0032500000670552254
999,0.0031363635789602995
1000,0.0028636364731937647
1001,0.0032307691872119904
1002,0.002300000051036477
1003,0.0025909091345965862
1004,0.00279999990016222
1005,0.0027916666585952044
1006,0.002899999963119626
1007,0.002363636391237378
1008,0.0027000000700354576
1009,0.002454545348882675
1010,0.00318181817419827
1011,0.0026666666381061077
1012,0.003214285708963871
1013,0.003071428509429097
1014,0.0032999999821186066
1015,0.0025714286603033543
1016,0.002937499899417162
1017,0.0024285714607685804
1018,0.003000000026077032
1019,0.002937499899417162
1020,0.002888888819143176
1021,0.002199999988079071
1022,0.0031363635789602995
1023,0.0024999999441206455
1024,0.00320833339355886
1025,0.0026499999221414328
1026,0.0033333334140479565
1027,0.0047222222201526165
1028,0.0021250001154839993
1029,0.0027000000700354576
1030,0.0033636363223195076
1031,0.0032500000670552254
1032,0.002624999964609742
1033,0.0030555555131286383
1034,0.003375000087544322
1035,0.0031666667200624943
1036,0.004166666883975267
1037,0.003874999936670065
1038,0.002749999985098839
1039,0.002277777763083577
1040,0.0033888889010995626
1041,0.0027000000700354576
1042,0.002850000048056245
1043,0.002812500111758709
1044,0.002222222276031971
1045,0.0035000001080334187
1046,0.0032500000670552254
1047,0.0027000000700354576
1048,0.003874999936670065
1049,0.0024999999441206455
1050,0.003214285708963871
1051,0.002937499899417162
1052,0.0030555555131286383
1053,0.0026666666381061077
1054,0.002944444539025426
1055,0.002722222125157714
1056,0.003888888983055949
1057,0.00322727276943624
1058,0.0024999999441206455
1059,0.0023125000298023224
1060,0.003214285708963871
1061,0.0042500002309679985
1062,0.002545454539358616
1063,0.0031363635789602995
1064,0.0030454546213150024
1065,0.0024999999441206455
1066,0.0024999999441206455
1067,0.003000000026077032
1068,0.0031111110001802444
1069,0.0031666667200624943
1070,0.0033333334140479565
1071,0.0035000001080334187
1072,0.0025625000707805157
1073,0.002624999964609742
1074,0.002944444539025426
1075,0.002950000111013651
1076,0.0031500000040978193
1077,0.003666666569188237
1078,0.003090908983722329
1079,0.00318181817419827
1080,0.0027272726874798536
1081,0.0033181817270815372
1082,0.002722222125157714
1083,0.00318181817419827
1084,0.0028636364731937647
1085,0.0026363637298345566
1086,0.00320833339355886
1087,0.0027272726874798536
1088,0.002888888819143176
1089,0.002749999985098839
1090,0.0026000000070780516
1091,0.0028076923917979
1092,0.0026153845246881247
1093,0.003727272618561983
1094,0.0031250000465661287
1095,0.0030499999411404133
1096,0.002099999925121665
1097,0.002888888819143176
1098,0.0025555556640028954
1099,0.0024999999441206455
1100,0.002749999985098839
1101,0.004111111164093018
1102,0.002722222125157714
1103,0.004818181972950697
1104,0.0032777776941657066
1105,0.0025500000920146704
1106,0.002749999985098839
1107,0.002541666617617011
1108,0.002749999985098839
1109,0.0033636363223195076
1110,0.0026818180922418833
1111,0.0030555555131286383
1112,0.0028750000055879354
1113,0.0035000001080334187
1114,0.0028571428265422583
1115,0.0032500000670552254
1116,0.003666666569188237
1117,0.003449999960139394
1118,0.003100000089034438
1119,0.003000000026077032
1120,0.002888888819143176
1121,0.003100000089034438
1122,0.0034374999813735485
1123,0.0034166667610406876
1124,0.0031666667200624943
1125,0.0024999999441206455
1126,0.003375000087544322
1127,0.0022499999031424522
1128,0.0037499999161809683
1129,0.00283333333209157
1130,0.004999999888241291
1131,0.003285714192315936
1132,0.003312499960884452
1133,0.003142857225611806
1134,0.0018333332845941186
1135,0.0027142856270074844
1136,0.0026666666381061077
1137,0.002437500050291419
1138,0.0037142857909202576
1139,0.00283333333209157
1140,0.002950000111013651
1141,0.0030499999411404133
1142,0.003100000089034438
1143,0.0026111111510545015
1144,0.00318181817419827
1145,0.0024999999441206455
1146,0.0031999999191612005
1147,0.003000000026077032
1148,0.002884615445509553
1149,0.003214285708963871
1150,0.0031666667200624943
1151,0.0035000001080334187
1152,0.002722222125157714
1153,0.002772727282717824
1154,0.003666666569188237
1155,0.0029090908356010914
1156,0.0028181818779557943
1157,0.0032500000670552254
1158,0.0025555556640028954
1159,0.003000000026077032
1160,0.0034374999813735485
1161,0.002785714343190193
1162,0.0024999999441206455
1163,0.002624999964609742
1164,0.0028461539186537266
1165,0.002392857102677226
1166,0.0024090909864753485
1167,0.0031071428675204515
1168,0.003285714192315936
1169,0.0029615384992212057
1170,0.0030384615529328585
1171,0.0027142856270074844
1172,0.003607142949476838
1173,0.0034545455127954483
1174,0.0023181817959994078
1175,0.0029545454308390617
1176,0.002950000111013651
1177,0.003777777776122093
1178,0.0024444444570690393
1179,0.0024999999441206455
1180,0.002454545348882675
1181,0.0028750000055879354
1182,0.0031111110001802444
1183,0.002944444539025426
1184,0.0031666667200624943
1185,0.0024999999441206455
1186,0.002374999923631549
1187,0.0031111110001802444
1188,0.0031666667200624943
1189,0.0026666666381061077
1190,0.0042500002309679985
1191,0.004214285872876644
1192,0.0031999999191612005
1193,0.002944444539025426
1194,0.0019499999471008778
1195,0.002772727282717824
1196,0.0029090908356010914
1197,0.0029615384992212057
1198,0.0029583333525806665
1199,0.003000000026077032
1200,0.0033333334140479565
1201,0.003000000026077032
1202,0.0030499999411404133
1203,0.00213636364787817
1204,0.0038333332631736994
1205,0.002722222125157714
1206,0.0026666666381061077
1207,0.0031500000040978193
1208,0.0024999999441206455
1209,0.0022727272007614374
1210,0.003000000026077032
1211,0.0031363635789602995
1212,0.002749999985098839
1213,0.0033333334140479565
1214,0.002277777763083577
1215,0.002062499988824129
1216,0.0027142856270074844
1217,0.0025714286603033543
1218,0.0030624999199062586
1219,0.002166666556149721
1220,0.0017999999690800905
1221,0.0025833332911133766
1222,0.003583333222195506
1223,0.0026666666381061077
1224,0.0026666666381061077
1225,0.0032999999821186066
1226,0.0029545454308390617
1227,0.002541666617617011
1228,0.0028636364731937647
1229,0.0025833332911133766
1230,0.0026785715017467737
1231,0.0025769229978322983
1232,0.0032307691872119904
1233,0.002538461470976472
1234,0.004000000189989805
1235,0.0023333332501351833
1236,0.0026666666381061077
1237,0.002142857061699033
1238,0.0031666667200624943
1239,0.0020714285783469677
1240,0.0034374999813735485
1241,0.003375000087544322
1242,0.0026666666381061077
1243,0.003599999938160181
1244,0.0027916666585952044
1245,0.0026428571436554193
1246,0.0029583333525806665
1247,0.0022499999031424522
1248,0.0025833332911133766
1249,0.0029545454308390617
1250,0.0028750000055879354
1251,0.0038333332631736994
1252,0.0032999999821186066
1253,0.002944444539025426
1254,0.002749999985098839
1255,0.0030555555131286383
1256,0.002888888819143176
1257,0.002928571542724967
1258,0.003000000026077032
1259,0.0018571428954601288
1260,0.002062499988824129
1261,0.0026111111510545015
1262,0.0024444444570690393
1263,0.0027272726874798536
1264,0.0028636364731937647
1265,0.0027272726874798536
1266,0.004100000020116568
1267,0.0025500000920146704
1268,0.0025500000920146704
1269,0.0029545454308390617
1270,0.002916666679084301
1271,0.0023181817959994078
1272,0.002749999985098839
1273,0.003100000089034438
1274,0.002388888970017433
1275,0.0028636364731937647
1276,0.0027916666585952044
1277,0.001807692344300449
1278,0.0028636364731937647
1279,0.0033333334140479565
1280,0.003291666740551591
1281,0.0020909090526401997
1282,0.003599999938160181
1283,0.0033888889010995626
1284,0.003083333373069763
1285,0.0026363637298345566
1286,0.0036818182561546564
1287,0.002749999985098839
1288,0.002899999963119626
1289,0.00279999990016222
1290,0.003000000026077032
1291,0.002722222125157714
1292,0.003777777776122093
1293,0.0025555556640028954
1294,0.003555555595085025
1295,0.0026875000912696123
1296,0.002928571542724967
1297,0.0026666666381061077
1298,0.0020000000949949026
1299,0.003409090917557478
1300,0.0038999998942017555
1301,0.0034545455127954483
1302,0.003599999938160181
1303,0.0030555555131286383
1304,0.003285714192315936
1305,0.0026000000070780516
1306,0.0034000000450760126
1307,0.0032999999821186066
1308,0.0034000000450760126
1309,0.00283333333209157
1310,0.002199999988079071
1311,0.002749999985098839
1312,0.002374999923631549
1313,0.0030624999199062586
1314,0.0033888889010995626
1315,0.0032999999821186066
1316,0.002363636391237378
1317,0.0027083333116024733
1318,0.0030384615529328585
1319,0.0032727273646742105
1320,0.002749999985098839
1321,0.0023499999660998583
1322,0.0025500000920146704
1323,0.0027000000700354576
1324,0.002749999985098839
1325,0.0026111111510545015
1326,0.0034545455127954483
1327,0.003000000026077032
1328,0.0029545454308390617
1329,0.00283333333209157
1330,0.002624999964609742
1331,0.0029615384992212057
1332,0.0026666666381061077
1333,0.0019615385681390762
1334,0.0025833332911133766
1335,0.0026666666381061077
1336,0.0031250000465661287
1337,0.0026363637298345566
1338,0.003449999960139394
1339,0.003083333373069763
1340,0.0024999999441206455
1341,0.003285714192315936
1342,0.0026875000912696123
1343,0.0031250000465661287
1344,0.0031250000465661287
1345,0.00322727276943624
1346,0.0029230769723653793
1347,0.0028571428265422583
1348,0.003192307660356164
1349,0.002772727282717824
1350,0.002545454539358616
1351,0.00279999990016222
1352,0.0032500000670552254
1353,0.0025909091345965862
1354,0.00234615383669734
1355,0.002888888819143176
1356,0.0032777776941657066
1357,0.0033333334140479565
1358,0.0026000000070780516
1359,0.0024999999441206455
1360,0.0027272726874798536
1361,0.0026785715017467737
1362,0.003142857225611806
1363,0.003357142908498645
1364,0.0029642856679856777
1365,0.0031333332881331444
1366,0.003031250089406967
1367,0.00245833327062428
1368,0.0024285714607685804
1369,0.0024166665971279144
1370,0.002769230864942074
1371,0.0032500000670552254
1372,0.002812500111758709
1373,0.0032777776941657066
1374,0.002374999923631549
1375,0.0026000000070780516
1376,0.0033333334140479565
1377,0.002374999923631549
1378,0.0020833334419876337
1379,0.0031874999403953552
1380,0.002937499899417162
1381,0.003916666842997074
1382,0.002899999963119626
1383,0.0024166665971279144
1384,0.003666666569188237
1385,0.0027142856270074844
1386,0.0028750000055879354
1387,0.0027000000700354576
1388,0.0022857142612338066
1389,0.0029230769723653793
1390,0.003000000026077032
1391,0.0029615384992212057
1392,0.0032307691872119904
1393,0.002199999988079071
1394,0.002055555582046509
1395,0.002437500050291419
1396,0.0026666666381061077
1397,0.002899999963119626
1398,0.0033333334140479565
1399,0.0020000000949949026
1400,0.002749999985098839
1401,0.0025833332911133766
1402,0.0025555556640028954
1403,0.0035000001080334187
1404,0.0028181818779557943
1405,0.003000000026077032
1406,0.00322727276943624
1407,0.002749999985098839
1408,0.0031999999191612005
1409,0.002222222276031971
1410,0.003000000026077032
1411,0.003562500001862645
1412,0.002944444539025426
1413,0.0038125000428408384
1414,0.0024999999441206455
1415,0.003083333373069763
1416,0.003083333373069763
1417,0.0021250001154839993
1418,0.002166666556149721
1419,0.0026818180922418833
1420,0.0030454546213150024
1421,0.0026111111510545015
1422,0.003000000026077032
1423,0.002722222125157714
1424,0.002950000111013651
1425,0.0025909091345965862
1426,0.002749999985098839
1427,0.0035000001080334187
1428,0.0032777776941657066
1429,0.0042500002309679985
1430,0.0023571427445858717
1431,0.002812500111758709
1432,0.003874999936670065
1433,0.0023499999660998583
1434,0.002950000111013651
1435,0.002055555582046509
1436,0.0054166666232049465
1437,0.002538461470976472
1438,0.0022857142612338066
1439,0.0027272726874798536
1440,0.0024999999441206455
1441,0.0035000001080334187
1442,0.0024285714607685804
1443,0.003611111082136631
1444,0.004055555444210768
1445,0.0028181818779557943
1446,0.004333333112299442
1447,0.0028750000055879354
1448,0.0024999999441206455
1449,0.0025714286603033543
1450,0.002222222276031971
1451,0.0031111110001802444
1452,0.002888888819143176
1453,0.002722222125157714
1454,0.0026363637298345566
1455,0.002944444539025426
1456,0.0023333332501351833
1457,0.002055555582046509
1458,0.0026111111510545015
1459,0.003285714192315936
1460,0.0025833332911133766
1461,0.0026666666381061077
1462,0.0025625000707805157
1463,0.0026428571436554193
1464,0.003000000026077032
1465,0.003000000026077032
1466,0.0032777776941657066
1467,0.0028181818779557943
1468,0.004041666630655527
1469,0.0020714285783469677
1470,0.0032307691872119904
1471,0.0024999999441206455
1472,0.003090908983722329
1473,0.002545454539358616
1474,0.0024999999441206455
1475,0.003636363660916686
1476,0.0027142856270074844
1477,0.002785714343190193
1478,0.0025714286603033543
1479,0.0032999999821186066
1480,0.0025625000707805157
1481,0.0033333334140479565
1482,0.0028750000055879354
1483,0.0032500000670552254
1484,0.0024500000290572643
1485,0.0026818180922418833
1486,0.0027916666585952044
1487,0.002899999963119626
1488,0.002199999988079071
1489,0.003000000026077032
1490,0.0025555556640028954
1491,0.003000000026077032
1492,0.0028571428265422583
1493,0.0024444444570690393
1494,0.0024999999441206455
1495,0.0025714286603033543
1496,0.0027142856270074844
1497,0.004444444552063942
1498,0.002888888819143176
1499,0.0032222222071141005
1500,0.0035500000230968
1501,0.0028636364731937647
1502,0.003100000089034438
1503,0.002937499899417162
1504,0.0023571427445858717
1505,0.0023333332501351833
1506,0.002749999985098839
1507,0.0032999999821186066
1508,0.0026428571436554193
1509,0.0027142856270074844
1510,0.0024999999441206455
1511,0.0023333332501351833
1512,0.0022499999031424522
1513,0.002722222125157714
1514,0.005111111328005791
1515,0.002749999985098839
1516,0.0020454544574022293
1517,0.004785714205354452
1518,0.0029583333525806665
1519,0.003409090917557478
1520,0.002749999985098839
1521,0.0035500000230968
1522,0.002374999923631549
1523,0.00279999990016222
1524,0.004000000189989805
1525,0.0026875000912696123
1526,0.0028750000055879354
1527,0.0027916666585952044
1528,0.0033333334140479565
1529,0.0035000001080334187
1530,0.004149999935179949
1531,0.0033636363223195076
1532,0.00318181817419827
1533,0.0026000000070780516
1534,0.0033636363223195076
1535,0.003090908983722329
1536,0.0026111111510545015
1537,0.0027777778450399637
1538,0.0037499999161809683
1539,0.003449999960139394
1540,0.0027777778450399637
1541,0.002374999923631549
1542,0.0022499999031424522
1543,0.0020909090526401997
1544,0.003142857225611806
1545,0.0032999999821186066
1546,0.002230769256129861
1547,0.0025833332911133766
1548,0.0029583333525806665
1549,0.002454545348882675
1550,0.002850000048056245
1551,0.0033181817270815372
1552,0.003000000026077032
1553,0.00283333333209157
1554,0.0026499999221414328
1555,0.0034000000450760126
1556,0.00279999990016222
1557,0.0032777776941657066
1558,0.0032500000670552254
1559,0.0033888889010995626
1560,0.002937499899417162
1561,0.0022499999031424522
1562,0.0017500000540167093
1563,0.0026875000912696123
1564,0.003874999936670065
1565,0.003312499960884452
1566,0.003555555595085025
1567,0.0032222222071141005
1568,0.0033888889010995626
1569,0.0022499999031424522
1570,0.0028636364731937647
1571,0.0037727272137999535
1572,0.002944444539025426
1573,0.002749999985098839
1574,0.00283333333209157
1575,0.0023333332501351833
1576,0.0021875000093132257
1577,0.0026875000912696123
1578,0.0020714285783469677
1579,0.0024999999441206455
1580,0.002277777763083577
1581,0.0032500000670552254
1582,0.0024500000290572643
1583,0.0028750000055879354
1584,0.003555555595085025
1585,0.0034000000450760126
1586,0.0030454546213150024
1587,0.003000000026077032
1588,0.0024999999441206455
1589,0.0029230769723653793
1590,0.002733333269134164
1591,0.0032333333510905504
1592,0.002624999964609742
1593,0.002541666617617011
1594,0.0028750000055879354
1595,0.0025555556640028954
1596,0.0026111111510545015
1597,0.0031666667200624943
1598,0.0027000000700354576
1599,0.003599999938160181
1600,0.003000000026077032
1601,0.0024999999441206455
1602,0.002624999964609742
1603,0.003949999809265137
1604,0.0026363637298345566
1605,0.0035000001080334187
1606,0.0021818182431161404
1607,0.0029545454308390617
1608,0.0021153846755623817
1609,0.003083333373069763
1610,0.0022142857778817415
1611,0.0026428571436554193
1612,0.00213636364787817
1613,0.0032222222071141005
1614,0.0034000000450760126
1615,0.003800000064074993
1616,0.0029545454308390617
1617,0.0022499999031424522
1618,0.0033636363223195076
1619,0.0028461539186537266
1620,0.0026785715017467737
1621,0.0024999999441206455
1622,0.0023076923098415136
1623,0.0027307693380862474
1624,0.002199999988079071
1625,0.002966666594147682
1626,0.0029230769723653793
1627,0.0031111110001802444
1628,0.0033499998971819878
1629,0.0031111110001802444
1630,0.003357142908498645
1631,0.0038571427576243877
1632,0.002785714343190193
1633,0.0022142857778817415
1634,0.0026875000912696123
1635,0.00283333333209157
1636,0.003874999936670065
1637,0.002916666679084301
1638,0.0032500000670552254
1639,0.004350000061094761
1640,0.003863636404275894
1641,0.002944444539025426
1642,0.0027000000700354576
1643,0.0024999999441206455
1644,0.002222222276031971
1645,0.0026666666381061077
1646,0.0035000001080334187
1647,0.0022499999031424522
1648,0.0023571427445858717
1649,0.002749999985098839
1650,0.0026666666381061077
1651,0.002454545348882675
1652,0.0024999999441206455
1653,0.0024999999441206455
1654,0.002733333269134164
1655,0.0033214285504072905
1656,0.0026666666381061077
1657,0.0025833332911133766
1658,0.0035000001080334187
1659,0.0029545454308390617
1660,0.0022499999031424522
1661,0.003000000026077032
1662,0.002812500111758709
1663,0.0031250000465661287
1664,0.0026666666381061077
1665,0.0022857142612338066
1666,0.0032999999821186066
1667,0.00279999990016222
1668,0.003100000089034438
1669,0.0018749999580904841
1670,0.0028750000055879354
1671,0.002624999964609742
1672,0.002749999985098839
1673,0.002624999964609742
1674,0.0031874999403953552
1675,0.002624999964609742
1676,0.0035000001080334187
1677,0.002749999985098839
1678,0.0023571427445858717
1679,0.0031666667200624943
1680,0.003000000026077032
1681,0.0024999999441206455
1682,0.003214285708963871
1683,0.0031111110001802444
1684,0.00283333333209157
1685,0.0039090909995138645
1686,0.0037727272137999535
1687,0.004149999935179949
1688,0.00318181817419827
1689,0.0032500000670552254
1690,0.002722222125157714
1691,0.0032500000670552254
1692,0.004062499850988388
1693,0.0042500002309679985
1694,0.0031666667200624943
1695,0.004583333153277636
1696,0.003599999938160181
1697,0.002899999963119626
1698,0.002928571542724967
1699,0.0032222222071141005
1700,0.002222222276031971
1701,0.0026499999221414328
1702,0.0029545454308390617
1703,0.0024166665971279144
1704,0.0027272726874798536
1705,0.002928571542724967
1706,0.0031999999191612005
1707,0.0031999999191612005
1708,0.0029090908356010914
1709,0.00427777785807848
1710,0.002142857061699033
1711,0.0031111110001802444
1712,0.0026111111510545015
1713,0.002937499899417162
1714,0.002166666556149721
1715,0.002944444539025426
1716,0.0028636364731937647
1717,0.00279999990016222
1718,0.003071428509429097
1719,0.0025625000707805157
1720,0.0025833332911133766
1721,0.0028750000055879354
1722,0.0024999999441206455
1723,0.003000000026077032
1724,0.0017999999690800905
1725,0.002899999963119626
1726,0.0026000000070780516
1727,0.003000000026077032
1728,0.0033333334140479565
1729,0.0035000001080334187
1730,0.002944444539025426
1731,0.0026875000912696123
1732,0.002899999963119626
1733,0.0026666666381061077
1734,0.0024500000290572643
1735,0.0035000001080334187
1736,0.0032999999821186066
1737,0.0025555556640028954
1738,0.003409090917557478
1739,0.002722222125157714
1740,0.0024999999441206455
1741,0.002812500111758709
1742,0.0032222222071141005
1743,0.002291666576638818
1744,0.002722222125157714
1745,0.0036249998956918716
1746,0.003000000026077032
1747,0.0034374999813735485
1748,0.0031111110001802444
1749,0.002749999985098839
1750,0.003000000026077032
1751,0.0033499998971819878
1752,0.0035000001080334187
1753,0.002899999963119626
1754,0.0025555556640028954
1755,0.0032500000670552254
1756,0.0022857142612338066
1757,0.003916666842997074
1758,0.0035714285913854837
1759,0.0019166666315868497
1760,0.0031666667200624943
1761,0.0024999999441206455
1762,0.0035000001080334187
1763,0.002772727282717824
1764,0.00322727276943624
1765,0.003846153849735856
1766,0.0032999999821186066
1767,0.00283333333209157
1768,0.0025909091345965862
1769,0.0031500000040978193
1770,0.002850000048056245
1771,0.0024500000290572643
1772,0.0028750000055879354
1773,0.0024500000290572643
1774,0.0023125000298023224
1775,0.0024999999441206455
1776,0.0024444444570690393
1777,0.0023333332501351833
1778,0.0031666667200624943
1779,0.0027142856270074844
1780,0.003375000087544322
1781,0.0026111111510545015
1782,0.0027142856270074844
1783,0.0024999999441206455
1784,0.0032500000670552254
1785,0.0042500002309679985
1786,0.0032777776941657066
1787,0.002899999963119626
1788,0.0019499999471008778
1789,0.003666666569188237
1790,0.0029545454308390617
1791,0.0027272726874798536
1792,0.0025500000920146704
1793,0.002545454539358616
1794,0.0026499999221414328
1795,0.0032500000670552254
1796,0.002388888970017433
1797,0.00215000007301569
1798,0.0027777778450399637
1799,0.002888888819143176
1800,0.002850000048056245
1801,0.002937499899417162
1802,0.0022857142612338066
1803,0.0024999999441206455
1804,0.0023333332501351833
1805,0.0027142856270074844
1806,0.004124999977648258
1807,0.0026666666381061077
1808,0.002899999963119626
1809,0.003285714192315936
1810,0.004035714082419872
1811,0.0024999999441206455
1812,0.0024333333130925894
1813,0.0024230768904089928
1814,0.00431818189099431
1815,0.002545454539358616
1816,0.0027272726874798536
1817,0.0027083333116024733
1818,0.003555555595085025
1819,0.0032500000670552254
1820,0.003357142908498645
1821,0.0031874999403953552
1822,0.0024999999441206455
1823,0.0032222222071141005
1824,0.002888888819143176
1825,0.002785714343190193
1826,0.003090908983722329
1827,0.0024444444570690393
1828,0.003100000089034438
1829,0.0031874999403953552
1830,0.0026000000070780516
1831,0.0028181818779557943
1832,0.0032777776941657066
1833,0.0025625000707805157
1834,0.002785714343190193
1835,0.002624999964609742
1836,0.0030499999411404133
1837,0.002624999964609742
1838,0.003000000026077032
1839,0.0028750000055879354
1840,0.0024999999441206455
1841,0.0026818180922418833
1842,0.002749999985098839
1843,0.0031363635789602995
1844,0.0024500000290572643
1845,0.0026111111510545015
1846,0.00279999990016222
1847,0.0027142856270074844
1848,0.003357142908498645
1849,0.0024166665971279144
1850,0.002944444539025426
1851,0.0035000001080334187
1852,0.0018500000005587935
1853,0.0036818182561546564
1854,0.0029230769723653793
1855,0.0032500000670552254
1856,0.002461538417264819
1857,0.0032692307140678167
1858,0.0027272726874798536
1859,0.002749999985098839
1860,0.0020714285783469677
1861,0.0022499999031424522
1862,0.0026000000070780516
1863,0.0026428571436554193
1864,0.0022142857778817415
1865,0.0026666666381061077
1866,0.0022142857778817415
1867,0.0032777776941657066
1868,0.0027142856270074844
1869,0.003611111082136631
1870,0.002400000113993883
1871,0.003409090917557478
1872,0.00283333333209157
1873,0.0030357143841683865
1874,0.0031666667200624943
1875,0.0028636364731937647
1876,0.0026363637298345566
1877,0.0032500000670552254
1878,0.0026818180922418833
1879,0.0033333334140479565
1880,0.0026363637298345566
1881,0.002899999963119626
1882,0.0022499999031424522
1883,0.0022857142612338066
1884,0.002899999963119626
1885,0.0023499999660998583
1886,0.0026499999221414328
1887,0.0024999999441206455
1888,0.0026499999221414328
1889,0.00283333333209157
1890,0.0027272726874798536
1891,0.0023333332501351833
1892,0.0025714286603033543
1893,0.003142857225611806
1894,0.002749999985098839
1895,0.0031250000465661287
1896,0.003071428509429097
1897,0.0038571427576243877
1898,0.0026000000070780516
1899,0.003599999938160181
1900,0.0031250000465661287
1901,0.00279999990016222
1902,0.0030499999411404133
1903,0.003000000026077032
1904,0.0028461539186537266
1905,0.004399999976158142
1906,0.0030357143841683865
1907,0.0034642857499420643
1908,0.0031153846066445112
1909,0.0027307693380862474
1910,0.0031153846066445112
1911,0.002749999985098839
1912,0.002769230864942074
1913,0.0024999999441206455
1914,0.002111111069098115
1915,0.002944444539025426
1916,0.001909090904518962
1917,0.0026818180922418833
1918,0.002899999963119626
1919,0.0024999999441206455
1920,0.002624999964609742
1921,0.0035000001080334187
1922,0.0031250000465661287
1923,0.0038333332631736994
1924,0.002928571542724967
1925,0.003071428509429097
1926,0.003642857074737549
1927,0.003666666569188237
1928,0.002222222276031971
1929,0.002111111069098115
1930,0.0024500000290572643
1931,0.003090908983722329
1932,0.003083333373069763
1933,0.0027083333116024733
1934,0.003636363660916686
1935,0.0033499998971819878
1936,0.002749999985098839
1937,0.0020000000949949026
1938,0.0037499999161809683
1939,0.0026111111510545015
1940,0.003000000026077032
1941,0.002166666556149721
1942,0.003000000026077032
1943,0.0026428571436554193
1944,0.0018333332845941186
1945,0.00245833327062428
1946,0.002541666617617011
1947,0.0027272726874798536
1948,0.0025500000920146704
1949,0.0026000000070780516
1950,0.0034166667610406876
1951,0.0033333334140479565
1952,0.0034000000450760126
1953,0.0033333334140479565
1954,0.0032500000670552254
1955,0.0024999999441206455
1956,0.002624999964609742
1957,0.004333333112299442
1958,0.004749999847263098
1959,0.0019285713788121939
1960,0.0021250001154839993
1961,0.0033636363223195076
1962,0.003307692240923643
1963,0.002749999985098839
1964,0.0035714285913854837
1965,0.0024090909864753485
1966,0.0029230769723653793
1967,0.003642857074737549
1968,0.0026000000070780516
1969,0.003312499960884452
1970,0.0031874999403953552
1971,0.0026428571436554193
1972,0.0026666666381061077
1973,0.0025714286603033543
1974,0.003214285708963871
1975,0.002785714343190193
1976,0.0033181817270815372
1977,0.002222222276031971
1978,0.003949999809265137
1979,0.0029090908356010914
1980,0.002916666679084301
1981,0.002300000051036477
1982,0.0027777778450399637
1983,0.0034374999813735485
1984,0.0028571428265422583
1985,0.0020000000949949026
1986,0.0031666667200624943
1987,0.0024999999441206455
1988,0.002166666556149721
1989,0.0032222222071141005
1990,0.0032222222071141005
1991,0.00322727276943624
1992,0.0026000000070780516
1993,0.00322727276943624
1994,0.003000000026077032
1995,0.0023181817959994078
1996,0.002374999923631549
1997,0.0031666667200624943
1998,0.0028750000055879354
1999,0.002749999985098839
2000,0.0023571427445858717
2001,0.0035000001080334187
2002,0.0027000000700354576
2003,0.0032500000670552254
2004,0.003071428509429097
2005,0.0024285714607685804
2006,0.003000000026077032
2007,0.0024999999441206455
2008,0.0023333332501351833
2009,0.0025555556640028954
2010,0.0026666666381061077
2011,0.002199999988079071
2012,0.003312499960884452
2013,0.002749999985098839
2014,0.00283333333209157
2015,0.003583333222195506
2016,0.0026875000912696123
2017,0.003687500022351742
2018,0.0028750000055879354
2019,0.0026428571436554193
2020,0.002812500111758709
2021,0.0031111110001802444
2022,0.0032500000670552254
2023,0.002749999985098839
2024,0.00283333333209157
2025,0.002769230864942074
2026,0.002928571542724967
2027,0.0032307691872119904
2028,0.0031153846066445112
2029,0.002400000113993883
2030,0.0026818180922418833
2031,0.002749999985098839
2032,0.0029090908356010914
2033,0.002541666617617011
2034,0.0020000000949949026
2035,0.0034615383483469486
2036,0.003000000026077032
2037,0.0026000000070780516
2038,0.00245833327062428
2039,0.0026333334390074015
2040,0.003307692240923643
2041,0.0026000000070780516
2042,0.002781250048428774
2043,0.002653846051543951
2044,0.003409090917557478
2045,0.0022499999031424522
2046,0.0026428571436554193
2047,0.0025555556640028954
2048,0.0024285714607685804
2049,0.002785714343190193
2050,0.002749999985098839
2051,0.002749999985098839
2052,0.0028571428265422583
2053,0.004000000189989805
2054,0.0024166665971279144
2055,0.0023125000298023224
2056,0.002937499899417162
2057,0.0026875000912696123
2058,0.0026111111510545015
2059,0.0033499998971819878
2060,0.002222222276031971
2061,0.00283333333209157
2062,0.002944444539025426
2063,0.0033888889010995626
2064,0.0029545454308390617
2065,0.002291666576638818
2066,0.002541666617617011
2067,0.0035000001080334187
2068,0.002950000111013651
2069,0.0025555556640028954
2070,0.002916666679084301
2071,0.003583333222195506
2072,0.0037727272137999535
2073,0.004149999935179949
2074,0.0028750000055879354
2075,0.003285714192315936
2076,0.0030624999199062586
2077,0.002166666556149721
2078,0.0032777776941657066
2079,0.003449999960139394
2080,0.0022499999031424522
2081,0.002928571542724967
2082,0.0037499999161809683
2083,0.002722222125157714
2084,0.002062499988824129
2085,0.0028750000055879354
2086,0.0026111111510545015
2087,0.002400000113993883
2088,0.002899999963119626
2089,0.0034545455127954483
2090,0.0026363637298345566
2091,0.002722222125157714
2092,0.0030499999411404133
2093,0.0022083332296460867
2094,0.0026923075783997774
2095,0.002749999985098839
2096,0.0031153846066445112
2097,0.002769230864942074
2098,0.0026153845246881247
2099,0.0028461539186537266
2100,0.003384615294635296
2101,0.0048500001430511475
2102,0.0034374999813735485
2103,0.0024999999441206455
2104,0.0023333332501351833
2105,0.003000000026077032
2106,0.00342857139185071
2107,0.003071428509429097
2108,0.005571428686380386
2109,0.00283333333209157
2110,0.002888888819143176
2111,0.0030499999411404133
2112,0.003599999938160181
2113,0.003678571432828903
2114,0.00279999990016222
2115,0.0031666667200624943
2116,0.0026818180922418833
2117,0.0024444444570690393
2118,0.002950000111013651
2119,0.0030555555131286383
2120,0.0032222222071141005
2121,0.002749999985098839
2122,0.0034374999813735485
2123,0.0019000000320374966
2124,0.003142857225611806
2125,0.0021875000093132257
2126,0.0026499999221414328
2127,0.0031500000040978193
2128,0.002541666617617011
2129,0.002884615445509553
2130,0.0031071428675204515
2131,0.003000000026077032
2132,0.0021153846755623817
2133,0.002374999923631549
2134,0.0030499999411404133
2135,0.002454545348882675
2136,0.0030624999199062586
2137,0.0025833332911133766
2138,0.0026666666381061077
2139,0.0027142856270074844
2140,0.0031250000465661287
2141,0.0031250000465661287
2142,0.0025714286603033543
2143,0.002722222125157714
2144,0.0027777778450399637
2145,0.002888888819143176
2146,0.0026818180922418833
2147,0.0027083333116024733
2148,0.0027307693380862474
2149,0.002374999923631549
2150,0.003083333373069763
2151,0.0029230769723653793
2152,0.003000000026077032
2153,0.0031666667200624943
2154,0.003100000089034438
2155,0.002749999985098839
2156,0.0030624999199062586
2157,0.0025714286603033543
2158,0.0032222222071141005
2159,0.0026499999221414328
2160,0.002111111069098115
2161,0.0022499999031424522
2162,0.0024444444570690393
2163,0.003458333434537053
2164,0.0026363637298345566
2165,0.0024500000290572643
2166,0.0029545454308390617
2167,0.002749999985098839
2168,0.003555555595085025
2169,0.0038333332631736994
2170,0.003777777776122093
2171,0.0035000001080334187
2172,0.0030555555131286383
2173,0.0031250000465661287
2174,0.0043750000186264515
2175,0.004045454319566488
2176,0.0024999999441206455
2177,0.003090908983722329
2178,0.003090908983722329
2179,0.003000000026077032
2180,0.0024090909864753485
2181,0.00245833327062428
2182,0.0025909091345965862
2183,0.0023499999660998583
2184,0.0024230768904089928
2185,0.003090908983722329
2186,0.002400000113993883
2187,0.003375000087544322
2188,0.0028750000055879354
2189,0.0034166667610406876
2190,0.0028750000055879354
2191,0.003142857225611806
2192,0.00283333333209157
2193,0.003000000026077032
2194,0.0025500000920146704
2195,0.003000000026077032
2196,0.002454545348882675
2197,0.00320833339355886
2198,0.0032307691872119904
2199,0.0031153846066445112
2200,0.0028076923917979
2201,0.0026785715017467737
2202,0.0022499999031424522
2203,0.0027272726874798536
2204,0.002888888819143176
2205,0.0027083333116024733
2206,0.0022499999031424522
2207,0.0025833332911133766
2208,0.0027000000700354576
2209,0.003000000026077032
2210,0.0036249998956918716
2211,0.0026875000912696123
2212,0.002749999985098839
2213,0.002785714343190193
2214,0.0024285714607685804
2215,0.002749999985098839
2216,0.0025500000920146704
2217,0.0024166665971279144
2218,0.0024230768904089928
2219,0.0030454546213150024
2220,0.0020833334419876337
2221,0.0027916666585952044
2222,0.0024500000290572643
2223,0.0026666666381061077
2224,0.0038125000428408384
2225,0.003000000026077032
2226,0.0031363635789602995
2227,0.0027916666585952044
2228,0.002937499899417162
2229,0.002374999923631549
2230,0.002388888970017433
2231,0.0030416666995733976
2232,0.003000000026077032
2233,0.0037857142742723227
2234,0.003615384688600898
2235,0.0029615384992212057
2236,0.0037727272137999535
2237,0.0033636363223195076
2238,0.0027000000700354576
2239,0.0024999999441206455
2240,0.002437500050291419
2241,0.0022142857778817415
2242,0.004071428440511227
2243,0.0020000000949949026
2244,0.0026666666381061077
2245,0.0025625000707805157
2246,0.00342857139185071
2247,0.0031111110001802444
2248,0.0027777778450399637
2249,0.0026666666381061077
2250,0.00320833339355886
2251,0.002624999964609742
2252,0.0029615384992212057
2253,0.0028181818779557943
2254,0.00245833327062428
2255,0.002363636391237378
2256,0.0031500000040978193
2257,0.003666666569188237
2258,0.0019166666315868497
2259,0.0022857142612338066
2260,0.003944444470107555
2261,0.003214285708963871
2262,0.0024285714607685804
2263,0.0025625000707805157
2264,0.0028750000055879354
2265,0.0033333334140479565
2266,0.002950000111013651
2267,0.0031500000040978193
2268,0.003562500001862645
2269,0.0027142856270074844
2270,0.002899999963119626
2271,0.0024999999441206455
2272,0.0033333334140479565
2273,0.004214285872876644
2274,0.002624999964609742
2275,0.002199999988079071
2276,0.002111111069098115
2277,0.00322727276943624
2278,0.0025500000920146704
2279,0.002722222125157714
2280,0.002928571542724967
2281,0.0028750000055879354
2282,0.0020454544574022293
2283,0.0022499999031424522
2284,0.0026111111510545015
2285,0.0026000000070780516
2286,0.0023333332501351833
2287,0.003000000026077032
2288,0.002541666617617011
2289,0.0029230769723653793
2290,0.0020769231487065554
2291,0.0029230769723653793
2292,0.0037083332426846027
2293,0.002749999985098839
2294,0.0026111111510545015
2295,0.0027777778450399637
2296,0.0026000000070780516
2297,0.0026818180922418833
2298,0.002812500111758709
2299,0.002937499899417162
2300,0.0033333334140479565
2301,0.0031666667200624943
2302,0.0022142857778817415
2303,0.0026111111510545015
2304,0.0030555555131286383
2305,0.0023499999660998583
2306,0.003000000026077032
2307,0.003000000026077032
2308,0.003357142908498645
2309,0.0038333332631736994
2310,0.002821428468450904
2311,0.002884615445509553
2312,0.002772727282717824
2313,0.0031363635789602995
2314,0.003000000026077032
2315,0.0023333332501351833
2316,0.0025555556640028954
2317,0.0021250001154839993
2318,0.0022499999031424522
2319,0.0033333334140479565
2320,0.0026666666381061077
2321,0.0021250001154839993
2322,0.0026499999221414328
2323,0.0031500000040978193
2324,0.003100000089034438
2325,0.0029583333525806665
2326,0.0026818180922418833
2327,0.0034166667610406876
2328,0.002884615445509553
2329,0.0029615384992212057
2330,0.002749999985098839
2331,0.0022499999031424522
2332,0.002374999923631549
2333,0.002749999985098839
2334,0.0024166665971279144
2335,0.003083333373069763
2336,0.0032999999821186066
2337,0.003666666569188237
2338,0.00279999990016222
2339,0.002437500050291419
2340,0.0028750000055879354
2341,0.002888888819143176
2342,0.003142857225611806
2343,0.0023333332501351833
2344,0.0031666667200624943
2345,0.0026428571436554193
2346,0.0035714285913854837
2347,0.003000000026077032
2348,0.002749999985098839
2349,0.0032500000670552254
2350,0.002099999925121665
2351,0.0028571428265422583
2352,0.0032500000670552254
2353,0.0023499999660998583
2354,0.0026499999221414328
2355,0.0030499999411404133
2356,0.002850000048056245
2357,0.0028750000055879354
2358,0.002545454539358616
2359,0.002199999988079071
2360,0.0030454546213150024
2361,0.0035000001080334187
2362,0.0031785713508725166
2363,0.003800000064074993
2364,0.0023499999660998583
2365,0.0032500000670552254
2366,0.002749999985098839
2367,0.0028750000055879354
2368,0.0025625000707805157
2369,0.0032500000670552254
2370,0.0018749999580904841
2371,0.0028750000055879354
2372,0.0024999999441206455
2373,0.002400000113993883
2374,0.0035000001080334187
2375,0.0024999999441206455
2376,0.002850000048056245
2377,0.0031666667200624943
2378,0.002111111069098115
2379,0.0025625000707805157
2380,0.0030624999199062586
2381,0.002950000111013651
2382,0.0027777778450399637
2383,0.0030416666995733976
2384,0.002545454539358616
2385,0.003449999960139394
2386,0.002928571542724967
2387,0.0027000000700354576
2388,0.003000000026077032
2389,0.0025500000920146704
2390,0.003444444388151169
2391,0.0035909090656787157
2392,0.002812500111758709
2393,0.0028750000055879354
2394,0.004214285872876644
2395,0.001642857096157968
2396,0.002374999923631549
2397,0.0023333332501351833
2398,0.002099999925121665
2399,0.0032999999821186066
2400,0.0017999999690800905
2401,0.0024166665971279144
2402,0.0028750000055879354
2403,0.0026875000912696123
2404,0.0026875000912696123
2405,0.002785714343190193
2406,0.0033499998971819878
2407,0.0030555555131286383
2408,0.0026000000070780516
2409,0.0030555555131286383
2410,0.002888888819143176
2411,0.003357142908498645
2412,0.0026111111510545015
2413,0.002722222125157714
2414,0.0031363635789602995
2415,0.002199999988079071
2416,0.0026499999221414328
2417,0.0028181818779557943
2418,0.0026363637298345566
2419,0.003000000026077032
2420,0.003000000026077032
2421,0.002899999963119626
2422,0.003000000026077032
2423,0.0028636364731937647
2424,0.003000000026077032
2425,0.0023333332501351833
2426,0.002850000048056245
2427,0.0024999999441206455
2428,0.0025625000707805157
2429,0.0023499999660998583
2430,0.0026666666381061077
2431,0.002749999985098839
2432,0.0026111111510545015
2433,0.0026111111510545015
2434,0.003444444388151169
2435,0.002300000051036477
2436,0.003100000089034438
2437,0.004863636568188667
2438,0.0033499998971819878
2439,0.0031111110001802444
2440,0.0031250000465661287
2441,0.0034374999813735485
2442,0.0031500000040978193
2443,0.0031666667200624943
2444,0.002454545348882675
2445,0.0027000000700354576
2446,0.0027272726874798536
2447,0.00322727276943624
2448,0.002277777763083577
2449,0.002722222125157714
2450,0.0030454546213150024
2451,0.002545454539358616
2452,0.0030454546213150024
2453,0.003000000026077032
2454,0.00245833327062428
2455,0.003000000026077032
2456,0.003650000086054206
2457,0.0039285714738070965
2458,0.002944444539025426
2459,0.0021875000093132257
2460,0.0037857142742723227
2461,0.0024166665971279144
2462,0.003000000026077032
2463,0.0033333334140479565
2464,0.002785714343190193
2465,0.003142857225611806
2466,0.003083333373069763
2467,0.0014375000027939677
2468,0.0025625000707805157
2469,0.0036818182561546564
2470,0.002538461470976472
2471,0.002653846051543951
2472,0.003409090917557478
2473,0.002884615445509553
2474,0.003000000026077032
2475,0.0024999999441206455
2476,0.002850000048056245
2477,0.003000000026077032
2478,0.002916666679084301
2479,0.0026000000070780516
2480,0.0026666666381061077
2481,0.003000000026077032
2482,0.0034000000450760126
2483,0.0023333332501351833
2484,0.0039090909995138645
2485,0.0025833332911133766
2486,0.0027000000700354576
2487,0.002545454539358616
2488,0.00322727276943624
2489,0.0030454546213150024
2490,0.0024999999441206455
2491,0.003192307660356164
2492,0.0026153845246881247
2493,0.0044999998062849045
2494,0.0026666666381061077
2495,0.0031363635789602995
2496,0.0028750000055879354
2497,0.003000000026077032
2498,0.004416666459292173
2499,0.003076923079788685
2500,0.003100000089034438
2501,0.003090908983722329
2502,0.00279999990016222
2503,0.0029090908356010914
2504,0.0026363637298345566
2505,0.002454545348882675
2506,0.0026666666381061077
2507,0.002541666617617011
2508,0.0027083333116024733
2509,0.0029230769723653793
2510,0.0033181817270815372
2511,0.0025555556640028954
2512,0.003142857225611806
2513,0.004000000189989805
2514,0.0035000001080334187
2515,0.0021250001154839993
2516,0.0024999999441206455
2517,0.0027000000700354576
2518,0.0035000001080334187
2519,0.00283333333209157
2520,0.002400000113993883
2521,0.002111111069098115
2522,0.00279999990016222
2523,0.0025625000707805157
2524,0.0025555556640028954
2525,0.002722222125157714
2526,0.0031666667200624943
2527,0.002222222276031971
2528,0.0024999999441206455
2529,0.00491666654124856
2530,0.003666666569188237
2531,0.0031874999403953552
2532,0.0035000001080334187
2533,0.002437500050291419
2534,0.003000000026077032
2535,0.0044999998062849045
2536,0.0027272726874798536
2537,0.004000000189989805
2538,0.0030416666995733976
2539,0.004100000020116568
2540,0.0032500000670552254
2541,0.002400000113993883
2542,0.0026666666381061077
2543,0.0031250000465661287
2544,0.002928571542724967
2545,0.003357142908498645
2546,0.0038333332631736994
2547,0.0034374999813735485
2548,0.002166666556149721
2549,0.003000000026077032
2550,0.0026111111510545015
2551,0.0031250000465661287
2552,0.0030454546213150024
2553,0.002038461621850729
2554,0.0031071428675204515
2555,0.002821428468450904
2556,0.0030666666571050882
2557,0.002624999964609742
2558,0.0031111110001802444
2559,0.0019166666315868497
2560,0.0036249998956918716
2561,0.0026428571436554193
2562,0.0032999999821186066
2563,0.003142857225611806
2564,0.003000000026077032
2565,0.0037499999161809683
2566,0.0025833332911133766
2567,0.0034000000450760126
2568,0.0034166667610406876
2569,0.002937499899417162
2570,0.0027272726874798536
2571,0.0031363635789602995
2572,0.0030555555131286383
2573,0.0029545454308390617
2574,0.003000000026077032
2575,0.0029545454308390617
2576,0.002388888970017433
2577,0.003375000087544322
2578,0.0022499999031424522
2579,0.0042500002309679985
2580,0.003000000026077032
2581,0.003000000026077032
2582,0.002928571542724967
2583,0.0028750000055879354
2584,0.0025833332911133766
2585,0.0031874999403953552
2586,0.0031874999403953552
2587,0.0024999999441206455
2588,0.0025909091345965862
2589,0.0022272728383541107
2590,0.0035000001080334187
2591,0.0032500000670552254
2592,0.002937499899417162
2593,0.0026666666381061077
2594,0.002166666556149721
2595,0.0024166665971279144
2596,0.0032500000670552254
2597,0.003071428509429097
2598,0.0035000001080334187
2599,0.002749999985098839
2600,0.00342857139185071
2601,0.0026111111510545015
2602,0.0030357143841683865
2603,0.002749999985098839
2604,0.003000000026077032
2605,0.0022083332296460867
2606,0.003874999936670065
2607,0.0027000000700354576
2608,0.003650000086054206
2609,0.0025909091345965862
2610,0.003000000026077032
2611,0.002624999964609742
2612,0.0024500000290572643
2613,0.0026111111510545015
2614,0.002437500050291419
2615,0.002624999964609742
2616,0.004166666883975267
2617,0.0024999999441206455
2618,0.0028750000055879354
2619,0.002944444539025426
2620,0.002749999985098839
2621,0.002624999964609742
2622,0.0035000001080334187
2623,0.0024090909864753485
2624,0.003000000026077032
2625,0.003100000089034438
2626,0.0026111111510545015
2627,0.003687500022351742
2628,0.0021875000093132257
2629,0.0022857142612338066
2630,0.003000000026077032
2631,0.0031250000465661287
2632,0.003000000026077032
2633,0.002374999923631549
2634,0.0037499999161809683
2635,0.0028750000055879354
2636,0.0032500000670552254
2637,0.0020000000949949026
2638,0.0025555556640028954
2639,0.003000000026077032
2640,0.003100000089034438
2641,0.003000000026077032
2642,0.0027142856270074844
2643,0.003312499960884452
2644,0.0030454546213150024
2645,0.003000000026077032
2646,0.002944444539025426
2647,0.0031874999403953552
2648,0.0018124999478459358
2649,0.003538461634889245
2650,0.0024999999441206455
2651,0.003458333434537053
2652,0.002749999985098839
2653,0.0025714286603033543
2654,0.0035000001080334187
2655,0.0039090909995138645
2656,0.0020000000949949026
2657,0.0023571427445858717
2658,0.003000000026077032
2659,0.005499999970197678
2660,0.003000000026077032
2661,0.003375000087544322
2662,0.0019000000320374966
2663,0.0034000000450760126
2664,0.00279999990016222
2665,0.0031250000465661287
2666,0.0031250000465661287
2667,0.002624999964609742
2668,0.0026666666381061077
2669,0.0022692307829856873
2670,0.002461538417264819
2671,0.0027307693380862474
2672,0.0029615384992212057
2673,0.002153846202418208
2674,0.0023333332501351833
2675,0.0024999999441206455
2676,0.002749999985098839
2677,0.0028076923917979
2678,0.0029090908356010914
2679,0.0026000000070780516
2680,0.00283333333209157
2681,0.003666666569188237
2682,0.002850000048056245
2683,0.0023499999660998583
2684,0.002545454539358616
2685,0.0024444444570690393
2686,0.004000000189989805
2687,0.0026875000912696123
2688,0.0024500000290572643
2689,0.0032500000670552254
2690,0.0024090909864753485
2691,0.0024285714607685804
2692,0.0024999999441206455
2693,0.0026666666381061077
2694,0.0025625000707805157
2695,0.0027000000700354576
2696,0.0026111111510545015
2697,0.00318181817419827
2698,0.003653846215456724
2699,0.0024999999441206455
2700,0.0029545454308390617
2701,0.0028181818779557943
2702,0.003000000026077032
2703,0.003541666781529784
2704,0.002374999923631549
2705,0.002624999964609742
2706,0.0033636363223195076
2707,0.0035500000230968
2708,0.003555555595085025
2709,0.0026666666381061077
2710,0.0024444444570690393
2711,0.0023499999660998583
2712,0.004000000189989805
2713,0.0022727272007614374
2714,0.00215000007301569
2715,0.002277777763083577
2716,0.0026666666381061077
2717,0.002363636391237378
2718,0.0035769231617450714
2719,0.0029090908356010914
2720,0.0026818180922418833
2721,0.002785714343190193
2722,0.0024999999441206455
2723,0.0022499999031424522
2724,0.0020833334419876337
2725,0.0024999999441206455
2726,0.0017500000540167093
2727,0.0028571428265422583
2728,0.003000000026077032
2729,0.0031111110001802444
2730,0.0031363635789602995
2731,0.0031500000040978193
2732,0.003375000087544322
2733,0.0028571428265422583
2734,0.003071428509429097
2735,0.002437500050291419
2736,0.0018124999478459358
2737,0.0024285714607685804
2738,0.003687500022351742
2739,0.0026875000912696123
2740,0.002722222125157714
2741,0.0025500000920146704
2742,0.0027777778450399637
2743,0.00283333333209157
2744,0.0026666666381061077
2745,0.0025625000707805157
2746,0.0025500000920146704
2747,0.003312499960884452
2748,0.003000000026077032
2749,0.002749999985098839
2750,0.0021250001154839993
2751,0.0024999999441206455
2752,0.0024999999441206455
2753,0.002950000111013651
2754,0.00283333333209157
2755,0.0034000000450760126
2756,0.0023333332501351833
2757,0.003100000089034438
2758,0.00283333333209157
2759,0.0024500000290572643
2760,0.0030555555131286383
2761,0.003083333373069763
2762,0.0026428571436554193
2763,0.0021562499459832907
2764,0.0025625000707805157
2765,0.003214285708963871
2766,0.003071428509429097
2767,0.0034000000450760126
2768,0.002454545348882675
2769,0.0028636364731937647
2770,0.002899999963119626
2771,0.002722222125157714
2772,0.0023499999660998583
2773,0.0038499999791383743
2774,0.0029090908356010914
2775,0.0039090909995138645
2776,0.0031999999191612005
2777,0.0024999999441206455
2778,0.002722222125157714
2779,0.002722222125157714
2780,0.0025500000920146704
2781,0.0033333334140479565
2782,0.0024999999441206455
2783,0.0028750000055879354
2784,0.0024999999441206455
2785,0.0035000001080334187
2786,0.003449999960139394
2787,0.00283333333209157
2788,0.0034374999813735485
2789,0.0026875000912696123
2790,0.0021875000093132257
2791,0.0025833332911133766
2792,0.002812500111758709
2793,0.0024999999441206455
2794,0.0026363637298345566
2795,0.0027777778450399637
2796,0.0030454546213150024
2797,0.0026923075783997774
2798,0.0023846153635531664
2799,0.002363636391237378
2800,0.0026111111510545015
2801,0.0026428571436554193
2802,0.00279999990016222
2803,0.001500000013038516
2804,0.0023333332501351833
2805,0.0024999999441206455
2806,0.0015833333600312471
2807,0.0035000001080334187
2808,0.0025833332911133766
2809,0.002772727282717824
2810,0.0027272726874798536
2811,0.0021153846755623817
2812,0.0038076923228800297
2813,0.002653846051543951
2814,0.0027000000700354576
2815,0.002812500111758709
2816,0.0026428571436554193
2817,0.0020000000949949026
2818,0.003142857225611806
2819,0.0025833332911133766
2820,0.004812499973922968
2821,0.002944444539025426
2822,0.0030624999199062586
2823,0.0036249998956918716
2824,0.002928571542724967
2825,0.003000000026077032
2826,0.0030555555131286383
2827,0.0029545454308390617
2828,0.003000000026077032
2829,0.0024999999441206455
2830,0.0032727273646742105
2831,0.0035769231617450714
2832,0.0028636364731937647
2833,0.002850000048056245
2834,0.002166666556149721
2835,0.002928571542724967
2836,0.002199999988079071
2837,0.0020000000949949026
2838,0.0035000001080334187
2839,0.002624999964609742
2840,0.002624999964609742
2841,0.0023333332501351833
2842,0.003944444470107555
2843,0.0025714286603033543
2844,0.0028181818779557943
2845,0.002850000048056245
2846,0.0026111111510545015
2847,0.0022499999031424522
2848,0.0026111111510545015
2849,0.0026499999221414328
2850,0.0032500000670552254
2851,0.0035000001080334187
2852,0.003375000087544322
2853,0.004357142839580774
2854,0.0022857142612338066
2855,0.0035000001080334187
2856,0.002937499899417162
2857,0.0019444444915279746
2858,0.0031500000040978193
2859,0.0025909091345965862
2860,0.0033636363223195076
2861,0.0029230769723653793
2862,0.0021923077292740345
2863,0.002541666617617011
2864,0.0024166665971279144
2865,0.00283333333209157
2866,0.0029090908356010914
2867,0.0030454546213150024
2868,0.0028636364731937647
2869,0.002545454539358616
2870,0.003000000026077032
2871,0.0033214285504072905
2872,0.0026000000070780516
2873,0.0029642856679856777
2874,0.003031250089406967
2875,0.0029411765281111
2876,0.003027777886018157
2877,0.0031764705199748278
2878,0.003214285708963871
2879,0.0035000001080334187
2880,0.0024999999441206455
2881,0.003000000026077032
2882,0.0030555555131286383
2883,0.0032222222071141005
2884,0.00283333333209157
2885,0.002850000048056245
2886,0.002916666679084301
2887,0.00245833327062428
2888,0.003083333373069763
2889,0.0034000000450760126
2890,0.0023181817959994078
2891,0.002624999964609742
2892,0.0025909091345965862
2893,0.0026923075783997774
2894,0.0023499999660998583
2895,0.0026666666381061077
2896,0.002749999985098839
2897,0.0030555555131286383
2898,0.0024444444570690393
2899,0.0033888889010995626
2900,0.0024285714607685804
2901,0.003000000026077032
2902,0.004000000189989805
2903,0.0031250000465661287
2904,0.0031500000040978193
2905,0.002772727282717824
2906,0.0031111110001802444
2907,0.0035000001080334187
2908,0.003562500001862645
2909,0.0031874999403953552
2910,0.004416666459292173
2911,0.0024999999441206455
2912,0.00283333333209157
2913,0.004187500104308128
2914,0.005687499884516001
2915,0.0018124999478459358
2916,0.003888888983055949
2917,0.0032222222071141005
2918,0.0025625000707805157
2919,0.0029090908356010914
2920,0.0026000000070780516
2921,0.0026000000070780516
2922,0.0024500000290572643
2923,0.002454545348882675
2924,0.0026499999221414328
2925,0.0026000000070780516
2926,0.003937500063329935
2927,0.00283333333209157
2928,0.002812500111758709
2929,0.0026428571436554193
2930,0.0025555556640028954
2931,0.0030555555131286383
2932,0.0035500000230968
2933,0.0033636363223195076
2934,0.0028461539186537266
2935,0.0030624999199062586
2936,0.0037812499795109034
2937,0.0032500000670552254
2938,0.0026666666381061077
2939,0.0024999999441206455
2940,0.002749999985098839
2941,0.002062499988824129
2942,0.0025833332911133766
2943,0.0037499999161809683
2944,0.00279999990016222
2945,0.003700000001117587
2946,0.002937499899417162
2947,0.0026000000070780516
2948,0.003538461634889245
2949,0.002468750113621354
2950,0.003027777886018157
2951,0.0025588234420865774
2952,0.0027352941688150167
2953,0.0021153846755623817
2954,0.003100000089034438
2955,0.002722222125157714
2956,0.0022499999031424522
2957,0.0026875000912696123
2958,0.002937499899417162
2959,0.0031666667200624943
2960,0.0035000001080334187
2961,0.0026666666381061077
2962,0.0024999999441206455
2963,0.002099999925121665
2964,0.002916666679084301
2965,0.0022692307829856873
2966,0.0027916666585952044
2967,0.002749999985098839
2968,0.0029230769723653793
2969,0.0033333334140479565
2970,0.0022083332296460867
2971,0.0026000000070780516
2972,0.0033888889010995626
2973,0.0022499999031424522
2974,0.0032500000670552254
2975,0.0021250001154839993
2976,0.0031666667200624943
2977,0.0026666666381061077
2978,0.002888888819143176
2979,0.0028181818779557943
2980,0.003615384688600898
2981,0.002821428468450904
2982,0.0034230768214911222
2983,0.002821428468450904
2984,0.0031785713508725166
2985,0.0035500000230968
2986,0.0038571427576243877
2987,0.0016666667070239782
2988,0.0024999999441206455
2989,0.0044999998062849045
2990,0.0024999999441206455
2991,0.003000000026077032
2992,0.0028571428265422583
2993,0.002812500111758709
2994,0.0036818182561546564
2995,0.0029615384992212057
2996,0.004038461484014988
2997,0.0031111110001802444
2998,0.0025555556640028954
2999,0.0024999999441206455
3000,0.00283333333209157
3001,0.003214285708963871
3002,0.00342857139185071
3003,0.0037499999161809683
3004,0.002400000113993883
3005,0.002749999985098839
3006,0.0025833332911133766
3007,0.0027000000700354576
3008,0.0035000001080334187
3009,0.003375000087544322
3010,0.0024999999441206455
3011,0.0029583333525806665
3012,0.0023499999660998583
3013,0.003000000026077032
3014,0.002749999985098839
3015,0.002899999963119626
3016,0.0026111111510545015
3017,0.003666666569188237
3018,0.002388888970017433
3019,0.0026666666381061077
3020,0.0021250001154839993
3021,0.002374999923631549
3022,0.003000000026077032
3023,0.0027142856270074844
3024,0.0031111110001802444
3025,0.0022083332296460867
3026,0.0031153846066445112
3027,0.002406249986961484
3028,0.003142857225611806
3029,0.0026428571436554193
3030,0.0027666667010635138
3031,0.0024166665971279144
3032,0.00245833327062428
3033,0.0032727273646742105
3034,0.003722222289070487
3035,0.00283333333209157
3036,0.0035000001080334187
3037,0.004000000189989805
3038,0.003562500001862645
3039,0.0037499999161809683
3040,0.0038999998942017555
3041,0.0031363635789602995
3042,0.004000000189989805
3043,0.003791666589677334
3044,0.0031538461335003376
3045,0.0035454544704407454
3046,0.0029230769723653793
3047,0.00419999985024333
3048,0.002937499899417162
3049,0.0034166667610406876
3050,0.002624999964609742
3051,0.0020714285783469677
3052,0.0028571428265422583
3053,0.002937499899417162
3054,0.0026818180922418833
3055,0.0022727272007614374
3056,0.0032500000670552254
3057,0.003653846215456724
3058,0.0032333333510905504
3059,0.0032500000670552254
3060,0.0030666666571050882
3061,0.0031785713508725166
3062,0.0024285714607685804
3063,0.0031999999191612005
3064,0.0031111110001802444
3065,0.0035000001080334187
3066,0.0024999999441206455
3067,0.0027142856270074844
3068,0.0017000000225380063
3069,0.0020000000949949026
3070,0.0031999999191612005
3071,0.0033333334140479565
3072,0.0020833334419876337
3073,0.0027777778450399637
3074,0.003000000026077032
3075,0.0031153846066445112
3076,0.003615384688600898
3077,0.002400000113993883
3078,0.0031111110001802444
3079,0.0033333334140479565
3080,0.003357142908498645
3081,0.0026000000070780516
3082,0.0034000000450760126
3083,0.003083333373069763
3084,0.0026666666381061077
3085,0.0038333332631736994
3086,0.003071428509429097
3087,0.003449999960139394
3088,0.0020000000949949026
3089,0.0031363635789602995
3090,0.003100000089034438
3091,0.003636363660916686
3092,0.003818181809037924
3093,0.0026666666381061077
3094,0.0027142856270074844
3095,0.0021250001154839993
3096,0.0026111111510545015
3097,0.002166666556149721
3098,0.002749999985098839
3099,0.002055555582046509
3100,0.0032500000670552254
3101,0.002884615445509553
3102,0.0035000001080334187
3103,0.0029583333525806665
3104,0.0026111111510545015
3105,0.0033333334140479565
3106,0.002749999985098839
3107,0.0022499999031424522
3108,0.0034000000450760126
3109,0.003700000001117587
3110,0.0020000000949949026
3111,0.003000000026077032
3112,0.00283333333209157
3113,0.0026428571436554193
3114,0.003666666569188237
3115,0.002888888819143176
3116,0.0027272726874798536
3117,0.0021250001154839993
3118,0.002541666617617011
3119,0.0027666667010635138
3120,0.0025333333760499954
3121,0.002733333269134164
3122,0.0026666666381061077
3123,0.0044999998062849045
3124,0.002785714343190193
3125,0.00279999990016222
3126,0.003000000026077032
3127,0.0042500002309679985
3128,0.002937499899417162
3129,0.0029545454308390617
3130,0.0029090908356010914
3131,0.0027307693380862474
3132,0.002749999985098839
3133,0.00232352945022285
3134,0.0030624999199062586
3135,0.0029705881606787443
3136,0.0024666667450219393
3137,0.0020357142202556133
3138,0.003192307660356164
3139,0.003000000026077032
3140,0.002166666556149721
3141,0.0027142856270074844
3142,0.0028750000055879354
3143,0.0038125000428408384
3144,0.003000000026077032
3145,0.0028571428265422583
3146,0.0026111111510545015
3147,0.00318181817419827
3148,0.002653846051543951
3149,0.0032058823853731155
3150,0.002781250048428774
3151,0.0023076923098415136
3152,0.0024999999441206455
3153,0.0028461539186537266
3154,0.0035769231617450714
3155,0.0026666666381061077
3156,0.0024999999441206455
3157,0.0039285714738070965
3158,0.0032999999821186066
3159,0.0021250001154839993
3160,0.0024999999441206455
3161,0.002749999985098839
3162,0.002749999985098839
3163,0.002624999964609742
3164,0.002538461470976472
3165,0.0026666666381061077
3166,0.00245833327062428
3167,0.002899999963119626
3168,0.0027777778450399637
3169,0.002749999985098839
3170,0.002749999985098839
3171,0.002722222125157714
3172,0.002437500050291419
3173,0.0035000001080334187
3174,0.002812500111758709
3175,0.0031666667200624943
3176,0.0027000000700354576
3177,0.0031500000040978193
3178,0.003611111082136631
3179,0.002850000048056245
3180,0.0026363637298345566
3181,0.0033499998971819878
3182,0.0026818180922418833
3183,0.002916666679084301
3184,0.0027272726874798536
3185,0.002812500111758709
3186,0.003000000026077032
3187,0.003722222289070487
3188,0.0025625000707805157
3189,0.0024999999441206455
3190,0.0024090909864753485
3191,0.00283333333209157
3192,0.003409090917557478
3193,0.002884615445509553
3194,0.0023846153635531664
3195,0.0026153845246881247
3196,0.0030384615529328585
3197,0.0029583333525806665
3198,0.0033636363223195076
3199,0.003142857225611806
3200,0.0017000000225380063
3201,0.002374999923631549
3202,0.0035000001080334187
3203,0.003375000087544322
3204,0.002300000051036477
3205,0.002374999923631549
3206,0.0026666666381061077
3207,0.0028750000055879354
3208,0.0026000000070780516
3209,0.0035909090656787157
3210,0.0031666667200624943
3211,0.002764705801382661
3212,0.0027666667010635138
3213,0.002966666594147682
3214,0.0033214285504072905
3215,0.003000000026077032
3216,0.00245833327062428
3217,0.00322727276943624
3218,0.003000000026077032
3219,0.002749999985098839
3220,0.003000000026077032
3221,0.0031874999403953552
3222,0.0025714286603033543
3223,0.0021250001154839993
3224,0.002937499899417162
3225,0.002222222276031971
3226,0.002937499899417162
3227,0.002937499899417162
3228,0.0024999999441206455
3229,0.0030624999199062586
3230,0.002812500111758709
3231,0.0027142856270074844
3232,0.0026875000912696123
3233,0.00279999990016222
3234,0.0026000000070780516
3235,0.003800000064074993
3236,0.00279999990016222
3237,0.0023571427445858717
3238,0.004642857238650322
3239,0.003000000026077032
3240,0.003375000087544322
3241,0.0019444444915279746
3242,0.002899999963119626
3243,0.0035000001080334187
3244,0.0022499999031424522
3245,0.0035909090656787157
3246,0.002749999985098839
3247,0.0029583333525806665
3248,0.0030499999411404133
3249,0.002812500111758709
3250,0.002937499899417162
3251,0.0026875000912696123
3252,0.0022499999031424522
3253,0.002624999964609742
3254,0.0020714285783469677
3255,0.0024999999441206455
3256,0.0031999999191612005
3257,0.0035000001080334187
3258,0.003214285708963871
3259,0.002749999985098839
3260,0.0031874999403953552
3261,0.0028571428265422583
3262,0.0027777778450399637
3263,0.0024999999441206455
3264,0.0023571427445858717
3265,0.00283333333209157
3266,0.002749999985098839
3267,0.0024999999441206455
3268,0.0032500000670552254
3269,0.003083333373069763
3270,0.003000000026077032
3271,0.0032500000670552254
3272,0.002111111069098115
3273,0.0031363635789602995
3274,0.002363636391237378
3275,0.0035500000230968
3276,0.003555555595085025
3277,0.0023181817959994078
3278,0.0032999999821186066
3279,0.002624999964609742
3280,0.003000000026077032
3281,0.003100000089034438
3282,0.002899999963119626
3283,0.002899999963119626
3284,0.0027000000700354576
3285,0.004000000189989805
3286,0.0032999999821186066
3287,0.0024285714607685804
3288,0.003000000026077032
3289,0.0024999999441206455
3290,0.0035000001080334187
3291,0.0032222222071141005
3292,0.00279999990016222
3293,0.0029090908356010914
3294,0.00279999990016222
3295,0.0028571428265422583
3296,0.00283333333209157
3297,0.0031999999191612005
3298,0.0024999999441206455
3299,0.002850000048056245
3300,0.0031666667200624943
3301,0.0024999999441206455
3302,0.002166666556149721
3303,0.002722222125157714
3304,0.0025625000707805157
3305,0.0028750000055879354
3306,0.002624999964609742
3307,0.0024999999441206455
3308,0.0035000001080334187
3309,0.002749999985098839
3310,0.002785714343190193
3311,0.003214285708963871
3312,0.0023571427445858717
3313,0.0025625000707805157
3314,0.003375000087544322
3315,0.0033333334140479565
3316,0.0031666667200624943
3317,0.0032500000670552254
3318,0.0037499999161809683
3319,0.0026111111510545015
3320,0.0031363635789602995
3321,0.0031538461335003376
3322,0.0028750000055879354
3323,0.002624999964609742
3324,0.003458333434537053
3325,0.0033333334140479565
3326,0.0023333332501351833
3327,0.002222222276031971
3328,0.0032500000670552254
3329,0.0026363637298345566
3330,0.002888888819143176
3331,0.002277777763083577
3332,0.003555555595085025
3333,0.0024999999441206455
3334,0.0032999999821186066
3335,0.0030499999411404133
3336,0.0024444444570690393
3337,0.003071428509429097
3338,0.003375000087544322
3339,0.002437500050291419
3340,0.003000000026077032
3341,0.0024999999441206455
3342,0.002937499899417162
3343,0.0024285714607685804
3344,0.002785714343190193
3345,0.002812500111758709
3346,0.0020714285783469677
3347,0.0018124999478459358
3348,0.0026666666381061077
3349,0.003449999960139394
3350,0.0024999999441206455
3351,0.0025833332911133766
3352,0.0026818180922418833
3353,0.003000000026077032
3354,0.003916666842997074
3355,0.0032727273646742105
3356,0.0026363637298345566
3357,0.0032727273646742105
3358,0.0034000000450760126
3359,0.0025555556640028954
3360,0.002624999964609742
3361,0.005583333317190409
3362,0.003142857225611806
3363,0.003357142908498645
3364,0.0026875000912696123
3365,0.0044999998062849045
3366,0.0031666667200624943
3367,0.0026666666381061077
3368,0.0032500000670552254
3369,0.0037142857909202576
3370,0.003687500022351742
3371,0.003000000026077032
3372,0.003000000026077032
3373,0.0024999999441206455
3374,0.0035714285913854837
3375,0.003375000087544322
3376,0.0027142856270074844
3377,0.003000000026077032
3378,0.0037499999161809683
3379,0.0032500000670552254
3380,0.002888888819143176
3381,0.0024999999441206455
3382,0.002785714343190193
3383,0.0021250001154839993
3384,0.0025500000920146704
3385,0.002400000113993883
3386,0.0026153845246881247
3387,0.0024999999441206455
3388,0.002593749901279807
3389,0.002966666594147682
3390,0.0031333332881331444
3391,0.003291666740551591
3392,0.002772727282717824
3393,0.00279999990016222
3394,0.002545454539358616
3395,0.0030454546213150024
3396,0.003285714192315936
3397,0.0035000001080334187
3398,0.0035000001080334187
3399,0.002812500111758709
3400,0.002624999964609742
3401,0.0035000001080334187
3402,0.0031999999191612005
3403,0.002888888819143176
3404,0.0033333334140479565
3405,0.002607142785564065
3406,0.0027187499217689037
3407,0.0031785713508725166
3408,0.0029545454308390617
3409,0.003375000087544322
3410,0.0022142857778817415
3411,0.0025714286603033543
3412,0.002166666556149721
3413,0.003214285708963871
3414,0.0027142856270074844
3415,0.003083333373069763
3416,0.002785714343190193
3417,0.0031874999403953552
3418,0.0027777778450399637
3419,0.0027272726874798536
3420,0.0027916666585952044
3421,0.0028571428265422583
3422,0.0029583333525806665
3423,0.0025833332911133766
3424,0.003100000089034438
3425,0.0023571427445858717
3426,0.0026428571436554193
3427,0.0016250000335276127
3428,0.0024999999441206455
3429,0.0018124999478459358
3430,0.0027000000700354576
3431,0.0020000000949949026
3432,0.0020833334419876337
3433,0.00283333333209157
3434,0.0022727272007614374
3435,0.0025769229978322983
3436,0.0027666667010635138
3437,0.002733333269134164
3438,0.0030333332251757383
3439,0.003352941246703267
3440,0.002374999923631549
3441,0.002812500111758709
3442,0.0031785713508725166
3443,0.0029062500689178705
3444,0.003090908983722329
3445,0.0031666667200624943
3446,0.002749999985098839
3447,0.002749999985098839
3448,0.003000000026077032
3449,0.0017777777975425124
3450,0.003375000087544322
3451,0.004357142839580774
3452,0.0037499999161809683
3453,0.0038999998942017555
3454,0.0020000000949949026
3455,0.002222222276031971
3456,0.0025625000707805157
3457,0.0027083333116024733
3458,0.0032692307140678167
3459,0.0026923075783997774
3460,0.0025769229978322983
3461,0.0031153846066445112
3462,0.0035000001080334187
3463,0.0032500000670552254
3464,0.0031111110001802444
3465,0.004687500186264515
3466,0.0020000000949949026
3467,0.0026666666381061077
3468,0.0029090908356010914
3469,0.002050000010058284
3470,0.0042500002309679985
3471,0.003863636404275894
3472,0.004214285872876644
3473,0.004785714205354452
3474,0.004541666712611914
3475,0.004749999847263098
3476,0.004124999977648258
3477,0.0034000000450760126
3478,0.004142857156693935
3479,0.00491666654124856
3480,0.0032999999821186066
3481,0.003285714192315936
3482,0.003000000026077032
3483,0.003000000026077032
3484,0.0035000001080334187
3485,0.00283333333209157
3486,0.002624999964609742
3487,0.003642857074737549
3488,0.0026000000070780516
3489,0.004166666883975267
3490,0.0024090909864753485
3491,0.0034545455127954483
3492,0.0026363637298345566
3493,0.0027916666585952044
3494,0.0028461539186537266
3495,0.0026428571436554193
3496,0.002884615445509553
3497,0.0026499999221414328
3498,0.0024285714607685804
3499,0.0032500000670552254
3500,0.00279999990016222
3501,0.0030624999199062586
3502,0.0018571428954601288
3503,0.0027777778450399637
3504,0.00322727276943624
3505,0.0028571428265422583
3506,0.0024999999441206455
3507,0.00279999990016222
3508,0.0032187500037252903
3509,0.0028750000055879354
3510,0.003071428509429097
3511,0.0024500000290572643
3512,0.003083333373069763
3513,0.003090908983722329
3514,0.00322727276943624
3515,0.003090908983722329
3516,0.0035909090656787157
3517,0.0032727273646742105
3518,0.003000000026077032
3519,0.003449999960139394
3520,0.0026666666381061077
3521,0.003444444388151169
3522,0.003944444470107555
3523,0.0044999998062849045
3524,0.0025833332911133766
3525,0.003071428509429097
3526,0.003375000087544322
3527,0.0031111110001802444
3528,0.0030555555131286383
3529,0.0032999999821186066
3530,0.003666666569188237
3531,0.0028750000055879354
3532,0.003000000026077032
3533,0.00427777785807848
3534,0.0035714285913854837
3535,0.003937500063329935
3536,0.002722222125157714
3537,0.0026363637298345566
3538,0.0029545454308390617
3539,0.0024166665971279144
3540,0.00279999990016222
3541,0.0024999999441206455
3542,0.0027777778450399637
3543,0.002749999985098839
3544,0.002785714343190193
3545,0.0028571428265422583
3546,0.0024999999441206455
3547,0.003000000026077032
3548,0.002624999964609742
3549,0.0025833332911133766
3550,0.003285714192315936
3551,0.0023125000298023224
3552,0.0025909091345965862
3553,0.0025500000920146704
3554,0.0034000000450760126
3555,0.002388888970017433
3556,0.0026363637298345566
3557,0.0026153845246881247
3558,0.002916666679084301
3559,0.0030499999411404133
3560,0.002624999964609742
3561,0.0024999999441206455
3562,0.002722222125157714
3563,0.0027000000700354576
3564,0.0030499999411404133
3565,0.0031250000465661287
3566,0.002199999988079071
3567,0.002166666556149721
3568,0.003636363660916686
3569,0.0024230768904089928
3570,0.0029545454308390617
3571,0.003083333373069763
3572,0.00283333333209157
3573,0.002937499899417162
3574,0.0022857142612338066
3575,0.0023571427445858717
3576,0.003071428509429097
3577,0.002749999985098839
3578,0.003083333373069763
3579,0.0028750000055879354
3580,0.003722222289070487
3581,0.002142857061699033
3582,0.0032777776941657066
3583,0.0027272726874798536
3584,0.0026363637298345566
3585,0.0025909091345965862
3586,0.00215000007301569
3587,0.003000000026077032
3588,0.0023333332501351833
3589,0.0026666666381061077
3590,0.002944444539025426
3591,0.002928571542724967
3592,0.0026666666381061077
3593,0.002812500111758709
3594,0.0023571427445858717
3595,0.0031111110001802444
3596,0.002950000111013651
3597,0.002950000111013651
3598,0.002950000111013651
3599,0.0024444444570690393
3600,0.003449999960139394
3601,0.002388888970017433
3602,0.0027777778450399637
3603,0.003000000026077032
3604,0.002300000051036477
3605,0.004000000189989805
3606,0.0022499999031424522
3607,0.003000000026077032
3608,0.003100000089034438
3609,0.0027142856270074844
3610,0.002222222276031971
3611,0.0033499998971819878
3612,0.002300000051036477
3613,0.0024500000290572643
3614,0.003541666781529784
3615,0.002038461621850729
3616,0.0024999999441206455
3617,0.003000000026077032
3618,0.0032500000670552254
3619,0.003000000026077032
3620,0.0029090908356010914
3621,0.003000000026077032
3622,0.003000000026077032
3623,0.00283333333209157
3624,0.002888888819143176
3625,0.002722222125157714
3626,0.0028750000055879354
3627,0.0022499999031424522
3628,0.0023571427445858717
3629,0.0026000000070780516
3630,0.0024500000290572643
3631,0.00245833327062428
3632,0.0029090908356010914
3633,0.0027000000700354576
3634,0.0022857142612338066
3635,0.0027142856270074844
3636,0.003312499960884452
3637,0.0025714286603033543
3638,0.0031666667200624943
3639,0.0025714286603033543
3640,0.0031250000465661287
3641,0.002888888819143176
3642,0.0023333332501351833
3643,0.0020000000949949026
3644,0.002899999963119626
3645,0.0026666666381061077
3646,0.0023499999660998583
3647,0.0031666667200624943
3648,0.0027000000700354576
3649,0.0031999999191612005
3650,0.0032999999821186066
3651,0.0030624999199062586
3652,0.003375000087544322
3653,0.0020000000949949026
3654,0.003071428509429097
3655,0.0024999999441206455
3656,0.0025500000920146704
3657,0.0034374999813735485
3658,0.0032500000670552254
3659,0.0038999998942017555
3660,0.0023333332501351833
3661,0.002142857061699033
3662,0.0032222222071141005
3663,0.0023333332501351833
3664,0.003687500022351742
3665,0.0026111111510545015
3666,0.0034374999813735485
3667,0.0025714286603033543
3668,0.004062499850988388
3669,0.003700000001117587
3670,0.003777777776122093
3671,0.002944444539025426
3672,0.002374999923631549
3673,0.0027777778450399637
3674,0.003312499960884452
3675,0.0035000001080334187
3676,0.0037499999161809683
3677,0.003611111082136631
3678,0.003700000001117587
3679,0.005499999970197678
3680,0.0032500000670552254
3681,0.0038499999791383743
3682,0.005350000225007534
3683,0.004149999935179949
3684,0.004149999935179949
3685,0.004149999935179949
3686,0.0030555555131286383
3687,0.004045454319566488
3688,0.002388888970017433
3689,0.0031666667200624943
3690,0.0031500000040978193
3691,0.003100000089034438
3692,0.002749999985098839
3693,0.0031111110001802444
3694,0.002749999985098839
3695,0.002950000111013651
3696,0.002899999963119626
3697,0.0033888889010995626
3698,0.0023333332501351833
3699,0.003083333373069763
3700,0.0031874999403953552
3701,0.0024500000290572643
3702,0.003000000026077032
3703,0.0036818182561546564
3704,0.0022499999031424522
3705,0.003541666781529784
3706,0.0027272726874798536
3707,0.0024999999441206455
3708,0.0035909090656787157
3709,0.003090908983722329
3710,0.0037083332426846027
3711,0.0028181818779557943
3712,0.0027272726874798536
3713,0.002454545348882675
3714,0.0030499999411404133
3715,0.0029090908356010914
3716,0.0027916666585952044
3717,0.0032727273646742105
3718,0.003000000026077032
3719,0.003000000026077032
3720,0.003312499960884452
3721,0.0039285714738070965
3722,0.0032500000670552254
3723,0.004749999847263098
3724,0.003666666569188237
3725,0.0038499999791383743
3726,0.004464285913854837
3727,0.0035000001080334187
3728,0.0031785713508725166
3729,0.0033666666131466627
3730,0.00232352945022285
3731,0.0028529411647468805
3732,0.003291666740551591
3733,0.002545454539358616
3734,0.00279999990016222
3735,0.0026499999221414328
3736,0.0021250001154839993
3737,0.002624999964609742
3738,0.003458333434537053
3739,0.002937499899417162
3740,0.003000000026077032
3741,0.002624999964609742
3742,0.003000000026077032
3743,0.002749999985098839
3744,0.0020833334419876337
3745,0.003214285708963871
3746,0.002928571542724967
3747,0.0024999999441206455
3748,0.004142857156693935
3749,0.003599999938160181
3750,0.002850000048056245
3751,0.0029090908356010914
3752,0.0028636364731937647
3753,0.0031363635789602995
3754,0.0037499999161809683
3755,0.003722222289070487
3756,0.004388888832181692
3757,0.003000000026077032
3758,0.00322727276943624
3759,0.003375000087544322
3760,0.002916666679084301
3761,0.0029090908356010914
3762,0.002545454539358616
3763,0.0028636364731937647
3764,0.0032333333510905504
3765,0.0027187499217689037
3766,0.0032666667830199003
3767,0.0031538461335003376
3768,0.0026363637298345566
3769,0.003000000026077032
3770,0.002884615445509553
3771,0.002850000048056245
3772,0.0031363635789602995
3773,0.0028750000055879354
3774,0.002454545348882675
3775,0.0023846153635531664
3776,0.0030416666995733976
3777,0.0024999999441206455
3778,0.0027666667010635138
3779,0.0032692307140678167
3780,0.002607142785564065
3781,0.003000000026077032
3782,0.003000000026077032
3783,0.0031666667200624943
3784,0.0025500000920146704
3785,0.0024999999441206455
3786,0.0037499999161809683
3787,0.003000000026077032
3788,0.0028571428265422583
3789,0.002166666556149721
3790,0.0026875000912696123
3791,0.0020000000949949026
3792,0.003285714192315936
3793,0.0031071428675204515
3794,0.0029090908356010914
3795,0.002850000048056245
3796,0.003375000087544322
3797,0.0035000001080334187
3798,0.0030555555131286383
3799,0.003142857225611806
3800,0.0047222222201526165
3801,0.0033888889010995626
3802,0.0031250000465661287
3803,0.003375000087544322
3804,0.00342857139185071
3805,0.003650000086054206
3806,0.0033499998971819878
3807,0.003100000089034438
3808,0.0023333332501351833
3809,0.0031874999403953552
3810,0.0024285714607685804
3811,0.002363636391237378
3812,0.0032727273646742105
3813,0.0024090909864753485
3814,0.0020000000949949026
3815,0.00283333333209157
3816,0.002950000111013651
3817,0.003100000089034438
3818,0.0028181818779557943
3819,0.0028181818779557943
3820,0.00279999990016222
3821,0.003375000087544322
3822,0.002916666679084301
3823,0.003444444388151169
3824,0.0025555556640028954
3825,0.0026111111510545015
3826,0.0026666666381061077
3827,0.002050000010058284
3828,0.0031999999191612005
3829,0.002722222125157714
3830,0.002277777763083577
3831,0.0031666667200624943
3832,0.002388888970017433
3833,0.00283333333209157
3834,0.0030624999199062586
3835,0.002937499899417162
3836,0.0036249998956918716
3837,0.002437500050291419
3838,0.0026499999221414328
3839,0.002749999985098839
3840,0.0038125000428408384
3841,0.0024444444570690393
3842,0.003722222289070487
3843,0.002950000111013651
3844,0.0027272726874798536
3845,0.0027272726874798536
3846,0.0026363637298345566
3847,0.0030499999411404133
3848,0.003214285708963871
3849,0.002749999985098839
3850,0.0029545454308390617
3851,0.0017777777975425124
3852,0.002300000051036477
3853,0.0034545455127954483
3854,0.002722222125157714
3855,0.002388888970017433
3856,0.0026875000912696123
3857,0.0023125000298023224
3858,0.00283333333209157
3859,0.0038333332631736994
3860,0.004214285872876644
3861,0.0025714286603033543
3862,0.003583333222195506
3863,0.0033333334140479565
3864,0.003583333222195506
3865,0.002749999985098839
3866,0.004333333112299442
3867,0.00427777785807848
3868,0.0028750000055879354
3869,0.0034166667610406876
3870,0.003142857225611806
3871,0.0028571428265422583
3872,0.002928571542724967
3873,0.0024444444570690393
3874,0.002374999923631549
3875,0.003444444388151169
3876,0.002749999985098839
3877,0.0033181817270815372
3878,0.00213636364787817
3879,0.0025500000920146704
3880,0.0022727272007614374
3881,0.002772727282717824
3882,0.004350000061094761
3883,0.002388888970017433
3884,0.002850000048056245
3885,0.003000000026077032
3886,0.002812500111758709
3887,0.0031666667200624943
3888,0.0036249998956918716
3889,0.0033333334140479565
3890,0.002277777763083577
3891,0.002291666576638818
3892,0.0024230768904089928
3893,0.0030416666995733976
3894,0.003192307660356164
3895,0.0028461539186537266
3896,0.0033461537677794695
3897,0.002541666617617011
3898,0.0026923075783997774
3899,0.002624999964609742
3900,0.0029545454308390617
3901,0.003449999960139394
3902,0.0032500000670552254
3903,0.003071428509429097
3904,0.0028571428265422583
3905,0.003071428509429097
3906,0.003071428509429097
3907,0.003142857225611806
3908,0.004187500104308128
3909,0.002785714343190193
3910,0.0028750000055879354
3911,0.00279999990016222
3912,0.0028750000055879354
3913,0.0022727272007614374
3914,0.0030416666995733976
3915,0.0026499999221414328
3916,0.002222222276031971
3917,0.002812500111758709
3918,0.0022142857778817415
3919,0.0024285714607685804
3920,0.0035000001080334187
3921,0.0032500000670552254
3922,0.0035000001080334187
3923,0.0020000000949949026
3924,0.002916666679084301
3925,0.002916666679084301
3926,0.0028750000055879354
3927,0.004090908914804459
3928,0.00318181817419827
3929,0.002541666617617011
3930,0.0032727273646742105
3931,0.0031250000465661287
3932,0.0032222222071141005
3933,0.002722222125157714
3934,0.0035714285913854837
3935,0.0031666667200624943
3936,0.003937500063329935
3937,0.0035000001080334187
3938,0.003000000026077032
3939,0.002899999963119626
3940,0.0027777778450399637
3941,0.0030555555131286383
3942,0.003357142908498645
3943,0.003214285708963871
3944,0.0019285713788121939
3945,0.002812500111758709
3946,0.0036249998956918716
3947,0.0032500000670552254
3948,0.002944444539025426
3949,0.0031999999191612005
3950,0.002950000111013651
3951,0.0020454544574022293
3952,0.0024999999441206455
3953,0.0026666666381061077
3954,0.002545454539358616
3955,0.0035454544704407454
3956,0.002749999985098839
3957,0.0031500000040978193
3958,0.003100000089034438
3959,0.003000000026077032
3960,0.002277777763083577
3961,0.0026875000912696123
3962,0.003285714192315936
3963,0.002785714343190193
3964,0.003142857225611806
3965,0.002062499988824129
3966,0.002850000048056245
3967,0.0026818180922418833
3968,0.0022083332296460867
3969,0.0033499998971819878
3970,0.002950000111013651
3971,0.0031999999191612005
3972,0.002142857061699033
3973,0.003214285708963871
3974,0.003000000026077032
3975,0.00342857139185071
3976,0.0024166665971279144
3977,0.003083333373069763
3978,0.0024999999441206455
3979,0.0026666666381061077
3980,0.0033333334140479565
3981,0.0029230769723653793
3982,0.0024285714607685804
3983,0.003000000026077032
3984,0.0029642856679856777
3985,0.0031785713508725166
3986,0.0031538461335003376
3987,0.002950000111013651
3988,0.001642857096157968
3989,0.002944444539025426
3990,0.002749999985098839
3991,0.003000000026077032
3992,0.0037857142742723227
3993,0.0018333332845941186
3994,0.0035714285913854837
3995,0.002812500111758709
3996,0.003000000026077032
3997,0.0031874999403953552
3998,0.003000000026077032
3999,0.00283333333209157
4000,0.0031538461335003376
4001,0.002769230864942074
4002,0.0026818180922418833
4003,0.0031666667200624943
4004,0.002749999985098839
4005,0.00322727276943624
4006,0.0032999999821186066
4007,0.0031500000040978193
4008,0.003722222289070487
4009,0.002749999985098839
4010,0.0023571427445858717
4011,0.0028750000055879354
4012,0.0033888889010995626
4013,0.0028636364731937647
4014,0.0027083333116024733
4015,0.003000000026077032
4016,0.003615384688600898
4017,0.0029230769723653793
4018,0.0033214285504072905
4019,0.003214285708963871
4020,0.004000000189989805
4021,0.0024444444570690393
4022,0.004357142839580774
4023,0.003375000087544322
4024,0.0031250000465661287
4025,0.0027000000700354576
4026,0.0035000001080334187
4027,0.005045454483479261
4028,0.004423076752573252
4029,0.0035000001080334187
4030,0.0031333332881331444
4031,0.0026666666381061077
4032,0.0032999999821186066
4033,0.0031333332881331444
4034,0.0022857142612338066
4035,0.003000000026077032
4036,0.0028928571846336126
4037,0.003000000026077032
4038,0.0026111111510545015
4039,0.0026111111510545015
4040,0.002722222125157714
4041,0.0035000001080334187
4042,0.003312499960884452
4043,0.002785714343190193
4044,0.0037499999161809683
4045,0.002166666556149721
4046,0.00342857139185071
4047,0.0024999999441206455
4048,0.0028076923917979
4049,0.0024999999441206455
4050,0.0024999999441206455
4051,0.0029545454308390617
4052,0.0030624999199062586
4053,0.0035000001080334187
4054,0.002937499899417162
4055,0.0020000000949949026
4056,0.003000000026077032
4057,0.003083333373069763
4058,0.0036249998956918716
4059,0.0033333334140479565
4060,0.002812500111758709
4061,0.0025500000920146704
4062,0.003100000089034438
4063,0.002461538417264819
4064,0.0027083333116024733
4065,0.0022083332296460867
4066,0.003192307660356164
4067,0.0037083332426846027
4068,0.0030454546213150024
4069,0.0031111110001802444
4070,0.0032222222071141005
4071,0.0035000001080334187
4072,0.0023333332501351833
4073,0.002850000048056245
4074,0.0023499999660998583
4075,0.0024999999441206455
4076,0.0020714285783469677
4077,0.0031874999403953552
4078,0.0021875000093132257
4079,0.00279999990016222
4080,0.0028181818779557943
4081,0.0026111111510545015
4082,0.00342857139185071
4083,0.0032500000670552254
4084,0.00283333333209157
4085,0.0023333332501351833
4086,0.0026000000070780516
4087,0.0024999999441206455
4088,0.0029090908356010914
4089,0.0022499999031424522
4090,0.0027916666585952044
4091,0.0031363635789602995
4092,0.003666666569188237
4093,0.002038461621850729
4094,0.002821428468450904
4095,0.0030357143841683865
4096,0.0028571428265422583
4097,0.003458333434537053
4098,0.002916666679084301
4099,0.0028750000055879354
4100,0.0031111110001802444
4101,0.0031250000465661287
4102,0.003000000026077032
4103,0.0039285714738070965
4104,0.0030624999199062586
4105,0.0024999999441206455
4106,0.003071428509429097
4107,0.0035000001080334187
4108,0.002899999963119626
4109,0.002400000113993883
4110,0.0031874999403953552
4111,0.0036249998956918716
4112,0.002785714343190193
4113,0.004000000189989805
4114,0.003000000026077032
4115,0.0033333334140479565
4116,0.003937500063329935
4117,0.002937499899417162
4118,0.002785714343190193
4119,0.0020000000949949026
4120,0.003000000026077032
4121,0.0032500000670552254
4122,0.004124999977648258
4123,0.002888888819143176
4124,0.0039285714738070965
4125,0.0024166665971279144
4126,0.004857142921537161
4127,0.0024166665971279144
4128,0.0020000000949949026
4129,0.0034166667610406876
4130,0.00419999985024333
4131,0.0035000001080334187
4132,0.003000000026077032
4133,0.002624999964609742
4134,0.002624999964609742
4135,0.004000000189989805
4136,0.004409091081470251
4137,0.003800000064074993
4138,0.004136363510042429
4139,0.003409090917557478
4140,0.0033499998971819878
4141,0.004090908914804459
4142,0.004166666883975267
4143,0.004136363510042429
4144,0.0035500000230968
4145,0.002624999964609742
4146,0.0037857142742723227
4147,0.0042500002309679985
4148,0.00491666654124856
4149,0.002812500111758709
4150,0.0033333334140479565
4151,0.0024444444570690393
4152,0.003100000089034438
4153,0.0028636364731937647
4154,0.0028181818779557943
4155,0.002454545348882675
4156,0.002772727282717824
4157,0.0031250000465661287
4158,0.0030499999411404133
4159,0.002928571542724967
4160,0.0030624999199062586
4161,0.00283333333209157
4162,0.003800000064074993
4163,0.0031250000465661287
4164,0.003100000089034438
4165,0.0038571427576243877
4166,0.0035454544704407454
4167,0.0035000001080334187
4168,0.0028750000055879354
4169,0.003888888983055949
4170,0.0032999999821186066
4171,0.0028750000055879354
4172,0.0037142857909202576
4173,0.0033333334140479565
4174,0.0033333334140479565
4175,0.0019444444915279746
4176,0.0031874999403953552
4177,0.0032500000670552254
4178,0.0031666667200624943
4179,0.0024285714607685804
4180,0.003555555595085025
4181,0.0032692307140678167
4182,0.0022727272007614374
4183,0.0032999999821186066
4184,0.002749999985098839
4185,0.002166666556149721
4186,0.0031500000040978193
4187,0.0024444444570690393
4188,0.0026499999221414328
4189,0.003000000026077032
4190,0.003000000026077032
4191,0.0022499999031424522
4192,0.003100000089034438
4193,0.002400000113993883
4194,0.002400000113993883
4195,0.0026666666381061077
4196,0.0025625000707805157
4197,0.0026000000070780516
4198,0.0023333332501351833
4199,0.002166666556149721
4200,0.002461538417264819
4201,0.0022692307829856873
4202,0.0027083333116024733
4203,0.0024999999441206455
4204,0.002888888819143176
4205,0.00283333333209157
4206,0.003375000087544322
4207,0.0024999999441206455
4208,0.0031999999191612005
4209,0.002400000113993883
4210,0.002944444539025426
4211,0.0020769231487065554
4212,0.002933333395048976
4213,0.0028437499422580004
4214,0.0029642856679856777
4215,0.0027142856270074844
4216,0.0026153845246881247
4217,0.0031538461335003376
4218,0.0032500000670552254
4219,0.0033888889010995626
4220,0.0026875000912696123
4221,0.004625000059604645
4222,0.004124999977648258
4223,0.004000000189989805
4224,0.002749999985098839
4225,0.003555555595085025
4226,0.003722222289070487
4227,0.004545454401522875
4228,0.004071428440511227
4229,0.005100000184029341
4230,0.003307692240923643
4231,0.0035000001080334187
4232,0.00419999985024333
4233,0.0030555555131286383
4234,0.0038499999791383743
4235,0.004714285489171743
4236,0.002785714343190193
4237,0.0037142857909202576
4238,0.0025714286603033543
4239,0.0035000001080334187
4240,0.002812500111758709
4241,0.0027142856270074844
4242,0.0024999999441206455
4243,0.002624999964609742
4244,0.0022499999031424522
4245,0.00283333333209157
4246,0.002812500111758709
4247,0.00283333333209157
4248,0.003071428509429097
4249,0.003000000026077032
4250,0.0034000000450760126
4251,0.0038333332631736994
4252,0.0022857142612338066
4253,0.0024999999441206455
4254,0.0024999999441206455
4255,0.002749999985098839
4256,0.0030499999411404133
4257,0.0028636364731937647
4258,0.003291666740551591
4259,0.003583333222195506
4260,0.0035714285913854837
4261,0.0028928571846336126
4262,0.002722222125157714
4263,0.004124999977648258
4264,0.0036249998956918716
4265,0.0039285714738070965
4266,0.002374999923631549
4267,0.002374999923631549
4268,0.003000000026077032
4269,0.0032999999821186066
4270,0.0026428571436554193
4271,0.0028181818779557943
4272,0.003071428509429097
4273,0.0031470588874071836
4274,0.0032250001095235348
4275,0.004095238167792559
4276,0.0031315789092332125
4277,0.0035000001080334187
4278,0.0031333332881331444
4279,0.0022499999031424522
4280,0.0035000001080334187
4281,0.003687500022351742
4282,0.0038571427576243877
4283,0.002749999985098839
4284,0.0032999999821186066
4285,0.0019285713788121939
4286,0.003722222289070487
4287,0.0030499999411404133
4288,0.0032307691872119904
4289,0.0023333332501351833
4290,0.0033666666131466627
4291,0.00342857139185071
4292,0.002928571542724967
4293,0.0032692307140678167
4294,0.0029230769723653793
4295,0.0027083333116024733
4296,0.002888888819143176
4297,0.002749999985098839
4298,0.0024999999441206455
4299,0.0031250000465661287
4300,0.0024999999441206455
4301,0.0023571427445858717
4302,0.0028181818779557943
4303,0.0027142856270074844
4304,0.0028928571846336126
4305,0.0032187500037252903
4306,0.0031764705199748278
4307,0.0025588234420865774
4308,0.0030882353894412518
4309,0.0024999999441206455
4310,0.0026363637298345566
4311,0.0025625000707805157
4312,0.002300000051036477
4313,0.0024999999441206455
4314,0.0018333332845941186
4315,0.0028750000055879354
4316,0.002374999923631549
4317,0.002749999985098839
4318,0.0024999999441206455
4319,0.0019374999683350325
4320,0.0032222222071141005
4321,0.0026499999221414328
4322,0.002624999964609742
4323,0.002541666617617011
4324,0.0031666667200624943
4325,0.0029545454308390617
4326,0.003458333434537053
4327,0.0031999999191612005
4328,0.002812500111758709
4329,0.0032500000670552254
4330,0.003000000026077032
4331,0.0025833332911133766
4332,0.0033333334140479565
4333,0.0032500000670552254
4334,0.0034000000450760126
4335,0.003285714192315936
4336,0.002950000111013651
4337,0.002545454539358616
4338,0.0023846153635531664
4339,0.0026666666381061077
4340,0.0033181817270815372
4341,0.002888888819143176
4342,0.003312499960884452
4343,0.0037142857909202576
4344,0.00283333333209157
4345,0.0024999999441206455
4346,0.0022499999031424522
4347,0.003599999938160181
4348,0.0023571427445858717
4349,0.002888888819143176
4350,0.0028750000055879354
4351,0.0032647058833390474
4352,0.0030882353894412518
4353,0.002968749962747097
4354,0.0022499999031424522
4355,0.0030384615529328585
4356,0.0024999999441206455
4357,0.003090908983722329
4358,0.0025909091345965862
4359,0.0032999999821186066
4360,0.002785714343190193
4361,0.002374999923631549
4362,0.0026000000070780516
4363,0.0034000000450760126
4364,0.00419999985024333
4365,0.002749999985098839
4366,0.002812500111758709
4367,0.0024999999441206455
4368,0.0023333332501351833
4369,0.002388888970017433
4370,0.0033499998971819878
4371,0.0034000000450760126
4372,0.004166666883975267
4373,0.002899999963119626
4374,0.0027000000700354576
4375,0.0035000001080334187
4376,0.00279999990016222
4377,0.003100000089034438
4378,0.0024285714607685804
4379,0.002722222125157714
4380,0.002749999985098839
4381,0.002363636391237378
4382,0.0031666667200624943
4383,0.002321428619325161
4384,0.0024999999441206455
4385,0.003642857074737549
4386,0.0032500000670552254
4387,0.002624999964609742
4388,0.003000000026077032
4389,0.003071428509429097
4390,0.003083333373069763
4391,0.00279999990016222
4392,0.0022857142612338066
4393,0.0026875000912696123
4394,0.0026875000912696123
4395,0.003000000026077032
4396,0.003611111082136631
4397,0.002400000113993883
4398,0.002400000113993883
4399,0.00279999990016222
4400,0.0029545454308390617
4401,0.0024999999441206455
4402,0.00431818189099431
4403,0.003100000089034438
4404,0.002749999985098839
4405,0.002545454539358616
4406,0.0034374999813735485
4407,0.0020000000949949026
4408,0.0021250001154839993
4409,0.003000000026077032
4410,0.0038333332631736994
4411,0.0030499999411404133
4412,0.003375000087544322
4413,0.0032307691872119904
4414,0.0038333332631736994
4415,0.002899999963119626
4416,0.003636363660916686
4417,0.003100000089034438
4418,0.00283333333209157
4419,0.003562500001862645
4420,0.0035500000230968
4421,0.003727272618561983
4422,0.003444444388151169
4423,0.0031666667200624943
4424,0.003444444388151169
4425,0.0026875000912696123
4426,0.0025500000920146704
4427,0.003650000086054206
4428,0.0026111111510545015
4429,0.002277777763083577
4430,0.0022499999031424522
4431,0.0019374999683350325
4432,0.002928571542724967
4433,0.002888888819143176
4434,0.0026111111510545015
4435,0.002749999985098839
4436,0.0027777778450399637
4437,0.002944444539025426
4438,0.002545454539358616
4439,0.0028636364731937647
4440,0.0026785715017467737
4441,0.0027666667010635138
4442,0.003083333373069763
4443,0.003000000026077032
4444,0.003818181809037924
4445,0.00215000007301569
4446,0.0026666666381061077
4447,0.002812500111758709
4448,0.0031250000465661287
4449,0.0019000000320374966
4450,0.004124999977648258
4451,0.0035000001080334187
4452,0.0044999998062849045
4453,0.003583333222195506
4454,0.004954545293003321
4455,0.0035714285913854837
4456,0.003733333433046937
4457,0.0034687500447034836
4458,0.003633333370089531
4459,0.004187500104308128
4460,0.004153846297413111
4461,0.0031071428675204515
4462,0.0035714285913854837
4463,0.003000000026077032
4464,0.002899999963119626
4465,0.004312499891966581
4466,0.003444444388151169
4467,0.0031874999403953552
4468,0.002950000111013651
4469,0.002950000111013651
4470,0.003285714192315936
4471,0.0024999999441206455
4472,0.0023076923098415136
4473,0.002781250048428774
4474,0.0027352941688150167
4475,0.003029411658644676
4476,0.0031999999191612005
4477,0.0028750000055879354
4478,0.0029615384992212057
4479,0.002538461470976472
4480,0.003076923079788685
4481,0.003653846215456724
4482,0.0038125000428408384
4483,0.00283333333209157
4484,0.0031666667200624943
4485,0.003937500063329935
4486,0.004611111246049404
4487,0.0048500001430511475
4488,0.003650000086054206
4489,0.004100000020116568
4490,0.0035909090656787157
4491,0.004681818187236786
4492,0.0038333332631736994
4493,0.0042500002309679985
4494,0.0031363635789602995
4495,0.0035909090656787157
4496,0.0030454546213150024
4497,0.0027777778450399637
4498,0.0030624999199062586
4499,0.0030555555131286383
4500,0.0028636364731937647
4501,0.002850000048056245
4502,0.002916666679084301
4503,0.00245833327062428
4504,0.0026875000912696123
4505,0.0022499999031424522
4506,0.0024999999441206455
4507,0.003583333222195506
4508,0.0027000000700354576
4509,0.0024999999441206455
4510,0.0031666667200624943
4511,0.0026666666381061077
4512,0.0027777778450399637
4513,0.003444444388151169
4514,0.0027777778450399637
4515,0.00422222213819623
4516,0.0037499999161809683
4517,0.0025625000707805157
4518,0.0037499999161809683
4519,0.003090908983722329
4520,0.0031999999191612005
4521,0.00215000007301569
4522,0.002749999985098839
4523,0.002749999985098839
4524,0.0021875000093132257
4525,0.0038125000428408384
4526,0.0038125000428408384
4527,0.004937500227242708
4528,0.002277777763083577
4529,0.0024999999441206455
4530,0.0026111111510545015
4531,0.002749999985098839
4532,0.0031500000040978193
4533,0.0019499999471008778
4534,0.003000000026077032
4535,0.0031250000465661287
4536,0.0033888889010995626
4537,0.0031999999191612005
4538,0.002277777763083577
4539,0.002888888819143176
4540,0.002812500111758709
4541,0.0023333332501351833
4542,0.0026363637298345566
4543,0.0030499999411404133
4544,0.002624999964609742
4545,0.0026499999221414328
4546,0.002888888819143176
4547,0.0033636363223195076
4548,0.0029642856679856777
4549,0.003192307660356164
4550,0.002928571542724967
4551,0.003874999936670065
4552,0.0034545455127954483
4553,0.0035000001080334187
4554,0.0030499999411404133
4555,0.0024090909864753485
4556,0.002812500111758709
4557,0.0024999999441206455
4558,0.0027142856270074844
4559,0.0027000000700354576
4560,0.0031666667200624943
4561,0.0027916666585952044
4562,0.002772727282717824
4563,0.002454545348882675
4564,0.0033333334140479565
4565,0.0029090908356010914
4566,0.00215000007301569
4567,0.0023499999660998583
4568,0.0027000000700354576
4569,0.0026818180922418833
4570,0.003409090917557478
4571,0.0023333332501351833
4572,0.00322727276943624
4573,0.0038333332631736994
4574,0.002899999963119626
4575,0.00279999990016222
4576,0.0028181818779557943
4577,0.0024999999441206455
4578,0.002749999985098839
4579,0.0026428571436554193
4580,0.002916666679084301
4581,0.003666666569188237
4582,0.0024999999441206455
4583,0.0018749999580904841
4584,0.0018749999580904841
4585,0.0022499999031424522
4586,0.003071428509429097
4587,0.002812500111758709
4588,0.002437500050291419
4589,0.002888888819143176
4590,0.003071428509429097
4591,0.002899999963119626
4592,0.0032500000670552254
4593,0.0024500000290572643
4594,0.002624999964609742
4595,0.0027000000700354576
4596,0.002749999985098839
4597,0.002772727282717824
4598,0.003100000089034438
4599,0.0024444444570690393
4600,0.002400000113993883
4601,0.0023333332501351833
4602,0.002950000111013651
4603,0.002624999964609742
4604,0.0025500000920146704
4605,0.003000000026077032
4606,0.0021875000093132257
4607,0.0020000000949949026
4608,0.0026666666381061077
4609,0.0025555556640028954
4610,0.003777777776122093
4611,0.003083333373069763
4612,0.0033181817270815372
4613,0.0044545456767082214
4614,0.004000000189989805
4615,0.003000000026077032
4616,0.003888888983055949
4617,0.004550000187009573
4618,0.004388888832181692
4619,0.0038499999791383743
4620,0.0035500000230968
4621,0.004055555444210768
4622,0.004545454401522875
4623,0.004208333324640989
4624,0.004000000189989805
4625,0.0038999998942017555
4626,0.003291666740551591
4627,0.0033636363223195076
4628,0.00427777785807848
4629,0.0035000001080334187
4630,0.002928571542724967
4631,0.0042500002309679985
4632,0.0038999998942017555
4633,0.0024999999441206455
4634,0.002624999964609742
4635,0.003000000026077032
4636,0.0024500000290572643
4637,0.002454545348882675
4638,0.0029583333525806665
4639,0.0041923075914382935
4640,0.002821428468450904
4641,0.0029642856679856777
4642,0.0025333333760499954
4643,0.0023181817959994078
4644,0.002749999985098839
4645,0.003083333373069763
4646,0.0032500000670552254
4647,0.0032222222071141005
4648,0.002812500111758709
4649,0.003100000089034438
4650,0.003449999960139394
4651,0.0035000001080334187
4652,0.00279999990016222
4653,0.00430000014603138
4654,0.0026875000912696123
4655,0.0035000001080334187
4656,0.003291666740551591
4657,0.0034166667610406876
4658,0.0035357142332941294
4659,0.0032500000670552254
4660,0.0035000001080334187
4661,0.002888888819143176
4662,0.0036249998956918716
4663,0.003312499960884452
4664,0.002944444539025426
4665,0.002437500050291419
4666,0.002749999985098839
4667,0.0027142856270074844
4668,0.0028571428265422583
4669,0.003357142908498645
4670,0.00342857139185071
4671,0.0021875000093132257
4672,0.003000000026077032
4673,0.0026363637298345566
4674,0.002785714343190193
4675,0.0026818180922418833
4676,0.00320833339355886
4677,0.002928571542724967
4678,0.0031153846066445112
4679,0.003192307660356164
4680,0.0030454546213150024
4681,0.00320833339355886
4682,0.004818181972950697
4683,0.003777777776122093
4684,0.004999999888241291
4685,0.003642857074737549
4686,0.003142857225611806
4687,0.004749999847263098
4688,0.0030555555131286383
4689,0.003888888983055949
4690,0.003000000026077032
4691,0.0037499999161809683
4692,0.003650000086054206
4693,0.004050000105053186
4694,0.0035000001080334187
4695,0.002624999964609742
4696,0.0038125000428408384
4697,0.002749999985098839
4698,0.0032500000670552254
4699,0.0042500002309679985
4700,0.0028750000055879354
4701,0.0031666667200624943
4702,0.0034000000450760126
4703,0.003083333373069763
4704,0.0024166665971279144
4705,0.003071428509429097
4706,0.002928571542724967
4707,0.0025714286603033543
4708,0.0024285714607685804
4709,0.0026875000912696123
4710,0.0026111111510545015
4711,0.0030357143841683865
4712,0.002538461470976472
4713,0.0032500000670552254
4714,0.0029090908356010914
4715,0.002454545348882675
4716,0.0030499999411404133
4717,0.0036818182561546564
4718,0.002166666556149721
4719,0.002199999988079071
4720,0.002749999985098839
4721,0.0031666667200624943
4722,0.003090908983722329
4723,0.00283333333209157
4724,0.003100000089034438
4725,0.0033928570337593555
4726,0.003058823524042964
4727,0.0027941176667809486
4728,0.00385294109582901
4729,0.003666666569188237
4730,0.003307692240923643
4731,0.003000000026077032
4732,0.0042500002309679985
4733,0.0037727272137999535
4734,0.0031500000040978193
4735,0.003000000026077032
4736,0.004307692404836416
4737,0.003888888983055949
4738,0.0031250000465661287
4739,0.00283333333209157
4740,0.003444444388151169
4741,0.003863636404275894
4742,0.004590908996760845
4743,0.0038846153765916824
4744,0.0031153846066445112
4745,0.003285714192315936
4746,0.003142857225611806
4747,0.003384615294635296
4748,0.0031153846066445112
4749,0.0030416666995733976
4750,0.002722222125157714
4751,0.0026666666381061077
4752,0.0032500000670552254
4753,0.002624999964609742
4754,0.0031999999191612005
4755,0.003083333373069763
4756,0.003083333373069763
4757,0.002300000051036477
4758,0.002916666679084301
4759,0.0032500000670552254
4760,0.002363636391237378
4761,0.0031500000040978193
4762,0.00215000007301569
4763,0.003599999938160181
4764,0.0026111111510545015
4765,0.002545454539358616
4766,0.0026818180922418833
4767,0.0031999999191612005
4768,0.002388888970017433
4769,0.002950000111013651
4770,0.0030499999411404133
4771,0.00213636364787817
4772,0.00279999990016222
4773,0.002812500111758709
4774,0.0032500000670552254
4775,0.003083333373069763
4776,0.0028571428265422583
4777,0.003000000026077032
4778,0.0022499999031424522
4779,0.0031111110001802444
4780,0.0033888889010995626
4781,0.002277777763083577
4782,0.00283333333209157
4783,0.0032777776941657066
4784,0.0031874999403953552
4785,0.0023571427445858717
4786,0.002142857061699033
4787,0.0025625000707805157
4788,0.003000000026077032
4789,0.002928571542724967
4790,0.0032500000670552254
4791,0.0026666666381061077
4792,0.0026666666381061077
4793,0.0024999999441206455
4794,0.0026428571436554193
4795,0.003214285708963871
4796,0.0028750000055879354
4797,0.003090908983722329
4798,0.002733333269134164
4799,0.0026562500279396772
4800,0.00286666676402092
4801,0.0025714286603033543
4802,0.0026785715017467737
4803,0.002535714302212
4804,0.003700000001117587
4805,0.002722222125157714
4806,0.00283333333209157
4807,0.0022857142612338066
4808,0.003083333373069763
4809,0.0034000000450760126
4810,0.002400000113993883
4811,0.003916666842997074
4812,0.0026666666381061077
4813,0.0024166665971279144
4814,0.0032500000670552254
4815,0.0031250000465661287
4816,0.003562500001862645
4817,0.0035000001080334187
4818,0.0032500000670552254
4819,0.002749999985098839
4820,0.002916666679084301
4821,0.00283333333209157
4822,0.002624999964609742
4823,0.00342857139185071
4824,0.003285714192315936
4825,0.003071428509429097
4826,0.003000000026077032
4827,0.0030624999199062586
4828,0.002928571542724967
4829,0.0033333334140479565
4830,0.002937499899417162
4831,0.003449999960139394
4832,0.0034000000450760126
4833,0.002772727282717824
4834,0.0027916666585952044
4835,0.0026499999221414328
4836,0.0030454546213150024
4837,0.003000000026077032
4838,0.00279999990016222
4839,0.002400000113993883
4840,0.0024444444570690393
4841,0.0035000001080334187
4842,0.003000000026077032
4843,0.003357142908498645
4844,0.002142857061699033
4845,0.00279999990016222
4846,0.002199999988079071
4847,0.0023571427445858717
4848,0.0026666666381061077
4849,0.0025714286603033543
4850,0.0026499999221414328
4851,0.002899999963119626
4852,0.003583333222195506
4853,0.003090908983722329
4854,0.0032222222071141005
4855,0.004428571555763483
4856,0.003214285708963871
4857,0.004000000189989805
4858,0.004285714123398066
4859,0.004562499932944775
4860,0.005125000141561031
4861,0.0030555555131286383
4862,0.003375000087544322
4863,0.004000000189989805
4864,0.002899999963119626
4865,0.0027272726874798536
4866,0.0035000001080334187
4867,0.002166666556149721
4868,0.0032777776941657066
4869,0.0031111110001802444
4870,0.0026428571436554193
4871,0.0031666667200624943
4872,0.002928571542724967
4873,0.002785714343190193
4874,0.0022857142612338066
4875,0.0022499999031424522
4876,0.002749999985098839
4877,0.0020000000949949026
4878,0.003000000026077032
4879,0.0026428571436554193
4880,0.003375000087544322
4881,0.002749999985098839
4882,0.002166666556149721
4883,0.002899999963119626
4884,0.0026499999221414328
4885,0.0031999999191612005
4886,0.002222222276031971
4887,0.002812500111758709
4888,0.0031666667200624943
4889,0.0031500000040978193
4890,0.0029583333525806665
4891,0.0024999999441206455
4892,0.0024500000290572643
4893,0.0031666667200624943
4894,0.0032777776941657066
4895,0.0025625000707805157
4896,0.0029545454308390617
4897,0.0029545454308390617
4898,0.0036818182561546564
4899,0.0034615383483469486
4900,0.0034000000450760126
4901,0.002624999964609742
4902,0.004111111164093018
4903,0.0036249998956918716
4904,0.0034166667610406876
4905,0.0026111111510545015
4906,0.0032500000670552254
4907,0.0031874999403953552
4908,0.002944444539025426
4909,0.003285714192315936
4910,0.0031999999191612005
4911,0.0031363635789602995
4912,0.004136363510042429
4913,0.0037692307960242033
4914,0.003214285708963871
4915,0.0024999999441206455
4916,0.0023125000298023224
4917,0.0030555555131286383
4918,0.0024285714607685804
4919,0.0035000001080334187
4920,0.0027142856270074844
4921,0.002166666556149721
4922,0.0022499999031424522
4923,0.002166666556149721
4924,0.0026666666381061077
4925,0.0033181817270815372
4926,0.003555555595085025
4927,0.003599999938160181
4928,0.0030454546213150024
4929,0.003285714192315936
4930,0.003214285708963871
4931,0.003285714192315936
4932,0.003312499960884452
4933,0.0038125000428408384
4934,0.0037142857909202576
4935,0.0034374999813735485
4936,0.002888888819143176
4937,0.004000000189989805
4938,0.0035000001080334187
4939,0.00245833327062428
4940,0.0032999999821186066
4941,0.0029090908356010914
4942,0.00320833339355886
4943,0.003375000087544322
4944,0.0025555556640028954
4945,0.0042500002309679985
4946,0.00279999990016222
4947,0.0033636363223195076
4948,0.003611111082136631
4949,0.0021875000093132257
4950,0.0022142857778817415
4951,0.003142857225611806
4952,0.0028750000055879354
4953,0.0032222222071141005
4954,0.002899999963119626
4955,0.003000000026077032
4956,0.002888888819143176
4957,0.003285714192315936
4958,0.0026875000912696123
4959,0.003100000089034438
4960,0.0035000001080334187
4961,0.0035000001080334187
4962,0.003000000026077032
4963,0.0026000000070780516
4964,0.003214285708963871
4965,0.002944444539025426
4966,0.0024999999441206455
4967,0.002772727282717824
4968,0.003000000026077032
4969,0.0032999999821186066
4970,0.00283333333209157
4971,0.003800000064074993
4972,0.003444444388151169
4973,0.002850000048056245
4974,0.0026363637298345566
4975,0.0035454544704407454
4976,0.00322727276943624
4977,0.0032500000670552254
4978,0.0029545454308390617
4979,0.0028750000055879354
4980,0.0023333332501351833
4981,0.003090908983722329
4982,0.0024999999441206455
4983,0.0025555556640028954
4984,0.0026666666381061077
4985,0.0031874999403953552
4986,0.003874999936670065
4987,0.0029090908356010914
4988,0.0032500000670552254
4989,0.0032222222071141005
4990,0.002722222125157714
4991,0.003375000087544322
4992,0.003375000087544322
4993,0.0025833332911133766
4994,0.002749999985098839
4995,0.003000000026077032
4996,0.004437500145286322
4997,0.0031874999403953552
4998,0.002624999964609742
4999,0.003700000001117587
5000,0.0034000000450760126
5001,0.003458333434537053
5002,0.0033333334140479565
5003,0.004625000059604645
5004,0.0037499999161809683
5005,0.003650000086054206
5006,0.004312499891966581
5007,0.003083333373069763
5008,0.003000000026077032
5009,0.0031999999191612005
5010,0.003666666569188237
5011,0.003449999960139394
5012,0.003650000086054206
5013,0.0031999999191612005
5014,0.0032222222071141005
5015,0.0038499999791383743
5016,0.0032727273646742105
5017,0.0030384615529328585
5018,0.0032692307140678167
5019,0.0032307691872119904
5020,0.0031999999191612005
5021,0.00320833339355886
5022,0.002772727282717824
5023,0.0026000000070780516
5024,0.002888888819143176
5025,0.0025555556640028954
5026,0.003000000026077032
5027,0.002850000048056245
5028,0.0018636363092809916
5029,0.0029583333525806665
5030,0.0028181818779557943
5031,0.00279999990016222
5032,0.003090908983722329
5033,0.0029090908356010914
5034,0.002888888819143176
5035,0.002166666556149721
5036,0.002437500050291419
5037,0.003214285708963871
5038,0.0023333332501351833
5039,0.00279999990016222
5040,0.003214285708963871
5041,0.002055555582046509
5042,0.0031250000465661287
5043,0.0034374999813735485
5044,0.0025714286603033543
5045,0.0032500000670552254
5046,0.0026875000912696123
5047,0.0025555556640028954
5048,0.00283333333209157
5049,0.0027307693380862474
5050,0.0022499999031424522
5051,0.00322727276943624
5052,0.0028461539186537266
5053,0.003000000026077032
5054,0.002541666617617011
5055,0.002749999985098839
5056,0.0035454544704407454
5057,0.0031363635789602995
5058,0.0028750000055879354
5059,0.0030454546213150024
5060,0.0028181818779557943
5061,0.0024230768904089928
5062,0.002749999985098839
5063,0.0031538461335003376
5064,0.0035000001080334187
5065,0.0023076923098415136
5066,0.0029090908356010914
5067,0.0031363635789602995
5068,0.002944444539025426
5069,0.002624999964609742
5070,0.0031250000465661287
5071,0.0038571427576243877
5072,0.0036249998956918716
5073,0.004285714123398066
5074,0.0023571427445858717
5075,0.003071428509429097
5076,0.0031250000465661287
5077,0.0026428571436554193
5078,0.003937500063329935
5079,0.0018749999580904841
5080,0.00342857139185071
5081,0.003722222289070487
5082,0.0030499999411404133
5083,0.0023499999660998583
5084,0.003100000089034438
5085,0.0017777777975425124
5086,0.002888888819143176
5087,0.0035000001080334187
5088,0.004749999847263098
5089,0.0027142856270074844
5090,0.003214285708963871
5091,0.0037142857909202576
5092,0.0035000001080334187
5093,0.0033928570337593555
5094,0.003384615294635296
5095,0.0037727272137999535
5096,0.0028928571846336126
5097,0.003678571432828903
5098,0.0038333332631736994
5099,0.0031666667200624943
5100,0.0044999998062849045
5101,0.002928571542724967
5102,0.002199999988079071
5103,0.003583333222195506
5104,0.005071428604424
5105,0.004650000017136335
5106,0.0036249998956918716
5107,0.003357142908498645
5108,0.0029642856679856777
5109,0.0037083332426846027
5110,0.0032222222071141005
5111,0.0026818180922418833
5112,0.003291666740551591
5113,0.0033499998971819878
5114,0.003458333434537053
5115,0.00320833339355886
5116,0.003818181809037924
5117,0.003555555595085025
5118,0.0022857142612338066
5119,0.002624999964609742
5120,0.002785714343190193
5121,0.0024999999441206455
5122,0.003375000087544322
5123,0.0035500000230968
5124,0.003863636404275894
5125,0.0027000000700354576
5126,0.0034166667610406876
5127,0.0033636363223195076
5128,0.003000000026077032
5129,0.0025909091345965862
5130,0.0024999999441206455
5131,0.0032777776941657066
5132,0.0028750000055879354
5133,0.004749999847263098
5134,0.003083333373069763
5135,0.00430000014603138
5136,0.002928571542724967
5137,0.0028750000055879354
5138,0.0031250000465661287
5139,0.003777777776122093
5140,0.003444444388151169
5141,0.003000000026077032
5142,0.004149999935179949
5143,0.004875000100582838
5144,0.004416666459292173
5145,0.003000000026077032
5146,0.0036249998956918716
5147,0.003562500001862645
5148,0.0031111110001802444
5149,0.0035714285913854837
5150,0.0037857142742723227
5151,0.0037499999161809683
5152,0.005111111328005791
5153,0.0047222222201526165
5154,0.003863636404275894
5155,0.003944444470107555
5156,0.00431818189099431
5157,0.004181818105280399
5158,0.0063333334401249886
5159,0.0062307692132890224
5160,0.009916666895151138
5161,0.012125000357627869
5162,0.005400000140070915
5163,0.011850000359117985
5164,0.004714285489171743
5165,0.004833333194255829
5166,0.0063333334401249886
5167,0.0069444444961845875
5168,0.00422222213819623
5169,0.005772727075964212
5170,0.006090909242630005
5171,0.004363636486232281
5172,0.004807692486792803
5173,0.004124999977648258
5174,0.0035000001080334187
5175,0.004000000189989805
5176,0.0033181817270815372
5177,0.004149999935179949
5178,0.005350000225007534
5179,0.003937500063329935
5180,0.004999999888241291
5181,0.003916666842997074
5182,0.003357142908498645
5183,0.002937499899417162
5184,0.0042500002309679985
5185,0.0035000001080334187
5186,0.0029615384992212057
5187,0.0025833332911133766
5188,0.0026818180922418833
5189,0.0023499999660998583
5190,0.002388888970017433
5191,0.002749999985098839
5192,0.0026363637298345566
5193,0.002277777763083577
5194,0.0025714286603033543
5195,0.002785714343190193
5196,0.003000000026077032
5197,0.0022499999031424522
5198,0.003083333373069763
5199,0.0034166667610406876
5200,0.0027000000700354576
5201,0.003650000086054206
5202,0.0032999999821186066
5203,0.002363636391237378
5204,0.0027916666585952044
5205,0.0028636364731937647
5206,0.0022499999031424522
5207,0.002749999985098839
5208,0.003083333373069763
5209,0.003285714192315936
5210,0.0020000000949949026
5211,0.0026666666381061077
5212,0.0031111110001802444
5213,0.002937499899417162
5214,0.0033333334140479565
5215,0.002850000048056245
5216,0.0037083332426846027
5217,0.0042307693511247635
5218,0.003607142949476838
5219,0.003285714192315936
5220,0.0033666666131466627
5221,0.0039230771362781525
5222,0.0037083332426846027
5223,0.003944444470107555
5224,0.003944444470107555
5225,0.005333333276212215
5226,0.004333333112299442
5227,0.004999999888241291
5228,0.004399999976158142
5229,0.003666666569188237
5230,0.006000000052154064
5231,0.00342857139185071
5232,0.0035000001080334187
5233,0.0035769231617450714
5234,0.0036249998956918716
5235,0.004615384619683027
5236,0.004466666840016842
5237,0.003000000026077032
5238,0.003071428509429097
5239,0.002884615445509553
5240,0.0024999999441206455
5241,0.003599999938160181
5242,0.0031666667200624943
5243,0.00283333333209157
5244,0.003000000026077032
5245,0.002937499899417162
5246,0.0026875000912696123
5247,0.002899999963119626
5248,0.0024999999441206455
5249,0.0022499999031424522
5250,0.002541666617617011
5251,0.002850000048056245
5252,0.0024999999441206455
5253,0.0030499999411404133
5254,0.0026111111510545015
5255,0.0031666667200624943
5256,0.003000000026077032
5257,0.0026000000070780516
5258,0.0032500000670552254
5259,0.0035000001080334187
5260,0.004100000020116568
5261,0.0020000000949949026
5262,0.0031999999191612005
5263,0.0024166665971279144
5264,0.003000000026077032
5265,0.003722222289070487
5266,0.0035000001080334187
5267,0.0036923077423125505
5268,0.0031538461335003376
5269,0.0026923075783997774
5270,0.004000000189989805
5271,0.003100000089034438
5272,0.0033499998971819878
5273,0.003722222289070487
5274,0.005055555608123541
5275,0.0030454546213150024
5276,0.003000000026077032
5277,0.003800000064074993
5278,0.002888888819143176
5279,0.003777777776122093
5280,0.002888888819143176
5281,0.0031363635789602995
5282,0.00431818189099431
5283,0.0034000000450760126
5284,0.003555555595085025
5285,0.0024999999441206455
5286,0.0038333332631736994
5287,0.002749999985098839
5288,0.00318181817419827
5289,0.003100000089034438
5290,0.0032307691872119904
5291,0.002461538417264819
5292,0.002374999923631549
5293,0.0033461537677794695
5294,0.003000000026077032
5295,0.0034615383483469486
5296,0.003000000026077032
5297,0.0026923075783997774
5298,0.0032500000670552254
5299,0.002785714343190193
5300,0.0026363637298345566
5301,0.003090908983722329
5302,0.0025500000920146704
5303,0.0025555556640028954
5304,0.002062499988824129
5305,0.0026499999221414328
5306,0.0026818180922418833
5307,0.0029090908356010914
5308,0.002785714343190193
5309,0.0027916666585952044
5310,0.0028461539186537266
5311,0.002321428619325161
5312,0.0031666667200624943
5313,0.0027666667010635138
5314,0.0031071428675204515
5315,0.0025714286603033543
5316,0.002749999985098839
5317,0.0023333332501351833
5318,0.002722222125157714
5319,0.0035000001080334187
5320,0.0020909090526401997
5321,0.0028181818779557943
5322,0.0025833332911133766
5323,0.0031250000465661287
5324,0.0035000001080334187
5325,0.0028636364731937647
5326,0.0033333334140479565
5327,0.00322727276943624
5328,0.00279999990016222
5329,0.0028750000055879354
5330,0.004399999976158142
5331,0.0024166665971279144
5332,0.004600000102072954
5333,0.0032999999821186066
5334,0.002374999923631549
5335,0.0035714285913854837
5336,0.0038571427576243877
5337,0.003214285708963871
5338,0.004357142839580774
5339,0.0034374999813735485
5340,0.002944444539025426
5341,0.0033333334140479565
5342,0.00385294109582901
5343,0.003764705965295434
5344,0.003687500022351742
5345,0.0027916666585952044
5346,0.003666666569188237
5347,0.0029090908356010914
5348,0.00430000014603138
5349,0.003800000064074993
5350,0.003409090917557478
5351,0.002937499899417162
5352,0.0024285714607685804
5353,0.002888888819143176
5354,0.0026000000070780516
5355,0.0025909091345965862
5356,0.0025833332911133766
5357,0.0027083333116024733
5358,0.002821428468450904
5359,0.0025714286603033543
5360,0.003000000026077032
5361,0.002199999988079071
5362,0.002722222125157714
5363,0.0026818180922418833
5364,0.0030499999411404133
5365,0.003000000026077032
5366,0.0030499999411404133
5367,0.0027000000700354576
5368,0.0026818180922418833
5369,0.003000000026077032
5370,0.003541666781529784
5371,0.0028636364731937647
5372,0.0026923075783997774
5373,0.0026153845246881247
5374,0.0028750000055879354
5375,0.002545454539358616
5376,0.0026818180922418833
5377,0.00322727276943624
5378,0.002454545348882675
5379,0.003000000026077032
5380,0.0032500000670552254
5381,0.0027142856270074844
5382,0.0030555555131286383
5383,0.003000000026077032
5384,0.003214285708963871
5385,0.0027777778450399637
5386,0.0033181817270815372
5387,0.0030454546213150024
5388,0.004000000189989805
5389,0.0033333334140479565
5390,0.00427777785807848
5391,0.0032777776941657066
5392,0.003285714192315936
5393,0.0025625000707805157
5394,0.003000000026077032
5395,0.00279999990016222
5396,0.0026666666381061077
5397,0.003636363660916686
5398,0.0032500000670552254
5399,0.0027777778450399637
5400,0.00322727276943624
5401,0.005045454483479261
5402,0.003409090917557478
5403,0.0034166667610406876
5404,0.0031666667200624943
5405,0.0025714286603033543
5406,0.003214285708963871
5407,0.0032777776941657066
5408,0.004062499850988388
5409,0.0035714285913854837
5410,0.0037499999161809683
5411,0.004333333112299442
5412,0.0036249998956918716
5413,0.0054374998435378075
5414,0.005285714287310839
5415,0.0044999998062849045
5416,0.004812499973922968
5417,0.0036249998956918716
5418,0.005944444332271814
5419,0.00559999980032444
5420,0.00427272729575634
5421,0.003599999938160181
5422,0.004388888832181692
5423,0.003777777776122093
5424,0.003583333222195506
5425,0.003100000089034438
5426,0.0033333334140479565
5427,0.0028571428265422583
5428,0.0032500000670552254
5429,0.0030499999411404133
5430,0.0035000001080334187
5431,0.0031538461335003376
5432,0.0029583333525806665
5433,0.0035000001080334187
5434,0.004115384537726641
5435,0.0036249998956918716
5436,0.0036923077423125505
5437,0.0027777778450399637
5438,0.003312499960884452
5439,0.0033333334140479565
5440,0.003000000026077032
5441,0.0020714285783469677
5442,0.003000000026077032
5443,0.003071428509429097
5444,0.0022142857778817415
5445,0.002785714343190193
5446,0.0023333332501351833
5447,0.003214285708963871
5448,0.0026666666381061077
5449,0.002388888970017433
5450,0.0023333332501351833
5451,0.0028571428265422583
5452,0.0038333332631736994
5453,0.0024999999441206455
5454,0.0034000000450760126
5455,0.003000000026077032
5456,0.002749999985098839
5457,0.00283333333209157
5458,0.0024999999441206455
5459,0.0025555556640028954
5460,0.0024999999441206455
5461,0.0035000001080334187
5462,0.0031111110001802444
5463,0.004000000189989805
5464,0.0031500000040978193
5465,0.003777777776122093
5466,0.0023333332501351833
5467,0.0042500002309679985
5468,0.0037857142742723227
5469,0.0032999999821186066
5470,0.004416666459292173
5471,0.0032999999821186066
5472,0.004071428440511227
5473,0.0031666667200624943
5474,0.003642857074737549
5475,0.004590908996760845
5476,0.0042307693511247635
5477,0.004607142880558968
5478,0.0042500002309679985
5479,0.004208333324640989
5480,0.0033666666131466627
5481,0.0036249998956918716
5482,0.0034666666761040688
5483,0.004714285489171743
5484,0.0028636364731937647
5485,0.0029545454308390617
5486,0.003700000001117587
5487,0.004583333153277636
5488,0.004214285872876644
5489,0.003642857074737549
5490,0.0036249998956918716
5491,0.0025500000920146704
5492,0.003100000089034438
5493,0.0033333334140479565
5494,0.003000000026077032
5495,0.0032777776941657066
5496,0.0023846153635531664
5497,0.0030416666995733976
5498,0.0032500000670552254
5499,0.0021250001154839993
5500,0.0035000001080334187
5501,0.003000000026077032
5502,0.0022142857778817415
5503,0.0033333334140479565
5504,0.002277777763083577
5505,0.002374999923631549
5506,0.0024999999441206455
5507,0.002812500111758709
5508,0.0026000000070780516
5509,0.0026818180922418833
5510,0.0029090908356010914
5511,0.0028636364731937647
5512,0.0034374999813735485
5513,0.002950000111013651
5514,0.003555555595085025
5515,0.003449999960139394
5516,0.003555555595085025
5517,0.003687500022351742
5518,0.0035000001080334187
5519,0.003555555595085025
5520,0.004285714123398066
5521,0.004214285872876644
5522,0.0037857142742723227
5523,0.003916666842997074
5524,0.003000000026077032
5525,0.004214285872876644
5526,0.0043750000186264515
5527,0.005187499802559614
5528,0.004000000189989805
5529,0.0036249998956918716
5530,0.0038125000428408384
5531,0.005222222302109003
5532,0.0024444444570690393
5533,0.0031874999403953552
5534,0.003449999960139394
5535,0.0038999998942017555
5536,0.002899999963119626
5537,0.0024166665971279144
5538,0.0035000001080334187
5539,0.0032307691872119904
5540,0.003071428509429097
5541,0.0028571428265422583
5542,0.0029615384992212057
5543,0.002593749901279807
5544,0.003192307660356164
5545,0.0030454546213150024
5546,0.002944444539025426
5547,0.0031999999191612005
5548,0.003375000087544322
5549,0.0026666666381061077
5550,0.002899999963119626
5551,0.004000000189989805
5552,0.0035000001080334187
5553,0.0030624999199062586
5554,0.0031999999191612005
5555,0.003000000026077032
5556,0.003090908983722329
5557,0.0023846153635531664
5558,0.0023846153635531664
5559,0.002785714343190193
5560,0.002916666679084301
5561,0.0022142857778817415
5562,0.0024999999441206455
5563,0.002850000048056245
5564,0.0032999999821186066
5565,0.0024999999441206455
5566,0.0028750000055879354
5567,0.003650000086054206
5568,0.0032500000670552254
5569,0.0026818180922418833
5570,0.0030333332251757383
5571,0.0023846153635531664
5572,0.0034615383483469486
5573,0.002291666576638818
5574,0.003076923079788685
5575,0.0027916666585952044
5576,0.003000000026077032
5577,0.002062499988824129
5578,0.0030499999411404133
5579,0.0035000001080334187
5580,0.0034166667610406876
5581,0.003312499960884452
5582,0.0028571428265422583
5583,0.0031874999403953552
5584,0.0034166667610406876
5585,0.0037727272137999535
5586,0.003666666569188237
5587,0.004090908914804459
5588,0.0038499999791383743
5589,0.0033181817270815372
5590,0.0034000000450760126
5591,0.003375000087544322
5592,0.003000000026077032
5593,0.0034000000450760126
5594,0.0032999999821186066
5595,0.002850000048056245
5596,0.002899999963119626
5597,0.00320833339355886
5598,0.003449999960139394
5599,0.0028750000055879354
5600,0.0026666666381061077
5601,0.0021250001154839993
5602,0.0026428571436554193
5603,0.0031250000465661287
5604,0.0020909090526401997
5605,0.002722222125157714
5606,0.002050000010058284
5607,0.0024500000290572643
5608,0.002400000113993883
5609,0.003000000026077032
5610,0.0023333332501351833
5611,0.0023571427445858717
5612,0.00245833327062428
5613,0.0029545454308390617
5614,0.002850000048056245
5615,0.003100000089034438
5616,0.003100000089034438
5617,0.0031666667200624943
5618,0.0031111110001802444
5619,0.003800000064074993
5620,0.003642857074737549
5621,0.0024999999441206455
5622,0.003214285708963871
5623,0.0035000001080334187
5624,0.0029090908356010914
5625,0.002454545348882675
5626,0.0026111111510545015
5627,0.00322727276943624
5628,0.003541666781529784
5629,0.0034230768214911222
5630,0.003730769269168377
5631,0.0031333332881331444
5632,0.004466666840016842
5633,0.0034000000450760126
5634,0.004000000189989805
5635,0.0033333334140479565
5636,0.0036818182561546564
5637,0.002722222125157714
5638,0.002222222276031971
5639,0.0031250000465661287
5640,0.0035714285913854837
5641,0.004187500104308128
5642,0.002749999985098839
5643,0.003818181809037924
5644,0.0032999999821186066
5645,0.003444444388151169
5646,0.002749999985098839
5647,0.002400000113993883
5648,0.003357142908498645
5649,0.002166666556149721
5650,0.0035000001080334187
5651,0.003611111082136631
5652,0.003285714192315936
5653,0.003071428509429097
5654,0.003000000026077032
5655,0.0031666667200624943
5656,0.003687500022351742
5657,0.004000000189989805
5658,0.0030555555131286383
5659,0.0025500000920146704
5660,0.003874999936670065
5661,0.0022142857778817415
5662,0.0014375000027939677
5663,0.003000000026077032
5664,0.002624999964609742
5665,0.003000000026077032
5666,0.002374999923631549
5667,0.0022857142612338066
5668,0.003000000026077032
5669,0.0027000000700354576
5670,0.0016250000335276127
5671,0.003700000001117587
5672,0.003000000026077032
5673,0.0042500002309679985
5674,0.0035000001080334187
5675,0.003285714192315936
5676,0.0022499999031424522
5677,0.003777777776122093
5678,0.0021250001154839993
5679,0.0036249998956918716
5680,0.004166666883975267
5681,0.002722222125157714
5682,0.0024999999441206455
5683,0.003000000026077032
5684,0.0027083333116024733
5685,0.0029583333525806665
5686,0.0032500000670552254
5687,0.003076923079788685
5688,0.002454545348882675
5689,0.002454545348882675
5690,0.0027916666585952044
5691,0.003666666569188237
5692,0.0030454546213150024
5693,0.0034545455127954483
5694,0.0032777776941657066
5695,0.0032500000670552254
5696,0.0035000001080334187
5697,0.0030499999411404133
5698,0.0031111110001802444
5699,0.003777777776122093
5700,0.002722222125157714
5701,0.002749999985098839
5702,0.0027777778450399637
5703,0.0035000001080334187
5704,0.0025833332911133766
5705,0.002950000111013651
5706,0.00279999990016222
5707,0.002722222125157714
5708,0.0026875000912696123
5709,0.002944444539025426
5710,0.002749999985098839
5711,0.0037499999161809683
5712,0.003000000026077032
5713,0.0018333332845941186
5714,0.001500000013038516
5715,0.0010000000474974513
5716,0.0033333334140479565
5717,0.002749999985098839
5718,0.00279999990016222
5719,0.00342857139185071
5720,0.003000000026077032
5721,0.0022272728383541107
5722,0.0029583333525806665
5723,0.0032999999821186066
5724,0.0032777776941657066
5725,0.003555555595085025
5726,0.003312499960884452
5727,0.002812500111758709
5728,0.0020000000949949026
5729,0.003000000026077032
5730,0.003083333373069763
5731,0.0032999999821186066
5732,0.002937499899417162
5733,0.0035000001080334187
5734,0.003100000089034438
5735,0.0030357143841683865
5736,0.0033666666131466627
5737,0.004000000189989805
5738,0.003961538430303335
5739,0.0028636364731937647
5740,0.003791666589677334
5741,0.003636363660916686
5742,0.0047222222201526165
5743,0.003555555595085025
5744,0.004727272782474756
5745,0.004124999977648258
5746,0.004055555444210768
5747,0.004444444552063942
5748,0.004100000020116568
5749,0.005562500096857548
5750,0.004055555444210768
5751,0.004416666459292173
5752,0.0034166667610406876
5753,0.0029615384992212057
5754,0.0034166667610406876
5755,0.003000000026077032
5756,0.003000000026077032
5757,0.002850000048056245
5758,0.0030555555131286383
5759,0.002300000051036477
5760,0.0025625000707805157
5761,0.002277777763083577
5762,0.0034000000450760126
5763,0.0032222222071141005
5764,0.0030555555131286383
5765,0.0033333334140479565
5766,0.0023499999660998583
5767,0.0029545454308390617
5768,0.0030454546213150024
5769,0.0026111111510545015
5770,0.0025555556640028954
5771,0.002142857061699033
5772,0.0035714285913854837
5773,0.002937499899417162
5774,0.00283333333209157
5775,0.003000000026077032
5776,0.002749999985098839
5777,0.0026875000912696123
5778,0.00283333333209157
5779,0.0031250000465661287
5780,0.0032500000670552254
5781,0.0027777778450399637
5782,0.0035000001080334187
5783,0.0026666666381061077
5784,0.0034545455127954483
5785,0.0035000001080334187
5786,0.0032777776941657066
5787,0.0035000001080334187
5788,0.003357142908498645
5789,0.0024999999441206455
5790,0.0035000001080334187
5791,0.0037857142742723227
5792,0.0025625000707805157
5793,0.0026666666381061077
5794,0.0027777778450399637
5795,0.0030624999199062586
5796,0.0032777776941657066
5797,0.0034000000450760126
5798,0.002850000048056245
5799,0.003192307660356164
5800,0.0030357143841683865
5801,0.002461538417264819
5802,0.004208333324640989
5803,0.0031538461335003376
5804,0.0038999998942017555
5805,0.0034000000450760126
5806,0.00322727276943624
5807,0.003700000001117587
5808,0.002888888819143176
5809,0.0031666667200624943
5810,0.0026111111510545015
5811,0.003312499960884452
5812,0.0032222222071141005
5813,0.0029583333525806665
5814,0.002363636391237378
5815,0.0026666666381061077
5816,0.0025909091345965862
5817,0.0022499999031424522
5818,0.002624999964609742
5819,0.0025833332911133766
5820,0.0027916666585952044
5821,0.002899999963119626
5822,0.002300000051036477
5823,0.0031111110001802444
5824,0.0024999999441206455
5825,0.0031111110001802444
5826,0.002916666679084301
5827,0.002785714343190193
5828,0.002928571542724967
5829,0.001714285695925355
5830,0.002812500111758709
5831,0.002785714343190193
5832,0.002624999964609742
5833,0.0038333332631736994
5834,0.002899999963119626
5835,0.0026666666381061077
5836,0.0023571427445858717
5837,0.002899999963119626
5838,0.003000000026077032
5839,0.003357142908498645
5840,0.0030499999411404133
5841,0.00283333333209157
5842,0.0030555555131286383
5843,0.004149999935179949
5844,0.003611111082136631
5845,0.0024444444570690393
5846,0.0031111110001802444
5847,0.003083333373069763
5848,0.003000000026077032
5849,0.0023571427445858717
5850,0.0018571428954601288
5851,0.0024999999441206455
5852,0.0036249998956918716
5853,0.0028636364731937647
5854,0.0028181818779557943
5855,0.002722222125157714
5856,0.0024999999441206455
5857,0.003000000026077032
5858,0.0037727272137999535
5859,0.003636363660916686
5860,0.0035909090656787157
5861,0.003285714192315936
5862,0.002464285818859935
5863,0.00320833339355886
5864,0.0032500000670552254
5865,0.0032727273646742105
5866,0.0025555556640028954
5867,0.0031666667200624943
5868,0.002928571542724967
5869,0.002749999985098839
5870,0.002928571542724967
5871,0.003071428509429097
5872,0.0037857142742723227
5873,0.0037142857909202576
5874,0.0031250000465661287
5875,0.0024999999441206455
5876,0.002624999964609742
5877,0.002950000111013651
5878,0.0033636363223195076
5879,0.0025769229978322983
5880,0.002153846202418208
5881,0.0031363635789602995
5882,0.0026499999221414328
5883,0.0024999999441206455
5884,0.003291666740551591
5885,0.0022083332296460867
5886,0.0029583333525806665
5887,0.0027777778450399637
5888,0.0027142856270074844
5889,0.002624999964609742
5890,0.002624999964609742
5891,0.004062499850988388
5892,0.0031363635789602995
5893,0.003076923079788685
5894,0.002950000111013651
5895,0.003076923079788685
5896,0.0024999999441206455
5897,0.002899999963119626
5898,0.0023333332501351833
5899,0.0026818180922418833
5900,0.0028636364731937647
5901,0.0026875000912696123
5902,0.003142857225611806
5903,0.0017777777975425124
5904,0.002944444539025426
5905,0.0024999999441206455
5906,0.0026499999221414328
5907,0.0033499998971819878
5908,0.003449999960139394
5909,0.00279999990016222
5910,0.002437500050291419
5911,0.0024999999441206455
5912,0.0024999999441206455
5913,0.0026499999221414328
5914,0.002944444539025426
5915,0.003000000026077032
5916,0.0029090908356010914
5917,0.002850000048056245
5918,0.0030416666995733976
5919,0.002769230864942074
5920,0.002392857102677226
5921,0.0026333334390074015
5922,0.0024444444570690393
5923,0.0021250001154839993
5924,0.003000000026077032
5925,0.002111111069098115
5926,0.002437500050291419
5927,0.002388888970017433
5928,0.0032222222071141005
5929,0.002374999923631549
5930,0.003285714192315936
5931,0.003214285708963871
5932,0.0025714286603033543
5933,0.003000000026077032
5934,0.003100000089034438
5935,0.0024999999441206455
5936,0.0037142857909202576
5937,0.003000000026077032
5938,0.0028571428265422583
5939,0.003000000026077032
5940,0.002749999985098839
5941,0.0027142856270074844
5942,0.002749999985098839
5943,0.0033333334140479565
5944,0.002437500050291419
5945,0.0025625000707805157
5946,0.0028181818779557943
5947,0.0028750000055879354
5948,0.00283333333209157
5949,0.003000000026077032
5950,0.0025769229978322983
5951,0.002785714343190193
5952,0.0025833332911133766
5953,0.0032727273646742105
5954,0.0026363637298345566
5955,0.003312499960884452
5956,0.003000000026077032
5957,0.002400000113993883
5958,0.002545454539358616
5959,0.0024999999441206455
5960,0.0022857142612338066
5961,0.0026428571436554193
5962,0.002722222125157714
5963,0.002437500050291419
5964,0.002624999964609742
5965,0.0022499999031424522
5966,0.002950000111013651
5967,0.0026666666381061077
5968,0.0021923077292740345
5969,0.00283333333209157
5970,0.0027272726874798536
5971,0.002749999985098839
5972,0.002850000048056245
5973,0.0034000000450760126
5974,0.0026363637298345566
5975,0.0026818180922418833
5976,0.003888888983055949
5977,0.003666666569188237
5978,0.0035000001080334187
5979,0.0031999999191612005
5980,0.0037499999161809683
5981,0.004208333324640989
5982,0.0037499999161809683
5983,0.0038333332631736994
5984,0.0042500002309679985
5985,0.00422222213819623
5986,0.004625000059604645
5987,0.0037499999161809683
5988,0.0044999998062849045
5989,0.0034374999813735485
5990,0.004687500186264515
5991,0.003944444470107555
5992,0.003611111082136631
5993,0.0031999999191612005
5994,0.004550000187009573
5995,0.00430000014603138
5996,0.0035000001080334187
5997,0.002749999985098839
5998,0.0044999998062849045
5999,0.0030624999199062586
6000,0.0036818182561546564
6001,0.0035000001080334187
6002,0.00322727276943624
6003,0.0028750000055879354
6004,0.0027083333116024733
6005,0.002950000111013651
6006,0.003000000026077032
6007,0.0035000001080334187
6008,0.003538461634889245
6009,0.002916666679084301
6010,0.0033181817270815372
6011,0.0033499998971819878
6012,0.0033181817270815372
6013,0.0032999999821186066
6014,0.003449999960139394
6015,0.0026000000070780516
6016,0.0028750000055879354
6017,0.002769230864942074
6018,0.0032692307140678167
6019,0.0038846153765916824
6020,0.003727272618561983
6021,0.0026153845246881247
6022,0.0031785713508725166
6023,0.0032727273646742105
6024,0.003666666569188237
6025,0.003791666589677334
6026,0.002950000111013651
6027,0.0035000001080334187
6028,0.0026666666381061077
6029,0.0035500000230968
6030,0.002749999985098839
6031,0.003650000086054206
6032,0.0032500000670552254
6033,0.0024999999441206455
6034,0.002545454539358616
6035,0.002850000048056245
6036,0.003071428509429097
6037,0.002937499899417162
6038,0.0031111110001802444
6039,0.0037499999161809683
6040,0.0027000000700354576
6041,0.0027777778450399637
6042,0.0018888888880610466
6043,0.0031500000040978193
6044,0.0037142857909202576
6045,0.0031666667200624943
6046,0.0030624999199062586
6047,0.004187500104308128
6048,0.003285714192315936
6049,0.0030499999411404133
6050,0.004312499891966581
6051,0.0033888889010995626
6052,0.0034000000450760126
6053,0.00318181817419827
6054,0.004166666883975267
6055,0.003000000026077032
6056,0.003409090917557478
6057,0.002785714343190193
6058,0.003633333370089531
6059,0.0029583333525806665
6060,0.0027000000700354576
6061,0.002888888819143176
6062,0.002454545348882675
6063,0.004363636486232281
6064,0.0027916666585952044
6065,0.002545454539358616
6066,0.0025909091345965862
6067,0.0032777776941657066
6068,0.0031111110001802444
6069,0.0029545454308390617
6070,0.0031666667200624943
6071,0.003291666740551591
6072,0.002541666617617011
6073,0.0026818180922418833
6074,0.002454545348882675
6075,0.0034000000450760126
6076,0.002749999985098839
6077,0.002850000048056245
6078,0.0033636363223195076
6079,0.0031538461335003376
6080,0.003458333434537053
6081,0.0028181818779557943
6082,0.004346153698861599
6083,0.002884615445509553
6084,0.0033181817270815372
6085,0.003375000087544322
6086,0.0032727273646742105
6087,0.0032333333510905504
6088,0.00320833339355886
6089,0.002454545348882675
6090,0.0028636364731937647
6091,0.0033636363223195076
6092,0.0026499999221414328
6093,0.003000000026077032
6094,0.0021875000093132257
6095,0.004749999847263098
6096,0.0031250000465661287
6097,0.0024999999441206455
6098,0.002749999985098839
6099,0.0022499999031424522
6100,0.002099999925121665
6101,0.003083333373069763
6102,0.002277777763083577
6103,0.0022499999031424522
6104,0.0032500000670552254
6105,0.0020000000949949026
6106,0.0037727272137999535
6107,0.002545454539358616
6108,0.003615384688600898
6109,0.003636363660916686
6110,0.002937499899417162
6111,0.002899999963119626
6112,0.0026428571436554193
6113,0.002785714343190193
6114,0.00279999990016222
6115,0.0026428571436554193
6116,0.0035714285913854837
6117,0.0018333332845941186
6118,0.0023333332501351833
6119,0.0024999999441206455
6120,0.0035000001080334187
6121,0.0024999999441206455
6122,0.0038333332631736994
6123,0.0026499999221414328
6124,0.003000000026077032
6125,0.0024444444570690393
6126,0.0031250000465661287
6127,0.0031666667200624943
6128,0.0026666666381061077
6129,0.002812500111758709
6130,0.002950000111013651
6131,0.0025555556640028954
6132,0.0020000000949949026
6133,0.0027000000700354576
6134,0.0024999999441206455
6135,0.002888888819143176
6136,0.003000000026077032
6137,0.0027000000700354576
6138,0.0026499999221414328
6139,0.0038333332631736994
6140,0.00322727276943624
6141,0.004863636568188667
6142,0.003727272618561983
6143,0.0025909091345965862
6144,0.0032307691872119904
6145,0.003000000026077032
6146,0.0029090908356010914
6147,0.003458333434537053
6148,0.004208333324640989
6149,0.0032500000670552254
6150,0.003000000026077032
6151,0.004111111164093018
6152,0.003142857225611806
6153,0.0030624999199062586
6154,0.0024999999441206455
6155,0.0026875000912696123
6156,0.0028750000055879354
6157,0.0034374999813735485
6158,0.0035000001080334187
6159,0.005111111328005791
6160,0.002812500111758709
6161,0.0030555555131286383
6162,0.0033636363223195076
6163,0.0025909091345965862
6164,0.0030499999411404133
6165,0.002166666556149721
6166,0.0033636363223195076
6167,0.0029583333525806665
6168,0.00318181817419827
6169,0.0035454544704407454
6170,0.0032999999821186066
6171,0.002624999964609742
6172,0.002749999985098839
6173,0.0030555555131286383
6174,0.003409090917557478
6175,0.0026666666381061077
6176,0.002749999985098839
6177,0.003666666569188237
6178,0.0025714286603033543
6179,0.002749999985098839
6180,0.0026666666381061077
6181,0.003555555595085025
6182,0.00283333333209157
6183,0.0027777778450399637
6184,0.003071428509429097
6185,0.0037499999161809683
6186,0.004863636568188667
6187,0.00322727276943624
6188,0.004153846297413111
6189,0.003666666569188237
6190,0.00342857139185071
6191,0.00430000014603138
6192,0.004437500145286322
6193,0.004071428440511227
6194,0.00491666654124856
6195,0.004142857156693935
6196,0.00342857139185071
6197,0.002928571542724967
6198,0.003727272618561983
6199,0.003458333434537053
6200,0.004136363510042429
6201,0.0041923075914382935
6202,0.0033666666131466627
6203,0.0033461537677794695
6204,0.003818181809037924
6205,0.003409090917557478
6206,0.003954545594751835
6207,0.003611111082136631
6208,0.002950000111013651
6209,0.00422222213819623
6210,0.0028571428265422583
6211,0.0027142856270074844
6212,0.0039285714738070965
6213,0.0032500000670552254
6214,0.0025625000707805157
6215,0.002888888819143176
6216,0.0025625000707805157
6217,0.0024444444570690393
6218,0.00279999990016222
6219,0.0019000000320374966
6220,0.0029545454308390617
6221,0.0027307693380862474
6222,0.00283333333209157
6223,0.003071428509429097
6224,0.003000000026077032
6225,0.0024999999441206455
6226,0.0032500000670552254
6227,0.0028750000055879354
6228,0.003071428509429097
6229,0.003611111082136631
6230,0.0032999999821186066
6231,0.0024999999441206455
6232,0.0023846153635531664
6233,0.0023333332501351833
6234,0.0031250000465661287
6235,0.003458333434537053
6236,0.0029545454308390617
6237,0.0024500000290572643
6238,0.0035500000230968
6239,0.0023333332501351833
6240,0.003090908983722329
6241,0.002888888819143176
6242,0.00279999990016222
6243,0.0027272726874798536
6244,0.002437500050291419
6245,0.003000000026077032
6246,0.003090908983722329
6247,0.0028750000055879354
6248,0.0033181817270815372
6249,0.003291666740551591
6250,0.003678571432828903
6251,0.0035357142332941294
6252,0.0035000001080334187
6253,0.0026818180922418833
6254,0.0031363635789602995
6255,0.002772727282717824
6256,0.002850000048056245
6257,0.003071428509429097
6258,0.002624999964609742
6259,0.002749999985098839
6260,0.003000000026077032
6261,0.00283333333209157
6262,0.002850000048056245
6263,0.00320833339355886
6264,0.0027000000700354576
6265,0.0026428571436554193
6266,0.0024999999441206455
6267,0.002624999964609742
6268,0.003449999960139394
6269,0.002772727282717824
6270,0.003083333373069763
6271,0.0026000000070780516
6272,0.0026428571436554193
6273,0.0025833332911133766
6274,0.003000000026077032
6275,0.0027272726874798536
6276,0.0025833332911133766
6277,0.0031666667200624943
6278,0.003000000026077032
6279,0.0025769229978322983
6280,0.0026000000070780516
6281,0.0033636363223195076
6282,0.00322727276943624
6283,0.0023499999660998583
6284,0.003888888983055949
6285,0.004428571555763483
6286,0.0022499999031424522
6287,0.002899999963119626
6288,0.0032500000670552254
6289,0.0018333332845941186
6290,0.004625000059604645
6291,0.005833333358168602
6292,0.0038999998942017555
6293,0.00492857163771987
6294,0.002722222125157714
6295,0.003409090917557478
6296,0.004208333324640989
6297,0.003874999936670065
6298,0.0038999998942017555
6299,0.00279999990016222
6300,0.003800000064074993
6301,0.003791666589677334
6302,0.0038999998942017555
6303,0.002545454539358616
6304,0.003409090917557478
6305,0.003722222289070487
6306,0.0035000001080334187
6307,0.0022499999031424522
6308,0.003949999809265137
6309,0.0026363637298345566
6310,0.0026818180922418833
6311,0.0025555556640028954
6312,0.00279999990016222
6313,0.0037083332426846027
6314,0.0026785715017467737
6315,0.003000000026077032
6316,0.0033214285504072905
6317,0.0023181817959994078
6318,0.0024999999441206455
6319,0.003000000026077032
6320,0.002899999963119626
6321,0.002749999985098839
6322,0.004000000189989805
6323,0.0026666666381061077
6324,0.0022857142612338066
6325,0.003562500001862645
6326,0.0030416666995733976
6327,0.0025833332911133766
6328,0.0026923075783997774
6329,0.002624999964609742
6330,0.003029411658644676
6331,0.002733333269134164
6332,0.00279999990016222
6333,0.003071428509429097
6334,0.0027083333116024733
6335,0.002363636391237378
6336,0.002437500050291419
6337,0.003000000026077032
6338,0.003000000026077032
6339,0.003357142908498645
6340,0.002374999923631549
6341,0.0020000000949949026
6342,0.0026499999221414328
6343,0.003653846215456724
6344,0.003291666740551591
6345,0.002454545348882675
6346,0.0037727272137999535
6347,0.0026875000912696123
6348,0.0037499999161809683
6349,0.002888888819143176
6350,0.00283333333209157
6351,0.002055555582046509
6352,0.003000000026077032
6353,0.0025833332911133766
6354,0.004142857156693935
6355,0.003000000026077032
6356,0.00283333333209157
6357,0.002437500050291419
6358,0.002099999925121665
6359,0.0032727273646742105
6360,0.0022272728383541107
6361,0.0023499999660998583
6362,0.002166666556149721
6363,0.0026875000912696123
6364,0.0038999998942017555
6365,0.0037499999161809683
6366,0.003357142908498645
6367,0.0031999999191612005
6368,0.003357142908498645
6369,0.003000000026077032
6370,0.0038333332631736994
6371,0.0032500000670552254
6372,0.005111111328005791
6373,0.004333333112299442
6374,0.004749999847263098
6375,0.005222222302109003
6376,0.005375000182539225
6377,0.004590908996760845
6378,0.005090909078717232
6379,0.006000000052154064
6380,0.005318181589245796
6381,0.004449999891221523
6382,0.004312499891966581
6383,0.003000000026077032
6384,0.0028750000055879354
6385,0.004812499973922968
6386,0.0038999998942017555
6387,0.0038333332631736994
6388,0.002749999985098839
6389,0.0033333334140479565
6390,0.0022142857778817415
6391,0.0024444444570690393
6392,0.00279999990016222
6393,0.002888888819143176
6394,0.003090908983722329
6395,0.003727272618561983
6396,0.0034000000450760126
6397,0.003937500063329935
6398,0.0020000000949949026
6399,0.0028750000055879354
6400,0.003312499960884452
6401,0.0025625000707805157
6402,0.002722222125157714
6403,0.0029230769723653793
6404,0.0029642856679856777
6405,0.00322727276943624
6406,0.003000000026077032
6407,0.0031666667200624943
6408,0.0025625000707805157
6409,0.002749999985098839
6410,0.0028750000055879354
6411,0.0024166665971279144
6412,0.0024999999441206455
6413,0.004071428440511227
6414,0.002937499899417162
6415,0.0025555556640028954
6416,0.0026111111510545015
6417,0.0032222222071141005
6418,0.003777777776122093
6419,0.0029090908356010914
6420,0.0029545454308390617
6421,0.003449999960139394
6422,0.002400000113993883
6423,0.0026666666381061077
6424,0.0033461537677794695
6425,0.003192307660356164
6426,0.0034000000450760126
6427,0.0032727273646742105
6428,0.002884615445509553
6429,0.0028750000055879354
6430,0.003100000089034438
6431,0.003090908983722329
6432,0.0022499999031424522
6433,0.00318181817419827
6434,0.0027000000700354576
6435,0.002400000113993883
6436,0.003000000026077032
6437,0.002899999963119626
6438,0.002624999964609742
6439,0.00318181817419827
6440,0.0027777778450399637
6441,0.0026666666381061077
6442,0.003142857225611806
6443,0.003000000026077032
6444,0.003142857225611806
6445,0.003142857225611806
6446,0.003142857225611806
6447,0.0031999999191612005
6448,0.0026000000070780516
6449,0.0034545455127954483
6450,0.0024500000290572643
6451,0.0025625000707805157
6452,0.002812500111758709
6453,0.002944444539025426
6454,0.003000000026077032
6455,0.0024999999441206455
6456,0.002772727282717824
6457,0.0026499999221414328
6458,0.003777777776122093
6459,0.0023333332501351833
6460,0.0032222222071141005
6461,0.0033888889010995626
6462,0.0028181818779557943
6463,0.003650000086054206
6464,0.0038499999791383743
6465,0.003000000026077032
6466,0.0038999998942017555
6467,0.0031874999403953552
6468,0.0033181817270815372
6469,0.002899999963119626
6470,0.003666666569188237
6471,0.004687500186264515
6472,0.002888888819143176
6473,0.004000000189989805
6474,0.003555555595085025
6475,0.0030499999411404133
6476,0.0034374999813735485
6477,0.0033333334140479565
6478,0.0037142857909202576
6479,0.002624999964609742
6480,0.0028750000055879354
6481,0.003214285708963871
6482,0.0035000001080334187
6483,0.003666666569188237
6484,0.0025833332911133766
6485,0.0027142856270074844
6486,0.0026875000912696123
6487,0.003722222289070487
6488,0.0031250000465661287
6489,0.002624999964609742
6490,0.003650000086054206
6491,0.0029090908356010914
6492,0.0023333332501351833
6493,0.0024999999441206455
6494,0.0027272726874798536
6495,0.003076923079788685
6496,0.0028750000055879354
6497,0.003083333373069763
6498,0.0030499999411404133
6499,0.0025555556640028954
6500,0.0027000000700354576
6501,0.002937499899417162
6502,0.002749999985098839
6503,0.0032500000670552254
6504,0.0031999999191612005
6505,0.0027142856270074844
6506,0.002916666679084301
6507,0.0027142856270074844
6508,0.002812500111758709
6509,0.002850000048056245
6510,0.002850000048056245
6511,0.0031666667200624943
6512,0.002199999988079071
6513,0.003100000089034438
6514,0.002277777763083577
6515,0.002624999964609742
6516,0.003000000026077032
6517,0.0024999999441206455
6518,0.0025714286603033543
6519,0.0024999999441206455
6520,0.0024999999441206455
6521,0.0018571428954601288
6522,0.0028571428265422583
6523,0.0030624999199062586
6524,0.002749999985098839
6525,0.0026666666381061077
6526,0.0026000000070780516
6527,0.002749999985098839
6528,0.00283333333209157
6529,0.002653846051543951
6530,0.0030416666995733976
6531,0.003000000026077032
6532,0.002300000051036477
6533,0.0028750000055879354
6534,0.0038333332631736994
6535,0.0031999999191612005
6536,0.003874999936670065
6537,0.003700000001117587
6538,0.004000000189989805
6539,0.003375000087544322
6540,0.004666666500270367
6541,0.003961538430303335
6542,0.004785714205354452
6543,0.004533333238214254
6544,0.0035769231617450714
6545,0.004363636486232281
6546,0.003214285708963871
6547,0.005499999970197678
6548,0.004083333536982536
6549,0.0033333334140479565
6550,0.006899999920278788
6551,0.003700000001117587
6552,0.005785714369267225
6553,0.0026000000070780516
6554,0.003000000026077032
6555,0.004100000020116568
6556,0.0035000001080334187
6557,0.005499999970197678
6558,0.0037857142742723227
6559,0.003599999938160181
6560,0.003722222289070487
6561,0.003863636404275894
6562,0.002850000048056245
6563,0.0042500002309679985
6564,0.0032500000670552254
6565,0.0036249998956918716
6566,0.003700000001117587
6567,0.002812500111758709
6568,0.0035000001080334187
6569,0.003214285708963871
6570,0.0027777778450399637
6571,0.003666666569188237
6572,0.002944444539025426
6573,0.002916666679084301
6574,0.0029090908356010914
6575,0.0025909091345965862
6576,0.0031500000040978193
6577,0.002199999988079071
6578,0.0032222222071141005
6579,0.0031500000040978193
6580,0.0026111111510545015
6581,0.0028571428265422583
6582,0.003142857225611806
6583,0.0034166667610406876
6584,0.002749999985098839
6585,0.003285714192315936
6586,0.0031999999191612005
6587,0.0029583333525806665
6588,0.0032500000670552254
6589,0.0033333334140479565
6590,0.003192307660356164
6591,0.0032307691872119904
6592,0.0031250000465661287
6593,0.0032500000670552254
6594,0.0031363635789602995
6595,0.0028636364731937647
6596,0.004136363510042429
6597,0.004350000061094761
6598,0.0027777778450399637
6599,0.004000000189989805
6600,0.0035909090656787157
6601,0.0042500002309679985
6602,0.0038499999791383743
6603,0.003599999938160181
6604,0.003100000089034438
6605,0.003449999960139394
6606,0.003555555595085025
6607,0.0035000001080334187
6608,0.002785714343190193
6609,0.002749999985098839
6610,0.0032500000670552254
6611,0.0038333332631736994
6612,0.004749999847263098
6613,0.0031666667200624943
6614,0.004687500186264515
6615,0.0034166667610406876
6616,0.003541666781529784
6617,0.003791666589677334
6618,0.003666666569188237
6619,0.003636363660916686
6620,0.0022499999031424522
6621,0.0027916666585952044
6622,0.002541666617617011
6623,0.0024999999441206455
6624,0.0027000000700354576
6625,0.003000000026077032
6626,0.003687500022351742
6627,0.002166666556149721
6628,0.003000000026077032
6629,0.0031500000040978193
6630,0.00279999990016222
6631,0.0025555556640028954
6632,0.003375000087544322
6633,0.0035000001080334187
6634,0.003449999960139394
6635,0.0026000000070780516
6636,0.0031500000040978193
6637,0.0034374999813735485
6638,0.003722222289070487
6639,0.0023333332501351833
6640,0.003083333373069763
6641,0.003791666589677334
6642,0.003192307660356164
6643,0.002363636391237378
6644,0.003874999936670065
6645,0.004357142839580774
6646,0.002624999964609742
6647,0.00283333333209157
6648,0.00427777785807848
6649,0.005090909078717232
6650,0.0031874999403953552
6651,0.0038437501061707735
6652,0.0042500002309679985
6653,0.00283333333209157
6654,0.0041333334520459175
6655,0.0030384615529328585
6656,0.0028571428265422583
6657,0.002541666617617011
6658,0.0032999999821186066
6659,0.003599999938160181
6660,0.002624999964609742
6661,0.003375000087544322
6662,0.0024999999441206455
6663,0.0035000001080334187
6664,0.003583333222195506
6665,0.0027777778450399637
6666,0.0032999999821186066
6667,0.003000000026077032
6668,0.003449999960139394
6669,0.003449999960139394
6670,0.0026499999221414328
6671,0.003000000026077032
6672,0.0026666666381061077
6673,0.002545454539358616
6674,0.00279999990016222
6675,0.0027000000700354576
6676,0.002722222125157714
6677,0.002812500111758709
6678,0.0019285713788121939
6679,0.0027777778450399637
6680,0.003555555595085025
6681,0.003000000026077032
6682,0.0031999999191612005
6683,0.003583333222195506
6684,0.002400000113993883
6685,0.00215000007301569
6686,0.0031999999191612005
6687,0.0026818180922418833
6688,0.0031785713508725166
6689,0.003678571432828903
6690,0.0032307691872119904
6691,0.003083333373069763
6692,0.0032999999821186066
6693,0.003650000086054206
6694,0.0035000001080334187
6695,0.003611111082136631
6696,0.005333333276212215
6697,0.0026666666381061077
6698,0.004000000189989805
6699,0.0038333332631736994
6700,0.0028571428265422583
6701,0.0026428571436554193
6702,0.003650000086054206
6703,0.0034000000450760126
6704,0.003083333373069763
6705,0.002749999985098839
6706,0.00283333333209157
6707,0.0035500000230968
6708,0.0018124999478459358
6709,0.0031666667200624943
6710,0.003285714192315936
6711,0.003100000089034438
6712,0.0033333334140479565
6713,0.003375000087544322
6714,0.0031111110001802444
6715,0.002888888819143176
6716,0.0029230769723653793
6717,0.003291666740551591
6718,0.0036249998956918716
6719,0.0028928571846336126
6720,0.0031785713508725166
6721,0.0031666667200624943
6722,0.0031153846066445112
6723,0.003666666569188237
6724,0.0024444444570690393
6725,0.0036249998956918716
6726,0.0038125000428408384
6727,0.0030555555131286383
6728,0.002928571542724967
6729,0.0024166665971279144
6730,0.003357142908498645
6731,0.004749999847263098
6732,0.003071428509429097
6733,0.002400000113993883
6734,0.0018333332845941186
6735,0.0024999999441206455
6736,0.002937499899417162
6737,0.002928571542724967
6738,0.0037499999161809683
6739,0.0021250001154839993
6740,0.003000000026077032
6741,0.0031666667200624943
6742,0.003000000026077032
6743,0.0025555556640028954
6744,0.0024500000290572643
6745,0.0018749999580904841
6746,0.0026111111510545015
6747,0.0026111111510545015
6748,0.002944444539025426
6749,0.0029545454308390617
6750,0.002374999923631549
6751,0.0026818180922418833
6752,0.0026363637298345566
6753,0.002400000113993883
6754,0.002812500111758709
6755,0.003000000026077032
6756,0.0024999999441206455
6757,0.0035000001080334187
6758,0.002937499899417162
6759,0.002850000048056245
6760,0.0029642856679856777
6761,0.002733333269134164
6762,0.00283333333209157
6763,0.003100000089034438
6764,0.0031153846066445112
6765,0.003409090917557478
6766,0.003000000026077032
6767,0.0031666667200624943
6768,0.0027000000700354576
6769,0.0028571428265422583
6770,0.004333333112299442
6771,0.0035000001080334187
6772,0.003599999938160181
6773,0.004083333536982536
6774,0.0025833332911133766
6775,0.003214285708963871
6776,0.0037499999161809683
6777,0.0025833332911133766
6778,0.003083333373069763
6779,0.0034000000450760126
6780,0.002400000113993883
6781,0.0030555555131286383
6782,0.002950000111013651
6783,0.0024444444570690393
6784,0.0032222222071141005
6785,0.003444444388151169
6786,0.0025625000707805157
6787,0.0034374999813735485
6788,0.003214285708963871
6789,0.0034000000450760126
6790,0.002950000111013651
6791,0.0026428571436554193
6792,0.0031874999403953552
6793,0.002812500111758709
6794,0.0033888889010995626
6795,0.0035714285913854837
6796,0.0038125000428408384
6797,0.0026499999221414328
6798,0.002899999963119626
6799,0.003944444470107555
6800,0.0032500000670552254
6801,0.004363636486232281
6802,0.0032500000670552254
6803,0.0026818180922418833
6804,0.0022499999031424522
6805,0.004416666459292173
6806,0.004699999932199717
6807,0.0031666667200624943
6808,0.0031111110001802444
6809,0.0026428571436554193
6810,0.003142857225611806
6811,0.003555555595085025
6812,0.0035454544704407454
6813,0.003000000026077032
6814,0.0032500000670552254
6815,0.0026363637298345566
6816,0.0029090908356010914
6817,0.003800000064074993
6818,0.002142857061699033
6819,0.0032500000670552254
6820,0.002944444539025426
6821,0.0033333334140479565
6822,0.0030499999411404133
6823,0.0029090908356010914
6824,0.0034166667610406876
6825,0.0032500000670552254
6826,0.0027142856270074844
6827,0.003599999938160181
6828,0.0030555555131286383
6829,0.0024999999441206455
6830,0.003142857225611806
6831,0.003000000026077032
6832,0.0037499999161809683
6833,0.0027272726874798536
6834,0.0031363635789602995
6835,0.002769230864942074
6836,0.003375000087544322
6837,0.003000000026077032
6838,0.002538461470976472
6839,0.0026785715017467737
6840,0.002653846051543951
6841,0.00318181817419827
6842,0.0030499999411404133
6843,0.004714285489171743
6844,0.002749999985098839
6845,0.002300000051036477
6846,0.003375000087544322
6847,0.003285714192315936
6848,0.004071428440511227
6849,0.003642857074737549
6850,0.004100000020116568
6851,0.004000000189989805
6852,0.004727272782474756
6853,0.00422727270051837
6854,0.003800000064074993
6855,0.0038499999791383743
6856,0.004100000020116568
6857,0.004100000020116568
6858,0.004625000059604645
6859,0.004625000059604645
6860,0.004791666753590107
6861,0.004666666500270367
6862,0.00427777785807848
6863,0.004000000189989805
6864,0.006166666746139526
6865,0.005916666705161333
6866,0.0032777776941657066
6867,0.0030624999199062586
6868,0.003611111082136631
6869,0.003700000001117587
6870,0.0033636363223195076
6871,0.004181818105280399
6872,0.004000000189989805
6873,0.004153846297413111
6874,0.005100000184029341
6875,0.004066666588187218
6876,0.004107142798602581
6877,0.003949999809265137
6878,0.0035000001080334187
6879,0.004208333324640989
6880,0.004090908914804459
6881,0.004545454401522875
6882,0.003727272618561983
6883,0.0032727273646742105
6884,0.0033181817270815372
6885,0.004590908996760845
6886,0.002388888970017433
6887,0.0035000001080334187
6888,0.0027272726874798536
6889,0.0029090908356010914
6890,0.003000000026077032
6891,0.002772727282717824
6892,0.0028636364731937647
6893,0.0032999999821186066
6894,0.003700000001117587
6895,0.0033181817270815372
6896,0.0032727273646742105
6897,0.003599999938160181
6898,0.0031666667200624943
6899,0.0026499999221414328
6900,0.0028750000055879354
6901,0.0027083333116024733
6902,0.0024166665971279144
6903,0.0041923075914382935
6904,0.0035000001080334187
6905,0.003678571432828903
6906,0.0035000001080334187
6907,0.0035000001080334187
6908,0.0035909090656787157
6909,0.002545454539358616
6910,0.002899999963119626
6911,0.0037499999161809683
6912,0.0034230768214911222
6913,0.003964285831898451
6914,0.004384615458548069
6915,0.0027272726874798536
6916,0.004000000189989805
6917,0.003636363660916686
6918,0.003541666781529784
6919,0.0042500002309679985
6920,0.0038999998942017555
6921,0.004681818187236786
6922,0.00279999990016222
6923,0.0031666667200624943
6924,0.0037142857909202576
6925,0.0032222222071141005
6926,0.0037499999161809683
6927,0.0038125000428408384
6928,0.003142857225611806
6929,0.003100000089034438
6930,0.003666666569188237
6931,0.004714285489171743
6932,0.003666666569188237
6933,0.003285714192315936
6934,0.002722222125157714
6935,0.003000000026077032
6936,0.004090908914804459
6937,0.00419999985024333
6938,0.00419999985024333
6939,0.004545454401522875
6940,0.004000000189989805
6941,0.003954545594751835
6942,0.00279999990016222
6943,0.003722222289070487
6944,0.003100000089034438
6945,0.0031999999191612005
6946,0.0025500000920146704
6947,0.0025555556640028954
6948,0.002850000048056245
6949,0.0025833332911133766
6950,0.00318181817419827
6951,0.0035000001080334187
6952,0.002937499899417162
6953,0.0032999999821186066
6954,0.002772727282717824
6955,0.0037499999161809683
6956,0.002400000113993883
6957,0.00283333333209157
6958,0.0022499999031424522
6959,0.0024999999441206455
6960,0.0030555555131286383
6961,0.0024500000290572643
6962,0.003000000026077032
6963,0.0034545455127954483
6964,0.0022499999031424522
6965,0.0033181817270815372
6966,0.0033181817270815372
6967,0.0026363637298345566
6968,0.004166666883975267
6969,0.0024999999441206455
6970,0.0026153845246881247
6971,0.0030416666995733976
6972,0.003000000026077032
6973,0.0026666666381061077
6974,0.0032777776941657066
6975,0.003863636404275894
6976,0.0027083333116024733
6977,0.0028181818779557943
6978,0.002772727282717824
6979,0.0034000000450760126
6980,0.0028750000055879354
6981,0.00279999990016222
6982,0.003444444388151169
6983,0.0027000000700354576
6984,0.0032777776941657066
6985,0.0031363635789602995
6986,0.002722222125157714
6987,0.003000000026077032
6988,0.0026000000070780516
6989,0.0032777776941657066
6990,0.0030555555131286383
6991,0.00283333333209157
6992,0.002277777763083577
6993,0.003000000026077032
6994,0.002388888970017433
6995,0.0032999999821186066
6996,0.0027000000700354576
6997,0.003000000026077032
6998,0.0026666666381061077
6999,0.0034166667610406876
7000,0.0026666666381061077
7001,0.002437500050291419
7002,0.002785714343190193
7003,0.002888888819143176
7004,0.002400000113993883
7005,0.0035000001080334187
7006,0.002300000051036477
7007,0.0032727273646742105
7008,0.0028636364731937647
7009,0.0031250000465661287
7010,0.002363636391237378
7011,0.0032500000670552254
7012,0.0032222222071141005
7013,0.002400000113993883
7014,0.002812500111758709
7015,0.0025555556640028954
7016,0.0047222222201526165
7017,0.002944444539025426
7018,0.003599999938160181
7019,0.002624999964609742
7020,0.0037499999161809683
7021,0.002166666556149721
7022,0.002400000113993883
7023,0.00283333333209157
7024,0.003000000026077032
7025,0.002374999923631549
7026,0.003555555595085025
7027,0.0031874999403953552
7028,0.0024999999441206455
7029,0.002388888970017433
7030,0.003722222289070487
7031,0.0023499999660998583
7032,0.0034545455127954483
7033,0.003312499960884452
7034,0.0024999999441206455
7035,0.0032500000670552254
7036,0.0035714285913854837
7037,0.0023571427445858717
7038,0.0019166666315868497
7039,0.0020714285783469677
7040,0.00283333333209157
7041,0.0030454546213150024
7042,0.0026499999221414328
7043,0.0031874999403953552
7044,0.0031666667200624943
7045,0.0032500000670552254
7046,0.0028571428265422583
7047,0.003937500063329935
7048,0.0020000000949949026
7049,0.003611111082136631
7050,0.003555555595085025
7051,0.004124999977648258
7052,0.0029583333525806665
7053,0.0033333334140479565
7054,0.003214285708963871
7055,0.004642857238650322
7056,0.0034166667610406876
7057,0.003800000064074993
7058,0.004399999976158142
7059,0.003599999938160181
7060,0.003100000089034438
7061,0.004000000189989805
7062,0.0035454544704407454
7063,0.0038999998942017555
7064,0.004999999888241291
7065,0.0028750000055879354
7066,0.003874999936670065
7067,0.003444444388151169
7068,0.003700000001117587
7069,0.0035909090656787157
7070,0.0031500000040978193
7071,0.0025909091345965862
7072,0.0032222222071141005
7073,0.0024999999441206455
7074,0.0028636364731937647
7075,0.0031363635789602995
7076,0.0026818180922418833
7077,0.0032777776941657066
7078,0.00283333333209157
7079,0.0024166665971279144
7080,0.002916666679084301
7081,0.002277777763083577
7082,0.0032777776941657066
7083,0.003000000026077032
7084,0.002722222125157714
7085,0.002545454539358616
7086,0.0026111111510545015
7087,0.0026499999221414328
7088,0.0024444444570690393
7089,0.0023499999660998583
7090,0.002812500111758709
7091,0.0030624999199062586
7092,0.0031666667200624943
7093,0.0031250000465661287
7094,0.00342857139185071
7095,0.0026875000912696123
7096,0.002545454539358616
7097,0.0031250000465661287
7098,0.0030499999411404133
7099,0.0022499999031424522
7100,0.002535714302212
7101,0.0029615384992212057
7102,0.002535714302212
7103,0.0024230768904089928
7104,0.0025769229978322983
7105,0.0030555555131286383
7106,0.003777777776122093
7107,0.003666666569188237
7108,0.0025714286603033543
7109,0.0028571428265422583
7110,0.0032500000670552254
7111,0.003000000026077032
7112,0.004000000189989805
7113,0.004749999847263098
7114,0.003000000026077032
7115,0.003000000026077032
7116,0.002749999985098839
7117,0.0023333332501351833
7118,0.003285714192315936
7119,0.002944444539025426
7120,0.0030555555131286383
7121,0.0037499999161809683
7122,0.003954545594751835
7123,0.0031363635789602995
7124,0.0035000001080334187
7125,0.0032222222071141005
7126,0.003874999936670065
7127,0.003611111082136631
7128,0.004449999891221523
7129,0.003800000064074993
7130,0.0033636363223195076
7131,0.0032500000670552254
7132,0.00318181817419827
7133,0.0035454544704407454
7134,0.0029090908356010914
7135,0.0035454544704407454
7136,0.002850000048056245
7137,0.0033333334140479565
7138,0.002772727282717824
7139,0.0026000000070780516
7140,0.003449999960139394
7141,0.00279999990016222
7142,0.003722222289070487
7143,0.0031666667200624943
7144,0.0031874999403953552
7145,0.0033333334140479565
7146,0.0031666667200624943
7147,0.0021818182431161404
7148,0.0026363637298345566
7149,0.0021250001154839993
7150,0.00279999990016222
7151,0.0030454546213150024
7152,0.002722222125157714
7153,0.002950000111013651
7154,0.0031250000465661287
7155,0.003312499960884452
7156,0.0026875000912696123
7157,0.002624999964609742
7158,0.0035000001080334187
7159,0.0023333332501351833
7160,0.0025769229978322983
7161,0.0038333332631736994
7162,0.004093749914318323
7163,0.0032307691872119904
7164,0.0031333332881331444
7165,0.003433333244174719
7166,0.003281249897554517
7167,0.00286666676402092
7168,0.0035000001080334187
7169,0.0028750000055879354
7170,0.0031666667200624943
7171,0.003937500063329935
7172,0.0034374999813735485
7173,0.0024999999441206455
7174,0.003312499960884452
7175,0.0026666666381061077
7176,0.002937499899417162
7177,0.0030624999199062586
7178,0.0032999999821186066
7179,0.0026666666381061077
7180,0.0028571428265422583
7181,0.0035714285913854837
7182,0.0030555555131286383
7183,0.0032500000670552254
7184,0.002363636391237378
7185,0.0027272726874798536
7186,0.0039090909995138645
7187,0.003555555595085025
7188,0.0022142857778817415
7189,0.0017500000540167093
7190,0.0022142857778817415
7191,0.003642857074737549
7192,0.00279999990016222
7193,0.003874999936670065
7194,0.0026666666381061077
7195,0.0025714286603033543
7196,0.0031250000465661287
7197,0.002749999985098839
7198,0.003562500001862645
7199,0.002749999985098839
7200,0.002749999985098839
7201,0.00322727276943624
7202,0.0026818180922418833
7203,0.0035000001080334187
7204,0.0031666667200624943
7205,0.0028571428265422583
7206,0.0028571428265422583
7207,0.0036249998956918716
7208,0.0035000001080334187
7209,0.0031250000465661287
7210,0.003100000089034438
7211,0.003818181809037924
7212,0.0033181817270815372
7213,0.0034230768214911222
7214,0.00283333333209157
7215,0.003846153849735856
7216,0.0034166667610406876
7217,0.002772727282717824
7218,0.0031666667200624943
7219,0.003727272618561983
7220,0.0033499998971819878
7221,0.0035000001080334187
7222,0.003214285708963871
7223,0.0023333332501351833
7224,0.0025833332911133766
7225,0.0026000000070780516
7226,0.002749999985098839
7227,0.003000000026077032
7228,0.0019166666315868497
7229,0.0025714286603033543
7230,0.0023181817959994078
7231,0.00279999990016222
7232,0.002888888819143176
7233,0.002944444539025426
7234,0.0029090908356010914
7235,0.0032500000670552254
7236,0.0024999999441206455
7237,0.0020833334419876337
7238,0.002461538417264819
7239,0.0025909091345965862
7240,0.002899999963119626
7241,0.0031111110001802444
7242,0.0020000000949949026
7243,0.003642857074737549
7244,0.003562500001862645
7245,0.002888888819143176
7246,0.0031666667200624943
7247,0.002944444539025426
7248,0.0032222222071141005
7249,0.003727272618561983
7250,0.0032500000670552254
7251,0.002111111069098115
7252,0.003666666569188237
7253,0.0028571428265422583
7254,0.0038999998942017555
7255,0.0017999999690800905
7256,0.0028571428265422583
7257,0.004875000100582838
7258,0.0031666667200624943
7259,0.004642857238650322
7260,0.0038999998942017555
7261,0.00320833339355886
7262,0.00320833339355886
7263,0.0032222222071141005
7264,0.0033181817270815372
7265,0.003916666842997074
7266,0.002454545348882675
7267,0.0032500000670552254
7268,0.0030555555131286383
7269,0.0026499999221414328
7270,0.002812500111758709
7271,0.003611111082136631
7272,0.00283333333209157
7273,0.002812500111758709
7274,0.0025555556640028954
7275,0.0025714286603033543
7276,0.0026428571436554193
7277,0.002899999963119626
7278,0.0030624999199062586
7279,0.002749999985098839
7280,0.002937499899417162
7281,0.002541666617617011
7282,0.0019615385681390762
7283,0.002749999985098839
7284,0.0028750000055879354
7285,0.0024999999441206455
7286,0.0028750000055879354
7287,0.003312499960884452
7288,0.0030555555131286383
7289,0.0033333334140479565
7290,0.003666666569188237
7291,0.0027272726874798536
7292,0.0024999999441206455
7293,0.0027916666585952044
7294,0.00245833327062428
7295,0.004423076752573252
7296,0.003090908983722329
7297,0.003954545594751835
7298,0.0031363635789602995
7299,0.002937499899417162
7300,0.003214285708963871
7301,0.003000000026077032
7302,0.0031874999403953552
7303,0.003083333373069763
7304,0.0034374999813735485
7305,0.002749999985098839
7306,0.002749999985098839
7307,0.002812500111758709
7308,0.003000000026077032
7309,0.00213636364787817
7310,0.002772727282717824
7311,0.0020454544574022293
7312,0.0031363635789602995
7313,0.0032500000670552254
7314,0.002950000111013651
7315,0.002374999923631549
7316,0.0025625000707805157
7317,0.0027142856270074844
7318,0.0026666666381061077
7319,0.003071428509429097
7320,0.003083333373069763
7321,0.0037142857909202576
7322,0.003142857225611806
7323,0.002624999964609742
7324,0.003700000001117587
7325,0.0028636364731937647
7326,0.0027272726874798536
7327,0.001818181830458343
7328,0.003449999960139394
7329,0.003653846215456724
7330,0.0030454546213150024
7331,0.0033181817270815372
7332,0.003090908983722329
7333,0.0028636364731937647
7334,0.003214285708963871
7335,0.0035000001080334187
7336,0.002624999964609742
7337,0.0033333334140479565
7338,0.002850000048056245
7339,0.0024500000290572643
7340,0.002850000048056245
7341,0.002749999985098839
7342,0.0031999999191612005
7343,0.0027272726874798536
7344,0.0035000001080334187
7345,0.0030416666995733976
7346,0.0033636363223195076
7347,0.0028076923917979
7348,0.0026818180922418833
7349,0.0035000001080334187
7350,0.0026875000912696123
7351,0.0023571427445858717
7352,0.0034166667610406876
7353,0.003214285708963871
7354,0.004166666883975267
7355,0.0027142856270074844
7356,0.0042500002309679985
7357,0.00279999990016222
7358,0.0030499999411404133
7359,0.0035454544704407454
7360,0.002899999963119626
7361,0.0026666666381061077
7362,0.0026666666381061077
7363,0.002277777763083577
7364,0.003599999938160181
7365,0.0032500000670552254
7366,0.0026111111510545015
7367,0.002812500111758709
7368,0.0027000000700354576
7369,0.0026666666381061077
7370,0.003285714192315936
7371,0.0027142856270074844
7372,0.0039285714738070965
7373,0.0024285714607685804
7374,0.0024166665971279144
7375,0.0023333332501351833
7376,0.003000000026077032
7377,0.0024999999441206455
7378,0.002749999985098839
7379,0.003000000026077032
7380,0.003100000089034438
7381,0.0026666666381061077
7382,0.003142857225611806
7383,0.003583333222195506
7384,0.0032500000670552254
7385,0.003800000064074993
7386,0.002749999985098839
7387,0.0037499999161809683
7388,0.003357142908498645
7389,0.004111111164093018
7390,0.003666666569188237
7391,0.0037499999161809683
7392,0.00417857151478529
7393,0.004346153698861599
7394,0.004153846297413111
7395,0.0042307693511247635
7396,0.0038333332631736994
7397,0.003954545594751835
7398,0.0030555555131286383
7399,0.0033888889010995626
7400,0.00521428557112813
7401,0.003916666842997074
7402,0.004083333536982536
7403,0.004000000189989805
7404,0.003666666569188237
7405,0.005833333358168602
7406,0.004111111164093018
7407,0.003071428509429097
7408,0.002437500050291419
7409,0.0037499999161809683
7410,0.003599999938160181
7411,0.002884615445509553
7412,0.003192307660356164
7413,0.0034230768214911222
7414,0.0031153846066445112
7415,0.0026666666381061077
7416,0.0024090909864753485
7417,0.003000000026077032
7418,0.002937499899417162
7419,0.0036249998956918716
7420,0.002888888819143176
7421,0.0024500000290572643
7422,0.003090908983722329
7423,0.002950000111013651
7424,0.003100000089034438
7425,0.002772727282717824
7426,0.0029090908356010914
7427,0.0031363635789602995
7428,0.002772727282717824
7429,0.0026428571436554193
7430,0.0026666666381061077
7431,0.0029090908356010914
7432,0.002944444539025426
7433,0.0026666666381061077
7434,0.0023571427445858717
7435,0.0037142857909202576
7436,0.003083333373069763
7437,0.0024999999441206455
7438,0.002099999925121665
7439,0.0035000001080334187
7440,0.0028750000055879354
7441,0.003000000026077032
7442,0.0024999999441206455
7443,0.003000000026077032
7444,0.002142857061699033
7445,0.0022142857778817415
7446,0.0031666667200624943
7447,0.0031999999191612005
7448,0.002888888819143176
7449,0.002749999985098839
7450,0.0028750000055879354
7451,0.002944444539025426
7452,0.00283333333209157
7453,0.003312499960884452
7454,0.0024999999441206455
7455,0.0024999999441206455
7456,0.002884615445509553
7457,0.00283333333209157
7458,0.0022727272007614374
7459,0.0033333334140479565
7460,0.002888888819143176
7461,0.0026875000912696123
7462,0.0031666667200624943
7463,0.0033888889010995626
7464,0.0024444444570690393
7465,0.002850000048056245
7466,0.0024999999441206455
7467,0.00245833327062428
7468,0.003100000089034438
7469,0.0023333332501351833
7470,0.0028636364731937647
7471,0.003000000026077032
7472,0.00318181817419827
7473,0.0032999999821186066
7474,0.003000000026077032
7475,0.0027083333116024733
7476,0.002749999985098839
7477,0.0031500000040978193
7478,0.0024166665971279144
7479,0.0036249998956918716
7480,0.0031999999191612005
7481,0.003541666781529784
7482,0.003083333373069763
7483,0.002400000113993883
7484,0.0034166667610406876
7485,0.0032727273646742105
7486,0.003409090917557478
7487,0.002916666679084301
7488,0.003653846215456724
7489,0.003615384688600898
7490,0.0022692307829856873
7491,0.00279999990016222
7492,0.003000000026077032
7493,0.0024999999441206455
7494,0.0026428571436554193
7495,0.002937499899417162
7496,0.0024444444570690393
7497,0.003083333373069763
7498,0.003777777776122093
7499,0.0024285714607685804
7500,0.0039285714738070965
7501,0.002749999985098839
7502,0.00430000014603138
7503,0.0033928570337593555
7504,0.0032999999821186066
7505,0.003642857074737549
7506,0.004100000020116568
7507,0.003142857225611806
7508,0.003083333373069763
7509,0.0031666667200624943
7510,0.00430000014603138
7511,0.003818181809037924
7512,0.00427272729575634
7513,0.0034374999813735485
7514,0.003583333222195506
7515,0.0044999998062849045
7516,0.004124999977648258
7517,0.003000000026077032
7518,0.0044999998062849045
7519,0.003357142908498645
7520,0.0032500000670552254
7521,0.0030624999199062586
7522,0.0037857142742723227
7523,0.0038571427576243877
7524,0.0031111110001802444
7525,0.0030454546213150024
7526,0.003818181809037924
7527,0.0034545455127954483
7528,0.0037083332426846027
7529,0.002749999985098839
7530,0.0032500000670552254
7531,0.0036818182561546564
7532,0.003100000089034438
7533,0.00283333333209157
7534,0.0027777778450399637
7535,0.002888888819143176
7536,0.0024500000290572643
7537,0.002769230864942074
7538,0.0032500000670552254
7539,0.003071428509429097
7540,0.003375000087544322
7541,0.0025769229978322983
7542,0.0029230769723653793
7543,0.00283333333209157
7544,0.002950000111013651
7545,0.0031500000040978193
7546,0.002222222276031971
7547,0.0025555556640028954
7548,0.002222222276031971
7549,0.003444444388151169
7550,0.0031666667200624943
7551,0.002749999985098839
7552,0.003100000089034438
7553,0.00322727276943624
7554,0.00213636364787817
7555,0.003666666569188237
7556,0.0028636364731937647
7557,0.0029230769723653793
7558,0.0031538461335003376
7559,0.0029583333525806665
7560,0.0036923077423125505
7561,0.0037499999161809683
7562,0.0025909091345965862
7563,0.0032777776941657066
7564,0.004166666883975267
7565,0.003071428509429097
7566,0.004000000189989805
7567,0.0033333334140479565
7568,0.0026875000912696123
7569,0.0024999999441206455
7570,0.0022857142612338066
7571,0.0033888889010995626
7572,0.002166666556149721
7573,0.0024444444570690393
7574,0.0038125000428408384
7575,0.0031111110001802444
7576,0.0023333332501351833
7577,0.0028571428265422583
7578,0.003142857225611806
7579,0.0026666666381061077
7580,0.003000000026077032
7581,0.004045454319566488
7582,0.002749999985098839
7583,0.0030454546213150024
7584,0.003449999960139394
7585,0.0038999998942017555
7586,0.0036818182561546564
7587,0.004000000189989805
7588,0.0034545455127954483
7589,0.0033499998971819878
7590,0.004999999888241291
7591,0.004727272782474756
7592,0.004461538512259722
7593,0.006291666533797979
7594,0.0042500002309679985
7595,0.004999999888241291
7596,0.005499999970197678
7597,0.0038999998942017555
7598,0.004600000102072954
7599,0.0038999998942017555
7600,0.002850000048056245
7601,0.004699999932199717
7602,0.0031999999191612005
7603,0.004611111246049404
7604,0.004045454319566488
7605,0.0037499999161809683
7606,0.004000000189989805
7607,0.0042500002309679985
7608,0.0044999998062849045
7609,0.003727272618561983
7610,0.0035000001080334187
7611,0.004384615458548069
7612,0.0033636363223195076
7613,0.0033333334140479565
7614,0.0044999998062849045
7615,0.00431818189099431
7616,0.003800000064074993
7617,0.002749999985098839
7618,0.0034374999813735485
7619,0.0032500000670552254
7620,0.0044999998062849045
7621,0.002722222125157714
7622,0.0029642856679856777
7623,0.0034000000450760126
7624,0.00283333333209157
7625,0.002888888819143176
7626,0.002937499899417162
7627,0.003000000026077032
7628,0.0035714285913854837
7629,0.003000000026077032
7630,0.0024444444570690393
7631,0.0024999999441206455
7632,0.0025714286603033543
7633,0.002437500050291419
7634,0.003687500022351742
7635,0.0032999999821186066
7636,0.002899999963119626
7637,0.002850000048056245
7638,0.0033181817270815372
7639,0.003800000064074993
7640,0.0033333334140479565
7641,0.002199999988079071
7642,0.003000000026077032
7643,0.0026666666381061077
7644,0.002142857061699033
7645,0.0035000001080334187
7646,0.002888888819143176
7647,0.0026111111510545015
7648,0.002062499988824129
7649,0.003000000026077032
7650,0.002785714343190193
7651,0.003285714192315936
7652,0.0026000000070780516
7653,0.00283333333209157
7654,0.0033636363223195076
7655,0.002899999963119626
7656,0.0035000001080334187
7657,0.002850000048056245
7658,0.003000000026077032
7659,0.002749999985098839
7660,0.003650000086054206
7661,0.003142857225611806
7662,0.003312499960884452
7663,0.0031250000465661287
7664,0.002277777763083577
7665,0.0026666666381061077
7666,0.0030416666995733976
7667,0.003071428509429097
7668,0.0031666667200624943
7669,0.0035769231617450714
7670,0.004045454319566488
7671,0.0028750000055879354
7672,0.00320833339355886
7673,0.003958333283662796
7674,0.0035000001080334187
7675,0.0034615383483469486
7676,0.0035909090656787157
7677,0.004041666630655527
7678,0.004590908996760845
7679,0.0038333332631736994
7680,0.0037499999161809683
7681,0.002850000048056245
7682,0.0024444444570690393
7683,0.0030624999199062586
7684,0.003000000026077032
7685,0.004000000189989805
7686,0.0038499999791383743
7687,0.0032777776941657066
7688,0.002812500111758709
7689,0.003666666569188237
7690,0.002722222125157714
7691,0.003937500063329935
7692,0.0030624999199062586
7693,0.002916666679084301
7694,0.0026428571436554193
7695,0.0022857142612338066
7696,0.0031874999403953552
7697,0.0030555555131286383
7698,0.002749999985098839
7699,0.003071428509429097
7700,0.0021250001154839993
7701,0.0023333332501351833
7702,0.0026666666381061077
7703,0.0028571428265422583
7704,0.0025714286603033543
7705,0.002300000051036477
7706,0.0032777776941657066
7707,0.0031111110001802444
7708,0.0034545455127954483
7709,0.002749999985098839
7710,0.0024090909864753485
7711,0.0032500000670552254
7712,0.0029615384992212057
7713,0.0029545454308390617
7714,0.0028636364731937647
7715,0.002722222125157714
7716,0.0031999999191612005
7717,0.003687500022351742
7718,0.003611111082136631
7719,0.003650000086054206
7720,0.0032500000670552254
7721,0.0026666666381061077
7722,0.004111111164093018
7723,0.002222222276031971
7724,0.003000000026077032
7725,0.002749999985098839
7726,0.004045454319566488
7727,0.0027916666585952044
7728,0.0035909090656787157
7729,0.0038499999791383743
7730,0.003000000026077032
7731,0.003444444388151169
7732,0.003000000026077032
7733,0.002850000048056245
7734,0.0027000000700354576
7735,0.0033333334140479565
7736,0.0032500000670552254
7737,0.0026499999221414328
7738,0.0024999999441206455
7739,0.003444444388151169
7740,0.0031111110001802444
7741,0.002850000048056245
7742,0.0031500000040978193
7743,0.00283333333209157
7744,0.0035000001080334187
7745,0.0031666667200624943
7746,0.0029090908356010914
7747,0.0025769229978322983
7748,0.0029545454308390617
7749,0.003678571432828903
7750,0.0026333334390074015
7751,0.0033461537677794695
7752,0.0023846153635531664
7753,0.0024090909864753485
7754,0.00283333333209157
7755,0.0022083332296460867
7756,0.0033181817270815372
7757,0.003090908983722329
7758,0.002545454539358616
7759,0.002374999923631549
7760,0.0027272726874798536
7761,0.002785714343190193
7762,0.003653846215456724
7763,0.003357142908498645
7764,0.0027083333116024733
7765,0.003000000026077032
7766,0.0026111111510545015
7767,0.003687500022351742
7768,0.004416666459292173
7769,0.0034166667610406876
7770,0.002166666556149721
7771,0.0023571427445858717
7772,0.001500000013038516
7773,0.003312499960884452
7774,0.0030624999199062586
7775,0.0024999999441206455
7776,0.0031999999191612005
7777,0.00318181817419827
7778,0.0032999999821186066
7779,0.0029090908356010914
7780,0.002772727282717824
7781,0.0027083333116024733
7782,0.002038461621850729
7783,0.0028181818779557943
7784,0.0027000000700354576
7785,0.0031874999403953552
7786,0.0037142857909202576
7787,0.002928571542724967
7788,0.0030624999199062586
7789,0.002785714343190193
7790,0.0024166665971279144
7791,0.0025625000707805157
7792,0.0032727273646742105
7793,0.003636363660916686
7794,0.0034000000450760126
7795,0.0037727272137999535
7796,0.0035909090656787157
7797,0.003409090917557478
7798,0.003291666740551591
7799,0.003863636404275894
7800,0.0034545455127954483
7801,0.00283333333209157
7802,0.004000000189989805
7803,0.003285714192315936
7804,0.00342857139185071
7805,0.0028750000055879354
7806,0.0032500000670552254
7807,0.003444444388151169
7808,0.00318181817419827
7809,0.004100000020116568
7810,0.002374999923631549
7811,0.0033499998971819878
7812,0.0032727273646742105
7813,0.003818181809037924
7814,0.004038461484014988
7815,0.003409090917557478
7816,0.002950000111013651
7817,0.0031111110001802444
7818,0.004000000189989805
7819,0.003000000026077032
7820,0.0027000000700354576
7821,0.003000000026077032
7822,0.0025714286603033543
7823,0.004388888832181692
7824,0.0025500000920146704
7825,0.003100000089034438
7826,0.0028181818779557943
7827,0.0031153846066445112
7828,0.002916666679084301
7829,0.0027272726874798536
7830,0.0023499999660998583
7831,0.003700000001117587
7832,0.0031999999191612005
7833,0.003142857225611806
7834,0.0026666666381061077
7835,0.0026000000070780516
7836,0.0029583333525806665
7837,0.0031666667200624943
7838,0.003357142908498645
7839,0.0032727273646742105
7840,0.003000000026077032
7841,0.0024999999441206455
7842,0.002888888819143176
7843,0.0032999999821186066
7844,0.003000000026077032
7845,0.0035714285913854837
7846,0.002749999985098839
7847,0.0033636363223195076
7848,0.003599999938160181
7849,0.0026111111510545015
7850,0.002888888819143176
7851,0.002888888819143176
7852,0.002230769256129861
7853,0.0024999999441206455
7854,0.0030499999411404133
7855,0.0029090908356010914
7856,0.002950000111013651
7857,0.0034000000450760126
7858,0.002944444539025426
7859,0.0037499999161809683
7860,0.002785714343190193
7861,0.0031999999191612005
7862,0.0032500000670552254
7863,0.002437500050291419
7864,0.0028571428265422583
7865,0.0031666667200624943
7866,0.0032727273646742105
7867,0.0022499999031424522
7868,0.0029642856679856777
7869,0.003384615294635296
7870,0.0027666667010635138
7871,0.0029642856679856777
7872,0.003192307660356164
7873,0.0029615384992212057
7874,0.0024500000290572643
7875,0.0022727272007614374
7876,0.004000000189989805
7877,0.002812500111758709
7878,0.0026666666381061077
7879,0.0026666666381061077
7880,0.0024999999441206455
7881,0.0033888889010995626
7882,0.0031111110001802444
7883,0.0031999999191612005
7884,0.002545454539358616
7885,0.003666666569188237
7886,0.0024090909864753485
7887,0.002388888970017433
7888,0.002363636391237378
7889,0.0031500000040978193
7890,0.0035000001080334187
7891,0.003000000026077032
7892,0.003083333373069763
7893,0.0024999999441206455
7894,0.0032777776941657066
7895,0.002785714343190193
7896,0.00342857139185071
7897,0.0023571427445858717
7898,0.003100000089034438
7899,0.003599999938160181
7900,0.0028571428265422583
7901,0.0035000001080334187
7902,0.0031111110001802444
7903,0.0031500000040978193
7904,0.003000000026077032
7905,0.003722222289070487
7906,0.00322727276943624
7907,0.004350000061094761
7908,0.0030555555131286383
7909,0.00342857139185071
7910,0.0035000001080334187
7911,0.0038571427576243877
7912,0.0027142856270074844
7913,0.004166666883975267
7914,0.004166666883975267
7915,0.003642857074737549
7916,0.0037499999161809683
7917,0.0035500000230968
7918,0.0036818182561546564
7919,0.0031666667200624943
7920,0.0037692307960242033
7921,0.002653846051543951
7922,0.0031538461335003376
7923,0.003583333222195506
7924,0.004045454319566488
7925,0.0033636363223195076
7926,0.003100000089034438
7927,0.0022499999031424522
7928,0.00427777785807848
7929,0.0035000001080334187
7930,0.0039090909995138645
7931,0.003090908983722329
7932,0.003650000086054206
7933,0.0033636363223195076
7934,0.00431818189099431
7935,0.003000000026077032
7936,0.0026818180922418833
7937,0.003000000026077032
7938,0.004650000017136335
7939,0.0030555555131286383
7940,0.002899999963119626
7941,0.002722222125157714
7942,0.003642857074737549
7943,0.0054374998435378075
7944,0.0028750000055879354
7945,0.0031250000465661287
7946,0.0028571428265422583
7947,0.0026000000070780516
7948,0.0034000000450760126
7949,0.0033333334140479565
7950,0.003375000087544322
7951,0.002199999988079071
7952,0.0031666667200624943
7953,0.003083333373069763
7954,0.0027142856270074844
7955,0.002888888819143176
7956,0.0027777778450399637
7957,0.0025555556640028954
7958,0.002950000111013651
7959,0.0025555556640028954
7960,0.002749999985098839
7961,0.0022499999031424522
7962,0.003000000026077032
7963,0.0031666667200624943
7964,0.0024999999441206455
7965,0.002222222276031971
7966,0.0026111111510545015
7967,0.0025625000707805157
7968,0.0032777776941657066
7969,0.003650000086054206
7970,0.003100000089034438
7971,0.002749999985098839
7972,0.0031666667200624943
7973,0.002899999963119626
7974,0.003375000087544322
7975,0.0024999999441206455
7976,0.002888888819143176
7977,0.003375000087544322
7978,0.0032222222071141005
7979,0.002944444539025426
7980,0.0032727273646742105
7981,0.002899999963119626
7982,0.002950000111013651
7983,0.0034000000450760126
7984,0.0026363637298345566
7985,0.0031874999403953552
7986,0.002928571542724967
7987,0.004000000189989805
7988,0.0035000001080334187
7989,0.003000000026077032
7990,0.0034000000450760126
7991,0.0024285714607685804
7992,0.0028750000055879354
7993,0.0017999999690800905
7994,0.002277777763083577
7995,0.002850000048056245
7996,0.00283333333209157
7997,0.0032500000670552254
7998,0.003076923079788685
7999,0.00286666676402092
8000,0.00320833339355886
8001,0.0033636363223195076
8002,0.0026818180922418833
8003,0.002541666617617011
8004,0.0031500000040978193
8005,0.002944444539025426
8006,0.0030416666995733976
8007,0.0028636364731937647
8008,0.0031250000465661287
8009,0.0018749999580904841
8010,0.00322727276943624
8011,0.0033636363223195076
8012,0.002722222125157714
8013,0.0033181817270815372
8014,0.0028636364731937647
8015,0.003818181809037924
8016,0.003541666781529784
8017,0.0028461539186537266
8018,0.00320833339355886
8019,0.00283333333209157
8020,0.003642857074737549
8021,0.002400000113993883
8022,0.0026000000070780516
8023,0.004999999888241291
8024,0.004166666883975267
8025,0.003071428509429097
8026,0.004611111246049404
8027,0.0038125000428408384
8028,0.004181818105280399
8029,0.0037727272137999535
8030,0.0042500002309679985
8031,0.0027083333116024733
8032,0.0035000001080334187
8033,0.0032500000670552254
8034,0.0029545454308390617
8035,0.0025500000920146704
8036,0.003777777776122093
8037,0.0028571428265422583
8038,0.0038571427576243877
8039,0.003357142908498645
8040,0.0031250000465661287
8041,0.00342857139185071
8042,0.00427777785807848
8043,0.0032777776941657066
8044,0.003076923079788685
8045,0.0030666666571050882
8046,0.0034230768214911222
8047,0.002916666679084301
8048,0.0030333332251757383
8049,0.0035714285913854837
8050,0.0032500000670552254
8051,0.002607142785564065
8052,0.0031785713508725166
8053,0.003076923079788685
8054,0.0032500000670552254
8055,0.003687500022351742
8056,0.00342857139185071
8057,0.0044999998062849045
8058,0.002374999923631549
8059,0.003000000026077032
8060,0.0036249998956918716
8061,0.004000000189989805
8062,0.003071428509429097
8063,0.003642857074737549
8064,0.00342857139185071
8065,0.0031250000465661287
8066,0.0032777776941657066
8067,0.004062499850988388
8068,0.004071428440511227
8069,0.0034000000450760126
8070,0.0020000000949949026
8071,0.0035000001080334187
8072,0.0032500000670552254
8073,0.0038999998942017555
8074,0.00279999990016222
8075,0.002099999925121665
8076,0.004416666459292173
8077,0.0043750000186264515
8078,0.003100000089034438
8079,0.003357142908498645
8080,0.003687500022351742
8081,0.004111111164093018
8082,0.00429166667163372
8083,0.003958333283662796
8084,0.004461538512259722
8085,0.004550000187009573
8086,0.004166666883975267
8087,0.0033333334140479565
8088,0.00566666666418314
8089,0.0047222222201526165
8090,0.005062500014901161
8091,0.005277777556329966
8092,0.006285714451223612
8093,0.004428571555763483
8094,0.005642856936901808
8095,0.005833333358168602
8096,0.0037499999161809683
8097,0.003562500001862645
8098,0.003375000087544322
8099,0.003357142908498645
8100,0.0031666667200624943
8101,0.003949999809265137
8102,0.003636363660916686
8103,0.0032727273646742105
8104,0.00320833339355886
8105,0.0022692307829856873
8106,0.0029583333525806665
8107,0.002916666679084301
8108,0.0031250000465661287
8109,0.002374999923631549
8110,0.002812500111758709
8111,0.0031999999191612005
8112,0.0024999999441206455
8113,0.0032999999821186066
8114,0.003000000026077032
8115,0.0031666667200624943
8116,0.0030624999199062586
8117,0.003071428509429097
8118,0.003142857225611806
8119,0.0024285714607685804
8120,0.003777777776122093
8121,0.0037083332426846027
8122,0.0038499999791383743
8123,0.0037499999161809683
8124,0.003874999936670065
8125,0.0035909090656787157
8126,0.0025555556640028954
8127,0.004214285872876644
8128,0.003142857225611806
8129,0.0037857142742723227
8130,0.004071428440511227
8131,0.004000000189989805
8132,0.0031999999191612005
8133,0.0035000001080334187
8134,0.003777777776122093
8135,0.0032500000670552254
8136,0.0032500000670552254
8137,0.003000000026077032
8138,0.0025909091345965862
8139,0.0032222222071141005
8140,0.003722222289070487
8141,0.0030555555131286383
8142,0.0031666667200624943
8143,0.0020833334419876337
8144,0.004562499932944775
8145,0.003666666569188237
8146,0.0038571427576243877
8147,0.002749999985098839
8148,0.004187500104308128
8149,0.0031250000465661287
8150,0.003650000086054206
8151,0.004100000020116568
8152,0.0035500000230968
8153,0.0031363635789602995
8154,0.0027777778450399637
8155,0.0032727273646742105
8156,0.0028181818779557943
8157,0.004625000059604645
8158,0.0037727272137999535
8159,0.0034545455127954483
8160,0.0031363635789602995
8161,0.0035000001080334187
8162,0.0029545454308390617
8163,0.0034615383483469486
8164,0.0037666666321456432
8165,0.004142857156693935
8166,0.0032307691872119904
8167,0.003000000026077032
8168,0.0023333332501351833
8169,0.003666666569188237
8170,0.003874999936670065
8171,0.004083333536982536
8172,0.0024999999441206455
8173,0.0036249998956918716
8174,0.003000000026077032
8175,0.003700000001117587
8176,0.003357142908498645
8177,0.002749999985098839
8178,0.0024444444570690393
8179,0.0023076923098415136
8180,0.0032307691872119904
8181,0.0023076923098415136
8182,0.0028750000055879354
8183,0.003000000026077032
8184,0.0024999999441206455
8185,0.0027916666585952044
8186,0.002722222125157714
8187,0.002374999923631549
8188,0.0025714286603033543
8189,0.0026428571436554193
8190,0.003449999960139394
8191,0.002772727282717824
8192,0.0029583333525806665
8193,0.0025625000707805157
8194,0.0024444444570690393
8195,0.0029545454308390617
8196,0.0029615384992212057
8197,0.0029090908356010914
8198,0.0025769229978322983
8199,0.0029615384992212057
8200,0.0032999999821186066
8201,0.0027777778450399637
8202,0.002388888970017433
8203,0.004111111164093018
8204,0.0033333334140479565
8205,0.003599999938160181
8206,0.0036818182561546564
8207,0.002899999963119626
8208,0.003937500063329935
8209,0.0036249998956918716
8210,0.003000000026077032
8211,0.0037499999161809683
8212,0.00342857139185071
8213,0.003375000087544322
8214,0.003357142908498645
8215,0.0035769231617450714
8216,0.0034000000450760126
8217,0.003888888983055949
8218,0.003954545594751835
8219,0.003555555595085025
8220,0.005166666582226753
8221,0.004312499891966581
8222,0.004999999888241291
8223,0.0044999998062849045
8224,0.004187500104308128
8225,0.005187499802559614
8226,0.00422727270051837
8227,0.0044999998062849045
8228,0.0031250000465661287
8229,0.0037499999161809683
8230,0.004166666883975267
8231,0.00422727270051837
8232,0.0030499999411404133
8233,0.004749999847263098
8234,0.004550000187009573
8235,0.0048500001430511475
8236,0.0047222222201526165
8237,0.003722222289070487
8238,0.003777777776122093
8239,0.0044999998062849045
8240,0.0027142856270074844
8241,0.003357142908498645
8242,0.0022499999031424522
8243,0.0032500000670552254
8244,0.0028636364731937647
8245,0.0025909091345965862
8246,0.00318181817419827
8247,0.0026428571436554193
8248,0.0026000000070780516
8249,0.002722222125157714
8250,0.0028636364731937647
8251,0.002749999985098839
8252,0.0032999999821186066
8253,0.002772727282717824
8254,0.003000000026077032
8255,0.0025555556640028954
8256,0.0023181817959994078
8257,0.002363636391237378
8258,0.003000000026077032
8259,0.0020833334419876337
8260,0.0029090908356010914
8261,0.0024999999441206455
8262,0.0024090909864753485
8263,0.0028181818779557943
8264,0.003700000001117587
8265,0.0032727273646742105
8266,0.0029090908356010914
8267,0.003090908983722329
8268,0.0028636364731937647
8269,0.0022499999031424522
8270,0.003090908983722329
8271,0.0026153845246881247
8272,0.0029642856679856777
8273,0.0031153846066445112
8274,0.0034230768214911222
8275,0.003636363660916686
8276,0.00430000014603138
8277,0.003449999960139394
8278,0.0031666667200624943
8279,0.0028571428265422583
8280,0.003000000026077032
8281,0.0044999998062849045
8282,0.0032999999821186066
8283,0.003285714192315936
8284,0.004285714123398066
8285,0.004800000227987766
8286,0.0031999999191612005
8287,0.0038333332631736994
8288,0.005187499802559614
8289,0.0035714285913854837
8290,0.003687500022351742
8291,0.004590908996760845
8292,0.007384615484625101
8293,0.006708333268761635
8294,0.007227272726595402
8295,0.004999999888241291
8296,0.006208333186805248
8297,0.005818181671202183
8298,0.005954545456916094
8299,0.003538461634889245
8300,0.007071428466588259
8301,0.005107142962515354
8302,0.004545454401522875
8303,0.004045454319566488
8304,0.003700000001117587
8305,0.003791666589677334
8306,0.004333333112299442
8307,0.004000000189989805
8308,0.0028636364731937647
8309,0.004071428440511227
8310,0.003071428509429097
8311,0.004833333194255829
8312,0.004999999888241291
8313,0.0038999998942017555
8314,0.0039285714738070965
8315,0.003000000026077032
8316,0.0027777778450399637
8317,0.002400000113993883
8318,0.003409090917557478
8319,0.002749999985098839
8320,0.002944444539025426
8321,0.0027000000700354576
8322,0.003000000026077032
8323,0.0032500000670552254
8324,0.0026428571436554193
8325,0.0028750000055879354
8326,0.00279999990016222
8327,0.002722222125157714
8328,0.002888888819143176
8329,0.0021875000093132257
8330,0.0026666666381061077
8331,0.00342857139185071
8332,0.004083333536982536
8333,0.004000000189989805
8334,0.003874999936670065
8335,0.0034166667610406876
8336,0.004785714205354452
8337,0.003357142908498645
8338,0.004166666883975267
8339,0.0032500000670552254
8340,0.002937499899417162
8341,0.0031874999403953552
8342,0.0033888889010995626
8343,0.004062499850988388
8344,0.003722222289070487
8345,0.0036249998956918716
8346,0.003375000087544322
8347,0.003611111082136631
8348,0.004833333194255829
8349,0.004083333536982536
8350,0.004166666883975267
8351,0.003650000086054206
8352,0.004000000189989805
8353,0.0037499999161809683
8354,0.0042500002309679985
8355,0.0039230771362781525
8356,0.004900000058114529
8357,0.0025625000707805157
8358,0.0044999998062849045
8359,0.0023125000298023224
8360,0.004333333112299442
8361,0.0032999999821186066
8362,0.0034166667610406876
8363,0.0025833332911133766
8364,0.0026875000912696123
8365,0.0026666666381061077
8366,0.0024166665971279144
8367,0.0026666666381061077
8368,0.0025909091345965862
8369,0.00215000007301569
8370,0.0027272726874798536
8371,0.002099999925121665
8372,0.0031363635789602995
8373,0.002950000111013651
8374,0.0031363635789602995
8375,0.002944444539025426
8376,0.0024999999441206455
8377,0.0029545454308390617
8378,0.00283333333209157
8379,0.0033499998971819878
8380,0.0030357143841683865
8381,0.0026363637298345566
8382,0.002166666556149721
8383,0.00318181817419827
8384,0.0030555555131286383
8385,0.002388888970017433
8386,0.0030624999199062586
8387,0.002624999964609742
8388,0.0035000001080334187
8389,0.003555555595085025
8390,0.0036249998956918716
8391,0.003599999938160181
8392,0.002400000113993883
8393,0.004100000020116568
8394,0.003384615294635296
8395,0.003538461634889245
8396,0.0029090908356010914
8397,0.0032500000670552254
8398,0.0025714286603033543
8399,0.0026000000070780516
8400,0.00283333333209157
8401,0.0024999999441206455
8402,0.003599999938160181
8403,0.0035000001080334187
8404,0.003083333373069763
8405,0.0026875000912696123
8406,0.0027272726874798536
8407,0.0029545454308390617
8408,0.0026666666381061077
8409,0.002850000048056245
8410,0.002749999985098839
8411,0.0024166665971279144
8412,0.002950000111013651
8413,0.0026499999221414328
8414,0.0037142857909202576
8415,0.0026875000912696123
8416,0.0031874999403953552
8417,0.002722222125157714
8418,0.0033333334140479565
8419,0.0024444444570690393
8420,0.0032777776941657066
8421,0.002899999963119626
8422,0.003384615294635296
8423,0.0035357142332941294
8424,0.003307692240923643
8425,0.0035000001080334187
8426,0.0031470588874071836
8427,0.0035882352385669947
8428,0.0036176471039652824
8429,0.0034374999813735485
8430,0.003678571432828903
8431,0.0035000001080334187
8432,0.0037499999161809683
8433,0.0038999998942017555
8434,0.002899999963119626
8435,0.003666666569188237
8436,0.0033888889010995626
8437,0.004000000189989805
8438,0.0036249998956918716
8439,0.0028571428265422583
8440,0.003100000089034438
8441,0.002899999963119626
8442,0.0026818180922418833
8443,0.004166666883975267
8444,0.0031999999191612005
8445,0.003100000089034438
8446,0.004416666459292173
8447,0.003636363660916686
8448,0.0034000000450760126
8449,0.0031874999403953552
8450,0.002899999963119626
8451,0.002166666556149721
8452,0.002937499899417162
8453,0.0024999999441206455
8454,0.0032999999821186066
8455,0.0031500000040978193
8456,0.00322727276943624
8457,0.0030499999411404133
8458,0.002950000111013651
8459,0.0030454546213150024
8460,0.0031111110001802444
8461,0.0026111111510545015
8462,0.0033888889010995626
8463,0.002928571542724967
8464,0.0031999999191612005
8465,0.003100000089034438
8466,0.00283333333209157
8467,0.003863636404275894
8468,0.0029642856679856777
8469,0.0031250000465661287
8470,0.003000000026077032
8471,0.002769230864942074
8472,0.0036249998956918716
8473,0.003090908983722329
8474,0.003863636404275894
8475,0.0038499999791383743
8476,0.0032500000670552254
8477,0.0032999999821186066
8478,0.0033333334140479565
8479,0.003312499960884452
8480,0.003000000026077032
8481,0.0028750000055879354
8482,0.0031666667200624943
8483,0.00318181817419827
8484,0.0032999999821186066
8485,0.003100000089034438
8486,0.004000000189989805
8487,0.00318181817419827
8488,0.0034545455127954483
8489,0.0033333334140479565
8490,0.003214285708963871
8491,0.002966666594147682
8492,0.0035000001080334187
8493,0.003291666740551591
8494,0.003583333222195506
8495,0.0025555556640028954
8496,0.0033636363223195076
8497,0.003000000026077032
8498,0.003214285708963871
8499,0.003666666569188237
8500,0.0036249998956918716
8501,0.0037499999161809683
8502,0.003718750085681677
8503,0.003312499960884452
8504,0.003285714192315936
8505,0.0030416666995733976
8506,0.003727272618561983
8507,0.003818181809037924
8508,0.0033333334140479565
8509,0.002785714343190193
8510,0.003642857074737549
8511,0.003874999936670065
8512,0.003142857225611806
8513,0.004166666883975267
8514,0.0033333334140479565
8515,0.003000000026077032
8516,0.0031250000465661287
8517,0.003687500022351742
8518,0.0028750000055879354
8519,0.0032500000670552254
8520,0.0031999999191612005
8521,0.0034166667610406876
8522,0.0032500000670552254
8523,0.00342857139185071
8524,0.003777777776122093
8525,0.0034000000450760126
8526,0.0031363635789602995
8527,0.004100000020116568
8528,0.0035000001080334187
8529,0.003818181809037924
8530,0.0032500000670552254
8531,0.0028750000055879354
8532,0.002785714343190193
8533,0.0037857142742723227
8534,0.004100000020116568
8535,0.004071428440511227
8536,0.00430000014603138
8537,0.0032999999821186066
8538,0.0031999999191612005
8539,0.002916666679084301
8540,0.003599999938160181
8541,0.003000000026077032
8542,0.0037499999161809683
8543,0.0035500000230968
8544,0.0038499999791383743
8545,0.004590908996760845
8546,0.004124999977648258
8547,0.0033461537677794695
8548,0.0026666666381061077
8549,0.004000000189989805
8550,0.00430000014603138
8551,0.003636363660916686
8552,0.00427272729575634
8553,0.004050000105053186
8554,0.004611111246049404
8555,0.0032500000670552254
8556,0.003312499960884452
8557,0.003444444388151169
8558,0.003555555595085025
8559,0.005083333235234022
8560,0.004818181972950697
8561,0.00469230767339468
8562,0.0039285714738070965
8563,0.0044999998062849045
8564,0.0028750000055879354
8565,0.0038999998942017555
8566,0.002222222276031971
8567,0.004000000189989805
8568,0.003000000026077032
8569,0.004050000105053186
8570,0.0032500000670552254
8571,0.0030555555131286383
8572,0.002944444539025426
8573,0.003449999960139394
8574,0.00215000007301569
8575,0.002899999963119626
8576,0.0030454546213150024
8577,0.003800000064074993
8578,0.0026000000070780516
8579,0.003000000026077032
8580,0.002199999988079071
8581,0.003666666569188237
8582,0.003357142908498645
8583,0.0027000000700354576
8584,0.003071428509429097
8585,0.0037499999161809683
8586,0.002928571542724967
8587,0.003142857225611806
8588,0.003214285708963871
8589,0.003000000026077032
8590,0.0034374999813735485
8591,0.0032999999821186066
8592,0.0031250000465661287
8593,0.003538461634889245
8594,0.003000000026077032
8595,0.0037499999161809683
8596,0.0034166667610406876
8597,0.0026818180922418833
8598,0.0035500000230968
8599,0.004062499850988388
8600,0.0034166667610406876
8601,0.0035000001080334187
8602,0.0037142857909202576
8603,0.0026428571436554193
8604,0.002928571542724967
8605,0.0033333334140479565
8606,0.0033333334140479565
8607,0.0036818182561546564
8608,0.003100000089034438
8609,0.003449999960139394
8610,0.0033888889010995626
8611,0.0024166665971279144
8612,0.0035909090656787157
8613,0.0024090909864753485
8614,0.0031500000040978193
8615,0.0038499999791383743
8616,0.0031250000465661287
8617,0.0032692307140678167
8618,0.0021818182431161404
8619,0.003291666740551591
8620,0.002850000048056245
8621,0.0033636363223195076
8622,0.002899999963119626
8623,0.003071428509429097
8624,0.003916666842997074
8625,0.0031250000465661287
8626,0.0028750000055879354
8627,0.003777777776122093
8628,0.0043750000186264515
8629,0.004000000189989805
8630,0.002937499899417162
8631,0.004000000189989805
8632,0.003562500001862645
8633,0.005249999929219484
8634,0.00492857163771987
8635,0.003916666842997074
8636,0.004357142839580774
8637,0.003142857225611806
8638,0.003083333373069763
8639,0.004999999888241291
8640,0.004954545293003321
8641,0.004666666500270367
8642,0.0036249998956918716
8643,0.003444444388151169
8644,0.003666666569188237
8645,0.0031500000040978193
8646,0.0033333334140479565
8647,0.0037142857909202576
8648,0.003375000087544322
8649,0.0035714285913854837
8650,0.0025555556640028954
8651,0.0027777778450399637
8652,0.002222222276031971
8653,0.003375000087544322
8654,0.0026428571436554193
8655,0.0026875000912696123
8656,0.0024999999441206455
8657,0.0031250000465661287
8658,0.0035000001080334187
8659,0.002899999963119626
8660,0.002400000113993883
8661,0.003000000026077032
8662,0.0035714285913854837
8663,0.0024999999441206455
8664,0.0030499999411404133
8665,0.002749999985098839
8666,0.0032222222071141005
8667,0.002899999963119626
8668,0.0034545455127954483
8669,0.0030454546213150024
8670,0.002722222125157714
8671,0.002850000048056245
8672,0.0029090908356010914
8673,0.003687500022351742
8674,0.002624999964609742
8675,0.002899999963119626
8676,0.00318181817419827
8677,0.0025909091345965862
8678,0.002772727282717824
8679,0.0024999999441206455
8680,0.003375000087544322
8681,0.0030384615529328585
8682,0.0031999999191612005
8683,0.002653846051543951
8684,0.0032999999821186066
8685,0.0035500000230968
8686,0.003000000026077032
8687,0.0035454544704407454
8688,0.003000000026077032
8689,0.0035769231617450714
8690,0.0024090909864753485
8691,0.002374999923631549
8692,0.002749999985098839
8693,0.0035454544704407454
8694,0.00322727276943624
8695,0.0023181817959994078
8696,0.0022499999031424522
8697,0.00279999990016222
8698,0.003444444388151169
8699,0.002055555582046509
8700,0.0019285713788121939
8701,0.0022142857778817415
8702,0.0033333334140479565
8703,0.0032500000670552254
8704,0.002899999963119626
8705,0.0034166667610406876
8706,0.002624999964609742
8707,0.0031500000040978193
8708,0.0031500000040978193
8709,0.0031666667200624943
8710,0.0025909091345965862
8711,0.004083333536982536
8712,0.0026666666381061077
8713,0.002363636391237378
8714,0.003409090917557478
8715,0.003000000026077032
8716,0.004149999935179949
8717,0.0037499999161809683
8718,0.004875000100582838
8719,0.002950000111013651
8720,0.0038333332631736994
8721,0.0035909090656787157
8722,0.004090908914804459
8723,0.005166666582226753
8724,0.0048500001430511475
8725,0.003722222289070487
8726,0.005400000140070915
8727,0.0042500002309679985
8728,0.003937500063329935
8729,0.005874999798834324
8730,0.003666666569188237
8731,0.0026666666381061077
8732,0.004857142921537161
8733,0.004000000189989805
8734,0.00427777785807848
8735,0.004777777940034866
8736,0.003722222289070487
8737,0.003818181809037924
8738,0.004100000020116568
8739,0.0036249998956918716
8740,0.003000000026077032
8741,0.0025714286603033543
8742,0.002624999964609742
8743,0.004399999976158142
8744,0.0033181817270815372
8745,0.002374999923631549
8746,0.003666666569188237
8747,0.0038999998942017555
8748,0.0035000001080334187
8749,0.002899999963119626
8750,0.003800000064074993
8751,0.002950000111013651
8752,0.0024090909864753485
8753,0.002933333395048976
8754,0.002749999985098839
8755,0.004235294181853533
8756,0.003533333307132125
8757,0.003214285708963871
8758,0.002821428468450904
8759,0.00469230767339468
8760,0.003888888983055949
8761,0.003687500022351742
8762,0.0044999998062849045
8763,0.003944444470107555
8764,0.0037499999161809683
8765,0.002437500050291419
8766,0.0030499999411404133
8767,0.00318181817419827
8768,0.003000000026077032
8769,0.0037857142742723227
8770,0.003100000089034438
8771,0.00322727276943624
8772,0.002850000048056245
8773,0.00279999990016222
8774,0.003000000026077032
8775,0.0035000001080334187
8776,0.003700000001117587
8777,0.003444444388151169
8778,0.0024500000290572643
8779,0.0042500002309679985
8780,0.004785714205354452
8781,0.0026428571436554193
8782,0.0026666666381061077
8783,0.002785714343190193
8784,0.0026428571436554193
8785,0.002928571542724967
8786,0.0031250000465661287
8787,0.002812500111758709
8788,0.0030555555131286383
8789,0.0028636364731937647
8790,0.0031874999403953552
8791,0.002944444539025426
8792,0.002142857061699033
8793,0.004000000189989805
8794,0.003142857225611806
8795,0.0033888889010995626
8796,0.003444444388151169
8797,0.0030624999199062586
8798,0.004187500104308128
8799,0.0027777778450399637
8800,0.003687500022351742
8801,0.003562500001862645
8802,0.0025714286603033543
8803,0.0022857142612338066
8804,0.004000000189989805
8805,0.002916666679084301
8806,0.003312499960884452
8807,0.003312499960884452
8808,0.002624999964609742
8809,0.003687500022351742
8810,0.004124999977648258
8811,0.0031500000040978193
8812,0.0033636363223195076
8813,0.003555555595085025
8814,0.0024444444570690393
8815,0.0033888889010995626
8816,0.0025555556640028954
8817,0.0038999998942017555
8818,0.00322727276943624
8819,0.0032500000670552254
8820,0.0035000001080334187
8821,0.0035000001080334187
8822,0.003142857225611806
8823,0.0031666667200624943
8824,0.0036249998956918716
8825,0.0035000001080334187
8826,0.002899999963119626
8827,0.0032307691872119904
8828,0.003961538430303335
8829,0.0037499999161809683
8830,0.0030384615529328585
8831,0.003375000087544322
8832,0.003599999938160181
8833,0.00283333333209157
8834,0.0035000001080334187
8835,0.0031363635789602995
8836,0.00322727276943624
8837,0.0031250000465661287
8838,0.0032500000670552254
8839,0.0029545454308390617
8840,0.0031874999403953552
8841,0.003000000026077032
8842,0.0044999998062849045
8843,0.003000000026077032
8844,0.0023499999660998583
8845,0.002916666679084301
8846,0.002454545348882675
8847,0.0030454546213150024
8848,0.00283333333209157
8849,0.0031999999191612005
8850,0.00283333333209157
8851,0.003100000089034438
8852,0.0030624999199062586
8853,0.003666666569188237
8854,0.0026428571436554193
8855,0.0024999999441206455
8856,0.0035000001080334187
8857,0.004000000189989805
8858,0.003083333373069763
8859,0.0020000000949949026
8860,0.0037499999161809683
8861,0.003090908983722329
8862,0.0035454544704407454
8863,0.0035000001080334187
8864,0.003090908983722329
8865,0.0037727272137999535
8866,0.0033181817270815372
8867,0.003100000089034438
8868,0.003777777776122093
8869,0.0026428571436554193
8870,0.003000000026077032
8871,0.0037499999161809683
8872,0.003666666569188237
8873,0.003555555595085025
8874,0.002944444539025426
8875,0.0033333334140479565
8876,0.0023499999660998583
8877,0.0027142856270074844
8878,0.0021923077292740345
8879,0.002749999985098839
8880,0.0024500000290572643
8881,0.0024999999441206455
8882,0.0024999999441206455
8883,0.002950000111013651
8884,0.0024444444570690393
8885,0.0025625000707805157
8886,0.0025625000707805157
8887,0.0026428571436554193
8888,0.0031666667200624943
8889,0.0032500000670552254
8890,0.002944444539025426
8891,0.0027777778450399637
8892,0.0033333334140479565
8893,0.0027272726874798536
8894,0.0034000000450760126
8895,0.0030499999411404133
8896,0.0024285714607685804
8897,0.002374999923631549
8898,0.0032500000670552254
8899,0.003285714192315936
8900,0.0031250000465661287
8901,0.0018749999580904841
8902,0.0016666667070239782
8903,0.003800000064074993
8904,0.0020833334419876337
8905,0.003214285708963871
8906,0.0038125000428408384
8907,0.0026875000912696123
8908,0.003375000087544322
8909,0.0032777776941657066
8910,0.002624999964609742
8911,0.0025714286603033543
8912,0.0022142857778817415
8913,0.003000000026077032
8914,0.0024999999441206455
8915,0.003357142908498645
8916,0.0023125000298023224
8917,0.003000000026077032
8918,0.0027777778450399637
8919,0.0027142856270074844
8920,0.00342857139185071
8921,0.0032500000670552254
8922,0.003375000087544322
8923,0.0038999998942017555
8924,0.0025833332911133766
8925,0.0035000001080334187
8926,0.002277777763083577
8927,0.0024500000290572643
8928,0.0025909091345965862
8929,0.0032727273646742105
8930,0.0026000000070780516
8931,0.0024999999441206455
8932,0.002749999985098839
8933,0.0023571427445858717
8934,0.0026666666381061077
8935,0.002850000048056245
8936,0.0029230769723653793
8937,0.0024999999441206455
8938,0.0032692307140678167
8939,0.0033333334140479565
8940,0.0032500000670552254
8941,0.0031666667200624943
8942,0.002899999963119626
8943,0.0022499999031424522
8944,0.0031250000465661287
8945,0.003000000026077032
8946,0.0023499999660998583
8947,0.003650000086054206
8948,0.0031666667200624943
8949,0.00279999990016222
8950,0.0024999999441206455
8951,0.0029545454308390617
8952,0.003541666781529784
8953,0.0022083332296460867
8954,0.003375000087544322
8955,0.0030499999411404133
8956,0.0031111110001802444
8957,0.0023125000298023224
8958,0.0035714285913854837
8959,0.0022499999031424522
8960,0.003285714192315936
8961,0.0034166667610406876
8962,0.0033333334140479565
8963,0.0032500000670552254
8964,0.0035000001080334187
8965,0.0031999999191612005
8966,0.00283333333209157
8967,0.0039285714738070965
8968,0.0032500000670552254
8969,0.003937500063329935
8970,0.003285714192315936
8971,0.0031666667200624943
8972,0.0036249998956918716
8973,0.0023333332501351833
8974,0.003000000026077032
8975,0.003000000026077032
8976,0.002624999964609742
8977,0.0024999999441206455
8978,0.0032999999821186066
8979,0.0025625000707805157
8980,0.003000000026077032
8981,0.0021875000093132257
8982,0.003777777776122093
8983,0.0032777776941657066
8984,0.003375000087544322
8985,0.0024999999441206455
8986,0.002749999985098839
8987,0.0027000000700354576
8988,0.002300000051036477
8989,0.0024999999441206455
8990,0.0026000000070780516
8991,0.003071428509429097
8992,0.003071428509429097
8993,0.002437500050291419
8994,0.003687500022351742
8995,0.003000000026077032
8996,0.002944444539025426
8997,0.0034374999813735485
8998,0.0023499999660998583
8999,0.0031500000040978193
9000,0.0024666667450219393
9001,0.003718750085681677
9002,0.002406249986961484
9003,0.003100000089034438
9004,0.0030666666571050882
9005,0.004142857156693935
9006,0.0030416666995733976
9007,0.003090908983722329
9008,0.004090908914804459
9009,0.003562500001862645
9010,0.004062499850988388
9011,0.004124999977648258
9012,0.0052999998442828655
9013,0.003449999960139394
9014,0.003653846215456724
9015,0.003730769269168377
9016,0.004533333238214254
9017,0.0033666666131466627
9018,0.004071428440511227
9019,0.0050416667945683
9020,0.0039285714738070965
9021,0.0025714286603033543
9022,0.0037142857909202576
9023,0.002928571542724967
9024,0.002785714343190193
9025,0.0037857142742723227
9026,0.0024999999441206455
9027,0.0024999999441206455
9028,0.003357142908498645
9029,0.0022499999031424522
9030,0.004166666883975267
9031,0.0020000000949949026
9032,0.0033333334140479565
9033,0.0032307691872119904
9034,0.0033636363223195076
9035,0.002624999964609742
9036,0.002772727282717824
9037,0.0032307691872119904
9038,0.0032500000670552254
9039,0.001958333421498537
9040,0.0024999999441206455
9041,0.0029545454308390617
9042,0.0021875000093132257
9043,0.0030555555131286383
9044,0.002400000113993883
9045,0.002388888970017433
9046,0.0029090908356010914
9047,0.00245833327062428
9048,0.003090908983722329
9049,0.0027000000700354576
9050,0.002722222125157714
9051,0.0026666666381061077
9052,0.0026428571436554193
9053,0.00279999990016222
9054,0.00279999990016222
9055,0.0022857142612338066
9056,0.003000000026077032
9057,0.0033499998971819878
9058,0.003666666569188237
9059,0.003541666781529784
9060,0.00279999990016222
9061,0.0027000000700354576
9062,0.0035500000230968
9063,0.0035000001080334187
9064,0.003000000026077032
9065,0.0031111110001802444
9066,0.0025833332911133766
9067,0.0030454546213150024
9068,0.0024999999441206455
9069,0.002454545348882675
9070,0.002950000111013651
9071,0.0030499999411404133
9072,0.00322727276943624
9073,0.0027916666585952044
9074,0.002388888970017433
9075,0.0017500000540167093
9076,0.0038125000428408384
9077,0.002888888819143176
9078,0.002944444539025426
9079,0.0023125000298023224
9080,0.003312499960884452
9081,0.0031666667200624943
9082,0.0035714285913854837
9083,0.00342857139185071
9084,0.0032500000670552254
9085,0.003285714192315936
9086,0.004714285489171743
9087,0.004000000189989805
9088,0.00422727270051837
9089,0.0033928570337593555
9090,0.003678571432828903
9091,0.004428571555763483
9092,0.003607142949476838
9093,0.004566666670143604
9094,0.0031785713508725166
9095,0.004428571555763483
9096,0.0033214285504072905
9097,0.00320833339355886
9098,0.0033333334140479565
9099,0.002850000048056245
9100,0.0031250000465661287
9101,0.003000000026077032
9102,0.002850000048056245
9103,0.00318181817419827
9104,0.003666666569188237
9105,0.002899999963119626
9106,0.0032500000670552254
9107,0.00279999990016222
9108,0.0038125000428408384
9109,0.0027916666585952044
9110,0.0035500000230968
9111,0.0035000001080334187
9112,0.003100000089034438
9113,0.0028571428265422583
9114,0.003000000026077032
9115,0.0030499999411404133
9116,0.002749999985098839
9117,0.0038499999791383743
9118,0.002850000048056245
9119,0.003071428509429097
9120,0.0036818182561546564
9121,0.0026153845246881247
9122,0.003000000026077032
9123,0.002624999964609742
9124,0.003583333222195506
9125,0.0046363635919988155
9126,0.0028461539186537266
9127,0.0029615384992212057
9128,0.0031250000465661287
9129,0.0038999998942017555
9130,0.0033333334140479565
9131,0.003687500022351742
9132,0.003949999809265137
9133,0.0031999999191612005
9134,0.003636363660916686
9135,0.0037727272137999535
9136,0.00283333333209157
9137,0.0032999999821186066
9138,0.0037692307960242033
9139,0.0030454546213150024
9140,0.003954545594751835
9141,0.0032500000670552254
9142,0.004269230645149946
9143,0.003291666740551591
9144,0.003863636404275894
9145,0.003449999960139394
9146,0.00431818189099431
9147,0.0032500000670552254
9148,0.0031874999403953552
9149,0.0025555556640028954
9150,0.0030499999411404133
9151,0.003687500022351742
9152,0.004350000061094761
9153,0.0035454544704407454
9154,0.0031666667200624943
9155,0.0037499999161809683
9156,0.0031999999191612005
9157,0.002899999963119626
9158,0.002374999923631549
9159,0.002111111069098115
9160,0.002944444539025426
9161,0.002111111069098115
9162,0.0026666666381061077
9163,0.0021250001154839993
9164,0.002222222276031971
9165,0.0027777778450399637
9166,0.002222222276031971
9167,0.0032222222071141005
9168,0.0032222222071141005
9169,0.002928571542724967
9170,0.002899999963119626
9171,0.003214285708963871
9172,0.003100000089034438
9173,0.0031999999191612005
9174,0.003700000001117587
9175,0.0036818182561546564
9176,0.0038333332631736994
9177,0.003142857225611806
9178,0.0036923077423125505
9179,0.0035500000230968
9180,0.003449999960139394
9181,0.004833333194255829
9182,0.002785714343190193
9183,0.004357142839580774
9184,0.004214285872876644
9185,0.0035000001080334187
9186,0.0032500000670552254
9187,0.003000000026077032
9188,0.004999999888241291
9189,0.0035000001080334187
9190,0.005499999970197678
9191,0.004142857156693935
9192,0.003562500001862645
9193,0.0037499999161809683
9194,0.003642857074737549
9195,0.003100000089034438
9196,0.0037499999161809683
9197,0.004055555444210768
9198,0.00279999990016222
9199,0.0027916666585952044
9200,0.003000000026077032
9201,0.003458333434537053
9202,0.0033181817270815372
9203,0.0022499999031424522
9204,0.003444444388151169
9205,0.002950000111013651
9206,0.0026111111510545015
9207,0.0032500000670552254
9208,0.002944444539025426
9209,0.0028750000055879354
9210,0.0025555556640028954
9211,0.0023499999660998583
9212,0.0036249998956918716
9213,0.002277777763083577
9214,0.00322727276943624
9215,0.0022499999031424522
9216,0.003100000089034438
9217,0.0030499999411404133
9218,0.002363636391237378
9219,0.0033333334140479565
9220,0.0022499999031424522
9221,0.002944444539025426
9222,0.003000000026077032
9223,0.0026666666381061077
9224,0.0020833334419876337
9225,0.0027142856270074844
9226,0.003083333373069763
9227,0.00283333333209157
9228,0.0026666666381061077
9229,0.003642857074737549
9230,0.003000000026077032
9231,0.003357142908498645
9232,0.002916666679084301
9233,0.002785714343190193
9234,0.004388888832181692
9235,0.003727272618561983
9236,0.004111111164093018
9237,0.003777777776122093
9238,0.0038125000428408384
9239,0.004333333112299442
9240,0.004000000189989805
9241,0.0038125000428408384
9242,0.002928571542724967
9243,0.0044999998062849045
9244,0.0037857142742723227
9245,0.004749999847263098
9246,0.003071428509429097
9247,0.004000000189989805
9248,0.004333333112299442
9249,0.0031111110001802444
9250,0.0038125000428408384
9251,0.0031666667200624943
9252,0.002785714343190193
9253,0.0032222222071141005
9254,0.003863636404275894
9255,0.0038333332631736994
9256,0.003291666740551591
9257,0.003357142908498645
9258,0.0022857142612338066
9259,0.0034166667610406876
9260,0.0029545454308390617
9261,0.002454545348882675
9262,0.0029090908356010914
9263,0.0031250000465661287
9264,0.0026000000070780516
9265,0.0024166665971279144
9266,0.0022272728383541107
9267,0.002821428468450904
9268,0.0028461539186537266
9269,0.002884615445509553
9270,0.0028181818779557943
9271,0.003000000026077032
9272,0.0027916666585952044
9273,0.00213636364787817
9274,0.0031500000040978193
9275,0.002928571542724967
9276,0.002937499899417162
9277,0.003000000026077032
9278,0.0025625000707805157
9279,0.003937500063329935
9280,0.0026363637298345566
9281,0.002950000111013651
9282,0.003599999938160181
9283,0.002749999985098839
9284,0.002950000111013651
9285,0.002388888970017433
9286,0.0024500000290572643
9287,0.0027916666585952044
9288,0.0031333332881331444
9289,0.002928571542724967
9290,0.0035000001080334187
9291,0.003599999938160181
9292,0.003000000026077032
9293,0.0027000000700354576
9294,0.0023499999660998583
9295,0.0028181818779557943
9296,0.0027272726874798536
9297,0.002722222125157714
9298,0.003312499960884452
9299,0.003000000026077032
9300,0.003214285708963871
9301,0.002374999923631549
9302,0.003000000026077032
9303,0.0029090908356010914
9304,0.002400000113993883
9305,0.0024999999441206455
9306,0.0020714285783469677
9307,0.0024285714607685804
9308,0.0030624999199062586
9309,0.003100000089034438
9310,0.003000000026077032
9311,0.003357142908498645
9312,0.002538461470976472
9313,0.0031250000465661287
9314,0.0035454544704407454
9315,0.0039090909995138645
9316,0.003375000087544322
9317,0.0031153846066445112
9318,0.002749999985098839
9319,0.003444444388151169
9320,0.0030624999199062586
9321,0.002937499899417162
9322,0.0032500000670552254
9323,0.0031500000040978193
9324,0.0026363637298345566
9325,0.0026923075783997774
9326,0.0037499999161809683
9327,0.002884615445509553
9328,0.003642857074737549
9329,0.002950000111013651
9330,0.0037499999161809683
9331,0.002749999985098839
9332,0.0031500000040978193
9333,0.00322727276943624
9334,0.003666666569188237
9335,0.002769230864942074
9336,0.0031071428675204515
9337,0.00322727276943624
9338,0.0034230768214911222
9339,0.003730769269168377
9340,0.004269230645149946
9341,0.0033181817270815372
9342,0.002950000111013651
9343,0.003650000086054206
9344,0.002850000048056245
9345,0.003000000026077032
9346,0.003375000087544322
9347,0.0034374999813735485
9348,0.0032222222071141005
9349,0.002722222125157714
9350,0.0024999999441206455
9351,0.003083333373069763
9352,0.0031874999403953552
9353,0.0031500000040978193
9354,0.0033499998971819878
9355,0.0032727273646742105
9356,0.0044999998062849045
9357,0.003533333307132125
9358,0.0035769231617450714
9359,0.0027307693380862474
9360,0.0035909090656787157
9361,0.0037499999161809683
9362,0.002937499899417162
9363,0.00279999990016222
9364,0.0033333334140479565
9365,0.0035000001080334187
9366,0.0035000001080334187
9367,0.003285714192315936
9368,0.0028750000055879354
9369,0.003375000087544322
9370,0.002850000048056245
9371,0.0035000001080334187
9372,0.0026666666381061077
9373,0.0031111110001802444
9374,0.0033333334140479565
9375,0.002749999985098839
9376,0.003888888983055949
9377,0.003949999809265137
9378,0.0039285714738070965
9379,0.004571428522467613
9380,0.003666666569188237
9381,0.002928571542724967
9382,0.0033333334140479565
9383,0.003888888983055949
9384,0.0035000001080334187
9385,0.003611111082136631
9386,0.0033636363223195076
9387,0.004363636486232281
9388,0.0033181817270815372
9389,0.0033666666131466627
9390,0.0033928570337593555
9391,0.0026363637298345566
9392,0.0031111110001802444
9393,0.004357142839580774
9394,0.003142857225611806
9395,0.003687500022351742
9396,0.0038499999791383743
9397,0.0044999998062849045
9398,0.004166666883975267
9399,0.0044999998062849045
9400,0.004000000189989805
9401,0.005049999803304672
9402,0.004055555444210768
9403,0.004166666883975267
9404,0.0033499998971819878
9405,0.0037083332426846027
9406,0.003000000026077032
9407,0.003611111082136631
9408,0.003100000089034438
9409,0.0024444444570690393
9410,0.0016250000335276127
9411,0.002199999988079071
9412,0.0028181818779557943
9413,0.0025555556640028954
9414,0.0025500000920146704
9415,0.002374999923631549
9416,0.0029545454308390617
9417,0.002041666768491268
9418,0.0033636363223195076
9419,0.0030499999411404133
9420,0.0027272726874798536
9421,0.002937499899417162
9422,0.0031250000465661287
9423,0.0023499999660998583
9424,0.0025555556640028954
9425,0.0023333332501351833
9426,0.00283333333209157
9427,0.0031363635789602995
9428,0.00213636364787817
9429,0.0024090909864753485
9430,0.0030555555131286383
9431,0.003000000026077032
9432,0.003444444388151169
9433,0.0031874999403953552
9434,0.003666666569188237
9435,0.0030624999199062586
9436,0.0028750000055879354
9437,0.0017000000225380063
9438,0.003000000026077032
9439,0.0032999999821186066
9440,0.0024999999441206455
9441,0.0033333334140479565
9442,0.0039285714738070965
9443,0.002785714343190193
9444,0.003722222289070487
9445,0.0035454544704407454
9446,0.0023181817959994078
9447,0.0037083332426846027
9448,0.003791666589677334
9449,0.0028181818779557943
9450,0.003285714192315936
9451,0.003916666842997074
9452,0.00320833339355886
9453,0.003599999938160181
9454,0.00342857139185071
9455,0.0035000001080334187
9456,0.0031250000465661287
9457,0.0037499999161809683
9458,0.003100000089034438
9459,0.0031500000040978193
9460,0.0033499998971819878
9461,0.0026499999221414328
9462,0.003874999936670065
9463,0.00320833339355886
9464,0.0037857142742723227
9465,0.004035714082419872
9466,0.003384615294635296
9467,0.0031500000040978193
9468,0.0038125000428408384
9469,0.0026875000912696123
9470,0.003285714192315936
9471,0.0028750000055879354
9472,0.0026875000912696123
9473,0.00427777785807848
9474,0.0030555555131286383
9475,0.003375000087544322
9476,0.0031111110001802444
9477,0.00215000007301569
9478,0.0027083333116024733
9479,0.003090908983722329
9480,0.0033181817270815372
9481,0.0022727272007614374
9482,0.003083333373069763
9483,0.002199999988079071
9484,0.0026666666381061077
9485,0.0024999999441206455
9486,0.002937499899417162
9487,0.0024999999441206455
9488,0.003100000089034438
9489,0.0024999999441206455
9490,0.0028571428265422583
9491,0.0024999999441206455
9492,0.003214285708963871
9493,0.0031250000465661287
9494,0.0025625000707805157
9495,0.002624999964609742
9496,0.0031874999403953552
9497,0.0024166665971279144
9498,0.0025714286603033543
9499,0.002944444539025426
9500,0.003874999936670065
9501,0.0023125000298023224
9502,0.0035000001080334187
9503,0.0025500000920146704
9504,0.0029090908356010914
9505,0.003583333222195506
9506,0.0035000001080334187
9507,0.003458333434537053
9508,0.002749999985098839
9509,0.0030499999411404133
9510,0.0034000000450760126
9511,0.004000000189989805
9512,0.002277777763083577
9513,0.0037499999161809683
9514,0.0022727272007614374
9515,0.0031999999191612005
9516,0.0035000001080334187
9517,0.0024444444570690393
9518,0.002772727282717824
9519,0.003100000089034438
9520,0.0026818180922418833
9521,0.0031250000465661287
9522,0.003449999960139394
9523,0.003636363660916686
9524,0.003555555595085025
9525,0.003538461634889245
9526,0.0032500000670552254
9527,0.0029642856679856777
9528,0.004124999977648258
9529,0.0033333334140479565
9530,0.0026666666381061077
9531,0.003214285708963871
9532,0.003214285708963871
9533,0.0027142856270074844
9534,0.0028750000055879354
9535,0.0026875000912696123
9536,0.0035000001080334187
9537,0.0023125000298023224
9538,0.0023499999660998583
9539,0.003562500001862645
9540,0.002437500050291419
9541,0.0037499999161809683
9542,0.0024999999441206455
9543,0.002722222125157714
9544,0.002899999963119626
9545,0.0023125000298023224
9546,0.003000000026077032
9547,0.003357142908498645
9548,0.0024285714607685804
9549,0.0025714286603033543
9550,0.0024999999441206455
9551,0.003000000026077032
9552,0.0028571428265422583
9553,0.0026666666381061077
9554,0.0021818182431161404
9555,0.0035000001080334187
9556,0.00322727276943624
9557,0.0030416666995733976
9558,0.0026666666381061077
9559,0.0031071428675204515
9560,0.0034230768214911222
9561,0.0031999999191612005
9562,0.003071428509429097
9563,0.003142857225611806
9564,0.0035000001080334187
9565,0.0031999999191612005
9566,0.003000000026077032
9567,0.004571428522467613
9568,0.0035000001080334187
9569,0.003142857225611806
9570,0.0038333332631736994
9571,0.0025833332911133766
9572,0.003722222289070487
9573,0.0026666666381061077
9574,0.0030499999411404133
9575,0.005750000011175871
9576,0.004045454319566488
9577,0.003409090917557478
9578,0.003874999936670065
9579,0.0035000001080334187
9580,0.002884615445509553
9581,0.0037499999161809683
9582,0.003433333244174719
9583,0.0029642856679856777
9584,0.0031666667200624943
9585,0.0029545454308390617
9586,0.0035000001080334187
9587,0.0022142857778817415
9588,0.0037499999161809683
9589,0.0018749999580904841
9590,0.002928571542724967
9591,0.0026428571436554193
9592,0.002928571542724967
9593,0.0021250001154839993
9594,0.0030555555131286383
9595,0.003000000026077032
9596,0.0036249998956918716
9597,0.003583333222195506
9598,0.0037499999161809683
9599,0.003192307660356164
9600,0.004124999977648258
9601,0.0032500000670552254
9602,0.002899999963119626
9603,0.003874999936670065
9604,0.003000000026077032
9605,0.003583333222195506
9606,0.0032999999821186066
9607,0.0021875000093132257
9608,0.0034545455127954483
9609,0.00215000007301569
9610,0.004090908914804459
9611,0.0031874999403953552
9612,0.0032500000670552254
9613,0.003000000026077032
9614,0.003666666569188237
9615,0.0034545455127954483
9616,0.0035000001080334187
9617,0.0031666667200624943
9618,0.0037499999161809683
9619,0.003800000064074993
9620,0.00430000014603138
9621,0.0028750000055879354
9622,0.0032999999821186066
9623,0.004000000189989805
9624,0.0037499999161809683
9625,0.0032500000670552254
9626,0.002812500111758709
9627,0.0022499999031424522
9628,0.0024500000290572643
9629,0.0026000000070780516
9630,0.00245833327062428
9631,0.0030454546213150024
9632,0.0024500000290572643
9633,0.003307692240923643
9634,0.0034615383483469486
9635,0.003916666842997074
9636,0.0039090909995138645
9637,0.0026666666381061077
9638,0.004166666883975267
9639,0.003142857225611806
9640,0.0034166667610406876
9641,0.004833333194255829
9642,0.004562499932944775
9643,0.004749999847263098
9644,0.004166666883975267
9645,0.004428571555763483
9646,0.0035000001080334187
9647,0.004000000189989805
9648,0.004812499973922968
9649,0.004812499973922968
9650,0.004444444552063942
9651,0.004181818105280399
9652,0.0017500000540167093
9653,0.003071428509429097
9654,0.0037142857909202576
9655,0.003357142908498645
9656,0.004142857156693935
9657,0.003357142908498645
9658,0.004055555444210768
9659,0.004312499891966581
9660,0.003000000026077032
9661,0.0037499999161809683
9662,0.0031999999191612005
9663,0.004000000189989805
9664,0.002937499899417162
9665,0.0032777776941657066
9666,0.0037499999161809683
9667,0.00342857139185071
9668,0.0034166667610406876
9669,0.002937499899417162
9670,0.002722222125157714
9671,0.003666666569188237
9672,0.0026875000912696123
9673,0.0044999998062849045
9674,0.0028636364731937647
9675,0.0034545455127954483
9676,0.0031666667200624943
9677,0.0033636363223195076
9678,0.0048500001430511475
9679,0.004449999891221523
9680,0.002888888819143176
9681,0.0035000001080334187
9682,0.004812499973922968
9683,0.004363636486232281
9684,0.00322727276943624
9685,0.003449999960139394
9686,0.004437500145286322
9687,0.0048500001430511475
9688,0.0038499999791383743
9689,0.00494999997317791
9690,0.0026499999221414328
9691,0.0037857142742723227
9692,0.004555555526167154
9693,0.004749999847263098
9694,0.003937500063329935
9695,0.004687500186264515
9696,0.0044999998062849045
9697,0.004357142839580774
9698,0.004142857156693935
9699,0.004166666883975267
9700,0.003000000026077032
9701,0.0023571427445858717
9702,0.0035000001080334187
9703,0.002888888819143176
9704,0.003599999938160181
9705,0.0032777776941657066
9706,0.0025625000707805157
9707,0.002388888970017433
9708,0.002888888819143176
9709,0.0026499999221414328
9710,0.002888888819143176
9711,0.00283333333209157
9712,0.0031250000465661287
9713,0.0022499999031424522
9714,0.002772727282717824
9715,0.003291666740551591
9716,0.0031111110001802444
9717,0.0026153845246881247
9718,0.002099999925121665
9719,0.0027916666585952044
9720,0.002772727282717824
9721,0.0030454546213150024
9722,0.0033499998971819878
9723,0.0023181817959994078
9724,0.0030454546213150024
9725,0.0032777776941657066
9726,0.0030499999411404133
9727,0.0025625000707805157
9728,0.0037499999161809683
9729,0.003375000087544322
9730,0.0018749999580904841
9731,0.002166666556149721
9732,0.0029545454308390617
9733,0.0029545454308390617
9734,0.0033181817270815372
9735,0.003000000026077032
9736,0.0030555555131286383
9737,0.002899999963119626
9738,0.003409090917557478
9739,0.0032999999821186066
9740,0.004000000189989805
9741,0.0025500000920146704
9742,0.00279999990016222
9743,0.00318181817419827
9744,0.0034374999813735485
9745,0.002812500111758709
9746,0.0026153845246881247
9747,0.0028928571846336126
9748,0.003642857074737549
9749,0.0033928570337593555
9750,0.0037142857909202576
9751,0.0021818182431161404
9752,0.002944444539025426
9753,0.003000000026077032
9754,0.0024090909864753485
9755,0.003611111082136631
9756,0.0028750000055879354
9757,0.004000000189989805
9758,0.0025714286603033543
9759,0.002928571542724967
9760,0.002812500111758709
9761,0.0024166665971279144
9762,0.0020000000949949026
9763,0.0038999998942017555
9764,0.003285714192315936
9765,0.0037499999161809683
9766,0.003285714192315936
9767,0.0034000000450760126
9768,0.002899999963119626
9769,0.0032692307140678167
9770,0.0032500000670552254
9771,0.0032500000670552254
9772,0.003409090917557478
9773,0.0030555555131286383
9774,0.0030555555131286383
9775,0.004124999977648258
9776,0.0033181817270815372
9777,0.002749999985098839
9778,0.003599999938160181
9779,0.003599999938160181
9780,0.0027307693380862474
9781,0.0031250000465661287
9782,0.0027272726874798536
9783,0.0037499999161809683
9784,0.0032777776941657066
9785,0.0038125000428408384
9786,0.004142857156693935
9787,0.002928571542724967
9788,0.0026000000070780516
9789,0.003000000026077032
9790,0.004050000105053186
9791,0.00318181817419827
9792,0.0025500000920146704
9793,0.0044999998062849045
9794,0.003874999936670065
9795,0.0038571427576243877
9796,0.0031153846066445112
9797,0.0038499999791383743
9798,0.0024999999441206455
9799,0.002772727282717824
9800,0.003409090917557478
9801,0.003599999938160181
9802,0.002722222125157714
9803,0.0028181818779557943
9804,0.0028181818779557943
9805,0.0030555555131286383
9806,0.003937500063329935
9807,0.0035714285913854837
9808,0.0031874999403953552
9809,0.003666666569188237
9810,0.002812500111758709
9811,0.002937499899417162
9812,0.0030499999411404133
9813,0.003666666569188237
9814,0.0027777778450399637
9815,0.0033333334140479565
9816,0.0032500000670552254
9817,0.003687500022351742
9818,0.004062499850988388
9819,0.0031666667200624943
9820,0.0023571427445858717
9821,0.0027142856270074844
9822,0.0024166665971279144
9823,0.002437500050291419
9824,0.0024999999441206455
9825,0.002050000010058284
9826,0.0026363637298345566
9827,0.0029090908356010914
9828,0.0023181817959994078
9829,0.0031363635789602995
9830,0.0028076923917979
9831,0.0027142856270074844
9832,0.0028636364731937647
9833,0.0031363635789602995
9834,0.00320833339355886
9835,0.0026499999221414328
9836,0.003000000026077032
9837,0.0035000001080334187
9838,0.002277777763083577
9839,0.0025714286603033543
9840,0.0021875000093132257
9841,0.0031250000465661287
9842,0.0024999999441206455
9843,0.0024999999441206455
9844,0.0031666667200624943
9845,0.002541666617617011
9846,0.0028750000055879354
9847,0.0028461539186537266
9848,0.002363636391237378
9849,0.002749999985098839
9850,0.003100000089034438
9851,0.003312499960884452
9852,0.0025714286603033543
9853,0.0023571427445858717
9854,0.003562500001862645
9855,0.002749999985098839
9856,0.002111111069098115
9857,0.0024999999441206455
9858,0.0035454544704407454
9859,0.0026000000070780516
9860,0.004818181972950697
9861,0.003944444470107555
9862,0.005222222302109003
9863,0.0038499999791383743
9864,0.003800000064074993
9865,0.0034000000450760126
9866,0.0035500000230968
9867,0.003599999938160181
9868,0.003090908983722329
9869,0.003874999936670065
9870,0.0031250000465661287
9871,0.003409090917557478
9872,0.00318181817419827
9873,0.0031111110001802444
9874,0.0037142857909202576
9875,0.002400000113993883
9876,0.0022499999031424522
9877,0.003214285708963871
9878,0.002749999985098839
9879,0.003000000026077032
9880,0.0022857142612338066
9881,0.0033333334140479565
9882,0.0022142857778817415
9883,0.002437500050291419
9884,0.0027000000700354576
9885,0.003449999960139394
9886,0.002437500050291419
9887,0.0030555555131286383
9888,0.0031250000465661287
9889,0.00245833327062428
9890,0.0031538461335003376
9891,0.0029230769723653793
9892,0.0028636364731937647
9893,0.00213636364787817
9894,0.0026818180922418833
9895,0.0029583333525806665
9896,0.0031500000040978193
9897,0.0032727273646742105
9898,0.0025500000920146704
9899,0.003000000026077032
9900,0.0024999999441206455
9901,0.00279999990016222
9902,0.0035000001080334187
9903,0.0027083333116024733
9904,0.0031538461335003376
9905,0.0027272726874798536
9906,0.003458333434537053
9907,0.003555555595085025
9908,0.0033333334140479565
9909,0.003000000026077032
9910,0.003874999936670065
9911,0.003700000001117587
9912,0.0025833332911133766
9913,0.0034000000450760126
9914,0.004000000189989805
9915,0.005333333276212215
9916,0.0031874999403953552
9917,0.0042500002309679985
9918,0.0037499999161809683
9919,0.004357142839580774
9920,0.005222222302109003
9921,0.005777777638286352
9922,0.003687500022351742
9923,0.005571428686380386
9924,0.0035000001080334187
9925,0.003687500022351742
9926,0.0038125000428408384
9927,0.0034166667610406876
9928,0.003937500063329935
9929,0.0036249998956918716
9930,0.0031250000465661287
9931,0.004062499850988388
9932,0.0035000001080334187
9933,0.0035000001080334187
9934,0.003642857074737549
9935,0.003583333222195506
9936,0.003357142908498645
9937,0.0023125000298023224
9938,0.0033181817270815372
9939,0.00490909069776535
9940,0.003538461634889245
9941,0.0038333332631736994
9942,0.0035714285913854837
9943,0.003285714192315936
9944,0.005136363673955202
9945,0.0035000001080334187
9946,0.0026428571436554193
9947,0.0042500002309679985
9948,0.004000000189989805
9949,0.004333333112299442
9950,0.0038333332631736994
9951,0.003700000001117587
9952,0.0033333334140479565
9953,0.0031874999403953552
9954,0.004045454319566488
9955,0.004000000189989805
9956,0.0038333332631736994
9957,0.0037142857909202576
9958,0.0042307693511247635
9959,0.003192307660356164
9960,0.0031500000040978193
9961,0.0031500000040978193
9962,0.003444444388151169
9963,0.003312499960884452
9964,0.0035000001080334187
9965,0.003642857074737549
9966,0.00283333333209157
9967,0.0025714286603033543
9968,0.0026499999221414328
9969,0.0025500000920146704
9970,0.002374999923631549
9971,0.002884615445509553
9972,0.0031250000465661287
9973,0.0031666667200624943
9974,0.003285714192315936
9975,0.0031666667200624943
9976,0.0020000000949949026
9977,0.0020909090526401997
9978,0.002749999985098839
9979,0.003409090917557478
9980,0.0034374999813735485
9981,0.0023571427445858717
9982,0.0034166667610406876
9983,0.0020833334419876337
9984,0.0026000000070780516
9985,0.0026000000070780516
9986,0.0026428571436554193
9987,0.002111111069098115
9988,0.0023499999660998583
9989,0.0031999999191612005
9990,0.00318181817419827
9991,0.003777777776122093
9992,0.0032500000670552254
9993,0.0031250000465661287
9994,0.004363636486232281
9995,0.0035000001080334187
9996,0.003562500001862645
9997,0.0033181817270815372
9998,0.004727272782474756
9999,0.004312499891966581
