Step,Value
0,99.03743743896484
1,110.65448760986328
2,452.24603271484375
3,124.33081817626953
4,0.0
5,118.21441650390625
6,0.0
7,120.2019271850586
8,456.68121337890625
9,435.3061218261719
10,389.68707275390625
11,445.63916015625
12,0.0
13,117.35719299316406
14,146.64517211914062
15,0.0
16,110.82438659667969
17,428.6248779296875
18,512.8016967773438
19,0.0
20,0.0
21,104.61067962646484
22,348.08062744140625
23,99.82245635986328
24,99.87423706054688
25,115.82661437988281
26,0.0
27,0.0
28,475.19183349609375
29,0.0
30,408.5235290527344
31,89.88420867919922
32,98.83192443847656
33,144.20118713378906
34,144.97915649414062
35,110.57418060302734
36,142.61126708984375
37,109.85588073730469
38,0.0
39,366.2278137207031
40,0.0
41,107.78705596923828
42,0.0
43,115.85948944091797
44,0.0
45,168.59341430664062
46,422.71923828125
47,479.9103698730469
48,156.98098754882812
49,0.0
50,409.4766845703125
51,428.2232971191406
52,466.5907897949219
53,125.59999084472656
54,146.22256469726562
55,115.94309997558594
56,153.8087615966797
57,123.37010192871094
58,135.05484008789062
59,442.53765869140625
60,112.89215087890625
61,127.34563446044922
62,0.0
63,168.66812133789062
64,0.0
65,110.23400115966797
66,110.95182037353516
67,119.74629974365234
68,127.06167602539062
69,0.0
70,133.82647705078125
71,125.47230529785156
72,130.9627227783203
73,462.052001953125
74,140.1943359375
75,0.0
76,467.1477966308594
77,133.0408477783203
78,466.8162841796875
79,0.0
80,0.0
81,127.90658569335938
82,0.0
83,443.2325134277344
84,127.9085464477539
85,138.7423858642578
86,135.5270538330078
87,0.0
88,0.0
89,0.0
90,450.45172119140625
91,0.0
92,0.0
93,139.64443969726562
94,137.74099731445312
95,0.0
96,472.05682373046875
97,0.0
98,458.7806091308594
99,136.2309112548828
100,431.60870361328125
101,134.95999145507812
102,0.0
103,170.87994384765625
104,0.0
105,455.2830505371094
106,132.68736267089844
107,126.13780212402344
108,158.715087890625
109,131.41653442382812
110,383.9751892089844
111,0.0
112,138.5834503173828
113,120.2706069946289
114,381.57720947265625
115,113.74535369873047
116,132.0667724609375
117,312.68792724609375
118,113.06249237060547
119,109.46499633789062
120,0.0
121,0.0
122,154.90614318847656
123,119.22343444824219
124,0.0
125,377.22198486328125
126,102.67945098876953
127,147.3470458984375
128,0.0
129,129.6521453857422
130,148.6162567138672
131,110.95156860351562
132,113.77050018310547
133,148.75180053710938
134,147.0278778076172
135,110.4171371459961
136,150.65316772460938
137,107.95452880859375
138,106.66210174560547
139,0.0
140,0.0
141,110.65108489990234
142,104.96839141845703
143,115.34917449951172
144,105.27229309082031
145,115.14575958251953
146,0.0
147,103.85326385498047
148,0.0
149,0.0
150,108.68656921386719
151,126.77851867675781
152,0.0
153,107.49848175048828
154,0.0
155,0.0
156,99.7996826171875
157,100.04190063476562
158,0.0
159,441.3953857421875
160,102.61624145507812
161,465.5035400390625
162,113.44430541992188
163,441.04254150390625
164,0.0
165,494.1114807128906
166,119.45509338378906
167,101.5970458984375
168,117.94137573242188
169,452.5351257324219
170,113.6812515258789
171,515.4357299804688
172,143.72584533691406
173,115.60551452636719
174,0.0
175,138.01461791992188
176,117.81912994384766
177,0.0
178,114.53910064697266
179,106.09854125976562
180,0.0
181,0.0
182,115.27490997314453
183,99.2189712524414
184,103.62583923339844
185,111.30188751220703
186,97.93376159667969
187,98.15940856933594
188,103.81273651123047
189,103.0816421508789
190,115.60201263427734
191,0.0
192,97.89509582519531
193,103.97053527832031
194,457.2578125
195,458.65765380859375
196,0.0
197,0.0
198,135.5277557373047
199,101.93429565429688
200,105.39960479736328
201,0.0
202,117.57637023925781
203,104.00433349609375
204,102.15792083740234
205,94.76141357421875
206,109.42647552490234
207,104.47074127197266
208,365.594482421875
209,92.53075408935547
210,104.88103485107422
211,426.5987243652344
212,98.11383819580078
213,0.0
214,107.19400787353516
215,92.56217193603516
216,0.0
217,0.0
218,141.6449432373047
219,0.0
220,109.8295669555664
221,113.51220703125
222,123.56597137451172
223,117.77779388427734
224,153.82179260253906
225,491.8103942871094
226,460.8987121582031
227,128.69532775878906
228,0.0
229,119.63045501708984
230,0.0
231,124.85846710205078
232,126.52359771728516
233,130.30821228027344
234,0.0
235,136.81878662109375
236,152.4966583251953
237,131.6509552001953
238,141.50852966308594
239,0.0
240,0.0
241,128.0333251953125
242,124.04518127441406
243,131.85340881347656
244,136.79322814941406
245,153.6681365966797
246,147.3381805419922
247,122.08429718017578
248,123.590087890625
249,0.0
250,129.0126495361328
251,145.50161743164062
252,0.0
253,0.0
254,135.19349670410156
255,127.14616394042969
256,134.63755798339844
257,0.0
258,144.1955108642578
259,137.71560668945312
260,125.6565170288086
261,142.16473388671875
262,126.99556732177734
263,135.73731994628906
264,124.27200317382812
265,165.15797424316406
266,167.60565185546875
267,145.87997436523438
268,139.52099609375
269,127.98336791992188
270,129.94178771972656
271,140.74766540527344
272,133.8264923095703
273,164.44288635253906
274,139.22296142578125
275,0.0
276,130.0936279296875
277,127.4573974609375
278,0.0
279,129.28257751464844
280,137.0830535888672
281,150.93154907226562
282,136.8972930908203
283,143.65274047851562
284,148.45921325683594
285,130.7490234375
286,129.79714965820312
287,141.57574462890625
288,151.46461486816406
289,141.2919464111328
290,137.71365356445312
291,132.68495178222656
292,154.8197479248047
293,173.21292114257812
294,167.06539916992188
295,145.4921875
296,138.31871032714844
297,127.67630767822266
298,127.55550384521484
299,133.9766082763672
300,426.24688720703125
301,130.86639404296875
302,124.09927368164062
303,134.42848205566406
304,119.2581787109375
305,128.940185546875
306,134.656494140625
307,125.50776672363281
308,127.36668395996094
309,132.58892822265625
310,129.82411193847656
311,131.95401000976562
312,132.23562622070312
313,121.80118560791016
314,132.80825805664062
315,125.365234375
316,122.7409896850586
317,119.25341796875
318,116.36811828613281
319,127.3361587524414
320,123.40726470947266
321,131.05857849121094
322,109.98056030273438
323,108.3957748413086
324,118.25455474853516
325,124.01822662353516
326,112.83615112304688
327,431.2540283203125
328,106.53648376464844
329,102.46690368652344
330,110.89942169189453
331,113.20388793945312
332,101.04969024658203
333,114.13484191894531
334,110.81157684326172
335,117.98145294189453
336,113.14602661132812
337,114.82257080078125
338,106.84226989746094
339,113.74459075927734
340,103.92640686035156
341,106.08055114746094
342,102.6488265991211
343,116.44157409667969
344,106.99256896972656
345,95.80870819091797
346,99.72669982910156
347,105.49337005615234
348,109.01605224609375
349,103.63880157470703
350,110.64120483398438
351,104.67720794677734
352,110.00175476074219
353,106.0291519165039
354,106.34017181396484
355,108.95636749267578
356,131.09982299804688
357,0.0
358,92.69039154052734
359,99.58330535888672
360,109.43095397949219
361,99.37670135498047
362,108.42235565185547
363,91.22705078125
364,93.8682861328125
365,97.96229553222656
366,100.65977478027344
367,108.73467254638672
368,95.50765991210938
369,127.97999572753906
370,104.08956909179688
371,114.51068878173828
372,116.00834655761719
373,115.42005920410156
374,101.19706726074219
375,111.42864990234375
376,111.5403823852539
377,105.47176361083984
378,103.82681274414062
379,101.66122436523438
380,102.74861907958984
381,108.28279876708984
382,99.90386962890625
383,115.54674530029297
384,107.87642669677734
385,102.1545639038086
386,113.9102783203125
387,104.86582946777344
388,115.95694732666016
389,122.94733428955078
390,118.95470428466797
391,119.71073913574219
392,119.55738830566406
393,121.02947998046875
394,127.17852020263672
395,129.33731079101562
396,121.6853256225586
397,132.2457275390625
398,138.87498474121094
399,128.53675842285156
400,128.56341552734375
401,119.73007202148438
402,125.32775115966797
403,145.48443603515625
404,128.8724822998047
405,137.7714080810547
406,132.3466339111328
407,136.3029327392578
408,148.8854217529297
409,138.68197631835938
410,134.39785766601562
411,169.08615112304688
412,139.3834228515625
413,136.41062927246094
414,140.11334228515625
415,134.6831512451172
416,136.7123565673828
417,142.75686645507812
418,146.98709106445312
419,141.43051147460938
420,133.36959838867188
421,128.75582885742188
422,133.35072326660156
423,132.3570098876953
424,127.03339385986328
425,123.48487091064453
426,129.32101440429688
427,121.26598358154297
428,122.79593658447266
429,127.26766967773438
430,137.88893127441406
431,125.84873962402344
432,120.49523162841797
433,127.82878875732422
434,136.647216796875
435,130.662109375
436,129.17437744140625
437,120.7471694946289
438,107.27938842773438
439,121.39097595214844
440,124.28720092773438
441,122.01439666748047
442,113.11293029785156
443,112.87085723876953
444,124.29100036621094
445,121.12161254882812
446,107.54844665527344
447,110.65251159667969
448,112.46979522705078
449,110.55828857421875
450,109.03008270263672
451,109.36831665039062
452,98.518798828125
453,96.8257827758789
454,99.07154083251953
455,98.0826644897461
456,105.27554321289062
457,91.14859008789062
458,92.28661346435547
459,89.84540557861328
460,86.68414306640625
461,98.49186706542969
462,94.38948059082031
463,91.50820922851562
464,90.22274780273438
465,94.05596160888672
466,92.00081634521484
467,94.9325942993164
468,97.16337585449219
469,105.68832397460938
470,98.31399536132812
471,101.49195861816406
472,102.85736083984375
473,99.90252685546875
474,93.25274658203125
475,94.21585083007812
476,91.57164764404297
477,94.31525421142578
478,89.11369323730469
479,88.87156677246094
480,89.01420593261719
481,92.42732238769531
482,83.57438659667969
483,85.04627227783203
484,90.3046646118164
485,90.9920883178711
486,87.15222930908203
487,96.99090576171875
488,103.7524185180664
489,102.21578216552734
490,102.6883316040039
491,99.2987289428711
492,108.90106964111328
493,109.8110580444336
494,113.17593383789062
495,107.67523193359375
496,114.63188171386719
497,121.76921844482422
498,112.8808822631836
499,125.1038818359375
500,122.84721374511719
501,130.13739013671875
502,137.27655029296875
503,131.44638061523438
504,140.29978942871094
505,139.26663208007812
506,138.2170867919922
507,125.39933776855469
508,128.166259765625
509,128.5291290283203
510,124.86292266845703
511,138.4150848388672
512,135.7871551513672
513,134.1726837158203
514,140.20814514160156
515,138.2235870361328
516,150.72650146484375
517,134.40599060058594
518,144.267333984375
519,146.92808532714844
520,142.07119750976562
521,129.1351776123047
522,152.26466369628906
523,172.6952362060547
524,135.07553100585938
525,141.92462158203125
526,145.58901977539062
527,149.53297424316406
528,159.332275390625
529,141.84100341796875
530,144.0079803466797
531,145.69808959960938
532,148.90151977539062
533,136.45326232910156
534,142.17971801757812
535,133.7296600341797
536,135.1588592529297
537,142.3344268798828
538,148.18919372558594
539,139.8003692626953
540,139.5375518798828
541,135.0093994140625
542,133.65589904785156
543,138.62118530273438
544,137.56092834472656
545,142.2530059814453
546,134.2627410888672
547,130.76144409179688
548,132.07830810546875
549,134.45819091796875
550,144.0811004638672
551,184.29359436035156
552,137.26312255859375
553,128.5374755859375
554,135.3582000732422
555,143.61683654785156
556,144.57864379882812
557,129.8029022216797
558,135.73585510253906
559,129.01007080078125
560,130.36337280273438
561,121.03778076171875
562,130.7212371826172
563,131.76834106445312
564,125.93756103515625
565,125.22914123535156
566,130.45767211914062
567,123.19561004638672
568,124.25357818603516
569,122.37303924560547
570,121.71549224853516
571,113.32564544677734
572,124.22503662109375
573,124.87240600585938
574,120.45436096191406
575,120.61141967773438
576,121.34842681884766
577,117.57861328125
578,115.29798889160156
579,114.55662536621094
580,105.0033950805664
581,110.81600952148438
582,118.51795196533203
583,116.91089630126953
584,109.72032165527344
585,116.33961486816406
586,113.63875579833984
587,110.915283203125
588,110.05865478515625
589,102.80870056152344
590,120.2278060913086
591,117.01889038085938
592,111.35073852539062
593,101.39047241210938
594,106.00003814697266
595,116.09233856201172
596,101.67375183105469
597,102.15152740478516
598,102.18294525146484
599,111.8947982788086
600,106.89897155761719
601,111.66485595703125
602,106.30259704589844
603,118.54779815673828
604,106.95860290527344
605,116.77576446533203
606,125.37560272216797
607,96.87596130371094
608,99.73790740966797
609,109.32598114013672
610,108.0976333618164
611,105.21538543701172
612,102.89057922363281
613,113.56535339355469
614,107.33404541015625
615,107.8238296508789
616,106.98885345458984
617,106.38166809082031
618,111.0311508178711
619,105.11152648925781
620,116.1220474243164
621,119.87238311767578
622,114.259033203125
623,119.85145568847656
624,123.71015930175781
625,125.96215057373047
626,120.04417419433594
627,150.6188201904297
628,121.73731994628906
629,118.66140747070312
630,116.00487518310547
631,113.21188354492188
632,118.32079315185547
633,118.00707244873047
634,107.68012237548828
635,119.25112915039062
636,125.42671966552734
637,121.6949462890625
638,124.13392639160156
639,128.47134399414062
640,126.27430725097656
641,118.13044738769531
642,116.28154754638672
643,128.64813232421875
644,122.66747283935547
645,128.3182830810547
646,122.37542724609375
647,123.08968353271484
648,126.97613525390625
649,125.61773681640625
650,121.69804382324219
651,123.50267028808594
652,123.24623107910156
653,120.67435455322266
654,119.87478637695312
655,110.61656951904297
656,120.4141616821289
657,116.14751434326172
658,113.26575469970703
659,117.44596099853516
660,108.57078552246094
661,113.3223876953125
662,119.94208526611328
663,118.9468765258789
664,120.47299194335938
665,126.64557647705078
666,120.21675109863281
667,126.33863067626953
668,121.24310302734375
669,121.46086883544922
670,128.08714294433594
671,130.7679443359375
672,126.45442962646484
673,127.98247528076172
674,137.47723388671875
675,125.1706314086914
676,121.08928680419922
677,126.20903778076172
678,129.44210815429688
679,128.38099670410156
680,120.5639419555664
681,134.727294921875
682,126.87945556640625
683,135.07623291015625
684,129.02536010742188
685,114.7947006225586
686,129.27297973632812
687,124.62773895263672
688,110.37976837158203
689,114.5468978881836
690,111.28627014160156
691,107.5552749633789
692,105.35291290283203
693,94.5216293334961
694,108.21360778808594
695,94.20744323730469
696,95.23348999023438
697,96.89672088623047
698,101.47607421875
699,94.09918975830078
700,95.52813720703125
701,92.33149719238281
702,91.19556427001953
703,90.70042419433594
704,92.06309509277344
705,96.91463470458984
706,98.64398956298828
707,106.11785125732422
708,104.25566101074219
709,108.22880554199219
710,109.5013427734375
711,100.12288665771484
712,102.8811264038086
713,95.72856903076172
714,99.84394073486328
715,103.5209732055664
716,97.76244354248047
717,109.16991424560547
718,105.08404541015625
719,105.60478973388672
720,104.08174133300781
721,104.1333236694336
722,93.61760711669922
723,94.72499084472656
724,94.87626647949219
725,93.3600082397461
726,92.05496978759766
727,102.91700744628906
728,95.41354370117188
729,103.10431671142578
730,101.09092712402344
731,103.75712585449219
732,110.03833770751953
733,101.15428161621094
734,110.46978759765625
735,121.44863891601562
736,113.13803100585938
737,107.61815643310547
738,112.66851806640625
739,120.17391967773438
740,115.22109985351562
741,121.7325668334961
742,121.58741760253906
743,123.14891052246094
744,116.74397277832031
745,117.85730743408203
746,125.34257507324219
747,118.08628845214844
748,112.05886840820312
749,106.52275848388672
750,113.66253662109375
751,113.64299011230469
752,110.41439819335938
753,119.4710922241211
754,114.04779052734375
755,118.3558578491211
756,117.08233642578125
757,109.88475799560547
758,118.72842407226562
759,124.84380340576172
760,124.57904815673828
761,115.95806884765625
762,128.4917449951172
763,124.17839050292969
764,121.4528579711914
765,113.98865509033203
766,123.13054656982422
767,110.25260925292969
768,109.34740447998047
769,120.43281555175781
770,129.59239196777344
771,126.83720397949219
772,125.98516082763672
773,123.94097900390625
774,122.39982604980469
775,122.42019653320312
776,125.20074462890625
777,134.72804260253906
778,119.2734375
779,115.48270416259766
780,115.9363784790039
781,109.56905364990234
782,112.10470581054688
783,110.9968032836914
784,114.46974182128906
785,109.2122573852539
786,107.70059204101562
787,111.752685546875
788,112.51922607421875
789,112.36791229248047
790,98.42256927490234
791,114.46052551269531
792,118.29666137695312
793,117.02001190185547
794,124.07828521728516
795,113.4875717163086
796,111.60057067871094
797,112.55302429199219
798,113.86698150634766
799,124.86695098876953
800,125.91944885253906
801,129.8231964111328
802,120.22640228271484
803,124.39421844482422
804,116.06877899169922
805,120.06535339355469
806,119.50062561035156
807,121.83070373535156
808,117.0432357788086
809,112.55972290039062
810,104.70682525634766
811,106.02178192138672
812,103.16887664794922
813,109.07474517822266
814,105.66560363769531
815,107.7999267578125
816,111.70508575439453
817,107.14984893798828
818,116.08055114746094
819,119.14765930175781
820,117.27581787109375
821,119.48345947265625
822,128.56387329101562
823,124.83187103271484
824,121.74333953857422
825,117.85585021972656
826,108.36827087402344
827,118.02942657470703
828,116.44828033447266
829,117.33777618408203
830,116.5397720336914
831,111.32380676269531
832,106.97537231445312
833,112.42457580566406
834,108.4607925415039
835,114.91355895996094
836,109.55416870117188
837,110.49368286132812
838,100.87657165527344
839,108.62133026123047
840,112.02330017089844
841,112.78032684326172
842,152.87228393554688
843,113.98371124267578
844,120.2701187133789
845,122.33058166503906
846,115.74787902832031
847,112.56771087646484
848,119.29472351074219
849,116.26089477539062
850,119.80418395996094
851,118.6790771484375
852,128.1038055419922
853,126.29702758789062
854,129.86375427246094
855,139.6233673095703
856,129.1069793701172
857,124.73152160644531
858,125.19119262695312
859,122.15037536621094
860,123.0884017944336
861,129.96458435058594
862,129.46510314941406
863,136.31483459472656
864,126.14210510253906
865,130.41986083984375
866,129.6887664794922
867,142.0956573486328
868,121.94845581054688
869,133.22930908203125
870,131.04739379882812
871,126.40892791748047
872,126.76596069335938
873,125.46382904052734
874,122.51403045654297
875,123.10321044921875
876,121.28681945800781
877,131.139892578125
878,123.50473022460938
879,123.50836181640625
880,122.39633178710938
881,117.8854751586914
882,125.86658477783203
883,124.1708755493164
884,120.70063018798828
885,121.75514221191406
886,127.55709075927734
887,124.66925811767578
888,128.8472442626953
889,136.3388214111328
890,131.62435913085938
891,137.5145721435547
892,134.3142547607422
893,137.79832458496094
894,130.94436645507812
895,140.58340454101562
896,139.12750244140625
897,134.6256103515625
898,135.56541442871094
899,138.24403381347656
900,134.4829864501953
901,146.94273376464844
902,131.8106689453125
903,137.13136291503906
904,135.6148223876953
905,150.20379638671875
906,147.06663513183594
907,135.6754913330078
908,168.52659606933594
909,133.12344360351562
910,143.0027313232422
911,145.63790893554688
912,136.1515350341797
913,143.87811279296875
914,147.07919311523438
915,142.97084045410156
916,132.5228729248047
917,139.79995727539062
918,138.98878479003906
919,132.99842834472656
920,137.02845764160156
921,144.73599243164062
922,134.08547973632812
923,138.43846130371094
924,132.1642608642578
925,129.99325561523438
926,123.93116760253906
927,123.43938446044922
928,128.57391357421875
929,127.13180541992188
930,124.76512145996094
931,114.09452819824219
932,131.28057861328125
933,123.78707122802734
934,114.62242889404297
935,120.75316619873047
936,117.00296020507812
937,119.6913833618164
938,117.41182708740234
939,122.73689270019531
940,129.1324005126953
941,120.88160705566406
942,127.40550231933594
943,132.1355743408203
944,130.78970336914062
945,120.00839233398438
946,130.43360900878906
947,126.1598892211914
948,119.53831481933594
949,119.32835388183594
950,115.33220672607422
951,119.5256118774414
952,119.9245834350586
953,127.31848907470703
954,119.08728790283203
955,120.80815124511719
956,129.15989685058594
957,119.32996368408203
958,122.0736312866211
959,109.29966735839844
960,103.52761840820312
961,103.32821655273438
962,102.57804107666016
963,103.47132873535156
964,105.59759521484375
965,102.75223541259766
966,101.12866973876953
967,106.42548370361328
968,105.03156280517578
969,104.65410614013672
970,102.96796417236328
971,94.88064575195312
972,108.8478775024414
973,104.1537857055664
974,103.65161895751953
975,99.13755798339844
976,101.03731536865234
977,108.25704193115234
978,111.15365600585938
979,119.49030303955078
980,111.14335632324219
981,108.03977966308594
982,104.65934753417969
983,109.71533203125
984,111.59397888183594
985,124.18634033203125
986,128.04884338378906
987,132.6890411376953
988,116.10493469238281
989,127.5625
990,117.51736450195312
991,111.46390533447266
992,115.24280548095703
993,116.67048645019531
994,121.7933120727539
995,114.5182876586914
996,111.40851593017578
997,108.71343231201172
998,104.725341796875
999,109.4198226928711
1000,123.60386657714844
1001,120.49981689453125
1002,114.8986587524414
1003,108.79354095458984
1004,108.20634460449219
1005,128.71343994140625
1006,115.23007202148438
1007,114.39608764648438
1008,129.01513671875
1009,124.32508087158203
1010,118.10896301269531
1011,122.54035186767578
1012,118.21209716796875
1013,123.92383575439453
1014,120.84190368652344
1015,127.20921325683594
1016,122.86409759521484
1017,125.06307220458984
1018,120.4882583618164
1019,122.4627456665039
1020,133.3455810546875
1021,127.5313720703125
1022,128.51248168945312
1023,129.52284240722656
1024,141.64871215820312
1025,128.81594848632812
1026,133.58128356933594
1027,129.74830627441406
1028,122.56901550292969
1029,125.39200592041016
1030,126.80021667480469
1031,121.21739196777344
1032,124.0561294555664
1033,119.06495666503906
1034,113.01969909667969
1035,117.68778991699219
1036,125.41313934326172
1037,118.80860900878906
1038,106.83427429199219
1039,116.1947021484375
1040,118.21417999267578
1041,115.80010986328125
1042,112.61077117919922
1043,118.44270324707031
1044,126.90026092529297
1045,121.02833557128906
1046,136.46463012695312
1047,119.35376739501953
1048,130.178955078125
1049,134.64093017578125
1050,122.79481506347656
1051,129.02359008789062
1052,124.52410125732422
1053,128.6923370361328
1054,116.91184997558594
1055,113.860595703125
1056,113.52783966064453
1057,120.03520965576172
1058,114.41986083984375
1059,123.23832702636719
1060,128.77243041992188
1061,123.45787811279297
1062,120.34221649169922
1063,124.04496002197266
1064,117.78378295898438
1065,111.8503189086914
1066,119.9786148071289
1067,120.25930786132812
1068,123.90191650390625
1069,127.65582275390625
1070,114.22904968261719
1071,120.0774154663086
1072,117.92700958251953
1073,116.35987091064453
1074,112.66761016845703
1075,115.1042251586914
1076,119.74778747558594
1077,117.3450927734375
1078,119.44271850585938
1079,119.09392547607422
1080,121.88033294677734
1081,127.83597564697266
1082,135.74874877929688
1083,118.2452392578125
1084,127.8174057006836
1085,120.90940856933594
1086,126.07801818847656
1087,133.50746154785156
1088,125.38666534423828
1089,124.9388198852539
1090,126.20819091796875
1091,125.94395446777344
1092,126.59180450439453
1093,131.2645721435547
1094,131.1814422607422
1095,129.3035430908203
1096,132.9178466796875
1097,129.84593200683594
1098,125.66104125976562
1099,131.9995880126953
1100,124.70365905761719
1101,124.94099426269531
1102,125.09312438964844
1103,122.39083099365234
1104,122.8104019165039
1105,122.49565124511719
1106,128.9082794189453
1107,120.49014282226562
1108,128.01397705078125
1109,123.16297912597656
1110,122.1134262084961
1111,126.73821258544922
1112,124.11259460449219
1113,123.61002349853516
1114,124.01424407958984
1115,119.2045669555664
1116,126.57177734375
1117,124.8387222290039
1118,126.31913757324219
1119,122.31974792480469
1120,113.95770263671875
1121,130.84771728515625
1122,117.23326873779297
1123,120.35433959960938
1124,120.80772399902344
1125,117.98082733154297
1126,114.24498748779297
1127,116.01593780517578
1128,109.46099853515625
1129,117.79275512695312
1130,108.38297271728516
1131,107.98721313476562
1132,101.91465759277344
1133,98.12705993652344
1134,102.96795654296875
1135,104.06836700439453
1136,93.93307495117188
1137,106.31270599365234
1138,104.73819732666016
1139,98.5340805053711
1140,104.14972686767578
1141,92.4181900024414
1142,106.68346405029297
1143,103.94365692138672
1144,102.31155395507812
1145,98.8347396850586
1146,100.39057922363281
1147,106.17399597167969
1148,88.66940307617188
1149,91.32154846191406
1150,90.2901840209961
1151,99.18017578125
1152,92.17919921875
1153,98.5395278930664
1154,101.7209701538086
1155,100.90220642089844
1156,94.39146423339844
1157,96.07628631591797
1158,101.2301025390625
1159,113.87076568603516
1160,118.2767333984375
1161,105.9100112915039
1162,102.57686614990234
1163,105.3742904663086
1164,92.04463195800781
1165,93.1288070678711
1166,110.0310287475586
1167,100.7021255493164
1168,104.96039581298828
1169,102.95612335205078
1170,107.77100372314453
1171,113.978759765625
1172,118.92984771728516
1173,123.92015075683594
1174,114.95516204833984
1175,115.1424331665039
1176,121.54977416992188
1177,121.51258087158203
1178,122.60936737060547
1179,131.71913146972656
1180,125.13192749023438
1181,124.55895233154297
1182,113.49443817138672
1183,121.6540298461914
1184,126.68858337402344
1185,116.35017395019531
1186,121.37908935546875
1187,113.42726135253906
1188,118.43017578125
1189,120.62891387939453
1190,126.9992446899414
1191,121.50308227539062
1192,114.54432678222656
1193,125.55201721191406
1194,115.45819854736328
1195,118.49372100830078
1196,114.70906829833984
1197,112.996337890625
1198,117.84149169921875
1199,116.86557006835938
1200,120.87897491455078
1201,129.09661865234375
1202,128.12481689453125
1203,131.90576171875
1204,117.11193084716797
1205,129.6045379638672
1206,128.93190002441406
1207,127.68247985839844
1208,129.98875427246094
1209,141.24453735351562
1210,133.67808532714844
1211,138.64947509765625
1212,131.68507385253906
1213,130.6890106201172
1214,131.39096069335938
1215,129.82740783691406
1216,123.46546173095703
1217,131.64566040039062
1218,123.6441421508789
1219,119.60733795166016
1220,116.55339813232422
1221,111.87420654296875
1222,121.85365295410156
1223,115.52499389648438
1224,131.37657165527344
1225,123.71814727783203
1226,127.86450958251953
1227,120.51976013183594
1228,127.16038513183594
1229,142.7209014892578
1230,127.778076171875
1231,128.86563110351562
1232,125.15319061279297
1233,125.38839721679688
1234,124.69183349609375
1235,126.52559661865234
1236,131.98597717285156
1237,125.81739044189453
1238,127.87483978271484
1239,118.31367492675781
1240,121.00190734863281
1241,115.09718322753906
1242,120.33150482177734
1243,132.5081024169922
1244,129.99818420410156
1245,129.4199981689453
1246,133.3003387451172
1247,125.32701873779297
1248,134.67726135253906
1249,129.23660278320312
1250,138.69949340820312
1251,124.93229675292969
1252,138.0394287109375
1253,132.82989501953125
1254,125.16480255126953
1255,128.31785583496094
1256,133.18946838378906
1257,124.85858917236328
1258,126.66610717773438
1259,132.0779571533203
1260,121.638916015625
1261,121.87397766113281
1262,125.47503662109375
1263,132.9124755859375
1264,121.18986511230469
1265,126.08338928222656
1266,128.57752990722656
1267,122.94915771484375
1268,136.4459228515625
1269,136.94398498535156
1270,137.5485076904297
1271,129.88975524902344
1272,142.32015991210938
1273,141.36961364746094
1274,172.43209838867188
1275,146.3292236328125
1276,141.70875549316406
1277,166.5725555419922
1278,152.28282165527344
1279,146.10150146484375
1280,139.78421020507812
1281,145.38189697265625
1282,144.6983184814453
1283,136.12551879882812
1284,134.3917999267578
1285,140.10398864746094
1286,137.34246826171875
1287,151.41476440429688
1288,137.5086212158203
1289,134.21749877929688
1290,129.99594116210938
1291,130.70144653320312
1292,128.70138549804688
1293,128.24156188964844
1294,121.85868835449219
1295,123.48868560791016
1296,151.60203552246094
1297,122.6650390625
1298,130.7335968017578
1299,131.28323364257812
1300,121.45706176757812
1301,133.67893981933594
1302,112.49915313720703
1303,115.69439697265625
1304,118.13105010986328
1305,119.0930404663086
1306,109.42207336425781
1307,112.83834075927734
1308,109.61666870117188
1309,103.0639419555664
1310,100.6087875366211
1311,99.53555297851562
1312,98.64378356933594
1313,106.49006652832031
1314,107.808837890625
1315,113.8937759399414
1316,110.96298217773438
1317,113.24658203125
1318,110.46720123291016
1319,99.48564147949219
1320,105.86420440673828
1321,109.26573181152344
1322,113.05272674560547
1323,108.14891815185547
1324,109.02792358398438
1325,92.13553619384766
1326,95.28158569335938
1327,96.61409759521484
1328,97.72164154052734
1329,99.68534088134766
1330,96.0041732788086
1331,101.73955535888672
1332,99.24004364013672
1333,98.00580596923828
1334,100.03319549560547
1335,97.60991668701172
1336,93.11184692382812
1337,97.1768569946289
1338,94.80203247070312
1339,90.70762634277344
1340,100.87920379638672
1341,95.58373260498047
1342,100.71854400634766
1343,96.63933563232422
1344,106.61133575439453
1345,100.71292877197266
1346,96.0517807006836
1347,95.47880554199219
1348,104.17469787597656
1349,108.82987213134766
1350,106.29508972167969
1351,103.47801971435547
1352,103.9372787475586
1353,109.46022033691406
1354,109.74626922607422
1355,110.5730972290039
1356,108.13172149658203
1357,102.47578430175781
1358,102.65673828125
1359,102.74923706054688
1360,101.98515319824219
1361,100.73250579833984
1362,101.72745513916016
1363,100.25872802734375
1364,93.88819122314453
1365,102.54092407226562
1366,102.63624572753906
1367,101.1565170288086
1368,98.25907135009766
1369,104.94957733154297
1370,102.55123138427734
1371,107.14910888671875
1372,96.81671905517578
1373,102.69890594482422
1374,112.2507553100586
1375,101.25914001464844
1376,103.57611846923828
1377,97.14910888671875
1378,109.13703155517578
1379,106.71153259277344
1380,107.46143341064453
1381,114.84873962402344
1382,101.84980010986328
1383,110.97036743164062
1384,110.4288558959961
1385,117.72007751464844
1386,116.63831329345703
1387,108.92082977294922
1388,117.02747344970703
1389,124.5328598022461
1390,121.10681915283203
1391,118.85527038574219
1392,122.69476318359375
1393,115.16159057617188
1394,125.22003173828125
1395,122.38965606689453
1396,122.8177719116211
1397,114.2874526977539
1398,121.26876068115234
1399,118.9400634765625
1400,121.47113800048828
1401,119.93646240234375
1402,127.80059814453125
1403,128.24728393554688
1404,122.44442749023438
1405,110.82904052734375
1406,124.44119262695312
1407,127.21430969238281
1408,122.95079040527344
1409,141.8611602783203
1410,140.9053497314453
1411,134.38876342773438
1412,126.97753143310547
1413,126.54813385009766
1414,129.9049835205078
1415,137.22715759277344
1416,123.06233215332031
1417,139.41090393066406
1418,130.80569458007812
1419,133.0794219970703
1420,141.50621032714844
1421,129.33079528808594
1422,125.95333862304688
1423,120.9481430053711
1424,119.78108978271484
1425,124.07451629638672
1426,125.18939971923828
1427,121.0686264038086
1428,127.04736328125
1429,126.0815658569336
1430,130.7982940673828
1431,129.8155517578125
1432,126.55182647705078
1433,132.67140197753906
1434,123.14033508300781
1435,123.03288269042969
1436,137.85202026367188
1437,132.89187622070312
1438,130.186767578125
1439,137.23399353027344
1440,131.89138793945312
1441,129.2592010498047
1442,133.0624237060547
1443,131.27772521972656
1444,130.33241271972656
1445,138.79412841796875
1446,122.1057357788086
1447,119.43622589111328
1448,124.1130599975586
1449,124.56165313720703
1450,124.22593688964844
1451,117.14604187011719
1452,131.16510009765625
1453,131.3323516845703
1454,124.6615982055664
1455,120.88324737548828
1456,131.44955444335938
1457,123.97079467773438
1458,116.06964874267578
1459,128.15184020996094
1460,127.06066131591797
1461,129.70933532714844
1462,134.59571838378906
1463,132.22531127929688
1464,131.76321411132812
1465,139.13499450683594
1466,135.94615173339844
1467,130.7259979248047
1468,128.3409423828125
1469,131.43109130859375
1470,135.97828674316406
1471,133.24183654785156
1472,137.82481384277344
1473,129.27552795410156
1474,134.2789306640625
1475,129.0330047607422
1476,139.12315368652344
1477,121.37950134277344
1478,119.16914367675781
1479,122.37716674804688
1480,120.46109771728516
1481,124.70284271240234
1482,115.64430236816406
1483,111.03652954101562
1484,111.93925476074219
1485,106.75570678710938
1486,107.4378433227539
1487,101.22338104248047
1488,101.58984375
1489,96.2422866821289
1490,98.30248260498047
1491,100.8910140991211
1492,94.74629974365234
1493,95.12018585205078
1494,98.2036361694336
1495,99.38509368896484
1496,97.85943603515625
1497,92.10283660888672
1498,103.12133026123047
1499,88.93964385986328
1500,96.92922973632812
1501,96.58378601074219
1502,90.9002914428711
1503,101.95233917236328
1504,98.06477355957031
1505,89.04632568359375
1506,94.20823669433594
1507,99.38216400146484
1508,96.55363464355469
1509,97.4968032836914
1510,101.20932006835938
1511,103.50662994384766
1512,102.21977996826172
1513,102.53575134277344
1514,111.95779418945312
1515,108.68419647216797
1516,112.2315902709961
1517,102.76285552978516
1518,106.16854095458984
1519,107.52890014648438
1520,114.65445709228516
1521,95.65446472167969
1522,99.8734130859375
1523,106.07557678222656
1524,108.9217300415039
1525,116.40526580810547
1526,101.67655944824219
1527,97.76504516601562
1528,101.42778015136719
1529,125.66947174072266
1530,124.79350280761719
1531,103.03179931640625
1532,105.42367553710938
1533,107.07151794433594
1534,110.65523529052734
1535,110.25614929199219
1536,115.590576171875
1537,117.38528442382812
1538,113.13540649414062
1539,111.95828247070312
1540,113.50704193115234
1541,122.21988677978516
1542,118.51448059082031
1543,124.49857330322266
1544,125.74144744873047
1545,125.15286254882812
1546,128.91317749023438
1547,131.83938598632812
1548,134.24307250976562
1549,125.04930877685547
1550,127.95645141601562
1551,130.08631896972656
1552,123.43416595458984
1553,123.37615966796875
1554,127.16288757324219
1555,128.74697875976562
1556,124.7509536743164
1557,123.76577758789062
1558,122.2942123413086
1559,119.95054626464844
1560,133.78306579589844
1561,127.41690063476562
1562,128.181884765625
1563,125.54129791259766
1564,130.2800750732422
1565,137.5444793701172
1566,135.7504119873047
1567,134.24888610839844
1568,137.87269592285156
1569,132.21189880371094
1570,126.50840759277344
1571,130.7237548828125
1572,129.41546630859375
1573,130.55747985839844
1574,130.34381103515625
1575,137.3848876953125
1576,132.33612060546875
1577,126.85598754882812
1578,134.95132446289062
1579,137.8137969970703
1580,131.5567169189453
1581,137.4009552001953
1582,141.29940795898438
1583,133.93759155273438
1584,140.1368865966797
1585,149.4102783203125
1586,137.97621154785156
1587,137.10354614257812
1588,150.41519165039062
1589,135.37466430664062
1590,146.68994140625
1591,138.82920837402344
1592,137.13046264648438
1593,144.2056121826172
1594,138.2443084716797
1595,140.86219787597656
1596,134.01394653320312
1597,124.4166259765625
1598,128.21652221679688
1599,130.06622314453125
1600,117.9868392944336
1601,125.3019027709961
1602,125.4402084350586
1603,120.712158203125
1604,117.85392761230469
1605,129.4409637451172
1606,128.65525817871094
1607,111.81263732910156
1608,120.31483459472656
1609,121.49453735351562
1610,124.91645812988281
1611,119.76069641113281
1612,124.59214782714844
1613,111.879638671875
1614,109.45304870605469
1615,120.37296295166016
1616,123.35076141357422
1617,121.86207580566406
1618,118.0104751586914
1619,118.9598617553711
1620,113.99252319335938
1621,111.22113800048828
1622,112.412841796875
1623,117.50931549072266
1624,107.35114288330078
1625,112.72369384765625
1626,109.95775604248047
1627,114.2625503540039
1628,112.1982192993164
1629,109.66456604003906
1630,107.91864013671875
1631,110.58662414550781
1632,109.64189147949219
1633,112.19304656982422
1634,113.00447845458984
1635,113.84632873535156
1636,107.9829330444336
1637,113.62116241455078
1638,109.67147827148438
1639,105.58206939697266
1640,104.29695892333984
1641,104.81855773925781
1642,110.271484375
1643,107.22330474853516
1644,115.58892822265625
1645,102.94204711914062
1646,103.19599151611328
1647,109.68727111816406
1648,104.86729431152344
1649,108.6666030883789
1650,109.73888397216797
1651,118.35374450683594
1652,117.73815155029297
1653,113.54069519042969
1654,121.01422119140625
1655,110.24889373779297
1656,112.45809936523438
1657,120.53192138671875
1658,112.84868621826172
1659,112.71900177001953
1660,114.81153106689453
1661,119.11985778808594
1662,116.09799194335938
1663,112.49604797363281
1664,121.69306945800781
1665,122.72228240966797
1666,117.12179565429688
1667,118.78316497802734
1668,109.37599182128906
1669,116.99745178222656
1670,117.18450927734375
1671,120.23695373535156
1672,120.94534301757812
1673,123.78162384033203
1674,119.772216796875
1675,120.0489273071289
1676,118.89108276367188
1677,147.89744567871094
1678,128.98411560058594
1679,132.16261291503906
1680,130.37527465820312
1681,130.88955688476562
1682,135.51881408691406
1683,131.97433471679688
1684,130.95281982421875
1685,133.04916381835938
1686,138.4158172607422
1687,146.4871826171875
1688,142.52337646484375
1689,137.56875610351562
1690,124.21480560302734
1691,136.53443908691406
1692,134.486328125
1693,132.07473754882812
1694,136.13743591308594
1695,139.99058532714844
1696,145.1001739501953
1697,135.23428344726562
1698,141.1753387451172
1699,144.88067626953125
1700,138.34056091308594
1701,136.68380737304688
1702,137.81887817382812
1703,132.60716247558594
1704,134.0644073486328
1705,137.69418334960938
1706,130.86166381835938
1707,130.84617614746094
1708,130.59510803222656
1709,130.6466522216797
1710,134.24972534179688
1711,126.56659698486328
1712,141.49505615234375
1713,146.34603881835938
1714,142.29904174804688
1715,137.9879150390625
1716,136.78367614746094
1717,136.51425170898438
1718,132.58824157714844
1719,136.08648681640625
1720,132.6096954345703
1721,139.78648376464844
1722,138.2532501220703
1723,138.94346618652344
1724,143.11859130859375
1725,141.6219024658203
1726,138.67454528808594
1727,138.145751953125
1728,141.7434539794922
1729,125.16110229492188
1730,121.31426239013672
1731,121.28800964355469
1732,130.4510040283203
1733,118.33448028564453
1734,127.52816772460938
1735,125.44657135009766
1736,118.41016387939453
1737,126.88348388671875
1738,133.645751953125
1739,125.62786865234375
1740,127.57818603515625
1741,132.58657836914062
1742,132.46304321289062
1743,132.5128631591797
1744,135.51585388183594
1745,124.29857635498047
1746,131.5679168701172
1747,134.5252227783203
1748,133.50559997558594
1749,135.51828002929688
1750,131.218017578125
1751,123.6924819946289
1752,120.0250015258789
1753,125.51335144042969
1754,125.63561248779297
1755,126.73672485351562
1756,127.0789566040039
1757,127.77411651611328
1758,126.59046173095703
1759,125.21887969970703
1760,116.6376724243164
1761,114.81780242919922
1762,110.23292541503906
1763,106.38761138916016
1764,111.4832763671875
1765,111.38887023925781
1766,111.83837890625
1767,100.64833068847656
1768,106.27446746826172
1769,107.91616821289062
1770,101.21089935302734
1771,107.01325225830078
1772,94.36380004882812
1773,92.13684844970703
1774,86.35295867919922
1775,95.75071716308594
1776,91.83344268798828
1777,88.76508331298828
1778,105.06654357910156
1779,91.9431381225586
1780,104.9570083618164
1781,103.37630462646484
1782,95.58028411865234
1783,98.14301300048828
1784,97.23883056640625
1785,90.07942199707031
1786,105.33668518066406
1787,98.21723937988281
1788,106.81681060791016
1789,112.34732818603516
1790,104.82404327392578
1791,104.27017974853516
1792,102.28951263427734
1793,107.86559295654297
1794,99.15172576904297
1795,98.1749038696289
1796,101.24375915527344
1797,103.72613525390625
1798,106.53565979003906
1799,95.4112319946289
1800,94.6778793334961
1801,101.91889190673828
1802,98.59716796875
1803,101.25315856933594
1804,97.22402954101562
1805,102.3889389038086
1806,106.55863952636719
1807,106.29175567626953
1808,111.03739166259766
1809,99.84425354003906
1810,104.3390884399414
1811,107.0499496459961
1812,97.97541809082031
1813,110.49152374267578
1814,113.93205261230469
1815,98.96763610839844
1816,99.4429702758789
1817,101.4183578491211
1818,114.93709564208984
1819,115.80449676513672
1820,112.63212585449219
1821,118.31324768066406
1822,109.6382827758789
1823,112.47119140625
1824,123.37310028076172
1825,119.30828094482422
1826,112.92901611328125
1827,120.67527770996094
1828,112.33769226074219
1829,114.92731475830078
1830,102.50975036621094
1831,110.94304656982422
1832,113.4949722290039
1833,115.44672393798828
1834,105.52564239501953
1835,106.35260009765625
1836,108.63729095458984
1837,108.67020416259766
1838,117.45145416259766
1839,114.30023193359375
1840,119.88094329833984
1841,117.08229064941406
1842,118.81732940673828
1843,125.27875518798828
1844,120.6645278930664
1845,115.80989074707031
1846,130.07708740234375
1847,124.939453125
1848,121.62913513183594
1849,136.0755157470703
1850,141.49050903320312
1851,143.5653533935547
1852,131.01309204101562
1853,124.63087463378906
1854,123.18846893310547
1855,126.90362548828125
1856,126.4444808959961
1857,122.51123809814453
1858,126.87834167480469
1859,127.42076110839844
1860,124.93341827392578
1861,129.43898010253906
1862,128.11618041992188
1863,130.0867462158203
1864,134.40541076660156
1865,130.5541534423828
1866,121.9033203125
1867,125.64013671875
1868,123.27291870117188
1869,134.77113342285156
1870,127.04618835449219
1871,128.3941192626953
1872,122.37664031982422
1873,127.0517578125
1874,137.1476287841797
1875,128.7771759033203
1876,134.10508728027344
1877,129.16168212890625
1878,124.11479949951172
1879,135.08799743652344
1880,124.75297546386719
1881,120.0630111694336
1882,112.99610137939453
1883,116.87207794189453
1884,119.39410400390625
1885,120.74171447753906
1886,124.67194366455078
1887,118.79410552978516
1888,121.70093536376953
1889,122.75902557373047
1890,120.68522644042969
1891,121.39830017089844
1892,123.62329864501953
1893,126.25927734375
1894,122.13813018798828
1895,139.99717712402344
1896,121.02978515625
1897,123.6974868774414
1898,126.89997100830078
1899,129.7624969482422
1900,119.70170593261719
1901,123.32698822021484
1902,119.01020812988281
1903,120.73375701904297
1904,111.71243286132812
1905,121.2912368774414
1906,118.06170654296875
1907,112.51777648925781
1908,110.12383270263672
1909,111.03482818603516
1910,115.71878051757812
1911,120.14331817626953
1912,114.96394348144531
1913,110.65034484863281
1914,108.88417053222656
1915,119.07384490966797
1916,100.38199615478516
1917,109.31449890136719
1918,116.90652465820312
1919,113.5059814453125
1920,115.82488250732422
1921,119.97338104248047
1922,109.03431701660156
1923,118.79631805419922
1924,117.05513763427734
1925,119.78215789794922
1926,117.8611831665039
1927,128.74925231933594
1928,119.04010009765625
1929,110.23109436035156
1930,124.19371032714844
1931,120.43894958496094
1932,119.98460388183594
1933,128.4155731201172
1934,124.75495147705078
1935,114.70327758789062
1936,117.8479232788086
1937,122.4383316040039
1938,127.89599609375
1939,120.5103759765625
1940,119.90341186523438
1941,122.47150421142578
1942,118.35547637939453
1943,120.29674530029297
1944,121.4449234008789
1945,118.0578842163086
1946,126.83226013183594
1947,141.61862182617188
1948,133.7039031982422
1949,129.62599182128906
1950,131.50320434570312
1951,138.4989776611328
1952,143.65933227539062
1953,139.5355682373047
1954,143.80917358398438
1955,144.09063720703125
1956,145.16685485839844
1957,141.46022033691406
1958,149.0391082763672
1959,147.48574829101562
1960,146.94700622558594
1961,146.19430541992188
1962,143.72265625
1963,146.4718475341797
1964,141.92263793945312
1965,142.70594787597656
1966,138.61952209472656
1967,155.6519317626953
1968,145.03042602539062
1969,142.14047241210938
1970,145.29917907714844
1971,159.8506622314453
1972,133.9693145751953
1973,138.8025665283203
1974,136.1576385498047
1975,129.24331665039062
1976,129.3742218017578
1977,142.57411193847656
1978,135.17709350585938
1979,133.0311737060547
1980,131.51878356933594
1981,132.00686645507812
1982,135.7241668701172
1983,130.38209533691406
1984,135.9148712158203
1985,133.90072631835938
1986,143.45001220703125
1987,134.4764404296875
1988,124.4911880493164
1989,134.99200439453125
1990,121.57357788085938
1991,126.99748992919922
1992,127.01285552978516
1993,123.32318115234375
1994,129.50564575195312
1995,126.15101623535156
1996,130.16021728515625
1997,125.64200592041016
1998,129.28048706054688
1999,122.0007553100586
2000,124.73356628417969
2001,128.90492248535156
2002,115.24011993408203
2003,121.65406799316406
2004,120.09172058105469
2005,130.2268524169922
2006,124.71855926513672
2007,128.17755126953125
2008,126.62776947021484
2009,120.39635467529297
2010,118.11637878417969
2011,125.4314956665039
2012,118.51411437988281
2013,115.32946014404297
2014,124.7679672241211
2015,114.19921875
2016,132.58888244628906
2017,124.48194122314453
2018,123.74784088134766
2019,127.18365478515625
2020,119.46595001220703
2021,118.97746276855469
2022,127.74201965332031
2023,126.00738525390625
2024,122.40898895263672
2025,120.95026397705078
2026,125.17597961425781
2027,122.06182861328125
2028,128.67706298828125
2029,122.44793701171875
2030,123.23163604736328
2031,125.87897491455078
2032,127.56340789794922
2033,131.76197814941406
2034,134.4882354736328
2035,136.69715881347656
2036,140.81561279296875
2037,137.43612670898438
2038,135.38223266601562
2039,141.84005737304688
2040,133.2809600830078
2041,138.4068603515625
2042,132.9884490966797
2043,140.4418182373047
2044,134.3114471435547
2045,134.4022979736328
2046,139.1541290283203
2047,123.84381866455078
2048,140.77122497558594
2049,139.16273498535156
2050,141.41415405273438
2051,140.0077362060547
2052,134.07713317871094
2053,137.46121215820312
2054,144.22080993652344
2055,140.2274932861328
2056,138.15866088867188
2057,142.05055236816406
2058,138.5467987060547
2059,151.5052490234375
2060,145.14407348632812
2061,138.0704345703125
2062,138.46633911132812
2063,136.550048828125
2064,146.74710083007812
2065,138.5570068359375
2066,136.39682006835938
2067,128.3461456298828
2068,141.2567901611328
2069,139.2700653076172
2070,138.7470703125
2071,136.36434936523438
2072,140.28164672851562
2073,138.0517120361328
2074,138.3275909423828
2075,128.03269958496094
2076,126.9142074584961
2077,124.7845458984375
2078,128.42404174804688
2079,120.28264617919922
2080,125.88549041748047
2081,125.5597152709961
2082,136.37571716308594
2083,135.4671630859375
2084,133.78697204589844
2085,132.5272216796875
2086,134.0487060546875
2087,132.5709991455078
2088,133.43606567382812
2089,133.79507446289062
2090,134.33700561523438
2091,122.01759338378906
2092,129.4198760986328
2093,136.926025390625
2094,140.61891174316406
2095,135.17430114746094
2096,136.34686279296875
2097,133.88247680664062
2098,125.72909545898438
2099,131.9088897705078
2100,134.4974365234375
2101,137.52145385742188
2102,135.51502990722656
2103,127.1823959350586
2104,128.31004333496094
2105,133.00616455078125
2106,131.52102661132812
2107,128.69810485839844
2108,127.98345947265625
2109,135.44906616210938
2110,127.96819305419922
2111,121.96656799316406
2112,119.5202407836914
2113,115.3043212890625
2114,116.13700866699219
2115,121.60025024414062
2116,114.59085845947266
2117,112.718017578125
2118,114.38404846191406
2119,123.61880493164062
2120,121.06847381591797
2121,116.99293518066406
2122,122.04690551757812
2123,120.6317138671875
2124,131.40155029296875
2125,128.90054321289062
2126,117.0019302368164
2127,133.6534881591797
2128,119.5120849609375
2129,130.4724884033203
2130,116.9454574584961
2131,121.84500885009766
2132,125.5103530883789
2133,121.06476593017578
2134,121.58799743652344
2135,118.85863494873047
2136,117.6490478515625
2137,123.15961456298828
2138,111.51968383789062
2139,122.76470184326172
2140,122.61466979980469
2141,111.56136322021484
2142,107.57343292236328
2143,113.25293731689453
2144,110.94863891601562
2145,122.8772201538086
2146,121.3885269165039
2147,128.04232788085938
2148,138.7281951904297
2149,118.9166488647461
2150,124.85183715820312
2151,121.54125213623047
2152,130.1739501953125
2153,136.44065856933594
2154,124.94698333740234
2155,135.39976501464844
2156,125.23177337646484
2157,125.54206848144531
2158,121.7523422241211
2159,127.37789154052734
2160,134.15963745117188
2161,124.55946350097656
2162,129.62461853027344
2163,140.79454040527344
2164,133.2516326904297
2165,134.94459533691406
2166,130.72756958007812
2167,130.22964477539062
2168,131.4955291748047
2169,137.91111755371094
2170,135.99534606933594
2171,134.8905029296875
2172,135.21484375
2173,136.88299560546875
2174,129.24591064453125
2175,130.4387969970703
2176,128.2631072998047
2177,126.3624038696289
2178,133.90133666992188
2179,133.6755828857422
2180,143.0792694091797
2181,136.18263244628906
2182,136.814697265625
2183,135.68972778320312
2184,138.35488891601562
2185,132.6146240234375
2186,132.23040771484375
2187,143.09530639648438
2188,135.8492431640625
2189,135.40875244140625
2190,132.69886779785156
2191,127.79590606689453
2192,135.13909912109375
2193,132.61500549316406
2194,128.56898498535156
2195,131.2410125732422
2196,125.08143615722656
2197,124.78953552246094
2198,121.84687042236328
2199,125.8656997680664
2200,131.40284729003906
2201,123.63471221923828
2202,128.08639526367188
2203,124.6453857421875
2204,133.2920379638672
2205,131.5216064453125
2206,128.2173614501953
2207,127.58020782470703
2208,135.0052490234375
2209,121.4695053100586
2210,127.24028015136719
2211,121.3503646850586
2212,118.18160247802734
2213,123.29878234863281
2214,127.37398529052734
2215,126.03047180175781
2216,126.04593658447266
2217,130.49217224121094
2218,126.58375549316406
2219,125.4339828491211
2220,122.66846466064453
2221,135.7298126220703
2222,132.43104553222656
2223,125.81546783447266
2224,125.83721923828125
2225,131.19094848632812
2226,141.2961883544922
2227,136.5084686279297
2228,142.32493591308594
2229,141.12954711914062
2230,134.94500732421875
2231,139.06495666503906
2232,137.84132385253906
2233,132.9556427001953
2234,134.03372192382812
2235,133.12380981445312
2236,140.21107482910156
2237,137.3011016845703
2238,130.8135528564453
2239,132.07774353027344
2240,146.99017333984375
2241,141.08163452148438
2242,144.87582397460938
2243,138.46876525878906
2244,137.97084045410156
2245,132.2957763671875
2246,141.17027282714844
2247,136.17398071289062
2248,133.61073303222656
2249,139.9066925048828
2250,137.7398681640625
2251,140.91583251953125
2252,127.04361724853516
2253,134.93942260742188
2254,124.04059600830078
2255,122.96650695800781
2256,127.84212493896484
2257,111.93096160888672
2258,120.17393493652344
2259,124.4487075805664
2260,119.40672302246094
2261,126.72708129882812
2262,123.29141235351562
2263,124.86540222167969
2264,112.77265930175781
2265,118.37464141845703
2266,125.5638198852539
2267,129.88552856445312
2268,114.239990234375
2269,118.83903503417969
2270,126.40052032470703
2271,112.37335205078125
2272,123.06563568115234
2273,125.14509582519531
2274,115.94712829589844
2275,113.49378967285156
2276,116.85032653808594
2277,118.72660827636719
2278,119.01708221435547
2279,114.53480529785156
2280,119.55845642089844
2281,121.65577697753906
2282,119.82634735107422
2283,123.75521087646484
2284,122.40015411376953
2285,128.80052185058594
2286,136.20223999023438
2287,137.8803253173828
2288,128.29974365234375
2289,130.64199829101562
2290,133.98330688476562
2291,126.05371856689453
2292,129.87826538085938
2293,127.42794799804688
2294,132.0716094970703
2295,128.9029083251953
2296,124.61062622070312
2297,130.9772491455078
2298,127.93389892578125
2299,129.6982421875
2300,122.9411849975586
2301,121.46095275878906
2302,128.0470428466797
2303,122.59795379638672
2304,124.9081802368164
2305,126.14161682128906
2306,128.85984802246094
2307,124.81946563720703
2308,129.24301147460938
2309,135.79095458984375
2310,136.62289428710938
2311,134.47325134277344
2312,143.22323608398438
2313,146.02915954589844
2314,141.200439453125
2315,146.11302185058594
2316,141.71946716308594
2317,138.9816131591797
2318,145.68748474121094
2319,136.6066131591797
2320,150.88641357421875
2321,131.9807586669922
2322,124.73214721679688
2323,128.83096313476562
2324,136.2796173095703
2325,134.0196990966797
2326,131.63436889648438
2327,135.11819458007812
2328,131.30409240722656
2329,134.21307373046875
2330,133.9713592529297
2331,127.18281555175781
2332,127.66355895996094
2333,130.72946166992188
2334,131.2848663330078
2335,129.20541381835938
2336,132.9049530029297
2337,122.87935638427734
2338,122.49518585205078
2339,123.87200164794922
2340,125.04735565185547
2341,122.58502197265625
2342,122.24100494384766
2343,142.4893798828125
2344,130.60520935058594
2345,129.12979125976562
2346,126.29595947265625
2347,131.0111846923828
2348,120.89352416992188
2349,126.80238342285156
2350,123.4382095336914
2351,126.80795288085938
2352,123.56598663330078
2353,125.24956512451172
2354,117.62831115722656
2355,116.33230590820312
2356,112.3611068725586
2357,111.85103607177734
2358,111.23005676269531
2359,111.00813293457031
2360,112.21681213378906
2361,114.61408233642578
2362,110.13432312011719
2363,105.13800048828125
2364,107.99273681640625
2365,113.92317962646484
2366,113.59214782714844
2367,111.06669616699219
2368,110.89846801757812
2369,106.01690673828125
2370,104.74099731445312
2371,106.46520233154297
2372,102.48109436035156
2373,106.55142211914062
2374,103.7134780883789
2375,113.07907104492188
2376,114.18070983886719
2377,118.54390716552734
2378,118.25259399414062
2379,117.13019561767578
2380,126.32789611816406
2381,124.27349090576172
2382,120.58517456054688
2383,123.64269256591797
2384,119.73493957519531
2385,119.64282989501953
2386,119.51216125488281
2387,113.15117645263672
2388,109.74024200439453
2389,113.3680648803711
2390,109.05546569824219
2391,109.50729370117188
2392,111.56163024902344
2393,111.95613861083984
2394,106.08451843261719
2395,106.85005950927734
2396,102.87427520751953
2397,113.98236846923828
2398,105.08659362792969
2399,108.5903549194336
2400,113.91110229492188
2401,113.23981475830078
2402,118.53339385986328
2403,112.22467041015625
2404,118.93668365478516
2405,124.5662841796875
2406,122.86627197265625
2407,127.43090057373047
2408,110.91719055175781
2409,118.74837493896484
2410,123.50519561767578
2411,128.22410583496094
2412,137.631591796875
2413,127.48624420166016
2414,122.79209899902344
2415,127.98637390136719
2416,120.67691040039062
2417,123.51380920410156
2418,119.79891204833984
2419,128.14276123046875
2420,116.70649719238281
2421,116.6051254272461
2422,113.78739166259766
2423,116.86201477050781
2424,123.01227569580078
2425,111.36643981933594
2426,115.0612564086914
2427,120.75629425048828
2428,117.87039184570312
2429,123.2352523803711
2430,124.5240707397461
2431,132.26763916015625
2432,124.05323028564453
2433,124.26837158203125
2434,128.30284118652344
2435,135.05560302734375
2436,130.87939453125
2437,122.9154281616211
2438,129.1148223876953
2439,127.71273040771484
2440,125.77125549316406
2441,133.77308654785156
2442,123.37913513183594
2443,128.4804229736328
2444,138.69863891601562
2445,133.08399963378906
2446,146.5654754638672
2447,136.36410522460938
2448,147.98538208007812
2449,148.57412719726562
2450,159.09141540527344
2451,155.5247344970703
2452,152.7335968017578
2453,150.97389221191406
2454,144.66403198242188
2455,149.0352325439453
2456,146.7767333984375
2457,147.0535888671875
2458,154.37139892578125
2459,146.7543182373047
2460,149.7803192138672
2461,135.9482421875
2462,143.3111114501953
2463,136.66891479492188
2464,138.6981201171875
2465,146.27899169921875
2466,137.96954345703125
2467,136.37646484375
2468,133.4380645751953
2469,136.98968505859375
2470,132.14646911621094
2471,141.57882690429688
2472,134.51512145996094
2473,128.90480041503906
2474,120.39154815673828
2475,129.12066650390625
2476,129.5552978515625
2477,131.36123657226562
2478,121.23863220214844
2479,123.65289306640625
2480,123.47610473632812
2481,120.6607666015625
2482,128.5932159423828
2483,126.27742767333984
2484,130.4617462158203
2485,122.28488159179688
2486,124.40874481201172
2487,121.5926513671875
2488,115.59307098388672
2489,115.8668212890625
2490,113.04151153564453
2491,116.2367172241211
2492,121.78307342529297
2493,120.2385025024414
2494,117.66629028320312
2495,119.55499267578125
2496,116.97964477539062
2497,123.69184875488281
2498,125.99982452392578
2499,118.79496002197266
2500,112.1569595336914
2501,112.40162658691406
2502,114.00659942626953
2503,114.32847595214844
2504,109.7276840209961
2505,109.95993041992188
2506,115.04266357421875
2507,108.65421295166016
2508,106.49137115478516
2509,109.84886932373047
2510,119.21272277832031
2511,111.93356323242188
2512,111.08441162109375
2513,114.13819122314453
2514,115.07025146484375
2515,112.67349243164062
2516,104.8430404663086
2517,106.56510925292969
2518,111.9696044921875
2519,106.07327270507812
2520,107.6554946899414
2521,112.9407730102539
2522,110.19637298583984
2523,111.21744537353516
2524,108.47565460205078
2525,101.16983795166016
2526,98.5331802368164
2527,113.32946014404297
2528,100.53987884521484
2529,100.65592193603516
2530,101.40892791748047
2531,104.59429168701172
2532,105.69407653808594
2533,109.14806365966797
2534,98.12300872802734
2535,102.85920715332031
2536,104.41437530517578
2537,107.74041748046875
2538,111.18550872802734
2539,106.0323257446289
2540,117.27766418457031
2541,107.28398132324219
2542,110.9028549194336
2543,103.5770492553711
2544,117.82401275634766
2545,113.05352020263672
2546,115.6776351928711
2547,120.6924819946289
2548,119.10819244384766
2549,120.83145904541016
2550,124.18144989013672
2551,122.21475982666016
2552,120.08396911621094
2553,116.25399780273438
2554,114.66613006591797
2555,115.65583801269531
2556,123.9541015625
2557,119.30589294433594
2558,120.42405700683594
2559,125.71775817871094
2560,127.36873626708984
2561,120.65933227539062
2562,116.70899963378906
2563,115.98657989501953
2564,113.4068374633789
2565,121.31592559814453
2566,117.80374908447266
2567,119.11497497558594
2568,118.15938568115234
2569,125.69335174560547
2570,123.92146301269531
2571,121.94186401367188
2572,124.14556884765625
2573,126.94954681396484
2574,114.75946807861328
2575,130.69186401367188
2576,122.85596466064453
2577,133.73658752441406
2578,134.4147491455078
2579,131.09352111816406
2580,131.16314697265625
2581,125.84088134765625
2582,133.30686950683594
2583,141.87655639648438
2584,128.7752685546875
2585,126.40599060058594
2586,129.890380859375
2587,116.66171264648438
2588,117.9762954711914
2589,120.88459014892578
2590,122.63871002197266
2591,109.53790283203125
2592,115.61083221435547
2593,112.91567993164062
2594,114.94408416748047
2595,113.64476776123047
2596,119.33978271484375
2597,127.84124755859375
2598,123.18843841552734
2599,119.43046569824219
2600,116.63722229003906
2601,133.1090087890625
2602,125.83894348144531
2603,121.19287872314453
2604,125.6159439086914
2605,127.4680404663086
2606,131.29672241210938
2607,131.82041931152344
2608,137.7754364013672
2609,126.63631439208984
2610,132.92539978027344
2611,140.99290466308594
2612,135.3910369873047
2613,129.58702087402344
2614,122.73086547851562
2615,126.2367172241211
2616,120.6969985961914
2617,123.2857666015625
2618,111.25883483886719
2619,117.09114837646484
2620,117.42538452148438
2621,124.33601379394531
2622,121.49690246582031
2623,119.98409271240234
2624,125.82328796386719
2625,130.5467071533203
2626,119.07669830322266
2627,124.2220458984375
2628,123.83834075927734
2629,125.44091033935547
2630,124.52081298828125
2631,135.236328125
2632,121.90608215332031
2633,128.56509399414062
2634,127.05337524414062
2635,118.6617202758789
2636,130.3553466796875
2637,123.14250183105469
2638,126.687255859375
2639,121.61317443847656
2640,117.71476745605469
2641,116.62571716308594
2642,122.67948150634766
2643,123.50379180908203
2644,128.16314697265625
2645,127.55152130126953
2646,129.76504516601562
2647,123.13494110107422
2648,127.63673400878906
2649,120.9967269897461
2650,130.4879913330078
2651,122.15481567382812
2652,128.186767578125
2653,126.6672592163086
2654,124.39064025878906
2655,126.24409484863281
2656,128.85227966308594
2657,125.25367736816406
2658,127.1783447265625
2659,125.07592010498047
2660,125.94205474853516
2661,123.07152557373047
2662,122.5692138671875
2663,122.39726257324219
2664,122.46208190917969
2665,120.11773681640625
2666,114.25353240966797
2667,115.4613265991211
2668,114.87985229492188
2669,110.02120971679688
2670,113.55487060546875
2671,109.09949493408203
2672,112.11137390136719
2673,110.58318328857422
2674,101.139892578125
2675,101.57521057128906
2676,100.5976333618164
2677,104.85399627685547
2678,97.16058349609375
2679,93.88137817382812
2680,96.19751739501953
2681,97.77365112304688
2682,94.59071350097656
2683,105.19232940673828
2684,96.10100555419922
2685,89.42559814453125
2686,91.63150787353516
2687,88.98316192626953
2688,87.00343322753906
2689,90.72869110107422
2690,92.27539825439453
2691,95.82169342041016
2692,97.03939056396484
2693,91.8451919555664
2694,91.30896759033203
2695,86.9457778930664
2696,86.37596893310547
2697,87.76934814453125
2698,88.97480773925781
2699,84.21549224853516
2700,79.94624328613281
2701,83.43077087402344
2702,78.58016204833984
2703,84.9794692993164
2704,84.49661254882812
2705,78.95552825927734
2706,77.23350524902344
2707,79.57972717285156
2708,80.56904602050781
2709,81.9412841796875
2710,84.2748794555664
2711,81.6208724975586
2712,88.879150390625
2713,88.31546783447266
2714,81.98580932617188
2715,86.16948699951172
2716,89.02649688720703
2717,95.11309051513672
2718,89.39830017089844
2719,88.82238006591797
2720,90.59587860107422
2721,96.77045440673828
2722,91.47232818603516
2723,98.82716369628906
2724,94.36368560791016
2725,89.06159210205078
2726,91.20655822753906
2727,98.9659194946289
2728,93.645263671875
2729,83.54866790771484
2730,85.91527557373047
2731,89.9736099243164
2732,86.64797973632812
2733,82.70758819580078
2734,87.23577117919922
2735,83.71086883544922
2736,88.14146423339844
2737,93.25720977783203
2738,94.9627914428711
2739,99.33251190185547
2740,111.09033966064453
2741,107.88016510009766
2742,108.8475112915039
2743,112.8620834350586
2744,107.49173736572266
2745,110.17814636230469
2746,115.65998077392578
2747,127.11290740966797
2748,123.31612396240234
2749,126.35205841064453
2750,127.70376586914062
2751,121.25547790527344
2752,122.28197479248047
2753,125.56608581542969
2754,127.65703582763672
2755,138.2389678955078
2756,129.63214111328125
2757,133.54808044433594
2758,133.7708740234375
2759,127.8984146118164
2760,134.22500610351562
2761,137.93580627441406
2762,143.78567504882812
2763,135.06924438476562
2764,132.84796142578125
2765,131.86618041992188
2766,140.34532165527344
2767,134.2897491455078
2768,136.39503479003906
2769,129.25213623046875
2770,137.2664031982422
2771,137.46368408203125
2772,133.05203247070312
2773,133.6459197998047
2774,135.47698974609375
2775,135.3843231201172
2776,137.8693389892578
2777,128.4453887939453
2778,135.4510498046875
2779,140.599609375
2780,139.41717529296875
2781,136.7283477783203
2782,139.7523193359375
2783,144.2058868408203
2784,137.2378692626953
2785,143.01817321777344
2786,148.69015502929688
2787,148.85743713378906
2788,146.6590118408203
2789,146.61563110351562
2790,137.98582458496094
2791,135.98922729492188
2792,139.66427612304688
2793,145.84962463378906
2794,137.14654541015625
2795,138.1805877685547
2796,144.77175903320312
2797,139.30503845214844
2798,148.96055603027344
2799,141.3901824951172
2800,141.917236328125
2801,140.17080688476562
2802,137.2842559814453
2803,135.7629852294922
2804,140.82855224609375
2805,139.28741455078125
2806,141.2254180908203
2807,139.1487579345703
2808,136.5386199951172
2809,133.0286865234375
2810,139.44332885742188
2811,127.59585571289062
2812,130.6713104248047
2813,135.05374145507812
2814,125.15620422363281
2815,130.4854736328125
2816,123.59542846679688
2817,123.02952575683594
2818,119.96721649169922
2819,117.02749633789062
2820,123.02771759033203
2821,118.02045440673828
2822,123.36759185791016
2823,127.02310180664062
2824,134.3307342529297
2825,129.20755004882812
2826,128.21771240234375
2827,132.60328674316406
2828,133.46368408203125
2829,127.14988708496094
2830,135.70118713378906
2831,144.93394470214844
2832,151.07493591308594
2833,139.82980346679688
2834,136.4235076904297
2835,147.53182983398438
2836,139.72915649414062
2837,132.1212615966797
2838,144.13075256347656
2839,138.92605590820312
2840,155.69073486328125
2841,139.13177490234375
2842,154.1668701171875
2843,137.9613494873047
2844,136.87876892089844
2845,132.57174682617188
2846,123.5527572631836
2847,129.94297790527344
2848,125.58270263671875
2849,128.6620635986328
2850,119.36529541015625
2851,116.9913558959961
2852,124.50708770751953
2853,119.75860595703125
2854,118.872802734375
2855,125.89231872558594
2856,113.29087829589844
2857,123.44185638427734
2858,123.038330078125
2859,124.16361999511719
2860,122.38314056396484
2861,118.70453643798828
2862,111.13876342773438
2863,111.5420913696289
2864,110.95028686523438
2865,109.30062866210938
2866,106.5302734375
2867,110.30963134765625
2868,103.65282440185547
2869,110.86491394042969
2870,115.33220672607422
2871,111.83563232421875
2872,112.8913803100586
2873,119.08214569091797
2874,122.81256103515625
2875,111.95136260986328
2876,117.6910629272461
2877,114.83300018310547
2878,113.71023559570312
2879,112.8226089477539
2880,114.78255462646484
2881,113.28506469726562
2882,122.57841491699219
2883,116.6216812133789
2884,112.13045501708984
2885,109.44609832763672
2886,112.61734008789062
2887,119.31151580810547
2888,117.2630844116211
2889,124.55574035644531
2890,124.74878692626953
2891,128.43722534179688
2892,118.6173095703125
2893,117.82292175292969
2894,117.69700622558594
2895,121.89268493652344
2896,119.85393524169922
2897,118.56074523925781
2898,112.66350555419922
2899,111.1222152709961
2900,112.4433822631836
2901,113.92405700683594
2902,105.736328125
2903,106.14202117919922
2904,102.8963394165039
2905,101.47510528564453
2906,114.16692352294922
2907,112.87447357177734
2908,122.77725982666016
2909,121.30986785888672
2910,110.61647033691406
2911,110.07595825195312
2912,112.50909423828125
2913,112.12572479248047
2914,113.4456787109375
2915,112.88957977294922
2916,121.6495361328125
2917,122.68949890136719
2918,119.5453109741211
2919,117.22071075439453
2920,120.61485290527344
2921,129.46322631835938
2922,125.46963500976562
2923,120.65706634521484
2924,135.28697204589844
2925,123.97513580322266
2926,129.13015747070312
2927,133.6287384033203
2928,127.72978210449219
2929,127.35111236572266
2930,117.88468170166016
2931,112.80172729492188
2932,123.1515884399414
2933,119.5145263671875
2934,118.13807678222656
2935,116.50843048095703
2936,111.82878112792969
2937,111.67418670654297
2938,108.83638763427734
2939,105.86051940917969
2940,107.63793182373047
2941,113.18000030517578
2942,122.42150115966797
2943,121.25760650634766
2944,127.16011810302734
2945,123.50337982177734
2946,124.06230163574219
2947,124.48824310302734
2948,122.50434875488281
2949,121.23603820800781
2950,121.89895629882812
2951,121.94849395751953
2952,122.26905059814453
2953,117.71563720703125
2954,112.1916732788086
2955,123.18607330322266
2956,119.58162689208984
2957,126.95030212402344
2958,123.02516174316406
2959,119.50077819824219
2960,111.93108367919922
2961,122.22066497802734
2962,114.71540069580078
2963,115.34172821044922
2964,110.59208679199219
2965,115.06094360351562
2966,110.71488189697266
2967,114.41355895996094
2968,114.16160583496094
2969,107.19615936279297
2970,109.07315826416016
2971,111.58264923095703
2972,123.01360321044922
2973,111.75059509277344
2974,114.72523498535156
2975,124.47957611083984
2976,113.29808044433594
2977,129.3804168701172
2978,118.9361801147461
2979,126.83624267578125
2980,127.50296783447266
2981,119.03173065185547
2982,130.808349609375
2983,129.89942932128906
2984,124.21905517578125
2985,135.02467346191406
2986,129.71803283691406
2987,126.67546081542969
2988,131.3384552001953
2989,129.1046142578125
2990,133.08404541015625
2991,126.12628936767578
2992,126.41053009033203
2993,123.27447509765625
2994,129.32901000976562
2995,122.1219253540039
2996,121.01325225830078
2997,121.34239196777344
2998,125.22787475585938
2999,119.62409210205078
3000,124.70507049560547
3001,114.30719757080078
3002,118.80340576171875
3003,115.23887634277344
3004,118.56285095214844
3005,122.63325500488281
3006,131.94076538085938
3007,121.62812042236328
3008,124.21630859375
3009,132.3681182861328
3010,130.63568115234375
3011,125.61294555664062
3012,125.42189025878906
3013,128.02915954589844
3014,130.41139221191406
3015,134.47390747070312
3016,139.90261840820312
3017,131.302978515625
3018,141.85589599609375
3019,140.5355987548828
3020,133.63526916503906
3021,139.3099822998047
3022,137.99020385742188
3023,131.6950225830078
3024,144.2272186279297
3025,141.64109802246094
3026,139.52023315429688
3027,139.63417053222656
3028,140.32528686523438
3029,129.9070587158203
3030,134.42660522460938
3031,134.09605407714844
3032,135.2751922607422
3033,131.31939697265625
3034,123.50598907470703
3035,116.91549682617188
3036,119.74381256103516
3037,115.90735626220703
3038,125.24171447753906
3039,124.07862091064453
3040,127.55165100097656
3041,125.16325378417969
3042,132.1378173828125
3043,120.34013366699219
3044,123.37967681884766
3045,128.38682556152344
3046,120.4363784790039
3047,130.02210998535156
3048,126.20088958740234
3049,120.33710479736328
3050,113.2737808227539
3051,111.14535522460938
3052,111.20195770263672
3053,107.06436920166016
3054,119.13542938232422
3055,115.69475555419922
3056,104.25808715820312
3057,105.12325286865234
3058,102.4128189086914
3059,100.41650390625
3060,114.64128875732422
3061,104.2735595703125
3062,115.043212890625
3063,108.01457214355469
3064,111.7623291015625
3065,114.4383544921875
3066,116.54115295410156
3067,107.78194427490234
3068,120.15879821777344
3069,117.97755432128906
3070,108.01467895507812
3071,105.93846130371094
3072,115.56233215332031
3073,112.06521606445312
3074,107.62174987792969
3075,107.74894714355469
3076,106.34308624267578
3077,103.63811492919922
3078,114.28811645507812
3079,107.87353515625
3080,103.57307434082031
3081,107.6884536743164
3082,108.73971557617188
3083,105.10292053222656
3084,105.48360443115234
3085,103.84759521484375
3086,109.15409851074219
3087,105.84387969970703
3088,104.2870101928711
3089,104.85151672363281
3090,100.67488098144531
3091,100.80216979980469
3092,101.63507843017578
3093,112.28627014160156
3094,103.26231384277344
3095,107.26892852783203
3096,110.37581634521484
3097,107.78636932373047
3098,112.99854278564453
3099,114.18133544921875
3100,106.9572982788086
3101,110.0775375366211
3102,107.79750061035156
3103,116.68216705322266
3104,109.27948760986328
3105,108.69950103759766
3106,110.7703628540039
3107,111.0897216796875
3108,114.77778625488281
3109,116.08943939208984
3110,124.5121078491211
3111,122.56767272949219
3112,121.13679504394531
3113,118.94940185546875
3114,113.71501159667969
3115,126.71501159667969
3116,123.99793243408203
3117,123.66658782958984
3118,117.73908996582031
3119,115.4580078125
3120,128.03883361816406
3121,121.73406219482422
3122,124.07350158691406
3123,128.64080810546875
3124,129.43504333496094
3125,129.19073486328125
3126,122.43836212158203
3127,130.16766357421875
3128,121.78650665283203
3129,133.36260986328125
3130,130.6071014404297
3131,124.02072143554688
3132,131.5412139892578
3133,129.96444702148438
3134,127.05140686035156
3135,133.50234985351562
3136,132.9904022216797
3137,128.04014587402344
3138,122.8710708618164
3139,128.99806213378906
3140,127.16213989257812
3141,132.7106170654297
3142,136.21339416503906
3143,136.82662963867188
3144,141.10635375976562
3145,135.9172821044922
3146,129.9483642578125
3147,128.06092834472656
3148,130.56834411621094
3149,135.0985565185547
3150,137.90988159179688
3151,130.80860900878906
3152,123.00931549072266
3153,131.42459106445312
3154,132.43824768066406
3155,121.77325439453125
3156,133.45462036132812
3157,133.24822998046875
3158,137.02699279785156
3159,128.88937377929688
3160,133.81202697753906
3161,129.25572204589844
3162,135.23219299316406
3163,137.37155151367188
3164,134.4337921142578
3165,133.46060180664062
3166,136.88340759277344
3167,134.32711791992188
3168,124.84013366699219
3169,127.2424087524414
3170,122.36473083496094
3171,127.13304138183594
3172,122.02821350097656
3173,123.6716079711914
3174,126.9228744506836
3175,117.34013366699219
3176,120.33460235595703
3177,117.78024291992188
3178,115.17451477050781
3179,120.519775390625
3180,114.61166381835938
3181,113.18283081054688
3182,119.43275451660156
3183,116.45921325683594
3184,115.5394515991211
3185,119.07909393310547
3186,124.86514282226562
3187,128.27110290527344
3188,134.08767700195312
3189,123.98856353759766
3190,133.45596313476562
3191,131.7520751953125
3192,130.09725952148438
3193,134.64073181152344
3194,130.7183837890625
3195,132.7476806640625
3196,132.5723114013672
3197,141.69102478027344
3198,135.9342803955078
3199,135.8641357421875
3200,128.1415252685547
3201,129.56671142578125
3202,130.65684509277344
3203,134.55030822753906
3204,132.7855682373047
3205,127.74343872070312
3206,123.08916473388672
3207,140.5032501220703
3208,142.34829711914062
3209,130.0392303466797
3210,129.32200622558594
3211,134.15536499023438
3212,143.81494140625
3213,137.99542236328125
3214,141.24461364746094
3215,136.62850952148438
3216,132.7547149658203
3217,140.418701171875
3218,136.0251007080078
3219,128.5729217529297
3220,116.53170013427734
3221,114.19010162353516
3222,124.71294403076172
3223,117.61333465576172
3224,123.68605041503906
3225,121.42407989501953
3226,119.41480255126953
3227,120.57837677001953
3228,122.86395263671875
3229,117.00164031982422
3230,118.17960357666016
3231,121.6993179321289
3232,116.94380187988281
3233,121.67037963867188
3234,123.3919906616211
3235,116.03031921386719
3236,113.61492919921875
3237,119.25382995605469
3238,117.30116271972656
3239,122.71038818359375
3240,121.70968627929688
3241,120.61287689208984
3242,123.67192840576172
3243,121.6255874633789
3244,127.34117126464844
3245,137.6021270751953
3246,121.79996490478516
3247,122.33661651611328
3248,119.25371551513672
3249,130.40733337402344
3250,127.1285629272461
3251,121.4708480834961
3252,129.25015258789062
3253,125.1972427368164
3254,119.10279083251953
3255,128.73379516601562
3256,124.63029479980469
3257,125.83535766601562
3258,128.1734619140625
3259,126.74906158447266
3260,116.52342224121094
3261,126.64695739746094
3262,126.67815399169922
3263,123.68933868408203
3264,128.96705627441406
3265,132.9541473388672
3266,129.7905731201172
3267,127.61033630371094
3268,135.47657775878906
3269,132.88572692871094
3270,142.9513397216797
3271,146.14447021484375
3272,141.73553466796875
3273,144.8074493408203
3274,138.8701934814453
3275,147.63467407226562
3276,142.07522583007812
3277,147.26437377929688
3278,150.3147430419922
3279,154.52294921875
3280,151.00144958496094
3281,156.0527801513672
3282,153.2740020751953
3283,150.4561309814453
3284,151.89651489257812
3285,141.1154327392578
3286,152.8229217529297
3287,149.28097534179688
3288,147.50592041015625
3289,150.60848999023438
3290,143.1613006591797
3291,142.87379455566406
3292,153.44882202148438
3293,147.43397521972656
3294,142.4038543701172
3295,141.62843322753906
3296,145.0325927734375
3297,145.39846801757812
3298,153.18373107910156
3299,150.67098999023438
3300,155.1592254638672
3301,155.4160919189453
3302,154.87461853027344
3303,152.73553466796875
3304,153.3834228515625
3305,153.54483032226562
3306,150.0123291015625
3307,148.59158325195312
3308,145.68898010253906
3309,150.63401794433594
3310,154.2168731689453
3311,160.84640502929688
3312,155.9373779296875
3313,141.75990295410156
3314,146.43319702148438
3315,145.35086059570312
3316,148.89398193359375
3317,148.26785278320312
3318,144.64735412597656
3319,142.94947814941406
3320,140.9322509765625
3321,141.29812622070312
3322,136.9471435546875
3323,147.7523193359375
3324,135.39019775390625
3325,135.8709259033203
3326,133.3892059326172
3327,132.61019897460938
3328,137.7927703857422
3329,129.51441955566406
3330,133.2701416015625
3331,136.32337951660156
3332,138.1249237060547
3333,142.7569122314453
3334,139.86529541015625
3335,142.35879516601562
3336,132.77081298828125
3337,131.97581481933594
3338,122.7898178100586
3339,127.04976654052734
3340,119.21880340576172
3341,129.07069396972656
3342,132.12623596191406
3343,124.90287017822266
3344,125.57149505615234
3345,118.31197357177734
3346,129.84706115722656
3347,118.90187072753906
3348,123.07322692871094
3349,125.18557739257812
3350,111.5114517211914
3351,112.37885284423828
3352,114.77494049072266
3353,118.80048370361328
3354,121.59740447998047
3355,121.7530288696289
3356,112.56273651123047
3357,115.07942962646484
3358,120.8531265258789
3359,123.05340576171875
3360,124.45323181152344
3361,125.05413818359375
3362,125.9163589477539
3363,127.60323333740234
3364,121.8469467163086
3365,127.8514404296875
3366,129.1084747314453
3367,123.91117858886719
3368,131.9801788330078
3369,133.18748474121094
3370,130.9899139404297
3371,131.73915100097656
3372,133.90548706054688
3373,121.78111267089844
3374,132.08042907714844
3375,133.2842254638672
3376,134.09017944335938
3377,133.3490753173828
3378,136.88783264160156
3379,135.2543487548828
3380,136.6956024169922
3381,138.1780548095703
3382,136.33013916015625
3383,132.77056884765625
3384,135.8550567626953
3385,141.68161010742188
3386,130.62879943847656
3387,132.4635009765625
3388,129.826904296875
3389,137.26974487304688
3390,126.0250015258789
3391,118.6594009399414
3392,123.23965454101562
3393,127.99760437011719
3394,128.65293884277344
3395,126.94473266601562
3396,121.14700317382812
3397,122.935546875
3398,122.66342163085938
3399,130.42010498046875
3400,129.051025390625
3401,130.6179656982422
3402,130.4286346435547
3403,133.06854248046875
3404,126.81641387939453
3405,120.51808166503906
3406,119.7413330078125
3407,119.3650131225586
3408,121.59593963623047
3409,118.98916625976562
3410,119.02651977539062
3411,118.56835174560547
3412,116.58219909667969
3413,118.7210922241211
3414,113.98539733886719
3415,114.38078308105469
3416,121.85668182373047
3417,125.5672607421875
3418,125.68487548828125
3419,124.01611328125
3420,121.39473724365234
3421,123.75370788574219
3422,119.86133575439453
3423,102.93018341064453
3424,113.20184326171875
3425,113.92459106445312
3426,114.68657684326172
3427,112.31822967529297
3428,118.13825225830078
3429,116.45352935791016
3430,118.83829498291016
3431,120.40546417236328
3432,121.18757629394531
3433,122.54866027832031
3434,119.40387725830078
3435,118.17462921142578
3436,119.2402114868164
3437,130.65049743652344
3438,120.23343658447266
3439,136.6532440185547
3440,131.1400146484375
3441,117.83819580078125
3442,132.03981018066406
3443,123.70935821533203
3444,115.69338989257812
3445,119.19316101074219
3446,120.20649719238281
3447,118.20951080322266
3448,126.00462341308594
3449,128.8336944580078
3450,125.96919250488281
3451,124.9417495727539
3452,130.3091583251953
3453,121.14710998535156
3454,120.47318267822266
3455,122.71997833251953
3456,126.46195983886719
3457,112.88352966308594
3458,128.65904235839844
3459,127.37191772460938
3460,126.93256378173828
3461,123.49311828613281
3462,116.09510803222656
3463,125.40586853027344
3464,124.70639038085938
3465,124.56483459472656
3466,127.5933609008789
3467,126.63845825195312
3468,124.71984100341797
3469,121.26769256591797
3470,119.06376647949219
3471,123.74872589111328
3472,129.42823791503906
3473,130.59584045410156
3474,132.64675903320312
3475,139.41372680664062
3476,141.73587036132812
3477,138.81964111328125
3478,146.03627014160156
3479,138.350830078125
3480,136.34664916992188
3481,132.8226776123047
3482,133.14697265625
3483,141.38992309570312
3484,143.3556671142578
3485,141.02745056152344
3486,139.61341857910156
3487,140.199462890625
3488,138.44776916503906
3489,148.27529907226562
3490,143.85923767089844
3491,148.12655639648438
3492,144.44752502441406
3493,130.73146057128906
3494,130.5116729736328
3495,133.68191528320312
3496,123.67050170898438
3497,134.57183837890625
3498,125.50064086914062
3499,125.74991607666016
3500,128.95083618164062
3501,133.72610473632812
3502,118.50426483154297
3503,125.10049438476562
3504,122.09172058105469
3505,126.32752990722656
3506,119.6192626953125
3507,125.7928466796875
3508,128.808349609375
3509,127.01106262207031
3510,133.24732971191406
3511,129.22442626953125
3512,137.08450317382812
3513,135.8494110107422
3514,131.87185668945312
3515,126.2161865234375
3516,133.8149871826172
3517,125.86316680908203
3518,114.8736343383789
3519,125.5722427368164
3520,121.58228302001953
3521,119.59534454345703
3522,122.50183868408203
3523,123.9129638671875
3524,123.42518615722656
3525,126.15110778808594
3526,120.36328125
3527,111.42338562011719
3528,107.4062728881836
3529,109.72220611572266
3530,106.42196655273438
3531,112.17623138427734
3532,96.34307098388672
3533,112.919677734375
3534,109.40579986572266
3535,110.030029296875
3536,104.87847900390625
3537,101.03356170654297
3538,111.2813491821289
3539,110.32726287841797
3540,105.48286437988281
3541,106.86589813232422
3542,107.75706481933594
3543,116.1151123046875
3544,110.65242767333984
3545,111.94886016845703
3546,106.39474487304688
3547,104.19419860839844
3548,119.60984802246094
3549,106.36810302734375
3550,118.11226654052734
3551,117.53287506103516
3552,113.82315063476562
3553,113.82386016845703
3554,116.83467864990234
3555,114.12554931640625
3556,126.01683807373047
3557,121.39360809326172
3558,126.62462615966797
3559,115.73060607910156
3560,111.7016372680664
3561,105.67033386230469
3562,111.6761245727539
3563,108.84687805175781
3564,116.34235382080078
3565,121.492919921875
3566,125.0510482788086
3567,128.37078857421875
3568,130.7574462890625
3569,127.20161437988281
3570,130.2689666748047
3571,128.4468231201172
3572,125.44355010986328
3573,131.54505920410156
3574,135.70664978027344
3575,136.21910095214844
3576,132.34649658203125
3577,133.3018798828125
3578,142.2119140625
3579,134.6314239501953
3580,133.37164306640625
3581,140.83299255371094
3582,127.7198257446289
3583,139.32647705078125
3584,139.15200805664062
3585,139.10487365722656
3586,142.7925567626953
3587,145.80517578125
3588,144.8478546142578
3589,149.3140106201172
3590,143.03355407714844
3591,137.2502899169922
3592,153.8670654296875
3593,155.14645385742188
3594,143.37698364257812
3595,141.73248291015625
3596,146.77345275878906
3597,156.0991973876953
3598,155.5640411376953
3599,154.7294464111328
3600,140.13636779785156
3601,142.49838256835938
3602,134.9823760986328
3603,134.25608825683594
3604,131.94847106933594
3605,146.37733459472656
3606,143.12986755371094
3607,152.1494140625
3608,150.1497039794922
3609,154.6803741455078
3610,142.71983337402344
3611,152.37081909179688
3612,143.9363555908203
3613,139.64466857910156
3614,145.48252868652344
3615,138.00967407226562
3616,140.785400390625
3617,135.54953002929688
3618,140.53941345214844
3619,138.1462860107422
3620,135.11080932617188
3621,128.8406524658203
3622,132.66339111328125
3623,138.2104034423828
3624,134.0021209716797
3625,136.63392639160156
3626,141.46328735351562
3627,135.34637451171875
3628,128.68734741210938
3629,132.79898071289062
3630,134.19631958007812
3631,138.39471435546875
3632,129.41180419921875
3633,142.8376922607422
3634,131.82481384277344
3635,141.1920166015625
3636,136.14932250976562
3637,137.1842803955078
3638,141.37991333007812
3639,145.45301818847656
3640,138.7611083984375
3641,139.1212158203125
3642,137.82635498046875
3643,136.50128173828125
3644,143.10186767578125
3645,140.7124481201172
3646,139.526123046875
3647,150.8538818359375
3648,130.87452697753906
3649,137.28060913085938
3650,147.13885498046875
3651,147.0775604248047
3652,140.0185546875
3653,142.5070343017578
3654,146.156982421875
3655,142.9068603515625
3656,146.62586975097656
3657,145.75030517578125
3658,148.80056762695312
3659,150.26113891601562
3660,145.22879028320312
3661,144.6864776611328
3662,146.6056671142578
3663,155.21710205078125
3664,144.1463165283203
3665,141.17660522460938
3666,143.76028442382812
3667,143.68722534179688
3668,150.8454132080078
3669,140.91213989257812
3670,143.48390197753906
3671,139.82882690429688
3672,141.87794494628906
3673,139.79110717773438
3674,137.76953125
3675,135.8153533935547
3676,139.19911193847656
3677,133.10719299316406
3678,130.63563537597656
3679,134.73037719726562
3680,133.04205322265625
3681,133.94876098632812
3682,130.7740478515625
3683,133.4634246826172
3684,124.460693359375
3685,125.90773010253906
3686,127.65135192871094
3687,132.22149658203125
3688,133.54322814941406
3689,124.12195587158203
3690,124.01446533203125
3691,135.19314575195312
3692,129.3164825439453
3693,124.60633850097656
3694,121.27658081054688
3695,128.18344116210938
3696,117.11270904541016
3697,121.40655517578125
3698,115.33863067626953
3699,119.19075775146484
3700,107.2047348022461
3701,101.46076965332031
3702,104.38015747070312
3703,110.0030288696289
3704,111.21762084960938
3705,112.31976318359375
3706,118.89691162109375
3707,108.46481323242188
3708,123.68521118164062
3709,114.4011459350586
3710,115.81591796875
3711,115.1458740234375
3712,116.58409881591797
3713,110.33491516113281
3714,117.39401245117188
3715,113.7597885131836
3716,116.0986557006836
3717,118.21792602539062
3718,119.09086608886719
3719,112.20439910888672
3720,111.73798370361328
3721,104.8187026977539
3722,122.62255859375
3723,108.73477172851562
3724,108.02623748779297
3725,107.88143157958984
3726,116.26873016357422
3727,118.06810760498047
3728,118.30841064453125
3729,104.61764526367188
3730,114.40068054199219
3731,113.33177185058594
3732,113.3152084350586
3733,111.24044036865234
3734,112.72412872314453
3735,116.05520629882812
3736,104.81067657470703
3737,104.58917999267578
3738,101.46294403076172
3739,111.0345687866211
3740,108.17279815673828
3741,104.32276153564453
3742,113.15416717529297
3743,113.7362060546875
3744,114.99857330322266
3745,109.20232391357422
3746,107.56397247314453
3747,104.71884155273438
3748,118.95802307128906
3749,111.26063537597656
3750,119.0123291015625
3751,117.17852020263672
3752,116.65855407714844
3753,109.12841033935547
3754,110.56909942626953
3755,109.60363006591797
3756,109.66432189941406
3757,113.7193603515625
3758,116.75099182128906
3759,121.17608642578125
3760,116.64573669433594
3761,122.22789764404297
3762,113.36548614501953
3763,124.54519653320312
3764,123.08306121826172
3765,123.1633071899414
3766,121.14742279052734
3767,124.02324676513672
3768,121.01802062988281
3769,120.29644012451172
3770,127.76274871826172
3771,115.60877990722656
3772,110.11458587646484
3773,109.4784164428711
3774,117.9616470336914
3775,116.55990600585938
3776,115.2361831665039
3777,111.12686157226562
3778,114.58555603027344
3779,112.31997680664062
3780,114.14956665039062
3781,117.7536849975586
3782,115.24332427978516
3783,109.73118591308594
3784,119.38126373291016
3785,123.86607360839844
3786,116.2347640991211
3787,125.3081283569336
3788,121.1530532836914
3789,122.23011779785156
3790,125.3495101928711
3791,118.04869079589844
3792,127.19564056396484
3793,121.96054077148438
3794,121.9195327758789
3795,122.09325408935547
3796,117.32195281982422
3797,120.41160583496094
3798,124.18428802490234
3799,125.42398071289062
3800,124.164306640625
3801,135.00885009765625
3802,129.0179443359375
3803,128.1532440185547
3804,134.8782196044922
3805,129.27383422851562
3806,127.69033813476562
3807,136.36907958984375
3808,137.94847106933594
3809,143.86581420898438
3810,139.0960693359375
3811,142.0966033935547
3812,149.66012573242188
3813,147.31439208984375
3814,144.81549072265625
3815,144.2428436279297
3816,140.9310302734375
3817,145.29295349121094
3818,146.0191192626953
3819,145.69471740722656
3820,144.97520446777344
3821,141.53819274902344
3822,146.9545135498047
3823,143.56103515625
3824,142.88600158691406
3825,153.32786560058594
3826,153.8714141845703
3827,159.46246337890625
3828,159.62913513183594
3829,162.33035278320312
3830,160.51220703125
3831,157.91119384765625
3832,162.74786376953125
3833,168.11355590820312
3834,161.97323608398438
3835,156.77256774902344
3836,170.05674743652344
3837,161.55282592773438
3838,160.13768005371094
3839,161.0095672607422
3840,158.77821350097656
3841,157.24798583984375
3842,170.0481414794922
3843,159.3776397705078
3844,169.5328369140625
3845,165.65354919433594
3846,169.44161987304688
3847,164.50717163085938
3848,166.49545288085938
3849,170.81915283203125
3850,163.3289337158203
3851,166.7605743408203
3852,165.9186553955078
3853,165.2668914794922
3854,161.5643768310547
3855,161.68971252441406
3856,155.43788146972656
3857,165.9653778076172
3858,165.7439422607422
3859,162.0275421142578
3860,157.85531616210938
3861,154.96102905273438
3862,160.00100708007812
3863,157.96864318847656
3864,155.79006958007812
3865,153.76133728027344
3866,156.50393676757812
3867,160.27716064453125
3868,158.87901306152344
3869,157.99351501464844
3870,149.88290405273438
3871,150.83114624023438
3872,153.32054138183594
3873,143.0989990234375
3874,149.50770568847656
3875,142.95758056640625
3876,145.7347412109375
3877,146.7245635986328
3878,150.58949279785156
3879,141.32586669921875
3880,141.03521728515625
3881,137.34715270996094
3882,136.0083465576172
3883,133.74533081054688
3884,138.22195434570312
3885,139.13392639160156
3886,124.95716857910156
3887,128.76998901367188
3888,125.3609848022461
3889,130.00155639648438
3890,125.34600067138672
3891,117.04887390136719
3892,120.4433822631836
3893,115.5199203491211
3894,114.66715240478516
3895,120.46881866455078
3896,117.95484924316406
3897,119.10384368896484
3898,128.7139129638672
3899,115.90719604492188
3900,115.81095123291016
3901,125.55921936035156
3902,116.14848327636719
3903,117.28886413574219
3904,103.9429702758789
3905,110.4010009765625
3906,105.79076385498047
3907,102.87803649902344
3908,102.82034301757812
3909,109.90245819091797
3910,103.5989761352539
3911,112.38099670410156
3912,105.03506469726562
3913,108.6218032836914
3914,101.74247741699219
3915,114.64015197753906
3916,102.42053985595703
3917,110.06796264648438
3918,109.27940368652344
3919,106.19947814941406
3920,106.65660095214844
3921,104.71607971191406
3922,108.1992416381836
3923,110.531005859375
3924,104.20809936523438
3925,106.37032318115234
3926,105.02919006347656
3927,103.79732513427734
3928,110.00614929199219
3929,104.5140609741211
3930,110.64288330078125
3931,99.07925415039062
3932,101.9868392944336
3933,109.19195556640625
3934,113.15521240234375
3935,117.56086730957031
3936,115.07991027832031
3937,115.5309829711914
3938,110.65132904052734
3939,133.43304443359375
3940,124.37461853027344
3941,128.0900421142578
3942,123.4591064453125
3943,122.18629455566406
3944,125.92578125
3945,132.7352294921875
3946,126.22161102294922
3947,131.1793670654297
3948,135.748779296875
3949,129.0495147705078
3950,137.9681396484375
3951,134.79246520996094
3952,128.17587280273438
3953,123.97313690185547
3954,118.98692321777344
3955,124.0016098022461
3956,125.94667053222656
3957,123.36087036132812
3958,127.6683578491211
3959,130.40213012695312
3960,131.85693359375
3961,136.7164764404297
3962,132.84523010253906
3963,135.49227905273438
3964,134.19822692871094
3965,138.45848083496094
3966,131.9022216796875
3967,131.00950622558594
3968,131.51170349121094
3969,130.73072814941406
3970,133.28640747070312
3971,137.49838256835938
3972,134.3242950439453
3973,136.87384033203125
3974,137.43319702148438
3975,140.8767547607422
3976,133.481201171875
3977,143.74765014648438
3978,137.23153686523438
3979,135.13388061523438
3980,146.77464294433594
3981,146.74278259277344
3982,138.68182373046875
3983,135.18106079101562
3984,150.25254821777344
3985,142.7521209716797
3986,135.79148864746094
3987,145.09068298339844
3988,144.56944274902344
3989,139.639892578125
3990,143.1289520263672
3991,147.17095947265625
3992,155.63108825683594
3993,151.10899353027344
3994,148.91976928710938
3995,149.2272491455078
3996,141.93800354003906
3997,153.67080688476562
3998,139.99559020996094
3999,138.3096466064453
4000,135.69834899902344
4001,140.77206420898438
4002,127.59210205078125
4003,132.8107147216797
4004,137.1114044189453
4005,130.95826721191406
4006,141.96998596191406
4007,149.4838409423828
4008,138.16250610351562
4009,135.04383850097656
4010,147.09304809570312
4011,128.71307373046875
4012,134.52984619140625
4013,124.24970245361328
4014,135.4212188720703
4015,134.34384155273438
4016,127.58580017089844
4017,129.46485900878906
4018,122.30126190185547
4019,123.8320083618164
4020,127.50595092773438
4021,134.20436096191406
4022,138.19053649902344
4023,132.6704864501953
4024,144.0342559814453
4025,140.2398223876953
4026,139.9951629638672
4027,139.62742614746094
4028,141.56675720214844
4029,145.57200622558594
4030,143.8756866455078
4031,135.66552734375
4032,135.79141235351562
4033,136.3860626220703
4034,138.0361328125
4035,133.2766571044922
4036,137.54937744140625
4037,134.2394561767578
4038,128.03005981445312
4039,131.75357055664062
4040,128.6147003173828
4041,128.27980041503906
4042,128.23699951171875
4043,134.3652801513672
4044,136.00205993652344
4045,129.67181396484375
4046,132.33935546875
4047,137.86634826660156
4048,128.34608459472656
4049,127.6454849243164
4050,124.53809356689453
4051,121.88174438476562
4052,125.22998046875
4053,123.46654510498047
4054,123.81768798828125
4055,132.56443786621094
4056,138.6077423095703
4057,132.34593200683594
4058,133.45899963378906
4059,136.00645446777344
4060,134.33111572265625
4061,127.26968383789062
4062,130.21038818359375
4063,124.71687316894531
4064,124.21553039550781
4065,117.17584991455078
4066,125.96642303466797
4067,115.51548767089844
4068,119.0713119506836
4069,117.47195434570312
4070,112.4156265258789
4071,115.77549743652344
4072,114.92578125
4073,111.91744995117188
4074,121.8377914428711
4075,122.82532501220703
4076,122.13775634765625
4077,120.3359603881836
4078,124.83580780029297
4079,122.63504791259766
4080,128.30795288085938
4081,120.37272644042969
4082,122.63568115234375
4083,117.18850708007812
4084,114.47722625732422
4085,110.94561767578125
4086,107.2828369140625
4087,109.47667694091797
4088,112.04344940185547
4089,104.28148651123047
4090,116.57625579833984
4091,111.78163146972656
4092,112.32254028320312
4093,115.391357421875
4094,105.96224975585938
4095,112.24324798583984
4096,109.30126953125
4097,111.86908721923828
4098,107.49929809570312
4099,113.76028442382812
4100,104.62326049804688
4101,111.95382690429688
4102,111.61992645263672
4103,124.4189682006836
4104,114.31913757324219
4105,108.75061798095703
4106,116.5015640258789
4107,111.65776062011719
4108,101.84194946289062
4109,108.83078002929688
4110,112.4065170288086
4111,110.68829345703125
4112,118.47929382324219
4113,110.04243469238281
4114,110.06510162353516
4115,106.83744812011719
4116,102.32535552978516
4117,110.2813491821289
4118,110.52350616455078
4119,111.94747161865234
4120,112.80721282958984
4121,108.30115509033203
4122,107.61695861816406
4123,115.30030059814453
4124,108.38446044921875
4125,111.89686584472656
4126,115.41500091552734
4127,117.25560760498047
4128,115.68364715576172
4129,110.41921997070312
4130,115.23565673828125
4131,118.05184936523438
4132,114.3998794555664
4133,121.49541473388672
4134,116.8784408569336
4135,118.89009857177734
4136,115.52777099609375
4137,123.79405212402344
4138,125.2025146484375
4139,122.75251007080078
4140,116.59815979003906
4141,122.92826843261719
4142,126.19660949707031
4143,133.2473602294922
4144,131.9910125732422
4145,127.26831817626953
4146,136.85235595703125
4147,132.99295043945312
4148,130.26931762695312
4149,125.87117767333984
4150,130.14833068847656
4151,131.4288787841797
4152,130.33497619628906
4153,135.9744110107422
4154,130.47523498535156
4155,136.22747802734375
4156,137.32102966308594
4157,136.75802612304688
4158,133.8788299560547
4159,135.66726684570312
4160,131.66610717773438
4161,131.93663024902344
4162,144.3533172607422
4163,138.04953002929688
4164,141.86021423339844
4165,142.35438537597656
4166,133.8544921875
4167,143.99139404296875
4168,147.39076232910156
4169,147.75135803222656
4170,143.07337951660156
4171,142.91908264160156
4172,140.76060485839844
4173,143.63336181640625
4174,147.55775451660156
4175,147.6200714111328
4176,148.0426025390625
4177,137.47885131835938
4178,138.68756103515625
4179,149.24276733398438
4180,147.49838256835938
4181,148.71914672851562
4182,143.40811157226562
4183,150.7828826904297
4184,150.85357666015625
4185,144.75840759277344
4186,146.44752502441406
4187,146.45033264160156
4188,146.3443145751953
4189,147.15362548828125
4190,148.99098205566406
4191,144.0340118408203
4192,142.20582580566406
4193,143.68423461914062
4194,136.4169464111328
4195,136.1014404296875
4196,140.707275390625
4197,137.72300720214844
4198,132.2117156982422
4199,130.00601196289062
4200,136.62213134765625
4201,136.15234375
4202,131.18231201171875
4203,131.12457275390625
4204,128.93695068359375
4205,129.01589965820312
4206,133.3972930908203
4207,136.41665649414062
4208,139.34291076660156
4209,135.83641052246094
4210,144.3173065185547
4211,137.91807556152344
4212,133.3260955810547
4213,140.30567932128906
4214,135.87281799316406
4215,142.02967834472656
4216,147.1387176513672
4217,142.04969787597656
4218,139.76519775390625
4219,135.07846069335938
4220,132.81683349609375
4221,136.857666015625
4222,138.3645477294922
4223,137.02601623535156
4224,140.87696838378906
4225,138.03016662597656
4226,139.65664672851562
4227,128.9395751953125
4228,130.03292846679688
4229,131.32476806640625
4230,126.06974029541016
4231,131.13201904296875
4232,130.89596557617188
4233,136.16749572753906
4234,136.35960388183594
4235,129.1002960205078
4236,127.82128143310547
4237,131.1974334716797
4238,127.54923248291016
4239,131.72348022460938
4240,128.20433044433594
4241,131.26629638671875
4242,120.89114379882812
4243,126.13871765136719
4244,132.08819580078125
4245,131.7986297607422
4246,132.3607635498047
4247,125.89286804199219
4248,128.45008850097656
4249,122.20278930664062
4250,126.89297485351562
4251,123.66434478759766
4252,125.19678497314453
4253,117.7716064453125
4254,117.1205062866211
4255,121.17169189453125
4256,112.9626235961914
4257,111.48925018310547
4258,113.89141082763672
4259,116.7433090209961
4260,122.99116516113281
4261,112.53978729248047
4262,123.04815673828125
4263,116.61238098144531
4264,119.38094329833984
4265,118.81855010986328
4266,119.5523452758789
4267,119.96380615234375
4268,117.97441864013672
4269,122.08267211914062
4270,113.99334716796875
4271,111.5151138305664
4272,106.596923828125
4273,106.25362396240234
4274,111.99697875976562
4275,107.98027038574219
4276,102.88774871826172
4277,113.73957061767578
4278,109.35712432861328
4279,115.92010498046875
4280,126.53905487060547
4281,137.2032012939453
4282,135.8974609375
4283,135.2230682373047
4284,135.75173950195312
4285,133.64529418945312
4286,134.0908203125
4287,133.23223876953125
4288,132.40403747558594
4289,129.26988220214844
4290,131.78160095214844
4291,136.34283447265625
4292,134.6370391845703
4293,132.4311065673828
4294,131.97296142578125
4295,134.95204162597656
4296,134.94137573242188
4297,133.1327667236328
4298,140.8012237548828
4299,134.58294677734375
4300,142.65480041503906
4301,127.54928588867188
4302,127.32673645019531
4303,126.16522216796875
4304,122.3466567993164
4305,132.9877471923828
4306,128.08511352539062
4307,128.56024169921875
4308,131.1265411376953
4309,122.14095306396484
4310,128.33944702148438
4311,131.43212890625
4312,138.14918518066406
4313,130.5364227294922
4314,132.24441528320312
4315,141.50314331054688
4316,139.56915283203125
4317,137.7411651611328
4318,141.0890655517578
4319,140.280517578125
4320,143.0478973388672
4321,138.507080078125
4322,138.05250549316406
4323,138.01014709472656
4324,137.43576049804688
4325,134.8428497314453
4326,140.88356018066406
4327,139.42367553710938
4328,137.6801300048828
4329,146.2333221435547
4330,133.46099853515625
4331,140.52960205078125
4332,131.960693359375
4333,140.78839111328125
4334,146.9107208251953
4335,139.7108917236328
4336,140.65582275390625
4337,132.87667846679688
4338,136.171142578125
4339,141.2423095703125
4340,145.56494140625
4341,148.165771484375
4342,143.0039520263672
4343,138.88458251953125
4344,135.80905151367188
4345,129.3375244140625
4346,124.63410949707031
4347,121.73126220703125
4348,133.40403747558594
4349,126.74589538574219
4350,131.3082275390625
4351,133.03509521484375
4352,136.29579162597656
4353,133.20565795898438
4354,137.3422088623047
4355,132.67320251464844
4356,127.50428009033203
4357,128.85601806640625
4358,128.2670135498047
4359,120.68946075439453
4360,122.19606018066406
4361,114.88238525390625
4362,112.32423400878906
4363,116.13341522216797
4364,120.61308288574219
4365,116.95366668701172
4366,113.45511627197266
4367,120.47017669677734
4368,114.57022094726562
4369,120.32386016845703
4370,118.39486694335938
4371,115.69915771484375
4372,121.59346771240234
4373,119.34638977050781
4374,116.70597839355469
4375,117.90266418457031
4376,113.50090789794922
4377,117.1812973022461
4378,120.43826293945312
4379,108.29179382324219
4380,111.6480484008789
4381,114.48682403564453
4382,118.64160919189453
4383,114.58360290527344
4384,112.04859924316406
4385,117.77019500732422
4386,115.84442138671875
4387,115.00325775146484
4388,117.46387481689453
4389,112.72979736328125
4390,110.60374450683594
4391,116.2635269165039
4392,117.557373046875
4393,107.38058471679688
4394,108.65738677978516
4395,113.47911071777344
4396,108.12004852294922
4397,123.78795623779297
4398,114.8326416015625
4399,117.94879150390625
4400,113.00321960449219
4401,108.98898315429688
4402,112.40840911865234
4403,110.2723617553711
4404,109.32530212402344
4405,121.27073669433594
4406,120.90754699707031
4407,116.33963012695312
4408,118.83380889892578
4409,122.5281753540039
4410,117.20528411865234
4411,118.73233795166016
4412,127.17508697509766
4413,126.18427276611328
4414,125.03510284423828
4415,121.65400695800781
4416,116.80254364013672
4417,126.57593536376953
4418,123.75852966308594
4419,122.81526184082031
4420,116.20429992675781
4421,119.35655212402344
4422,122.92918395996094
4423,113.46595001220703
4424,125.14359283447266
4425,118.14478302001953
4426,118.65177917480469
4427,119.81362915039062
4428,122.75526428222656
4429,126.8878402709961
4430,127.0997085571289
4431,126.6275634765625
4432,129.0188446044922
4433,131.44418334960938
4434,126.53441619873047
4435,130.27883911132812
4436,139.87838745117188
4437,125.95503234863281
4438,130.0673828125
4439,135.60177612304688
4440,133.95242309570312
4441,139.35821533203125
4442,132.6215057373047
4443,139.54595947265625
4444,133.95358276367188
4445,128.19471740722656
4446,132.72781372070312
4447,130.1399383544922
4448,134.1431121826172
4449,129.72998046875
4450,130.4108123779297
4451,135.28445434570312
4452,139.08718872070312
4453,132.8572235107422
4454,139.17152404785156
4455,143.20208740234375
4456,142.7141571044922
4457,142.798828125
4458,140.92791748046875
4459,135.77195739746094
4460,139.6700439453125
4461,138.18695068359375
4462,143.6226043701172
4463,138.9834442138672
4464,132.76348876953125
4465,140.33938598632812
4466,142.95794677734375
4467,146.89743041992188
4468,147.9818572998047
4469,150.57711791992188
4470,160.43931579589844
4471,155.01568603515625
4472,151.380126953125
4473,154.8780517578125
4474,150.17198181152344
4475,149.32186889648438
4476,149.31784057617188
4477,144.6092987060547
4478,153.3232421875
4479,153.68276977539062
4480,145.33880615234375
4481,139.2614288330078
4482,159.23292541503906
4483,146.4602813720703
4484,150.9297332763672
4485,154.67388916015625
4486,148.5782012939453
4487,145.55853271484375
4488,148.7756805419922
4489,144.69915771484375
4490,145.26837158203125
4491,139.69619750976562
4492,145.25730895996094
4493,138.78036499023438
4494,132.0139617919922
4495,135.58401489257812
4496,148.3471221923828
4497,133.38702392578125
4498,141.1970672607422
4499,139.0280303955078
4500,133.44554138183594
4501,133.60336303710938
4502,127.42545318603516
4503,131.74371337890625
4504,128.6661834716797
4505,129.99966430664062
4506,126.62300872802734
4507,123.75933074951172
4508,124.16842651367188
4509,127.04731750488281
4510,128.5939483642578
4511,120.44670867919922
4512,123.51139068603516
4513,122.4724349975586
4514,128.63818359375
4515,126.41712951660156
4516,127.96719360351562
4517,130.29901123046875
4518,123.111572265625
4519,120.20443725585938
4520,120.90733337402344
4521,117.46929168701172
4522,123.46843719482422
4523,118.41606140136719
4524,123.11869812011719
4525,117.07936096191406
4526,103.56729125976562
4527,109.5089340209961
4528,107.6210708618164
4529,109.43631744384766
4530,109.86731719970703
4531,109.44082641601562
4532,104.46501159667969
4533,98.29500579833984
4534,103.07749938964844
4535,101.112060546875
4536,108.726806640625
4537,104.93714904785156
4538,116.66773986816406
4539,106.57301330566406
4540,110.2089614868164
4541,109.8791732788086
4542,109.47843170166016
4543,114.72599029541016
4544,107.09256744384766
4545,114.6179428100586
4546,109.64723205566406
4547,108.48138427734375
4548,111.14351654052734
4549,110.17684936523438
4550,107.55775451660156
4551,111.71485137939453
4552,104.39381408691406
4553,101.42940521240234
4554,106.52227020263672
4555,108.40900421142578
4556,107.18585968017578
4557,112.3510513305664
4558,103.63848876953125
4559,111.52568817138672
4560,107.08840942382812
4561,103.65922546386719
4562,109.65888214111328
4563,99.4124984741211
4564,100.15730285644531
4565,100.41072082519531
4566,107.79928588867188
4567,107.90423583984375
4568,120.96997833251953
4569,121.34420776367188
4570,120.72921752929688
4571,121.2959976196289
4572,129.55043029785156
4573,128.96884155273438
4574,137.00767517089844
4575,131.36163330078125
4576,127.95925903320312
4577,132.7270965576172
4578,130.97772216796875
4579,132.66554260253906
4580,119.79596710205078
4581,121.35684967041016
4582,123.26433563232422
4583,118.71559143066406
4584,119.73458099365234
4585,111.3572998046875
4586,116.36248779296875
4587,114.91047668457031
4588,115.61217498779297
4589,114.61685180664062
4590,109.21472930908203
4591,115.95935821533203
4592,113.35870361328125
4593,117.17404174804688
4594,119.30236053466797
4595,129.70541381835938
4596,126.42817687988281
4597,126.17333221435547
4598,128.86476135253906
4599,129.31869506835938
4600,133.47940063476562
4601,134.53269958496094
4602,144.08917236328125
4603,134.96340942382812
4604,133.85755920410156
4605,131.429931640625
4606,136.5037841796875
4607,131.82870483398438
4608,136.51950073242188
4609,145.74119567871094
4610,135.07078552246094
4611,128.47036743164062
4612,137.7910919189453
4613,129.45140075683594
4614,127.19673919677734
4615,125.75926208496094
4616,127.48992919921875
4617,121.32078552246094
4618,120.00323486328125
4619,119.29032897949219
4620,116.98757934570312
4621,114.53165435791016
4622,117.7489013671875
4623,116.87860870361328
4624,116.34417724609375
4625,120.43077087402344
4626,128.4495086669922
4627,116.34187316894531
4628,124.532958984375
4629,117.64153289794922
4630,123.19832611083984
4631,119.9162368774414
4632,127.47977447509766
4633,130.6754150390625
4634,126.92591094970703
4635,133.1522674560547
4636,132.94342041015625
4637,131.15895080566406
4638,130.6254425048828
4639,132.80809020996094
4640,130.1976318359375
4641,124.36461639404297
4642,128.76065063476562
4643,132.7178955078125
4644,136.15623474121094
4645,124.73303985595703
4646,127.31709289550781
4647,134.60597229003906
4648,126.436279296875
4649,124.11011505126953
4650,126.48358154296875
4651,124.52362060546875
4652,130.2410888671875
4653,121.80780792236328
4654,127.65555572509766
4655,133.31756591796875
4656,129.32281494140625
4657,135.54141235351562
4658,130.7338409423828
4659,131.5517578125
4660,135.67037963867188
4661,135.4390869140625
4662,144.65480041503906
4663,136.87234497070312
4664,131.9779052734375
4665,133.99766540527344
4666,137.500244140625
4667,128.8604278564453
4668,135.40423583984375
4669,136.08517456054688
4670,127.86216735839844
4671,132.45928955078125
4672,126.06005859375
4673,125.79790496826172
4674,129.2641143798828
4675,127.6281967163086
4676,137.43585205078125
4677,138.91485595703125
4678,134.61073303222656
4679,130.40478515625
4680,135.72634887695312
4681,137.03858947753906
4682,136.6687469482422
4683,133.85235595703125
4684,135.3231658935547
4685,125.1264419555664
4686,131.10488891601562
4687,138.54684448242188
4688,120.77838897705078
4689,127.95576477050781
4690,136.06072998046875
4691,139.28045654296875
4692,138.57679748535156
4693,136.02886962890625
4694,136.91847229003906
4695,141.54405212402344
4696,137.2937469482422
4697,145.01718139648438
4698,138.58934020996094
4699,140.62730407714844
4700,137.75689697265625
4701,142.2371063232422
4702,147.6938018798828
4703,146.45608520507812
4704,142.71742248535156
4705,143.3529510498047
4706,140.33375549316406
4707,133.2125701904297
4708,138.45477294921875
4709,137.1455535888672
4710,131.77647399902344
4711,133.08914184570312
4712,142.859130859375
4713,134.70907592773438
4714,138.22796630859375
4715,132.7748565673828
4716,138.8697052001953
4717,140.2718048095703
4718,139.58209228515625
4719,140.24893188476562
4720,142.00901794433594
4721,135.89895629882812
4722,142.6097412109375
4723,134.57626342773438
4724,141.2735595703125
4725,140.87408447265625
4726,140.0161590576172
4727,137.18621826171875
4728,147.04904174804688
4729,154.11566162109375
4730,141.97975158691406
4731,149.2838592529297
4732,138.8446807861328
4733,146.46218872070312
4734,142.56971740722656
4735,146.94671630859375
4736,144.7880096435547
4737,144.5113525390625
4738,132.99920654296875
4739,133.6805419921875
4740,139.65899658203125
4741,136.04092407226562
4742,139.60020446777344
4743,130.8590087890625
4744,144.34066772460938
4745,147.33206176757812
4746,146.80955505371094
4747,143.67718505859375
4748,147.1748504638672
4749,148.75808715820312
4750,142.05532836914062
4751,146.32322692871094
4752,147.49916076660156
4753,147.25209045410156
4754,142.91366577148438
4755,143.55377197265625
4756,144.2288360595703
4757,145.16641235351562
4758,135.56748962402344
4759,142.5341339111328
4760,149.53854370117188
4761,142.58111572265625
4762,138.5269012451172
4763,135.6229248046875
4764,133.86390686035156
4765,142.71249389648438
4766,136.17816162109375
4767,139.1551513671875
4768,123.25798797607422
4769,130.70611572265625
4770,125.94273376464844
4771,126.6795654296875
4772,129.8294677734375
4773,130.48727416992188
4774,134.67335510253906
4775,130.59226989746094
4776,127.01870727539062
4777,126.19332885742188
4778,125.6871566772461
4779,133.78509521484375
4780,131.10833740234375
4781,138.0277557373047
4782,132.88462829589844
4783,130.78758239746094
4784,135.7571563720703
4785,133.11715698242188
4786,129.6156005859375
4787,129.27114868164062
4788,131.86029052734375
4789,130.37783813476562
4790,135.7783660888672
4791,129.2298583984375
4792,125.47709655761719
4793,125.35977172851562
4794,135.73997497558594
4795,128.28173828125
4796,129.6691436767578
4797,132.047119140625
4798,122.85121154785156
4799,126.86492156982422
4800,131.38624572753906
4801,127.0704116821289
4802,120.41780853271484
4803,125.40870666503906
4804,119.17228698730469
4805,112.94734191894531
4806,117.28099060058594
4807,126.7618637084961
4808,128.2388458251953
4809,126.99860382080078
4810,127.1177978515625
4811,133.04263305664062
4812,128.72515869140625
4813,130.03695678710938
4814,131.64549255371094
4815,137.64602661132812
4816,144.46946716308594
4817,138.42013549804688
4818,133.00221252441406
4819,141.61451721191406
4820,132.0915985107422
4821,135.3928985595703
4822,131.67178344726562
4823,130.52294921875
4824,139.07278442382812
4825,139.06790161132812
4826,140.61398315429688
4827,141.32662963867188
4828,146.06997680664062
4829,135.7104949951172
4830,141.94276428222656
4831,144.54806518554688
4832,148.18484497070312
4833,141.82217407226562
4834,150.8730926513672
4835,151.9657745361328
4836,145.5352020263672
4837,151.92955017089844
4838,141.00473022460938
4839,146.3983612060547
4840,145.8390655517578
4841,145.76905822753906
4842,151.05836486816406
4843,146.99525451660156
4844,148.5852508544922
4845,143.9557342529297
4846,138.0155487060547
4847,142.11563110351562
4848,138.06118774414062
4849,131.4131622314453
4850,136.58633422851562
4851,137.7764129638672
4852,134.01864624023438
4853,131.38734436035156
4854,144.4998016357422
4855,137.0055694580078
4856,129.09068298339844
4857,131.40139770507812
4858,127.89876556396484
4859,130.3230743408203
4860,116.74790954589844
4861,123.13380432128906
4862,125.54147338867188
4863,125.3305435180664
4864,123.27214050292969
4865,125.86857604980469
4866,118.18993377685547
4867,127.08502197265625
4868,118.20545959472656
4869,112.63655853271484
4870,123.32844543457031
4871,126.16988372802734
4872,118.31774139404297
4873,131.72213745117188
4874,124.49923706054688
4875,119.03726196289062
4876,116.74523162841797
4877,115.29312133789062
4878,116.19478607177734
4879,114.7450180053711
4880,112.53687286376953
4881,113.83521270751953
4882,112.42910766601562
4883,111.27931213378906
4884,115.20831298828125
4885,108.69880676269531
4886,105.214599609375
4887,103.49137878417969
4888,104.31298065185547
4889,102.39580535888672
4890,96.18821716308594
4891,103.64470672607422
4892,105.06201934814453
4893,106.66632080078125
4894,102.0538101196289
4895,108.84944152832031
4896,111.6635513305664
4897,109.24087524414062
4898,113.19322204589844
4899,102.6881332397461
4900,109.01124572753906
4901,109.9703369140625
4902,117.30130767822266
4903,109.6534652709961
4904,119.61865234375
4905,123.00642395019531
4906,119.2726821899414
4907,121.14276885986328
4908,116.19477844238281
4909,127.61930084228516
4910,117.73359680175781
4911,126.08138275146484
4912,125.16400146484375
4913,131.97410583496094
4914,128.3772735595703
4915,121.64665222167969
4916,128.93551635742188
4917,126.43782043457031
4918,126.01634979248047
4919,121.0914535522461
4920,129.44850158691406
4921,122.3507308959961
4922,125.7751235961914
4923,115.82991027832031
4924,122.01455688476562
4925,123.67721557617188
4926,127.7603759765625
4927,128.5993194580078
4928,125.81087493896484
4929,132.40505981445312
4930,127.81877899169922
4931,127.46659851074219
4932,132.40821838378906
4933,137.3098602294922
4934,137.8766326904297
4935,137.214599609375
4936,135.97998046875
4937,141.77999877929688
4938,146.10128784179688
4939,149.05792236328125
4940,147.1992950439453
4941,149.8712615966797
4942,143.59725952148438
4943,146.84072875976562
4944,146.14437866210938
4945,148.59225463867188
4946,146.5533447265625
4947,149.1819610595703
4948,152.905517578125
4949,153.41574096679688
4950,142.52523803710938
4951,146.51760864257812
4952,145.17469787597656
4953,143.23727416992188
4954,148.0211639404297
4955,139.94790649414062
4956,142.38133239746094
4957,137.34786987304688
4958,134.11502075195312
4959,143.68006896972656
4960,135.69320678710938
4961,140.36123657226562
4962,140.4149169921875
4963,139.7636260986328
4964,139.0498504638672
4965,142.04324340820312
4966,141.9508819580078
4967,137.49261474609375
4968,144.01092529296875
4969,139.19175720214844
4970,138.80015563964844
4971,139.3792724609375
4972,130.66258239746094
4973,124.7557144165039
4974,123.55128479003906
4975,123.23445892333984
4976,121.9773178100586
4977,130.62945556640625
4978,128.58828735351562
4979,126.95638275146484
4980,126.20293426513672
4981,127.77564239501953
4982,121.53573608398438
4983,129.9508514404297
4984,120.72406768798828
4985,126.39427947998047
4986,129.27635192871094
4987,125.25347900390625
4988,127.23479461669922
4989,127.49737548828125
4990,121.24223327636719
4991,118.83768463134766
4992,130.8575439453125
4993,134.16806030273438
4994,125.68958282470703
4995,125.694091796875
4996,127.21634674072266
4997,128.10409545898438
4998,123.89530181884766
4999,120.72391510009766
5000,130.77552795410156
5001,120.49024200439453
5002,123.6425552368164
5003,121.69799041748047
5004,123.66170501708984
5005,121.69286346435547
5006,120.65332794189453
5007,117.61262512207031
5008,121.68409729003906
5009,124.15589904785156
5010,118.20645904541016
5011,132.678955078125
5012,135.51065063476562
5013,133.7047882080078
5014,132.96392822265625
5015,143.005615234375
5016,134.4512481689453
5017,142.29539489746094
5018,136.0801239013672
5019,145.38128662109375
5020,143.99795532226562
5021,151.95375061035156
5022,146.08326721191406
5023,151.13401794433594
5024,150.81781005859375
5025,149.04981994628906
5026,152.72982788085938
5027,146.98194885253906
5028,157.0245819091797
5029,143.76434326171875
5030,155.97756958007812
5031,141.90147399902344
5032,146.21649169921875
5033,148.4695281982422
5034,149.17263793945312
5035,153.3187713623047
5036,151.14801025390625
5037,155.4489288330078
5038,156.7895965576172
5039,155.37945556640625
5040,156.22735595703125
5041,154.3775177001953
5042,148.72222900390625
5043,147.33314514160156
5044,139.48948669433594
5045,131.67909240722656
5046,135.50108337402344
5047,138.5991668701172
5048,143.47879028320312
5049,145.00262451171875
5050,143.33302307128906
5051,133.15577697753906
5052,142.92904663085938
5053,151.35317993164062
5054,140.68618774414062
5055,141.5791015625
5056,139.4315643310547
5057,142.67271423339844
5058,147.7091522216797
5059,141.36453247070312
5060,147.1204833984375
5061,135.046875
5062,135.47811889648438
5063,147.85723876953125
5064,144.8640594482422
5065,141.61285400390625
5066,145.3562774658203
5067,141.38177490234375
5068,148.9360809326172
5069,139.4720458984375
5070,157.38584899902344
5071,142.92514038085938
5072,136.86378479003906
5073,144.0304412841797
5074,148.00411987304688
5075,137.95726013183594
5076,143.8761749267578
5077,138.2599334716797
5078,132.72842407226562
5079,141.48306274414062
5080,135.86343383789062
5081,138.93980407714844
5082,139.84974670410156
5083,143.4225311279297
5084,141.3874053955078
5085,135.89959716796875
5086,132.59645080566406
5087,130.78140258789062
5088,128.93710327148438
5089,132.2676239013672
5090,130.33956909179688
5091,133.19866943359375
5092,128.74227905273438
5093,126.80052185058594
5094,119.96328735351562
5095,135.4322509765625
5096,132.20968627929688
5097,124.47832489013672
5098,133.7685546875
5099,132.0597686767578
5100,134.7163848876953
5101,132.8756561279297
5102,130.77745056152344
5103,131.36660766601562
5104,125.99740600585938
5105,133.3003692626953
5106,124.43675231933594
5107,124.18484497070312
5108,125.79145050048828
5109,118.31697845458984
5110,120.89219665527344
5111,121.72347259521484
5112,121.8342514038086
5113,120.5914535522461
5114,120.47624969482422
5115,119.99649810791016
5116,113.78019714355469
5117,117.89083862304688
5118,114.68192291259766
5119,115.14275360107422
5120,112.90419006347656
5121,116.88079833984375
5122,111.9534683227539
5123,116.16851806640625
5124,118.1209716796875
5125,113.98078155517578
5126,124.14067840576172
5127,120.02108764648438
5128,118.91273498535156
5129,118.44035339355469
5130,118.79654693603516
5131,113.95561218261719
5132,118.08805847167969
5133,118.74918365478516
5134,118.07410430908203
5135,117.6683349609375
5136,119.56741333007812
5137,120.43279266357422
5138,111.31783294677734
5139,109.4756088256836
5140,115.13258361816406
5141,121.99755859375
5142,115.74586486816406
5143,118.71722412109375
5144,116.50911712646484
5145,119.525146484375
5146,122.71268463134766
5147,126.87759399414062
5148,128.4621124267578
5149,123.13410949707031
5150,113.72604370117188
5151,117.69956970214844
5152,113.88094329833984
5153,121.78779602050781
5154,116.60265350341797
5155,122.09147644042969
5156,113.35640716552734
5157,112.65763854980469
5158,110.18916320800781
5159,111.71475982666016
5160,111.90050506591797
5161,113.53453826904297
5162,114.81949615478516
5163,117.5570297241211
5164,109.7007827758789
5165,115.4503402709961
5166,119.69921875
5167,113.79884338378906
5168,110.24308776855469
5169,110.1957778930664
5170,117.43978118896484
5171,121.72782897949219
5172,129.19253540039062
5173,130.29019165039062
5174,131.206298828125
5175,125.20967102050781
5176,124.86781311035156
5177,125.04074096679688
5178,130.9952392578125
5179,127.65735626220703
5180,126.88983917236328
5181,119.89104461669922
5182,122.71556854248047
5183,125.9757308959961
5184,125.3411865234375
5185,125.92960357666016
5186,129.26025390625
5187,126.82872009277344
5188,131.947509765625
5189,125.92745971679688
5190,117.67115020751953
5191,129.80545043945312
5192,128.1950225830078
5193,129.2860565185547
5194,130.21710205078125
5195,134.94558715820312
5196,123.29444885253906
5197,126.42647552490234
5198,132.99327087402344
5199,132.75946044921875
5200,125.37178039550781
5201,129.1344757080078
5202,133.64962768554688
5203,131.9731903076172
5204,130.67030334472656
5205,127.97142028808594
5206,135.31332397460938
5207,127.8055419921875
5208,131.1045684814453
5209,135.47872924804688
5210,137.93716430664062
5211,132.37838745117188
5212,127.90080261230469
5213,131.93951416015625
5214,119.54647064208984
5215,123.71179962158203
5216,124.15937805175781
5217,129.3286590576172
5218,120.2554931640625
5219,116.34503173828125
5220,122.43370819091797
5221,121.574951171875
5222,117.3891830444336
5223,114.4273910522461
5224,108.72203063964844
5225,110.33746337890625
5226,108.15621185302734
5227,112.6093978881836
5228,106.34471893310547
5229,112.02788543701172
5230,108.31927490234375
5231,113.33207702636719
5232,113.4615478515625
5233,108.90277862548828
5234,113.98735046386719
5235,109.52649688720703
5236,112.20328521728516
5237,123.84536743164062
5238,115.75923156738281
5239,117.0826644897461
5240,116.68264770507812
5241,110.8294906616211
5242,119.10604858398438
5243,113.81622314453125
5244,119.90918731689453
5245,118.20736694335938
5246,112.08683013916016
5247,105.07292175292969
5248,109.14395904541016
5249,110.55519104003906
5250,103.62472534179688
5251,104.36839294433594
5252,103.5582046508789
5253,106.8264389038086
5254,106.81694030761719
5255,116.46102142333984
5256,108.6651382446289
5257,109.37703704833984
5258,112.58396911621094
5259,107.03793334960938
5260,106.12652587890625
5261,103.08903503417969
5262,108.96829986572266
5263,109.99836730957031
5264,107.83612060546875
5265,119.39149475097656
5266,122.41963195800781
5267,122.96519470214844
5268,126.31785583496094
5269,124.6597671508789
5270,131.7755889892578
5271,126.72500610351562
5272,133.99002075195312
5273,138.4183807373047
5274,131.2648468017578
5275,131.9608612060547
5276,133.46206665039062
5277,133.37887573242188
5278,139.82798767089844
5279,132.8600311279297
5280,130.09994506835938
5281,129.43759155273438
5282,128.04403686523438
5283,119.89508056640625
5284,129.11830139160156
5285,136.5489044189453
5286,127.92643737792969
5287,130.84014892578125
5288,131.45465087890625
5289,130.09178161621094
5290,125.5198745727539
5291,121.63094329833984
5292,128.2396240234375
5293,130.4599151611328
5294,127.4721908569336
5295,129.768798828125
5296,134.35269165039062
5297,126.48502349853516
5298,124.85458374023438
5299,124.56741333007812
5300,122.7493896484375
5301,124.48905944824219
5302,124.12748718261719
5303,121.63048553466797
5304,117.69264221191406
5305,122.40211486816406
5306,117.65862274169922
5307,119.2379379272461
5308,118.58876037597656
5309,123.51374816894531
5310,117.65747833251953
5311,115.7095718383789
5312,119.08740234375
5313,116.06245422363281
5314,123.61276245117188
5315,121.56340026855469
5316,124.65966033935547
5317,120.71665954589844
5318,123.62312316894531
5319,117.4559555053711
5320,120.71142578125
5321,122.00584411621094
5322,114.79756164550781
5323,120.17512512207031
5324,116.23319244384766
5325,113.75469207763672
5326,115.58792877197266
5327,114.73175811767578
5328,114.05418395996094
5329,105.39826202392578
5330,110.93125915527344
5331,116.35663604736328
5332,108.91161346435547
5333,107.85212707519531
5334,113.07447814941406
5335,117.08993530273438
5336,109.14278411865234
5337,117.5942153930664
5338,118.15907287597656
5339,116.81277465820312
5340,119.62520599365234
5341,117.42164611816406
5342,112.57463836669922
5343,113.6057357788086
5344,108.39777374267578
5345,108.42937469482422
5346,109.42371368408203
5347,104.43041229248047
5348,118.0103530883789
5349,119.12791442871094
5350,115.106689453125
5351,108.18827056884766
5352,105.73941802978516
5353,110.91998291015625
5354,113.60320281982422
5355,113.13577270507812
5356,108.29161834716797
5357,107.72905731201172
5358,109.87425994873047
5359,108.06514739990234
5360,113.38341522216797
5361,110.10172271728516
5362,119.2497787475586
5363,119.03617858886719
5364,112.83796691894531
5365,120.12710571289062
5366,118.04930877685547
5367,115.54711151123047
5368,129.1798858642578
5369,118.19393157958984
5370,119.07476043701172
5371,127.02315521240234
5372,128.54421997070312
5373,126.24369049072266
5374,134.61453247070312
5375,126.86982727050781
5376,133.5113067626953
5377,125.04169464111328
5378,131.41253662109375
5379,135.75050354003906
5380,138.05084228515625
5381,138.0938262939453
5382,133.0470428466797
5383,140.4551239013672
5384,139.35096740722656
5385,134.52032470703125
5386,139.10861206054688
5387,140.33326721191406
5388,141.4378204345703
5389,145.79898071289062
5390,137.624267578125
5391,138.03302001953125
5392,142.8251190185547
5393,136.4183349609375
5394,142.94241333007812
5395,142.1089630126953
5396,141.0410614013672
5397,145.9009246826172
5398,136.64456176757812
5399,143.8489990234375
5400,138.49220275878906
5401,129.3632049560547
5402,140.34140014648438
5403,139.67567443847656
5404,142.6049346923828
5405,137.8636016845703
5406,142.3356170654297
5407,141.16322326660156
5408,141.34945678710938
5409,135.8988800048828
5410,136.95582580566406
5411,139.4371795654297
5412,141.1021728515625
5413,146.74583435058594
5414,135.7397918701172
5415,132.7147979736328
5416,133.9308319091797
5417,134.5531463623047
5418,129.83456420898438
5419,135.63385009765625
5420,135.47386169433594
5421,148.84495544433594
5422,140.86752319335938
5423,132.74142456054688
5424,131.18650817871094
5425,139.97671508789062
5426,137.2822723388672
5427,130.05718994140625
5428,131.18231201171875
5429,128.8184356689453
5430,142.5497283935547
5431,136.89617919921875
5432,137.7073974609375
5433,138.46839904785156
5434,140.8013916015625
5435,135.43023681640625
5436,136.66903686523438
5437,132.59950256347656
5438,130.72537231445312
5439,130.19378662109375
5440,120.33946990966797
5441,134.0096893310547
5442,124.36277770996094
5443,126.23613739013672
5444,126.00155639648438
5445,119.54350280761719
5446,129.80657958984375
5447,124.05332946777344
5448,126.801025390625
5449,130.0352783203125
5450,122.36833953857422
5451,123.52185821533203
5452,128.7139892578125
5453,128.08668518066406
5454,133.79254150390625
5455,132.7045135498047
5456,136.40936279296875
5457,125.40969848632812
5458,131.42918395996094
5459,133.77593994140625
5460,132.61280822753906
5461,131.85484313964844
5462,132.52667236328125
5463,126.90396118164062
5464,129.16986083984375
5465,124.65560913085938
5466,125.6058578491211
5467,130.46844482421875
5468,126.88517761230469
5469,136.42410278320312
5470,129.31568908691406
5471,130.72901916503906
5472,138.00621032714844
5473,141.67111206054688
5474,142.60794067382812
5475,139.13473510742188
5476,149.64170837402344
5477,145.8834686279297
5478,142.81568908691406
5479,156.05885314941406
5480,143.20709228515625
5481,137.83860778808594
5482,135.845458984375
5483,134.34671020507812
5484,135.70718383789062
5485,132.60719299316406
5486,127.95848083496094
5487,136.04043579101562
5488,135.8920135498047
5489,132.82261657714844
5490,131.0015869140625
5491,128.28732299804688
5492,135.65557861328125
5493,134.4144287109375
5494,133.79090881347656
5495,135.10684204101562
5496,128.9414520263672
5497,133.4940185546875
5498,131.18397521972656
5499,121.43496704101562
5500,129.47227478027344
5501,128.28016662597656
5502,126.98717498779297
5503,118.99165344238281
5504,114.46769714355469
5505,116.71605682373047
5506,108.189697265625
5507,110.12677764892578
5508,108.05659484863281
5509,114.96347045898438
5510,116.3738784790039
5511,117.7689208984375
5512,115.05171203613281
5513,119.59779357910156
5514,121.81690216064453
5515,120.15789031982422
5516,119.83070373535156
5517,124.27583312988281
5518,116.72698211669922
5519,113.1960678100586
5520,111.51087188720703
5521,115.5307388305664
5522,112.76375579833984
5523,112.70687866210938
5524,112.2811050415039
5525,123.78096771240234
5526,117.98345184326172
5527,120.37377166748047
5528,110.13387298583984
5529,118.40267181396484
5530,116.69351959228516
5531,124.48656463623047
5532,124.18748474121094
5533,124.07025146484375
5534,123.42804718017578
5535,135.2865447998047
5536,126.55815124511719
5537,128.4989013671875
5538,126.01429748535156
5539,135.99180603027344
5540,126.29427337646484
5541,131.81842041015625
5542,128.87428283691406
5543,128.51809692382812
5544,133.9153289794922
5545,130.85400390625
5546,133.61593627929688
5547,122.61703491210938
5548,123.46695709228516
5549,119.92992401123047
5550,128.06297302246094
5551,130.95542907714844
5552,126.17491912841797
5553,124.24427032470703
5554,128.31182861328125
5555,122.6680679321289
5556,121.05904388427734
5557,124.53527069091797
5558,127.81060791015625
5559,129.93011474609375
5560,128.75975036621094
5561,133.25021362304688
5562,132.0502471923828
5563,133.45445251464844
5564,129.40737915039062
5565,128.53799438476562
5566,123.80406951904297
5567,124.09568786621094
5568,116.15350341796875
5569,123.53177642822266
5570,117.73503875732422
5571,120.40909576416016
5572,131.89141845703125
5573,127.75301361083984
5574,130.42420959472656
5575,123.61036682128906
5576,121.45099639892578
5577,119.90951538085938
5578,125.58319854736328
5579,125.87004852294922
5580,124.85305786132812
5581,121.08476257324219
5582,127.82503509521484
5583,125.2899398803711
5584,127.62605285644531
5585,132.33935546875
5586,137.7486572265625
5587,130.68495178222656
5588,131.24940490722656
5589,130.0211639404297
5590,128.32199096679688
5591,126.4245376586914
5592,125.42508697509766
5593,128.68438720703125
5594,122.57660675048828
5595,120.75221252441406
5596,115.56965637207031
5597,120.75157165527344
5598,123.53795623779297
5599,122.12812805175781
5600,124.02691650390625
5601,121.0799789428711
5602,128.31886291503906
5603,120.70597839355469
5604,117.6502456665039
5605,119.21928405761719
5606,125.93152618408203
5607,117.35322570800781
5608,117.45191955566406
5609,118.79592895507812
5610,117.17975616455078
5611,119.29497528076172
5612,110.34307861328125
5613,111.00080871582031
5614,116.4440689086914
5615,123.01512145996094
5616,118.93621826171875
5617,124.3511734008789
5618,126.55772399902344
5619,120.89791870117188
5620,123.66978454589844
5621,132.23226928710938
5622,132.2661590576172
5623,135.21371459960938
5624,131.61842346191406
5625,130.30186462402344
5626,141.2444305419922
5627,131.21551513671875
5628,147.55487060546875
5629,145.67237854003906
5630,142.64773559570312
5631,142.61569213867188
5632,138.23158264160156
5633,138.79776000976562
5634,136.7790985107422
5635,141.8199005126953
5636,134.63963317871094
5637,142.13226318359375
5638,144.56973266601562
5639,143.71034240722656
5640,145.85983276367188
5641,137.8282470703125
5642,143.19534301757812
5643,145.95361328125
5644,134.6408233642578
5645,140.10061645507812
5646,144.41477966308594
5647,148.6173095703125
5648,144.24093627929688
5649,151.03372192382812
5650,154.1553955078125
5651,154.67213439941406
5652,152.3466033935547
5653,146.92286682128906
5654,150.62855529785156
5655,157.66958618164062
5656,154.31878662109375
5657,156.5191650390625
5658,161.92623901367188
5659,151.33547973632812
5660,150.750732421875
5661,149.828857421875
5662,147.10501098632812
5663,140.98008728027344
5664,139.74273681640625
5665,142.0349578857422
5666,142.72622680664062
5667,140.6802978515625
5668,137.91444396972656
5669,143.75274658203125
5670,146.44110107421875
5671,140.7589111328125
5672,150.8212127685547
5673,140.24661254882812
5674,144.92027282714844
5675,129.02207946777344
5676,133.54769897460938
5677,133.75416564941406
5678,127.07940673828125
5679,135.4537811279297
5680,130.99887084960938
5681,134.57376098632812
5682,126.52371215820312
5683,122.74504852294922
5684,117.55196380615234
5685,116.78044891357422
5686,125.67303466796875
5687,121.59860229492188
5688,118.34060668945312
5689,124.50471496582031
5690,124.78297424316406
5691,136.14657592773438
5692,135.43338012695312
5693,136.01145935058594
5694,130.8673095703125
5695,134.04380798339844
5696,124.11697387695312
5697,123.89952087402344
5698,128.1207275390625
5699,126.05511474609375
5700,133.61575317382812
5701,124.67471313476562
5702,122.95732879638672
5703,124.89349365234375
5704,117.7177734375
5705,121.40179443359375
5706,130.1563262939453
5707,125.77281188964844
5708,118.27310943603516
5709,126.13671875
5710,122.0218734741211
5711,120.07404327392578
5712,122.107177734375
5713,127.9017562866211
5714,123.85082244873047
5715,118.67228698730469
5716,115.74758911132812
5717,120.03398132324219
5718,114.49266815185547
5719,119.46227264404297
5720,122.95358276367188
5721,114.64647674560547
5722,120.77689361572266
5723,118.50729370117188
5724,124.48383331298828
5725,119.39442443847656
5726,126.66197204589844
5727,130.04193115234375
5728,126.81600952148438
5729,131.79852294921875
5730,125.32080841064453
5731,122.3013687133789
5732,124.08680725097656
5733,125.2275619506836
5734,136.00399780273438
5735,129.7355194091797
5736,125.26129150390625
5737,129.59388732910156
5738,126.50990295410156
5739,123.3284912109375
5740,132.3385467529297
5741,132.6178741455078
5742,134.28854370117188
5743,134.27542114257812
5744,138.98687744140625
5745,142.65907287597656
5746,139.92437744140625
5747,136.04356384277344
5748,145.59542846679688
5749,146.36865234375
5750,141.17425537109375
5751,141.21527099609375
5752,147.77137756347656
5753,141.4082794189453
5754,142.56687927246094
5755,142.3125
5756,143.7582550048828
5757,149.03172302246094
5758,139.6601104736328
5759,139.41815185546875
5760,144.3504638671875
5761,150.7218017578125
5762,138.02951049804688
5763,135.31687927246094
5764,147.06414794921875
5765,139.5679473876953
5766,146.4755401611328
5767,133.9891815185547
5768,139.70310974121094
5769,139.25363159179688
5770,139.67332458496094
5771,130.31964111328125
5772,136.5205535888672
5773,130.08560180664062
5774,139.47535705566406
5775,132.6536865234375
5776,135.80763244628906
5777,126.2585678100586
5778,134.70477294921875
5779,136.28948974609375
5780,130.10076904296875
5781,139.00140380859375
5782,139.01605224609375
5783,142.12469482421875
5784,137.30970764160156
5785,142.02308654785156
5786,135.42108154296875
5787,128.5128631591797
5788,135.7534637451172
5789,134.36187744140625
5790,128.06207275390625
5791,125.53582000732422
5792,131.23284912109375
5793,133.98121643066406
5794,126.69992065429688
5795,122.4968490600586
5796,131.74542236328125
5797,135.79356384277344
5798,137.7765655517578
5799,134.9997100830078
5800,130.0261993408203
5801,133.74240112304688
5802,129.65142822265625
5803,129.8924560546875
5804,122.7503662109375
5805,125.02445983886719
5806,126.78231048583984
5807,125.02145385742188
5808,121.45504760742188
5809,129.32275390625
5810,126.74369049072266
5811,128.21221923828125
5812,137.53623962402344
5813,131.1751708984375
5814,125.49337005615234
5815,127.2043228149414
5816,128.0342559814453
5817,127.39727020263672
5818,127.2101821899414
5819,122.04096984863281
5820,117.20040130615234
5821,121.94019317626953
5822,118.5357437133789
5823,124.5718765258789
5824,116.126220703125
5825,123.25507354736328
5826,122.47037506103516
5827,124.4372787475586
5828,124.92324829101562
5829,122.44076538085938
5830,124.96417999267578
5831,126.89531707763672
5832,125.4375
5833,120.12236785888672
5834,123.51831817626953
5835,124.90433502197266
5836,125.34236907958984
5837,122.8412857055664
5838,131.3385467529297
5839,124.7717514038086
5840,131.5759735107422
5841,132.5245361328125
5842,140.4053955078125
5843,142.48580932617188
5844,131.70912170410156
5845,134.17735290527344
5846,130.9373779296875
5847,133.77764892578125
5848,134.3634033203125
5849,135.83016967773438
5850,144.50709533691406
5851,149.96786499023438
5852,159.08761596679688
5853,137.48849487304688
5854,144.95175170898438
5855,146.61717224121094
5856,149.1536102294922
5857,140.32757568359375
5858,146.0542449951172
5859,138.95553588867188
5860,145.81912231445312
5861,141.81024169921875
5862,141.0164337158203
5863,145.53536987304688
5864,147.78530883789062
5865,145.63265991210938
5866,154.1909637451172
5867,141.23533630371094
5868,143.5017852783203
5869,143.71304321289062
5870,144.28692626953125
5871,145.9071807861328
5872,149.7901153564453
5873,153.23031616210938
5874,150.52713012695312
5875,139.94593811035156
5876,138.08773803710938
5877,140.52903747558594
5878,144.6319580078125
5879,142.84715270996094
5880,146.7743377685547
5881,135.59011840820312
5882,135.329345703125
5883,135.41114807128906
5884,140.82119750976562
5885,144.02085876464844
5886,147.136962890625
5887,145.0639190673828
5888,147.4666748046875
5889,144.13906860351562
5890,153.1187744140625
5891,143.1703338623047
5892,148.13804626464844
5893,147.6432342529297
5894,150.54908752441406
5895,156.49282836914062
5896,150.19456481933594
5897,151.0127410888672
5898,141.1542205810547
5899,140.54653930664062
5900,135.05535888671875
5901,139.78233337402344
5902,138.07762145996094
5903,139.71470642089844
5904,138.7366943359375
5905,145.9402313232422
5906,145.01397705078125
5907,147.24468994140625
5908,140.68243408203125
5909,143.42979431152344
5910,155.9854278564453
5911,153.90748596191406
5912,150.348388671875
5913,142.5404815673828
5914,150.1595001220703
5915,153.25088500976562
5916,140.09213256835938
5917,149.8271942138672
5918,148.7640838623047
5919,138.26693725585938
5920,147.92721557617188
5921,143.11045837402344
5922,136.3460693359375
5923,141.66160583496094
5924,136.72293090820312
5925,133.20449829101562
5926,140.1184844970703
5927,144.6338348388672
5928,139.99241638183594
5929,137.76803588867188
5930,135.8443603515625
5931,130.9148712158203
5932,133.457763671875
5933,136.62808227539062
5934,136.65150451660156
5935,129.23109436035156
5936,129.32876586914062
5937,132.52627563476562
5938,131.6699981689453
5939,132.6184844970703
5940,116.3046875
5941,130.2287139892578
5942,129.7657928466797
5943,127.99169158935547
5944,126.33074188232422
5945,125.66371154785156
5946,128.44381713867188
5947,126.67418670654297
5948,134.19247436523438
5949,128.48782348632812
5950,126.52436828613281
5951,131.64768981933594
5952,125.75558471679688
5953,130.05300903320312
5954,132.45703125
5955,128.0154266357422
5956,130.09683227539062
5957,127.50733184814453
5958,124.75809478759766
5959,125.2531967163086
5960,119.14026641845703
5961,128.98915100097656
5962,125.83596801757812
5963,112.11470794677734
5964,116.28046417236328
5965,119.45323944091797
5966,119.02022552490234
5967,118.23613739013672
5968,116.48794555664062
5969,122.78211212158203
5970,119.0572280883789
5971,130.68411254882812
5972,118.55708312988281
5973,125.6789779663086
5974,132.53587341308594
5975,136.5533905029297
5976,129.44442749023438
5977,134.0341339111328
5978,133.606201171875
5979,135.06356811523438
5980,129.3668670654297
5981,135.50413513183594
5982,141.21609497070312
5983,142.5294647216797
5984,136.43568420410156
5985,132.15878295898438
5986,128.82810974121094
5987,137.00384521484375
5988,132.8907012939453
5989,132.13096618652344
5990,129.79266357421875
5991,127.9249038696289
5992,128.63424682617188
5993,127.26898193359375
5994,129.78981018066406
5995,130.42861938476562
5996,134.59759521484375
5997,137.46900939941406
5998,143.907958984375
5999,145.3609619140625
6000,141.9478302001953
6001,139.48312377929688
6002,137.76077270507812
6003,137.0182342529297
6004,138.68807983398438
6005,140.69334411621094
6006,137.13499450683594
6007,133.28257751464844
6008,135.69332885742188
6009,145.0513458251953
6010,138.4423065185547
6011,137.23538208007812
6012,146.3437957763672
6013,143.00929260253906
6014,150.23239135742188
6015,150.34860229492188
6016,139.54388427734375
6017,143.25733947753906
6018,140.25489807128906
6019,141.45123291015625
6020,137.85385131835938
6021,138.9395751953125
6022,137.27542114257812
6023,136.7412567138672
6024,129.08287048339844
6025,132.15481567382812
6026,134.65089416503906
6027,135.2041778564453
6028,141.22637939453125
6029,135.53550720214844
6030,133.87240600585938
6031,133.29757690429688
6032,134.88076782226562
6033,131.77383422851562
6034,136.2615966796875
6035,132.47909545898438
6036,126.85260772705078
6037,135.2095489501953
6038,130.6835174560547
6039,123.84861755371094
6040,126.54508209228516
6041,122.45618438720703
6042,128.40745544433594
6043,125.60076904296875
6044,121.28600311279297
6045,127.47626495361328
6046,127.77278137207031
6047,128.18148803710938
6048,121.69153594970703
6049,120.9676284790039
6050,114.43605041503906
6051,120.93990325927734
6052,112.62800598144531
6053,117.64395141601562
6054,113.02587127685547
6055,111.34427642822266
6056,112.72206115722656
6057,110.54563903808594
6058,116.24673461914062
6059,111.2838363647461
6060,114.67430877685547
6061,116.45977020263672
6062,115.78800964355469
6063,115.34505462646484
6064,113.81840515136719
6065,112.90280151367188
6066,110.44058227539062
6067,109.31331634521484
6068,106.31336212158203
6069,96.50859832763672
6070,105.77207946777344
6071,103.85468292236328
6072,110.5321044921875
6073,104.54293060302734
6074,98.41213989257812
6075,101.34083557128906
6076,103.66511535644531
6077,101.64741516113281
6078,107.23629760742188
6079,106.46058654785156
6080,102.21297454833984
6081,103.99468994140625
6082,96.90560150146484
6083,91.64278411865234
6084,98.41138458251953
6085,100.26380920410156
6086,96.45183563232422
6087,92.97392272949219
6088,102.18251037597656
6089,101.65137481689453
6090,102.91352081298828
6091,99.51707458496094
6092,105.31131744384766
6093,104.4391098022461
6094,97.57759094238281
6095,103.55962371826172
6096,102.87739562988281
6097,106.3954849243164
6098,95.39483642578125
6099,98.43778991699219
6100,101.01852416992188
6101,111.41277313232422
6102,109.66014862060547
6103,114.34149932861328
6104,112.0727767944336
6105,109.08145904541016
6106,101.60205078125
6107,105.79113006591797
6108,109.73078918457031
6109,111.80164337158203
6110,110.20411682128906
6111,108.52769470214844
6112,111.45307159423828
6113,111.44245910644531
6114,111.35102844238281
6115,113.75826263427734
6116,121.92644500732422
6117,109.55891418457031
6118,110.82270812988281
6119,112.47038269042969
6120,105.51483154296875
6121,112.36309814453125
6122,110.02394104003906
6123,101.43095397949219
6124,105.3345718383789
6125,109.1623764038086
6126,104.13902282714844
6127,108.75323486328125
6128,105.21062469482422
6129,107.94376373291016
6130,113.30364227294922
6131,118.27769470214844
6132,114.63872528076172
6133,114.3586654663086
6134,110.41546630859375
6135,118.65725708007812
6136,114.71028900146484
6137,120.24932861328125
6138,113.25784301757812
6139,118.9691162109375
6140,118.11497497558594
6141,124.30168151855469
6142,122.35621643066406
6143,120.71086883544922
6144,119.73047637939453
6145,122.33840942382812
6146,125.54825592041016
6147,121.8525619506836
6148,127.7151107788086
6149,120.51107788085938
6150,122.55987548828125
6151,119.44292449951172
6152,118.08173370361328
6153,120.61198425292969
6154,128.6903076171875
6155,125.71350860595703
6156,131.99278259277344
6157,124.08468627929688
6158,127.41496276855469
6159,129.71151733398438
6160,129.6971435546875
6161,132.4739532470703
6162,133.17344665527344
6163,130.2032470703125
6164,134.0242462158203
6165,138.6197052001953
6166,130.3584747314453
6167,119.90409851074219
6168,124.72217559814453
6169,125.6163330078125
6170,125.45269012451172
6171,122.50882720947266
6172,127.1639175415039
6173,126.07064056396484
6174,113.33372497558594
6175,121.02267456054688
6176,123.35655975341797
6177,117.97834777832031
6178,125.70513153076172
6179,135.4204864501953
6180,127.92375183105469
6181,124.98857116699219
6182,118.34783935546875
6183,128.17910766601562
6184,118.0135726928711
6185,113.28681945800781
6186,117.40897369384766
6187,122.15255737304688
6188,122.35187530517578
6189,124.98140716552734
6190,125.31689453125
6191,125.73248291015625
6192,127.81495666503906
6193,124.48765563964844
6194,124.88714599609375
6195,127.35997772216797
6196,120.1596450805664
6197,121.75331115722656
6198,121.0621566772461
6199,126.55220031738281
6200,123.26834869384766
6201,123.82861328125
6202,122.14892578125
6203,119.21563720703125
6204,114.09075927734375
6205,117.45555114746094
6206,121.72368621826172
6207,110.19723510742188
6208,110.17520904541016
6209,113.3790054321289
6210,108.82246398925781
6211,111.2336196899414
6212,115.19873809814453
6213,116.7896728515625
6214,116.31259155273438
6215,111.77681732177734
6216,106.13958740234375
6217,114.47124481201172
6218,117.38866424560547
6219,116.6201171875
6220,115.49544525146484
6221,120.21588897705078
6222,115.60005187988281
6223,110.69995880126953
6224,119.48357391357422
6225,108.72572326660156
6226,116.87948608398438
6227,113.93197631835938
6228,114.50572967529297
6229,120.55597686767578
6230,120.95001220703125
6231,113.09834289550781
6232,121.57481384277344
6233,117.35808563232422
6234,114.89288330078125
6235,117.86700439453125
6236,114.87397003173828
6237,117.57915496826172
6238,126.57902526855469
6239,125.01753997802734
6240,128.56422424316406
6241,121.60823059082031
6242,128.7260284423828
6243,130.64781188964844
6244,130.1079559326172
6245,135.77072143554688
6246,124.8006591796875
6247,126.59378051757812
6248,129.17153930664062
6249,132.77818298339844
6250,135.0133514404297
6251,137.9964141845703
6252,143.42156982421875
6253,151.7269744873047
6254,140.11074829101562
6255,139.79295349121094
6256,140.28213500976562
6257,136.96563720703125
6258,133.5866241455078
6259,135.05450439453125
6260,136.3842010498047
6261,133.4436492919922
6262,135.47914123535156
6263,137.8101043701172
6264,141.2646942138672
6265,140.6658935546875
6266,133.0860595703125
6267,138.1572723388672
6268,137.6497802734375
6269,134.25936889648438
6270,141.84390258789062
6271,143.58299255371094
6272,140.58995056152344
6273,137.94662475585938
6274,136.83033752441406
6275,136.0482177734375
6276,143.36502075195312
6277,136.8222198486328
6278,134.79750061035156
6279,144.132568359375
6280,135.4570770263672
6281,134.4666748046875
6282,138.2775421142578
6283,140.6511688232422
6284,136.40452575683594
6285,144.5132598876953
6286,136.75244140625
6287,141.4839324951172
6288,146.07269287109375
6289,142.8612518310547
6290,130.99002075195312
6291,133.77200317382812
6292,136.91989135742188
6293,143.56202697753906
6294,139.3621826171875
6295,134.33802795410156
6296,132.95010375976562
6297,128.388916015625
6298,126.21043395996094
6299,121.39927673339844
6300,121.47171783447266
6301,118.76836395263672
6302,129.52992248535156
6303,120.30178833007812
6304,120.67523193359375
6305,125.57234191894531
6306,122.0352554321289
6307,123.09031677246094
6308,117.62305450439453
6309,113.33517456054688
6310,113.50740814208984
6311,123.73905181884766
6312,115.6491470336914
6313,115.20345306396484
6314,121.60266876220703
6315,120.99567413330078
6316,127.32268524169922
6317,122.09711456298828
6318,122.98004913330078
6319,115.11017608642578
6320,123.2335433959961
6321,122.24748992919922
6322,119.18614959716797
6323,120.81836700439453
6324,112.59725952148438
6325,118.76100158691406
6326,122.8846206665039
6327,119.4790267944336
6328,120.63626861572266
6329,120.69283294677734
6330,123.64495086669922
6331,115.93962860107422
6332,106.95536804199219
6333,110.90979766845703
6334,115.3426513671875
6335,112.2895278930664
6336,117.34054565429688
6337,114.46385192871094
6338,112.19051361083984
6339,113.43748474121094
6340,121.69005584716797
6341,120.81364440917969
6342,118.96598052978516
6343,114.3338623046875
6344,121.44297790527344
6345,118.69803619384766
6346,116.9140396118164
6347,115.6738510131836
6348,119.11400604248047
6349,120.09691619873047
6350,116.75605010986328
6351,121.84544372558594
6352,107.85259246826172
6353,113.64509582519531
6354,118.49239349365234
6355,115.68003845214844
6356,114.63035583496094
6357,114.91862487792969
6358,118.89396667480469
6359,109.8503189086914
6360,112.24765014648438
6361,113.38579559326172
6362,110.51390075683594
6363,110.82857513427734
6364,115.38924407958984
6365,111.2651596069336
6366,121.43585968017578
6367,115.34976959228516
6368,124.23377227783203
6369,128.89614868164062
6370,126.8388900756836
6371,127.3387680053711
6372,138.68002319335938
6373,132.98936462402344
6374,140.00062561035156
6375,136.6825714111328
6376,132.4574432373047
6377,138.90383911132812
6378,131.20919799804688
6379,134.12400817871094
6380,130.4130401611328
6381,142.56260681152344
6382,129.80746459960938
6383,134.239013671875
6384,144.30555725097656
6385,140.748779296875
6386,139.18411254882812
6387,136.2425079345703
6388,132.7233123779297
6389,136.3603515625
6390,130.2843017578125
6391,127.50656127929688
6392,128.0852813720703
6393,128.50352478027344
6394,130.53900146484375
6395,133.23741149902344
6396,121.61367797851562
6397,127.6969985961914
6398,129.11709594726562
6399,125.89241790771484
6400,116.6669921875
6401,116.48509979248047
6402,117.5465316772461
6403,110.74017333984375
6404,114.83793640136719
6405,115.51445007324219
6406,109.5844955444336
6407,108.29933166503906
6408,111.3659896850586
6409,113.42249298095703
6410,116.23223114013672
6411,111.60523986816406
6412,117.3521728515625
6413,115.67711639404297
6414,108.7298583984375
6415,117.49496459960938
6416,116.94892120361328
6417,113.3631820678711
6418,115.238525390625
6419,114.65921783447266
6420,112.8600082397461
6421,106.42323303222656
6422,106.76415252685547
6423,111.00890350341797
6424,122.17652893066406
6425,118.19352722167969
6426,112.47331237792969
6427,114.40306854248047
6428,116.60617065429688
6429,113.07059478759766
6430,114.95858764648438
6431,117.905517578125
6432,118.81137084960938
6433,112.9729995727539
6434,110.24518585205078
6435,118.1948013305664
6436,113.97489929199219
6437,108.42215728759766
6438,109.0166244506836
6439,109.0011978149414
6440,103.80610656738281
6441,118.14833068847656
6442,117.21806335449219
6443,119.14390563964844
6444,110.7627944946289
6445,113.0175552368164
6446,111.52799224853516
6447,102.341796875
6448,110.54907989501953
6449,115.22128295898438
6450,117.96855163574219
6451,108.30056762695312
6452,115.39427947998047
6453,104.13229370117188
6454,111.57019805908203
6455,117.08783721923828
6456,114.31118774414062
6457,115.73538970947266
6458,115.06505584716797
6459,115.0761489868164
6460,118.6106948852539
6461,117.75358581542969
6462,120.96702575683594
6463,118.50983428955078
6464,120.57420349121094
6465,118.36701202392578
6466,127.50772857666016
6467,116.2719497680664
6468,123.94807434082031
6469,129.1021270751953
6470,126.84148406982422
6471,139.6852264404297
6472,141.86170959472656
6473,146.03591918945312
6474,150.11228942871094
6475,145.38426208496094
6476,147.5143585205078
6477,147.9845733642578
6478,146.42864990234375
6479,146.4844512939453
6480,150.01602172851562
6481,146.2935333251953
6482,141.72109985351562
6483,143.72642517089844
6484,130.71510314941406
6485,148.44334411621094
6486,139.67849731445312
6487,137.559814453125
6488,138.3955841064453
6489,141.02972412109375
6490,138.4796600341797
6491,147.15675354003906
6492,140.7052459716797
6493,136.90956115722656
6494,134.7543182373047
6495,134.19705200195312
6496,128.677734375
6497,129.2475128173828
6498,134.20794677734375
6499,133.2820281982422
6500,141.5102081298828
6501,139.23341369628906
6502,135.86209106445312
6503,146.14366149902344
6504,141.02809143066406
6505,139.7538604736328
6506,136.0485382080078
6507,138.46595764160156
6508,139.29676818847656
6509,138.5673370361328
6510,140.09988403320312
6511,151.1049041748047
6512,140.44705200195312
6513,146.37557983398438
6514,138.52317810058594
6515,137.57363891601562
6516,137.0532684326172
6517,144.5824737548828
6518,130.51573181152344
6519,131.66012573242188
6520,130.88133239746094
6521,127.15682983398438
6522,129.16824340820312
6523,131.66299438476562
6524,127.19208526611328
6525,138.90023803710938
6526,131.609375
6527,140.14134216308594
6528,136.5520782470703
6529,143.67446899414062
6530,144.00282287597656
6531,143.13555908203125
6532,150.1000518798828
6533,143.53614807128906
6534,142.9041290283203
6535,138.9761199951172
6536,147.20303344726562
6537,142.03733825683594
6538,148.8610382080078
6539,140.31552124023438
6540,143.82534790039062
6541,144.52854919433594
6542,144.9350128173828
6543,144.84677124023438
6544,141.47128295898438
6545,139.7481689453125
6546,144.90646362304688
6547,144.6583251953125
6548,140.79014587402344
6549,144.2052001953125
6550,147.5704345703125
6551,134.23397827148438
6552,136.1995391845703
6553,135.44253540039062
6554,126.3622055053711
6555,131.6345977783203
6556,131.2483673095703
6557,131.53070068359375
6558,139.6541290283203
6559,136.8849639892578
6560,134.14427185058594
6561,129.96945190429688
6562,131.2272186279297
6563,139.2912139892578
6564,136.4204864501953
6565,135.59556579589844
6566,127.0475082397461
6567,131.02720642089844
6568,123.18605041503906
6569,130.26376342773438
6570,129.7844696044922
6571,124.4651870727539
6572,126.75016784667969
6573,127.17110443115234
6574,126.43602752685547
6575,125.86962890625
6576,129.06520080566406
6577,122.89764404296875
6578,127.19762420654297
6579,119.35227966308594
6580,115.52513122558594
6581,119.66664123535156
6582,121.80284118652344
6583,121.03678894042969
6584,121.48027038574219
6585,122.96865844726562
6586,118.15313720703125
6587,118.40626525878906
6588,119.84352111816406
6589,118.56398010253906
6590,113.13958740234375
6591,109.7854995727539
6592,109.99319458007812
6593,110.6045913696289
6594,116.04592895507812
6595,114.49617767333984
6596,112.80631256103516
6597,112.67704772949219
6598,111.49396514892578
6599,112.756103515625
6600,115.4783935546875
6601,113.11211395263672
6602,120.02571105957031
6603,111.46533203125
6604,116.13409423828125
6605,114.1449203491211
6606,120.28701782226562
6607,118.1038818359375
6608,119.78563690185547
6609,118.97360229492188
6610,120.42023468017578
6611,123.45437622070312
6612,131.7411346435547
6613,126.81355285644531
6614,125.17682647705078
6615,134.18296813964844
6616,133.46591186523438
6617,127.92684936523438
6618,136.97061157226562
6619,139.27967834472656
6620,137.0649871826172
6621,138.0095977783203
6622,134.877197265625
6623,137.8721923828125
6624,134.45449829101562
6625,138.0320281982422
6626,141.64697265625
6627,130.3667755126953
6628,132.82476806640625
6629,130.13340759277344
6630,137.04417419433594
6631,139.17262268066406
6632,130.86558532714844
6633,131.6011505126953
6634,128.2670440673828
6635,132.44847106933594
6636,121.4616470336914
6637,124.83946228027344
6638,118.06861877441406
6639,118.00993347167969
6640,122.21219635009766
6641,115.14997100830078
6642,117.89634704589844
6643,112.72509002685547
6644,110.82669067382812
6645,112.59486389160156
6646,113.65791320800781
6647,116.18617248535156
6648,118.6787338256836
6649,114.43678283691406
6650,115.6943130493164
6651,119.09537506103516
6652,120.69247436523438
6653,115.68663787841797
6654,114.4797592163086
6655,113.99967956542969
6656,110.39801025390625
6657,111.26209259033203
6658,104.23853302001953
6659,113.11326599121094
6660,113.0139389038086
6661,108.81314849853516
6662,107.28548431396484
6663,109.59961700439453
6664,114.18162536621094
6665,111.10872650146484
6666,110.80131530761719
6667,106.9882583618164
6668,111.75303649902344
6669,112.05363464355469
6670,110.98616790771484
6671,113.7382583618164
6672,108.86305236816406
6673,116.30480194091797
6674,115.3056640625
6675,116.48078155517578
6676,118.49400329589844
6677,107.54353332519531
6678,114.76031494140625
6679,122.52449798583984
6680,115.29656982421875
6681,124.1458969116211
6682,126.72215270996094
6683,130.0852508544922
6684,124.18356323242188
6685,129.69969177246094
6686,121.06014251708984
6687,126.55735778808594
6688,120.8902587890625
6689,124.69464874267578
6690,125.48153686523438
6691,132.98118591308594
6692,132.8184051513672
6693,131.890625
6694,129.50218200683594
6695,132.03591918945312
6696,125.34015655517578
6697,127.76380157470703
6698,124.99702453613281
6699,128.8386688232422
6700,118.88298034667969
6701,117.54679870605469
6702,112.48612213134766
6703,121.80509185791016
6704,127.847412109375
6705,116.71390533447266
6706,117.9830322265625
6707,111.88044738769531
6708,115.27867126464844
6709,118.3766098022461
6710,113.98015594482422
6711,119.53594207763672
6712,112.54737091064453
6713,125.8813705444336
6714,125.08615112304688
6715,121.4558334350586
6716,125.95835876464844
6717,124.8602066040039
6718,122.10906982421875
6719,121.83859252929688
6720,120.65382385253906
6721,119.18890380859375
6722,127.97273254394531
6723,119.94684600830078
6724,115.90594482421875
6725,112.20384979248047
6726,123.80061340332031
6727,119.79137420654297
6728,117.81484985351562
6729,111.78852844238281
6730,119.27288055419922
6731,118.49012756347656
6732,114.89746856689453
6733,123.73632049560547
6734,117.17457580566406
6735,120.06977844238281
6736,117.45500183105469
6737,119.40193176269531
6738,119.8218765258789
6739,120.57798767089844
6740,116.53038787841797
6741,121.02835845947266
6742,117.3978271484375
6743,112.75215148925781
6744,113.5806884765625
6745,120.83268737792969
6746,117.35409545898438
6747,124.52720642089844
6748,119.39569854736328
6749,126.20167541503906
6750,122.78739166259766
6751,118.40141296386719
6752,127.36284637451172
6753,122.59264373779297
6754,123.0986328125
6755,121.85507202148438
6756,124.19481658935547
6757,120.40483093261719
6758,124.48043060302734
6759,125.8570785522461
6760,124.3077392578125
6761,123.18303680419922
6762,127.65120697021484
6763,116.2903060913086
6764,114.27237701416016
6765,114.37931060791016
6766,118.35893249511719
6767,112.9067611694336
6768,126.81126403808594
6769,124.90694427490234
6770,128.89859008789062
6771,126.16609954833984
6772,122.51573181152344
6773,130.0078125
6774,122.17446899414062
6775,121.24653625488281
6776,128.00181579589844
6777,124.16104125976562
6778,122.434814453125
6779,122.0484848022461
6780,131.24435424804688
6781,117.95577239990234
6782,122.73576354980469
6783,116.38259887695312
6784,121.31487274169922
6785,113.70220184326172
6786,108.80280303955078
6787,112.31434631347656
6788,102.91777038574219
6789,107.86200714111328
6790,104.01528930664062
6791,108.58123016357422
6792,104.11811828613281
6793,102.38475036621094
6794,103.66574096679688
6795,112.18509674072266
6796,103.70085144042969
6797,104.58618927001953
6798,117.49862670898438
6799,119.2872085571289
6800,114.0731430053711
6801,111.87938690185547
6802,116.13921356201172
6803,120.99522399902344
6804,117.46991729736328
6805,114.5027084350586
6806,117.41759490966797
6807,115.24037170410156
6808,111.54206848144531
6809,109.70135498046875
6810,114.31487274169922
6811,106.14412689208984
6812,118.6688003540039
6813,114.04169464111328
6814,114.36599731445312
6815,115.1498794555664
6816,114.35810089111328
6817,116.07994079589844
6818,109.84056091308594
6819,116.51187896728516
6820,113.47248840332031
6821,119.86968994140625
6822,113.83631896972656
6823,113.84175109863281
6824,111.20604705810547
6825,101.01620483398438
6826,106.07524871826172
6827,106.17668151855469
6828,108.29597473144531
6829,104.96163177490234
6830,101.83021545410156
6831,105.7944107055664
6832,95.45331573486328
6833,99.24837493896484
6834,98.8408203125
6835,103.5821533203125
6836,103.71272277832031
6837,107.66067504882812
6838,116.52656555175781
6839,111.67591094970703
6840,111.59705352783203
6841,110.56076049804688
6842,111.2709732055664
6843,116.68147277832031
6844,115.38368225097656
6845,107.38040161132812
6846,109.95458221435547
6847,108.77210998535156
6848,107.67696380615234
6849,108.05906677246094
6850,105.6303939819336
6851,112.82848358154297
6852,118.99805450439453
6853,117.39997863769531
6854,116.4126205444336
6855,109.0556640625
6856,109.13076782226562
6857,108.68293762207031
6858,105.5394287109375
6859,117.26376342773438
6860,110.63787078857422
6861,114.0846939086914
6862,114.44667053222656
6863,125.9330062866211
6864,117.36949920654297
6865,130.51312255859375
6866,122.73052215576172
6867,124.8504409790039
6868,118.38874053955078
6869,124.68017578125
6870,127.34706115722656
6871,121.34349822998047
6872,124.12763214111328
6873,129.19219970703125
6874,126.01950073242188
6875,124.99839782714844
6876,121.80718231201172
6877,123.8612060546875
6878,118.53588104248047
6879,116.57489013671875
6880,114.78949737548828
6881,118.2540512084961
6882,113.96514129638672
6883,112.45679473876953
6884,121.49613189697266
6885,114.85746002197266
6886,120.94540405273438
6887,118.85923767089844
6888,112.59537506103516
6889,122.47876739501953
6890,118.82572174072266
6891,119.4261245727539
6892,115.36145782470703
6893,123.85742950439453
6894,114.84497833251953
6895,109.65813446044922
6896,107.17610168457031
6897,109.9964828491211
6898,110.2210464477539
6899,108.86363983154297
6900,107.09759521484375
6901,107.33392333984375
6902,109.25672149658203
6903,103.73133087158203
6904,108.08470153808594
6905,103.495849609375
6906,100.66888427734375
6907,108.46981048583984
6908,104.85653686523438
6909,105.0848388671875
6910,114.13410186767578
6911,102.00497436523438
6912,99.3900146484375
6913,99.48492431640625
6914,105.04772186279297
6915,103.91050720214844
6916,112.92974090576172
6917,116.07586669921875
6918,113.79006958007812
6919,116.1487045288086
6920,120.8659439086914
6921,117.67683410644531
6922,116.30435943603516
6923,119.9827880859375
6924,112.2593994140625
6925,121.26908111572266
6926,118.05492401123047
6927,123.96995544433594
6928,116.88509368896484
6929,110.56002807617188
6930,115.83942413330078
6931,112.05757904052734
6932,109.44476318359375
6933,109.0831069946289
6934,109.3128433227539
6935,101.31845092773438
6936,108.30590057373047
6937,103.35191345214844
6938,106.25051879882812
6939,107.57142639160156
6940,109.1348648071289
6941,108.52734375
6942,109.75929260253906
6943,100.538330078125
6944,96.9820327758789
6945,109.03015899658203
6946,108.76632690429688
6947,107.02913665771484
6948,107.62476348876953
6949,111.0683822631836
6950,108.57760620117188
6951,113.20780944824219
6952,119.9799575805664
6953,118.51896667480469
6954,115.45934295654297
6955,122.36338806152344
6956,116.45394897460938
6957,116.75010681152344
6958,124.97035217285156
6959,118.7436294555664
6960,118.6959228515625
6961,125.75057983398438
6962,123.28691101074219
6963,120.68571472167969
6964,131.03077697753906
6965,126.4667739868164
6966,133.00265502929688
6967,124.99083709716797
6968,125.70710754394531
6969,126.68243408203125
6970,126.56672668457031
6971,143.69732666015625
6972,138.692138671875
6973,144.57040405273438
6974,134.51809692382812
6975,144.87977600097656
6976,143.89828491210938
6977,144.2518768310547
6978,150.1288604736328
6979,140.97434997558594
6980,153.93930053710938
6981,143.1869659423828
6982,148.44017028808594
6983,150.88706970214844
6984,149.40562438964844
6985,140.5325927734375
6986,153.86172485351562
6987,157.34161376953125
6988,157.47767639160156
6989,152.60955810546875
6990,157.91226196289062
6991,151.3505401611328
6992,155.04180908203125
6993,147.7229461669922
6994,164.8928680419922
6995,155.37974548339844
6996,147.7085723876953
6997,159.09707641601562
6998,152.48724365234375
6999,149.53997802734375
7000,154.904296875
7001,156.1536102294922
7002,158.62306213378906
7003,150.56057739257812
7004,150.8308563232422
7005,153.52565002441406
7006,152.76686096191406
7007,158.83908081054688
7008,155.4977569580078
7009,147.45721435546875
7010,149.45684814453125
7011,148.42478942871094
7012,150.77647399902344
7013,147.29531860351562
7014,143.4489288330078
7015,145.72958374023438
7016,144.37380981445312
7017,133.71267700195312
7018,144.76809692382812
7019,143.94522094726562
7020,137.88143920898438
7021,138.21136474609375
7022,140.73342895507812
7023,135.07449340820312
7024,142.13455200195312
7025,131.05474853515625
7026,134.65316772460938
7027,129.90904235839844
7028,133.8806915283203
7029,129.61904907226562
7030,128.22930908203125
7031,126.92860412597656
7032,125.535888671875
7033,129.41246032714844
7034,124.43025970458984
7035,126.3911361694336
7036,122.00550079345703
7037,123.74967956542969
7038,126.01744079589844
7039,126.40467071533203
7040,134.10977172851562
7041,123.60674285888672
7042,123.27373504638672
7043,127.654052734375
7044,123.97228240966797
7045,129.47061157226562
7046,126.95999145507812
7047,125.08576202392578
7048,129.837646484375
7049,121.14202880859375
7050,115.00822448730469
7051,128.74407958984375
7052,112.0875473022461
7053,121.21595764160156
7054,117.16004180908203
7055,117.99199676513672
7056,124.60780334472656
7057,127.08428955078125
7058,120.13859558105469
7059,127.45047760009766
7060,122.79698181152344
7061,118.92341613769531
7062,124.11335754394531
7063,118.35038757324219
7064,120.09910583496094
7065,124.6661605834961
7066,124.6888656616211
7067,122.90186309814453
7068,129.7512969970703
7069,130.86026000976562
7070,124.93673706054688
7071,128.42364501953125
7072,131.92770385742188
7073,131.1598663330078
7074,132.7343292236328
7075,128.8192901611328
7076,131.63623046875
7077,139.84446716308594
7078,134.15869140625
7079,138.73065185546875
7080,132.466552734375
7081,134.84144592285156
7082,130.30841064453125
7083,131.7638397216797
7084,133.1497344970703
7085,131.13754272460938
7086,133.8658905029297
7087,128.77891540527344
7088,133.17864990234375
7089,137.27743530273438
7090,144.73828125
7091,131.9596710205078
7092,131.5630645751953
7093,130.801513671875
7094,136.75369262695312
7095,126.0028305053711
7096,128.34437561035156
7097,131.49705505371094
7098,128.3320770263672
7099,135.78466796875
7100,138.31666564941406
7101,131.28623962402344
7102,137.8131561279297
7103,142.63912963867188
7104,143.3094482421875
7105,140.10635375976562
7106,142.40536499023438
7107,142.15383911132812
7108,140.9831085205078
7109,143.76686096191406
7110,150.3286895751953
7111,142.32749938964844
7112,141.05471801757812
7113,139.29122924804688
7114,129.31857299804688
7115,130.0186309814453
7116,130.37843322753906
7117,132.9834747314453
7118,135.01376342773438
7119,130.30148315429688
7120,129.91978454589844
7121,136.75914001464844
7122,134.852783203125
7123,128.9581298828125
7124,132.1051025390625
7125,135.52845764160156
7126,133.87945556640625
7127,131.66644287109375
7128,129.90679931640625
7129,134.1875457763672
7130,133.3400421142578
7131,137.13636779785156
7132,132.5162353515625
7133,129.23033142089844
7134,135.2705078125
7135,126.8308334350586
7136,132.09373474121094
7137,138.49276733398438
7138,139.75242614746094
7139,138.73214721679688
7140,135.92344665527344
7141,136.72726440429688
7142,125.96187591552734
7143,129.8109893798828
7144,129.69577026367188
7145,137.62538146972656
7146,138.4507293701172
7147,133.79315185546875
7148,129.60377502441406
7149,130.11917114257812
7150,132.15219116210938
7151,133.8579559326172
7152,136.7939453125
7153,134.09959411621094
7154,127.82659149169922
7155,127.04035949707031
7156,132.5739288330078
7157,130.1284637451172
7158,123.80094909667969
7159,122.85006713867188
7160,118.74378204345703
7161,113.85489654541016
7162,112.49092102050781
7163,107.95098114013672
7164,106.82711791992188
7165,107.84300994873047
7166,101.29803466796875
7167,114.34532165527344
7168,108.29132080078125
7169,105.62080383300781
7170,105.0915756225586
7171,101.01228332519531
7172,108.32465362548828
7173,104.12393188476562
7174,110.63700103759766
7175,117.9967269897461
7176,111.74618530273438
7177,111.6865005493164
7178,108.90187072753906
7179,115.83888244628906
7180,111.11449432373047
7181,114.50334167480469
7182,111.1656723022461
7183,105.39701843261719
7184,106.91500091552734
7185,106.55577087402344
7186,110.23472595214844
7187,108.37185668945312
7188,106.9790267944336
7189,104.72269439697266
7190,112.23571014404297
7191,110.45272064208984
7192,115.47723388671875
7193,113.4407730102539
7194,114.5975341796875
7195,109.80292510986328
7196,122.17073059082031
7197,116.92872619628906
7198,114.7514877319336
7199,120.9308853149414
7200,114.78260040283203
7201,113.85005187988281
7202,113.08325958251953
7203,110.36107635498047
7204,115.55411529541016
7205,107.886474609375
7206,113.57282257080078
7207,117.17559814453125
7208,126.01409149169922
7209,119.99091339111328
7210,125.55818939208984
7211,124.45521545410156
7212,131.78790283203125
7213,117.24401092529297
7214,119.63924407958984
7215,130.60206604003906
7216,121.31240844726562
7217,130.3182830810547
7218,135.8740997314453
7219,128.634033203125
7220,127.55474090576172
7221,129.80062866210938
7222,130.31463623046875
7223,129.55850219726562
7224,123.96856689453125
7225,128.48410034179688
7226,121.42239379882812
7227,133.49374389648438
7228,133.75933837890625
7229,138.0327911376953
7230,134.08303833007812
7231,125.00473022460938
7232,132.69223022460938
7233,132.4121856689453
7234,125.94416809082031
7235,124.2081069946289
7236,126.498046875
7237,119.66023254394531
7238,121.40515899658203
7239,123.2925796508789
7240,118.97998046875
7241,118.13540649414062
7242,119.83452606201172
7243,117.64215087890625
7244,111.53426361083984
7245,126.11195373535156
7246,127.07914733886719
7247,120.7704849243164
7248,119.09396362304688
7249,114.81914520263672
7250,123.90483093261719
7251,123.98446655273438
7252,128.8123321533203
7253,129.955322265625
7254,132.7718963623047
7255,128.81405639648438
7256,126.01818084716797
7257,136.00924682617188
7258,134.4237518310547
7259,128.8046875
7260,136.72840881347656
7261,125.2708511352539
7262,125.98400115966797
7263,123.59300994873047
7264,130.38815307617188
7265,121.8738021850586
7266,131.74652099609375
7267,132.0238037109375
7268,134.11570739746094
7269,130.56622314453125
7270,124.03044891357422
7271,127.59603881835938
7272,128.750732421875
7273,124.75794219970703
7274,127.28411865234375
7275,126.77889251708984
7276,120.82711791992188
7277,129.68505859375
7278,126.97272491455078
7279,131.8397979736328
7280,130.65084838867188
7281,133.33474731445312
7282,136.71029663085938
7283,142.28274536132812
7284,139.0774688720703
7285,135.01271057128906
7286,137.5926055908203
7287,132.21458435058594
7288,128.1944580078125
7289,125.04596710205078
7290,130.3509979248047
7291,126.72626495361328
7292,118.97432708740234
7293,121.67987823486328
7294,125.19678497314453
7295,108.3195571899414
7296,122.78469848632812
7297,116.19788360595703
7298,112.39558410644531
7299,113.5799331665039
7300,110.64704132080078
7301,111.02887725830078
7302,112.74502563476562
7303,115.13422393798828
7304,112.8763656616211
7305,116.05130004882812
7306,113.30728149414062
7307,118.64696502685547
7308,118.50125885009766
7309,124.92219543457031
7310,114.63573455810547
7311,115.07418823242188
7312,121.13890838623047
7313,115.12661743164062
7314,121.7724838256836
7315,118.7095718383789
7316,125.37352752685547
7317,123.76850128173828
7318,118.3053970336914
7319,117.41648864746094
7320,118.50511169433594
7321,120.76202392578125
7322,117.62928771972656
7323,117.77013397216797
7324,120.26586151123047
7325,118.9267807006836
7326,121.05232238769531
7327,130.31484985351562
7328,129.92855834960938
7329,132.2574920654297
7330,129.8196563720703
7331,119.78843688964844
7332,133.01231384277344
7333,137.92196655273438
7334,137.8706512451172
7335,134.3555908203125
7336,131.3981170654297
7337,145.69772338867188
7338,141.3316650390625
7339,134.42819213867188
7340,145.6131591796875
7341,143.9913787841797
7342,138.63975524902344
7343,140.2050323486328
7344,143.93666076660156
7345,142.87973022460938
7346,133.15505981445312
7347,148.64950561523438
7348,141.70016479492188
7349,143.4728546142578
7350,144.27883911132812
7351,142.41006469726562
7352,143.782470703125
7353,147.519775390625
7354,152.01507568359375
7355,147.12045288085938
7356,149.0938262939453
7357,150.5078887939453
7358,154.18649291992188
7359,146.87017822265625
7360,148.02609252929688
7361,141.02264404296875
7362,138.8919677734375
7363,135.509765625
7364,143.0941925048828
7365,133.6530303955078
7366,139.5823516845703
7367,139.2789306640625
7368,137.30950927734375
7369,138.57046508789062
7370,141.67630004882812
7371,129.39866638183594
7372,124.6010971069336
7373,131.0520782470703
7374,136.75067138671875
7375,129.43692016601562
7376,130.98394775390625
7377,134.11781311035156
7378,132.0873565673828
7379,125.18045043945312
7380,132.81100463867188
7381,125.09376525878906
7382,131.0933837890625
7383,127.78217315673828
7384,122.5201187133789
7385,124.44602966308594
7386,126.8846206665039
7387,129.57757568359375
7388,128.4004364013672
7389,127.4205551147461
7390,122.4432601928711
7391,126.24361419677734
7392,122.53473663330078
7393,123.32891082763672
7394,117.05303955078125
7395,126.01103973388672
7396,119.65231323242188
7397,130.35934448242188
7398,113.33773040771484
7399,112.44482421875
7400,113.53392028808594
7401,118.64811706542969
7402,117.31373596191406
7403,119.98452758789062
7404,117.3380126953125
7405,116.9906234741211
7406,116.26409149169922
7407,109.77310180664062
7408,108.83380126953125
7409,113.69984436035156
7410,116.87020111083984
7411,111.42259216308594
7412,116.06657409667969
7413,109.35213470458984
7414,109.07586669921875
7415,107.22525787353516
7416,100.5868911743164
7417,107.67705535888672
7418,99.3253402709961
7419,89.33940124511719
7420,87.25091552734375
7421,87.68116760253906
7422,88.52955627441406
7423,92.04704284667969
7424,95.27412414550781
7425,93.66895294189453
7426,99.09424591064453
7427,103.19061279296875
7428,102.16862487792969
7429,101.6989974975586
7430,94.14302062988281
7431,97.80716705322266
7432,103.57795715332031
7433,100.81684875488281
7434,108.61227416992188
7435,107.70337677001953
7436,109.40938568115234
7437,106.45589447021484
7438,103.54596710205078
7439,102.35906982421875
7440,105.09657287597656
7441,110.843994140625
7442,116.3517074584961
7443,120.16561889648438
7444,116.92930603027344
7445,119.06822204589844
7446,125.96101379394531
7447,125.97640991210938
7448,122.81608581542969
7449,118.09514617919922
7450,117.4889144897461
7451,116.11370086669922
7452,123.59048461914062
7453,115.23184204101562
7454,123.36579895019531
7455,120.94386291503906
7456,120.72097778320312
7457,122.68047332763672
7458,125.14753723144531
7459,123.57179260253906
7460,129.51524353027344
7461,131.61582946777344
7462,137.43869018554688
7463,133.7262725830078
7464,132.69793701171875
7465,132.6775665283203
7466,135.9349365234375
7467,130.90667724609375
7468,126.63158416748047
7469,127.06373596191406
7470,130.75865173339844
7471,130.7459259033203
7472,129.75881958007812
7473,136.45742797851562
7474,134.04183959960938
7475,140.99005126953125
7476,150.22720336914062
7477,150.54710388183594
7478,149.19802856445312
7479,144.3619384765625
7480,146.82626342773438
7481,142.05587768554688
7482,140.14088439941406
7483,138.97682189941406
7484,131.5264434814453
7485,139.9612579345703
7486,148.3037109375
7487,144.93777465820312
7488,135.21041870117188
7489,139.53939819335938
7490,141.36375427246094
7491,138.93255615234375
7492,137.93128967285156
7493,143.95989990234375
7494,143.7710418701172
7495,145.88165283203125
7496,154.63925170898438
7497,153.65057373046875
7498,146.74539184570312
7499,142.78700256347656
7500,156.27256774902344
7501,144.13302612304688
7502,141.68116760253906
7503,143.66041564941406
7504,141.09832763671875
7505,145.9920196533203
7506,137.9188690185547
7507,137.9486541748047
7508,144.3048858642578
7509,138.35609436035156
7510,139.51795959472656
7511,137.99070739746094
7512,125.37171173095703
7513,132.09996032714844
7514,125.8132095336914
7515,126.61373138427734
7516,131.3369903564453
7517,125.8472900390625
7518,132.53390502929688
7519,136.13417053222656
7520,135.98106384277344
7521,129.0880889892578
7522,127.35030364990234
7523,131.47531127929688
7524,128.30178833007812
7525,128.56175231933594
7526,126.1512680053711
7527,129.8233184814453
7528,128.0134735107422
7529,127.25458526611328
7530,133.20516967773438
7531,131.0193634033203
7532,126.55931091308594
7533,124.17729187011719
7534,125.77794647216797
7535,119.02362060546875
7536,125.49856567382812
7537,116.66316986083984
7538,114.36898040771484
7539,105.0435791015625
7540,103.3616714477539
7541,110.21942138671875
7542,108.68887329101562
7543,107.80084991455078
7544,107.350830078125
7545,107.74191284179688
7546,110.27479553222656
7547,117.16828918457031
7548,115.85093688964844
7549,115.28350830078125
7550,119.44435119628906
7551,104.5562973022461
7552,106.60993194580078
7553,108.63758087158203
7554,115.92800903320312
7555,112.79780578613281
7556,111.3257064819336
7557,113.48275756835938
7558,115.87837219238281
7559,107.11595153808594
7560,116.58804321289062
7561,113.56765747070312
7562,114.25016021728516
7563,114.98532104492188
7564,117.53868103027344
7565,120.17223358154297
7566,109.94273376464844
7567,123.98334503173828
7568,114.10472869873047
7569,115.46117401123047
7570,109.5396728515625
7571,117.64251708984375
7572,114.29810333251953
7573,119.11996459960938
7574,113.44068145751953
7575,113.95772552490234
7576,119.65241241455078
7577,123.87411499023438
7578,120.6814193725586
7579,125.99006652832031
7580,131.613037109375
7581,131.5602569580078
7582,136.73919677734375
7583,128.6731414794922
7584,134.7574005126953
7585,130.36248779296875
7586,137.462646484375
7587,138.0747528076172
7588,137.580810546875
7589,138.4436798095703
7590,142.61865234375
7591,143.06741333007812
7592,141.05873107910156
7593,149.00502014160156
7594,145.57159423828125
7595,142.59239196777344
7596,154.345458984375
7597,154.01394653320312
7598,147.95005798339844
7599,145.41810607910156
7600,147.42782592773438
7601,154.45864868164062
7602,145.6491241455078
7603,145.3671112060547
7604,153.30487060546875
7605,158.4884796142578
7606,150.92532348632812
7607,146.05494689941406
7608,145.58311462402344
7609,153.5516815185547
7610,150.27845764160156
7611,154.9883575439453
7612,153.9303436279297
7613,169.78294372558594
7614,161.16038513183594
7615,167.2066650390625
7616,163.01063537597656
7617,160.90748596191406
7618,165.8345947265625
7619,164.9237518310547
7620,167.27745056152344
7621,160.35569763183594
7622,156.25283813476562
7623,160.74893188476562
7624,154.25401306152344
7625,158.4925537109375
7626,155.50392150878906
7627,155.3460693359375
7628,157.90731811523438
7629,154.93580627441406
7630,155.44192504882812
7631,155.21913146972656
7632,147.58602905273438
7633,150.32333374023438
7634,152.51425170898438
7635,154.85899353027344
7636,144.02784729003906
7637,146.34681701660156
7638,138.79010009765625
7639,139.98526000976562
7640,132.36537170410156
7641,132.06593322753906
7642,130.88351440429688
7643,128.43389892578125
7644,132.7977294921875
7645,126.02874755859375
7646,120.39070892333984
7647,129.83505249023438
7648,116.23738861083984
7649,123.97352600097656
7650,128.5128631591797
7651,121.24078369140625
7652,129.65338134765625
7653,118.66338348388672
7654,125.38885498046875
7655,119.22075653076172
7656,123.13204956054688
7657,119.70946502685547
7658,121.29862976074219
7659,114.57317352294922
7660,118.34341430664062
7661,121.47830963134766
7662,117.92144775390625
7663,113.29366302490234
7664,111.08757781982422
7665,114.0427474975586
7666,109.28449249267578
7667,102.92488098144531
7668,115.42503356933594
7669,103.68620300292969
7670,101.81371307373047
7671,100.21141815185547
7672,98.99515533447266
7673,101.26312255859375
7674,97.35091400146484
7675,103.61957550048828
7676,99.91106414794922
7677,105.32524108886719
7678,103.40065002441406
7679,104.03767395019531
7680,113.62574768066406
7681,109.30459594726562
7682,110.1774673461914
7683,111.22695922851562
7684,113.77751922607422
7685,115.4080581665039
7686,115.6281967163086
7687,113.57633209228516
7688,122.45346069335938
7689,119.30696105957031
7690,120.59322357177734
7691,114.99276733398438
7692,116.77816009521484
7693,116.10051727294922
7694,124.6415023803711
7695,117.23735809326172
7696,127.41268920898438
7697,126.69007873535156
7698,120.16548156738281
7699,124.20957946777344
7700,127.64774322509766
7701,121.92861938476562
7702,116.30754089355469
7703,115.8338394165039
7704,115.87944793701172
7705,118.67562866210938
7706,116.01678466796875
7707,120.23601531982422
7708,121.54125213623047
7709,117.6556625366211
7710,126.53839111328125
7711,123.02397155761719
7712,122.39644622802734
7713,123.41150665283203
7714,133.03945922851562
7715,123.35560607910156
7716,127.43114471435547
7717,125.76725006103516
7718,129.27894592285156
7719,125.6823501586914
7720,131.10401916503906
7721,131.97711181640625
7722,135.84652709960938
7723,138.83651733398438
7724,136.33531188964844
7725,132.27066040039062
7726,135.56494140625
7727,140.15916442871094
7728,135.24655151367188
7729,135.8126678466797
7730,141.1207275390625
7731,141.58596801757812
7732,135.0373077392578
7733,141.0946044921875
7734,140.75230407714844
7735,141.2871856689453
7736,135.50711059570312
7737,139.20741271972656
7738,140.46875
7739,137.673828125
7740,138.9666748046875
7741,144.48272705078125
7742,148.84603881835938
7743,141.94241333007812
7744,137.4558868408203
7745,144.61093139648438
7746,144.75074768066406
7747,148.37908935546875
7748,142.37474060058594
7749,137.9736328125
7750,136.69650268554688
7751,148.40090942382812
7752,146.53970336914062
7753,141.3701934814453
7754,135.84262084960938
7755,140.65956115722656
7756,135.1001434326172
7757,129.24139404296875
7758,127.44711303710938
7759,131.0299072265625
7760,132.85836791992188
7761,126.80361938476562
7762,125.00387573242188
7763,136.11082458496094
7764,127.45970153808594
7765,127.69281768798828
7766,133.07923889160156
7767,135.23452758789062
7768,130.27621459960938
7769,127.50881958007812
7770,124.51473236083984
7771,118.25100708007812
7772,124.03196716308594
7773,124.69051361083984
7774,124.05882263183594
7775,117.35142517089844
7776,110.5865707397461
7777,112.97449493408203
7778,111.41644287109375
7779,106.51457214355469
7780,113.13813781738281
7781,115.0516357421875
7782,109.99564361572266
7783,113.33445739746094
7784,108.92709350585938
7785,109.9166030883789
7786,105.36553955078125
7787,102.25215148925781
7788,106.84061431884766
7789,101.77008819580078
7790,98.22631072998047
7791,100.9364013671875
7792,101.22106170654297
7793,104.64779663085938
7794,107.35940551757812
7795,104.4841537475586
7796,103.021484375
7797,100.07550811767578
7798,102.25314331054688
7799,103.77616119384766
7800,104.80956268310547
7801,106.78083801269531
7802,111.87422180175781
7803,113.24949645996094
7804,119.1518783569336
7805,118.85429382324219
7806,119.33846282958984
7807,130.15797424316406
7808,117.17826080322266
7809,122.31298065185547
7810,113.3933334350586
7811,112.32376861572266
7812,120.46831512451172
7813,121.96121978759766
7814,125.0621337890625
7815,121.86335754394531
7816,115.08940887451172
7817,116.07793426513672
7818,114.03028106689453
7819,112.82037353515625
7820,107.34103393554688
7821,105.48784637451172
7822,102.14493560791016
7823,112.50952911376953
7824,107.85087585449219
7825,116.28086853027344
7826,104.36085510253906
7827,97.50442504882812
7828,98.50931549072266
7829,112.38993072509766
7830,112.0719985961914
7831,112.49703216552734
7832,119.09275817871094
7833,118.17488098144531
7834,126.24545288085938
7835,124.12161254882812
7836,124.6946029663086
7837,125.58214569091797
7838,126.76619720458984
7839,129.71873474121094
7840,121.32472229003906
7841,123.92233276367188
7842,125.14057922363281
7843,126.92565155029297
7844,126.69788360595703
7845,128.3143310546875
7846,125.91275024414062
7847,131.2187957763672
7848,134.5172882080078
7849,136.82984924316406
7850,131.475341796875
7851,131.21343994140625
7852,122.05587768554688
7853,134.70858764648438
7854,132.40626525878906
7855,127.50706481933594
7856,131.1886749267578
7857,135.10389709472656
7858,131.2918701171875
7859,141.1272735595703
7860,132.5133514404297
7861,132.81198120117188
7862,140.84686279296875
7863,142.64862060546875
7864,134.4801483154297
7865,134.02352905273438
7866,145.48353576660156
7867,135.00473022460938
7868,132.31800842285156
7869,134.61634826660156
7870,133.2032470703125
7871,131.3673858642578
7872,134.0474090576172
7873,130.83447265625
7874,133.4192352294922
7875,126.99739837646484
7876,132.22239685058594
7877,125.9698715209961
7878,126.63924407958984
7879,116.52503967285156
7880,114.99322509765625
7881,124.52196502685547
7882,127.1491470336914
7883,121.77642059326172
7884,121.52832794189453
7885,119.40238952636719
7886,124.92818450927734
7887,120.89521026611328
7888,125.4522705078125
7889,116.617919921875
7890,119.65715789794922
7891,113.68814086914062
7892,116.54508972167969
7893,123.88380432128906
7894,117.23633575439453
7895,121.16531372070312
7896,125.800537109375
7897,126.82377624511719
7898,127.8756332397461
7899,127.31480407714844
7900,129.34942626953125
7901,133.34877014160156
7902,135.96951293945312
7903,127.80470275878906
7904,118.6195297241211
7905,121.44815063476562
7906,127.98482513427734
7907,126.21048736572266
7908,130.61476135253906
7909,134.0960235595703
7910,126.48705291748047
7911,134.41436767578125
7912,124.04795837402344
7913,119.10576629638672
7914,117.08625793457031
7915,122.29458618164062
7916,112.82210540771484
7917,114.96062469482422
7918,118.30421447753906
7919,115.24925231933594
7920,115.78826141357422
7921,114.75970458984375
7922,120.41923522949219
7923,116.89202117919922
7924,109.618408203125
7925,114.58926391601562
7926,116.11295318603516
7927,112.7885513305664
7928,117.19477844238281
7929,113.03177642822266
7930,122.25230407714844
7931,118.61444091796875
7932,123.64202117919922
7933,116.31951141357422
7934,114.80086517333984
7935,120.610595703125
7936,123.37480926513672
7937,121.56880187988281
7938,124.48421478271484
7939,122.70121765136719
7940,116.00872802734375
7941,116.81635284423828
7942,114.69318389892578
7943,117.47555541992188
7944,110.68814849853516
7945,119.07499694824219
7946,111.47846984863281
7947,121.84430694580078
7948,113.48831176757812
7949,108.76902770996094
7950,114.01428985595703
7951,114.25363159179688
7952,117.74349975585938
7953,110.49765014648438
7954,112.8672103881836
7955,116.54923248291016
7956,116.7657470703125
7957,116.9856948852539
7958,121.43704986572266
7959,113.88712310791016
7960,114.48966979980469
7961,112.78034210205078
7962,116.51563262939453
7963,118.57341766357422
7964,114.78744506835938
7965,115.1299819946289
7966,113.72477722167969
7967,116.20025634765625
7968,116.17292022705078
7969,117.70552062988281
7970,116.80958557128906
7971,111.45130920410156
7972,103.04048919677734
7973,106.07132720947266
7974,109.35971069335938
7975,101.08751678466797
7976,111.46467590332031
7977,111.03181457519531
7978,112.1484375
7979,112.26969146728516
7980,109.0937271118164
7981,107.12451171875
7982,112.89979553222656
7983,117.34546661376953
7984,117.97620391845703
7985,106.08055114746094
7986,121.99886322021484
7987,116.41984558105469
7988,117.35408020019531
7989,124.1366195678711
7990,122.18037414550781
7991,126.13346099853516
7992,129.84344482421875
7993,127.56463623046875
7994,122.70380401611328
7995,126.22784423828125
7996,121.39928436279297
7997,118.28775787353516
7998,122.54228210449219
7999,115.68804168701172
8000,110.66047668457031
8001,110.7148666381836
8002,110.08146667480469
8003,115.2761001586914
8004,114.34894561767578
8005,115.72305297851562
8006,116.60611724853516
8007,120.84796142578125
8008,109.70533752441406
8009,111.46270751953125
8010,110.59420776367188
8011,108.0519790649414
8012,125.2679443359375
8013,114.99568176269531
8014,122.94953918457031
8015,111.07726287841797
8016,118.3758316040039
8017,117.85834503173828
8018,112.05611419677734
8019,107.00104522705078
8020,113.263427734375
8021,118.5374755859375
8022,116.86257934570312
8023,113.174560546875
8024,114.83281707763672
8025,111.30427551269531
8026,115.77008819580078
8027,113.33390808105469
8028,107.7685546875
8029,108.93209838867188
8030,105.02938842773438
8031,107.99272155761719
8032,100.50192260742188
8033,103.6246109008789
8034,102.35161590576172
8035,97.41683197021484
8036,101.33087921142578
8037,101.4319076538086
8038,102.9133529663086
8039,103.43412017822266
8040,108.16425323486328
8041,111.7763442993164
8042,111.73914337158203
8043,110.68476104736328
8044,111.72496795654297
8045,115.44852447509766
8046,114.05769348144531
8047,114.45089721679688
8048,104.52983093261719
8049,110.9174575805664
8050,108.82032775878906
8051,109.06803131103516
8052,109.93064880371094
8053,113.80476379394531
8054,121.33769226074219
8055,111.16709899902344
8056,103.68434143066406
8057,120.27722930908203
8058,111.15876007080078
8059,110.82437896728516
8060,111.36214447021484
8061,109.78925323486328
8062,107.7641830444336
8063,103.27193450927734
8064,99.61611938476562
8065,99.93849182128906
8066,100.84745788574219
8067,99.54264068603516
8068,100.9599609375
8069,99.19139862060547
8070,96.48346710205078
8071,97.97559356689453
8072,100.80704498291016
8073,94.65513610839844
8074,93.16120147705078
8075,100.73641967773438
8076,103.0056381225586
8077,99.46575164794922
8078,98.81289672851562
8079,101.08417510986328
8080,110.03255462646484
8081,100.88023376464844
8082,105.20197296142578
8083,93.15999603271484
8084,89.61202239990234
8085,94.78457641601562
8086,88.41228485107422
8087,88.57695770263672
8088,99.88896942138672
8089,94.81510925292969
8090,98.63701629638672
8091,93.43202209472656
8092,93.07568359375
8093,100.52828979492188
8094,95.71031188964844
8095,101.98539733886719
8096,94.75804901123047
8097,88.0790786743164
8098,91.79850769042969
8099,95.49462890625
8100,91.1898422241211
8101,85.4500732421875
8102,95.59600830078125
8103,94.33309173583984
8104,94.19226837158203
8105,100.04698944091797
8106,102.62999725341797
8107,107.1208724975586
8108,112.59634399414062
8109,104.62744903564453
8110,107.64765930175781
8111,109.28888702392578
8112,114.20457458496094
8113,112.87834167480469
8114,118.61388397216797
8115,120.05036926269531
8116,114.0748519897461
8117,116.86605834960938
8118,114.06929779052734
8119,113.75098419189453
8120,115.92566680908203
8121,110.81826782226562
8122,123.35204315185547
8123,118.36380767822266
8124,125.89238739013672
8125,121.74506378173828
8126,137.45840454101562
8127,145.3362274169922
8128,152.04049682617188
8129,172.3079376220703
8130,163.0960235595703
8131,139.77688598632812
8132,143.49925231933594
8133,136.03684997558594
8134,138.98069763183594
8135,139.32350158691406
8136,135.05941772460938
8137,136.47117614746094
8138,130.16787719726562
8139,135.26841735839844
8140,142.17013549804688
8141,139.3918914794922
8142,145.65505981445312
8143,136.4981689453125
8144,135.60523986816406
8145,139.05873107910156
8146,128.13864135742188
8147,134.93765258789062
8148,126.77591705322266
8149,134.451416015625
8150,128.04336547851562
8151,133.3557586669922
8152,124.97050476074219
8153,132.78118896484375
8154,130.24253845214844
8155,140.7608184814453
8156,134.10848999023438
8157,138.7234649658203
8158,130.51161193847656
8159,143.5504913330078
8160,154.23143005371094
8161,151.7925262451172
8162,145.2789764404297
8163,143.06753540039062
8164,152.96592712402344
8165,150.57769775390625
8166,144.25135803222656
8167,144.66867065429688
8168,154.9856719970703
8169,149.1378631591797
8170,150.8682403564453
8171,148.15357971191406
8172,158.54710388183594
8173,155.5744171142578
8174,152.11924743652344
8175,152.9762725830078
8176,145.2504425048828
8177,134.02667236328125
8178,146.0950164794922
8179,141.90338134765625
8180,143.58013916015625
8181,139.33221435546875
8182,134.76113891601562
8183,136.66998291015625
8184,139.07080078125
8185,136.1096649169922
8186,138.82080078125
8187,135.7268829345703
8188,131.6566619873047
8189,133.03854370117188
8190,127.33782958984375
8191,131.8536376953125
8192,131.71109008789062
8193,131.01690673828125
8194,131.91163635253906
8195,129.48553466796875
8196,130.47988891601562
8197,132.17425537109375
8198,119.57445526123047
8199,116.04177856445312
8200,115.0
8201,113.57864379882812
8202,115.01708984375
8203,116.67225646972656
8204,116.1750259399414
8205,113.2717056274414
8206,119.19439697265625
8207,116.83751678466797
8208,114.66029357910156
8209,120.57755279541016
8210,110.39461517333984
8211,110.7194595336914
8212,113.75700378417969
8213,107.23418426513672
8214,114.18929290771484
8215,106.19252014160156
8216,111.11705780029297
8217,108.467529296875
8218,101.665283203125
8219,110.56493377685547
8220,103.46876525878906
8221,104.7828140258789
8222,104.88197326660156
8223,105.6760482788086
8224,105.98544311523438
8225,110.66073608398438
8226,104.10931396484375
8227,106.30831909179688
8228,111.08087921142578
8229,99.80000305175781
8230,98.06514739990234
8231,102.3331298828125
8232,92.27789306640625
8233,95.90676879882812
8234,102.80203247070312
8235,98.73314666748047
8236,103.7765121459961
8237,108.76763916015625
8238,106.1144790649414
8239,92.85243225097656
8240,100.3072280883789
8241,100.4511947631836
8242,104.30171966552734
8243,106.39044952392578
8244,107.77955627441406
8245,110.40544128417969
8246,113.93816375732422
8247,110.6672134399414
8248,109.90064239501953
8249,114.0438232421875
8250,111.19568634033203
8251,110.70133209228516
8252,111.98773956298828
8253,108.06849670410156
8254,108.10450744628906
8255,110.68315887451172
8256,105.48873138427734
8257,112.68396759033203
8258,111.0197982788086
8259,116.13002014160156
8260,114.18558502197266
8261,111.53618621826172
8262,111.93506622314453
8263,110.39539337158203
8264,117.333251953125
8265,112.15763092041016
8266,108.69351196289062
8267,106.83402252197266
8268,111.35763549804688
8269,111.49346160888672
8270,108.75776672363281
8271,111.20323181152344
8272,121.02155303955078
8273,123.56754302978516
8274,125.83190155029297
8275,127.42749786376953
8276,119.87561798095703
8277,118.00326538085938
8278,121.35025787353516
8279,127.3178939819336
8280,120.53814697265625
8281,127.79957580566406
8282,127.18441772460938
8283,124.8654556274414
8284,130.20689392089844
8285,121.64154815673828
8286,119.6581802368164
8287,112.55811309814453
8288,120.3971176147461
8289,120.29032135009766
8290,120.22486114501953
8291,123.59623718261719
8292,133.29974365234375
8293,137.9601593017578
8294,127.50833892822266
8295,140.43321228027344
8296,139.86471557617188
8297,143.38829040527344
8298,143.56590270996094
8299,141.74105834960938
8300,140.98098754882812
8301,140.40484619140625
8302,141.4244384765625
8303,146.087890625
8304,137.5118408203125
8305,131.97755432128906
8306,136.67291259765625
8307,142.58262634277344
8308,137.5841064453125
8309,139.85560607910156
8310,145.58399963378906
8311,143.2208251953125
8312,140.5293731689453
8313,142.20826721191406
8314,131.02545166015625
8315,131.24957275390625
8316,132.94895935058594
8317,128.67108154296875
8318,139.69886779785156
8319,126.90191650390625
8320,132.42449951171875
8321,125.555908203125
8322,131.20651245117188
8323,133.9490509033203
8324,120.87696075439453
8325,115.947509765625
8326,121.08123779296875
8327,114.56158447265625
8328,120.9111099243164
8329,121.30426025390625
8330,117.6100845336914
8331,121.39746856689453
8332,122.61127471923828
8333,126.17567443847656
8334,126.48873901367188
8335,121.95000457763672
8336,120.8060531616211
8337,113.65345001220703
8338,135.4884490966797
8339,127.40241241455078
8340,138.17391967773438
8341,121.62669372558594
8342,124.69332885742188
8343,127.15986633300781
8344,130.50689697265625
8345,133.50340270996094
8346,129.7748260498047
8347,138.50704956054688
8348,136.98158264160156
8349,136.47531127929688
8350,135.6233673095703
8351,133.7672882080078
8352,131.325439453125
8353,126.50504302978516
8354,123.2793960571289
8355,132.70896911621094
8356,130.94052124023438
8357,136.18470764160156
8358,127.54852294921875
8359,122.81600952148438
8360,123.11121368408203
8361,127.9646224975586
8362,121.31208801269531
8363,122.9722671508789
8364,123.85517120361328
8365,115.43781280517578
8366,116.03838348388672
8367,123.6838607788086
8368,116.15644073486328
8369,113.40534210205078
8370,113.70558166503906
8371,102.99127960205078
8372,110.95697021484375
8373,102.33441925048828
8374,110.55064392089844
8375,112.27717590332031
8376,110.45391845703125
8377,117.06697845458984
8378,109.91188049316406
8379,114.70405578613281
8380,106.85078430175781
8381,110.6161117553711
8382,112.72543334960938
8383,114.77815246582031
8384,115.29420471191406
8385,114.59098815917969
8386,114.90131378173828
8387,104.01307678222656
8388,113.96625518798828
8389,115.59107208251953
8390,113.5550765991211
8391,121.79547882080078
8392,114.5679931640625
8393,118.85725402832031
8394,126.38018035888672
8395,120.68901824951172
8396,123.72309112548828
8397,110.19988250732422
8398,112.24243927001953
8399,104.29039764404297
8400,115.02870178222656
8401,107.26172637939453
8402,107.40267944335938
8403,116.30054473876953
8404,118.82870483398438
8405,113.35313415527344
8406,116.80553436279297
8407,117.8824691772461
8408,121.59297180175781
8409,123.87364196777344
8410,122.42521667480469
8411,129.15585327148438
8412,120.5113296508789
8413,133.51751708984375
8414,121.32501220703125
8415,124.95081329345703
8416,128.7399139404297
8417,129.3074188232422
8418,133.492919921875
8419,126.4509048461914
8420,132.6518096923828
8421,127.40021514892578
8422,130.71617126464844
8423,135.91534423828125
8424,129.24334716796875
8425,133.58470153808594
8426,122.28831481933594
8427,121.89802551269531
8428,128.86227416992188
8429,132.43484497070312
8430,134.88050842285156
8431,134.1022186279297
8432,137.2298583984375
8433,133.7548828125
8434,131.65957641601562
8435,129.99102783203125
8436,130.99234008789062
8437,129.38812255859375
8438,128.72454833984375
8439,129.14317321777344
8440,129.60797119140625
8441,128.69754028320312
8442,134.06723022460938
8443,129.127685546875
8444,135.96409606933594
8445,125.38219451904297
8446,129.1973876953125
8447,129.8497314453125
8448,126.51542663574219
8449,122.4536361694336
8450,125.92372131347656
8451,125.0915756225586
8452,127.4295425415039
8453,126.95856475830078
8454,121.65052795410156
8455,123.65921020507812
8456,125.96273040771484
8457,123.17822265625
8458,124.31819152832031
8459,122.26256561279297
8460,131.1455078125
8461,135.29347229003906
8462,132.01931762695312
8463,131.63502502441406
8464,121.7496109008789
8465,127.05814361572266
8466,131.7578582763672
8467,128.4737548828125
8468,125.77977752685547
8469,126.34318542480469
8470,121.95209503173828
8471,125.62057495117188
8472,119.90007019042969
8473,123.16731262207031
8474,130.82998657226562
8475,126.65217590332031
8476,121.96868896484375
8477,120.8983383178711
8478,124.24803161621094
8479,136.67701721191406
8480,124.85407257080078
8481,132.24801635742188
8482,122.8944320678711
8483,127.0962905883789
8484,120.9434585571289
8485,129.6206817626953
8486,122.63243103027344
8487,120.10270690917969
8488,121.48961639404297
8489,123.11530303955078
8490,112.51604461669922
8491,120.38156127929688
8492,111.50072479248047
8493,116.62820434570312
8494,114.6789779663086
8495,115.7354507446289
8496,114.0121078491211
8497,103.24528503417969
8498,108.55229187011719
8499,103.96772766113281
8500,102.91802978515625
8501,99.55024719238281
8502,102.30491638183594
8503,102.05545806884766
8504,93.26872253417969
8505,91.17777252197266
8506,90.05481719970703
8507,87.37123107910156
8508,84.74603271484375
8509,78.09761810302734
8510,90.26873779296875
8511,85.14295959472656
8512,91.0753173828125
8513,92.6568832397461
8514,92.06046295166016
8515,99.43167114257812
8516,103.43231964111328
8517,98.58396911621094
8518,95.3624038696289
8519,98.31549072265625
8520,99.17938232421875
8521,97.84642028808594
8522,103.35676574707031
8523,102.53470611572266
8524,97.71430206298828
8525,107.13207244873047
8526,102.69416809082031
8527,108.48546600341797
8528,109.57826232910156
8529,106.55159759521484
8530,104.09712219238281
8531,111.80084991455078
8532,104.11324310302734
8533,109.79150390625
8534,111.76869201660156
8535,113.82737731933594
8536,118.15035247802734
8537,115.72148132324219
8538,114.55265045166016
8539,116.0427017211914
8540,110.5619125366211
8541,111.69475555419922
8542,117.86138916015625
8543,116.54853820800781
8544,113.67822265625
8545,113.50717163085938
8546,120.33438110351562
8547,117.28710174560547
8548,127.40876007080078
8549,128.1401824951172
8550,130.2663116455078
8551,126.25277709960938
8552,129.62400817871094
8553,114.49124908447266
8554,122.71228790283203
8555,126.75286865234375
8556,124.26274108886719
8557,117.58324432373047
8558,110.4065933227539
8559,122.73448944091797
8560,119.50218200683594
8561,121.12960052490234
8562,127.5709457397461
8563,119.55904388427734
8564,125.1580581665039
8565,128.40927124023438
8566,123.2746810913086
8567,117.68771362304688
8568,127.65589904785156
8569,128.44309997558594
8570,124.20670318603516
8571,123.98210906982422
8572,124.71410369873047
8573,116.01093292236328
8574,122.18486785888672
8575,124.18423461914062
8576,126.45574188232422
8577,126.03050231933594
8578,124.23907470703125
8579,118.11910247802734
8580,113.75457000732422
8581,116.41779327392578
8582,120.20745849609375
8583,119.98033905029297
8584,119.71629333496094
8585,123.53644561767578
8586,123.30206298828125
8587,127.93577575683594
8588,124.58329772949219
8589,117.45649719238281
8590,114.94163513183594
8591,111.13531494140625
8592,114.94841766357422
8593,117.85333251953125
8594,113.09017181396484
8595,115.40260314941406
8596,110.31988525390625
8597,107.93800354003906
8598,110.0731430053711
8599,117.12842559814453
8600,111.63375091552734
8601,114.10443115234375
8602,104.95126342773438
8603,106.61428833007812
8604,103.10022735595703
8605,102.13018035888672
8606,103.756103515625
8607,107.5714340209961
8608,103.27764892578125
8609,116.36924743652344
8610,114.1076889038086
8611,106.90666198730469
8612,105.96688842773438
8613,101.6512451171875
8614,107.41502380371094
8615,107.20911407470703
8616,102.04026794433594
8617,100.90293884277344
8618,103.1582260131836
8619,105.99332427978516
8620,104.47361755371094
8621,105.22722625732422
8622,102.3101577758789
8623,106.67305755615234
8624,108.07937622070312
8625,108.19808959960938
8626,102.5066146850586
8627,98.4900894165039
8628,87.85182189941406
8629,95.10945129394531
8630,90.38948822021484
8631,96.21157836914062
8632,95.19102478027344
8633,90.67688751220703
8634,98.57305908203125
8635,95.4959716796875
8636,88.59564208984375
8637,91.33135986328125
8638,89.54639434814453
8639,95.16615295410156
8640,93.0944595336914
8641,90.88017272949219
8642,97.91194915771484
8643,93.17529296875
8644,91.68768310546875
8645,92.58212280273438
8646,91.94993591308594
8647,88.83845520019531
8648,91.58506774902344
8649,84.72647094726562
8650,94.31571960449219
8651,91.2679672241211
8652,103.58138275146484
8653,105.3644790649414
8654,95.36367797851562
8655,96.20572662353516
8656,99.60800170898438
8657,101.34394073486328
8658,101.08057403564453
8659,103.9392318725586
8660,96.9315414428711
8661,91.06695556640625
8662,100.39401245117188
8663,98.65791320800781
8664,99.22715759277344
8665,103.01819610595703
8666,103.24595642089844
8667,103.13959503173828
8668,108.92242431640625
8669,109.254150390625
8670,108.7710952758789
8671,110.3869400024414
8672,108.38409423828125
8673,108.39871215820312
8674,115.90664672851562
8675,112.73567962646484
8676,109.70171356201172
8677,106.35260772705078
8678,109.68003845214844
8679,119.9288330078125
8680,114.51275634765625
8681,111.43302154541016
8682,119.30296325683594
8683,125.48045349121094
8684,122.41950988769531
8685,121.08485412597656
8686,127.17115783691406
8687,124.68289184570312
8688,129.3470458984375
8689,135.11585998535156
8690,135.11888122558594
8691,134.68408203125
8692,128.1239471435547
8693,130.2664794921875
8694,136.2058868408203
8695,134.995361328125
8696,126.19213104248047
8697,127.12728881835938
8698,128.3387451171875
8699,122.83494567871094
8700,127.58726501464844
8701,128.70896911621094
8702,122.39226531982422
8703,114.25704956054688
8704,122.08609771728516
8705,118.61238098144531
8706,113.29231262207031
8707,115.4239273071289
8708,114.46800994873047
8709,122.8827133178711
8710,117.15811157226562
8711,119.83313751220703
8712,123.4305191040039
8713,129.58056640625
8714,125.89495849609375
8715,124.20507049560547
8716,127.05036163330078
8717,129.2317352294922
8718,135.7862091064453
8719,137.743896484375
8720,133.3179473876953
8721,134.9269256591797
8722,139.6006622314453
8723,122.14322662353516
8724,130.752685546875
8725,134.30142211914062
8726,125.65967559814453
8727,132.45611572265625
8728,128.3423309326172
8729,126.9521255493164
8730,135.45281982421875
8731,128.5552215576172
8732,128.49574279785156
8733,128.00860595703125
8734,129.97579956054688
8735,133.66690063476562
8736,130.85406494140625
8737,128.93722534179688
8738,133.34780883789062
8739,132.69076538085938
8740,125.75315856933594
8741,119.5037841796875
8742,126.42851257324219
8743,123.60337829589844
8744,122.26608276367188
8745,120.2647933959961
8746,121.48395538330078
8747,123.07444763183594
8748,120.03182220458984
8749,119.28568267822266
8750,130.66885375976562
8751,121.53273010253906
8752,123.78137969970703
8753,120.00104522705078
8754,118.90768432617188
8755,118.42080688476562
8756,123.04244232177734
8757,123.40715789794922
8758,116.26058959960938
8759,116.25922393798828
8760,122.0852279663086
8761,113.7654037475586
8762,114.25614166259766
8763,111.91064453125
8764,108.30091857910156
8765,115.47965240478516
8766,113.29744720458984
8767,110.47604370117188
8768,109.60295104980469
8769,106.53511047363281
8770,110.17412567138672
8771,108.7884750366211
8772,104.16095733642578
8773,102.74638366699219
8774,100.42952728271484
8775,101.47809600830078
8776,102.50241088867188
8777,100.4739990234375
8778,116.77784729003906
8779,113.29270935058594
8780,121.42887115478516
8781,112.94319915771484
8782,119.50788879394531
8783,119.96800231933594
8784,124.50541687011719
8785,122.9910888671875
8786,121.24739074707031
8787,114.97828674316406
8788,118.68868255615234
8789,118.55709075927734
8790,112.06935119628906
8791,121.17646789550781
8792,115.8993148803711
8793,117.47782897949219
8794,118.05657958984375
8795,114.67924499511719
8796,118.77745819091797
8797,120.7812728881836
8798,120.63814544677734
8799,117.17487335205078
8800,113.95658874511719
8801,116.95963287353516
8802,113.1482162475586
8803,118.90876007080078
8804,111.72582244873047
8805,105.75746154785156
8806,111.49484252929688
8807,113.30984497070312
8808,113.44844818115234
8809,108.06752014160156
8810,111.75653839111328
8811,118.23114776611328
8812,116.45563507080078
8813,124.84465789794922
8814,123.89599609375
8815,126.75306701660156
8816,122.60205078125
8817,135.6226043701172
8818,126.05876922607422
8819,124.09746551513672
8820,131.24215698242188
8821,133.37606811523438
8822,134.90147399902344
8823,135.6296844482422
8824,131.6836700439453
8825,128.849365234375
8826,134.94873046875
8827,132.43772888183594
8828,135.3278045654297
8829,139.09506225585938
8830,123.89702606201172
8831,127.30431365966797
8832,133.8042755126953
8833,130.59686279296875
8834,126.20781707763672
8835,130.26806640625
8836,129.86083984375
8837,128.27748107910156
8838,133.885009765625
8839,140.19644165039062
8840,141.28823852539062
8841,148.93328857421875
8842,145.73236083984375
8843,142.62460327148438
8844,143.28855895996094
8845,147.04591369628906
8846,146.43804931640625
8847,148.6207733154297
8848,131.17274475097656
8849,137.72174072265625
8850,127.35076904296875
8851,139.35678100585938
8852,141.1884002685547
8853,138.2193603515625
8854,142.0218048095703
8855,137.0640411376953
8856,131.28851318359375
8857,130.69317626953125
8858,143.97840881347656
8859,142.78170776367188
8860,153.70831298828125
8861,152.95018005371094
8862,146.9824981689453
8863,147.23876953125
8864,144.32899475097656
8865,150.080078125
8866,147.56210327148438
8867,148.99346923828125
8868,149.71824645996094
8869,153.70758056640625
8870,147.58421325683594
8871,144.49049377441406
8872,145.9299774169922
8873,148.1120147705078
8874,146.1273651123047
8875,137.17019653320312
8876,136.18251037597656
8877,129.15621948242188
8878,136.7786102294922
8879,134.7363739013672
8880,130.76724243164062
8881,126.47933959960938
8882,132.38134765625
8883,132.21551513671875
8884,124.0082015991211
8885,119.38343811035156
8886,118.87024688720703
8887,129.45472717285156
8888,120.13062286376953
8889,132.24237060546875
8890,121.69781494140625
8891,116.8604965209961
8892,131.4686737060547
8893,124.08493041992188
8894,132.69915771484375
8895,126.65293884277344
8896,125.94563293457031
8897,125.35527801513672
8898,119.18963623046875
8899,122.86517333984375
8900,122.73237609863281
8901,117.18658447265625
8902,121.56432342529297
8903,117.07772827148438
8904,117.9174575805664
8905,124.11028289794922
8906,123.77621459960938
8907,120.93394470214844
8908,115.27311706542969
8909,118.52569580078125
8910,122.09654998779297
8911,126.00878143310547
8912,118.56226348876953
8913,113.85037231445312
8914,113.45149230957031
8915,113.36121368408203
8916,112.42811584472656
8917,110.73096466064453
8918,106.86370849609375
8919,106.96941375732422
8920,111.76897430419922
8921,106.9256362915039
8922,113.04244232177734
8923,119.63673400878906
8924,112.8462142944336
8925,114.73583984375
8926,108.44880676269531
8927,111.73795318603516
8928,110.60597229003906
8929,119.04696655273438
8930,115.09874725341797
8931,115.27526092529297
8932,118.3663330078125
8933,115.91835021972656
8934,117.24251556396484
8935,109.67095184326172
8936,113.8569564819336
8937,115.69041442871094
8938,125.77864074707031
8939,120.93505096435547
8940,117.68222045898438
8941,117.41712951660156
8942,117.56878662109375
8943,125.45796966552734
8944,129.09439086914062
8945,127.37680053710938
8946,136.5881805419922
8947,127.03108978271484
8948,134.0044403076172
8949,139.4524688720703
8950,138.7772674560547
8951,143.61717224121094
8952,142.6787567138672
8953,136.8102569580078
8954,137.94937133789062
8955,144.4750518798828
8956,147.61680603027344
8957,144.83203125
8958,149.10775756835938
8959,144.07777404785156
8960,147.09149169921875
8961,143.96900939941406
8962,147.9873504638672
8963,142.9977264404297
8964,142.30238342285156
8965,142.437744140625
8966,142.25888061523438
8967,143.8202667236328
8968,140.96961975097656
8969,150.9398651123047
8970,140.66026306152344
8971,140.0137481689453
8972,145.22689819335938
8973,134.64549255371094
8974,142.92825317382812
8975,142.9892120361328
8976,147.70069885253906
8977,149.48069763183594
8978,149.03207397460938
8979,150.71438598632812
8980,150.06246948242188
8981,148.99119567871094
8982,143.76812744140625
8983,141.88348388671875
8984,145.42279052734375
8985,143.3314971923828
8986,142.78518676757812
8987,126.96525573730469
8988,140.8878936767578
8989,132.77053833007812
8990,131.09942626953125
8991,129.55435180664062
8992,130.84927368164062
8993,135.6033477783203
8994,133.8802490234375
8995,129.3250732421875
8996,137.67681884765625
8997,137.9888458251953
8998,133.9320526123047
8999,143.23277282714844
9000,146.7508544921875
9001,129.6847686767578
9002,133.859619140625
9003,132.25839233398438
9004,139.85751342773438
9005,134.03408813476562
9006,132.0100555419922
9007,131.03016662597656
9008,124.98439025878906
9009,114.2539291381836
9010,121.14241790771484
9011,124.18043518066406
9012,112.66532897949219
9013,120.26858520507812
9014,125.1554946899414
9015,120.03336334228516
9016,122.82701873779297
9017,129.71719360351562
9018,126.06122589111328
9019,128.4642791748047
9020,125.37076568603516
9021,125.6397476196289
9022,122.80709075927734
9023,117.75328063964844
9024,117.64616394042969
9025,123.61746978759766
9026,124.13166809082031
9027,124.4720458984375
9028,118.4032211303711
9029,126.8461685180664
9030,127.50191497802734
9031,129.4095916748047
9032,127.43905639648438
9033,130.2723846435547
9034,131.78466796875
9035,137.1877899169922
9036,139.80751037597656
9037,142.29910278320312
9038,140.96246337890625
9039,143.44320678710938
9040,138.82119750976562
9041,133.86837768554688
9042,133.37648010253906
9043,141.1089630126953
9044,134.28732299804688
9045,136.5233154296875
9046,136.42730712890625
9047,134.5893096923828
9048,144.71961975097656
9049,137.2221221923828
9050,134.13148498535156
9051,142.7742462158203
9052,126.85108947753906
9053,127.25111389160156
9054,129.49583435058594
9055,131.01182556152344
9056,131.47793579101562
9057,127.39303588867188
9058,132.4191436767578
9059,124.48238372802734
9060,127.46298217773438
9061,124.53024291992188
9062,132.598876953125
9063,132.9988555908203
9064,130.52114868164062
9065,133.05638122558594
9066,129.82167053222656
9067,131.9351348876953
9068,125.55671691894531
9069,131.36904907226562
9070,127.71141815185547
9071,131.81532287597656
9072,131.47406005859375
9073,129.28175354003906
9074,123.39596557617188
9075,129.4017791748047
9076,126.89930725097656
9077,133.24354553222656
9078,131.86915588378906
9079,140.65098571777344
9080,132.51727294921875
9081,124.86927795410156
9082,127.33086395263672
9083,129.24630737304688
9084,125.12923431396484
9085,121.9022216796875
9086,121.02974700927734
9087,126.98108673095703
9088,130.88050842285156
9089,128.9735107421875
9090,122.26429748535156
9091,119.10034942626953
9092,125.11817169189453
9093,110.2477798461914
9094,111.20570373535156
9095,112.5353012084961
9096,117.20587158203125
9097,117.40284729003906
9098,112.09074401855469
9099,119.92108154296875
9100,116.5547103881836
9101,122.87374877929688
9102,120.56824493408203
9103,119.28590393066406
9104,121.17080688476562
9105,123.46886444091797
9106,128.0330352783203
9107,127.55684661865234
9108,126.66270446777344
9109,117.9969253540039
9110,117.73976135253906
9111,115.67887115478516
9112,115.8650131225586
9113,126.03826904296875
9114,119.7153549194336
9115,123.47866821289062
9116,132.95989990234375
9117,130.36260986328125
9118,123.47980499267578
9119,124.895263671875
9120,129.49420166015625
9121,128.1566162109375
9122,118.89891052246094
9123,127.61817932128906
9124,130.3198699951172
9125,135.62896728515625
9126,130.14273071289062
9127,131.23403930664062
9128,137.22833251953125
9129,127.11489868164062
9130,135.10140991210938
9131,138.70013427734375
9132,133.29672241210938
9133,138.70240783691406
9134,135.31375122070312
9135,136.16888427734375
9136,141.3114471435547
9137,139.4643096923828
9138,139.312744140625
9139,134.27743530273438
9140,139.83880615234375
9141,134.5633087158203
9142,139.32652282714844
9143,142.24649047851562
9144,141.5805206298828
9145,138.130615234375
9146,131.2258758544922
9147,136.00070190429688
9148,131.13197326660156
9149,138.7086944580078
9150,135.79457092285156
9151,136.71090698242188
9152,129.81591796875
9153,133.1474609375
9154,131.015625
9155,132.3761444091797
9156,131.47706604003906
9157,135.99427795410156
9158,132.91192626953125
9159,138.0338897705078
9160,128.34310913085938
9161,138.0337371826172
9162,131.67025756835938
9163,131.65379333496094
9164,129.34765625
9165,133.98704528808594
9166,132.5143280029297
9167,133.02557373046875
9168,131.419921875
9169,132.69000244140625
9170,126.48660278320312
9171,121.48346710205078
9172,128.6635284423828
9173,126.01348876953125
9174,125.1684799194336
9175,121.30188751220703
9176,120.00080871582031
9177,115.59358215332031
9178,122.28993225097656
9179,115.4378433227539
9180,112.5765609741211
9181,117.75020599365234
9182,116.061767578125
9183,111.78404235839844
9184,110.1025161743164
9185,114.45439147949219
9186,115.56427764892578
9187,111.59553527832031
9188,113.33171081542969
9189,115.627197265625
9190,119.58561706542969
9191,119.3528060913086
9192,125.10595703125
9193,124.96670532226562
9194,123.29022216796875
9195,127.58946228027344
9196,131.81771850585938
9197,133.0435791015625
9198,128.87774658203125
9199,124.69476318359375
9200,129.6937255859375
9201,129.1757354736328
9202,132.7123565673828
9203,127.60934448242188
9204,118.2060775756836
9205,123.32710266113281
9206,122.08747100830078
9207,118.65530395507812
9208,121.7795181274414
9209,124.61836242675781
9210,126.44470977783203
9211,122.6810073852539
9212,119.45263671875
9213,118.76224517822266
9214,114.47059631347656
9215,119.28260803222656
9216,121.0145492553711
9217,122.43963623046875
9218,127.33644104003906
9219,115.6942367553711
9220,122.25067901611328
9221,126.30917358398438
9222,127.38677215576172
9223,124.73382568359375
9224,124.64268493652344
9225,128.65756225585938
9226,122.05652618408203
9227,121.57213592529297
9228,115.95401763916016
9229,118.74882507324219
9230,128.27378845214844
9231,117.9283447265625
9232,122.75508880615234
9233,123.05396270751953
9234,122.02389526367188
9235,121.59199523925781
9236,125.57413482666016
9237,126.4817886352539
9238,121.37496948242188
9239,124.34196472167969
9240,121.04341125488281
9241,129.2225341796875
9242,125.949462890625
9243,130.09390258789062
9244,135.22976684570312
9245,132.53921508789062
9246,139.60586547851562
9247,136.72755432128906
9248,135.13796997070312
9249,128.97216796875
9250,135.7881317138672
9251,136.6036834716797
9252,138.18585205078125
9253,138.53466796875
9254,139.27764892578125
9255,133.7652130126953
9256,135.10206604003906
9257,143.3418731689453
9258,145.51480102539062
9259,148.11349487304688
9260,144.98880004882812
9261,138.96217346191406
9262,135.0859375
9263,136.2843475341797
9264,135.66592407226562
9265,131.6790008544922
9266,135.12701416015625
9267,129.48960876464844
9268,132.68519592285156
9269,130.59848022460938
9270,139.32327270507812
9271,132.52276611328125
9272,138.61322021484375
9273,135.61093139648438
9274,140.3673553466797
9275,145.02076721191406
9276,136.76815795898438
9277,146.17591857910156
9278,142.33030700683594
9279,149.18907165527344
9280,149.3082275390625
9281,155.2502899169922
9282,153.75210571289062
9283,146.14190673828125
9284,151.36947631835938
9285,150.6973876953125
9286,152.1388702392578
9287,145.3564453125
9288,150.00167846679688
9289,151.1686553955078
9290,149.4636993408203
9291,157.49607849121094
9292,148.8701629638672
9293,148.71482849121094
9294,150.24440002441406
9295,156.51763916015625
9296,144.5545196533203
9297,151.94017028808594
9298,146.29774475097656
9299,142.34872436523438
9300,141.90084838867188
9301,151.90257263183594
9302,142.29725646972656
9303,139.48098754882812
9304,144.65509033203125
9305,149.57138061523438
9306,150.96759033203125
9307,152.1211700439453
9308,148.1089324951172
9309,145.08132934570312
9310,152.50836181640625
9311,140.2826690673828
9312,144.58596801757812
9313,140.70718383789062
9314,141.2510986328125
9315,139.59568786621094
9316,138.96205139160156
9317,143.49163818359375
9318,142.80091857910156
9319,139.25701904296875
9320,141.0732879638672
9321,141.57289123535156
9322,136.9159393310547
9323,140.31114196777344
9324,137.4687042236328
9325,135.41592407226562
9326,139.4777069091797
9327,134.96617126464844
9328,140.28921508789062
9329,139.97476196289062
9330,139.33641052246094
9331,135.6701202392578
9332,136.68861389160156
9333,139.49073791503906
9334,142.909423828125
9335,147.4246368408203
9336,143.8178253173828
9337,148.849853515625
9338,139.8808135986328
9339,139.60592651367188
9340,140.41253662109375
9341,134.7566680908203
9342,148.34400939941406
9343,145.65794372558594
9344,155.4814910888672
9345,147.7810821533203
9346,151.50552368164062
9347,145.982177734375
9348,146.7201385498047
9349,137.87081909179688
9350,137.9202880859375
9351,131.520263671875
9352,130.84434509277344
9353,138.15040588378906
9354,139.675048828125
9355,137.00839233398438
9356,144.51292419433594
9357,147.92637634277344
9358,145.1329803466797
9359,141.27734375
9360,136.89541625976562
9361,131.87399291992188
9362,145.0907745361328
9363,138.4822998046875
9364,135.9017333984375
9365,138.75497436523438
9366,130.90814208984375
9367,131.876708984375
9368,133.82376098632812
9369,134.1507568359375
9370,140.17489624023438
9371,131.8505096435547
9372,136.1647186279297
9373,139.4184112548828
9374,137.8449249267578
9375,144.2307586669922
9376,145.4329833984375
9377,148.2512969970703
9378,139.2203826904297
9379,140.2264404296875
9380,141.36923217773438
9381,143.81996154785156
9382,141.86312866210938
9383,135.3612823486328
9384,141.76683044433594
9385,137.0261993408203
9386,137.70697021484375
9387,137.0941925048828
9388,140.2646484375
9389,143.0354766845703
9390,139.30661010742188
9391,142.79531860351562
9392,135.4227752685547
9393,133.66786193847656
9394,136.5936737060547
9395,140.17349243164062
9396,133.02383422851562
9397,137.80331420898438
9398,134.5475616455078
9399,136.01832580566406
9400,132.56655883789062
9401,141.66351318359375
9402,142.55426025390625
9403,135.48399353027344
9404,146.4103546142578
9405,144.7118377685547
9406,145.29331970214844
9407,144.8065643310547
9408,146.6563720703125
9409,149.18661499023438
9410,145.83428955078125
9411,147.9176025390625
9412,147.8404541015625
9413,147.50306701660156
9414,146.4180145263672
9415,144.72042846679688
9416,138.18435668945312
9417,148.57913208007812
9418,150.74557495117188
9419,145.94895935058594
9420,148.93466186523438
9421,145.80091857910156
9422,137.69139099121094
9423,133.65615844726562
9424,140.95521545410156
9425,141.67282104492188
9426,137.58506774902344
9427,132.55108642578125
9428,136.26708984375
9429,140.3202667236328
9430,137.5296630859375
9431,143.60903930664062
9432,135.57662963867188
9433,137.6001434326172
9434,129.9895782470703
9435,133.57461547851562
9436,128.457275390625
9437,128.8146209716797
9438,134.36680603027344
9439,136.96060180664062
9440,143.74208068847656
9441,140.02981567382812
9442,136.17710876464844
9443,146.58871459960938
9444,137.3212432861328
9445,148.87693786621094
9446,141.8226318359375
9447,133.09632873535156
9448,131.4485321044922
9449,131.393798828125
9450,127.94319915771484
9451,125.02662658691406
9452,134.49472045898438
9453,137.8199462890625
9454,140.40542602539062
9455,132.51966857910156
9456,131.72943115234375
9457,140.4038848876953
9458,135.24114990234375
9459,132.32916259765625
9460,137.5041961669922
9461,139.58322143554688
9462,138.5064697265625
9463,132.41543579101562
9464,139.3138427734375
9465,138.28729248046875
9466,139.4383544921875
9467,138.97625732421875
9468,137.85606384277344
9469,134.72232055664062
9470,128.884765625
9471,136.06593322753906
9472,131.19439697265625
9473,130.29502868652344
9474,130.4974822998047
9475,131.21517944335938
9476,130.76419067382812
9477,125.19329071044922
9478,135.308837890625
9479,133.43362426757812
9480,141.06451416015625
9481,133.05433654785156
9482,135.3351287841797
9483,128.33279418945312
9484,133.079833984375
9485,123.89474487304688
9486,129.40176391601562
9487,125.37923431396484
9488,131.7155303955078
9489,128.9379425048828
9490,133.62132263183594
9491,120.46013641357422
9492,141.54222106933594
9493,128.9273681640625
9494,137.08642578125
9495,130.56297302246094
9496,128.33380126953125
9497,126.93650817871094
9498,130.8429412841797
9499,130.82069396972656
9500,122.32545471191406
9501,131.43617248535156
9502,131.1432647705078
9503,126.976318359375
9504,122.3414077758789
9505,125.84530639648438
9506,134.06004333496094
9507,136.58834838867188
9508,131.52297973632812
9509,128.16671752929688
9510,130.23394775390625
9511,132.29124450683594
9512,135.12063598632812
9513,131.9464111328125
9514,133.8341827392578
9515,130.40061950683594
9516,135.74142456054688
9517,135.58628845214844
9518,125.00824737548828
9519,136.80526733398438
9520,122.61958312988281
9521,122.9404067993164
9522,130.5520477294922
9523,130.6063232421875
9524,136.23373413085938
9525,124.62155151367188
9526,130.01290893554688
9527,131.28936767578125
9528,130.145751953125
9529,128.35923767089844
9530,120.3973617553711
9531,120.6181869506836
9532,127.75305938720703
9533,131.20352172851562
9534,123.360107421875
9535,124.44583129882812
9536,122.34029388427734
9537,118.79170227050781
9538,116.22163391113281
9539,119.7182846069336
9540,117.65548706054688
9541,125.33537292480469
9542,122.65626525878906
9543,118.68802642822266
9544,121.09049224853516
9545,116.32929229736328
9546,118.31698608398438
9547,121.4476318359375
9548,118.58787536621094
9549,125.74593353271484
9550,121.82078552246094
9551,128.1776885986328
9552,127.77299499511719
9553,125.27640533447266
9554,117.43218994140625
9555,122.85941314697266
9556,121.20381164550781
9557,122.43605041503906
9558,122.38211059570312
9559,129.54212951660156
9560,121.32840728759766
9561,129.4756622314453
9562,127.04866790771484
9563,120.66471862792969
9564,123.64225769042969
9565,124.08173370361328
9566,120.91410827636719
9567,126.38516235351562
9568,122.46522521972656
9569,121.32836151123047
9570,114.87077331542969
9571,122.67669677734375
9572,111.65185546875
9573,122.05162811279297
9574,115.90457153320312
9575,121.6053695678711
9576,118.92916107177734
9577,127.8213119506836
9578,123.5519790649414
9579,127.72613525390625
9580,120.87777709960938
9581,133.0915985107422
9582,131.41763305664062
9583,130.06930541992188
9584,126.65515899658203
9585,120.0001220703125
9586,117.94685363769531
9587,124.8349838256836
9588,122.63117980957031
9589,117.5947036743164
9590,123.68603515625
9591,129.27334594726562
9592,120.56265258789062
9593,117.80339050292969
9594,121.08198547363281
9595,125.44436645507812
9596,120.95333099365234
9597,122.69515991210938
9598,119.21077728271484
9599,117.3296890258789
9600,114.90728759765625
9601,118.99765014648438
9602,119.74468231201172
9603,111.64119720458984
9604,113.26531219482422
9605,117.91929626464844
9606,110.7349624633789
9607,116.54667663574219
9608,119.47933197021484
9609,113.24641418457031
9610,118.33759307861328
9611,114.409912109375
9612,114.31670379638672
9613,114.61839294433594
9614,111.88115692138672
9615,105.91732788085938
9616,108.77456665039062
9617,117.13605499267578
9618,112.4671859741211
9619,117.4508056640625
9620,121.14401245117188
9621,117.20691680908203
9622,124.2651596069336
9623,118.2792739868164
9624,119.86798858642578
9625,121.84756469726562
9626,122.28843688964844
9627,126.185791015625
9628,121.1109848022461
9629,123.59677124023438
9630,126.2821044921875
9631,115.2281494140625
9632,118.16929626464844
9633,124.7387466430664
9634,125.85566711425781
9635,131.05487060546875
9636,135.66725158691406
9637,140.87088012695312
9638,135.04217529296875
9639,135.72018432617188
9640,131.34153747558594
9641,137.6718292236328
9642,146.32933044433594
9643,140.74545288085938
9644,135.68858337402344
9645,138.37660217285156
9646,140.74461364746094
9647,138.17660522460938
9648,139.9404754638672
9649,136.36509704589844
9650,148.34933471679688
9651,136.89732360839844
9652,136.07760620117188
9653,128.9175567626953
9654,130.1154327392578
9655,130.472412109375
9656,133.841064453125
9657,126.8156967163086
9658,125.76397705078125
9659,134.5183868408203
9660,135.5287628173828
9661,135.1204071044922
9662,125.33806610107422
9663,129.65097045898438
9664,131.96009826660156
9665,127.49125671386719
9666,122.73135375976562
9667,114.35974884033203
9668,118.98633575439453
9669,119.80653381347656
9670,118.94657135009766
9671,116.38673400878906
9672,117.93354797363281
9673,117.9793472290039
9674,113.0013198852539
9675,109.68616485595703
9676,108.74032592773438
9677,107.96786499023438
9678,109.15708923339844
9679,112.44347381591797
9680,116.54812622070312
9681,119.49274444580078
9682,112.60700988769531
9683,114.88269805908203
9684,117.57801055908203
9685,119.62220764160156
9686,112.4007568359375
9687,111.05956268310547
9688,108.03949737548828
9689,105.72974395751953
9690,117.77959442138672
9691,117.5684585571289
9692,107.88978576660156
9693,106.99198150634766
9694,111.56761169433594
9695,107.1014175415039
9696,112.7666244506836
9697,103.0349349975586
9698,106.99398803710938
9699,104.03256225585938
9700,103.15916442871094
9701,105.12911224365234
9702,113.60684204101562
9703,113.13737487792969
9704,108.77903747558594
9705,103.38375091552734
9706,109.74205780029297
9707,113.48881530761719
9708,108.33985900878906
9709,121.0733413696289
9710,124.02833557128906
9711,122.80619812011719
9712,125.04998016357422
9713,117.59243774414062
9714,119.22486114501953
9715,109.7161636352539
9716,122.13780975341797
9717,121.94056701660156
9718,124.93408203125
9719,122.05142974853516
9720,117.60800170898438
9721,123.6260757446289
9722,110.18568420410156
9723,118.28944396972656
9724,122.44834899902344
9725,127.5382308959961
9726,115.94471740722656
9727,118.62509155273438
9728,122.56873321533203
9729,126.677001953125
9730,120.8183822631836
9731,121.17547607421875
9732,116.07923889160156
9733,118.4506607055664
9734,122.50482940673828
9735,124.5103988647461
9736,117.61996459960938
9737,117.60450744628906
9738,129.72279357910156
9739,118.17222595214844
9740,115.78694915771484
9741,118.51931762695312
9742,115.70877838134766
9743,119.45844268798828
9744,121.13751983642578
9745,117.98983764648438
9746,112.39429473876953
9747,112.95255279541016
9748,104.16813659667969
9749,116.3816146850586
9750,124.11408233642578
9751,118.19941711425781
9752,115.53507995605469
9753,121.32889556884766
9754,115.4141616821289
9755,119.88825988769531
9756,121.37285614013672
9757,122.51744842529297
9758,126.79802703857422
9759,126.24482727050781
9760,131.15525817871094
9761,120.09239196777344
9762,125.35567474365234
9763,122.1424331665039
9764,131.1810302734375
9765,127.04549407958984
9766,130.8174285888672
9767,128.24742126464844
9768,121.53791046142578
9769,127.77247619628906
9770,121.0566635131836
9771,110.17794799804688
9772,119.10366821289062
9773,119.00349426269531
9774,122.90784454345703
9775,117.98454284667969
9776,121.60144805908203
9777,120.96697235107422
9778,116.49722290039062
9779,127.1579818725586
9780,124.92887115478516
9781,130.9403839111328
9782,127.032958984375
9783,120.49482727050781
9784,118.4810791015625
9785,121.34735870361328
9786,114.42008972167969
9787,115.91154479980469
9788,110.88957214355469
9789,116.01963806152344
9790,119.78475952148438
9791,114.08526611328125
9792,126.37344360351562
9793,119.31219482421875
9794,129.44918823242188
9795,124.45587921142578
9796,115.26808166503906
9797,124.20745849609375
9798,125.24747467041016
9799,119.70416259765625
9800,120.31135559082031
9801,116.8819351196289
9802,115.03548431396484
9803,126.6063461303711
9804,122.3985595703125
9805,117.96586608886719
9806,124.48826599121094
9807,129.20281982421875
9808,124.28887939453125
9809,126.37491607666016
9810,130.90469360351562
9811,130.24732971191406
9812,131.5059356689453
9813,139.3533477783203
9814,135.38978576660156
9815,134.45545959472656
9816,136.0856475830078
9817,136.02268981933594
9818,138.21824645996094
9819,138.59068298339844
9820,137.66009521484375
9821,130.09107971191406
9822,133.7007598876953
9823,133.74124145507812
9824,130.68499755859375
9825,128.82350158691406
9826,136.3488006591797
9827,126.25996398925781
9828,132.77313232421875
9829,138.97254943847656
9830,136.62362670898438
9831,133.6940460205078
9832,131.7783966064453
9833,135.0714874267578
9834,136.528564453125
9835,129.33656311035156
9836,135.2406463623047
9837,133.90090942382812
9838,127.9759521484375
9839,126.28733825683594
9840,128.03729248046875
9841,128.9039764404297
9842,128.19894409179688
9843,130.63211059570312
9844,131.64291381835938
9845,131.62379455566406
9846,129.32130432128906
9847,129.704833984375
9848,120.51260375976562
9849,131.70611572265625
9850,129.60089111328125
9851,125.97132110595703
9852,120.45647430419922
9853,129.34547424316406
9854,125.0179443359375
9855,121.52728271484375
9856,124.02234649658203
9857,119.50294494628906
9858,117.06009674072266
9859,128.67401123046875
9860,126.09041595458984
9861,119.88214874267578
9862,114.48159790039062
9863,113.32611083984375
9864,120.07872772216797
9865,118.2195816040039
9866,122.49067687988281
9867,120.8511962890625
9868,122.03435516357422
9869,116.70387268066406
9870,112.60658264160156
9871,120.38249969482422
9872,114.89888763427734
9873,119.8705062866211
9874,124.34197998046875
9875,127.63123321533203
9876,127.90953063964844
9877,115.3591079711914
9878,122.37946319580078
9879,122.37760162353516
9880,127.19979858398438
9881,123.11859130859375
9882,119.28629302978516
9883,124.12325286865234
9884,113.42501831054688
9885,123.65325164794922
9886,126.66928100585938
9887,125.55054473876953
9888,121.75629425048828
9889,134.8898468017578
9890,129.06309509277344
9891,125.23602294921875
9892,133.00633239746094
9893,137.25657653808594
9894,130.0436248779297
9895,125.389404296875
9896,135.26353454589844
9897,144.5226593017578
9898,133.96302795410156
9899,141.0691680908203
9900,139.58193969726562
9901,138.56683349609375
9902,141.5034942626953
9903,136.2677001953125
9904,145.1948699951172
9905,141.00442504882812
9906,142.47225952148438
9907,143.9388885498047
9908,149.64007568359375
9909,144.96701049804688
9910,141.70411682128906
9911,150.46006774902344
9912,148.72732543945312
9913,148.6040496826172
9914,154.37669372558594
9915,158.38619995117188
9916,151.5359649658203
9917,151.9151611328125
9918,159.386474609375
9919,152.69912719726562
9920,152.01625061035156
9921,152.36534118652344
9922,157.4551544189453
9923,152.78268432617188
9924,165.0915069580078
9925,157.1241455078125
9926,150.19924926757812
9927,154.580810546875
9928,154.06130981445312
9929,150.7387237548828
9930,149.224609375
9931,159.5501708984375
9932,148.46932983398438
9933,154.8118438720703
9934,136.53477478027344
9935,151.84042358398438
9936,146.96554565429688
9937,148.3474578857422
9938,152.6375732421875
9939,166.05941772460938
9940,167.73193359375
9941,159.66883850097656
9942,159.4324188232422
9943,156.54298400878906
9944,154.7106475830078
9945,156.36766052246094
9946,155.3721466064453
9947,144.9821319580078
9948,142.17283630371094
9949,145.84451293945312
9950,145.86050415039062
9951,145.80810546875
9952,140.10484313964844
9953,139.215576171875
9954,137.4893798828125
9955,143.36578369140625
9956,136.06344604492188
9957,142.35824584960938
9958,128.9001007080078
9959,137.73025512695312
9960,134.43331909179688
9961,124.93510437011719
9962,127.43199157714844
9963,124.05530548095703
9964,121.59527587890625
9965,132.68942260742188
9966,131.57411193847656
9967,129.02841186523438
9968,128.1602325439453
9969,128.32606506347656
9970,132.41360473632812
9971,137.8627166748047
9972,129.20994567871094
9973,135.7243194580078
9974,138.5009002685547
9975,136.4156951904297
9976,135.2473907470703
9977,132.94699096679688
9978,132.28128051757812
9979,131.1968536376953
9980,134.95687866210938
9981,137.70135498046875
9982,131.80406188964844
9983,133.76654052734375
9984,126.44033813476562
9985,123.16114044189453
9986,134.76144409179688
9987,131.69309997558594
9988,135.0550994873047
9989,133.4269561767578
9990,130.59274291992188
9991,130.39427185058594
9992,128.93414306640625
9993,133.49334716796875
9994,124.81966400146484
9995,129.66580200195312
9996,128.6821746826172
9997,135.8048095703125
9998,128.43551635742188
9999,120.08712768554688
