Step,Value
0,0.1998661756515503
1,0.1999431848526001
2,0.20002250373363495
3,0.10000000149011612
4,0.15984012186527252
5,0.10000000149011612
6,0.20001810789108276
7,0.10000000149011612
8,0.10000000149011612
9,0.10064122825860977
10,0.20001767575740814
11,0.09997110068798065
12,0.20002195239067078
13,0.10000000149011612
14,0.09995649009943008
15,0.20504145324230194
16,0.10146693140268326
17,0.19881854951381683
18,0.09997407346963882
19,0.10000000149011612
20,0.19994235038757324
21,0.5167176723480225
22,0.20001602172851562
23,0.09995616227388382
24,0.1317073553800583
25,0.19997507333755493
26,0.6664215922355652
27,0.09935760498046875
28,0.19999060034751892
29,0.20001040399074554
30,0.12251982092857361
31,0.19998033344745636
32,0.5018815398216248
33,0.10000000149011612
34,0.5000759959220886
35,0.09996309131383896
36,0.20070071518421173
37,0.19726167619228363
38,0.2000219225883484
39,0.504723072052002
40,0.5058879256248474
41,0.504636824131012
42,0.10058173537254333
43,0.5066210031509399
44,0.340037077665329
45,0.10000000149011612
46,0.10000000149011612
47,0.1998194456100464
48,0.0999860092997551
49,0.10000000149011612
50,0.19996997714042664
51,0.200027734041214
52,0.09997692704200745
53,0.10000000149011612
54,0.19908609986305237
55,0.19982682168483734
56,0.09992678463459015
57,0.20001773536205292
58,0.6667948961257935
59,0.19985899329185486
60,0.19991323351860046
61,0.19969534873962402
62,0.10000000149011612
63,0.10000000149011612
64,0.5752089023590088
65,0.10000000149011612
66,0.10000000149011612
67,0.2000076174736023
68,0.19995242357254028
69,0.1998453140258789
70,0.1999499499797821
71,0.20000523328781128
72,0.10000000149011612
73,0.10000000149011612
74,0.19826963543891907
75,0.2000160664319992
76,0.47602808475494385
77,0.2000223994255066
78,0.10000000149011612
79,0.5084729790687561
80,0.1999775916337967
81,0.10000000149011612
82,0.19994191825389862
83,0.14857177436351776
84,0.1998273730278015
85,0.5068941116333008
86,0.2000187635421753
87,0.10000000149011612
88,0.19996342062950134
89,0.09948365390300751
90,0.5047495365142822
91,0.5014211535453796
92,0.5063459873199463
93,0.1924453228712082
94,0.20001757144927979
95,0.5068323016166687
96,0.199929878115654
97,0.2000211477279663
98,0.09998413920402527
99,0.5560240149497986
100,0.5067413449287415
101,0.10269572585821152
102,0.09998422861099243
103,0.1998324692249298
104,0.19995658099651337
105,0.19994457066059113
106,0.20001810789108276
107,0.502621054649353
108,0.20002871751785278
109,0.5013157725334167
110,0.21887841820716858
111,0.10000000149011612
112,0.10000000149011612
113,0.20001699030399323
114,0.19998037815093994
115,0.10085215419530869
116,0.20002363622188568
117,0.19978950917720795
118,0.6840278506278992
119,0.4995393753051758
120,0.19676941633224487
121,0.5033182501792908
122,0.2000206559896469
123,0.19995005428791046
124,0.19896690547466278
125,0.19783583283424377
126,0.10078348964452744
127,0.10000000149011612
128,0.19994226098060608
129,0.10000000149011612
130,0.3936176896095276
131,0.24368202686309814
132,0.10000000149011612
133,0.47860005497932434
134,0.20621447265148163
135,0.10000000149011612
136,0.12172453105449677
137,0.0999828353524208
138,0.10000000149011612
139,0.20001360774040222
140,0.09997910261154175
141,0.16785652935504913
142,0.19651930034160614
143,0.10074952244758606
144,0.19921283423900604
145,0.49720630049705505
146,0.4562121331691742
147,0.5469571948051453
148,0.10000000149011612
149,0.5929988026618958
150,0.19941286742687225
151,0.19782856106758118
152,0.5343839526176453
153,0.1973937451839447
154,0.2833017110824585
155,0.4986160397529602
156,0.20119480788707733
157,0.10000000149011612
158,0.10000000149011612
159,0.507982611656189
160,0.20003288984298706
161,0.12037038803100586
162,0.19998621940612793
163,0.47071534395217896
164,0.228307843208313
165,0.2000284641981125
166,0.2000238597393036
167,0.19646179676055908
168,0.4163060486316681
169,0.20000381767749786
170,0.20286443829536438
171,0.5570483803749084
172,0.669914960861206
173,0.382495254278183
174,0.2034825086593628
175,0.20000603795051575
176,0.20002533495426178
177,0.11795533448457718
178,0.19947099685668945
179,0.5065349340438843
180,0.10312705487012863
181,0.4235335886478424
182,0.53150475025177
183,0.19980743527412415
184,0.20001205801963806
185,0.21554280817508698
186,0.16756972670555115
187,0.22560390830039978
188,0.1998371183872223
189,0.09998486191034317
190,0.12452833354473114
191,0.10000000149011612
192,0.20000241696834564
193,0.1996191293001175
194,0.20001064240932465
195,0.7421789169311523
196,0.7413656115531921
197,0.6471301913261414
198,0.6674901843070984
199,0.6061010360717773
200,0.671665608882904
201,0.5378957390785217
202,0.49198827147483826
203,0.5845932364463806
204,0.5275964140892029
205,0.2745177447795868
206,0.38558968901634216
207,0.5077872276306152
208,0.4459010362625122
209,0.4244985580444336
210,0.5168311595916748
211,0.656208336353302
212,0.5817101001739502
213,0.39083588123321533
214,0.3205299973487854
215,0.6971861124038696
216,0.6959472298622131
217,0.2000260353088379
218,0.17615647614002228
219,0.18207813799381256
220,0.57508385181427
221,0.19202455878257751
222,0.20003260672092438
223,0.1999935358762741
224,0.19141951203346252
225,0.20000940561294556
226,0.1755497306585312
227,0.20001518726348877
228,0.15312552452087402
229,0.21786892414093018
230,0.2381623387336731
231,0.7105422019958496
232,0.20001113414764404
233,0.1979268193244934
234,0.19987325370311737
235,0.7219904661178589
236,0.7391575574874878
237,0.2261669933795929
238,0.7087590098381042
239,0.2000308781862259
240,0.122176893055439
241,0.12698416411876678
242,0.20003117620944977
243,0.48524749279022217
244,0.12619051337242126
245,0.1617659479379654
246,0.1969708651304245
247,0.1265174299478531
248,0.19565583765506744
249,0.7319418787956238
250,0.20003357529640198
251,0.7025694251060486
252,0.7151064872741699
253,0.6998783946037292
254,0.22408154606819153
255,0.20422512292861938
256,0.48076754808425903
257,0.6892040371894836
258,0.20001007616519928
259,0.5927913188934326
260,0.25879520177841187
261,0.2083907127380371
262,0.48369210958480835
263,0.6343343257904053
264,0.20003105700016022
265,0.6694310903549194
266,0.45058637857437134
267,0.20000942051410675
268,0.19778630137443542
269,0.20089225471019745
270,0.20128749310970306
271,0.4711196720600128
272,0.4608185589313507
273,0.5936652421951294
274,0.6950987577438354
275,0.6339269280433655
276,0.4853367507457733
277,0.322773277759552
278,0.49305787682533264
279,0.5187225341796875
280,0.7102402448654175
281,0.25826096534729004
282,0.6034094095230103
283,0.6378241181373596
284,0.7046259045600891
285,0.6641401052474976
286,0.5132521986961365
287,0.5042937397956848
288,0.6916195750236511
289,0.624284565448761
290,0.5569537878036499
291,0.5873693823814392
292,0.6146378517150879
293,0.5569244623184204
294,0.5298903584480286
295,0.6248080730438232
296,0.6148117780685425
297,0.5172069668769836
298,0.48463174700737
299,0.6279895305633545
300,0.5201662182807922
301,0.4916916489601135
302,0.6088798642158508
303,0.6056320071220398
304,0.5574346780776978
305,0.27951738238334656
306,0.24022924900054932
307,0.47982391715049744
308,0.684081494808197
309,0.6802533864974976
310,0.6553057432174683
311,0.2733669877052307
312,0.3033856749534607
313,0.5934679508209229
314,0.7200343608856201
315,0.20003226399421692
316,0.6751088500022888
317,0.512287437915802
318,0.2775629162788391
319,0.506883978843689
320,0.491829514503479
321,0.21424691379070282
322,0.10283482819795609
323,0.12917286157608032
324,0.5406157970428467
325,0.3050929009914398
326,0.19940894842147827
327,0.19053368270397186
328,0.6043287515640259
329,0.5737794637680054
330,0.19999270141124725
331,0.199984610080719
332,0.6965104341506958
333,0.5790572166442871
334,0.34145617485046387
335,0.23525018990039825
336,0.48231178522109985
337,0.6680367588996887
338,0.6813939809799194
339,0.5488623976707458
340,0.21972674131393433
341,0.2024005651473999
342,0.30011096596717834
343,0.6228561997413635
344,0.7115518450737
345,0.6690733432769775
346,0.49540233612060547
347,0.41579416394233704
348,0.5224720239639282
349,0.5664840340614319
350,0.5281489491462708
351,0.4593033790588379
352,0.5583877563476562
353,0.5701701641082764
354,0.5784541964530945
355,0.5652088522911072
356,0.522285521030426
357,0.536767840385437
358,0.6919686794281006
359,0.6910027861595154
360,0.5780192017555237
361,0.21630536019802094
362,0.2013271600008011
363,0.21898062527179718
364,0.511684775352478
365,0.22024552524089813
366,0.10000000149011612
367,0.1653270274400711
368,0.2851542532444
369,0.503704845905304
370,0.5001629590988159
371,0.49896901845932007
372,0.4985578954219818
373,0.49835091829299927
374,0.49964815378189087
375,0.5010479688644409
376,0.634770929813385
377,0.6679695844650269
378,0.4508976638317108
379,0.45003125071525574
380,0.36883544921875
381,0.6674588918685913
382,0.7021992802619934
383,0.5192807912826538
384,0.5644800662994385
385,0.5051819086074829
386,0.5003537535667419
387,0.6130640506744385
388,0.5793707966804504
389,0.46589183807373047
390,0.3510226607322693
391,0.4902569055557251
392,0.5025264024734497
393,0.5341908931732178
394,0.5030247569084167
395,0.4603835642337799
396,0.44787511229515076
397,0.5087293386459351
398,0.5429636836051941
399,0.5390896797180176
400,0.5860844850540161
401,0.5705021023750305
402,0.6087444424629211
403,0.6491793990135193
404,0.6136078834533691
405,0.5159078240394592
406,0.6046335697174072
407,0.6365258097648621
408,0.5614607334136963
409,0.5949279069900513
410,0.6740174293518066
411,0.7056064009666443
412,0.5022282600402832
413,0.4949723482131958
414,0.6154736876487732
415,0.6479721665382385
416,0.5585538148880005
417,0.5380569696426392
418,0.6245699524879456
419,0.5767360925674438
420,0.3426324427127838
421,0.4715832471847534
422,0.5585698485374451
423,0.6630004644393921
424,0.6321665644645691
425,0.5241666436195374
426,0.6223874688148499
427,0.6671419739723206
428,0.5950402617454529
429,0.6053216457366943
430,0.5739654302597046
431,0.2001733034849167
432,0.5149301886558533
433,0.6586677432060242
434,0.6666757464408875
435,0.37594103813171387
436,0.4080190062522888
437,0.3332138657569885
438,0.5190175771713257
439,0.48070746660232544
440,0.5812886953353882
441,0.6006465554237366
442,0.591269314289093
443,0.5776521563529968
444,0.5495389699935913
445,0.5614590048789978
446,0.6102226376533508
447,0.6618945002555847
448,0.6655666828155518
449,0.5716649293899536
450,0.6274858713150024
451,0.7112550139427185
452,0.6571316719055176
453,0.5013279318809509
454,0.5198200941085815
455,0.5319466590881348
456,0.5939587950706482
457,0.49051839113235474
458,0.45230036973953247
459,0.47326791286468506
460,0.588874340057373
461,0.5187859535217285
462,0.46214812994003296
463,0.4582979381084442
464,0.5624613761901855
465,0.6248840093612671
466,0.6251169443130493
467,0.4497460424900055
468,0.47298958897590637
469,0.4966665208339691
470,0.7074518799781799
471,0.7247622013092041
472,0.7057029604911804
473,0.5379898548126221
474,0.28461337089538574
475,0.27074000239372253
476,0.5112593770027161
477,0.6738032102584839
478,0.7119146585464478
479,0.6361900568008423
480,0.5283067226409912
481,0.5227778553962708
482,0.6068553924560547
483,0.6821986436843872
484,0.6704780459403992
485,0.6524271368980408
486,0.5238050222396851
487,0.5164379477500916
488,0.5208099484443665
489,0.6567418575286865
490,0.6610158681869507
491,0.6110771298408508
492,0.4904499650001526
493,0.49181652069091797
494,0.5066994428634644
495,0.5693882703781128
496,0.5919952988624573
497,0.5743722319602966
498,0.47181469202041626
499,0.4413699805736542
500,0.5423051714897156
501,0.60358726978302
502,0.6864134669303894
503,0.6185088753700256
504,0.5826692581176758
505,0.5683075785636902
506,0.6064950823783875
507,0.6060149073600769
508,0.5717708468437195
509,0.6293999552726746
510,0.6303850412368774
511,0.4762650430202484
512,0.28440165519714355
513,0.35507190227508545
514,0.6033361554145813
515,0.6007788777351379
516,0.5241011381149292
517,0.6043655276298523
518,0.650296151638031
519,0.5965904593467712
520,0.6420717835426331
521,0.7186470031738281
522,0.6802385449409485
523,0.6525997519493103
524,0.6760393977165222
525,0.6992822885513306
526,0.6884371042251587
527,0.6721310019493103
528,0.5652809739112854
529,0.5477022528648376
530,0.5369000434875488
531,0.5237588286399841
532,0.5789033770561218
533,0.5797761678695679
534,0.4189571142196655
535,0.2819346785545349
536,0.43409574031829834
537,0.6309548616409302
538,0.6524089574813843
539,0.5757527947425842
540,0.5203757286071777
541,0.5411999821662903
542,0.6126384735107422
543,0.5789924263954163
544,0.48444995284080505
545,0.4413001835346222
546,0.5540814995765686
547,0.6440706253051758
548,0.681196391582489
549,0.6520460247993469
550,0.5453225374221802
551,0.5285075902938843
552,0.5324767231941223
553,0.6251547336578369
554,0.6078138947486877
555,0.5079814195632935
556,0.5668035745620728
557,0.6153032779693604
558,0.6641135215759277
559,0.6010191440582275
560,0.5522950887680054
561,0.5264639258384705
562,0.5497726798057556
563,0.5726984143257141
564,0.565183162689209
565,0.6705498099327087
566,0.5904349088668823
567,0.5794270038604736
568,0.5957261919975281
569,0.6386616826057434
570,0.5629758834838867
571,0.5946527123451233
572,0.642098605632782
573,0.5888697504997253
574,0.5811319947242737
575,0.6318057179450989
576,0.6483060717582703
577,0.5523937940597534
578,0.5592986345291138
579,0.5885191559791565
580,0.6583867073059082
581,0.6241521835327148
582,0.586783230304718
583,0.515984833240509
584,0.5743773579597473
585,0.6027907133102417
586,0.5572314262390137
587,0.5048632621765137
588,0.5387317538261414
589,0.5884339213371277
590,0.592710018157959
591,0.49528729915618896
592,0.5042930245399475
593,0.6134808659553528
594,0.6618240475654602
595,0.5571680068969727
596,0.6167323589324951
597,0.7048027515411377
598,0.6672801375389099
599,0.5875738859176636
600,0.521798849105835
601,0.499232679605484
602,0.5492779612541199
603,0.6047886610031128
604,0.49665963649749756
605,0.5183327198028564
606,0.5505707859992981
607,0.5974623560905457
608,0.5692374110221863
609,0.5622401237487793
610,0.5377476811408997
611,0.5239042043685913
612,0.5950509309768677
613,0.6878966093063354
614,0.689600944519043
615,0.5764104127883911
616,0.5016337633132935
617,0.5500878095626831
618,0.6472788453102112
619,0.6412747502326965
620,0.5773984789848328
621,0.5544094443321228
622,0.6173568367958069
623,0.632523238658905
624,0.5593107342720032
625,0.5454777479171753
626,0.5842321515083313
627,0.6041911244392395
628,0.5587459206581116
629,0.5142984986305237
630,0.5545002222061157
631,0.605492889881134
632,0.5951957106590271
633,0.5561906695365906
634,0.5463323593139648
635,0.6316487789154053
636,0.7068054676055908
637,0.695991575717926
638,0.6640827655792236
639,0.6245487332344055
640,0.6378095746040344
641,0.27045390009880066
642,0.48787617683410645
643,0.6376140713691711
644,0.6289042830467224
645,0.6605296730995178
646,0.6272574663162231
647,0.5524460673332214
648,0.5024008750915527
649,0.6064831614494324
650,0.5824963450431824
651,0.5081390142440796
652,0.4765019416809082
653,0.38835635781288147
654,0.47343653440475464
655,0.5551792979240417
656,0.6026425957679749
657,0.6007972359657288
658,0.538528323173523
659,0.5493369102478027
660,0.5984637141227722
661,0.7167673707008362
662,0.7409923076629639
663,0.7069394588470459
664,0.63651442527771
665,0.5928235650062561
666,0.551156759262085
667,0.5984297394752502
668,0.5167478919029236
669,0.5708682537078857
670,0.5840038657188416
671,0.5599529147148132
672,0.5724136233329773
673,0.5946257710456848
674,0.5707108378410339
675,0.5457815527915955
676,0.5396733283996582
677,0.5614953637123108
678,0.6421756744384766
679,0.6721636056900024
680,0.6489717364311218
681,0.5934558510780334
682,0.5837510824203491
683,0.5992578268051147
684,0.6625401973724365
685,0.6528074145317078
686,0.6272861361503601
687,0.5725557804107666
688,0.5964875221252441
689,0.6052437424659729
690,0.6059408187866211
691,0.6021584868431091
692,0.5936563611030579
693,0.5016230344772339
694,0.5388132929801941
695,0.5982390642166138
696,0.6110010147094727
697,0.5335617661476135
698,0.4966522753238678
699,0.6170974969863892
700,0.6294691562652588
701,0.6553875803947449
702,0.5589410662651062
703,0.6458789706230164
704,0.6330773234367371
705,0.5593280792236328
706,0.5933923125267029
707,0.6729414463043213
708,0.680455207824707
709,0.6100120544433594
710,0.6173592805862427
711,0.6765948534011841
712,0.6825400590896606
713,0.5986095070838928
714,0.5856918096542358
715,0.6628826856613159
716,0.6519005298614502
717,0.5576559901237488
718,0.5825150609016418
719,0.6530658602714539
720,0.6502499580383301
721,0.5610356330871582
722,0.5234038829803467
723,0.560745120048523
724,0.5137513875961304
725,0.5731706619262695
726,0.5817118287086487
727,0.531079113483429
728,0.5852825045585632
729,0.6839320659637451
730,0.6610387563705444
731,0.6054700613021851
732,0.5075574517250061
733,0.5223742127418518
734,0.6060302257537842
735,0.6843191385269165
736,0.7059540748596191
737,0.5840891003608704
738,0.6197965741157532
739,0.6156259179115295
740,0.6387187242507935
741,0.664760947227478
742,0.551763117313385
743,0.5103943347930908
744,0.5420075058937073
745,0.6332469582557678
746,0.6638180613517761
747,0.5541024208068848
748,0.5713846683502197
749,0.567086398601532
750,0.6271008849143982
751,0.5777032971382141
752,0.5823237895965576
753,0.6304861903190613
754,0.6281211972236633
755,0.507236659526825
756,0.5302020311355591
757,0.584294319152832
758,0.6007901430130005
759,0.6357232928276062
760,0.5884466171264648
761,0.6079501509666443
762,0.6530134081840515
763,0.6512826085090637
764,0.5707641243934631
765,0.6122248768806458
766,0.6411707997322083
767,0.7071537375450134
768,0.27433639764785767
769,0.7213594913482666
770,0.6936425566673279
771,0.5433038473129272
772,0.5060318112373352
773,0.5507470369338989
774,0.6534575819969177
775,0.6432711482048035
776,0.5818116068840027
777,0.5123639702796936
778,0.5312489867210388
779,0.5923664569854736
780,0.6228381395339966
781,0.5743956565856934
782,0.6500685214996338
783,0.6645480394363403
784,0.5974690318107605
785,0.6169206500053406
786,0.6600589156150818
787,0.6633545756340027
788,0.5767907500267029
789,0.6037893891334534
790,0.6465926170349121
791,0.6571561694145203
792,0.6427878737449646
793,0.5737337470054626
794,0.5788240432739258
795,0.635055661201477
796,0.6346167325973511
797,0.5872275829315186
798,0.5869094729423523
799,0.6541569828987122
800,0.6525108218193054
801,0.5938220620155334
802,0.583021342754364
803,0.6678392291069031
804,0.6670761704444885
805,0.5888829827308655
806,0.5667160153388977
807,0.6046062707901001
808,0.6108128428459167
809,0.600782036781311
810,0.6350870132446289
811,0.6058785915374756
812,0.6434403657913208
813,0.6067940592765808
814,0.5964106917381287
815,0.6199323534965515
816,0.5913471579551697
817,0.6165234446525574
818,0.5992646813392639
819,0.5301966667175293
820,0.5250763297080994
821,0.5735679268836975
822,0.6703798174858093
823,0.6649641394615173
824,0.6221690773963928
825,0.6017735600471497
826,0.6413235068321228
827,0.6398535370826721
828,0.56046462059021
829,0.6163337230682373
830,0.6114634871482849
831,0.6059202551841736
832,0.5120944976806641
833,0.48279058933258057
834,0.5455495119094849
835,0.6430754661560059
836,0.6948721408843994
837,0.6941800117492676
838,0.6021864414215088
839,0.5737049579620361
840,0.6089843511581421
841,0.7128556966781616
842,0.72151118516922
843,0.699128270149231
844,0.5923300981521606
845,0.5867934226989746
846,0.6065154671669006
847,0.7125811576843262
848,0.6151799559593201
849,0.704692006111145
850,0.647466778755188
851,0.5332192182540894
852,0.5217465758323669
853,0.5215721130371094
854,0.5962669849395752
855,0.6300503611564636
856,0.5938022136688232
857,0.5486304759979248
858,0.586826741695404
859,0.6471882462501526
860,0.6256569623947144
861,0.6218560338020325
862,0.5461810231208801
863,0.5260563492774963
864,0.5831913948059082
865,0.6625769734382629
866,0.6678892374038696
867,0.6277801394462585
868,0.594157338142395
869,0.593704104423523
870,0.6329144239425659
871,0.6407551765441895
872,0.6188810467720032
873,0.5346787571907043
874,0.516158938407898
875,0.5732475519180298
876,0.6179152131080627
877,0.6279335021972656
878,0.6193134188652039
879,0.6020781397819519
880,0.6239082217216492
881,0.6285058259963989
882,0.5902812480926514
883,0.582362949848175
884,0.6119180917739868
885,0.6359615921974182
886,0.5910705924034119
887,0.559026300907135
888,0.5602521300315857
889,0.629668653011322
890,0.6278198957443237
891,0.5491692423820496
892,0.5424648523330688
893,0.5616847276687622
894,0.5990750193595886
895,0.6497806310653687
896,0.6280413866043091
897,0.6591695547103882
898,0.698822021484375
899,0.7117266058921814
900,0.6888901591300964
901,0.6470407247543335
902,0.6300535798072815
903,0.6571552753448486
904,0.6665068864822388
905,0.6146369576454163
906,0.566365122795105
907,0.5707603096961975
908,0.6234427690505981
909,0.6439740061759949
910,0.6017841100692749
911,0.5842540264129639
912,0.6058255434036255
913,0.6313561201095581
914,0.5774684548377991
915,0.5775248408317566
916,0.6058775186538696
917,0.6798871755599976
918,0.6488885283470154
919,0.5971490144729614
920,0.5710344910621643
921,0.6468992233276367
922,0.6889383792877197
923,0.6652503609657288
924,0.6044949293136597
925,0.6058571338653564
926,0.602101743221283
927,0.7107275724411011
928,0.6997970938682556
929,0.699586808681488
930,0.6609308123588562
931,0.5649724006652832
932,0.5293124914169312
933,0.5739272236824036
934,0.6034878492355347
935,0.6720548272132874
936,0.6707282066345215
937,0.6305447816848755
938,0.5263878703117371
939,0.5713119506835938
940,0.5788835883140564
941,0.6400022506713867
942,0.6877641677856445
943,0.6717947125434875
944,0.6252207159996033
945,0.5929917693138123
946,0.6037338376045227
947,0.6814688444137573
948,0.6848920583724976
949,0.6582485437393188
950,0.5895308256149292
951,0.663587212562561
952,0.7119032144546509
953,0.702690064907074
954,0.687596321105957
955,0.6349467039108276
956,0.6504062414169312
957,0.6940857768058777
958,0.705546498298645
959,0.691875159740448
960,0.6618085503578186
961,0.6421958804130554
962,0.7043827176094055
963,0.6616551280021667
964,0.6309897303581238
965,0.6223337650299072
966,0.6620223522186279
967,0.6370433568954468
968,0.6060287356376648
969,0.5748342871665955
970,0.6384409070014954
971,0.6820899844169617
972,0.671990692615509
973,0.6407515406608582
974,0.6608429551124573
975,0.6756885647773743
976,0.6655226349830627
977,0.6422210931777954
978,0.6502739191055298
979,0.6671858429908752
980,0.6649547219276428
981,0.6449835300445557
982,0.699662446975708
983,0.6614894866943359
984,0.6126452684402466
985,0.596386730670929
986,0.6513503193855286
987,0.646899402141571
988,0.5645986199378967
989,0.6086264252662659
990,0.6390767097473145
991,0.658880889415741
992,0.5977244973182678
993,0.6372817158699036
994,0.6837458610534668
995,0.6683206558227539
996,0.6340668797492981
997,0.6545699238777161
998,0.6493311524391174
999,0.6597111225128174
1000,0.6196496486663818
1001,0.6185981035232544
1002,0.6412046551704407
1003,0.6413604617118835
1004,0.6484453082084656
1005,0.6792181134223938
1006,0.6433942317962646
1007,0.6553783416748047
1008,0.6565375924110413
1009,0.638831615447998
1010,0.6912150382995605
1011,0.6914492249488831
1012,0.6375224590301514
1013,0.6732161641120911
1014,0.6865026354789734
1015,0.6861987113952637
1016,0.6407216787338257
1017,0.6328610777854919
1018,0.6847198009490967
1019,0.7139841914176941
1020,0.6371744871139526
1021,0.6148932576179504
1022,0.6683034896850586
1023,0.6562954783439636
1024,0.6616243720054626
1025,0.6661167740821838
1026,0.6519169211387634
1027,0.6280455589294434
1028,0.6379956603050232
1029,0.666589081287384
1030,0.6807020306587219
1031,0.6909562945365906
1032,0.6399186849594116
1033,0.6528345346450806
1034,0.7001851201057434
1035,0.7110260725021362
1036,0.661396324634552
1037,0.6500064730644226
1038,0.6516106724739075
1039,0.7189381718635559
1040,0.7094892263412476
1041,0.6768540740013123
1042,0.66569584608078
1043,0.663568913936615
1044,0.6508114337921143
1045,0.6757416725158691
1046,0.6619369983673096
1047,0.6465921401977539
1048,0.6191455125808716
1049,0.6226141452789307
1050,0.6342279314994812
1051,0.6350061297416687
1052,0.616143524646759
1053,0.6520285606384277
1054,0.6400322318077087
1055,0.6226997375488281
1056,0.6017589569091797
1057,0.6234635710716248
1058,0.6544275283813477
1059,0.668012797832489
1060,0.6455063223838806
1061,0.6292020082473755
1062,0.6765730977058411
1063,0.709767758846283
1064,0.3024194538593292
1065,0.6778924465179443
1066,0.6634967923164368
1067,0.6637954115867615
1068,0.6449596285820007
1069,0.6929879188537598
1070,0.696595311164856
1071,0.5991475582122803
1072,0.6430833339691162
1073,0.6677329540252686
1074,0.6997932195663452
1075,0.6923772096633911
1076,0.6632887125015259
1077,0.6684377789497375
1078,0.6758947372436523
1079,0.660359263420105
1080,0.6671065092086792
1081,0.5734995007514954
1082,0.6554402709007263
1083,0.656980574131012
1084,0.6808757185935974
1085,0.673707902431488
1086,0.6611526608467102
1087,0.6285431981086731
1088,0.6143839359283447
1089,0.6639375686645508
1090,0.6437485814094543
1091,0.6218674778938293
1092,0.616158664226532
1093,0.6283375024795532
1094,0.6254494786262512
1095,0.5932065844535828
1096,0.5993044376373291
1097,0.6419088244438171
1098,0.6614990234375
1099,0.6961318850517273
1100,0.6557210087776184
1101,0.688135027885437
1102,0.7243645787239075
1103,0.2633967399597168
1104,0.7280292510986328
1105,0.7050248384475708
1106,0.6622775197029114
1107,0.6366875171661377
1108,0.6900431513786316
1109,0.692685067653656
1110,0.6943300366401672
1111,0.7189710736274719
1112,0.6576542854309082
1113,0.6370261907577515
1114,0.6365001797676086
1115,0.640234112739563
1116,0.6535254120826721
1117,0.6957425475120544
1118,0.6860702633857727
1119,0.6880858540534973
1120,0.682052731513977
1121,0.7020423412322998
1122,0.6973005533218384
1123,0.706915020942688
1124,0.683401346206665
1125,0.6541392207145691
1126,0.6150491237640381
1127,0.6431988477706909
1128,0.6321514248847961
1129,0.5587056279182434
1130,0.5355557203292847
1131,0.5858491659164429
1132,0.6428139209747314
1133,0.6623802781105042
1134,0.656226396560669
1135,0.6524244546890259
1136,0.6854658126831055
1137,0.7141620516777039
1138,0.7224480509757996
1139,0.7169225215911865
1140,0.6759139895439148
1141,0.6282612085342407
1142,0.6373862028121948
1143,0.6697973608970642
1144,0.6972954273223877
1145,0.6740472912788391
1146,0.6435747146606445
1147,0.655045747756958
1148,0.6669453382492065
1149,0.6839883923530579
1150,0.6709383130073547
1151,0.620509147644043
1152,0.6128759384155273
1153,0.6190153956413269
1154,0.643041729927063
1155,0.6476104259490967
1156,0.6089022755622864
1157,0.6299665570259094
1158,0.6337175965309143
1159,0.6745038032531738
1160,0.6678078174591064
1161,0.6848759055137634
1162,0.7025228142738342
1163,0.6674635410308838
1164,0.7086235284805298
1165,0.7144759893417358
1166,0.6923389434814453
1167,0.6996607184410095
1168,0.6936951875686646
1169,0.6910133361816406
1170,0.6640918254852295
1171,0.6410428881645203
1172,0.6419901251792908
1173,0.6450626254081726
1174,0.6277081966400146
1175,0.6186073422431946
1176,0.590187668800354
1177,0.5601944327354431
1178,0.5738818049430847
1179,0.5895527005195618
1180,0.6309792399406433
1181,0.6317824125289917
1182,0.6416515707969666
1183,0.642494797706604
1184,0.6246277689933777
1185,0.6467207670211792
1186,0.6608858704566956
1187,0.676257312297821
1188,0.6815930604934692
1189,0.6516937017440796
1190,0.6818934679031372
1191,0.662276566028595
1192,0.6905117034912109
1193,0.6795621514320374
1194,0.6868866682052612
1195,0.6830243468284607
1196,0.6720223426818848
1197,0.6524178385734558
1198,0.6456927061080933
1199,0.6501069068908691
1200,0.6578996181488037
1201,0.5896695852279663
1202,0.6398654580116272
1203,0.650313138961792
1204,0.6329510807991028
1205,0.6248988509178162
1206,0.6406911611557007
1207,0.6569704413414001
1208,0.648858368396759
1209,0.6563472747802734
1210,0.6695675849914551
1211,0.663777232170105
1212,0.6652219295501709
1213,0.6721658110618591
1214,0.7068842649459839
1215,0.7100019454956055
1216,0.6912993788719177
1217,0.6883138418197632
1218,0.6339353919029236
1219,0.6171106696128845
1220,0.6825448274612427
1221,0.6966426968574524
1222,0.6721433997154236
1223,0.6355178356170654
1224,0.6301193833351135
1225,0.601434588432312
1226,0.6461458206176758
1227,0.6927961707115173
1228,0.6854228377342224
1229,0.6888278722763062
1230,0.6575819253921509
1231,0.661841630935669
1232,0.7059710025787354
1233,0.6934019327163696
1234,0.6429469585418701
1235,0.6542353630065918
1236,0.6674001216888428
1237,0.6637944579124451
1238,0.6308084726333618
1239,0.6528811454772949
1240,0.6904615759849548
1241,0.6833427548408508
1242,0.650755763053894
1243,0.6586804389953613
1244,0.6976609826087952
1245,0.692710280418396
1246,0.6759027242660522
1247,0.6686171293258667
1248,0.6841503381729126
1249,0.6836156249046326
1250,0.6596207618713379
1251,0.6593362092971802
1252,0.6509619951248169
1253,0.6676328182220459
1254,0.645713746547699
1255,0.6595156192779541
1256,0.7074268460273743
1257,0.6768395304679871
1258,0.6753270030021667
1259,0.6858251094818115
1260,0.7120151519775391
1261,0.7053545713424683
1262,0.697145402431488
1263,0.7041622996330261
1264,0.690782368183136
1265,0.6868473291397095
1266,0.7018762826919556
1267,0.6870295405387878
1268,0.6716367602348328
1269,0.6541276574134827
1270,0.6791961193084717
1271,0.6684951782226562
1272,0.6500885486602783
1273,0.6301904916763306
1274,0.6530725359916687
1275,0.6435695290565491
1276,0.6453523635864258
1277,0.6680635809898376
1278,0.6713688373565674
1279,0.6623644232749939
1280,0.6925994753837585
1281,0.675278902053833
1282,0.66681307554245
1283,0.6756137609481812
1284,0.691482424736023
1285,0.6840554475784302
1286,0.6650774478912354
1287,0.6610549092292786
1288,0.6770453453063965
1289,0.6487100720405579
1290,0.6345058679580688
1291,0.647182047367096
1292,0.6583971381187439
1293,0.6552649140357971
1294,0.6942698955535889
1295,0.681815505027771
1296,0.6604939699172974
1297,0.6462141871452332
1298,0.656417965888977
1299,0.6973072290420532
1300,0.6467956900596619
1301,0.7378052473068237
1302,0.7202425599098206
1303,0.6878979802131653
1304,0.6717845797538757
1305,0.6716698408126831
1306,0.6912634372711182
1307,0.6902679204940796
1308,0.690051794052124
1309,0.6642329692840576
1310,0.58246248960495
1311,0.5510881543159485
1312,0.5761791467666626
1313,0.5923582911491394
1314,0.6186444163322449
1315,0.6562196016311646
1316,0.6698154807090759
1317,0.6741323471069336
1318,0.6906329989433289
1319,0.6887580156326294
1320,0.6800075173377991
1321,0.6873042583465576
1322,0.6706438660621643
1323,0.6895549297332764
1324,0.6137428283691406
1325,0.6934397220611572
1326,0.6792097687721252
1327,0.6458348035812378
1328,0.6616336703300476
1329,0.6813027262687683
1330,0.6869167685508728
1331,0.6892879605293274
1332,0.6675874590873718
1333,0.6553122401237488
1334,0.6735135316848755
1335,0.686533510684967
1336,0.6988323330879211
1337,0.677996039390564
1338,0.6706833839416504
1339,0.7007853388786316
1340,0.7165445685386658
1341,0.725694477558136
1342,0.5443090796470642
1343,0.6715998649597168
1344,0.6806270480155945
1345,0.6922878623008728
1346,0.7106839418411255
1347,0.6912429332733154
1348,0.7028096914291382
1349,0.6554774641990662
1350,0.6354717016220093
1351,0.6588216423988342
1352,0.6893795728683472
1353,0.7050014138221741
1354,0.6982348561286926
1355,0.6870304346084595
1356,0.6696327924728394
1357,0.687771201133728
1358,0.6879708170890808
1359,0.6804838180541992
1360,0.6849505305290222
1361,0.6936165690422058
1362,0.6703970432281494
1363,0.6717873215675354
1364,0.6745395660400391
1365,0.6889669895172119
1366,0.6773087978363037
1367,0.6544056534767151
1368,0.6307643055915833
1369,0.6450952291488647
1370,0.6920889019966125
1371,0.66851806640625
1372,0.6506685614585876
1373,0.6741845011711121
1374,0.6761323809623718
1375,0.6859748363494873
1376,0.6769723296165466
1377,0.7012608647346497
1378,0.6726779341697693
1379,0.6980410218238831
1380,0.6883871555328369
1381,0.720264196395874
1382,0.7127270102500916
1383,0.6974484324455261
1384,0.7117545008659363
1385,0.6917211413383484
1386,0.6795217394828796
1387,0.6842260360717773
1388,0.6775988936424255
1389,0.6559543013572693
1390,0.6575611233711243
1391,0.6839957237243652
1392,0.6689080595970154
1393,0.6370151042938232
1394,0.6447958946228027
1395,0.6578561663627625
1396,0.7027251720428467
1397,0.7086315751075745
1398,0.6973617672920227
1399,0.6676886081695557
1400,0.6599745154380798
1401,0.6717455387115479
1402,0.7106846570968628
1403,0.7160467505455017
1404,0.7023600339889526
1405,0.6677601933479309
1406,0.657370924949646
1407,0.6708089113235474
1408,0.7068039774894714
1409,0.6363145709037781
1410,0.26532182097435
1411,0.2577907145023346
1412,0.5536600947380066
1413,0.7089810371398926
1414,0.6996162533760071
1415,0.7145538926124573
1416,0.521424412727356
1417,0.728416383266449
1418,0.2534104287624359
1419,0.7108016610145569
1420,0.6795306205749512
1421,0.659626305103302
1422,0.6610272526741028
1423,0.655170738697052
1424,0.6654269099235535
1425,0.7000685334205627
1426,0.6913451552391052
1427,0.687585711479187
1428,0.7104908227920532
1429,0.7235783934593201
1430,0.723172128200531
1431,0.6863025426864624
1432,0.6869731545448303
1433,0.7182446122169495
1434,0.7134084701538086
1435,0.7078782916069031
1436,0.6718389987945557
1437,0.6472358107566833
1438,0.6146921515464783
1439,0.6298023462295532
1440,0.6662247180938721
1441,0.6750836968421936
1442,0.6905291080474854
1443,0.6761299967765808
1444,0.6624795198440552
1445,0.6677199602127075
1446,0.6858150959014893
1447,0.7035025358200073
1448,0.7103682160377502
1449,0.7142067551612854
1450,0.7006143927574158
1451,0.7017278075218201
1452,0.6838915944099426
1453,0.6941472887992859
1454,0.6982791423797607
1455,0.666158139705658
1456,0.6047805547714233
1457,0.5612695217132568
1458,0.5620697736740112
1459,0.5613205432891846
1460,0.6173891425132751
1461,0.6432465314865112
1462,0.6496098041534424
1463,0.6666025519371033
1464,0.6589844226837158
1465,0.6991317272186279
1466,0.7078712582588196
1467,0.7038311958312988
1468,0.7049973607063293
1469,0.6896145343780518
1470,0.690826416015625
1471,0.665874719619751
1472,0.7115662097930908
1473,0.7179391980171204
1474,0.6936872601509094
1475,0.6968175172805786
1476,0.7046165466308594
1477,0.6833431720733643
1478,0.6707684397697449
1479,0.6355109214782715
1480,0.6052054762840271
1481,0.6276566386222839
1482,0.6744810342788696
1483,0.6920502185821533
1484,0.6941536068916321
1485,0.6640709638595581
1486,0.6641987562179565
1487,0.685063898563385
1488,0.7247470617294312
1489,0.721734881401062
1490,0.7131280303001404
1491,0.6801232695579529
1492,0.6743598580360413
1493,0.68519127368927
1494,0.6776402592658997
1495,0.6361438632011414
1496,0.6693831086158752
1497,0.6615363955497742
1498,0.6980639696121216
1499,0.6708233952522278
1500,0.6558202505111694
1501,0.6418468952178955
1502,0.6515794992446899
1503,0.6927112936973572
1504,0.6895890235900879
1505,0.6970174312591553
1506,0.6885882616043091
1507,0.7030516266822815
1508,0.6989023089408875
1509,0.7066774964332581
1510,0.7083734273910522
1511,0.7146844863891602
1512,0.7003074288368225
1513,0.7134243249893188
1514,0.5121328830718994
1515,0.2797127068042755
1516,0.7304640412330627
1517,0.7009778618812561
1518,0.7086043953895569
1519,0.6493038535118103
1520,0.6255974173545837
1521,0.6308013796806335
1522,0.6231045126914978
1523,0.6768419146537781
1524,0.6827699542045593
1525,0.6958591341972351
1526,0.6733501553535461
1527,0.662661075592041
1528,0.649543821811676
1529,0.640437662601471
1530,0.687095046043396
1531,0.7095404863357544
1532,0.7033316493034363
1533,0.6883264780044556
1534,0.6601020693778992
1535,0.665961503982544
1536,0.6625692844390869
1537,0.6595564484596252
1538,0.6757722496986389
1539,0.6792594194412231
1540,0.6827850937843323
1541,0.6685548424720764
1542,0.611301064491272
1543,0.6642772555351257
1544,0.6590617895126343
1545,0.6608774065971375
1546,0.689291775226593
1547,0.6802809238433838
1548,0.6779608726501465
1549,0.690994143486023
1550,0.6839498281478882
1551,0.6797739863395691
1552,0.6977845430374146
1553,0.681171715259552
1554,0.6996322274208069
1555,0.673729658126831
1556,0.6753318309783936
1557,0.7053601741790771
1558,0.711665689945221
1559,0.7037860155105591
1560,0.7021923065185547
1561,0.6970654726028442
1562,0.6967920064926147
1563,0.7145780920982361
1564,0.7077699899673462
1565,0.6954527497291565
1566,0.6803407669067383
1567,0.68729567527771
1568,0.6889622211456299
1569,0.6663755774497986
1570,0.6672012805938721
1571,0.6551034450531006
1572,0.664918839931488
1573,0.6677412986755371
1574,0.6581670641899109
1575,0.6778203845024109
1576,0.6819338202476501
1577,0.6875370740890503
1578,0.6823663711547852
1579,0.693679928779602
1580,0.6812803745269775
1581,0.6861234307289124
1582,0.6915251612663269
1583,0.690851092338562
1584,0.6666364669799805
1585,0.6877819299697876
1586,0.684830367565155
1587,0.689476490020752
1588,0.6751661896705627
1589,0.6823921799659729
1590,0.6804819107055664
1591,0.6874077916145325
1592,0.6817549467086792
1593,0.68953537940979
1594,0.679752767086029
1595,0.6895810961723328
1596,0.6805871725082397
1597,0.6738231182098389
1598,0.6847055554389954
1599,0.6913563013076782
1600,0.6944431066513062
1601,0.6817624568939209
1602,0.6701844930648804
1603,0.6856507658958435
1604,0.6725097894668579
1605,0.7074761390686035
1606,0.6747424006462097
1607,0.6968592405319214
1608,0.7138912677764893
1609,0.6930732727050781
1610,0.6961120367050171
1611,0.6969758868217468
1612,0.6792981028556824
1613,0.697598397731781
1614,0.6714200377464294
1615,0.6863077878952026
1616,0.6964873671531677
1617,0.7063538432121277
1618,0.7028999924659729
1619,0.6992685794830322
1620,0.6918964982032776
1621,0.6907253861427307
1622,0.6809958219528198
1623,0.7106931805610657
1624,0.6816380620002747
1625,0.6936559677124023
1626,0.6850102543830872
1627,0.7059703469276428
1628,0.6774947643280029
1629,0.690087616443634
1630,0.6898761987686157
1631,0.7018641829490662
1632,0.7015699148178101
1633,0.6997661590576172
1634,0.7093768119812012
1635,0.7141268253326416
1636,0.6889662742614746
1637,0.6572536826133728
1638,0.6698740124702454
1639,0.6781291961669922
1640,0.6847397089004517
1641,0.6962619423866272
1642,0.7019616365432739
1643,0.6959896087646484
1644,0.667258620262146
1645,0.6624495387077332
1646,0.6774447560310364
1647,0.7018488645553589
1648,0.6954339742660522
1649,0.7035912275314331
1650,0.6989539265632629
1651,0.6868389844894409
1652,0.6984550356864929
1653,0.6431532502174377
1654,0.7137346863746643
1655,0.7132869958877563
1656,0.7040013074874878
1657,0.7037822604179382
1658,0.6985651850700378
1659,0.698748767375946
1660,0.6903076171875
1661,0.6741923093795776
1662,0.6663414835929871
1663,0.6818254590034485
1664,0.6909616589546204
1665,0.689382791519165
1666,0.6950809359550476
1667,0.6580496430397034
1668,0.6591334939002991
1669,0.6684887409210205
1670,0.6825600862503052
1671,0.6861884593963623
1672,0.6756788492202759
1673,0.6611840724945068
1674,0.6784178018569946
1675,0.6838415265083313
1676,0.6960790157318115
1677,0.7095931172370911
1678,0.7148366570472717
1679,0.7216196656227112
1680,0.7197756767272949
1681,0.7322322130203247
1682,0.7178083658218384
1683,0.7101855278015137
1684,0.716268002986908
1685,0.33447062969207764
1686,0.7215713858604431
1687,0.6984567642211914
1688,0.6984249949455261
1689,0.6964711546897888
1690,0.6834915280342102
1691,0.6747468113899231
1692,0.6702404022216797
1693,0.6892485022544861
1694,0.692421019077301
1695,0.6892637610435486
1696,0.6755948662757874
1697,0.6451101899147034
1698,0.627925455570221
1699,0.6260898113250732
1700,0.6419315338134766
1701,0.6668409705162048
1702,0.687065601348877
1703,0.6777706146240234
1704,0.671242892742157
1705,0.6617207527160645
1706,0.6770398616790771
1707,0.6784264445304871
1708,0.6958545446395874
1709,0.6998143792152405
1710,0.7070584893226624
1711,0.7069090008735657
1712,0.7065339684486389
1713,0.7068939208984375
1714,0.6789730191230774
1715,0.678650975227356
1716,0.6725671887397766
1717,0.6801874041557312
1718,0.6799513101577759
1719,0.6685464382171631
1720,0.6591922044754028
1721,0.6586738228797913
1722,0.6520610451698303
1723,0.6791978478431702
1724,0.6763762831687927
1725,0.6767857074737549
1726,0.6288859844207764
1727,0.6775535941123962
1728,0.691530168056488
1729,0.6835520267486572
1730,0.6911739706993103
1731,0.7132917642593384
1732,0.7012627720832825
1733,0.6976038813591003
1734,0.6668010950088501
1735,0.6993932723999023
1736,0.6747084259986877
1737,0.675441324710846
1738,0.6811131834983826
1739,0.6661273241043091
1740,0.6785396933555603
1741,0.6740051507949829
1742,0.6624197959899902
1743,0.6856754422187805
1744,0.6715027689933777
1745,0.6667366623878479
1746,0.6660114526748657
1747,0.6677402853965759
1748,0.6984390020370483
1749,0.6886895895004272
1750,0.6928215622901917
1751,0.6834027171134949
1752,0.6857682466506958
1753,0.6937097311019897
1754,0.6793022155761719
1755,0.687506377696991
1756,0.6903629899024963
1757,0.7125033736228943
1758,0.7105057239532471
1759,0.7039238810539246
1760,0.7108810544013977
1761,0.691779613494873
1762,0.7107365727424622
1763,0.7018883228302002
1764,0.6875654458999634
1765,0.6944160461425781
1766,0.6887811422348022
1767,0.6876102089881897
1768,0.6712956428527832
1769,0.6623690724372864
1770,0.6845545172691345
1771,0.6833321452140808
1772,0.6809407472610474
1773,0.6981523036956787
1774,0.7121769189834595
1775,0.6638402342796326
1776,0.6923189759254456
1777,0.2502904236316681
1778,0.7101654410362244
1779,0.7090679407119751
1780,0.709545373916626
1781,0.5419885516166687
1782,0.6980246901512146
1783,0.5585302710533142
1784,0.697420597076416
1785,0.7060211896896362
1786,0.671481728553772
1787,0.6974028944969177
1788,0.6952492594718933
1789,0.6947044134140015
1790,0.6796131134033203
1791,0.6848961710929871
1792,0.6753814816474915
1793,0.6971028447151184
1794,0.7027155756950378
1795,0.6989991068840027
1796,0.6876891851425171
1797,0.6703182458877563
1798,0.6913242340087891
1799,0.6641402840614319
1800,0.6896165013313293
1801,0.6657766699790955
1802,0.6803910732269287
1803,0.6814224123954773
1804,0.6964476108551025
1805,0.6901869773864746
1806,0.67875075340271
1807,0.6716030836105347
1808,0.6871795058250427
1809,0.7034212946891785
1810,0.7010443806648254
1811,0.6980535387992859
1812,0.6884030699729919
1813,0.6792821884155273
1814,0.6758168339729309
1815,0.682488203048706
1816,0.6924088001251221
1817,0.6877784729003906
1818,0.6971759796142578
1819,0.6965664029121399
1820,0.6928032040596008
1821,0.6799222826957703
1822,0.6925780177116394
1823,0.6830745935440063
1824,0.6911430358886719
1825,0.6798558831214905
1826,0.6687654256820679
1827,0.665270209312439
1828,0.6776212453842163
1829,0.6762935519218445
1830,0.6753921508789062
1831,0.6851397156715393
1832,0.6944186687469482
1833,0.670215904712677
1834,0.6765400767326355
1835,0.6738520860671997
1836,0.6774988174438477
1837,0.6765619516372681
1838,0.6969478130340576
1839,0.7138475775718689
1840,0.71334308385849
1841,0.7134434580802917
1842,0.7033216953277588
1843,0.7018542289733887
1844,0.7075398564338684
1845,0.7069261074066162
1846,0.699182391166687
1847,0.7027511596679688
1848,0.7024998664855957
1849,0.6829336285591125
1850,0.6886388063430786
1851,0.6831406950950623
1852,0.6835010647773743
1853,0.678676962852478
1854,0.6699303388595581
1855,0.6664184331893921
1856,0.6648163199424744
1857,0.669625997543335
1858,0.6780686974525452
1859,0.6749078035354614
1860,0.6772282719612122
1861,0.6909803748130798
1862,0.6841750144958496
1863,0.6768648624420166
1864,0.705406665802002
1865,0.6884079575538635
1866,0.7058356404304504
1867,0.6910660862922668
1868,0.7112773060798645
1869,0.7041367888450623
1870,0.6894851326942444
1871,0.7048653364181519
1872,0.6914578080177307
1873,0.6677764654159546
1874,0.654238224029541
1875,0.6550529599189758
1876,0.6617953777313232
1877,0.6587070226669312
1878,0.6510916948318481
1879,0.6453350186347961
1880,0.6605252623558044
1881,0.6798140406608582
1882,0.6902387142181396
1883,0.6911991834640503
1884,0.6891942620277405
1885,0.7006519436836243
1886,0.7204216718673706
1887,0.7123709321022034
1888,0.7045028209686279
1889,0.702628493309021
1890,0.7039239406585693
1891,0.704134464263916
1892,0.704772412776947
1893,0.7028384804725647
1894,0.6972160339355469
1895,0.6901459693908691
1896,0.6613519787788391
1897,0.6481488943099976
1898,0.6680874228477478
1899,0.6797713041305542
1900,0.6746072173118591
1901,0.6510788202285767
1902,0.6632477641105652
1903,0.6749168038368225
1904,0.6697661876678467
1905,0.668772280216217
1906,0.6792134046554565
1907,0.6760703325271606
1908,0.6771190166473389
1909,0.7021889686584473
1910,0.6958010196685791
1911,0.6979040503501892
1912,0.6979933381080627
1913,0.709497332572937
1914,0.7056452035903931
1915,0.6676102876663208
1916,0.5795932412147522
1917,0.6974045634269714
1918,0.6849018335342407
1919,0.6883674263954163
1920,0.6875498294830322
1921,0.7013283967971802
1922,0.6991806030273438
1923,0.6936500668525696
1924,0.6790565252304077
1925,0.6886380314826965
1926,0.6923338174819946
1927,0.6780588626861572
1928,0.6858453750610352
1929,0.6814785003662109
1930,0.671748697757721
1931,0.6830663681030273
1932,0.6942213773727417
1933,0.707425057888031
1934,0.6970338821411133
1935,0.689833402633667
1936,0.7003097534179688
1937,0.6918074488639832
1938,0.7061623334884644
1939,0.708056628704071
1940,0.6968057155609131
1941,0.6759142279624939
1942,0.6601701974868774
1943,0.6659314036369324
1944,0.6735378503799438
1945,0.6550818085670471
1946,0.665774405002594
1947,0.6596744656562805
1948,0.6838855743408203
1949,0.6769055128097534
1950,0.6735652089118958
1951,0.67693030834198
1952,0.6975269317626953
1953,0.6923367381095886
1954,0.5898480415344238
1955,0.6394568681716919
1956,0.7047559022903442
1957,0.7143040299415588
1958,0.7146919369697571
1959,0.6753148436546326
1960,0.6061195731163025
1961,0.696254551410675
1962,0.6877976059913635
1963,0.6869678497314453
1964,0.6986777782440186
1965,0.7113351225852966
1966,0.7103906273841858
1967,0.7113476395606995
1968,0.7055928707122803
1969,0.6925798654556274
1970,0.6996361613273621
1971,0.7094560861587524
1972,0.6996083855628967
1973,0.7211964130401611
1974,0.7105163335800171
1975,0.6366696953773499
1976,0.7049276232719421
1977,0.7086673378944397
1978,0.70777428150177
1979,0.7088524699211121
1980,0.6981661319732666
1981,0.7015926837921143
1982,0.6925565600395203
1983,0.6841990351676941
1984,0.6976808309555054
1985,0.562848687171936
1986,0.6960920691490173
1987,0.5600772500038147
1988,0.6857295632362366
1989,0.703386664390564
1990,0.7009634375572205
1991,0.7141879200935364
1992,0.684804379940033
1993,0.6980060935020447
1994,0.6744011640548706
1995,0.7051115036010742
1996,0.5593117475509644
1997,0.6184400916099548
1998,0.7082992196083069
1999,0.6801528334617615
2000,0.6811419129371643
2001,0.6815783977508545
2002,0.6882091760635376
2003,0.6936190724372864
2004,0.6876330375671387
2005,0.6897509694099426
2006,0.6923213601112366
2007,0.6984314918518066
2008,0.6863430142402649
2009,0.6723300218582153
2010,0.6824362874031067
2011,0.6974042057991028
2012,0.7055630683898926
2013,0.6981412768363953
2014,0.6952181458473206
2015,0.6846848726272583
2016,0.6799985766410828
2017,0.6770632266998291
2018,0.671380877494812
2019,0.698522686958313
2020,0.7006786465644836
2021,0.6836097836494446
2022,0.6816630363464355
2023,0.6712395548820496
2024,0.6550764441490173
2025,0.6532989740371704
2026,0.665317952632904
2027,0.67918860912323
2028,0.6773870587348938
2029,0.7033242583274841
2030,0.6957865953445435
2031,0.6936713457107544
2032,0.7036780714988708
2033,0.6843211054801941
2034,0.6942268013954163
2035,0.6896573901176453
2036,0.6903061270713806
2037,0.7048053741455078
2038,0.6863142251968384
2039,0.6932283043861389
2040,0.6790382266044617
2041,0.6668078303337097
2042,0.6810564398765564
2043,0.6805651187896729
2044,0.6876192688941956
2045,0.6879949569702148
2046,0.686598539352417
2047,0.6925334930419922
2048,0.699120044708252
2049,0.6941004991531372
2050,0.6942731142044067
2051,0.7064733505249023
2052,0.7189733386039734
2053,0.7253322005271912
2054,0.7140133380889893
2055,0.7100166082382202
2056,0.7029010057449341
2057,0.7016375660896301
2058,0.6937033534049988
2059,0.7162780165672302
2060,0.622907280921936
2061,0.7127462029457092
2062,0.522066593170166
2063,0.6987537145614624
2064,0.7035616040229797
2065,0.6922084093093872
2066,0.707862913608551
2067,0.6839436292648315
2068,0.6980580687522888
2069,0.7006556987762451
2070,0.6981691718101501
2071,0.6882059574127197
2072,0.6858157515525818
2073,0.6933289766311646
2074,0.6792869567871094
2075,0.6806584596633911
2076,0.6880408525466919
2077,0.6963111758232117
2078,0.45925626158714294
2079,0.6989166736602783
2080,0.7052350044250488
2081,0.6969732046127319
2082,0.6800646185874939
2083,0.7030553221702576
2084,0.6765134930610657
2085,0.6633449196815491
2086,0.6807464957237244
2087,0.6684609055519104
2088,0.66641765832901
2089,0.6770557761192322
2090,0.668116569519043
2091,0.6909199357032776
2092,0.7058297991752625
2093,0.713250994682312
2094,0.7226201891899109
2095,0.6969287991523743
2096,0.7016659379005432
2097,0.6838557124137878
2098,0.7005724310874939
2099,0.6922134160995483
2100,0.7019018530845642
2101,0.7000996470451355
2102,0.7026165127754211
2103,0.6883009076118469
2104,0.7011398077011108
2105,0.685674786567688
2106,0.6848368048667908
2107,0.6900055408477783
2108,0.6831289529800415
2109,0.6886394023895264
2110,0.692575991153717
2111,0.6792846918106079
2112,0.679332971572876
2113,0.658268392086029
2114,0.7012598514556885
2115,0.6863369345664978
2116,0.6898597478866577
2117,0.6960586309432983
2118,0.6834619045257568
2119,0.7006087899208069
2120,0.6789962649345398
2121,0.6977656483650208
2122,0.6935713887214661
2123,0.7165728211402893
2124,0.7151626944541931
2125,0.7081654667854309
2126,0.7045394778251648
2127,0.7157747149467468
2128,0.7212845683097839
2129,0.7201876044273376
2130,0.7232703566551208
2131,0.732193112373352
2132,0.7323240637779236
2133,0.7196192145347595
2134,0.7085579633712769
2135,0.722697913646698
2136,0.7071570754051208
2137,0.6826357245445251
2138,0.6783689260482788
2139,0.696387529373169
2140,0.6960118412971497
2141,0.6793178915977478
2142,0.6697854399681091
2143,0.6619380712509155
2144,0.6752771735191345
2145,0.6894789338111877
2146,0.6824904680252075
2147,0.6942066550254822
2148,0.703379213809967
2149,0.7043477296829224
2150,0.7115157842636108
2151,0.706831157207489
2152,0.7055959701538086
2153,0.6911791563034058
2154,0.7113502025604248
2155,0.7106931805610657
2156,0.7173627018928528
2157,0.7247997522354126
2158,0.7206880450248718
2159,0.7259114384651184
2160,0.7292743921279907
2161,0.7167383432388306
2162,0.6791868805885315
2163,0.7121460437774658
2164,0.6937083005905151
2165,0.6748153567314148
2166,0.6508923768997192
2167,0.6427520513534546
2168,0.6262470483779907
2169,0.6381443738937378
2170,0.648353636264801
2171,0.6316600441932678
2172,0.6322824358940125
2173,0.6376627683639526
2174,0.6621811389923096
2175,0.6718177795410156
2176,0.6970510482788086
2177,0.6673305034637451
2178,0.6723912358283997
2179,0.6880887150764465
2180,0.6789305210113525
2181,0.6930989027023315
2182,0.6248685121536255
2183,0.7164506912231445
2184,0.7198286056518555
2185,0.703473687171936
2186,0.7002611756324768
2187,0.6953514218330383
2188,0.7231944799423218
2189,0.7282260060310364
2190,0.7144450545310974
2191,0.7085872888565063
2192,0.6977765560150146
2193,0.7131854891777039
2194,0.7207697629928589
2195,0.23935773968696594
2196,0.2415764182806015
2197,0.7086009383201599
2198,0.706015408039093
2199,0.6825048923492432
2200,0.6903059482574463
2201,0.6998609304428101
2202,0.6972247958183289
2203,0.6919655203819275
2204,0.6781817078590393
2205,0.6781718730926514
2206,0.6835381984710693
2207,0.6983432769775391
2208,0.7085019946098328
2209,0.6947135329246521
2210,0.6912107467651367
2211,0.6942766308784485
2212,0.6817783713340759
2213,0.6800626516342163
2214,0.6849349141120911
2215,0.6887637376785278
2216,0.6803133487701416
2217,0.6910917162895203
2218,0.6902070045471191
2219,0.6832266449928284
2220,0.6888642311096191
2221,0.7039240002632141
2222,0.7082340121269226
2223,0.5994136333465576
2224,0.5086237192153931
2225,0.7104849219322205
2226,0.7035697102546692
2227,0.7090268731117249
2228,0.6498474478721619
2229,0.725888192653656
2230,0.7275038957595825
2231,0.7270340323448181
2232,0.7171875834465027
2233,0.7084336280822754
2234,0.7086115479469299
2235,0.7081013321876526
2236,0.7075547575950623
2237,0.7090660929679871
2238,0.7012197375297546
2239,0.6888413429260254
2240,0.6812397241592407
2241,0.689391016960144
2242,0.6870773434638977
2243,0.6851686835289001
2244,0.6651684641838074
2245,0.68578040599823
2246,0.6838133335113525
2247,0.6858126521110535
2248,0.6806382536888123
2249,0.693692147731781
2250,0.6990805268287659
2251,0.6856827139854431
2252,0.7065826058387756
2253,0.6983129382133484
2254,0.705582320690155
2255,0.719504177570343
2256,0.7229152917861938
2257,0.7221655249595642
2258,0.7157801389694214
2259,0.7070888876914978
2260,0.7004395127296448
2261,0.7000099420547485
2262,0.6995421648025513
2263,0.6921241879463196
2264,0.7006089687347412
2265,0.6956518888473511
2266,0.6952397227287292
2267,0.6913163661956787
2268,0.6720511317253113
2269,0.6775512099266052
2270,0.6766678094863892
2271,0.6745835542678833
2272,0.6983729004859924
2273,0.7085161805152893
2274,0.6838500499725342
2275,0.6778624057769775
2276,0.6668620705604553
2277,0.6944568157196045
2278,0.6910300850868225
2279,0.7023454308509827
2280,0.7225650548934937
2281,0.7229515910148621
2282,0.7153447270393372
2283,0.704115092754364
2284,0.688328206539154
2285,0.6790179014205933
2286,0.7189218997955322
2287,0.7259064316749573
2288,0.7202029824256897
2289,0.5630756616592407
2290,0.7155617475509644
2291,0.7068996429443359
2292,0.694058895111084
2293,0.6797616481781006
2294,0.6998386383056641
2295,0.7056896090507507
2296,0.7155376076698303
2297,0.7031673192977905
2298,0.6869553923606873
2299,0.7077986001968384
2300,0.7040904760360718
2301,0.6997973918914795
2302,0.7034744620323181
2303,0.7089734673500061
2304,0.7095198631286621
2305,0.6914991736412048
2306,0.6889421939849854
2307,0.692940890789032
2308,0.6906343102455139
2309,0.6977653503417969
2310,0.6884512305259705
2311,0.6830855011940002
2312,0.67778480052948
2313,0.6654092073440552
2314,0.6771817207336426
2315,0.6845647096633911
2316,0.6898183226585388
2317,0.6898788213729858
2318,0.6858565211296082
2319,0.6754128336906433
2320,0.6448022127151489
2321,0.6548320651054382
2322,0.6716752052307129
2323,0.6842716336250305
2324,0.6904552578926086
2325,0.6980264782905579
2326,0.7046769261360168
2327,0.6933489441871643
2328,0.6928676962852478
2329,0.6816041469573975
2330,0.6917390823364258
2331,0.6870298385620117
2332,0.7105973958969116
2333,0.7032713294029236
2334,0.6888419389724731
2335,0.6731908917427063
2336,0.680509626865387
2337,0.66171795129776
2338,0.6765478253364563
2339,0.6663946509361267
2340,0.6848203539848328
2341,0.6789190173149109
2342,0.6772207021713257
2343,0.6861250996589661
2344,0.6764858365058899
2345,0.6778382062911987
2346,0.6926161050796509
2347,0.6993209719657898
2348,0.7028853297233582
2349,0.7039434313774109
2350,0.7004420161247253
2351,0.708177924156189
2352,0.7266792058944702
2353,0.7394938468933105
2354,0.29678788781166077
2355,0.3499384820461273
2356,0.3351566195487976
2357,0.23126471042633057
2358,0.3400389850139618
2359,0.2882140278816223
2360,0.24771960079669952
2361,0.3018295466899872
2362,0.7309299111366272
2363,0.2549680769443512
2364,0.26514554023742676
2365,0.2707161009311676
2366,0.7380961775779724
2367,0.7007842063903809
2368,0.7262513637542725
2369,0.7163437008857727
2370,0.6968424916267395
2371,0.6847298741340637
2372,0.6843584775924683
2373,0.6867673993110657
2374,0.6828903555870056
2375,0.6947315335273743
2376,0.6661573648452759
2377,0.668340265750885
2378,0.6870977282524109
2379,0.7020497918128967
2380,0.6953818202018738
2381,0.6997764706611633
2382,0.6894551515579224
2383,0.7097142338752747
2384,0.7113679647445679
2385,0.7115751504898071
2386,0.6968998908996582
2387,0.6809449195861816
2388,0.6899251937866211
2389,0.7005347013473511
2390,0.7001293301582336
2391,0.7086464166641235
2392,0.6817208528518677
2393,0.6995002627372742
2394,0.6933355927467346
2395,0.6797351241111755
2396,0.6793460845947266
2397,0.6777064204216003
2398,0.6871256828308105
2399,0.6821727752685547
2400,0.689443051815033
2401,0.6994832754135132
2402,0.7165406942367554
2403,0.6938028335571289
2404,0.6858932375907898
2405,0.6960376501083374
2406,0.7027284502983093
2407,0.7025957107543945
2408,0.6856579780578613
2409,0.6862249970436096
2410,0.6835324168205261
2411,0.6841838359832764
2412,0.6905220150947571
2413,0.688109815120697
2414,0.7004013061523438
2415,0.6912935972213745
2416,0.6927676200866699
2417,0.6872733235359192
2418,0.6841093897819519
2419,0.6884738802909851
2420,0.7092928290367126
2421,0.7113921046257019
2422,0.7125799059867859
2423,0.7065825462341309
2424,0.7101742029190063
2425,0.7144067287445068
2426,0.7184587121009827
2427,0.7104961276054382
2428,0.715732991695404
2429,0.7149457931518555
2430,0.7148438096046448
2431,0.6989625096321106
2432,0.70660799741745
2433,0.7048330307006836
2434,0.7102501392364502
2435,0.6919347047805786
2436,0.6795370578765869
2437,0.6709756851196289
2438,0.6629411578178406
2439,0.6696909666061401
2440,0.6606596112251282
2441,0.6773457527160645
2442,0.6979648470878601
2443,0.6999303102493286
2444,0.6973950266838074
2445,0.6830945014953613
2446,0.6967049241065979
2447,0.6936423182487488
2448,0.7066777944564819
2449,0.6966729760169983
2450,0.7088547348976135
2451,0.7016421556472778
2452,0.7184842824935913
2453,0.6378870606422424
2454,0.7267276048660278
2455,0.441620409488678
2456,0.6363843083381653
2457,0.7208276391029358
2458,0.7150422930717468
2459,0.7087549567222595
2460,0.7004380822181702
2461,0.7002071738243103
2462,0.6916598081588745
2463,0.6832610964775085
2464,0.6735042333602905
2465,0.6774195432662964
2466,0.6563917398452759
2467,0.6755380034446716
2468,0.6786635518074036
2469,0.681836724281311
2470,0.6726888418197632
2471,0.662054181098938
2472,0.683355987071991
2473,0.6860079169273376
2474,0.6877445578575134
2475,0.6952208876609802
2476,0.7103111743927002
2477,0.6932596564292908
2478,0.6969307661056519
2479,0.7066786289215088
2480,0.7057046294212341
2481,0.6995328068733215
2482,0.7045949101448059
2483,0.6991568207740784
2484,0.6950078010559082
2485,0.700115442276001
2486,0.688560426235199
2487,0.6820432543754578
2488,0.696678102016449
2489,0.6931445002555847
2490,0.7023715376853943
2491,0.7081117630004883
2492,0.6889793276786804
2493,0.7103456258773804
2494,0.7111820578575134
2495,0.7097794413566589
2496,0.6999396085739136
2497,0.7034324407577515
2498,0.710083544254303
2499,0.7211378812789917
2500,0.7073348164558411
2501,0.7002964615821838
2502,0.6976613402366638
2503,0.7104938626289368
2504,0.6960697174072266
2505,0.7030493021011353
2506,0.6924429535865784
2507,0.7078864574432373
2508,0.699411153793335
2509,0.7088369131088257
2510,0.7012314796447754
2511,0.6974605321884155
2512,0.70051509141922
2513,0.668414831161499
2514,0.6788769960403442
2515,0.6842637062072754
2516,0.6956660747528076
2517,0.69488525390625
2518,0.7014519572257996
2519,0.6936874985694885
2520,0.6978137493133545
2521,0.6897951364517212
2522,0.7032288312911987
2523,0.7012588381767273
2524,0.7097778916358948
2525,0.7081891894340515
2526,0.7137385606765747
2527,0.6984250545501709
2528,0.7118304371833801
2529,0.7110564708709717
2530,0.7073174715042114
2531,0.7154450416564941
2532,0.705758810043335
2533,0.6920948028564453
2534,0.6898776292800903
2535,0.673618733882904
2536,0.6843016147613525
2537,0.6532249450683594
2538,0.6997570991516113
2539,0.6995844841003418
2540,0.7027634382247925
2541,0.7031898498535156
2542,0.7018089890480042
2543,0.699526309967041
2544,0.6971499919891357
2545,0.7027064561843872
2546,0.6992951035499573
2547,0.7004497051239014
2548,0.7006126642227173
2549,0.7084600925445557
2550,0.7141577005386353
2551,0.7054149508476257
2552,0.6912473440170288
2553,0.6860929131507874
2554,0.6843616962432861
2555,0.6748279333114624
2556,0.6573509573936462
2557,0.663601279258728
2558,0.6472491025924683
2559,0.6417348384857178
2560,0.6885623335838318
2561,0.6807962656021118
2562,0.6864417791366577
2563,0.6830205321311951
2564,0.6748316884040833
2565,0.6945611238479614
2566,0.6944729685783386
2567,0.6785711050033569
2568,0.6960226893424988
2569,0.6909025311470032
2570,0.694969117641449
2571,0.6838701963424683
2572,0.700779139995575
2573,0.7030229568481445
2574,0.7076281905174255
2575,0.7237048745155334
2576,0.716153621673584
2577,0.7116113305091858
2578,0.725193202495575
2579,0.7262061238288879
2580,0.7186318635940552
2581,0.698384165763855
2582,0.7069047093391418
2583,0.7058370113372803
2584,0.702250599861145
2585,0.6987084150314331
2586,0.6948846578598022
2587,0.6918070316314697
2588,0.6782448887825012
2589,0.6749501824378967
2590,0.6746109127998352
2591,0.6853991746902466
2592,0.6763660907745361
2593,0.6600856184959412
2594,0.6846330761909485
2595,0.6859940886497498
2596,0.6914791464805603
2597,0.6611827611923218
2598,0.6918677687644958
2599,0.6991977095603943
2600,0.7141273021697998
2601,0.7211130857467651
2602,0.7035602927207947
2603,0.6910574436187744
2604,0.6836320757865906
2605,0.6207666993141174
2606,0.6941643953323364
2607,0.44004929065704346
2608,0.635176420211792
2609,0.47967255115509033
2610,0.6645877361297607
2611,0.6523858904838562
2612,0.6639978885650635
2613,0.6730073690414429
2614,0.6866987943649292
2615,0.6830124855041504
2616,0.6768134236335754
2617,0.6751139760017395
2618,0.695389986038208
2619,0.5439946055412292
2620,0.706150233745575
2621,0.7098435759544373
2622,0.712962806224823
2623,0.6839554309844971
2624,0.67806077003479
2625,0.6709195971488953
2626,0.6741821765899658
2627,0.6962564587593079
2628,0.5964919328689575
2629,0.7082148194313049
2630,0.7083848118782043
2631,0.7092850208282471
2632,0.6951853036880493
2633,0.6837164163589478
2634,0.5866575837135315
2635,0.678665816783905
2636,0.6912394762039185
2637,0.6907212138175964
2638,0.6985622048377991
2639,0.7147979736328125
2640,0.7216396331787109
2641,0.725152850151062
2642,0.6866637468338013
2643,0.6839336156845093
2644,0.6645373702049255
2645,0.656669020652771
2646,0.6594711542129517
2647,0.6898642182350159
2648,0.6844418048858643
2649,0.6749061346054077
2650,0.6741117835044861
2651,0.6691528558731079
2652,0.6620829105377197
2653,0.679624617099762
2654,0.6706427335739136
2655,0.6859166026115417
2656,0.6886838674545288
2657,0.6878765225410461
2658,0.6674237251281738
2659,0.6921741962432861
2660,0.6975402235984802
2661,0.6900760531425476
2662,0.7031058669090271
2663,0.6974099278450012
2664,0.6917238235473633
2665,0.6905204057693481
2666,0.6733149886131287
2667,0.6971766352653503
2668,0.6902328729629517
2669,0.6764081120491028
2670,0.6597047448158264
2671,0.7043472528457642
2672,0.6988646388053894
2673,0.6886289119720459
2674,0.6889311671257019
2675,0.7004823088645935
2676,0.6930108070373535
2677,0.6725658774375916
2678,0.6754286885261536
2679,0.6816596388816833
2680,0.6843835115432739
2681,0.6950215697288513
2682,0.688694179058075
2683,0.691519021987915
2684,0.695085346698761
2685,0.6956351399421692
2686,0.6954297423362732
2687,0.6973531246185303
2688,0.7076785564422607
2689,0.6855598092079163
2690,0.6734939217567444
2691,0.6804401874542236
2692,0.6821141242980957
2693,0.6871092915534973
2694,0.6963732838630676
2695,0.6897326707839966
2696,0.6864575147628784
2697,0.6803425550460815
2698,0.6879609823226929
2699,0.6901982426643372
2700,0.6817038655281067
2701,0.6829804182052612
2702,0.6847935318946838
2703,0.6609223484992981
2704,0.6623630523681641
2705,0.6706202030181885
2706,0.6684569120407104
2707,0.666400671005249
2708,0.6521456837654114
2709,0.6679602861404419
2710,0.6770299673080444
2711,0.6651449799537659
2712,0.6791000366210938
2713,0.6737203598022461
2714,0.6844348311424255
2715,0.6835790276527405
2716,0.6913844347000122
2717,0.6960535049438477
2718,0.7062807679176331
2719,0.702476978302002
2720,0.6839998960494995
2721,0.6946732997894287
2722,0.6938918232917786
2723,0.6937577128410339
2724,0.7075515389442444
2725,0.704613208770752
2726,0.7092002034187317
2727,0.7022398710250854
2728,0.7022884488105774
2729,0.6966116428375244
2730,0.6917569637298584
2731,0.6969747543334961
2732,0.713843822479248
2733,0.7035859823226929
2734,0.6996161341667175
2735,0.6888546347618103
2736,0.6772849559783936
2737,0.6839961409568787
2738,0.6893392205238342
2739,0.6806844472885132
2740,0.6836663484573364
2741,0.6893764138221741
2742,0.6914797425270081
2743,0.6934255361557007
2744,0.6847398281097412
2745,0.6850197315216064
2746,0.6892123818397522
2747,0.686450183391571
2748,0.7076117396354675
2749,0.7098755240440369
2750,0.6884527802467346
2751,0.7003494501113892
2752,0.6993964910507202
2753,0.7047655582427979
2754,0.6969117522239685
2755,0.7060421705245972
2756,0.7092370390892029
2757,0.7034409642219543
2758,0.6901290416717529
2759,0.6790260076522827
2760,0.6730930209159851
2761,0.682579755783081
2762,0.6885131001472473
2763,0.6788733005523682
2764,0.654734194278717
2765,0.6521105766296387
2766,0.6723237037658691
2767,0.6606112718582153
2768,0.6695411801338196
2769,0.6751280426979065
2770,0.6817650198936462
2771,0.6891511678695679
2772,0.6932527422904968
2773,0.7097612023353577
2774,0.7055871486663818
2775,0.6439972519874573
2776,0.6979324221611023
2777,0.7080878019332886
2778,0.7101170420646667
2779,0.5099025964736938
2780,0.7252577543258667
2781,0.25763797760009766
2782,0.28658685088157654
2783,0.23812487721443176
2784,0.5388382077217102
2785,0.7039803862571716
2786,0.6920415759086609
2787,0.6287864446640015
2788,0.6711900234222412
2789,0.654009997844696
2790,0.5527662038803101
2791,0.7022224068641663
2792,0.6783430576324463
2793,0.694247305393219
2794,0.6881886124610901
2795,0.6918278336524963
2796,0.6993837952613831
2797,0.7124741673469543
2798,0.6929323077201843
2799,0.6921512484550476
2800,0.6895250082015991
2801,0.5275381803512573
2802,0.7041003704071045
2803,0.7041540741920471
2804,0.6748734712600708
2805,0.6990014314651489
2806,0.6907606720924377
2807,0.7086415886878967
2808,0.7052467465400696
2809,0.6992751955986023
2810,0.694015622138977
2811,0.7010691165924072
2812,0.6778714656829834
2813,0.6702311635017395
2814,0.6673702597618103
2815,0.6807491779327393
2816,0.6844463348388672
2817,0.667900800704956
2818,0.6668753027915955
2819,0.6675314903259277
2820,0.6665471792221069
2821,0.6828213334083557
2822,0.6864847540855408
2823,0.6915711164474487
2824,0.7071309685707092
2825,0.7095579504966736
2826,0.7032946944236755
2827,0.6939217448234558
2828,0.6938391327857971
2829,0.6958481669425964
2830,0.6988409161567688
2831,0.7053202390670776
2832,0.7180484533309937
2833,0.7076461315155029
2834,0.7174515128135681
2835,0.7014234066009521
2836,0.7032596468925476
2837,0.7007420063018799
2838,0.7066866755485535
2839,0.705068051815033
2840,0.712652325630188
2841,0.7150240540504456
2842,0.7067040801048279
2843,0.6971129179000854
2844,0.6887986063957214
2845,0.6974483132362366
2846,0.7013797760009766
2847,0.701605498790741
2848,0.7021588087081909
2849,0.7050961256027222
2850,0.6877664923667908
2851,0.6873932480812073
2852,0.6784806251525879
2853,0.6948568820953369
2854,0.6965528726577759
2855,0.6983209848403931
2856,0.6920236945152283
2857,0.6966313123703003
2858,0.6961041688919067
2859,0.7108792066574097
2860,0.7080405354499817
2861,0.7072243094444275
2862,0.7061057686805725
2863,0.7141298651695251
2864,0.7120474576950073
2865,0.7019144296646118
2866,0.7022051811218262
2867,0.6916491389274597
2868,0.6955182552337646
2869,0.6886292099952698
2870,0.7018762230873108
2871,0.7047216296195984
2872,0.6903097629547119
2873,0.6888980269432068
2874,0.6899799108505249
2875,0.6955351233482361
2876,0.6967551112174988
2877,0.6865144968032837
2878,0.6916010975837708
2879,0.6911798119544983
2880,0.693383514881134
2881,0.677919864654541
2882,0.7069904208183289
2883,0.7062993049621582
2884,0.6980178356170654
2885,0.6892911195755005
2886,0.664516806602478
2887,0.672033965587616
2888,0.6615422368049622
2889,0.6624948978424072
2890,0.667271077632904
2891,0.6679221987724304
2892,0.6512678861618042
2893,0.6602020859718323
2894,0.6489832997322083
2895,0.6415742039680481
2896,0.6501041054725647
2897,0.6756946444511414
2898,0.6828599572181702
2899,0.6590955257415771
2900,0.6688445210456848
2901,0.6680681705474854
2902,0.6669997572898865
2903,0.6511423587799072
2904,0.6779208183288574
2905,0.6919043660163879
2906,0.707938015460968
2907,0.6877963542938232
2908,0.6954824924468994
2909,0.7081450819969177
2910,0.7134454250335693
2911,0.7070991396903992
2912,0.33654269576072693
2913,0.620638906955719
2914,0.7074686288833618
2915,0.5635635852813721
2916,0.7105168700218201
2917,0.7058491110801697
2918,0.6823678016662598
2919,0.6930525898933411
2920,0.6908051371574402
2921,0.6916245818138123
2922,0.6984170079231262
2923,0.7078014612197876
2924,0.7133421897888184
2925,0.7048268914222717
2926,0.706150233745575
2927,0.7041265368461609
2928,0.7086034417152405
2929,0.7159162759780884
2930,0.7167737483978271
2931,0.7063083648681641
2932,0.7051886320114136
2933,0.713866114616394
2934,0.7108222842216492
2935,0.7199018001556396
2936,0.7117189764976501
2937,0.7116808891296387
2938,0.7122319936752319
2939,0.7208390831947327
2940,0.7217681407928467
2941,0.71519535779953
2942,0.7221224904060364
2943,0.7101905941963196
2944,0.7122354507446289
2945,0.7106428742408752
2946,0.7070961594581604
2947,0.6888259053230286
2948,0.6932626366615295
2949,0.6931772828102112
2950,0.6947704553604126
2951,0.6814071536064148
2952,0.6676235795021057
2953,0.668741762638092
2954,0.6701458692550659
2955,0.6777051687240601
2956,0.675048828125
2957,0.6661754846572876
2958,0.683452844619751
2959,0.683092474937439
2960,0.6813185811042786
2961,0.6817931532859802
2962,0.6987878084182739
2963,0.6934403777122498
2964,0.6936719417572021
2965,0.6959564685821533
2966,0.7046941518783569
2967,0.7054833769798279
2968,0.7148122787475586
2969,0.7119288444519043
2970,0.7139917016029358
2971,0.7193192839622498
2972,0.7178319692611694
2973,0.7186839580535889
2974,0.7104318737983704
2975,0.707537055015564
2976,0.6976103782653809
2977,0.702463686466217
2978,0.6924521923065186
2979,0.7061392664909363
2980,0.712723433971405
2981,0.7236595153808594
2982,0.7094855308532715
2983,0.7096890807151794
2984,0.6956247091293335
2985,0.7142146825790405
2986,0.7206467390060425
2987,0.7235716581344604
2988,0.693553626537323
2989,0.7050829529762268
2990,0.7134840488433838
2991,0.7050958275794983
2992,0.7012349367141724
2993,0.6849281787872314
2994,0.7031272053718567
2995,0.6751688718795776
2996,0.6704567670822144
2997,0.6741080284118652
2998,0.6775796413421631
2999,0.6713795065879822
3000,0.6689468026161194
3001,0.6593788266181946
3002,0.6613062024116516
3003,0.6666035056114197
3004,0.6847094893455505
3005,0.6835581660270691
3006,0.6755617260932922
3007,0.6810214519500732
3008,0.6720026731491089
3009,0.6700551509857178
3010,0.6812629699707031
3011,0.6875101327896118
3012,0.6830735206604004
3013,0.6941179037094116
3014,0.7108981609344482
3015,0.7048858404159546
3016,0.7069751024246216
3017,0.7039459347724915
3018,0.7088504433631897
3019,0.7119515538215637
3020,0.7150384187698364
3021,0.7107762098312378
3022,0.711743175983429
3023,0.7140647768974304
3024,0.7166560292243958
3025,0.7116392254829407
3026,0.7073236703872681
3027,0.7009740471839905
3028,0.6911236047744751
3029,0.6982330083847046
3030,0.689062774181366
3031,0.6772508025169373
3032,0.6681299209594727
3033,0.6586015820503235
3034,0.6637463569641113
3035,0.6555918455123901
3036,0.657742440700531
3037,0.6649779677391052
3038,0.6700376868247986
3039,0.6660308837890625
3040,0.6616166234016418
3041,0.6537507772445679
3042,0.6611195206642151
3043,0.666953980922699
3044,0.6789464950561523
3045,0.6881670355796814
3046,0.6864789724349976
3047,0.6794321537017822
3048,0.6885477900505066
3049,0.6886212825775146
3050,0.6913954019546509
3051,0.7131063342094421
3052,0.7169327139854431
3053,0.7271187901496887
3054,0.7359735369682312
3055,0.717282772064209
3056,0.73335200548172
3057,0.6998398303985596
3058,0.6916636824607849
3059,0.693229615688324
3060,0.7003936171531677
3061,0.6942151784896851
3062,0.6890241503715515
3063,0.6918182969093323
3064,0.671593189239502
3065,0.6734716892242432
3066,0.6733008623123169
3067,0.6988661289215088
3068,0.6706985235214233
3069,0.6717650294303894
3070,0.6730344891548157
3071,0.689810574054718
3072,0.6649954915046692
3073,0.679084062576294
3074,0.676362156867981
3075,0.6873956322669983
3076,0.6942868828773499
3077,0.5036535263061523
3078,0.2545832693576813
3079,0.26640117168426514
3080,0.692370593547821
3081,0.69443678855896
3082,0.6962109208106995
3083,0.7069337368011475
3084,0.7087088823318481
3085,0.7152576446533203
3086,0.7097594738006592
3087,0.7031711935997009
3088,0.6993459463119507
3089,0.6942362189292908
3090,0.7010993957519531
3091,0.7015637159347534
3092,0.7001176476478577
3093,0.694485604763031
3094,0.6768832206726074
3095,0.6865381002426147
3096,0.6726449131965637
3097,0.6737756133079529
3098,0.6726895570755005
3099,0.6776460409164429
3100,0.6759948134422302
3101,0.6725955605506897
3102,0.6850545406341553
3103,0.6652261018753052
3104,0.6630232334136963
3105,0.6907533407211304
3106,0.6848265528678894
3107,0.6896046996116638
3108,0.6609227657318115
3109,0.6666151285171509
3110,0.6925755143165588
3111,0.683804988861084
3112,0.6614066958427429
3113,0.5262464284896851
3114,0.7128909230232239
3115,0.7117092609405518
3116,0.6941496729850769
3117,0.7195427417755127
3118,0.2759174108505249
3119,0.27483731508255005
3120,0.666915237903595
3121,0.6987987756729126
3122,0.6957963109016418
3123,0.7015941739082336
3124,0.3102542459964752
3125,0.7139018774032593
3126,0.3146715760231018
3127,0.5083997845649719
3128,0.34076377749443054
3129,0.6910061836242676
3130,0.7015501856803894
3131,0.7096993327140808
3132,0.7014982104301453
3133,0.7098725438117981
3134,0.7151974439620972
3135,0.5838239192962646
3136,0.7124428749084473
3137,0.7051044702529907
3138,0.7020878195762634
3139,0.7006068229675293
3140,0.7013587355613708
3141,0.6903498768806458
3142,0.7002705931663513
3143,0.6952575445175171
3144,0.6268450021743774
3145,0.6851536631584167
3146,0.680206298828125
3147,0.6828587055206299
3148,0.6963717341423035
3149,0.69206702709198
3150,0.7084608674049377
3151,0.7117860913276672
3152,0.6783310174942017
3153,0.6893638968467712
3154,0.6935704350471497
3155,0.6866269111633301
3156,0.6932046413421631
3157,0.7010694146156311
3158,0.6927391290664673
3159,0.6793334484100342
3160,0.6937543749809265
3161,0.6906155347824097
3162,0.702085554599762
3163,0.7092252373695374
3164,0.7234351634979248
3165,0.7058392763137817
3166,0.7033272385597229
3167,0.6966997981071472
3168,0.665913462638855
3169,0.6977795362472534
3170,0.6912363767623901
3171,0.698679506778717
3172,0.6912011504173279
3173,0.6887695789337158
3174,0.6777800917625427
3175,0.6711689233779907
3176,0.6720865964889526
3177,0.6723913550376892
3178,0.6891161203384399
3179,0.6869961619377136
3180,0.6959346532821655
3181,0.6877390146255493
3182,0.6865147352218628
3183,0.6704815626144409
3184,0.6621159315109253
3185,0.6696303486824036
3186,0.6823383569717407
3187,0.6839145421981812
3188,0.6842325329780579
3189,0.684007465839386
3190,0.6803216338157654
3191,0.6748448610305786
3192,0.6844982504844666
3193,0.6521878242492676
3194,0.6751245856285095
3195,0.6815855503082275
3196,0.6838622093200684
3197,0.6902135014533997
3198,0.6737922430038452
3199,0.6661771535873413
3200,0.688744843006134
3201,0.6744518876075745
3202,0.6742902994155884
3203,0.6851462125778198
3204,0.6815518736839294
3205,0.6587675213813782
3206,0.6732615828514099
3207,0.7057517170906067
3208,0.4559987485408783
3209,0.718867838382721
3210,0.7013767957687378
3211,0.7109076380729675
3212,0.7080990672111511
3213,0.6201530694961548
3214,0.6435694098472595
3215,0.6966975927352905
3216,0.6957642436027527
3217,0.6971253752708435
3218,0.700846791267395
3219,0.6979594826698303
3220,0.6953740119934082
3221,0.6785374283790588
3222,0.6738037467002869
3223,0.6755909323692322
3224,0.6731576323509216
3225,0.6864282488822937
3226,0.6813798546791077
3227,0.6687496304512024
3228,0.6780069470405579
3229,0.6742133498191833
3230,0.6775984168052673
3231,0.6798957586288452
3232,0.6849164962768555
3233,0.6829004883766174
3234,0.6963635683059692
3235,0.7052714228630066
3236,0.7019443511962891
3237,0.7063059210777283
3238,0.7166425585746765
3239,0.7207414507865906
3240,0.7223300337791443
3241,0.7294392585754395
3242,0.7138123512268066
3243,0.7045765519142151
3244,0.7031967043876648
3245,0.7064681053161621
3246,0.705304741859436
3247,0.7071076035499573
3248,0.7004727721214294
3249,0.6992501616477966
3250,0.698461651802063
3251,0.6872678399085999
3252,0.6864103078842163
3253,0.7067199349403381
3254,0.6884475946426392
3255,0.6978229880332947
3256,0.6925869584083557
3257,0.6929611563682556
3258,0.7030936479568481
3259,0.7054529786109924
3260,0.7004746794700623
3261,0.7006694078445435
3262,0.6978082060813904
3263,0.7019200921058655
3264,0.6968092322349548
3265,0.6975253224372864
3266,0.7003742456436157
3267,0.7135998606681824
3268,0.6904692053794861
3269,0.6933428049087524
3270,0.6877772808074951
3271,0.6858876943588257
3272,0.7013957500457764
3273,0.6981805562973022
3274,0.7122300267219543
3275,0.7006915807723999
3276,0.6980303525924683
3277,0.6978640556335449
3278,0.6892826557159424
3279,0.6939347982406616
3280,0.6905765533447266
3281,0.6918116211891174
3282,0.6859259605407715
3283,0.6970776319503784
3284,0.699031412601471
3285,0.6998635530471802
3286,0.6979278326034546
3287,0.7101758718490601
3288,0.6916367411613464
3289,0.7010671496391296
3290,0.6964529156684875
3291,0.6852632761001587
3292,0.686568021774292
3293,0.6940547227859497
3294,0.6950552463531494
3295,0.696849524974823
3296,0.6892026662826538
3297,0.6874614357948303
3298,0.6893106698989868
3299,0.687768280506134
3300,0.693609356880188
3301,0.6971560120582581
3302,0.6910204887390137
3303,0.6892290711402893
3304,0.6953165531158447
3305,0.7003365159034729
3306,0.7073618769645691
3307,0.7099151015281677
3308,0.7013872861862183
3309,0.6914957761764526
3310,0.6949595808982849
3311,0.7036141753196716
3312,0.6958150863647461
3313,0.6984094381332397
3314,0.7013779282569885
3315,0.6951420903205872
3316,0.6897205710411072
3317,0.6833905577659607
3318,0.6840490698814392
3319,0.678642749786377
3320,0.6813675761222839
3321,0.6824994683265686
3322,0.6812150478363037
3323,0.686661958694458
3324,0.6880519986152649
3325,0.6848464608192444
3326,0.6813324689865112
3327,0.6948120594024658
3328,0.703676700592041
3329,0.6896784901618958
3330,0.6996621489524841
3331,0.6931676864624023
3332,0.7071493268013
3333,0.7008473873138428
3334,0.6970669627189636
3335,0.6932781934738159
3336,0.7021350860595703
3337,0.692284882068634
3338,0.6911033391952515
3339,0.6939842104911804
3340,0.6950178742408752
3341,0.6893712282180786
3342,0.6884536147117615
3343,0.6926032304763794
3344,0.7044866681098938
3345,0.7078593969345093
3346,0.7066437602043152
3347,0.6994402408599854
3348,0.6987048387527466
3349,0.7107557654380798
3350,0.7121290564537048
3351,0.713183581829071
3352,0.7069129347801208
3353,0.6874231696128845
3354,0.6866506934165955
3355,0.6861042976379395
3356,0.6801341772079468
3357,0.6871944665908813
3358,0.6941648721694946
3359,0.701377272605896
3360,0.6957901120185852
3361,0.7068172693252563
3362,0.7009154558181763
3363,0.6916741728782654
3364,0.6561318039894104
3365,0.6773597598075867
3366,0.6620683073997498
3367,0.677864134311676
3368,0.6842079162597656
3369,0.6861648559570312
3370,0.692499041557312
3371,0.6983567476272583
3372,0.6977282166481018
3373,0.7054532766342163
3374,0.7070741057395935
3375,0.7097190022468567
3376,0.7015992999076843
3377,0.6919034719467163
3378,0.6703129410743713
3379,0.6845519542694092
3380,0.6973410844802856
3381,0.7083491086959839
3382,0.6978999972343445
3383,0.6920421123504639
3384,0.6860025525093079
3385,0.6768715381622314
3386,0.6740056276321411
3387,0.6881337761878967
3388,0.7011741995811462
3389,0.7073753476142883
3390,0.7094898223876953
3391,0.28458988666534424
3392,0.27041101455688477
3393,0.25732120871543884
3394,0.26395660638809204
3395,0.2569960355758667
3396,0.6906933188438416
3397,0.6961725354194641
3398,0.5466084480285645
3399,0.27272602915763855
3400,0.7166072130203247
3401,0.7399547696113586
3402,0.21118009090423584
3403,0.6027288436889648
3404,0.6945003271102905
3405,0.6681528091430664
3406,0.6521390080451965
3407,0.6768559813499451
3408,0.6826171875
3409,0.6892325282096863
3410,0.533531665802002
3411,0.7014119029045105
3412,0.6928791999816895
3413,0.6774377822875977
3414,0.6776080131530762
3415,0.6830835342407227
3416,0.6747320890426636
3417,0.683587372303009
3418,0.7033693194389343
3419,0.711352527141571
3420,0.720766007900238
3421,0.719165563583374
3422,0.6911149024963379
3423,0.7185456156730652
3424,0.7167078256607056
3425,0.707577645778656
3426,0.7132823467254639
3427,0.7035090327262878
3428,0.7035778164863586
3429,0.6489399075508118
3430,0.7006864547729492
3431,0.6951992511749268
3432,0.6872028112411499
3433,0.6806748509407043
3434,0.6896212100982666
3435,0.6786146759986877
3436,0.6802210211753845
3437,0.6882104873657227
3438,0.6890262961387634
3439,0.6822721362113953
3440,0.6720454096794128
3441,0.6810051798820496
3442,0.6710953116416931
3443,0.6559867262840271
3444,0.6522937417030334
3445,0.6749122142791748
3446,0.6822889447212219
3447,0.685624897480011
3448,0.6799818277359009
3449,0.6813259720802307
3450,0.6811608076095581
3451,0.6990253925323486
3452,0.7067348957061768
3453,0.6972837448120117
3454,0.7053261399269104
3455,0.6970406174659729
3456,0.6987238526344299
3457,0.6909709572792053
3458,0.690492570400238
3459,0.6888020634651184
3460,0.6963133215904236
3461,0.695753276348114
3462,0.709055483341217
3463,0.702874481678009
3464,0.6999620199203491
3465,0.70070481300354
3466,0.675153374671936
3467,0.6906515955924988
3468,0.6765697598457336
3469,0.6928783059120178
3470,0.6675350666046143
3471,0.6923220753669739
3472,0.6785091161727905
3473,0.6936279535293579
3474,0.6982696056365967
3475,0.6874967217445374
3476,0.6827620267868042
3477,0.6709281802177429
3478,0.6789072751998901
3479,0.6588519215583801
3480,0.6986570358276367
3481,0.7007642984390259
3482,0.6908603310585022
3483,0.6911755204200745
3484,0.7002564072608948
3485,0.7091753482818604
3486,0.7100567817687988
3487,0.698378324508667
3488,0.6949799656867981
3489,0.6927652359008789
3490,0.70088130235672
3491,0.7015108466148376
3492,0.6866272687911987
3493,0.6985822319984436
3494,0.7112781405448914
3495,0.6971784830093384
3496,0.6922367215156555
3497,0.6967363357543945
3498,0.7026168704032898
3499,0.7168477177619934
3500,0.6772794723510742
3501,0.6924264430999756
3502,0.7011035084724426
3503,0.6909799575805664
3504,0.6907995939254761
3505,0.706540048122406
3506,0.6967018246650696
3507,0.6904829144477844
3508,0.6810514330863953
3509,0.6725323796272278
3510,0.6788450479507446
3511,0.6774052381515503
3512,0.685458242893219
3513,0.6804807186126709
3514,0.6848989725112915
3515,0.6910519003868103
3516,0.6928034424781799
3517,0.7037312984466553
3518,0.6976847052574158
3519,0.7110487222671509
3520,0.6988030076026917
3521,0.6991574764251709
3522,0.6886008381843567
3523,0.7030635476112366
3524,0.7008570432662964
3525,0.6687368154525757
3526,0.6857459545135498
3527,0.6962131857872009
3528,0.6930236220359802
3529,0.6875782608985901
3530,0.6975651979446411
3531,0.6782904863357544
3532,0.7006057500839233
3533,0.6874922513961792
3534,0.6990548372268677
3535,0.6881898045539856
3536,0.6876916289329529
3537,0.6829878687858582
3538,0.6902649402618408
3539,0.678379237651825
3540,0.6779237985610962
3541,0.6936110258102417
3542,0.6899446845054626
3543,0.7098792195320129
3544,0.7119787335395813
3545,0.7015854120254517
3546,0.7021079063415527
3547,0.7113118767738342
3548,0.7243927717208862
3549,0.7226965427398682
3550,0.6870051622390747
3551,0.6849945783615112
3552,0.6903572678565979
3553,0.6996551156044006
3554,0.7015570402145386
3555,0.7012760043144226
3556,0.7051197290420532
3557,0.6992770433425903
3558,0.6850736141204834
3559,0.6960976719856262
3560,0.6878258585929871
3561,0.6840770840644836
3562,0.685921311378479
3563,0.6830966472625732
3564,0.6889957785606384
3565,0.6888654828071594
3566,0.7063478231430054
3567,0.7152470350265503
3568,0.7085126638412476
3569,0.7097508907318115
3570,0.7091102600097656
3571,0.7201778292655945
3572,0.7164051532745361
3573,0.7179111838340759
3574,0.7074313163757324
3575,0.7168867588043213
3576,0.7146093845367432
3577,0.7133459448814392
3578,0.7022881507873535
3579,0.6905055642127991
3580,0.6970431804656982
3581,0.7005570530891418
3582,0.7013686895370483
3583,0.7068280577659607
3584,0.7086543440818787
3585,0.696382462978363
3586,0.675813615322113
3587,0.6868084669113159
3588,0.6756308674812317
3589,0.6455262303352356
3590,0.6843680143356323
3591,0.6894007921218872
3592,0.6863983273506165
3593,0.6801511645317078
3594,0.6549785137176514
3595,0.6666958928108215
3596,0.6652091145515442
3597,0.6714834570884705
3598,0.6835715174674988
3599,0.6840822100639343
3600,0.6466408371925354
3601,0.7067500352859497
3602,0.6520493626594543
3603,0.6950467824935913
3604,0.6917802095413208
3605,0.6914399862289429
3606,0.7015774250030518
3607,0.7001120448112488
3608,0.6941056847572327
3609,0.7018085718154907
3610,0.715553343296051
3611,0.7119591236114502
3612,0.6053268909454346
3613,0.6857374310493469
3614,0.6899887323379517
3615,0.6904808282852173
3616,0.6827808618545532
3617,0.6974791288375854
3618,0.6945306062698364
3619,0.6943480968475342
3620,0.6806991696357727
3621,0.6821984052658081
3622,0.682650089263916
3623,0.6918748617172241
3624,0.6970518231391907
3625,0.6924574971199036
3626,0.7014039158821106
3627,0.6967929005622864
3628,0.6899479031562805
3629,0.6966931223869324
3630,0.6914385557174683
3631,0.6983767151832581
3632,0.6980513334274292
3633,0.706451416015625
3634,0.7168550491333008
3635,0.6933280229568481
3636,0.7079378366470337
3637,0.6985041499137878
3638,0.7100214958190918
3639,0.7179974317550659
3640,0.715542733669281
3641,0.7144197225570679
3642,0.727764368057251
3643,0.7198400497436523
3644,0.6472445726394653
3645,0.7167273163795471
3646,0.7206450700759888
3647,0.6977872252464294
3648,0.6983563303947449
3649,0.698570966720581
3650,0.6730398535728455
3651,0.6964906454086304
3652,0.7009074687957764
3653,0.6858177185058594
3654,0.685824990272522
3655,0.6807374358177185
3656,0.6647718548774719
3657,0.659049928188324
3658,0.6643609404563904
3659,0.6684526205062866
3660,0.6837399005889893
3661,0.6898576021194458
3662,0.6999558806419373
3663,0.7063022255897522
3664,0.7100260853767395
3665,0.7115484476089478
3666,0.7215707898139954
3667,0.7126402854919434
3668,0.7058573365211487
3669,0.7261765599250793
3670,0.729736328125
3671,0.718722939491272
3672,0.7215800881385803
3673,0.7169688940048218
3674,0.7237324714660645
3675,0.7153444886207581
3676,0.7051012516021729
3677,0.7085743546485901
3678,0.707048773765564
3679,0.683759868144989
3680,0.6644158959388733
3681,0.6762000322341919
3682,0.6599761247634888
3683,0.6719880700111389
3684,0.655375599861145
3685,0.6479083299636841
3686,0.632991373538971
3687,0.6403399705886841
3688,0.6403034925460815
3689,0.6676508188247681
3690,0.6520339250564575
3691,0.6725518703460693
3692,0.6857502460479736
3693,0.6810762882232666
3694,0.6831734776496887
3695,0.6886042952537537
3696,0.7105774879455566
3697,0.7297555804252625
3698,0.7023849487304688
3699,0.703576922416687
3700,0.6945740580558777
3701,0.6887392997741699
3702,0.7052700519561768
3703,0.7070929408073425
3704,0.7081593871116638
3705,0.7249852418899536
3706,0.7140536904335022
3707,0.7119381427764893
3708,0.693227231502533
3709,0.6936973333358765
3710,0.6864375472068787
3711,0.6581440567970276
3712,0.679558515548706
3713,0.6854101419448853
3714,0.7090103626251221
3715,0.7004852294921875
3716,0.7056946158409119
3717,0.7040135860443115
3718,0.6890830397605896
3719,0.7004558444023132
3720,0.6999655365943909
3721,0.7015647888183594
3722,0.7170499563217163
3723,0.7246004343032837
3724,0.5312490463256836
3725,0.7190831303596497
3726,0.7123987078666687
3727,0.7128601670265198
3728,0.6986035704612732
3729,0.6897750496864319
3730,0.686526358127594
3731,0.6871597766876221
3732,0.6944483518600464
3733,0.6873769164085388
3734,0.6723529696464539
3735,0.6636121869087219
3736,0.656578004360199
3737,0.6447039842605591
3738,0.6589931845664978
3739,0.6603770852088928
3740,0.6531873345375061
3741,0.6661957502365112
3742,0.6710453629493713
3743,0.6463780999183655
3744,0.6849067807197571
3745,0.6707884669303894
3746,0.6709320545196533
3747,0.687332272529602
3748,0.6956466436386108
3749,0.6999896764755249
3750,0.6923389434814453
3751,0.69793301820755
3752,0.6972928047180176
3753,0.6694734692573547
3754,0.7072194218635559
3755,0.27888965606689453
3756,0.28262731432914734
3757,0.2801399230957031
3758,0.5783442258834839
3759,0.7069538831710815
3760,0.6937252879142761
3761,0.6890119314193726
3762,0.6998044848442078
3763,0.7106836438179016
3764,0.7059556841850281
3765,0.706778347492218
3766,0.7086547017097473
3767,0.6970939040184021
3768,0.6862655878067017
3769,0.6862400770187378
3770,0.6857664585113525
3771,0.6790224313735962
3772,0.547509491443634
3773,0.692436695098877
3774,0.6943097114562988
3775,0.6926211714744568
3776,0.7008041143417358
3777,0.692225992679596
3778,0.7029275298118591
3779,0.7158768177032471
3780,0.7018879055976868
3781,0.6935079097747803
3782,0.6627220511436462
3783,0.6829169392585754
3784,0.6899676322937012
3785,0.6891665458679199
3786,0.6870534420013428
3787,0.6737372875213623
3788,0.6877306699752808
3789,0.6810794472694397
3790,0.6814031600952148
3791,0.6730201840400696
3792,0.6685877442359924
3793,0.6736092567443848
3794,0.6904708743095398
3795,0.6974875926971436
3796,0.7137570977210999
3797,0.7092137336730957
3798,0.7062125205993652
3799,0.6978342533111572
3800,0.707131028175354
3801,0.7069791555404663
3802,0.7158889770507812
3803,0.6972082853317261
3804,0.7138685584068298
3805,0.6942796111106873
3806,0.6904894113540649
3807,0.6848183870315552
3808,0.68636554479599
3809,0.6799975037574768
3810,0.6876975893974304
3811,0.6964979767799377
3812,0.695751428604126
3813,0.7024275660514832
3814,0.6949097514152527
3815,0.6873982548713684
3816,0.6934833526611328
3817,0.6933388710021973
3818,0.6778088212013245
3819,0.6929698586463928
3820,0.6959854364395142
3821,0.6914889812469482
3822,0.6818029880523682
3823,0.6798974871635437
3824,0.6839099526405334
3825,0.6858164072036743
3826,0.6964123845100403
3827,0.6897228956222534
3828,0.7067165374755859
3829,0.6962786316871643
3830,0.6875177621841431
3831,0.6870452165603638
3832,0.6959447264671326
3833,0.6983242034912109
3834,0.7003241777420044
3835,0.6998208165168762
3836,0.6935373544692993
3837,0.7034603953361511
3838,0.6986919045448303
3839,0.7071363925933838
3840,0.7029502391815186
3841,0.7143198847770691
3842,0.7184774279594421
3843,0.7173676490783691
3844,0.7099086046218872
3845,0.71285480260849
3846,0.7000647187232971
3847,0.7051677703857422
3848,0.7144317030906677
3849,0.7177421450614929
3850,0.7103217840194702
3851,0.7092934846878052
3852,0.7111393213272095
3853,0.7072159647941589
3854,0.7136470675468445
3855,0.7018146514892578
3856,0.7008295059204102
3857,0.6904923915863037
3858,0.6951075196266174
3859,0.7027153372764587
3860,0.7071404457092285
3861,0.6935341358184814
3862,0.6935215592384338
3863,0.6877742409706116
3864,0.6636868119239807
3865,0.6813706159591675
3866,0.6895301342010498
3867,0.7054008841514587
3868,0.6827143430709839
3869,0.6844043731689453
3870,0.6753408908843994
3871,0.6646412014961243
3872,0.6489388942718506
3873,0.6637282371520996
3874,0.6671431064605713
3875,0.6561028957366943
3876,0.671764612197876
3877,0.6383295655250549
3878,0.6518707275390625
3879,0.6483967900276184
3880,0.6444184184074402
3881,0.6511489748954773
3882,0.6662939786911011
3883,0.6650254130363464
3884,0.6648328304290771
3885,0.6705459356307983
3886,0.6673316359519958
3887,0.5736931562423706
3888,0.6358184218406677
3889,0.7028442621231079
3890,0.6923080086708069
3891,0.6875835657119751
3892,0.7034398317337036
3893,0.710354208946228
3894,0.7205182313919067
3895,0.7147777080535889
3896,0.7000703811645508
3897,0.7067813277244568
3898,0.5210970640182495
3899,0.7089839577674866
3900,0.34617388248443604
3901,0.7127649784088135
3902,0.7073922753334045
3903,0.6974258422851562
3904,0.6930288672447205
3905,0.7016538977622986
3906,0.708495020866394
3907,0.7117577195167542
3908,0.7058047652244568
3909,0.7079440951347351
3910,0.7017467617988586
3911,0.699070155620575
3912,0.6925999522209167
3913,0.6866992712020874
3914,0.6769876480102539
3915,0.6852600574493408
3916,0.6838085651397705
3917,0.680286705493927
3918,0.6909072399139404
3919,0.6746951937675476
3920,0.6858007907867432
3921,0.6715468168258667
3922,0.6636890769004822
3923,0.6643402576446533
3924,0.6684930920600891
3925,0.676716148853302
3926,0.688251256942749
3927,0.678676962852478
3928,0.7005382776260376
3929,0.6953727006912231
3930,0.7030283808708191
3931,0.6999861001968384
3932,0.7119703888893127
3933,0.6996454000473022
3934,0.6933905482292175
3935,0.7050803303718567
3936,0.6975074410438538
3937,0.6950711607933044
3938,0.6905103325843811
3939,0.700800359249115
3940,0.6993452310562134
3941,0.6952828764915466
3942,0.6906545162200928
3943,0.6910933256149292
3944,0.6969953179359436
3945,0.7001843452453613
3946,0.6959660053253174
3947,0.6900299191474915
3948,0.694049596786499
3949,0.6900973320007324
3950,0.6931689977645874
3951,0.6908959746360779
3952,0.6765261888504028
3953,0.6538600921630859
3954,0.674248993396759
3955,0.6783092021942139
3956,0.6935530304908752
3957,0.6919904947280884
3958,0.6882608532905579
3959,0.6825466752052307
3960,0.6834635734558105
3961,0.6853313446044922
3962,0.6943964958190918
3963,0.7031358480453491
3964,0.7000442743301392
3965,0.6953950524330139
3966,0.7052041292190552
3967,0.7046023011207581
3968,0.7082521915435791
3969,0.7061628103256226
3970,0.7063735127449036
3971,0.7123159766197205
3972,0.6959018111228943
3973,0.6951320767402649
3974,0.6835594773292542
3975,0.6807640790939331
3976,0.687736451625824
3977,0.6919059157371521
3978,0.6885852217674255
3979,0.6901277899742126
3980,0.6883110404014587
3981,0.689860999584198
3982,0.6951500177383423
3983,0.6991940140724182
3984,0.69903165102005
3985,0.6922918558120728
3986,0.6869927048683167
3987,0.6896424293518066
3988,0.6865511536598206
3989,0.6751658320426941
3990,0.6695138812065125
3991,0.6759451627731323
3992,0.6669304370880127
3993,0.6739836931228638
3994,0.6836069226264954
3995,0.6703920960426331
3996,0.6792935132980347
3997,0.6879190802574158
3998,0.6898754835128784
3999,0.6941791772842407
4000,0.6902579069137573
4001,0.6817344427108765
4002,0.684004545211792
4003,0.6986043453216553
4004,0.7081145644187927
4005,0.6977365016937256
4006,0.7049230337142944
4007,0.7070382833480835
4008,0.6963139176368713
4009,0.6936516165733337
4010,0.7111907601356506
4011,0.695408046245575
4012,0.69575035572052
4013,0.7030472755432129
4014,0.656762421131134
4015,0.7058995366096497
4016,0.7005346417427063
4017,0.70395427942276
4018,0.7063260674476624
4019,0.6974146366119385
4020,0.6886644959449768
4021,0.6895719170570374
4022,0.6881189346313477
4023,0.6886269450187683
4024,0.6920024156570435
4025,0.6952089667320251
4026,0.6964334845542908
4027,0.6969595551490784
4028,0.6887487769126892
4029,0.6991594433784485
4030,0.6938677430152893
4031,0.7033263444900513
4032,0.7047767043113708
4033,0.7022868394851685
4034,0.7163997888565063
4035,0.695642352104187
4036,0.6962855458259583
4037,0.6930745840072632
4038,0.6932602524757385
4039,0.6973016262054443
4040,0.7045301795005798
4041,0.6932112574577332
4042,0.7004351019859314
4043,0.6911482214927673
4044,0.6981732845306396
4045,0.6972169280052185
4046,0.6971297264099121
4047,0.7024562358856201
4048,0.7024765610694885
4049,0.7019292116165161
4050,0.7014954090118408
4051,0.6880649328231812
4052,0.6869223117828369
4053,0.6867125034332275
4054,0.686862587928772
4055,0.6879981756210327
4056,0.6973291635513306
4057,0.6898795366287231
4058,0.6907737255096436
4059,0.7011627554893494
4060,0.7070066928863525
4061,0.7073778510093689
4062,0.7060610055923462
4063,0.7081571817398071
4064,0.692688524723053
4065,0.6766906380653381
4066,0.7041009068489075
4067,0.7034797072410583
4068,0.6277473568916321
4069,0.7080707550048828
4070,0.6982754468917847
4071,0.686707079410553
4072,0.6944616436958313
4073,0.7041690945625305
4074,0.6905899047851562
4075,0.704738974571228
4076,0.7070401310920715
4077,0.707326352596283
4078,0.694105863571167
4079,0.6890128254890442
4080,0.6895899176597595
4081,0.6927090287208557
4082,0.6891651153564453
4083,0.6883612871170044
4084,0.6692685484886169
4085,0.6651525497436523
4086,0.6719921231269836
4087,0.6850626468658447
4088,0.687213122844696
4089,0.6876420974731445
4090,0.687126636505127
4091,0.6881115436553955
4092,0.6916953325271606
4093,0.6853002905845642
4094,0.6935217380523682
4095,0.695802628993988
4096,0.7042736411094666
4097,0.7155726552009583
4098,0.7171186804771423
4099,0.717034637928009
4100,0.709099292755127
4101,0.6945565342903137
4102,0.6788325905799866
4103,0.6516087055206299
4104,0.6582467555999756
4105,0.6677811741828918
4106,0.6656070947647095
4107,0.663816511631012
4108,0.6711573600769043
4109,0.6596978306770325
4110,0.6917521357536316
4111,0.6594128012657166
4112,0.6918904781341553
4113,0.6953855156898499
4114,0.5022709369659424
4115,0.40374696254730225
4116,0.26136302947998047
4117,0.2098744511604309
4118,0.2378694862127304
4119,0.3436407148838043
4120,0.7018927335739136
4121,0.7136850953102112
4122,0.29550832509994507
4123,0.3259018063545227
4124,0.5939605236053467
4125,0.3506573438644409
4126,0.27379053831100464
4127,0.35274872183799744
4128,0.4339453876018524
4129,0.7166139483451843
4130,0.7210668921470642
4131,0.7184177041053772
4132,0.7191628813743591
4133,0.7170562744140625
4134,0.7206191420555115
4135,0.7131005525588989
4136,0.7027373909950256
4137,0.6947695016860962
4138,0.6926957368850708
4139,0.7170297503471375
4140,0.716472864151001
4141,0.6994305849075317
4142,0.6931278109550476
4143,0.6849271655082703
4144,0.6687424778938293
4145,0.691804051399231
4146,0.7072446346282959
4147,0.6992114782333374
4148,0.7071101665496826
4149,0.6949350237846375
4150,0.682706356048584
4151,0.6803752183914185
4152,0.6752612590789795
4153,0.6806411743164062
4154,0.6862778663635254
4155,0.6876118183135986
4156,0.6768317818641663
4157,0.6718486547470093
4158,0.6650252342224121
4159,0.6790503859519958
4160,0.6762558221817017
4161,0.6973603963851929
4162,0.6940310001373291
4163,0.6897955536842346
4164,0.6873728036880493
4165,0.6854084134101868
4166,0.6927363276481628
4167,0.7011803984642029
4168,0.6863543391227722
4169,0.6933329105377197
4170,0.6663836240768433
4171,0.6861932277679443
4172,0.6778337359428406
4173,0.6744135022163391
4174,0.6891723871231079
4175,0.6921565532684326
4176,0.6889363527297974
4177,0.6798661351203918
4178,0.6808292865753174
4179,0.6687100529670715
4180,0.6760984659194946
4181,0.6899233460426331
4182,0.6824344992637634
4183,0.6719241142272949
4184,0.682445764541626
4185,0.6724417805671692
4186,0.6795556545257568
4187,0.6831666827201843
4188,0.682582437992096
4189,0.69771409034729
4190,0.6938098669052124
4191,0.6948939561843872
4192,0.697545051574707
4193,0.6987535357475281
4194,0.7031205892562866
4195,0.7070667743682861
4196,0.7060202956199646
4197,0.682762622833252
4198,0.6920638084411621
4199,0.6870501041412354
4200,0.7015306949615479
4201,0.6862456202507019
4202,0.7053250074386597
4203,0.6986357569694519
4204,0.6974884271621704
4205,0.7054467797279358
4206,0.7061112523078918
4207,0.7022780776023865
4208,0.7034120559692383
4209,0.7141860723495483
4210,0.7172929644584656
4211,0.7234973311424255
4212,0.7195913195610046
4213,0.7134819626808167
4214,0.7033147811889648
4215,0.698575496673584
4216,0.6966906189918518
4217,0.6948018074035645
4218,0.7002947926521301
4219,0.6904114484786987
4220,0.673298180103302
4221,0.6741906404495239
4222,0.6849644184112549
4223,0.6901517510414124
4224,0.6888508796691895
4225,0.6739339828491211
4226,0.6757688522338867
4227,0.676889181137085
4228,0.6761307716369629
4229,0.6825760006904602
4230,0.6954596638679504
4231,0.689382791519165
4232,0.685637891292572
4233,0.6883689165115356
4234,0.688991367816925
4235,0.7013465762138367
4236,0.6903648972511292
4237,0.6896973848342896
4238,0.48791828751564026
4239,0.6965503096580505
4240,0.6910872459411621
4241,0.67476886510849
4242,0.6816807985305786
4243,0.6940200924873352
4244,0.6926178932189941
4245,0.7044270038604736
4246,0.6934208273887634
4247,0.6858057975769043
4248,0.6835956573486328
4249,0.7019259929656982
4250,0.699110746383667
4251,0.6864614486694336
4252,0.6882534623146057
4253,0.6969171762466431
4254,0.6902913451194763
4255,0.6945123672485352
4256,0.6888404488563538
4257,0.691274106502533
4258,0.6962676048278809
4259,0.6930301785469055
4260,0.7067754864692688
4261,0.7091399431228638
4262,0.6682177782058716
4263,0.7096855044364929
4264,0.6749234199523926
4265,0.7079788446426392
4266,0.5882443785667419
4267,0.703622043132782
4268,0.7058713436126709
4269,0.7025037407875061
4270,0.6947789788246155
4271,0.688050389289856
4272,0.6926525831222534
4273,0.6821328401565552
4274,0.6765825748443604
4275,0.6632230281829834
4276,0.6462979316711426
4277,0.6503128409385681
4278,0.6484948992729187
4279,0.6303157806396484
4280,0.6657922267913818
4281,0.6564933657646179
4282,0.6563881635665894
4283,0.6491849422454834
4284,0.6359578967094421
4285,0.6519753932952881
4286,0.6774483919143677
4287,0.6456670165061951
4288,0.6795318722724915
4289,0.6834940314292908
4290,0.6694670915603638
4291,0.668825626373291
4292,0.6768208146095276
4293,0.6867015957832336
4294,0.6850696206092834
4295,0.6968018412590027
4296,0.695067822933197
4297,0.6921767592430115
4298,0.6638256311416626
4299,0.6727355122566223
4300,0.6794882416725159
4301,0.6775464415550232
4302,0.6823245882987976
4303,0.6875576376914978
4304,0.6917865872383118
4305,0.6869358420372009
4306,0.676926851272583
4307,0.712956428527832
4308,0.6663562059402466
4309,0.6865510940551758
4310,0.693648099899292
4311,0.6843177080154419
4312,0.6753771901130676
4313,0.6884145140647888
4314,0.6946318745613098
4315,0.6678338050842285
4316,0.6910144090652466
4317,0.7142025232315063
4318,0.6960004568099976
4319,0.6805854439735413
4320,0.7117436528205872
4321,0.7009832859039307
4322,0.7170313596725464
4323,0.4741235673427582
4324,0.6794883608818054
4325,0.7136073112487793
4326,0.7122777104377747
4327,0.7181301116943359
4328,0.7017043232917786
4329,0.7015587687492371
4330,0.7073293924331665
4331,0.7043564319610596
4332,0.7093837261199951
4333,0.6990370154380798
4334,0.6890202760696411
4335,0.6882210373878479
4336,0.6942265629768372
4337,0.6920122504234314
4338,0.6836422085762024
4339,0.6754971146583557
4340,0.669705331325531
4341,0.6706765294075012
4342,0.6790446043014526
4343,0.689344584941864
4344,0.682944118976593
4345,0.6915827989578247
4346,0.7008318901062012
4347,0.690008282661438
4348,0.6988857984542847
4349,0.7009122371673584
4350,0.7049426436424255
4351,0.6113842129707336
4352,0.7110422253608704
4353,0.7031601667404175
4354,0.6975486874580383
4355,0.5235114693641663
4356,0.7221662402153015
4357,0.7174555063247681
4358,0.6376520395278931
4359,0.5581104755401611
4360,0.4924660623073578
4361,0.7124961018562317
4362,0.6631684303283691
4363,0.7052010893821716
4364,0.6504279971122742
4365,0.7163764834403992
4366,0.7062646150588989
4367,0.5070897936820984
4368,0.4785254895687103
4369,0.7070885896682739
4370,0.6962267160415649
4371,0.7031683921813965
4372,0.6754838824272156
4373,0.6885738968849182
4374,0.6841160655021667
4375,0.6900731921195984
4376,0.6839228868484497
4377,0.6909811496734619
4378,0.6939408183097839
4379,0.7011981010437012
4380,0.7026092410087585
4381,0.7077561616897583
4382,0.706676721572876
4383,0.7088506817817688
4384,0.7033656239509583
4385,0.6901770234107971
4386,0.7086794376373291
4387,0.707771897315979
4388,0.7043419480323792
4389,0.7076976299285889
4390,0.7101301550865173
4391,0.7062849998474121
4392,0.6987273693084717
4393,0.6858745217323303
4394,0.6725869178771973
4395,0.6861255764961243
4396,0.6779714822769165
4397,0.6698482632637024
4398,0.6724075078964233
4399,0.6730235815048218
4400,0.6777834892272949
4401,0.6785643100738525
4402,0.670232355594635
4403,0.6656517386436462
4404,0.6812815070152283
4405,0.6775597929954529
4406,0.67408287525177
4407,0.6739643812179565
4408,0.6761295795440674
4409,0.6839597821235657
4410,0.6737522482872009
4411,0.6667600274085999
4412,0.6948565244674683
4413,0.6858938932418823
4414,0.6959207653999329
4415,0.7041195631027222
4416,0.7141488790512085
4417,0.7003685235977173
4418,0.6973264217376709
4419,0.6983565092086792
4420,0.6892625689506531
4421,0.6812143921852112
4422,0.6927164196968079
4423,0.6756107211112976
4424,0.6811950206756592
4425,0.6899080872535706
4426,0.6732081770896912
4427,0.6692178249359131
4428,0.6730251312255859
4429,0.6803907752037048
4430,0.6791442632675171
4431,0.6790579557418823
4432,0.7041302919387817
4433,0.6915833353996277
4434,0.6889849305152893
4435,0.6426295638084412
4436,0.6989624500274658
4437,0.6930272579193115
4438,0.7000544667243958
4439,0.6789770722389221
4440,0.6780072450637817
4441,0.6876774430274963
4442,0.6694551706314087
4443,0.702271044254303
4444,0.7008965611457825
4445,0.70235675573349
4446,0.7029616236686707
4447,0.7007899284362793
4448,0.6984438300132751
4449,0.706814706325531
4450,0.7014338970184326
4451,0.6987974643707275
4452,0.698492705821991
4453,0.6953120231628418
4454,0.6800215840339661
4455,0.6889024376869202
4456,0.6876977682113647
4457,0.7032051086425781
4458,0.7114164233207703
4459,0.6814635396003723
4460,0.674214780330658
4461,0.6748185157775879
4462,0.6671786308288574
4463,0.6819689869880676
4464,0.6767598986625671
4465,0.6755049228668213
4466,0.6759987473487854
4467,0.6820908188819885
4468,0.6736792325973511
4469,0.6689882278442383
4470,0.6882374286651611
4471,0.7075565457344055
4472,0.700806736946106
4473,0.6997772455215454
4474,0.7233136296272278
4475,0.7099477052688599
4476,0.7059600949287415
4477,0.7065528035163879
4478,0.7106269001960754
4479,0.7126160860061646
4480,0.7052459716796875
4481,0.7240498065948486
4482,0.7132062911987305
4483,0.7141433954238892
4484,0.7042310833930969
4485,0.6945083141326904
4486,0.6862120032310486
4487,0.6936339139938354
4488,0.6893416047096252
4489,0.7036229372024536
4490,0.6704010963439941
4491,0.6639408469200134
4492,0.6533175706863403
4493,0.6579358577728271
4494,0.6593905687332153
4495,0.6601828336715698
4496,0.6579481959342957
4497,0.6724061369895935
4498,0.6499241590499878
4499,0.6839674115180969
4500,0.6790280938148499
4501,0.6903953552246094
4502,0.6787103414535522
4503,0.6898854970932007
4504,0.6892390847206116
4505,0.6815639138221741
4506,0.6867007613182068
4507,0.7027370929718018
4508,0.6923237442970276
4509,0.6787912249565125
4510,0.696779727935791
4511,0.7129389047622681
4512,0.7116507887840271
4513,0.6994784474372864
4514,0.6861484050750732
4515,0.6960906982421875
4516,0.6977912783622742
4517,0.7127630710601807
4518,0.7054112553596497
4519,0.7215238213539124
4520,0.713266134262085
4521,0.701097309589386
4522,0.6995977759361267
4523,0.6936579942703247
4524,0.7043300867080688
4525,0.6826412677764893
4526,0.6902291178703308
4527,0.6926593780517578
4528,0.6973024606704712
4529,0.5653766393661499
4530,0.6958835124969482
4531,0.6899141669273376
4532,0.6912606954574585
4533,0.6893928050994873
4534,0.6870222091674805
4535,0.6889186501502991
4536,0.6889994144439697
4537,0.6820458173751831
4538,0.6988595724105835
4539,0.7002438902854919
4540,0.7019410729408264
4541,0.7045024633407593
4542,0.6985595226287842
4543,0.7036998271942139
4544,0.714657723903656
4545,0.7189903855323792
4546,0.7227511405944824
4547,0.7188911437988281
4548,0.7133434414863586
4549,0.7118232846260071
4550,0.7088704109191895
4551,0.7115232348442078
4552,0.7130839824676514
4553,0.5500320792198181
4554,0.7076910734176636
4555,0.69028240442276
4556,0.6891789436340332
4557,0.6783720850944519
4558,0.6752517819404602
4559,0.6808562278747559
4560,0.6738823056221008
4561,0.6693974733352661
4562,0.6728392243385315
4563,0.6694204807281494
4564,0.6643454432487488
4565,0.6284931898117065
4566,0.6724344491958618
4567,0.6835309267044067
4568,0.6821545958518982
4569,0.6824048757553101
4570,0.682119607925415
4571,0.677022397518158
4572,0.6704624891281128
4573,0.6747044324874878
4574,0.661945641040802
4575,0.6617788672447205
4576,0.670246958732605
4577,0.6756615042686462
4578,0.6810781359672546
4579,0.6814661622047424
4580,0.6802542805671692
4581,0.6831752061843872
4582,0.6834390759468079
4583,0.6978050470352173
4584,0.6987326741218567
4585,0.7013015747070312
4586,0.6953405141830444
4587,0.6938780546188354
4588,0.6926752924919128
4589,0.7032783031463623
4590,0.7004718780517578
4591,0.6845832467079163
4592,0.6780130863189697
4593,0.6828998327255249
4594,0.6963057518005371
4595,0.6812322735786438
4596,0.70206218957901
4597,0.6940247416496277
4598,0.6930236220359802
4599,0.6936442852020264
4600,0.6909897327423096
4601,0.6933194994926453
4602,0.6955986022949219
4603,0.698883593082428
4604,0.7052806615829468
4605,0.6947359442710876
4606,0.6937485933303833
4607,0.6885021328926086
4608,0.6735208630561829
4609,0.6911932826042175
4610,0.676288366317749
4611,0.6962112188339233
4612,0.7004395723342896
4613,0.712565004825592
4614,0.718235433101654
4615,0.7075457572937012
4616,0.6895261406898499
4617,0.6786579489707947
4618,0.682887613773346
4619,0.6718050837516785
4620,0.6798416376113892
4621,0.6825284957885742
4622,0.6805887818336487
4623,0.6600497364997864
4624,0.6820663213729858
4625,0.6896269917488098
4626,0.6840319037437439
4627,0.6959097385406494
4628,0.6831337213516235
4629,0.6859208345413208
4630,0.705233097076416
4631,0.7220950126647949
4632,0.7181079983711243
4633,0.7113412022590637
4634,0.7063279151916504
4635,0.688618540763855
4636,0.6803863644599915
4637,0.6992380023002625
4638,0.7045406103134155
4639,0.7107511758804321
4640,0.7078769207000732
4641,0.7261584401130676
4642,0.6950042247772217
4643,0.6948603987693787
4644,0.7024941444396973
4645,0.680972695350647
4646,0.6712682247161865
4647,0.6968266367912292
4648,0.6934967637062073
4649,0.6731899976730347
4650,0.687787652015686
4651,0.6748915314674377
4652,0.6760762929916382
4653,0.6691153645515442
4654,0.6638137102127075
4655,0.6877427101135254
4656,0.6769813895225525
4657,0.5979297757148743
4658,0.7009682655334473
4659,0.5034015774726868
4660,0.7018930315971375
4661,0.711050271987915
4662,0.6212974786758423
4663,0.712843656539917
4664,0.586246132850647
4665,0.714777946472168
4666,0.6994857788085938
4667,0.26790618896484375
4668,0.7111207842826843
4669,0.5731437802314758
4670,0.6918871998786926
4671,0.6864783763885498
4672,0.6846449971199036
4673,0.6892296671867371
4674,0.6794226765632629
4675,0.6665748357772827
4676,0.6666235327720642
4677,0.6666787266731262
4678,0.6950305104255676
4679,0.7037954330444336
4680,0.6952543258666992
4681,0.6891211867332458
4682,0.6759048700332642
4683,0.6614335775375366
4684,0.6623929142951965
4685,0.6750679612159729
4686,0.675297737121582
4687,0.649843692779541
4688,0.6618977785110474
4689,0.6460368037223816
4690,0.6667354106903076
4691,0.6752224564552307
4692,0.7020765542984009
4693,0.7029492259025574
4694,0.7019685506820679
4695,0.7045022249221802
4696,0.6983498334884644
4697,0.6934046745300293
4698,0.6947581768035889
4699,0.6930896043777466
4700,0.7028999924659729
4701,0.7113332152366638
4702,0.704380989074707
4703,0.6954734921455383
4704,0.6879392266273499
4705,0.6926409602165222
4706,0.6920435428619385
4707,0.6764968633651733
4708,0.684758722782135
4709,0.6858488917350769
4710,0.7014658451080322
4711,0.6933060884475708
4712,0.7032551765441895
4713,0.6740279793739319
4714,0.6888843178749084
4715,0.690939724445343
4716,0.7107105851173401
4717,0.7190439105033875
4718,0.7123849391937256
4719,0.7058084607124329
4720,0.6952177286148071
4721,0.6841214895248413
4722,0.675475001335144
4723,0.6716404557228088
4724,0.6672549247741699
4725,0.684924840927124
4726,0.6741615533828735
4727,0.6966286897659302
4728,0.7154025435447693
4729,0.7041750550270081
4730,0.6921687126159668
4731,0.6330997943878174
4732,0.691227376461029
4733,0.6931276321411133
4734,0.7133768200874329
4735,0.7057836651802063
4736,0.7184634804725647
4737,0.6968699097633362
4738,0.6928291916847229
4739,0.6905636787414551
4740,0.6835067272186279
4741,0.6837376952171326
4742,0.6875776648521423
4743,0.6871601343154907
4744,0.6674590706825256
4745,0.6664522886276245
4746,0.664557158946991
4747,0.6780596375465393
4748,0.6722232699394226
4749,0.656658411026001
4750,0.6656471490859985
4751,0.6745819449424744
4752,0.676960289478302
4753,0.6838849186897278
4754,0.6812290549278259
4755,0.6818146705627441
4756,0.6658416986465454
4757,0.6911144852638245
4758,0.6930416226387024
4759,0.7043645977973938
4760,0.6903156042098999
4761,0.6950578689575195
4762,0.705950140953064
4763,0.7102795243263245
4764,0.7096425890922546
4765,0.7087920904159546
4766,0.6975641250610352
4767,0.7039094567298889
4768,0.7081414461135864
4769,0.7083838582038879
4770,0.7009531855583191
4771,0.691836416721344
4772,0.6823797225952148
4773,0.6881649494171143
4774,0.686809778213501
4775,0.6801933646202087
4776,0.6795251369476318
4777,0.6693662405014038
4778,0.6822385787963867
4779,0.6827380657196045
4780,0.6857588887214661
4781,0.6958513259887695
4782,0.6908605694770813
4783,0.6884146332740784
4784,0.6656155586242676
4785,0.6776519417762756
4786,0.692582905292511
4787,0.6892858147621155
4788,0.7009734511375427
4789,0.6959757208824158
4790,0.6858522891998291
4791,0.6786112785339355
4792,0.6722264885902405
4793,0.6626318693161011
4794,0.652672529220581
4795,0.6689486503601074
4796,0.6835921406745911
4797,0.684361457824707
4798,0.6967683434486389
4799,0.6885643601417542
4800,0.6811098456382751
4801,0.6870549321174622
4802,0.6883499026298523
4803,0.6875221729278564
4804,0.6939914226531982
4805,0.6850278377532959
4806,0.6913350820541382
4807,0.6732237339019775
4808,0.6794053316116333
4809,0.6879534125328064
4810,0.688893735408783
4811,0.6882850527763367
4812,0.6794776916503906
4813,0.6896675229072571
4814,0.6989501118659973
4815,0.6915916204452515
4816,0.691818118095398
4817,0.6891354322433472
4818,0.6909186840057373
4819,0.7039976716041565
4820,0.6842538714408875
4821,0.6833558082580566
4822,0.681643545627594
4823,0.6790890097618103
4824,0.6778656840324402
4825,0.7013642191886902
4826,0.6856564879417419
4827,0.6878139972686768
4828,0.6882660388946533
4829,0.6906771659851074
4830,0.6999014616012573
4831,0.6790415644645691
4832,0.6913518309593201
4833,0.6891606450080872
4834,0.686560332775116
4835,0.6794509887695312
4836,0.6753919124603271
4837,0.6538397669792175
4838,0.658749520778656
4839,0.6787457466125488
4840,0.6791709661483765
4841,0.694259524345398
4842,0.6817879676818848
4843,0.6509988903999329
4844,0.677559494972229
4845,0.6624360680580139
4846,0.6587697267532349
4847,0.6766587495803833
4848,0.6789061427116394
4849,0.6910985708236694
4850,0.6568688154220581
4851,0.6644565463066101
4852,0.6766236424446106
4853,0.6948774456977844
4854,0.7174642086029053
4855,0.6972054839134216
4856,0.6878074407577515
4857,0.6817290782928467
4858,0.6804489493370056
4859,0.705840528011322
4860,0.7059779763221741
4861,0.7115339040756226
4862,0.6918259263038635
4863,0.6890844702720642
4864,0.6823738813400269
4865,0.6860739588737488
4866,0.6959805488586426
4867,0.6887195706367493
4868,0.6901629567146301
4869,0.6771638989448547
4870,0.6867182850837708
4871,0.6791399717330933
4872,0.6968284249305725
4873,0.6911584138870239
4874,0.6891504526138306
4875,0.6790578961372375
4876,0.6874212026596069
4877,0.671994686126709
4878,0.6812098026275635
4879,0.6678047776222229
4880,0.6769967079162598
4881,0.6897119879722595
4882,0.6940905451774597
4883,0.6922947764396667
4884,0.6628516912460327
4885,0.6899085640907288
4886,0.6944645047187805
4887,0.6940212249755859
4888,0.6979318857192993
4889,0.7045823931694031
4890,0.7007653117179871
4891,0.7046528458595276
4892,0.711521565914154
4893,0.7042703628540039
4894,0.7254193425178528
4895,0.7154473662376404
4896,0.710250735282898
4897,0.7081316709518433
4898,0.7121571898460388
4899,0.7128985524177551
4900,0.695654034614563
4901,0.7014293670654297
4902,0.6834535002708435
4903,0.7037271857261658
4904,0.6868272423744202
4905,0.6835711002349854
4906,0.6847696900367737
4907,0.6836684346199036
4908,0.6971560716629028
4909,0.6736196279525757
4910,0.6726875901222229
4911,0.6821048259735107
4912,0.6753665804862976
4913,0.6901038885116577
4914,0.6914321780204773
4915,0.6894389390945435
4916,0.6969434022903442
4917,0.7048020958900452
4918,0.704239547252655
4919,0.6803184151649475
4920,0.7077107429504395
4921,0.7015443444252014
4922,0.6954236030578613
4923,0.6958954930305481
4924,0.7023740410804749
4925,0.7121323943138123
4926,0.700227677822113
4927,0.6954113841056824
4928,0.6825169324874878
4929,0.6845837235450745
4930,0.6815482378005981
4931,0.687343418598175
4932,0.6814852356910706
4933,0.6763128042221069
4934,0.6848165392875671
4935,0.692691445350647
4936,0.6930422186851501
4937,0.6877279281616211
4938,0.6902792453765869
4939,0.692255973815918
4940,0.6909201145172119
4941,0.7056870460510254
4942,0.6999186873435974
4943,0.6978804469108582
4944,0.6973783373832703
4945,0.6878854036331177
4946,0.6937832832336426
4947,0.6894974112510681
4948,0.6992759108543396
4949,0.6920861005783081
4950,0.7020307779312134
4951,0.6929940581321716
4952,0.6866193413734436
4953,0.6977081894874573
4954,0.6902104020118713
4955,0.6837791800498962
4956,0.6819817423820496
4957,0.6869637370109558
4958,0.6593502163887024
4959,0.6526044011116028
4960,0.6526063680648804
4961,0.6483327746391296
4962,0.6746537685394287
4963,0.6725521683692932
4964,0.675553560256958
4965,0.6803759336471558
4966,0.6452416777610779
4967,0.6675642132759094
4968,0.6753942370414734
4969,0.6814962029457092
4970,0.6887624859809875
4971,0.6855151653289795
4972,0.7057232856750488
4973,0.6850954294204712
4974,0.6915625929832458
4975,0.6859610080718994
4976,0.6958006620407104
4977,0.7051260471343994
4978,0.6966338753700256
4979,0.6900972723960876
4980,0.7005307078361511
4981,0.7027265429496765
4982,0.6942260265350342
4983,0.6870965957641602
4984,0.6823095083236694
4985,0.6620239019393921
4986,0.6624161005020142
4987,0.6393851637840271
4988,0.6435150504112244
4989,0.6325358748435974
4990,0.6559232473373413
4991,0.6696212887763977
4992,0.6646906137466431
4993,0.6587798595428467
4994,0.6399128437042236
4995,0.645584762096405
4996,0.6540248394012451
4997,0.6561045050621033
4998,0.6752326488494873
4999,0.6866430640220642
5000,0.6966609358787537
5001,0.7106910943984985
5002,0.6924628615379333
5003,0.6859080195426941
5004,0.6839227080345154
5005,0.7157934308052063
5006,0.5519271492958069
5007,0.7035771608352661
5008,0.7212435603141785
5009,0.6997249722480774
5010,0.7169044017791748
5011,0.7175434827804565
5012,0.7099162340164185
5013,0.6747269034385681
5014,0.6351320743560791
5015,0.6376003623008728
5016,0.6601970195770264
5017,0.6638519167900085
5018,0.7012265920639038
5019,0.7024349570274353
5020,0.6832848191261292
5021,0.6835359930992126
5022,0.692750096321106
5023,0.7122408747673035
5024,0.7056309580802917
5025,0.6998103260993958
5026,0.702185332775116
5027,0.7056368589401245
5028,0.700622022151947
5029,0.6981089115142822
5030,0.7045319080352783
5031,0.697349488735199
5032,0.6891233921051025
5033,0.7039355635643005
5034,0.707249641418457
5035,0.7064828872680664
5036,0.6999282836914062
5037,0.7051927447319031
5038,0.7114592790603638
5039,0.7112101912498474
5040,0.7088911533355713
5041,0.7125577926635742
5042,0.7001064419746399
5043,0.5455586314201355
5044,0.7060209512710571
5045,0.6973762512207031
5046,0.6888089179992676
5047,0.6891764402389526
5048,0.6980147957801819
5049,0.6990585327148438
5050,0.7009511590003967
5051,0.7102706432342529
5052,0.7054306268692017
5053,0.6934563517570496
5054,0.692611813545227
5055,0.6872366070747375
5056,0.6821706295013428
5057,0.699196994304657
5058,0.6966583132743835
5059,0.6990621089935303
5060,0.6961629986763
5061,0.6929578185081482
5062,0.6861786842346191
5063,0.6859256029129028
5064,0.6825188994407654
5065,0.687562108039856
5066,0.6983886361122131
5067,0.6924899816513062
5068,0.6969146132469177
5069,0.6850246787071228
5070,0.6797552704811096
5071,0.6864884495735168
5072,0.680943489074707
5073,0.6777166128158569
5074,0.680992603302002
5075,0.6790446043014526
5076,0.681717574596405
5077,0.6979382634162903
5078,0.6828761100769043
5079,0.6696793437004089
5080,0.670638918876648
5081,0.6791054606437683
5082,0.6803086996078491
5083,0.6740438342094421
5084,0.67519211769104
5085,0.7020242214202881
5086,0.7105975151062012
5087,0.6874107718467712
5088,0.7092964053153992
5089,0.6936001777648926
5090,0.6846330165863037
5091,0.6963884830474854
5092,0.6905527114868164
5093,0.7054829001426697
5094,0.7087478637695312
5095,0.7070785760879517
5096,0.2971908152103424
5097,0.6983533501625061
5098,0.7061685919761658
5099,0.6983253359794617
5100,0.705382764339447
5101,0.687273383140564
5102,0.6971781849861145
5103,0.691959798336029
5104,0.6950101852416992
5105,0.6862738728523254
5106,0.6966087818145752
5107,0.6882829666137695
5108,0.6726341247558594
5109,0.6616992950439453
5110,0.6773356795310974
5111,0.6871758103370667
5112,0.67920982837677
5113,0.7127233743667603
5114,0.7275326251983643
5115,0.7207108736038208
5116,0.724357008934021
5117,0.6892234683036804
5118,0.6935824155807495
5119,0.685208261013031
5120,0.685981273651123
5121,0.6911642551422119
5122,0.7081624269485474
5123,0.6971172094345093
5124,0.6989415884017944
5125,0.6179026365280151
5126,0.6917592883110046
5127,0.6982850432395935
5128,0.6897536516189575
5129,0.701568067073822
5130,0.7095538973808289
5131,0.7007248401641846
5132,0.6958813667297363
5133,0.6831831336021423
5134,0.6807354092597961
5135,0.6510390043258667
5136,0.6846409440040588
5137,0.692166268825531
5138,0.6974807977676392
5139,0.7053864598274231
5140,0.6959556341171265
5141,0.67926025390625
5142,0.6664829254150391
5143,0.670766294002533
5144,0.6683398485183716
5145,0.6990990042686462
5146,0.6874077320098877
5147,0.6983156204223633
5148,0.6989428997039795
5149,0.6863223314285278
5150,0.6865359544754028
5151,0.6770764589309692
5152,0.6751753687858582
5153,0.6850635409355164
5154,0.6851705312728882
5155,0.6934995055198669
5156,0.7055311799049377
5157,0.6876551508903503
5158,0.6981647610664368
5159,0.6874325275421143
5160,0.6873884797096252
5161,0.6996719837188721
5162,0.6999393105506897
5163,0.6936374306678772
5164,0.7025510668754578
5165,0.698213517665863
5166,0.6945146918296814
5167,0.6965619325637817
5168,0.6946926116943359
5169,0.6914534568786621
5170,0.6907774806022644
5171,0.6954308748245239
5172,0.6949542760848999
5173,0.6993866562843323
5174,0.6975007653236389
5175,0.7032663226127625
5176,0.6901869773864746
5177,0.7006863951683044
5178,0.7112516164779663
5179,0.7018059492111206
5180,0.7020670771598816
5181,0.6930822730064392
5182,0.683990478515625
5183,0.686307966709137
5184,0.6973071098327637
5185,0.6792703866958618
5186,0.6857141256332397
5187,0.6795303821563721
5188,0.6962226629257202
5189,0.6864038705825806
5190,0.6821923851966858
5191,0.676179826259613
5192,0.6828529834747314
5193,0.6968650817871094
5194,0.70283043384552
5195,0.7050411701202393
5196,0.7028235793113708
5197,0.7010852694511414
5198,0.6971789598464966
5199,0.6934981346130371
5200,0.6814336776733398
5201,0.7051375508308411
5202,0.6706670522689819
5203,0.6978759169578552
5204,0.6818722486495972
5205,0.6909152269363403
5206,0.6843809485435486
5207,0.6597139835357666
5208,0.661288321018219
5209,0.6627716422080994
5210,0.6619327664375305
5211,0.6993117928504944
5212,0.6734950542449951
5213,0.6782779693603516
5214,0.674081027507782
5215,0.6702326536178589
5216,0.6787351965904236
5217,0.6791272163391113
5218,0.6675764322280884
5219,0.6926417350769043
5220,0.6996309161186218
5221,0.6914367079734802
5222,0.6900746822357178
5223,0.6903799772262573
5224,0.6831426620483398
5225,0.6767110228538513
5226,0.6855122447013855
5227,0.6797956228256226
5228,0.6832637786865234
5229,0.700236439704895
5230,0.6893738508224487
5231,0.6855147480964661
5232,0.6828523874282837
5233,0.6738250255584717
5234,0.684299647808075
5235,0.6977752447128296
5236,0.704870879650116
5237,0.6993376016616821
5238,0.6998154520988464
5239,0.7020151019096375
5240,0.6939387917518616
5241,0.6885082125663757
5242,0.6912960410118103
5243,0.6920708417892456
5244,0.695309579372406
5245,0.705554187297821
5246,0.6956921219825745
5247,0.7034181952476501
5248,0.6943957805633545
5249,0.6939879655838013
5250,0.6853355169296265
5251,0.6942106485366821
5252,0.6901543140411377
5253,0.6897282004356384
5254,0.6824066638946533
5255,0.6770903468132019
5256,0.6883230209350586
5257,0.6842067241668701
5258,0.6898415088653564
5259,0.6931665539741516
5260,0.6907328963279724
5261,0.6906759142875671
5262,0.6936164498329163
5263,0.6964470744132996
5264,0.7088731527328491
5265,0.7131325006484985
5266,0.714771032333374
5267,0.7282286882400513
5268,0.7135230898857117
5269,0.7139967679977417
5270,0.7190164923667908
5271,0.6597596406936646
5272,0.7283734083175659
5273,0.7190283536911011
5274,0.7146146893501282
5275,0.7196231484413147
5276,0.7186871767044067
5277,0.7023757696151733
5278,0.705912709236145
5279,0.6909176111221313
5280,0.6757893562316895
5281,0.6884663105010986
5282,0.5218352675437927
5283,0.670066773891449
5284,0.680534839630127
5285,0.6877036690711975
5286,0.6953761577606201
5287,0.6516835689544678
5288,0.6933906674385071
5289,0.6946191191673279
5290,0.49063777923583984
5291,0.6752815842628479
5292,0.6994559168815613
5293,0.557164192199707
5294,0.7118843793869019
5295,0.6866700053215027
5296,0.672637939453125
5297,0.6834496259689331
5298,0.6815206408500671
5299,0.6203697323799133
5300,0.6250175833702087
5301,0.6251376867294312
5302,0.6235551834106445
5303,0.6435511708259583
5304,0.6880306005477905
5305,0.6897682547569275
5306,0.6793391108512878
5307,0.6813918948173523
5308,0.6852166056632996
5309,0.7108887434005737
5310,0.657867431640625
5311,0.7052448391914368
5312,0.7026379108428955
5313,0.6972711086273193
5314,0.6598319411277771
5315,0.6826655864715576
5316,0.6626222133636475
5317,0.67695152759552
5318,0.6917438507080078
5319,0.7089613676071167
5320,0.6949558258056641
5321,0.6730736494064331
5322,0.6633991599082947
5323,0.6626862287521362
5324,0.7075889706611633
5325,0.7103166580200195
5326,0.7020492553710938
5327,0.7021609544754028
5328,0.6990088820457458
5329,0.7022466063499451
5330,0.7120905518531799
5331,0.7199129462242126
5332,0.7100639343261719
5333,0.7064989805221558
5334,0.7075168490409851
5335,0.715273916721344
5336,0.7226302027702332
5337,0.7209120988845825
5338,0.7172795534133911
5339,0.7121850252151489
5340,0.7159743309020996
5341,0.7136775255203247
5342,0.7214394211769104
5343,0.7149984836578369
5344,0.7026280164718628
5345,0.7032197713851929
5346,0.6944079995155334
5347,0.6942348480224609
5348,0.6899456977844238
5349,0.6878108978271484
5350,0.6840918660163879
5351,0.6789690852165222
5352,0.6657044291496277
5353,0.6670023202896118
5354,0.6620537042617798
5355,0.6608841419219971
5356,0.6670330762863159
5357,0.6681084632873535
5358,0.682399570941925
5359,0.6890887022018433
5360,0.6932470202445984
5361,0.6850302815437317
5362,0.6839014291763306
5363,0.6878029704093933
5364,0.6810498237609863
5365,0.6873874068260193
5366,0.7013906836509705
5367,0.6882822513580322
5368,0.6968081593513489
5369,0.696315348148346
5370,0.6943702697753906
5371,0.6856646537780762
5372,0.6967151761054993
5373,0.7098361253738403
5374,0.710884690284729
5375,0.6831041574478149
5376,0.7102164030075073
5377,0.6945669054985046
5378,0.6875638365745544
5379,0.6910561919212341
5380,0.6868762969970703
5381,0.6759265661239624
5382,0.6718924641609192
5383,0.7018874287605286
5384,0.7051252126693726
5385,0.7084655165672302
5386,0.6894960999488831
5387,0.7046571969985962
5388,0.7026848793029785
5389,0.696814775466919
5390,0.5620090365409851
5391,0.6035367846488953
5392,0.6809241771697998
5393,0.5599206686019897
5394,0.690652072429657
5395,0.6874170303344727
5396,0.6913811564445496
5397,0.6868712306022644
5398,0.6748424172401428
5399,0.678008496761322
5400,0.6784484386444092
5401,0.676889181137085
5402,0.6786477565765381
5403,0.6784809231758118
5404,0.6779400706291199
5405,0.6912431120872498
5406,0.6901773810386658
5407,0.6871994137763977
5408,0.7034362554550171
5409,0.6917498111724854
5410,0.6748065948486328
5411,0.6681555509567261
5412,0.6918488144874573
5413,0.6505901217460632
5414,0.6807405352592468
5415,0.6887040734291077
5416,0.6957294344902039
5417,0.6963311433792114
5418,0.6784201860427856
5419,0.6807130575180054
5420,0.6817694902420044
5421,0.6840618252754211
5422,0.6810627579689026
5423,0.67830491065979
5424,0.6834662556648254
5425,0.6776610612869263
5426,0.6828667521476746
5427,0.6852579712867737
5428,0.6999579071998596
5429,0.7034097909927368
5430,0.7054782509803772
5431,0.7006142139434814
5432,0.7035903334617615
5433,0.7077770233154297
5434,0.7116813659667969
5435,0.7047498226165771
5436,0.706540584564209
5437,0.7056617736816406
5438,0.7143874168395996
5439,0.7150387763977051
5440,0.7073285579681396
5441,0.7104899883270264
5442,0.7063637375831604
5443,0.7049074172973633
5444,0.7016057372093201
5445,0.6917557120323181
5446,0.698945939540863
5447,0.6981711387634277
5448,0.69803386926651
5449,0.6959526538848877
5450,0.6949548721313477
5451,0.6916278600692749
5452,0.6869369149208069
5453,0.6853562593460083
5454,0.6831731200218201
5455,0.6884473562240601
5456,0.6974660158157349
5457,0.6920173764228821
5458,0.6902512311935425
5459,0.6840524077415466
5460,0.6905772686004639
5461,0.6820073127746582
5462,0.6895585060119629
5463,0.6915948987007141
5464,0.6924193501472473
5465,0.6985935568809509
5466,0.7037644386291504
5467,0.698081910610199
5468,0.6983259916305542
5469,0.6954725980758667
5470,0.7037240266799927
5471,0.7027536630630493
5472,0.7062440514564514
5473,0.7061508893966675
5474,0.6999361515045166
5475,0.6950477957725525
5476,0.6955581307411194
5477,0.7045798301696777
5478,0.7076106667518616
5479,0.7058559060096741
5480,0.7049031257629395
5481,0.6985645890235901
5482,0.6976532340049744
5483,0.6995612382888794
5484,0.702026903629303
5485,0.700668454170227
5486,0.7018193006515503
5487,0.6910728812217712
5488,0.6912256479263306
5489,0.6859342455863953
5490,0.6868891716003418
5491,0.6853997111320496
5492,0.6684213876724243
5493,0.677094042301178
5494,0.6672517657279968
5495,0.6765287518501282
5496,0.6772772073745728
5497,0.6855340600013733
5498,0.6653493642807007
5499,0.6653153300285339
5500,0.6646825075149536
5501,0.6738327741622925
5502,0.6664164662361145
5503,0.6808180809020996
5504,0.6887699961662292
5505,0.6856621503829956
5506,0.6841363310813904
5507,0.6798232197761536
5508,0.6713369488716125
5509,0.6854867935180664
5510,0.6786968111991882
5511,0.6747965216636658
5512,0.6755958199501038
5513,0.6672689318656921
5514,0.6724317669868469
5515,0.6726303100585938
5516,0.6727521419525146
5517,0.6817457675933838
5518,0.691064178943634
5519,0.6948700547218323
5520,0.6859068274497986
5521,0.6955043077468872
5522,0.688981294631958
5523,0.6817258596420288
5524,0.6981055736541748
5525,0.6848383545875549
5526,0.6851235032081604
5527,0.6955916881561279
5528,0.7110602855682373
5529,0.7164443731307983
5530,0.701702356338501
5531,0.703199565410614
5532,0.7004919052124023
5533,0.7014644742012024
5534,0.7082555890083313
5535,0.7078313231468201
5536,0.7073403000831604
5537,0.7022020220756531
5538,0.6988805532455444
5539,0.6912904381752014
5540,0.6794758439064026
5541,0.6881411075592041
5542,0.6869404911994934
5543,0.6728656888008118
5544,0.6697279810905457
5545,0.6656460165977478
5546,0.6768505573272705
5547,0.6585337519645691
5548,0.66358882188797
5549,0.6744703054428101
5550,0.6717967391014099
5551,0.6698122620582581
5552,0.6626233458518982
5553,0.6739437580108643
5554,0.6699560284614563
5555,0.6738147139549255
5556,0.6854721307754517
5557,0.6935963034629822
5558,0.6851440668106079
5559,0.6944628953933716
5560,0.6885421276092529
5561,0.6899011135101318
5562,0.6774219274520874
5563,0.6910635232925415
5564,0.6905054450035095
5565,0.6892772912979126
5566,0.6975200772285461
5567,0.6971390247344971
5568,0.7037484645843506
5569,0.6990184187889099
5570,0.7069306969642639
5571,0.6980493068695068
5572,0.6976063251495361
5573,0.6885347366333008
5574,0.6903380155563354
5575,0.6874926090240479
5576,0.6883243918418884
5577,0.686141848564148
5578,0.6928403973579407
5579,0.687555193901062
5580,0.7011094689369202
5581,0.6814412474632263
5582,0.6830834150314331
5583,0.6821959614753723
5584,0.6822015047073364
5585,0.6882597208023071
5586,0.6864843368530273
5587,0.6956771612167358
5588,0.6864060759544373
5589,0.6816709041595459
5590,0.6885672211647034
5591,0.6841838359832764
5592,0.6968007683753967
5593,0.6940117478370667
5594,0.7023935914039612
5595,0.693091630935669
5596,0.7085595726966858
5597,0.7155211567878723
5598,0.7127236723899841
5599,0.7098826766014099
5600,0.7078990936279297
5601,0.7128509283065796
5602,0.6858475208282471
5603,0.6923274993896484
5604,0.6993303298950195
5605,0.6958048343658447
5606,0.6869043111801147
5607,0.6805694103240967
5608,0.679548442363739
5609,0.6784673929214478
5610,0.6907868385314941
5611,0.6914688944816589
5612,0.7021737098693848
5613,0.7137165665626526
5614,0.7049339413642883
5615,0.7195870280265808
5616,0.7101584672927856
5617,0.7192680835723877
5618,0.7141163945198059
5619,0.7264761924743652
5620,0.7329270243644714
5621,0.7172248959541321
5622,0.7225058078765869
5623,0.7086079716682434
5624,0.6944608092308044
5625,0.6908164620399475
5626,0.7053844332695007
5627,0.6909668445587158
5628,0.6820329427719116
5629,0.68010014295578
5630,0.6645960211753845
5631,0.68498295545578
5632,0.6695494055747986
5633,0.6690019369125366
5634,0.6854723691940308
5635,0.7132853865623474
5636,0.705513060092926
5637,0.6911353468894958
5638,0.6852920651435852
5639,0.6836331486701965
5640,0.6985059380531311
5641,0.6983633637428284
5642,0.68990558385849
5643,0.6975535750389099
5644,0.6966956257820129
5645,0.6996370553970337
5646,0.7027806639671326
5647,0.695279598236084
5648,0.6955435872077942
5649,0.7020121216773987
5650,0.6991329193115234
5651,0.7010844349861145
5652,0.7012871503829956
5653,0.696008563041687
5654,0.698976457118988
5655,0.6886999011039734
5656,0.6926748752593994
5657,0.7015409469604492
5658,0.7033809423446655
5659,0.6959547996520996
5660,0.6965929865837097
5661,0.7067520618438721
5662,0.7091701030731201
5663,0.7091500759124756
5664,0.7028290629386902
5665,0.7056028246879578
5666,0.6922470331192017
5667,0.6855931878089905
5668,0.6973968744277954
5669,0.6863659024238586
5670,0.6920602917671204
5671,0.6846632957458496
5672,0.6896971464157104
5673,0.685673713684082
5674,0.6858834624290466
5675,0.6894283294677734
5676,0.6775670647621155
5677,0.6991351246833801
5678,0.6989343762397766
5679,0.6983337998390198
5680,0.7035243511199951
5681,0.7048178911209106
5682,0.6943709850311279
5683,0.7014703750610352
5684,0.7012882232666016
5685,0.6978198885917664
5686,0.705337405204773
5687,0.6958351135253906
5688,0.6960379481315613
5689,0.7053817510604858
5690,0.6986599564552307
5691,0.699105441570282
5692,0.710955023765564
5693,0.7034822702407837
5694,0.7063511610031128
5695,0.7094895839691162
5696,0.707342803478241
5697,0.7007260322570801
5698,0.699368417263031
5699,0.7058654427528381
5700,0.6979708671569824
5701,0.718172013759613
5702,0.7033894062042236
5703,0.7072703242301941
5704,0.7030861973762512
5705,0.6952035427093506
5706,0.6946666240692139
5707,0.6936865448951721
5708,0.694518506526947
5709,0.690541684627533
5710,0.6985967755317688
5711,0.6900919079780579
5712,0.7000843286514282
5713,0.6963425278663635
5714,0.6953062415122986
5715,0.6899914145469666
5716,0.6970977187156677
5717,0.6901099681854248
5718,0.6993572115898132
5719,0.7049366235733032
5720,0.6984598636627197
5721,0.6992059946060181
5722,0.692401647567749
5723,0.7060865163803101
5724,0.7181323170661926
5725,0.7070386409759521
5726,0.7073341608047485
5727,0.6827622652053833
5728,0.7064211368560791
5729,0.7004227638244629
5730,0.6997342705726624
5731,0.6945074796676636
5732,0.7085025310516357
5733,0.7021522521972656
5734,0.6977827548980713
5735,0.7007474899291992
5736,0.6984845995903015
5737,0.7053557634353638
5738,0.6870056986808777
5739,0.6848837733268738
5740,0.6894388198852539
5741,0.6939932107925415
5742,0.6905879974365234
5743,0.6895588040351868
5744,0.6896411180496216
5745,0.68377286195755
5746,0.6718264222145081
5747,0.672407329082489
5748,0.6695654392242432
5749,0.6711395382881165
5750,0.6831986308097839
5751,0.6832998394966125
5752,0.6781925559043884
5753,0.6848469376564026
5754,0.6725795865058899
5755,0.6793038249015808
5756,0.6779921054840088
5757,0.684593915939331
5758,0.7005634903907776
5759,0.6823940277099609
5760,0.6879186034202576
5761,0.7259594798088074
5762,0.7029726505279541
5763,0.6941664218902588
5764,0.7005744576454163
5765,0.6904157996177673
5766,0.6891631484031677
5767,0.696096658706665
5768,0.7103910446166992
5769,0.6998849511146545
5770,0.7130982875823975
5771,0.6917598247528076
5772,0.695008397102356
5773,0.7017923593521118
5774,0.6969588994979858
5775,0.6953177452087402
5776,0.6956223845481873
5777,0.6873071193695068
5778,0.6870027184486389
5779,0.6869004964828491
5780,0.6824044585227966
5781,0.6844173669815063
5782,0.6929107308387756
5783,0.6860527992248535
5784,0.6780779957771301
5785,0.6702454686164856
5786,0.6571804881095886
5787,0.6766567230224609
5788,0.682573139667511
5789,0.6831009984016418
5790,0.6970658302307129
5791,0.6963884234428406
5792,0.6976379752159119
5793,0.7030383944511414
5794,0.7046539783477783
5795,0.7098623514175415
5796,0.25799795985221863
5797,0.258161723613739
5798,0.25613266229629517
5799,0.27836939692497253
5800,0.281940758228302
5801,0.7185054421424866
5802,0.27761831879615784
5803,0.25753164291381836
5804,0.7262310981750488
5805,0.23296087980270386
5806,0.2814633250236511
5807,0.6100854277610779
5808,0.7274255156517029
5809,0.687017560005188
5810,0.6855127215385437
5811,0.29123011231422424
5812,0.4709734618663788
5813,0.6764717698097229
5814,0.7087055444717407
5815,0.68260657787323
5816,0.6085094809532166
5817,0.7108458280563354
5818,0.6988920569419861
5819,0.6848335266113281
5820,0.6788208484649658
5821,0.4063809812068939
5822,0.6886265873908997
5823,0.6633031368255615
5824,0.6615408062934875
5825,0.664280891418457
5826,0.640984296798706
5827,0.6944778561592102
5828,0.7040383815765381
5829,0.6975995302200317
5830,0.6862429976463318
5831,0.701033890247345
5832,0.7078807950019836
5833,0.7064635753631592
5834,0.7041824460029602
5835,0.6912539601325989
5836,0.6872585415840149
5837,0.6903642416000366
5838,0.707191526889801
5839,0.7098835110664368
5840,0.7096801400184631
5841,0.7126896381378174
5842,0.7050596475601196
5843,0.7047958970069885
5844,0.7021506428718567
5845,0.7003241181373596
5846,0.7016974091529846
5847,0.6952080130577087
5848,0.69291752576828
5849,0.6928763389587402
5850,0.6849399209022522
5851,0.6766741871833801
5852,0.6823762655258179
5853,0.6911153793334961
5854,0.6820648908615112
5855,0.6835814714431763
5856,0.6762682795524597
5857,0.6795137524604797
5858,0.6773707866668701
5859,0.6849992275238037
5860,0.6995599865913391
5861,0.6945042610168457
5862,0.6846794486045837
5863,0.6943725347518921
5864,0.6871916651725769
5865,0.6900278925895691
5866,0.6911888718605042
5867,0.6817085146903992
5868,0.6976383328437805
5869,0.7064501047134399
5870,0.6786203384399414
5871,0.6845731139183044
5872,0.6903387904167175
5873,0.7043164372444153
5874,0.7052338123321533
5875,0.5816289782524109
5876,0.7085638642311096
5877,0.7136716842651367
5878,0.6992718577384949
5879,0.6818861365318298
5880,0.6938917636871338
5881,0.6944512128829956
5882,0.698529064655304
5883,0.6999407410621643
5884,0.6840482354164124
5885,0.6884059309959412
5886,0.6804800629615784
5887,0.6761864423751831
5888,0.6719530820846558
5889,0.6606202125549316
5890,0.673897922039032
5891,0.682869553565979
5892,0.6980410814285278
5893,0.6996619701385498
5894,0.6946549415588379
5895,0.6910066604614258
5896,0.685539722442627
5897,0.6853290796279907
5898,0.6759725213050842
5899,0.6846267580986023
5900,0.6941710114479065
5901,0.6922710537910461
5902,0.6987136006355286
5903,0.6801557540893555
5904,0.688363254070282
5905,0.6867598295211792
5906,0.6861004829406738
5907,0.6071792244911194
5908,0.6924976110458374
5909,0.6962003707885742
5910,0.686112642288208
5911,0.6623775959014893
5912,0.6785553693771362
5913,0.6857867240905762
5914,0.678716778755188
5915,0.6936691403388977
5916,0.6974594593048096
5917,0.6936837434768677
5918,0.6926385760307312
5919,0.7029213309288025
5920,0.6931511759757996
5921,0.7010849714279175
5922,0.7056189179420471
5923,0.7050954699516296
5924,0.6991395354270935
5925,0.6921166181564331
5926,0.6887346506118774
5927,0.6800987124443054
5928,0.674357533454895
5929,0.6780252456665039
5930,0.6772595047950745
5931,0.6824648976325989
5932,0.6802675724029541
5933,0.6857728362083435
5934,0.6778083443641663
5935,0.6721832752227783
5936,0.6718281507492065
5937,0.6736893653869629
5938,0.6884320974349976
5939,0.6777925491333008
5940,0.7009576559066772
5941,0.6730073690414429
5942,0.6799746155738831
5943,0.6725733280181885
5944,0.6823357939720154
5945,0.6903629899024963
5946,0.6784155368804932
5947,0.6890977025032043
5948,0.6829707622528076
5949,0.680802583694458
5950,0.6931619644165039
5951,0.6894469261169434
5952,0.6738510727882385
5953,0.6807270646095276
5954,0.6838062405586243
5955,0.6778175830841064
5956,0.6808833479881287
5957,0.6793224811553955
5958,0.6816791296005249
5959,0.6743624806404114
5960,0.6891099214553833
5961,0.6908328533172607
5962,0.6989392638206482
5963,0.6937980651855469
5964,0.6983226537704468
5965,0.681334912776947
5966,0.6702675819396973
5967,0.6716017127037048
5968,0.6693415641784668
5969,0.6668817400932312
5970,0.6389476656913757
5971,0.6637384295463562
5972,0.669934093952179
5973,0.6756691336631775
5974,0.6705044507980347
5975,0.667449414730072
5976,0.6706773638725281
5977,0.6467164754867554
5978,0.6643908619880676
5979,0.6693999767303467
5980,0.6882346868515015
5981,0.6757994890213013
5982,0.6968061327934265
5983,0.6940925717353821
5984,0.6802147626876831
5985,0.6899222731590271
5986,0.6792497038841248
5987,0.6790693402290344
5988,0.67994225025177
5989,0.6954935193061829
5990,0.6856318712234497
5991,0.6952865123748779
5992,0.7026749849319458
5993,0.6927053332328796
5994,0.706004798412323
5995,0.6913083791732788
5996,0.6815768480300903
5997,0.6740373969078064
5998,0.7004812955856323
5999,0.6943569183349609
6000,0.6959736943244934
6001,0.701154351234436
6002,0.7104042768478394
6003,0.7049306631088257
6004,0.7049482464790344
6005,0.7075662016868591
6006,0.7172157168388367
6007,0.7088209986686707
6008,0.7085343599319458
6009,0.6996501088142395
6010,0.7056953310966492
6011,0.7061553597450256
6012,0.6870532631874084
6013,0.6770777106285095
6014,0.6569681167602539
6015,0.6646726727485657
6016,0.6698626279830933
6017,0.6478650569915771
6018,0.6733964085578918
6019,0.6798173189163208
6020,0.6563702821731567
6021,0.6713808178901672
6022,0.6786723732948303
6023,0.6872492432594299
6024,0.6846268177032471
6025,0.6687817573547363
6026,0.6795568466186523
6027,0.6786249279975891
6028,0.6925980448722839
6029,0.6758881211280823
6030,0.6884929537773132
6031,0.6733466386795044
6032,0.7005791664123535
6033,0.6822606325149536
6034,0.6720908880233765
6035,0.6994107365608215
6036,0.6999918818473816
6037,0.692040741443634
6038,0.6913199424743652
6039,0.6832767128944397
6040,0.6820428967475891
6041,0.6826490163803101
6042,0.690341055393219
6043,0.6854934096336365
6044,0.6803464889526367
6045,0.6728993058204651
6046,0.6873643398284912
6047,0.6806986331939697
6048,0.6704109311103821
6049,0.6787927746772766
6050,0.6732940077781677
6051,0.6673175096511841
6052,0.6538352370262146
6053,0.6603003740310669
6054,0.6754714846611023
6055,0.68461012840271
6056,0.6890177130699158
6057,0.6835087537765503
6058,0.6911782622337341
6059,0.6808686852455139
6060,0.6934256553649902
6061,0.6888728737831116
6062,0.6998856067657471
6063,0.6911914348602295
6064,0.7052633166313171
6065,0.7089305520057678
6066,0.6822519898414612
6067,0.6823785901069641
6068,0.6905010938644409
6069,0.6791412234306335
6070,0.6869041919708252
6071,0.6920889616012573
6072,0.6919147968292236
6073,0.6938852071762085
6074,0.6828576326370239
6075,0.6803785562515259
6076,0.6791672110557556
6077,0.6773771047592163
6078,0.6896827220916748
6079,0.6886225342750549
6080,0.6824694275856018
6081,0.6827453970909119
6082,0.6815671920776367
6083,0.6800242066383362
6084,0.689132571220398
6085,0.6876295208930969
6086,0.68790602684021
6087,0.6825980544090271
6088,0.7014132142066956
6089,0.6827822923660278
6090,0.6857189536094666
6091,0.6871111989021301
6092,0.6938970685005188
6093,0.6961739659309387
6094,0.6887903809547424
6095,0.6943582892417908
6096,0.6858208775520325
6097,0.6773102879524231
6098,0.702509343624115
6099,0.6985784769058228
6100,0.7010030746459961
6101,0.7135007381439209
6102,0.6966810822486877
6103,0.7058761119842529
6104,0.6963896751403809
6105,0.7059699296951294
6106,0.7004839181900024
6107,0.7023261785507202
6108,0.6990715265274048
6109,0.7097921371459961
6110,0.70838862657547
6111,0.7183096408843994
6112,0.706183671951294
6113,0.7041226029396057
6114,0.6972439885139465
6115,0.7058449983596802
6116,0.708572268486023
6117,0.6917630434036255
6118,0.6948464512825012
6119,0.6943283677101135
6120,0.6924213767051697
6121,0.6974804401397705
6122,0.6964123845100403
6123,0.6810426115989685
6124,0.6916294693946838
6125,0.6636296510696411
6126,0.682064414024353
6127,0.6756985187530518
6128,0.686887800693512
6129,0.6823632717132568
6130,0.6935603618621826
6131,0.6957809925079346
6132,0.696557343006134
6133,0.6951828598976135
6134,0.7116876244544983
6135,0.6931183338165283
6136,0.6938484311103821
6137,0.704313337802887
6138,0.706588625907898
6139,0.7068917155265808
6140,0.708730936050415
6141,0.7116593718528748
6142,0.7101525664329529
6143,0.7128533720970154
6144,0.7047939896583557
6145,0.6977266073226929
6146,0.6877927184104919
6147,0.7051405906677246
6148,0.6763890385627747
6149,0.6855252385139465
6150,0.6812753677368164
6151,0.6665980219841003
6152,0.656446635723114
6153,0.6557082533836365
6154,0.6606674194335938
6155,0.6679847836494446
6156,0.6761486530303955
6157,0.6916958093643188
6158,0.681168258190155
6159,0.6858100295066833
6160,0.6904577612876892
6161,0.6903058290481567
6162,0.6388077735900879
6163,0.6837326884269714
6164,0.6899777054786682
6165,0.6790018677711487
6166,0.6887719035148621
6167,0.6874679923057556
6168,0.6995377540588379
6169,0.695092499256134
6170,0.6851707696914673
6171,0.6953537464141846
6172,0.7055491209030151
6173,0.7111662030220032
6174,0.7059635519981384
6175,0.7027309536933899
6176,0.7067347764968872
6177,0.7001433968544006
6178,0.7235432863235474
6179,0.7100911140441895
6180,0.7069149613380432
6181,0.7079818248748779
6182,0.6976688504219055
6183,0.6990993022918701
6184,0.6947742104530334
6185,0.7003114223480225
6186,0.7015693783760071
6187,0.6969878673553467
6188,0.7019046545028687
6189,0.6898003220558167
6190,0.6924678087234497
6191,0.685917317867279
6192,0.6848855018615723
6193,0.686328113079071
6194,0.6830635070800781
6195,0.6939024329185486
6196,0.6946780681610107
6197,0.7005189657211304
6198,0.687676191329956
6199,0.688921332359314
6200,0.692535936832428
6201,0.6915401816368103
6202,0.6031543612480164
6203,0.6989655494689941
6204,0.7017216086387634
6205,0.6978568434715271
6206,0.6912991404533386
6207,0.6910492777824402
6208,0.6897919178009033
6209,0.6864500045776367
6210,0.6718524694442749
6211,0.6786850094795227
6212,0.6880452036857605
6213,0.6972451210021973
6214,0.6869071125984192
6215,0.688269853591919
6216,0.6909694075584412
6217,0.6838643550872803
6218,0.6904839277267456
6219,0.6935471296310425
6220,0.6984273791313171
6221,0.700534462928772
6222,0.6996813416481018
6223,0.7001786828041077
6224,0.700871467590332
6225,0.7025755047798157
6226,0.6934570670127869
6227,0.703585684299469
6228,0.6912857294082642
6229,0.695479154586792
6230,0.6957377791404724
6231,0.6891792416572571
6232,0.7035099864006042
6233,0.705489993095398
6234,0.6984642148017883
6235,0.7068383097648621
6236,0.6963334083557129
6237,0.6878564953804016
6238,0.6992806792259216
6239,0.6976142525672913
6240,0.7019580006599426
6241,0.7111205458641052
6242,0.7087061405181885
6243,0.7060129642486572
6244,0.6898888945579529
6245,0.6979845762252808
6246,0.6871536374092102
6247,0.6807993054389954
6248,0.6737931370735168
6249,0.6922428607940674
6250,0.6916755437850952
6251,0.7060333490371704
6252,0.7053216099739075
6253,0.7160950899124146
6254,0.7105340957641602
6255,0.699122965335846
6256,0.7127803564071655
6257,0.7049748301506042
6258,0.7064940333366394
6259,0.7016507983207703
6260,0.7007399797439575
6261,0.6979861259460449
6262,0.6834403276443481
6263,0.6979690790176392
6264,0.6905735731124878
6265,0.6957060098648071
6266,0.6971812844276428
6267,0.6859666705131531
6268,0.6904128193855286
6269,0.6920833587646484
6270,0.6853494048118591
6271,0.6918232440948486
6272,0.6836620569229126
6273,0.6830000281333923
6274,0.6944382786750793
6275,0.687092125415802
6276,0.6937652826309204
6277,0.701205313205719
6278,0.6862819194793701
6279,0.686030387878418
6280,0.6864228844642639
6281,0.6880919337272644
6282,0.6822183728218079
6283,0.6889491677284241
6284,0.6895074248313904
6285,0.683036208152771
6286,0.6908426880836487
6287,0.6926076412200928
6288,0.6814995408058167
6289,0.6784542202949524
6290,0.6942293643951416
6291,0.6940703392028809
6292,0.6926395297050476
6293,0.685338020324707
6294,0.6756817102432251
6295,0.6922163963317871
6296,0.6843903660774231
6297,0.6931052207946777
6298,0.6941116452217102
6299,0.6810347437858582
6300,0.6865032911300659
6301,0.6893560290336609
6302,0.6930786967277527
6303,0.6841490268707275
6304,0.6929020285606384
6305,0.6830024123191833
6306,0.6912535429000854
6307,0.6848859190940857
6308,0.6873462200164795
6309,0.686914324760437
6310,0.6877018213272095
6311,0.6872345805168152
6312,0.6933127641677856
6313,0.6918647885322571
6314,0.6895567774772644
6315,0.6838777661323547
6316,0.6772823333740234
6317,0.6726282238960266
6318,0.6745339632034302
6319,0.6815741658210754
6320,0.6934356093406677
6321,0.7022452354431152
6322,0.701522707939148
6323,0.6936594843864441
6324,0.7021282315254211
6325,0.6883319020271301
6326,0.6953082084655762
6327,0.6978949308395386
6328,0.7032952308654785
6329,0.6982635259628296
6330,0.7106688022613525
6331,0.7007423639297485
6332,0.6922956705093384
6333,0.684518575668335
6334,0.6652803421020508
6335,0.6529688239097595
6336,0.6595068573951721
6337,0.663564920425415
6338,0.6907840371131897
6339,0.6643821597099304
6340,0.6983575224876404
6341,0.6884140372276306
6342,0.6922622323036194
6343,0.6712621450424194
6344,0.6843580603599548
6345,0.7068361043930054
6346,0.6899834871292114
6347,0.7062796354293823
6348,0.710506796836853
6349,0.6999800205230713
6350,0.716601550579071
6351,0.7156450152397156
6352,0.7224418520927429
6353,0.7204310297966003
6354,0.7193597555160522
6355,0.7090644836425781
6356,0.7280246615409851
6357,0.7186080813407898
6358,0.7163979411125183
6359,0.724478006362915
6360,0.7007251977920532
6361,0.6944042444229126
6362,0.695867121219635
6363,0.6937398910522461
6364,0.6971430778503418
6365,0.6835706830024719
6366,0.6840683221817017
6367,0.6624918580055237
6368,0.6779985427856445
6369,0.6791489124298096
6370,0.6712432503700256
6371,0.6573804616928101
6372,0.6511443257331848
6373,0.6451475024223328
6374,0.6680485010147095
6375,0.6770696043968201
6376,0.6777560114860535
6377,0.6830369830131531
6378,0.6771226525306702
6379,0.6775516867637634
6380,0.677078902721405
6381,0.6861669421195984
6382,0.6939709782600403
6383,0.6854877471923828
6384,0.6988903284072876
6385,0.7021005153656006
6386,0.7051698565483093
6387,0.7054808735847473
6388,0.6995227932929993
6389,0.6998462677001953
6390,0.7074278593063354
6391,0.7078219056129456
6392,0.7033229470252991
6393,0.7007334232330322
6394,0.7036937475204468
6395,0.6206853985786438
6396,0.7130510807037354
6397,0.7038476467132568
6398,0.5595162510871887
6399,0.5767594575881958
6400,0.452616423368454
6401,0.7057416439056396
6402,0.7174052596092224
6403,0.708249568939209
6404,0.6980879902839661
6405,0.5774723291397095
6406,0.6887856125831604
6407,0.49549686908721924
6408,0.7138569355010986
6409,0.7164663672447205
6410,0.7031442523002625
6411,0.2861481308937073
6412,0.7083888649940491
6413,0.6990402936935425
6414,0.7026278376579285
6415,0.4753473401069641
6416,0.7081241607666016
6417,0.7078863978385925
6418,0.7002716660499573
6419,0.709402322769165
6420,0.7045319080352783
6421,0.7090754508972168
6422,0.705881655216217
6423,0.7113006114959717
6424,0.7125526070594788
6425,0.7084667682647705
6426,0.7108885049819946
6427,0.7073488235473633
6428,0.708779513835907
6429,0.6989387273788452
6430,0.6962421536445618
6431,0.7005214095115662
6432,0.7058789134025574
6433,0.7071826457977295
6434,0.7097631096839905
6435,0.7103404402732849
6436,0.7067513465881348
6437,0.6943625807762146
6438,0.6912746429443359
6439,0.6870726943016052
6440,0.6846277713775635
6441,0.6833014488220215
6442,0.6867849230766296
6443,0.6749590635299683
6444,0.6840149760246277
6445,0.6894789934158325
6446,0.680889368057251
6447,0.6841678619384766
6448,0.6866737604141235
6449,0.6884206533432007
6450,0.6895396113395691
6451,0.6915562152862549
6452,0.6907596588134766
6453,0.7045797109603882
6454,0.6986190676689148
6455,0.7016505599021912
6456,0.701477587223053
6457,0.6894610524177551
6458,0.6957770586013794
6459,0.701941967010498
6460,0.7096567153930664
6461,0.715059757232666
6462,0.7058026194572449
6463,0.7045785784721375
6464,0.7150198221206665
6465,0.6995561122894287
6466,0.6888354420661926
6467,0.6795786023139954
6468,0.6866142153739929
6469,0.6869183778762817
6470,0.7127072811126709
6471,0.7056243419647217
6472,0.6992679834365845
6473,0.6986948251724243
6474,0.7074231505393982
6475,0.708283543586731
6476,0.7074911594390869
6477,0.6999157667160034
6478,0.7053237557411194
6479,0.7158790826797485
6480,0.7074750661849976
6481,0.700711727142334
6482,0.7085325121879578
6483,0.6992790102958679
6484,0.7166036367416382
6485,0.7126414179801941
6486,0.7125147581100464
6487,0.7007972002029419
6488,0.6862290501594543
6489,0.7025105953216553
6490,0.6784030199050903
6491,0.6883074045181274
6492,0.6871047019958496
6493,0.6927501559257507
6494,0.6807783842086792
6495,0.6711220741271973
6496,0.6670138239860535
6497,0.6665734648704529
6498,0.6836323142051697
6499,0.671709418296814
6500,0.6649900674819946
6501,0.6715680956840515
6502,0.6728776097297668
6503,0.6829485297203064
6504,0.6796643733978271
6505,0.680355429649353
6506,0.6575112342834473
6507,0.6508231163024902
6508,0.6779038310050964
6509,0.6854511499404907
6510,0.6945929527282715
6511,0.7075728178024292
6512,0.6987608671188354
6513,0.6927759051322937
6514,0.6890288591384888
6515,0.6874970197677612
6516,0.7023748159408569
6517,0.7066853046417236
6518,0.7158214449882507
6519,0.705657422542572
6520,0.7045533657073975
6521,0.7035874128341675
6522,0.7028564810752869
6523,0.6992567777633667
6524,0.6914383172988892
6525,0.6996643543243408
6526,0.7085117697715759
6527,0.7193257808685303
6528,0.7146846652030945
6529,0.7031515836715698
6530,0.6930015087127686
6531,0.69601970911026
6532,0.6922445893287659
6533,0.6921175122261047
6534,0.7005338668823242
6535,0.6971232295036316
6536,0.6944584250450134
6537,0.6897841691970825
6538,0.6970714926719666
6539,0.690652072429657
6540,0.7038301229476929
6541,0.6988333463668823
6542,0.7027139067649841
6543,0.7037836313247681
6544,0.6959740519523621
6545,0.6917872428894043
6546,0.6898484230041504
6547,0.6867613196372986
6548,0.6799944043159485
6549,0.6699637174606323
6550,0.6719635725021362
6551,0.6630873680114746
6552,0.664586067199707
6553,0.6654841303825378
6554,0.6786263585090637
6555,0.6738781332969666
6556,0.6825701594352722
6557,0.6744139790534973
6558,0.6807410717010498
6559,0.6847759485244751
6560,0.6681047677993774
6561,0.6765530109405518
6562,0.6849061250686646
6563,0.6912714242935181
6564,0.6964108943939209
6565,0.6895207166671753
6566,0.6969494223594666
6567,0.6915672421455383
6568,0.6824391484260559
6569,0.6720756888389587
6570,0.6702444553375244
6571,0.6678528189659119
6572,0.6674408316612244
6573,0.6623441576957703
6574,0.6703670620918274
6575,0.6844394207000732
6576,0.6756927967071533
6577,0.6892979741096497
6578,0.6873349547386169
6579,0.6897771954536438
6580,0.6897167563438416
6581,0.6969454884529114
6582,0.6978769302368164
6583,0.6872437596321106
6584,0.6850618124008179
6585,0.6851781606674194
6586,0.683749794960022
6587,0.693365752696991
6588,0.6841374635696411
6589,0.6858202219009399
6590,0.69265216588974
6591,0.7035880088806152
6592,0.7076307535171509
6593,0.7141497135162354
6594,0.7048516869544983
6595,0.7020974159240723
6596,0.6863293647766113
6597,0.6917877793312073
6598,0.6896182894706726
6599,0.6883230805397034
6600,0.701246440410614
6601,0.6834923624992371
6602,0.6752884387969971
6603,0.6671087741851807
6604,0.6829788088798523
6605,0.665960967540741
6606,0.6825212836265564
6607,0.6920612454414368
6608,0.6760275959968567
6609,0.6243764162063599
6610,0.6566974520683289
6611,0.6649407148361206
6612,0.6754961609840393
6613,0.6835586428642273
6614,0.6863012909889221
6615,0.6818923354148865
6616,0.6806670427322388
6617,0.6860504150390625
6618,0.6978822946548462
6619,0.7007043957710266
6620,0.7139210104942322
6621,0.7062552571296692
6622,0.6919503808021545
6623,0.6917425990104675
6624,0.6748908758163452
6625,0.6645527482032776
6626,0.6537099480628967
6627,0.6591549515724182
6628,0.6749976277351379
6629,0.661578357219696
6630,0.6585997343063354
6631,0.6582379341125488
6632,0.648916482925415
6633,0.6595878601074219
6634,0.6793504357337952
6635,0.6593220233917236
6636,0.6704353094100952
6637,0.6732249855995178
6638,0.6852043867111206
6639,0.6881892085075378
6640,0.6860260367393494
6641,0.6859151721000671
6642,0.6966570019721985
6643,0.7048161029815674
6644,0.7008651494979858
6645,0.7040964365005493
6646,0.7096368074417114
6647,0.7019093632698059
6648,0.6985771656036377
6649,0.6989967823028564
6650,0.7045580744743347
6651,0.7022120356559753
6652,0.6963919997215271
6653,0.6927871108055115
6654,0.6824657917022705
6655,0.6910101771354675
6656,0.690010666847229
6657,0.6896980404853821
6658,0.6966409683227539
6659,0.6834118962287903
6660,0.6753735542297363
6661,0.6831924319267273
6662,0.6907276511192322
6663,0.695220410823822
6664,0.6866995692253113
6665,0.6824616193771362
6666,0.6873000860214233
6667,0.6824086904525757
6668,0.7006137371063232
6669,0.6961151957511902
6670,0.6918854117393494
6671,0.6935908794403076
6672,0.6807329654693604
6673,0.6950216293334961
6674,0.6888468861579895
6675,0.6988485455513
6676,0.698782205581665
6677,0.6963964104652405
6678,0.6871461868286133
6679,0.6849794983863831
6680,0.6887255311012268
6681,0.598922610282898
6682,0.6342158913612366
6683,0.6177107095718384
6684,0.6102695465087891
6685,0.6527366638183594
6686,0.6375905275344849
6687,0.669853150844574
6688,0.6502718329429626
6689,0.7001433372497559
6690,0.2686597406864166
6691,0.2633972764015198
6692,0.27915889024734497
6693,0.6784219145774841
6694,0.7028172016143799
6695,0.27607566118240356
6696,0.23317377269268036
6697,0.2223583459854126
6698,0.2000325620174408
6699,0.22422964870929718
6700,0.6851597428321838
6701,0.6899331212043762
6702,0.6837158203125
6703,0.6936181783676147
6704,0.7161576747894287
6705,0.7166764736175537
6706,0.7386553883552551
6707,0.740431547164917
6708,0.7144586443901062
6709,0.6990600228309631
6710,0.7068268060684204
6711,0.6717467308044434
6712,0.6515012979507446
6713,0.6398881077766418
6714,0.6571623682975769
6715,0.6585431694984436
6716,0.6885857582092285
6717,0.6820394992828369
6718,0.6730037331581116
6719,0.682745099067688
6720,0.6936565041542053
6721,0.6962739825248718
6722,0.7015507221221924
6723,0.2691575884819031
6724,0.3036932051181793
6725,0.6800492405891418
6726,0.6692057251930237
6727,0.6597309708595276
6728,0.6635898351669312
6729,0.6739634871482849
6730,0.6735063791275024
6731,0.6680476069450378
6732,0.6544812917709351
6733,0.6515705585479736
6734,0.6877620816230774
6735,0.6848574280738831
6736,0.6877085566520691
6737,0.6810415387153625
6738,0.6845797300338745
6739,0.6893666982650757
6740,0.7078298330307007
6741,0.7167801260948181
6742,0.6985309720039368
6743,0.6981213688850403
6744,0.6912519931793213
6745,0.688334047794342
6746,0.6790238618850708
6747,0.6936339735984802
6748,0.6826894283294678
6749,0.6791111826896667
6750,0.6850705742835999
6751,0.688205897808075
6752,0.6903666853904724
6753,0.6818585395812988
6754,0.6885283589363098
6755,0.6861395239830017
6756,0.6891682744026184
6757,0.6903437376022339
6758,0.6884532570838928
6759,0.6882801055908203
6760,0.6868787407875061
6761,0.6928009390830994
6762,0.6682045459747314
6763,0.6689083576202393
6764,0.6726186275482178
6765,0.668279230594635
6766,0.6773577928543091
6767,0.681689441204071
6768,0.6931439638137817
6769,0.6582569479942322
6770,0.7049153447151184
6771,0.7142912745475769
6772,0.7107388973236084
6773,0.7095680236816406
6774,0.6956663131713867
6775,0.6898435354232788
6776,0.6879668831825256
6777,0.6917749047279358
6778,0.7135125994682312
6779,0.7117875814437866
6780,0.551101565361023
6781,0.6995671391487122
6782,0.7065422534942627
6783,0.681656539440155
6784,0.6885963082313538
6785,0.6852561831474304
6786,0.6984690427780151
6787,0.6948980093002319
6788,0.6803892850875854
6789,0.7017988562583923
6790,0.7015845775604248
6791,0.6942774057388306
6792,0.6934036016464233
6793,0.6826659440994263
6794,0.6822482943534851
6795,0.6594647765159607
6796,0.6596289277076721
6797,0.6649948954582214
6798,0.6605979204177856
6799,0.6842836141586304
6800,0.6936467885971069
6801,0.6967571973800659
6802,0.6818752288818359
6803,0.6807698011398315
6804,0.6578280925750732
6805,0.659347653388977
6806,0.6827992796897888
6807,0.696506917476654
6808,0.7097542881965637
6809,0.7171158194541931
6810,0.488569974899292
6811,0.7271137237548828
6812,0.7280479073524475
6813,0.7242346405982971
6814,0.7059441208839417
6815,0.7027798295021057
6816,0.693568229675293
6817,0.6910554766654968
6818,0.7092118859291077
6819,0.7128651142120361
6820,0.7207792401313782
6821,0.7160166501998901
6822,0.7046911120414734
6823,0.6810154914855957
6824,0.6862986087799072
6825,0.6914277076721191
6826,0.6880733966827393
6827,0.6971334218978882
6828,0.7054632902145386
6829,0.7123527526855469
6830,0.7006710767745972
6831,0.706884503364563
6832,0.6872972846031189
6833,0.6806430220603943
6834,0.689141035079956
6835,0.6803279519081116
6836,0.6935195922851562
6837,0.6948057413101196
6838,0.6852262616157532
6839,0.6918017268180847
6840,0.6927937269210815
6841,0.6880051493644714
6842,0.6943653225898743
6843,0.6858602166175842
6844,0.6890794634819031
6845,0.6930685043334961
6846,0.6963675618171692
6847,0.7156865000724792
6848,0.7133201956748962
6849,0.6956725120544434
6850,0.6983173489570618
6851,0.6976562738418579
6852,0.7091281414031982
6853,0.7001152634620667
6854,0.6980106234550476
6855,0.707168459892273
6856,0.7120002508163452
6857,0.7108110785484314
6858,0.6213394403457642
6859,0.6970608234405518
6860,0.6959441900253296
6861,0.7007850408554077
6862,0.7109270691871643
6863,0.6917485594749451
6864,0.7049264311790466
6865,0.7027149796485901
6866,0.6897112727165222
6867,0.6798848509788513
6868,0.6711254715919495
6869,0.6703571081161499
6870,0.6473262906074524
6871,0.6333146691322327
6872,0.611867368221283
6873,0.6569641828536987
6874,0.6730598211288452
6875,0.6777225136756897
6876,0.6928568482398987
6877,0.7013294696807861
6878,0.6934720277786255
6879,0.7000254392623901
6880,0.674182653427124
6881,0.6796315312385559
6882,0.6784912943840027
6883,0.6694332361221313
6884,0.6730046272277832
6885,0.6965490579605103
6886,0.693017840385437
6887,0.6864075064659119
6888,0.6858329176902771
6889,0.6999940276145935
6890,0.6833374500274658
6891,0.6927859783172607
6892,0.6812737584114075
6893,0.6739757061004639
6894,0.6770769953727722
6895,0.6793085932731628
6896,0.685635507106781
6897,0.6918227672576904
6898,0.6777061223983765
6899,0.6533911824226379
6900,0.6543859243392944
6901,0.6555662751197815
6902,0.6881192922592163
6903,0.6969329118728638
6904,0.6993799805641174
6905,0.7165643572807312
6906,0.7000508308410645
6907,0.6853855848312378
6908,0.6914678812026978
6909,0.6989670991897583
6910,0.6749729514122009
6911,0.6945280432701111
6912,0.6058952212333679
6913,0.708862841129303
6914,0.7061299681663513
6915,0.6934060454368591
6916,0.701749324798584
6917,0.7023629546165466
6918,0.6855222582817078
6919,0.6732614636421204
6920,0.668594241142273
6921,0.663285493850708
6922,0.6580362915992737
6923,0.6497714519500732
6924,0.649831235408783
6925,0.6337084174156189
6926,0.6440068483352661
6927,0.6625055074691772
6928,0.6965246200561523
6929,0.686099648475647
6930,0.6890786290168762
6931,0.6896073222160339
6932,0.6862034201622009
6933,0.6934083104133606
6934,0.7003113627433777
6935,0.7021586298942566
6936,0.7085987329483032
6937,0.6120469570159912
6938,0.7059825658798218
6939,0.6544453501701355
6940,0.7288153171539307
6941,0.5117344260215759
6942,0.7360968589782715
6943,0.7173673510551453
6944,0.7172920107841492
6945,0.707916259765625
6946,0.7130841016769409
6947,0.7039997577667236
6948,0.7032846212387085
6949,0.6959275007247925
6950,0.6787348985671997
6951,0.6802209615707397
6952,0.6732152700424194
6953,0.6822186708450317
6954,0.6876997947692871
6955,0.7084490656852722
6956,0.704056978225708
6957,0.3190934956073761
6958,0.7079518437385559
6959,0.6995667815208435
6960,0.6513264775276184
6961,0.7153584361076355
6962,0.694303035736084
6963,0.6999564170837402
6964,0.7005891799926758
6965,0.7101369500160217
6966,0.697726309299469
6967,0.7093567848205566
6968,0.7087566256523132
6969,0.6947382092475891
6970,0.6809020042419434
6971,0.6678027510643005
6972,0.6687719225883484
6973,0.6763961911201477
6974,0.6820406913757324
6975,0.6846708655357361
6976,0.6754840612411499
6977,0.6513652801513672
6978,0.6256908774375916
6979,0.6323870420455933
6980,0.6386032104492188
6981,0.6801681518554688
6982,0.6910493969917297
6983,0.6864114999771118
6984,0.6680788993835449
6985,0.667315661907196
6986,0.6758714914321899
6987,0.7022942900657654
6988,0.7187884449958801
6989,0.7312822937965393
6990,0.663544774055481
6991,0.7119872570037842
6992,0.524176836013794
6993,0.7141972780227661
6994,0.7058430910110474
6995,0.6828563809394836
6996,0.6879449486732483
6997,0.6782909035682678
6998,0.6930661201477051
6999,0.6904658079147339
7000,0.6953763365745544
7001,0.7015504240989685
7002,0.6981784701347351
7003,0.6780474185943604
7004,0.6901248097419739
7005,0.6821959018707275
7006,0.6877744197845459
7007,0.6871005296707153
7008,0.7044863700866699
7009,0.7086125016212463
7010,0.7188383936882019
7011,0.7177603244781494
7012,0.7177436351776123
7013,0.7181421518325806
7014,0.6938139796257019
7015,0.7089095711708069
7016,0.701024055480957
7017,0.6815957427024841
7018,0.660546600818634
7019,0.6551769375801086
7020,0.6732635498046875
7021,0.6873695850372314
7022,0.6941488981246948
7023,0.7057472467422485
7024,0.6944488883018494
7025,0.6910210251808167
7026,0.7076351642608643
7027,0.690407395362854
7028,0.6946913599967957
7029,0.6951091885566711
7030,0.7132444381713867
7031,0.713131844997406
7032,0.7130751013755798
7033,0.7052096724510193
7034,0.7153455018997192
7035,0.7221634387969971
7036,0.7230618000030518
7037,0.7130948305130005
7038,0.7195409536361694
7039,0.7161822319030762
7040,0.7156465649604797
7041,0.7142707705497742
7042,0.7138399481773376
7043,0.7171934247016907
7044,0.7121900320053101
7045,0.7051081657409668
7046,0.71238112449646
7047,0.6952046751976013
7048,0.6885606050491333
7049,0.6967486143112183
7050,0.7032150626182556
7051,0.7044893503189087
7052,0.7076212763786316
7053,0.7076684236526489
7054,0.7096037268638611
7055,0.7079980969429016
7056,0.6961549520492554
7057,0.6894562840461731
7058,0.6797963380813599
7059,0.690305233001709
7060,0.6961261034011841
7061,0.709480345249176
7062,0.6975298523902893
7063,0.713074266910553
7064,0.6968284249305725
7065,0.7009115815162659
7066,0.6930336356163025
7067,0.696912407875061
7068,0.6832219362258911
7069,0.6732847094535828
7070,0.6591576337814331
7071,0.643966794013977
7072,0.6193327307701111
7073,0.653069019317627
7074,0.6783813238143921
7075,0.6934379935264587
7076,0.7152114510536194
7077,0.7159034609794617
7078,0.7067302465438843
7079,0.6872678399085999
7080,0.6933797001838684
7081,0.69441819190979
7082,0.7176442742347717
7083,0.7295580506324768
7084,0.7144861221313477
7085,0.7204059362411499
7086,0.7248576283454895
7087,0.7119566202163696
7088,0.7027223706245422
7089,0.7041648030281067
7090,0.7152242064476013
7091,0.7105981111526489
7092,0.7174152135848999
7093,0.7068057060241699
7094,0.7018577456474304
7095,0.7239614725112915
7096,0.6914101839065552
7097,0.7226456999778748
7098,0.7060801386833191
7099,0.7075000405311584
7100,0.7031724452972412
7101,0.693187415599823
7102,0.6903844475746155
7103,0.6855072975158691
7104,0.489497572183609
7105,0.7041950821876526
7106,0.701841413974762
7107,0.7074188590049744
7108,0.6998010873794556
7109,0.6904203295707703
7110,0.6980236172676086
7111,0.6928938627243042
7112,0.7113766670227051
7113,0.7275018095970154
7114,0.7027158141136169
7115,0.6977671384811401
7116,0.6933333277702332
7117,0.695093035697937
7118,0.7159268260002136
7119,0.716557502746582
7120,0.6965000629425049
7121,0.6947864294052124
7122,0.7020252346992493
7123,0.6868374943733215
7124,0.6941172480583191
7125,0.6932225227355957
7126,0.691389799118042
7127,0.6843703985214233
7128,0.6817557215690613
7129,0.6548050045967102
7130,0.6858716607093811
7131,0.6937445998191833
7132,0.6939976811408997
7133,0.6956396698951721
7134,0.6884944438934326
7135,0.6885203123092651
7136,0.6717990636825562
7137,0.687015175819397
7138,0.703368067741394
7139,0.6967557072639465
7140,0.7025326490402222
7141,0.7021576762199402
7142,0.7005472779273987
7143,0.7194355726242065
7144,0.7064531445503235
7145,0.7068828344345093
7146,0.703289806842804
7147,0.7006205916404724
7148,0.7014948725700378
7149,0.6959581971168518
7150,0.6920071840286255
7151,0.689151406288147
7152,0.6918870210647583
7153,0.697155773639679
7154,0.6936926245689392
7155,0.6779109239578247
7156,0.6700147986412048
7157,0.6626157164573669
7158,0.6716681122779846
7159,0.67324298620224
7160,0.676783561706543
7161,0.7034730315208435
7162,0.7111032605171204
7163,0.7162517309188843
7164,0.711364209651947
7165,0.7104578018188477
7166,0.6860630512237549
7167,0.6681520342826843
7168,0.6885281205177307
7169,0.6864322423934937
7170,0.6696575880050659
7171,0.6833247542381287
7172,0.6899155378341675
7173,0.6863864064216614
7174,0.6949061155319214
7175,0.7067685127258301
7176,0.6874809861183167
7177,0.7016986608505249
7178,0.6860068440437317
7179,0.6752077341079712
7180,0.6965740919113159
7181,0.7017261385917664
7182,0.7037073969841003
7183,0.71268230676651
7184,0.7062290906906128
7185,0.6775868535041809
7186,0.7052140235900879
7187,0.6940780282020569
7188,0.6951753497123718
7189,0.6842572093009949
7190,0.6796027421951294
7191,0.6812885403633118
7192,0.6871315836906433
7193,0.6793999075889587
7194,0.6786206960678101
7195,0.683404803276062
7196,0.6749381422996521
7197,0.6861741542816162
7198,0.6911019682884216
7199,0.6978582739830017
7200,0.6708664298057556
7201,0.6733610033988953
7202,0.67423015832901
7203,0.6847910284996033
7204,0.6868231892585754
7205,0.6855626702308655
7206,0.5023863315582275
7207,0.6898353099822998
7208,0.7002482414245605
7209,0.5153160691261292
7210,0.713094174861908
7211,0.7121936678886414
7212,0.7216206789016724
7213,0.2744680941104889
7214,0.6735582947731018
7215,0.720502495765686
7216,0.7141469120979309
7217,0.5583605170249939
7218,0.7199795842170715
7219,0.45424291491508484
7220,0.7268486618995667
7221,0.7212857604026794
7222,0.7137917876243591
7223,0.6931528449058533
7224,0.6839698553085327
7225,0.6736522912979126
7226,0.6714392304420471
7227,0.686485230922699
7228,0.6881228089332581
7229,0.6847272515296936
7230,0.6783021092414856
7231,0.6699197292327881
7232,0.6672140955924988
7233,0.6717715859413147
7234,0.6822724342346191
7235,0.664098858833313
7236,0.6796026229858398
7237,0.6902181506156921
7238,0.6892683506011963
7239,0.6851040124893188
7240,0.69232177734375
7241,0.6850181818008423
7242,0.6929172277450562
7243,0.7008902430534363
7244,0.6927577257156372
7245,0.6891747713088989
7246,0.6904914975166321
7247,0.6946548819541931
7248,0.6896631121635437
7249,0.6874932646751404
7250,0.6895318627357483
7251,0.6821092367172241
7252,0.691429078578949
7253,0.6908625364303589
7254,0.6865767240524292
7255,0.6863510608673096
7256,0.6953524351119995
7257,0.6969934105873108
7258,0.6988638639450073
7259,0.6965219974517822
7260,0.6906890273094177
7261,0.7015198469161987
7262,0.689494788646698
7263,0.6829442381858826
7264,0.6986402869224548
7265,0.6997054219245911
7266,0.7017615437507629
7267,0.7098482847213745
7268,0.7088747024536133
7269,0.7045206427574158
7270,0.6949288249015808
7271,0.6924149394035339
7272,0.6952312588691711
7273,0.681786298751831
7274,0.6816665530204773
7275,0.6824689507484436
7276,0.6907855272293091
7277,0.6820460557937622
7278,0.699143648147583
7279,0.7067908048629761
7280,0.6933198571205139
7281,0.7093065977096558
7282,0.6991077065467834
7283,0.69044429063797
7284,0.6904491782188416
7285,0.6910994052886963
7286,0.6825044751167297
7287,0.6979020237922668
7288,0.6997568607330322
7289,0.6920453906059265
7290,0.703606128692627
7291,0.6939569711685181
7292,0.693436324596405
7293,0.7002043128013611
7294,0.693749725818634
7295,0.6898669004440308
7296,0.6956409215927124
7297,0.6832978129386902
7298,0.6877960562705994
7299,0.6847038865089417
7300,0.6752068400382996
7301,0.7055946588516235
7302,0.6894965171813965
7303,0.6805974245071411
7304,0.7087628245353699
7305,0.7111178636550903
7306,0.7026010751724243
7307,0.7174554467201233
7308,0.7243456244468689
7309,0.7080185413360596
7310,0.4729000926017761
7311,0.5586085319519043
7312,0.5388001799583435
7313,0.6306372284889221
7314,0.7030040621757507
7315,0.7231493592262268
7316,0.6059174537658691
7317,0.7187134623527527
7318,0.7083362936973572
7319,0.7036412954330444
7320,0.6939457654953003
7321,0.7007622718811035
7322,0.6924839615821838
7323,0.6787823438644409
7324,0.6783656477928162
7325,0.6774416565895081
7326,0.6793820261955261
7327,0.6844938397407532
7328,0.6631911993026733
7329,0.672675609588623
7330,0.6743902564048767
7331,0.6578561663627625
7332,0.6861686110496521
7333,0.7035740613937378
7334,0.683643639087677
7335,0.6668190956115723
7336,0.6756376028060913
7337,0.6617879867553711
7338,0.6746326088905334
7339,0.6688552498817444
7340,0.6742042303085327
7341,0.6736202836036682
7342,0.6750674843788147
7343,0.6690752506256104
7344,0.6714961528778076
7345,0.703077495098114
7346,0.6918002367019653
7347,0.6905772089958191
7348,0.6991179585456848
7349,0.6990017890930176
7350,0.6979908347129822
7351,0.7000661492347717
7352,0.7074780464172363
7353,0.7065266370773315
7354,0.7045604586601257
7355,0.7186791896820068
7356,0.7133792042732239
7357,0.7136687636375427
7358,0.7232868671417236
7359,0.7234994769096375
7360,0.7213796377182007
7361,0.7242679595947266
7362,0.704777717590332
7363,0.7022964358329773
7364,0.7012085914611816
7365,0.6999959945678711
7366,0.6932298541069031
7367,0.6886576414108276
7368,0.6747909188270569
7369,0.6690215468406677
7370,0.6625196933746338
7371,0.6815771460533142
7372,0.7012965083122253
7373,0.6953620314598083
7374,0.6966593265533447
7375,0.6912315487861633
7376,0.6770691871643066
7377,0.6822550296783447
7378,0.67498779296875
7379,0.6996419429779053
7380,0.698008120059967
7381,0.6966873407363892
7382,0.7031319737434387
7383,0.6959446668624878
7384,0.6889948844909668
7385,0.6953375935554504
7386,0.6992312669754028
7387,0.6928248405456543
7388,0.7092822790145874
7389,0.6953169703483582
7390,0.693565845489502
7391,0.6978632807731628
7392,0.6970903277397156
7393,0.6959311366081238
7394,0.6783571839332581
7395,0.6841295957565308
7396,0.700164794921875
7397,0.6926363110542297
7398,0.7023489475250244
7399,0.708031415939331
7400,0.7077416181564331
7401,0.701377272605896
7402,0.7013907432556152
7403,0.6920720934867859
7404,0.695671558380127
7405,0.6924389600753784
7406,0.6959779262542725
7407,0.6965367197990417
7408,0.6887898445129395
7409,0.687940776348114
7410,0.6749893426895142
7411,0.6720975637435913
7412,0.673190176486969
7413,0.6824169754981995
7414,0.6744454503059387
7415,0.677442193031311
7416,0.696082592010498
7417,0.6716955900192261
7418,0.6753801107406616
7419,0.6893712282180786
7420,0.676054060459137
7421,0.6883541941642761
7422,0.6953437924385071
7423,0.6970003843307495
7424,0.702880859375
7425,0.7095277905464172
7426,0.7176807522773743
7427,0.7068623900413513
7428,0.7136771082878113
7429,0.7079160213470459
7430,0.7219595909118652
7431,0.7208439707756042
7432,0.719690203666687
7433,0.7074133157730103
7434,0.714329183101654
7435,0.7085245847702026
7436,0.6967989206314087
7437,0.7044024467468262
7438,0.704815685749054
7439,0.704951286315918
7440,0.7036665081977844
7441,0.7044288516044617
7442,0.6979720592498779
7443,0.7041807174682617
7444,0.6949357986450195
7445,0.6954334378242493
7446,0.6947522759437561
7447,0.695033848285675
7448,0.6802575588226318
7449,0.6818246841430664
7450,0.6730663180351257
7451,0.689273476600647
7452,0.685541033744812
7453,0.7009333372116089
7454,0.6629474759101868
7455,0.6733530759811401
7456,0.6705834865570068
7457,0.6716107726097107
7458,0.6875025629997253
7459,0.6890632510185242
7460,0.6926257610321045
7461,0.6904064416885376
7462,0.6677544713020325
7463,0.6682160496711731
7464,0.6767013669013977
7465,0.6744190454483032
7466,0.6844784021377563
7467,0.678754985332489
7468,0.668925404548645
7469,0.6726312041282654
7470,0.674048125743866
7471,0.6833410859107971
7472,0.6813229322433472
7473,0.6788511872291565
7474,0.6927120089530945
7475,0.6829162836074829
7476,0.6751781702041626
7477,0.6859480738639832
7478,0.6768823266029358
7479,0.6923168897628784
7480,0.6935938000679016
7481,0.6838690042495728
7482,0.6938237547874451
7483,0.685213029384613
7484,0.6947036981582642
7485,0.6910964250564575
7486,0.6852687001228333
7487,0.6968582272529602
7488,0.6905085444450378
7489,0.6853772401809692
7490,0.6887848973274231
7491,0.6927323341369629
7492,0.701318085193634
7493,0.6927140951156616
7494,0.700171709060669
7495,0.7049214243888855
7496,0.7079688906669617
7497,0.7068930864334106
7498,0.7077872157096863
7499,0.7003774642944336
7500,0.6990483999252319
7501,0.7082287073135376
7502,0.7102657556533813
7503,0.7040814161300659
7504,0.7112864851951599
7505,0.7105087041854858
7506,0.7113676071166992
7507,0.7050237655639648
7508,0.7007631659507751
7509,0.7088398933410645
7510,0.7079335451126099
7511,0.6996943950653076
7512,0.6915649771690369
7513,0.7116559147834778
7514,0.707886815071106
7515,0.49316731095314026
7516,0.6982670426368713
7517,0.700520932674408
7518,0.7016301155090332
7519,0.7001869678497314
7520,0.7091014385223389
7521,0.7075040340423584
7522,0.7014314532279968
7523,0.7036047577857971
7524,0.7064778804779053
7525,0.7008935809135437
7526,0.7026239633560181
7527,0.7005646228790283
7528,0.6907827258110046
7529,0.686455488204956
7530,0.6837546229362488
7531,0.6954569220542908
7532,0.7208917140960693
7533,0.5928183794021606
7534,0.7012898921966553
7535,0.6949877142906189
7536,0.6888101696968079
7537,0.6965515613555908
7538,0.694451630115509
7539,0.7073876857757568
7540,0.6911349892616272
7541,0.6804949641227722
7542,0.6808362603187561
7543,0.6896955966949463
7544,0.6894015669822693
7545,0.6938454508781433
7546,0.6887282729148865
7547,0.69742351770401
7548,0.7003037929534912
7549,0.6906630992889404
7550,0.6993107199668884
7551,0.6883179545402527
7552,0.6974579095840454
7553,0.7024606466293335
7554,0.7055402398109436
7555,0.6894105672836304
7556,0.7005578875541687
7557,0.6995995044708252
7558,0.7018800973892212
7559,0.7098313570022583
7560,0.6940669417381287
7561,0.6776689291000366
7562,0.6743977069854736
7563,0.6700456738471985
7564,0.6571266651153564
7565,0.672655463218689
7566,0.6829710602760315
7567,0.654374361038208
7568,0.6528253555297852
7569,0.6895524859428406
7570,0.6826350688934326
7571,0.6720185279846191
7572,0.6791515350341797
7573,0.69000244140625
7574,0.6823528409004211
7575,0.6829262375831604
7576,0.6878605484962463
7577,0.6882771253585815
7578,0.6881012916564941
7579,0.673624575138092
7580,0.6973792910575867
7581,0.6909477114677429
7582,0.6861956119537354
7583,0.6992311477661133
7584,0.7003361582756042
7585,0.692378580570221
7586,0.690086841583252
7587,0.667620062828064
7588,0.6761797070503235
7589,0.676669180393219
7590,0.6763749122619629
7591,0.69568932056427
7592,0.6786573529243469
7593,0.6698654890060425
7594,0.6755107641220093
7595,0.6710683703422546
7596,0.6772576570510864
7597,0.6705077886581421
7598,0.6948563456535339
7599,0.6948885321617126
7600,0.7037285566329956
7601,0.714142918586731
7602,0.7179467082023621
7603,0.706611156463623
7604,0.693600594997406
7605,0.7014604210853577
7606,0.6987383365631104
7607,0.7205652594566345
7608,0.7187177538871765
7609,0.7093410491943359
7610,0.6938150525093079
7611,0.6872609853744507
7612,0.7035495042800903
7613,0.7182744145393372
7614,0.7051181197166443
7615,0.6857008934020996
7616,0.6788971424102783
7617,0.695888340473175
7618,0.6930980682373047
7619,0.7007461786270142
7620,0.6952399015426636
7621,0.677397608757019
7622,0.6717897653579712
7623,0.6648924350738525
7624,0.6782481670379639
7625,0.6869224309921265
7626,0.7047934532165527
7627,0.714124858379364
7628,0.7142574191093445
7629,0.7050403356552124
7630,0.6995458602905273
7631,0.6912335753440857
7632,0.6855459809303284
7633,0.6977242827415466
7634,0.6788748502731323
7635,0.6702126264572144
7636,0.6801018118858337
7637,0.6769172549247742
7638,0.6696861386299133
7639,0.687212347984314
7640,0.6899324059486389
7641,0.6956583261489868
7642,0.6982880234718323
7643,0.6994585394859314
7644,0.7128766775131226
7645,0.6991279721260071
7646,0.7014886140823364
7647,0.6910343766212463
7648,0.6877443790435791
7649,0.6779356002807617
7650,0.6845077276229858
7651,0.6923683881759644
7652,0.6942979097366333
7653,0.7014278173446655
7654,0.7090775966644287
7655,0.7127372622489929
7656,0.7335562705993652
7657,0.6824895739555359
7658,0.7245281338691711
7659,0.709550678730011
7660,0.7232242226600647
7661,0.7042747139930725
7662,0.7100112438201904
7663,0.7035570740699768
7664,0.6997470855712891
7665,0.7039428353309631
7666,0.6951600909233093
7667,0.7007325291633606
7668,0.6870604753494263
7669,0.6898933053016663
7670,0.6864635348320007
7671,0.6936173439025879
7672,0.6964942216873169
7673,0.6841281056404114
7674,0.6896827220916748
7675,0.7042405009269714
7676,0.7008408308029175
7677,0.7077254056930542
7678,0.7034516334533691
7679,0.7060576677322388
7680,0.7149360775947571
7681,0.6942011117935181
7682,0.7047297954559326
7683,0.7050834894180298
7684,0.6972069144248962
7685,0.7076098322868347
7686,0.7113651633262634
7687,0.7066057324409485
7688,0.7068893909454346
7689,0.6866992115974426
7690,0.6985870599746704
7691,0.6997238993644714
7692,0.6921860575675964
7693,0.6901245713233948
7694,0.6956045031547546
7695,0.6767293810844421
7696,0.6752586960792542
7697,0.6641479730606079
7698,0.6657164096832275
7699,0.6653537154197693
7700,0.6660756468772888
7701,0.6885935664176941
7702,0.6743537783622742
7703,0.6660401821136475
7704,0.6767646670341492
7705,0.6864489316940308
7706,0.6794504523277283
7707,0.6793704032897949
7708,0.6828992962837219
7709,0.6905680298805237
7710,0.69705730676651
7711,0.6965019106864929
7712,0.6914202570915222
7713,0.7058791518211365
7714,0.7203337550163269
7715,0.7021800875663757
7716,0.7080142498016357
7717,0.7124935388565063
7718,0.7088469862937927
7719,0.7072136998176575
7720,0.7102953791618347
7721,0.7059397101402283
7722,0.7072845101356506
7723,0.7142923474311829
7724,0.7091624140739441
7725,0.7056706547737122
7726,0.7117767930030823
7727,0.7023181319236755
7728,0.7085353136062622
7729,0.6985489130020142
7730,0.6999377012252808
7731,0.7101907134056091
7732,0.6908775568008423
7733,0.7014541625976562
7734,0.7070587277412415
7735,0.6977918148040771
7736,0.6867823600769043
7737,0.6986441612243652
7738,0.6937300562858582
7739,0.696749210357666
7740,0.6904646158218384
7741,0.6951944828033447
7742,0.6961468458175659
7743,0.7037090063095093
7744,0.6909196376800537
7745,0.7101075053215027
7746,0.7029922604560852
7747,0.7045785784721375
7748,0.7039803266525269
7749,0.709740400314331
7750,0.7040424942970276
7751,0.7106726169586182
7752,0.7061734795570374
7753,0.706157386302948
7754,0.6977975368499756
7755,0.693910539150238
7756,0.700028121471405
7757,0.6999056935310364
7758,0.7003684639930725
7759,0.6998109221458435
7760,0.7043211460113525
7761,0.6972402334213257
7762,0.6984844207763672
7763,0.6986027359962463
7764,0.6815472841262817
7765,0.6907882690429688
7766,0.6936338543891907
7767,0.6976945400238037
7768,0.6933085918426514
7769,0.6887059211730957
7770,0.69765704870224
7771,0.6952086091041565
7772,0.6968992352485657
7773,0.7007284760475159
7774,0.6950569152832031
7775,0.7024540305137634
7776,0.7017474174499512
7777,0.6942188739776611
7778,0.7061256170272827
7779,0.6967871189117432
7780,0.689826488494873
7781,0.6969369053840637
7782,0.6800727248191833
7783,0.6704158782958984
7784,0.6507077217102051
7785,0.6574323177337646
7786,0.648396372795105
7787,0.639955997467041
7788,0.6674156188964844
7789,0.6736443042755127
7790,0.6807128190994263
7791,0.6807898283004761
7792,0.6739963293075562
7793,0.6724731922149658
7794,0.6793971061706543
7795,0.6873319149017334
7796,0.6995391249656677
7797,0.6954118609428406
7798,0.6836184859275818
7799,0.6839643120765686
7800,0.6801438927650452
7801,0.698448121547699
7802,0.708249032497406
7803,0.7038174271583557
7804,0.6958666443824768
7805,0.6979683637619019
7806,0.7024986743927002
7807,0.693365752696991
7808,0.692981481552124
7809,0.6929895877838135
7810,0.7032552361488342
7811,0.705771267414093
7812,0.7090495228767395
7813,0.70469069480896
7814,0.706922173500061
7815,0.7089210748672485
7816,0.7248402833938599
7817,0.7111015915870667
7818,0.7130066156387329
7819,0.7054683566093445
7820,0.7148879766464233
7821,0.7034636735916138
7822,0.6960027813911438
7823,0.7133446335792542
7824,0.7047315835952759
7825,0.70436030626297
7826,0.6925123929977417
7827,0.7018969058990479
7828,0.6917083263397217
7829,0.6927827596664429
7830,0.6911388039588928
7831,0.7002883553504944
7832,0.6979143023490906
7833,0.6843419075012207
7834,0.6906376481056213
7835,0.681168794631958
7836,0.6886225342750549
7837,0.683785617351532
7838,0.6976645588874817
7839,0.6887060403823853
7840,0.6839661598205566
7841,0.6885882019996643
7842,0.6979383826255798
7843,0.6907443404197693
7844,0.6963168382644653
7845,0.6949402689933777
7846,0.6939329504966736
7847,0.6991422772407532
7848,0.690022885799408
7849,0.6897183656692505
7850,0.6947493553161621
7851,0.6978051066398621
7852,0.7032352089881897
7853,0.7118003964424133
7854,0.7167032957077026
7855,0.7152286171913147
7856,0.7163763642311096
7857,0.716535747051239
7858,0.7180954217910767
7859,0.7059593796730042
7860,0.7104049324989319
7861,0.7005009651184082
7862,0.7085754871368408
7863,0.7054961323738098
7864,0.6997018456459045
7865,0.6997629404067993
7866,0.6876673698425293
7867,0.7046201825141907
7868,0.7032028436660767
7869,0.7009727954864502
7870,0.6901767253875732
7871,0.7058870792388916
7872,0.697627604007721
7873,0.6921640634536743
7874,0.6867129802703857
7875,0.6840497851371765
7876,0.6916361451148987
7877,0.6970566511154175
7878,0.6989642381668091
7879,0.6809186339378357
7880,0.6896053552627563
7881,0.6860082149505615
7882,0.6851609349250793
7883,0.6944825053215027
7884,0.6948646306991577
7885,0.6870298385620117
7886,0.6805821061134338
7887,0.6828250288963318
7888,0.6875024437904358
7889,0.683984100818634
7890,0.6747316718101501
7891,0.6797371506690979
7892,0.6656172871589661
7893,0.6636285781860352
7894,0.6814717650413513
7895,0.6887478232383728
7896,0.6765326857566833
7897,0.6815630793571472
7898,0.6722980737686157
7899,0.6713823676109314
7900,0.6808577179908752
7901,0.679512619972229
7902,0.6902594566345215
7903,0.6925011277198792
7904,0.6930748820304871
7905,0.6997289657592773
7906,0.6923441290855408
7907,0.6910086870193481
7908,0.6975966691970825
7909,0.6962794065475464
7910,0.6783392429351807
7911,0.6887171268463135
7912,0.7045544981956482
7913,0.6952946186065674
7914,0.7061868906021118
7915,0.6967245936393738
7916,0.7044849395751953
7917,0.7125301361083984
7918,0.7080293893814087
7919,0.7106617093086243
7920,0.7037720084190369
7921,0.7127155065536499
7922,0.7130522727966309
7923,0.7314525842666626
7924,0.6033214926719666
7925,0.716508150100708
7926,0.2751224637031555
7927,0.4032520651817322
7928,0.6885311007499695
7929,0.5140800476074219
7930,0.7086416482925415
7931,0.7061178088188171
7932,0.6899949312210083
7933,0.5538716316223145
7934,0.6952638626098633
7935,0.6125055551528931
7936,0.6933715343475342
7937,0.6955224275588989
7938,0.3157549500465393
7939,0.5414814949035645
7940,0.3111156225204468
7941,0.2775692939758301
7942,0.6955691576004028
7943,0.5859520435333252
7944,0.6927239894866943
7945,0.6740055680274963
7946,0.699094295501709
7947,0.6962470412254333
7948,0.6863288879394531
7949,0.6915668845176697
7950,0.6788973212242126
7951,0.6894100308418274
7952,0.6907283067703247
7953,0.6985751390457153
7954,0.6982123255729675
7955,0.6724575757980347
7956,0.6814490556716919
7957,0.6686901450157166
7958,0.66950923204422
7959,0.6757741570472717
7960,0.6829769015312195
7961,0.6829545497894287
7962,0.6901365518569946
7963,0.6982234716415405
7964,0.691431999206543
7965,0.693666398525238
7966,0.689047634601593
7967,0.6952163577079773
7968,0.6977357864379883
7969,0.6872683167457581
7970,0.6844289302825928
7971,0.6836483478546143
7972,0.6800609827041626
7973,0.6880727410316467
7974,0.6910384297370911
7975,0.6939162611961365
7976,0.6923899054527283
7977,0.6932328343391418
7978,0.667198896408081
7979,0.6634097099304199
7980,0.6828291416168213
7981,0.6778734922409058
7982,0.6727973222732544
7983,0.6867733597755432
7984,0.696679413318634
7985,0.6871349215507507
7986,0.6879064440727234
7987,0.6974506378173828
7988,0.6918569207191467
7989,0.7038230895996094
7990,0.6866235136985779
7991,0.6760307550430298
7992,0.6828715205192566
7993,0.6622034311294556
7994,0.6794176697731018
7995,0.6832832098007202
7996,0.6936488747596741
7997,0.6769247651100159
7998,0.6963836550712585
7999,0.6892841458320618
8000,0.6844435930252075
8001,0.6815051436424255
8002,0.6783409714698792
8003,0.6916378140449524
8004,0.7002336382865906
8005,0.6967617273330688
8006,0.7011533975601196
8007,0.6949576735496521
8008,0.7000914216041565
8009,0.7034609317779541
8010,0.7113649249076843
8011,0.7258476614952087
8012,0.7289873361587524
8013,0.7211104035377502
8014,0.7244776487350464
8015,0.7273207306861877
8016,0.7244914174079895
8017,0.7187526822090149
8018,0.669685423374176
8019,0.6874145865440369
8020,0.7124676704406738
8021,0.576225996017456
8022,0.6407785415649414
8023,0.6828781366348267
8024,0.7095404863357544
8025,0.7157917618751526
8026,0.6988150477409363
8027,0.7083263993263245
8028,0.7009801864624023
8029,0.6994396448135376
8030,0.6997116804122925
8031,0.6927152872085571
8032,0.6935586929321289
8033,0.6866909861564636
8034,0.6837248802185059
8035,0.6753443479537964
8036,0.671096682548523
8037,0.6626985669136047
8038,0.6746298670768738
8039,0.6831836104393005
8040,0.6850086450576782
8041,0.6774992942810059
8042,0.6927326917648315
8043,0.6962432861328125
8044,0.7021679878234863
8045,0.7088608145713806
8046,0.7087506651878357
8047,0.7087374925613403
8048,0.7086699604988098
8049,0.7078213691711426
8050,0.7035397291183472
8051,0.7083060145378113
8052,0.7012197971343994
8053,0.6969236135482788
8054,0.6959753036499023
8055,0.692974865436554
8056,0.6889998316764832
8057,0.6875549554824829
8058,0.7016997933387756
8059,0.7050096988677979
8060,0.7157009243965149
8061,0.7185126543045044
8062,0.7092148065567017
8063,0.7082761526107788
8064,0.7027703523635864
8065,0.6922422647476196
8066,0.6912855505943298
8067,0.6967606544494629
8068,0.6896901726722717
8069,0.688480019569397
8070,0.6809868216514587
8071,0.6851151585578918
8072,0.6866944432258606
8073,0.6859815120697021
8074,0.6991121172904968
8075,0.6904709339141846
8076,0.7042137384414673
8077,0.6857501864433289
8078,0.6869593262672424
8079,0.688531756401062
8080,0.6875991225242615
8081,0.7067294120788574
8082,0.7136324048042297
8083,0.7037761807441711
8084,0.7041229009628296
8085,0.6954118013381958
8086,0.6804829239845276
8087,0.686194896697998
8088,0.6928231716156006
8089,0.701617419719696
8090,0.6996781826019287
8091,0.6992271542549133
8092,0.6740972399711609
8093,0.6946491599082947
8094,0.6960631012916565
8095,0.6935786008834839
8096,0.6981858015060425
8097,0.7043187618255615
8098,0.6932359337806702
8099,0.6935280561447144
8100,0.6914240121841431
8101,0.6922377943992615
8102,0.6931424140930176
8103,0.6948813199996948
8104,0.6907200217247009
8105,0.6931108236312866
8106,0.6930815577507019
8107,0.6964523792266846
8108,0.6948082447052002
8109,0.6889693140983582
8110,0.6869354248046875
8111,0.6870715022087097
8112,0.6873192191123962
8113,0.688808798789978
8114,0.688495934009552
8115,0.6842604875564575
8116,0.6870062351226807
8117,0.6807742714881897
8118,0.6891151070594788
8119,0.705438494682312
8120,0.7049760222434998
8121,0.7125890254974365
8122,0.7144856452941895
8123,0.7095730304718018
8124,0.33318910002708435
8125,0.7034633159637451
8126,0.7055872082710266
8127,0.2690329849720001
8128,0.2571360468864441
8129,0.28461551666259766
8130,0.24562354385852814
8131,0.7111818194389343
8132,0.7098488807678223
8133,0.7001844048500061
8134,0.7013250589370728
8135,0.7081856727600098
8136,0.7108345031738281
8137,0.7202491760253906
8138,0.7166228890419006
8139,0.6980296969413757
8140,0.7063097357749939
8141,0.6959256529808044
8142,0.7003540992736816
8143,0.6864624619483948
8144,0.6913900971412659
8145,0.6966625452041626
8146,0.6532684564590454
8147,0.6745726466178894
8148,0.6649078130722046
8149,0.6681404709815979
8150,0.701145350933075
8151,0.7079196572303772
8152,0.7036881446838379
8153,0.6992971301078796
8154,0.6945759057998657
8155,0.7101548910140991
8156,0.7103011012077332
8157,0.7091737985610962
8158,0.7060539126396179
8159,0.6952431797981262
8160,0.6850204467773438
8161,0.6838441491127014
8162,0.6930088400840759
8163,0.7071723937988281
8164,0.6788415908813477
8165,0.6980428695678711
8166,0.7025486826896667
8167,0.7015303373336792
8168,0.700579047203064
8169,0.693952202796936
8170,0.6912354230880737
8171,0.6265592575073242
8172,0.6967340111732483
8173,0.6942096948623657
8174,0.6951926946640015
8175,0.6919273138046265
8176,0.6921089291572571
8177,0.689458966255188
8178,0.6845282912254333
8179,0.6935749053955078
8180,0.6941201686859131
8181,0.7042765617370605
8182,0.6969984173774719
8183,0.7074854969978333
8184,0.7143833041191101
8185,0.71876460313797
8186,0.7218900918960571
8187,0.2892245054244995
8188,0.5966945886611938
8189,0.629092812538147
8190,0.7066449522972107
8191,0.7088003158569336
8192,0.7158713340759277
8193,0.29094675183296204
8194,0.655835747718811
8195,0.6497138142585754
8196,0.6180148720741272
8197,0.7001851201057434
8198,0.7028008699417114
8199,0.690310001373291
8200,0.7054152488708496
8201,0.6973049640655518
8202,0.698627233505249
8203,0.49496105313301086
8204,0.7028677463531494
8205,0.6402931809425354
8206,0.6897202134132385
8207,0.6750518083572388
8208,0.6891676187515259
8209,0.687177300453186
8210,0.688338577747345
8211,0.6944536566734314
8212,0.6856095790863037
8213,0.6788410544395447
8214,0.6791861653327942
8215,0.6835886836051941
8216,0.6809000968933105
8217,0.6851410269737244
8218,0.692466676235199
8219,0.686684787273407
8220,0.6968914270401001
8221,0.6949015855789185
8222,0.704269528388977
8223,0.700994074344635
8224,0.6995700001716614
8225,0.6948999762535095
8226,0.7015435695648193
8227,0.7131887674331665
8228,0.6974190473556519
8229,0.7029873132705688
8230,0.7031174302101135
8231,0.7040762305259705
8232,0.7005114555358887
8233,0.7013161182403564
8234,0.711180567741394
8235,0.72003573179245
8236,0.6973686814308167
8237,0.6986757516860962
8238,0.6914361119270325
8239,0.6913061141967773
8240,0.6885499954223633
8241,0.6832552552223206
8242,0.6847410202026367
8243,0.6847999691963196
8244,0.707792341709137
8245,0.684210479259491
8246,0.6941002607345581
8247,0.688038170337677
8248,0.6824954152107239
8249,0.6913687586784363
8250,0.6909092664718628
8251,0.683595597743988
8252,0.6931729912757874
8253,0.7024427652359009
8254,0.7029781341552734
8255,0.7064633965492249
8256,0.7001945376396179
8257,0.7096580266952515
8258,0.7159314155578613
8259,0.7189540863037109
8260,0.7076718211174011
8261,0.702109694480896
8262,0.7088677883148193
8263,0.7114089727401733
8264,0.7176385521888733
8265,0.6936737298965454
8266,0.6993699073791504
8267,0.6942234039306641
8268,0.6882504820823669
8269,0.6903447508811951
8270,0.6862418055534363
8271,0.7087650299072266
8272,0.6883100271224976
8273,0.695519745349884
8274,0.6730057001113892
8275,0.6939449906349182
8276,0.6999779343605042
8277,0.6988192200660706
8278,0.700167179107666
8279,0.6971954107284546
8280,0.6941236853599548
8281,0.6971049308776855
8282,0.698724627494812
8283,0.6968062520027161
8284,0.6995771527290344
8285,0.7107056975364685
8286,0.7023608684539795
8287,0.7010570168495178
8288,0.7029919028282166
8289,0.7146466374397278
8290,0.7064147591590881
8291,0.7086285948753357
8292,0.717473566532135
8293,0.7086499333381653
8294,0.6909737586975098
8295,0.6973379254341125
8296,0.6898952126502991
8297,0.6812120676040649
8298,0.6900642514228821
8299,0.6888574957847595
8300,0.6800248026847839
8301,0.6918362975120544
8302,0.6867688894271851
8303,0.6918016076087952
8304,0.6934595108032227
8305,0.6890775561332703
8306,0.6880491971969604
8307,0.6925329566001892
8308,0.68744957447052
8309,0.6929336190223694
8310,0.6782665252685547
8311,0.6729231476783752
8312,0.668274998664856
8313,0.6695267558097839
8314,0.6646947860717773
8315,0.6740450859069824
8316,0.6833797693252563
8317,0.6925304532051086
8318,0.7017785310745239
8319,0.6937779188156128
8320,0.7064501643180847
8321,0.6923285126686096
8322,0.704216718673706
8323,0.6877911686897278
8324,0.7063950300216675
8325,0.6845012307167053
8326,0.6884808540344238
8327,0.6851910948753357
8328,0.6892343759536743
8329,0.6932245492935181
8330,0.6786532402038574
8331,0.6971997618675232
8332,0.697364866733551
8333,0.6814597845077515
8334,0.6897487044334412
8335,0.6753950119018555
8336,0.6825361847877502
8337,0.6865075826644897
8338,0.6812019348144531
8339,0.6630551218986511
8340,0.676348090171814
8341,0.6871560215950012
8342,0.6906149387359619
8343,0.6860837936401367
8344,0.6966597437858582
8345,0.69456547498703
8346,0.6945959329605103
8347,0.695702314376831
8348,0.6964883804321289
8349,0.7076631188392639
8350,0.6968222856521606
8351,0.6990540027618408
8352,0.6795240044593811
8353,0.6870933771133423
8354,0.6965210437774658
8355,0.6872343420982361
8356,0.687340259552002
8357,0.6945934891700745
8358,0.7044847011566162
8359,0.6969599723815918
8360,0.7012269496917725
8361,0.7095214128494263
8362,0.7128406167030334
8363,0.7075896263122559
8364,0.7083956003189087
8365,0.7058032155036926
8366,0.705657958984375
8367,0.7029455304145813
8368,0.6977515816688538
8369,0.7018290162086487
8370,0.6972100734710693
8371,0.6959155797958374
8372,0.6784762740135193
8373,0.6733769774436951
8374,0.6773231625556946
8375,0.678658664226532
8376,0.6725806593894958
8377,0.6639704704284668
8378,0.6695324182510376
8379,0.6767891049385071
8380,0.6879035830497742
8381,0.6826702356338501
8382,0.6848360896110535
8383,0.686414897441864
8384,0.6947066187858582
8385,0.7042025327682495
8386,0.7077643275260925
8387,0.6964316964149475
8388,0.6791883707046509
8389,0.6805784106254578
8390,0.6882840991020203
8391,0.6903641223907471
8392,0.6942912936210632
8393,0.689934253692627
8394,0.683237612247467
8395,0.6951617002487183
8396,0.6794140338897705
8397,0.6824544072151184
8398,0.6781703233718872
8399,0.6808239817619324
8400,0.6779406666755676
8401,0.6758583188056946
8402,0.6850154995918274
8403,0.6828162670135498
8404,0.668285608291626
8405,0.6697787046432495
8406,0.6743065714836121
8407,0.6880755424499512
8408,0.6974040865898132
8409,0.6919841766357422
8410,0.6932775974273682
8411,0.6950076222419739
8412,0.7038934230804443
8413,0.7109560966491699
8414,0.7101781964302063
8415,0.7008641958236694
8416,0.7105979919433594
8417,0.7147004008293152
8418,0.7106965780258179
8419,0.7124329209327698
8420,0.7172460556030273
8421,0.7002915143966675
8422,0.7094234824180603
8423,0.7029345035552979
8424,0.6952852606773376
8425,0.6838862299919128
8426,0.6976910829544067
8427,0.6909527778625488
8428,0.6626524925231934
8429,0.6690734624862671
8430,0.6881540417671204
8431,0.6782051920890808
8432,0.6866208910942078
8433,0.6792688965797424
8434,0.6789181232452393
8435,0.6878758668899536
8436,0.6876339316368103
8437,0.687853991985321
8438,0.697368860244751
8439,0.6862719058990479
8440,0.7033283114433289
8441,0.6970562934875488
8442,0.6787608861923218
8443,0.6851509213447571
8444,0.7018613815307617
8445,0.6947723627090454
8446,0.6946227550506592
8447,0.6952353119850159
8448,0.6812590956687927
8449,0.6773207187652588
8450,0.6848402619361877
8451,0.7014546990394592
8452,0.6855854988098145
8453,0.6870081424713135
8454,0.6950234174728394
8455,0.6807482838630676
8456,0.6667864918708801
8457,0.68384850025177
8458,0.6690611839294434
8459,0.6758018732070923
8460,0.6640923023223877
8461,0.6825476884841919
8462,0.6822369694709778
8463,0.6901332139968872
8464,0.6786810755729675
8465,0.6956480741500854
8466,0.7165541648864746
8467,0.7079445719718933
8468,0.7108588218688965
8469,0.7136049866676331
8470,0.7011584043502808
8471,0.7013090252876282
8472,0.7138152718544006
8473,0.7044158577919006
8474,0.7101130485534668
8475,0.7150840163230896
8476,0.7084124088287354
8477,0.6955577731132507
8478,0.6966156959533691
8479,0.6997992396354675
8480,0.7028317451477051
8481,0.695547878742218
8482,0.7045654058456421
8483,0.7143310308456421
8484,0.703159511089325
8485,0.7000703811645508
8486,0.6863215565681458
8487,0.7038045525550842
8488,0.7040295600891113
8489,0.6979671716690063
8490,0.6816678643226624
8491,0.659598708152771
8492,0.6408683061599731
8493,0.6476335525512695
8494,0.6538122892379761
8495,0.6894046068191528
8496,0.7062671184539795
8497,0.7064467668533325
8498,0.6963193416595459
8499,0.678551435470581
8500,0.6638168096542358
8501,0.66513592004776
8502,0.6765503287315369
8503,0.6939511299133301
8504,0.7128174901008606
8505,0.7140442728996277
8506,0.710317850112915
8507,0.711014449596405
8508,0.7270922660827637
8509,0.7140085697174072
8510,0.7105919122695923
8511,0.7111878991127014
8512,0.7020199298858643
8513,0.6953292489051819
8514,0.6993029713630676
8515,0.7116971015930176
8516,0.7050113081932068
8517,0.7070549726486206
8518,0.7050228714942932
8519,0.7015255093574524
8520,0.698779284954071
8521,0.6999748945236206
8522,0.6839330792427063
8523,0.6767404675483704
8524,0.685187578201294
8525,0.6681765913963318
8526,0.6833643913269043
8527,0.6966935396194458
8528,0.6974542737007141
8529,0.6995341777801514
8530,0.7006130218505859
8531,0.7060640454292297
8532,0.6966295838356018
8533,0.6927353739738464
8534,0.6908039450645447
8535,0.6946711540222168
8536,0.5251800417900085
8537,0.6170014142990112
8538,0.6977991461753845
8539,0.699173092842102
8540,0.682654619216919
8541,0.6896039843559265
8542,0.7011884450912476
8543,0.7013266086578369
8544,0.704554557800293
8545,0.6996378302574158
8546,0.6861572265625
8547,0.6868753433227539
8548,0.7007943987846375
8549,0.6808457374572754
8550,0.6937342882156372
8551,0.6907403469085693
8552,0.6839603781700134
8553,0.6835660338401794
8554,0.6806511282920837
8555,0.6792073845863342
8556,0.6786844730377197
8557,0.6791635751724243
8558,0.6792634725570679
8559,0.6779131889343262
8560,0.6860647797584534
8561,0.6839850544929504
8562,0.6700096726417542
8563,0.6802042722702026
8564,0.674556314945221
8565,0.6805339455604553
8566,0.6770252585411072
8567,0.6927348971366882
8568,0.6892040967941284
8569,0.6947051882743835
8570,0.6924231052398682
8571,0.6939677000045776
8572,0.6957036256790161
8573,0.6983463764190674
8574,0.7035601735115051
8575,0.7049844264984131
8576,0.710999071598053
8577,0.706800103187561
8578,0.697198748588562
8579,0.7034577131271362
8580,0.7045199275016785
8581,0.7098082304000854
8582,0.6950061917304993
8583,0.6952176690101624
8584,0.7048587799072266
8585,0.7002529501914978
8586,0.7013664245605469
8587,0.7140154242515564
8588,0.6941590309143066
8589,0.718756914138794
8590,0.698902428150177
8591,0.7033275365829468
8592,0.7035048007965088
8593,0.7007080912590027
8594,0.6894708275794983
8595,0.685010552406311
8596,0.6835420727729797
8597,0.6928704977035522
8598,0.6836729645729065
8599,0.6908003091812134
8600,0.6971808671951294
8601,0.708060085773468
8602,0.7088742256164551
8603,0.7018075585365295
8604,0.7027382850646973
8605,0.6972798109054565
8606,0.6985475420951843
8607,0.6953673958778381
8608,0.7010129690170288
8609,0.6966778635978699
8610,0.6713365912437439
8611,0.6703655123710632
8612,0.6825933456420898
8613,0.6833954453468323
8614,0.6963732242584229
8615,0.71046382188797
8616,0.6955773234367371
8617,0.7058365941047668
8618,0.7003246545791626
8619,0.6904563903808594
8620,0.6726857423782349
8621,0.6843167543411255
8622,0.6910455822944641
8623,0.6806147694587708
8624,0.6874881982803345
8625,0.7032762765884399
8626,0.6862437129020691
8627,0.6966063976287842
8628,0.6945546269416809
8629,0.6810828447341919
8630,0.6804900765419006
8631,0.6937469244003296
8632,0.6849090456962585
8633,0.6695379018783569
8634,0.6933639049530029
8635,0.6927028894424438
8636,0.6914343237876892
8637,0.6999260187149048
8638,0.6994559168815613
8639,0.6979921460151672
8640,0.6931517720222473
8641,0.6969390511512756
8642,0.7066927552223206
8643,0.6991323828697205
8644,0.7079709768295288
8645,0.7046520709991455
8646,0.7135816216468811
8647,0.7102031707763672
8648,0.7079675793647766
8649,0.6944292187690735
8650,0.7068958878517151
8651,0.6916343569755554
8652,0.6825314164161682
8653,0.6890059113502502
8654,0.6882830262184143
8655,0.6932482719421387
8656,0.6942145824432373
8657,0.686841607093811
8658,0.6931923627853394
8659,0.6864323616027832
8660,0.6855535507202148
8661,0.67830890417099
8662,0.6957372426986694
8663,0.6970541477203369
8664,0.694739818572998
8665,0.5636067986488342
8666,0.7078038454055786
8667,0.7042516469955444
8668,0.7069582939147949
8669,0.7039958238601685
8670,0.7056694030761719
8671,0.7050464749336243
8672,0.708473265171051
8673,0.697211742401123
8674,0.702905535697937
8675,0.6958276033401489
8676,0.7015299201011658
8677,0.6957845687866211
8678,0.6946918368339539
8679,0.6951202750205994
8680,0.6827720403671265
8681,0.667721688747406
8682,0.6825608611106873
8683,0.662860631942749
8684,0.6737785339355469
8685,0.6730342507362366
8686,0.6745643615722656
8687,0.6800190806388855
8688,0.6730287671089172
8689,0.6697492599487305
8690,0.6560269594192505
8691,0.6526908874511719
8692,0.6537860035896301
8693,0.668389618396759
8694,0.6686095595359802
8695,0.6871472001075745
8696,0.6650763154029846
8697,0.6595687866210938
8698,0.6785842180252075
8699,0.6698885560035706
8700,0.6856805086135864
8701,0.6917255520820618
8702,0.6744597554206848
8703,0.6625459790229797
8704,0.669343888759613
8705,0.6678820252418518
8706,0.681832492351532
8707,0.6911051869392395
8708,0.693589448928833
8709,0.702955961227417
8710,0.6953166127204895
8711,0.6840503811836243
8712,0.6661825180053711
8713,0.6629242897033691
8714,0.6766749024391174
8715,0.6885291337966919
8716,0.6954452991485596
8717,0.7016119360923767
8718,0.7024758458137512
8719,0.7061610817909241
8720,0.7085229158401489
8721,0.699456512928009
8722,0.7013232707977295
8723,0.6975202560424805
8724,0.6892930865287781
8725,0.705856442451477
8726,0.7136808037757874
8727,0.6979771852493286
8728,0.6957719326019287
8729,0.66141676902771
8730,0.686680257320404
8731,0.687821090221405
8732,0.7022253274917603
8733,0.701127290725708
8734,0.6938542723655701
8735,0.6981534361839294
8736,0.6881903409957886
8737,0.6956667304039001
8738,0.7171134948730469
8739,0.7207607626914978
8740,0.7089496850967407
8741,0.7119845151901245
8742,0.6927271485328674
8743,0.6421985030174255
8744,0.7039476037025452
8745,0.7021849155426025
8746,0.6983092427253723
8747,0.7182609438896179
8748,0.7090982794761658
8749,0.7100221514701843
8750,0.7068933248519897
8751,0.7109270095825195
8752,0.698665201663971
8753,0.6999205946922302
8754,0.6997181177139282
8755,0.6980647444725037
8756,0.7163089513778687
8757,0.7078629732131958
8758,0.7174080014228821
8759,0.7099504470825195
8760,0.7092583775520325
8761,0.7047767043113708
8762,0.7214599251747131
8763,0.722359299659729
8764,0.7212747931480408
8765,0.7203117609024048
8766,0.7075931429862976
8767,0.7083926796913147
8768,0.7063025236129761
8769,0.7055225968360901
8770,0.7053501605987549
8771,0.7006866335868835
8772,0.6951926350593567
8773,0.6960814595222473
8774,0.7057890892028809
8775,0.7001472115516663
8776,0.7020007371902466
8777,0.7023643851280212
8778,0.6924068331718445
8779,0.690332293510437
8780,0.6820053458213806
8781,0.6958391666412354
8782,0.6987845301628113
8783,0.6990941762924194
8784,0.6974382996559143
8785,0.6907011270523071
8786,0.6893147826194763
8787,0.6959473490715027
8788,0.6957712173461914
8789,0.6946559548377991
8790,0.7057784199714661
8791,0.6841701865196228
8792,0.6849958300590515
8793,0.6931008100509644
8794,0.6902343034744263
8795,0.6871792078018188
8796,0.6878315806388855
8797,0.6876336336135864
8798,0.6885573863983154
8799,0.688704788684845
8800,0.6951687335968018
8801,0.6870588064193726
8802,0.696918249130249
8803,0.6896939277648926
8804,0.6848232746124268
8805,0.6990790367126465
8806,0.7121711373329163
8807,0.7018840909004211
8808,0.683238685131073
8809,0.6783658862113953
8810,0.6737973690032959
8811,0.680210530757904
8812,0.6948465704917908
8813,0.7106238603591919
8814,0.7138050198554993
8815,0.704505205154419
8816,0.720564603805542
8817,0.71370929479599
8818,0.7227398753166199
8819,0.6475823521614075
8820,0.7115538716316223
8821,0.6927309036254883
8822,0.6857194900512695
8823,0.7046303153038025
8824,0.6819863319396973
8825,0.7057772278785706
8826,0.7123711705207825
8827,0.7159429788589478
8828,0.7234629392623901
8829,0.6986568570137024
8830,0.7226718664169312
8831,0.6538729667663574
8832,0.6846857666969299
8833,0.6803614497184753
8834,0.6867288947105408
8835,0.7056178450584412
8836,0.7066680788993835
8837,0.7133635878562927
8838,0.705932080745697
8839,0.6927759051322937
8840,0.7009315490722656
8841,0.7066929340362549
8842,0.7232143878936768
8843,0.6221933960914612
8844,0.7277010679244995
8845,0.7292977571487427
8846,0.7217638492584229
8847,0.714183509349823
8848,0.7129859328269958
8849,0.7097809314727783
8850,0.7096042633056641
8851,0.7015465497970581
8852,0.7167748212814331
8853,0.7009261846542358
8854,0.6985299587249756
8855,0.6893284916877747
8856,0.6718672513961792
8857,0.6672793626785278
8858,0.6758525967597961
8859,0.6815868616104126
8860,0.6770846247673035
8861,0.6668609380722046
8862,0.668906569480896
8863,0.6660999655723572
8864,0.6773418188095093
8865,0.6813272833824158
8866,0.6639094352722168
8867,0.6523358225822449
8868,0.6576910614967346
8869,0.6796900033950806
8870,0.6889730095863342
8871,0.6944373250007629
8872,0.701196551322937
8873,0.6931434869766235
8874,0.6800526976585388
8875,0.678523063659668
8876,0.6854549646377563
8877,0.6879743933677673
8878,0.6969277858734131
8879,0.7014361023902893
8880,0.6871928572654724
8881,0.6779263615608215
8882,0.6897990107536316
8883,0.681696355342865
8884,0.6806442141532898
8885,0.6851505637168884
8886,0.6736927628517151
8887,0.6741628050804138
8888,0.6891717910766602
8889,0.675230860710144
8890,0.6691506505012512
8891,0.6720255613327026
8892,0.6632387042045593
8893,0.6612170934677124
8894,0.6416476964950562
8895,0.6517848372459412
8896,0.6679036021232605
8897,0.6272778511047363
8898,0.6494630575180054
8899,0.6800500750541687
8900,0.7033399343490601
8901,0.7040567994117737
8902,0.7120670676231384
8903,0.7160407900810242
8904,0.6081933975219727
8905,0.7061476707458496
8906,0.7162909507751465
8907,0.7282272577285767
8908,0.3633214831352234
8909,0.2884133458137512
8910,0.2780284285545349
8911,0.5857958197593689
8912,0.7237057089805603
8913,0.7209683060646057
8914,0.721802294254303
8915,0.7257570624351501
8916,0.269069641828537
8917,0.27965936064720154
8918,0.2674825191497803
8919,0.7125521898269653
8920,0.7149279117584229
8921,0.7196108102798462
8922,0.7258897423744202
8923,0.7314895391464233
8924,0.7212913632392883
8925,0.7255931496620178
8926,0.7160773873329163
8927,0.7069129943847656
8928,0.69565349817276
8929,0.6947187185287476
8930,0.6948537826538086
8931,0.7029576301574707
8932,0.6970157027244568
8933,0.6904135346412659
8934,0.6838877201080322
8935,0.6706883311271667
8936,0.6854339241981506
8937,0.6922464966773987
8938,0.6905049681663513
8939,0.6749581098556519
8940,0.656952440738678
8941,0.6536934971809387
8942,0.6708717942237854
8943,0.6757504940032959
8944,0.682719886302948
8945,0.6857668161392212
8946,0.6860462427139282
8947,0.6729539632797241
8948,0.6726412177085876
8949,0.6793177723884583
8950,0.697253942489624
8951,0.7042348980903625
8952,0.7045496106147766
8953,0.7032546401023865
8954,0.6933121681213379
8955,0.6897163987159729
8956,0.6919668316841125
8957,0.6875976920127869
8958,0.6874731183052063
8959,0.6866641044616699
8960,0.6849444508552551
8961,0.6839078068733215
8962,0.6928533911705017
8963,0.688075065612793
8964,0.6917990446090698
8965,0.6813212037086487
8966,0.6830229163169861
8967,0.6884484887123108
8968,0.6899814605712891
8969,0.6771886944770813
8970,0.6826963424682617
8971,0.6854947805404663
8972,0.6931174993515015
8973,0.6870564818382263
8974,0.6972516179084778
8975,0.690700113773346
8976,0.7007366418838501
8977,0.6959530115127563
8978,0.7030403017997742
8979,0.7077988982200623
8980,0.7167510986328125
8981,0.7147706151008606
8982,0.714903712272644
8983,0.7089524269104004
8984,0.714905858039856
8985,0.7127960920333862
8986,0.7083555459976196
8987,0.70607990026474
8988,0.7055613994598389
8989,0.6887127161026001
8990,0.6867221593856812
8991,0.6830233931541443
8992,0.690013587474823
8993,0.6944365501403809
8994,0.6850707530975342
8995,0.6782184839248657
8996,0.6800767183303833
8997,0.6780660152435303
8998,0.688591480255127
8999,0.6819488406181335
9000,0.6886640787124634
9001,0.6840970516204834
9002,0.6824913024902344
9003,0.6915357112884521
9004,0.6882696747779846
9005,0.6985726952552795
9006,0.6972315311431885
9007,0.679696261882782
9008,0.6869344711303711
9009,0.6934033036231995
9010,0.6915311813354492
9011,0.699608325958252
9012,0.6910227537155151
9013,0.690575897693634
9014,0.695038378238678
9015,0.6947416067123413
9016,0.7051903009414673
9017,0.7031670212745667
9018,0.694426417350769
9019,0.6943363547325134
9020,0.6937692761421204
9021,0.691715657711029
9022,0.6937375664710999
9023,0.6917132139205933
9024,0.7009159922599792
9025,0.6837522983551025
9026,0.6990304589271545
9027,0.6895878314971924
9028,0.7029727697372437
9029,0.7084748148918152
9030,0.7127419114112854
9031,0.7124426960945129
9032,0.7133702039718628
9033,0.7125265002250671
9034,0.7165810465812683
9035,0.7138354778289795
9036,0.7124055624008179
9037,0.7122246026992798
9038,0.7068285346031189
9039,0.7079082727432251
9040,0.705878734588623
9041,0.7076529860496521
9042,0.7010709047317505
9043,0.701382040977478
9044,0.6949212551116943
9045,0.684523344039917
9046,0.6730534434318542
9047,0.6867918968200684
9048,0.6909483075141907
9049,0.6969343423843384
9050,0.7061505913734436
9051,0.7082143425941467
9052,0.6941137909889221
9053,0.6860976815223694
9054,0.6920416951179504
9055,0.6771723628044128
9056,0.6823139190673828
9057,0.693484365940094
9058,0.6908758282661438
9059,0.6762049794197083
9060,0.6922496557235718
9061,0.6980241537094116
9062,0.7081868052482605
9063,0.6982800960540771
9064,0.715731143951416
9065,0.7001440525054932
9066,0.6973614692687988
9067,0.7052462100982666
9068,0.7051032185554504
9069,0.7108576893806458
9070,0.7116576433181763
9071,0.7099324464797974
9072,0.7024455666542053
9073,0.6989321708679199
9074,0.6854609847068787
9075,0.6831145286560059
9076,0.6846437454223633
9077,0.6780776977539062
9078,0.6766204833984375
9079,0.6831279397010803
9080,0.6822415590286255
9081,0.6713538765907288
9082,0.6835558414459229
9083,0.676038384437561
9084,0.6775693893432617
9085,0.6775424480438232
9086,0.6690998673439026
9087,0.6732726097106934
9088,0.6727896928787231
9089,0.6768012046813965
9090,0.6789171099662781
9091,0.672168493270874
9092,0.6749300360679626
9093,0.6652991771697998
9094,0.6678444743156433
9095,0.674223005771637
9096,0.665789008140564
9097,0.693250834941864
9098,0.6945102214813232
9099,0.6873512864112854
9100,0.6845832467079163
9101,0.6953113079071045
9102,0.6964958906173706
9103,0.6978907585144043
9104,0.7005096077919006
9105,0.7043541073799133
9106,0.7156383395195007
9107,0.7098356485366821
9108,0.704861044883728
9109,0.7138692140579224
9110,0.7210924625396729
9111,0.7171757221221924
9112,0.7120596170425415
9113,0.721224308013916
9114,0.7130522131919861
9115,0.714195728302002
9116,0.7108176946640015
9117,0.7206339240074158
9118,0.7054046988487244
9119,0.700191080570221
9120,0.6985782980918884
9121,0.6998716592788696
9122,0.7031933665275574
9123,0.6957687735557556
9124,0.6986174583435059
9125,0.6922788619995117
9126,0.6786990165710449
9127,0.698083758354187
9128,0.6912007927894592
9129,0.7048290967941284
9130,0.6937607526779175
9131,0.6938748955726624
9132,0.6842958331108093
9133,0.693601667881012
9134,0.7008474469184875
9135,0.6860429644584656
9136,0.6841722130775452
9137,0.6760066747665405
9138,0.6811316609382629
9139,0.6962401866912842
9140,0.6875647902488708
9141,0.6969872713088989
9142,0.7073186039924622
9143,0.7120084166526794
9144,0.7196431159973145
9145,0.6983860731124878
9146,0.6993793249130249
9147,0.6985377073287964
9148,0.6866943836212158
9149,0.6919055581092834
9150,0.6912112236022949
9151,0.6996374130249023
9152,0.6912469267845154
9153,0.6934058666229248
9154,0.7070102691650391
9155,0.6925605535507202
9156,0.6782148480415344
9157,0.693452775478363
9158,0.6885471940040588
9159,0.6958247423171997
9160,0.6856532096862793
9161,0.6773356795310974
9162,0.6844344139099121
9163,0.6914582848548889
9164,0.697158932685852
9165,0.6879633069038391
9166,0.6786670088768005
9167,0.6777554750442505
9168,0.6769912838935852
9169,0.685120701789856
9170,0.6784744262695312
9171,0.6895483732223511
9172,0.6769927740097046
9173,0.6936905980110168
9174,0.6943720579147339
9175,0.6964580416679382
9176,0.6894997954368591
9177,0.6909556984901428
9178,0.6880020499229431
9179,0.6812264919281006
9180,0.694797158241272
9181,0.7008968591690063
9182,0.6998991370201111
9183,0.6838324069976807
9184,0.6880049705505371
9185,0.7003651261329651
9186,0.6879736185073853
9187,0.7043598294258118
9188,0.6933411359786987
9189,0.6931949853897095
9190,0.6852911114692688
9191,0.6863635778427124
9192,0.6956858038902283
9193,0.6933784484863281
9194,0.6930137276649475
9195,0.6817823052406311
9196,0.6795017123222351
9197,0.6697357296943665
9198,0.6783952713012695
9199,0.6769290566444397
9200,0.6770371794700623
9201,0.6764863729476929
9202,0.694935142993927
9203,0.6849759817123413
9204,0.6879605650901794
9205,0.6658825874328613
9206,0.6748026609420776
9207,0.6952873468399048
9208,0.6885725855827332
9209,0.6845837235450745
9210,0.6999050974845886
9211,0.7002033591270447
9212,0.7022570967674255
9213,0.698566734790802
9214,0.6994861364364624
9215,0.7097053527832031
9216,0.7043110728263855
9217,0.7207316756248474
9218,0.7194592356681824
9219,0.7117475271224976
9220,0.7098227143287659
9221,0.7092759013175964
9222,0.7129173874855042
9223,0.7058683037757874
9224,0.6902567148208618
9225,0.6917709708213806
9226,0.6925433278083801
9227,0.7008022665977478
9228,0.6891839504241943
9229,0.6998889446258545
9230,0.7074434757232666
9231,0.6995463967323303
9232,0.6930117607116699
9233,0.6930743455886841
9234,0.6954367756843567
9235,0.6832310557365417
9236,0.6938241720199585
9237,0.702680230140686
9238,0.6918200254440308
9239,0.705799400806427
9240,0.6924885511398315
9241,0.6955781579017639
9242,0.7041359543800354
9243,0.7168915867805481
9244,0.6997572183609009
9245,0.6765866279602051
9246,0.6887072324752808
9247,0.6878806352615356
9248,0.6965388059616089
9249,0.688456118106842
9250,0.6929672956466675
9251,0.6879371404647827
9252,0.6984982490539551
9253,0.7027320861816406
9254,0.6921112537384033
9255,0.677163302898407
9256,0.6823171377182007
9257,0.6813949346542358
9258,0.6941168904304504
9259,0.6787933707237244
9260,0.6855149865150452
9261,0.6768779158592224
9262,0.6661425232887268
9263,0.6673508286476135
9264,0.6671194434165955
9265,0.6775681972503662
9266,0.6723092198371887
9267,0.6666997075080872
9268,0.6458860635757446
9269,0.663555920124054
9270,0.6787781715393066
9271,0.6790606379508972
9272,0.6926238536834717
9273,0.7023308277130127
9274,0.7183032035827637
9275,0.7014312148094177
9276,0.7067181468009949
9277,0.6989795565605164
9278,0.7046425342559814
9279,0.7057186365127563
9280,0.7142626643180847
9281,0.7214317917823792
9282,0.7127044796943665
9283,0.7248703241348267
9284,0.7109283804893494
9285,0.7113590240478516
9286,0.7133283615112305
9287,0.701219379901886
9288,0.7087108492851257
9289,0.7078673839569092
9290,0.7078575491905212
9291,0.7088547348976135
9292,0.7094226479530334
9293,0.7116703987121582
9294,0.7139862775802612
9295,0.7184671759605408
9296,0.7165627479553223
9297,0.7184231877326965
9298,0.7146524786949158
9299,0.7189491391181946
9300,0.7214022874832153
9301,0.7114534974098206
9302,0.6989706158638
9303,0.6900646686553955
9304,0.701941728591919
9305,0.6977863311767578
9306,0.703464686870575
9307,0.7116413712501526
9308,0.7110329270362854
9309,0.6971246600151062
9310,0.7025821805000305
9311,0.7027837634086609
9312,0.7048717141151428
9313,0.7061733603477478
9314,0.6869555115699768
9315,0.6714823246002197
9316,0.6946738958358765
9317,0.6948487162590027
9318,0.7039468884468079
9319,0.7024176716804504
9320,0.7127557992935181
9321,0.7029408812522888
9322,0.7117515206336975
9323,0.7187359929084778
9324,0.7185304164886475
9325,0.7135642766952515
9326,0.7026905417442322
9327,0.7098602056503296
9328,0.7083477973937988
9329,0.7082594037055969
9330,0.7000485062599182
9331,0.6894418001174927
9332,0.6867605447769165
9333,0.7054789066314697
9334,0.7088971138000488
9335,0.6895983815193176
9336,0.6783487796783447
9337,0.669931173324585
9338,0.6666886806488037
9339,0.6829836368560791
9340,0.6765933036804199
9341,0.6852962970733643
9342,0.6886301636695862
9343,0.6795778870582581
9344,0.6817576289176941
9345,0.687875509262085
9346,0.6903108358383179
9347,0.688895046710968
9348,0.6990246772766113
9349,0.7082971930503845
9350,0.7030259370803833
9351,0.681601881980896
9352,0.6930519342422485
9353,0.6924647688865662
9354,0.6930637359619141
9355,0.7012311816215515
9356,0.7056302428245544
9357,0.6932492852210999
9358,0.6958930492401123
9359,0.6927108764648438
9360,0.6836315393447876
9361,0.6842332482337952
9362,0.6684179902076721
9363,0.6768134832382202
9364,0.6800790429115295
9365,0.6933212876319885
9366,0.688723623752594
9367,0.6837111711502075
9368,0.69195955991745
9369,0.6910087466239929
9370,0.6931934356689453
9371,0.6873530149459839
9372,0.6798198223114014
9373,0.681941568851471
9374,0.6954103708267212
9375,0.6776213049888611
9376,0.6986230611801147
9377,0.7020189762115479
9378,0.7065447568893433
9379,0.6825186610221863
9380,0.7036202549934387
9381,0.7017921209335327
9382,0.7139451503753662
9383,0.7017109394073486
9384,0.7110355496406555
9385,0.6955351233482361
9386,0.6947516202926636
9387,0.6950221061706543
9388,0.6738051772117615
9389,0.6960855722427368
9390,0.6971228122711182
9391,0.7169910669326782
9392,0.7003048658370972
9393,0.7136715650558472
9394,0.7043702602386475
9395,0.7022258043289185
9396,0.6853991746902466
9397,0.6836795210838318
9398,0.6863075494766235
9399,0.6995283961296082
9400,0.6940046548843384
9401,0.693629801273346
9402,0.6960610747337341
9403,0.6953696012496948
9404,0.6963580250740051
9405,0.6973981857299805
9406,0.6947538256645203
9407,0.6802743077278137
9408,0.6956122517585754
9409,0.6864327192306519
9410,0.696940004825592
9411,0.6962372660636902
9412,0.679783046245575
9413,0.69289630651474
9414,0.6998971104621887
9415,0.6939142942428589
9416,0.6914780735969543
9417,0.7024596333503723
9418,0.670423150062561
9419,0.6771860718727112
9420,0.6585947275161743
9421,0.6755138039588928
9422,0.674605667591095
9423,0.671197235584259
9424,0.6804628372192383
9425,0.6859065294265747
9426,0.6699864268302917
9427,0.6781279444694519
9428,0.6794499754905701
9429,0.6550160050392151
9430,0.6808969974517822
9431,0.69915372133255
9432,0.7120751738548279
9433,0.7015275955200195
9434,0.6936932802200317
9435,0.6937573552131653
9436,0.6927896738052368
9437,0.7102763056755066
9438,0.7016177177429199
9439,0.6908100843429565
9440,0.6918665170669556
9441,0.6834391951560974
9442,0.6658856868743896
9443,0.6934800148010254
9444,0.7031694054603577
9445,0.706474781036377
9446,0.7095701694488525
9447,0.6863741874694824
9448,0.4769700765609741
9449,0.2502034902572632
9450,0.7334213852882385
9451,0.49922680854797363
9452,0.7245615720748901
9453,0.28057050704956055
9454,0.6314826607704163
9455,0.27158060669898987
9456,0.7339738011360168
9457,0.6359475255012512
9458,0.7032825350761414
9459,0.6956191062927246
9460,0.7021876573562622
9461,0.7112402319908142
9462,0.7128512263298035
9463,0.7077857851982117
9464,0.7116116285324097
9465,0.7058149576187134
9466,0.6987113356590271
9467,0.6951605677604675
9468,0.7087349891662598
9469,0.7065579891204834
9470,0.7165406346321106
9471,0.6664756536483765
9472,0.6720881462097168
9473,0.6767323613166809
9474,0.7108215689659119
9475,0.7110539674758911
9476,0.6981121897697449
9477,0.704900860786438
9478,0.6624367833137512
9479,0.6575549244880676
9480,0.685126781463623
9481,0.6859109401702881
9482,0.6883898973464966
9483,0.6813758611679077
9484,0.667436957359314
9485,0.6671102046966553
9486,0.6890369057655334
9487,0.6639262437820435
9488,0.6734104752540588
9489,0.6545089483261108
9490,0.6476381421089172
9491,0.6794309616088867
9492,0.6882800459861755
9493,0.6896366477012634
9494,0.7074541449546814
9495,0.6946196556091309
9496,0.67927086353302
9497,0.6987506747245789
9498,0.6957809925079346
9499,0.6938644051551819
9500,0.6959245800971985
9501,0.7039070725440979
9502,0.7020447850227356
9503,0.6981921792030334
9504,0.6937821507453918
9505,0.7102789282798767
9506,0.694297730922699
9507,0.6945931315422058
9508,0.693884551525116
9509,0.6937359571456909
9510,0.6990150213241577
9511,0.698084831237793
9512,0.6890971064567566
9513,0.6920380592346191
9514,0.6896897554397583
9515,0.6925297975540161
9516,0.7069093585014343
9517,0.688565731048584
9518,0.6887586116790771
9519,0.6922998428344727
9520,0.6936980485916138
9521,0.6937789916992188
9522,0.6964316964149475
9523,0.7111351490020752
9524,0.6982423067092896
9525,0.7057713270187378
9526,0.7028056979179382
9527,0.6847501397132874
9528,0.6852132678031921
9529,0.6898658275604248
9530,0.6865282654762268
9531,0.6837582588195801
9532,0.6951576471328735
9533,0.695351243019104
9534,0.6969379782676697
9535,0.6955233812332153
9536,0.6951494216918945
9537,0.7070871591567993
9538,0.7076202630996704
9539,0.714562177658081
9540,0.4886581301689148
9541,0.7206421494483948
9542,0.46885958313941956
9543,0.7132612466812134
9544,0.7119805216789246
9545,0.7234771251678467
9546,0.7102578282356262
9547,0.711265504360199
9548,0.7131748199462891
9549,0.7033765316009521
9550,0.6971387267112732
9551,0.7007523775100708
9552,0.6933718919754028
9553,0.6942421197891235
9554,0.6956408619880676
9555,0.6874993443489075
9556,0.6891577839851379
9557,0.7062512040138245
9558,0.7031813263893127
9559,0.7127062082290649
9560,0.7048218846321106
9561,0.6920771598815918
9562,0.6933705806732178
9563,0.6815400123596191
9564,0.7019587159156799
9565,0.7139768600463867
9566,0.7058386206626892
9567,0.7200680375099182
9568,0.7079190015792847
9569,0.7002177238464355
9570,0.6991572976112366
9571,0.6986094117164612
9572,0.6878065466880798
9573,0.682746171951294
9574,0.6881209015846252
9575,0.7054136395454407
9576,0.7268441319465637
9577,0.6936308741569519
9578,0.7072138786315918
9579,0.7061751484870911
9580,0.7081927061080933
9581,0.6982504725456238
9582,0.6982722878456116
9583,0.7055475115776062
9584,0.7064557671546936
9585,0.7139314413070679
9586,0.7089946866035461
9587,0.7014480233192444
9588,0.7042537331581116
9589,0.6995483040809631
9590,0.7012668251991272
9591,0.7030066847801208
9592,0.6963968276977539
9593,0.69736647605896
9594,0.7030547261238098
9595,0.7019160389900208
9596,0.6943708658218384
9597,0.7073098421096802
9598,0.6848526000976562
9599,0.6986705660820007
9600,0.6960748434066772
9601,0.6975617408752441
9602,0.6768866777420044
9603,0.6778488159179688
9604,0.6685306429862976
9605,0.670101523399353
9606,0.6761940121650696
9607,0.6943960785865784
9608,0.6973370909690857
9609,0.6995961666107178
9610,0.7002291679382324
9611,0.6836767792701721
9612,0.6854044198989868
9613,0.6784427762031555
9614,0.6703264117240906
9615,0.6751787662506104
9616,0.6748717427253723
9617,0.6850217580795288
9618,0.6844157576560974
9619,0.679832398891449
9620,0.6783908605575562
9621,0.6821379661560059
9622,0.6880742907524109
9623,0.6697316765785217
9624,0.6847204566001892
9625,0.6777297854423523
9626,0.6792155504226685
9627,0.6937379837036133
9628,0.6948493719100952
9629,0.6957775950431824
9630,0.6961830854415894
9631,0.6821020841598511
9632,0.6871553659439087
9633,0.6840789914131165
9634,0.6902878284454346
9635,0.6926369667053223
9636,0.6843239665031433
9637,0.6845535635948181
9638,0.69318687915802
9639,0.7006918787956238
9640,0.7063067555427551
9641,0.7050158977508545
9642,0.6912636160850525
9643,0.7065348625183105
9644,0.7021313309669495
9645,0.692818820476532
9646,0.6925477981567383
9647,0.687007486820221
9648,0.696593701839447
9649,0.688873291015625
9650,0.695968747138977
9651,0.6825312376022339
9652,0.6820138692855835
9653,0.6932079792022705
9654,0.69562828540802
9655,0.6920530796051025
9656,0.6898266077041626
9657,0.697937548160553
9658,0.6986842155456543
9659,0.6967180371284485
9660,0.68630051612854
9661,0.6882015466690063
9662,0.6803696751594543
9663,0.6969447135925293
9664,0.6980272531509399
9665,0.7008609175682068
9666,0.7036853432655334
9667,0.6967794895172119
9668,0.6912612318992615
9669,0.7026053071022034
9670,0.689961314201355
9671,0.6806314587593079
9672,0.6801117062568665
9673,0.6872576475143433
9674,0.6875317096710205
9675,0.6957889199256897
9676,0.6857178211212158
9677,0.6910760998725891
9678,0.6890169978141785
9679,0.6815621852874756
9680,0.6824888586997986
9681,0.680870771408081
9682,0.6866033673286438
9683,0.6936861872673035
9684,0.6979979276657104
9685,0.6938523054122925
9686,0.6964703798294067
9687,0.690972626209259
9688,0.692855954170227
9689,0.6847090125083923
9690,0.6938916444778442
9691,0.6813793778419495
9692,0.694450318813324
9693,0.6992045640945435
9694,0.6987962126731873
9695,0.7020724415779114
9696,0.7016084790229797
9697,0.6931397914886475
9698,0.6903600692749023
9699,0.6901343464851379
9700,0.6913607120513916
9701,0.6913513541221619
9702,0.6995809674263
9703,0.6972113847732544
9704,0.7057404518127441
9705,0.6919431090354919
9706,0.6910765171051025
9707,0.6932040452957153
9708,0.7061159014701843
9709,0.7041773200035095
9710,0.7063739895820618
9711,0.705286979675293
9712,0.6971688270568848
9713,0.7066380381584167
9714,0.7037191390991211
9715,0.7191970944404602
9716,0.71341472864151
9717,0.7212364673614502
9718,0.7134916186332703
9719,0.709236741065979
9720,0.7188622951507568
9721,0.7201076745986938
9722,0.6957536935806274
9723,0.7097193598747253
9724,0.7191916108131409
9725,0.7156963348388672
9726,0.694367527961731
9727,0.7064434289932251
9728,0.7208359837532043
9729,0.7029682993888855
9730,0.7175116539001465
9731,0.7038807272911072
9732,0.7116575837135315
9733,0.6976606249809265
9734,0.6952794790267944
9735,0.6658928990364075
9736,0.674181342124939
9737,0.6707603335380554
9738,0.6902107000350952
9739,0.6961339116096497
9740,0.7065966725349426
9741,0.6895484328269958
9742,0.6909623146057129
9743,0.6900702118873596
9744,0.6856573224067688
9745,0.6780773997306824
9746,0.6903377175331116
9747,0.6891642212867737
9748,0.689712643623352
9749,0.6982268691062927
9750,0.6989231705665588
9751,0.6991890668869019
9752,0.7102829813957214
9753,0.701941967010498
9754,0.714809000492096
9755,0.7008159160614014
9756,0.6988475918769836
9757,0.6919940710067749
9758,0.6940785050392151
9759,0.6950395107269287
9760,0.7099803686141968
9761,0.7134677171707153
9762,0.7174144983291626
9763,0.7148492336273193
9764,0.7101615071296692
9765,0.7171282768249512
9766,0.7146525979042053
9767,0.7103922963142395
9768,0.7083337306976318
9769,0.7048963904380798
9770,0.7122012972831726
9771,0.7012118101119995
9772,0.7183284759521484
9773,0.7178634405136108
9774,0.7258519530296326
9775,0.7187919616699219
9776,0.7113440036773682
9777,0.46360111236572266
9778,0.7064875364303589
9779,0.7152622938156128
9780,0.708608865737915
9781,0.7185474038124084
9782,0.7094045877456665
9783,0.719273030757904
9784,0.7191970348358154
9785,0.7195442318916321
9786,0.709506630897522
9787,0.711767852306366
9788,0.7052351832389832
9789,0.7011843323707581
9790,0.7040024399757385
9791,0.6947192549705505
9792,0.7184776067733765
9793,0.7010930180549622
9794,0.7025467753410339
9795,0.6942103505134583
9796,0.6933216452598572
9797,0.6682507395744324
9798,0.6814736127853394
9799,0.6873720288276672
9800,0.6851913928985596
9801,0.6699053049087524
9802,0.6754805445671082
9803,0.6810029149055481
9804,0.6832289099693298
9805,0.6797624230384827
9806,0.6896820068359375
9807,0.682178795337677
9808,0.687539279460907
9809,0.6833216547966003
9810,0.6902267336845398
9811,0.6886770129203796
9812,0.684363842010498
9813,0.6857063174247742
9814,0.6879188418388367
9815,0.6905171871185303
9816,0.6842781901359558
9817,0.7042901515960693
9818,0.6970337629318237
9819,0.7080193161964417
9820,0.7004227042198181
9821,0.7119931578636169
9822,0.7076075077056885
9823,0.7166807055473328
9824,0.7128209471702576
9825,0.7211520075798035
9826,0.7206042408943176
9827,0.7113983631134033
9828,0.7112370133399963
9829,0.7065524458885193
9830,0.7115660905838013
9831,0.7071807980537415
9832,0.7005099654197693
9833,0.7083356976509094
9834,0.7024453282356262
9835,0.6871232986450195
9836,0.6912462711334229
9837,0.6948398947715759
9838,0.694196343421936
9839,0.6963872313499451
9840,0.6969366669654846
9841,0.6494412422180176
9842,0.6938849687576294
9843,0.686613142490387
9844,0.6885358095169067
9845,0.6993502974510193
9846,0.678520143032074
9847,0.6974557638168335
9848,0.6897287964820862
9849,0.6901435256004333
9850,0.6633269190788269
9851,0.6929728984832764
9852,0.6940499544143677
9853,0.698003888130188
9854,0.6735257506370544
9855,0.6841767430305481
9856,0.67852383852005
9857,0.6782630681991577
9858,0.6796313524246216
9859,0.6892901062965393
9860,0.6759516000747681
9861,0.6834583282470703
9862,0.6693055629730225
9863,0.6674710512161255
9864,0.6825088262557983
9865,0.6990787386894226
9866,0.7148628830909729
9867,0.6421465873718262
9868,0.3125048577785492
9869,0.2784038782119751
9870,0.24287430942058563
9871,0.2606056034564972
9872,0.7106847167015076
9873,0.7168088555335999
9874,0.6162962317466736
9875,0.7201623320579529
9876,0.39552611112594604
9877,0.7272666692733765
9878,0.7129184007644653
9879,0.6606515645980835
9880,0.6458494067192078
9881,0.6016131043434143
9882,0.6152356266975403
9883,0.6524466276168823
9884,0.6793767213821411
9885,0.6905070543289185
9886,0.7053583264350891
9887,0.6904613375663757
9888,0.6918268203735352
9889,0.6718217730522156
9890,0.6957077980041504
9891,0.7033332586288452
9892,0.7076760530471802
9893,0.7022074460983276
9894,0.705784022808075
9895,0.6832707524299622
9896,0.6833155751228333
9897,0.6820119023323059
9898,0.6829929947853088
9899,0.6898516416549683
9900,0.6885755062103271
9901,0.6862300038337708
9902,0.6761227250099182
9903,0.6717121005058289
9904,0.6801722049713135
9905,0.6885395050048828
9906,0.6873879432678223
9907,0.6919912099838257
9908,0.6973902583122253
9909,0.697163999080658
9910,0.6872142553329468
9911,0.6874367594718933
9912,0.6901560425758362
9913,0.6902029514312744
9914,0.6938661336898804
9915,0.693390965461731
9916,0.6975137591362
9917,0.696609616279602
9918,0.7004294991493225
9919,0.7010250091552734
9920,0.6993477940559387
9921,0.6893702149391174
9922,0.6974808573722839
9923,0.6883965134620667
9924,0.6890639662742615
9925,0.6905868053436279
9926,0.7012806534767151
9927,0.6898428201675415
9928,0.6912705302238464
9929,0.691188395023346
9930,0.7003119587898254
9931,0.7163561582565308
9932,0.7184747457504272
9933,0.7035386562347412
9934,0.704889178276062
9935,0.6876629590988159
9936,0.6971262097358704
9937,0.6992114186286926
9938,0.7175591588020325
9939,0.7141096591949463
9940,0.7166095972061157
9941,0.716269850730896
9942,0.6994366645812988
9943,0.703737199306488
9944,0.6969795823097229
9945,0.6975215673446655
9946,0.7012960910797119
9947,0.688696026802063
9948,0.6817477345466614
9949,0.6961628794670105
9950,0.6921238303184509
9951,0.6875547170639038
9952,0.6860756278038025
9953,0.6726762652397156
9954,0.6916986703872681
9955,0.7110083699226379
9956,0.7056498527526855
9957,0.7118416428565979
9958,0.6933698654174805
9959,0.6927630305290222
9960,0.704332709312439
9961,0.7135725617408752
9962,0.7236074209213257
9963,0.7184769511222839
9964,0.7179156541824341
9965,0.7044823169708252
9966,0.7094143629074097
9967,0.7030766010284424
9968,0.7075161933898926
9969,0.7117328643798828
9970,0.7186159491539001
9971,0.7150381803512573
9972,0.7170255780220032
9973,0.7060777544975281
9974,0.70259028673172
9975,0.6893831491470337
9976,0.6849461197853088
9977,0.6777859330177307
9978,0.6676208972930908
9979,0.6837446689605713
9980,0.6773056387901306
9981,0.6435626745223999
9982,0.7015786170959473
9983,0.7174813747406006
9984,0.7190349102020264
9985,0.7165181636810303
9986,0.708797037601471
9987,0.6956584453582764
9988,0.6777814626693726
9989,0.699568510055542
9990,0.699816107749939
9991,0.7111772298812866
9992,0.7200638055801392
9993,0.7105134725570679
9994,0.6963692307472229
9995,0.6973071694374084
9996,0.699116051197052
9997,0.7095311880111694
9998,0.7127361297607422
9999,0.7220048308372498
