Step,Value
1,8.724321365356445
2,5.065260887145996
3,5.1815361976623535
4,4.755355358123779
5,9.017555236816406
6,10.077308654785156
7,10.058719635009766
8,13.224729537963867
9,10.995838165283203
10,12.620586395263672
11,60.67308807373047
12,39.689823150634766
13,13.222553253173828
14,10.650025367736816
15,10.84395694732666
16,11.153478622436523
17,11.957064628601074
18,60.65996170043945
19,13.428630828857422
20,13.292130470275879
21,8.424637794494629
22,7.199493408203125
23,17.417470932006836
24,8.090432167053223
25,3.0818862915039062
26,4.244171142578125
27,9.229273796081543
28,6.1160054206848145
29,7.059027194976807
30,13.667693138122559
31,13.020806312561035
32,10.887946128845215
33,9.675492286682129
34,9.868171691894531
35,10.229111671447754
36,10.137310028076172
37,8.954401016235352
38,10.518454551696777
39,8.376680374145508
40,12.76761531829834
41,13.365172386169434
42,22.946611404418945
43,15.608781814575195
44,16.781208038330078
45,12.542505264282227
46,38.04882049560547
47,15.04994010925293
48,15.106620788574219
49,18.599397659301758
50,16.588655471801758
51,11.132227897644043
52,8.455011367797852
53,9.085041999816895
54,8.014747619628906
55,4.434093952178955
56,10.420957565307617
57,8.44343376159668
58,7.27192497253418
59,8.47459602355957
60,9.308293342590332
61,13.329702377319336
62,12.943175315856934
63,11.069268226623535
64,12.734610557556152
65,11.069097518920898
66,13.191367149353027
67,7.937260150909424
68,5.720768451690674
69,3.354780435562134
70,4.437111854553223
71,7.873668193817139
72,7.81710147857666
73,7.6057448387146
74,7.458949089050293
75,8.549049377441406
76,11.493640899658203
77,10.353809356689453
78,12.728440284729004
79,10.18117618560791
80,12.090130805969238
81,11.889473915100098
82,16.137454986572266
83,7.233992576599121
84,15.700618743896484
85,0.0
86,20.22847557067871
87,11.675436973571777
88,4.987351894378662
89,0.0
90,28.51515007019043
91,11.546488761901855
92,11.749869346618652
93,8.215274810791016
94,9.386013984680176
95,11.147500991821289
96,10.725401878356934
97,9.43542766571045
98,8.545906066894531
99,4.163424015045166
100,7.147093296051025
101,8.317012786865234
102,2.355097532272339
103,3.01651930809021
104,1.6315500736236572
105,6.7663702964782715
106,2.3220677375793457
107,6.957842826843262
108,9.574431419372559
109,7.7803568840026855
110,7.493929862976074
111,7.190935134887695
112,11.134761810302734
113,8.16849422454834
114,10.766443252563477
115,12.924554824829102
116,11.06480598449707
117,12.235045433044434
118,15.062003135681152
119,10.309094429016113
120,11.094278335571289
121,6.618125915527344
122,13.491281509399414
123,9.648298263549805
124,11.366040229797363
125,7.337578296661377
126,9.471118927001953
127,4.981960773468018
128,2.204794406890869
129,2.5716700553894043
130,4.152769565582275
131,6.869152545928955
132,7.146303176879883
133,8.088691711425781
134,6.491363525390625
135,5.613457679748535
136,6.385105133056641
137,6.211212158203125
138,9.40408706665039
139,9.248051643371582
140,6.892444610595703
141,5.058371543884277
142,5.366948127746582
143,23.2152156829834
144,3.0932886600494385
145,3.6573970317840576
146,4.423526763916016
147,3.126539468765259
148,2.0413990020751953
149,6.268306732177734
150,2.2972323894500732
151,5.487973213195801
152,19.178537368774414
153,7.946577548980713
154,4.691262722015381
155,7.074296474456787
156,9.496467590332031
157,13.067164421081543
158,8.703133583068848
159,8.456428527832031
160,10.122520446777344
161,8.097357749938965
162,5.771991729736328
163,6.6719865798950195
164,6.621707916259766
165,8.649188995361328
166,8.3375825881958
167,9.355863571166992
168,10.997711181640625
169,28.62174415588379
170,7.1936445236206055
171,9.808027267456055
172,28.624181747436523
173,13.010686874389648
174,50.64405059814453
175,12.477787017822266
176,9.295097351074219
177,8.260645866394043
178,8.528311729431152
179,16.58156967163086
180,12.066417694091797
181,13.660966873168945
182,9.558745384216309
183,7.654309272766113
184,10.61685562133789
185,10.072701454162598
186,7.516546726226807
187,10.392317771911621
188,8.760482788085938
189,10.052231788635254
190,10.377717018127441
191,8.783953666687012
192,10.576354026794434
193,7.750119209289551
194,9.062675476074219
195,12.164002418518066
196,49.24208068847656
197,22.047760009765625
198,12.393071174621582
199,16.15346336364746
200,9.27733325958252
201,18.72810935974121
202,35.13168716430664
203,4.954428195953369
204,7.966430187225342
205,6.083295822143555
206,9.651237487792969
207,8.675104141235352
208,6.701562881469727
209,14.659927368164062
210,15.22368335723877
211,10.023076057434082
212,73.34495544433594
213,8.961710929870605
214,11.284621238708496
215,20.69529151916504
216,8.433375358581543
217,11.010384559631348
218,11.17214298248291
219,0.0
220,12.002114295959473
221,8.389586448669434
222,21.69578742980957
223,9.953121185302734
224,7.08854866027832
225,7.032690048217773
226,7.175030708312988
227,9.246598243713379
228,10.724087715148926
229,19.10917854309082
230,15.63308334350586
231,13.534852981567383
232,12.073500633239746
233,10.272378921508789
234,10.343358039855957
235,9.88736343383789
236,9.399219512939453
237,10.46474552154541
238,9.770992279052734
239,10.9913330078125
240,11.655353546142578
241,7.344710826873779
242,12.207446098327637
243,12.279760360717773
244,25.687498092651367
245,12.765253067016602
246,9.291683197021484
247,6.274668216705322
248,12.559630393981934
249,10.747701644897461
250,11.73776626586914
251,34.131744384765625
252,16.355775833129883
253,10.0366792678833
254,37.153221130371094
255,9.872851371765137
256,7.05137825012207
257,13.602458953857422
258,7.399983882904053
259,6.191128730773926
260,5.817293643951416
261,5.03560209274292
262,7.1581220626831055
263,10.285019874572754
264,7.909184455871582
265,11.00519847869873
266,13.240337371826172
267,26.860750198364258
268,8.1217622756958
269,10.269646644592285
270,15.323416709899902
271,14.778844833374023
272,26.972309112548828
273,8.173171997070312
274,13.368218421936035
275,10.649090766906738
276,43.983314514160156
277,12.168548583984375
278,12.707295417785645
279,12.801457405090332
280,9.51977252960205
281,50.933773040771484
282,13.502721786499023
283,10.158915519714355
284,12.94336223602295
285,12.553696632385254
286,10.202278137207031
287,8.867777824401855
288,6.039392948150635
289,5.765946865081787
290,3.684614419937134
291,5.139915943145752
292,6.364965438842773
293,6.886929035186768
294,4.299320220947266
295,6.711352348327637
296,6.653951168060303
297,10.346118927001953
298,30.92291831970215
299,10.90532112121582
300,14.19655704498291
301,10.322680473327637
302,35.80052947998047
303,8.814041137695312
304,8.520991325378418
305,10.819443702697754
306,12.891630172729492
307,12.376832962036133
308,9.15211009979248
309,5.729284286499023
310,8.085699081420898
311,9.40234661102295
312,7.965743064880371
313,8.52171516418457
314,7.026809215545654
315,9.760122299194336
316,9.384608268737793
317,11.546316146850586
318,15.304215431213379
319,9.438233375549316
320,11.010018348693848
321,18.911113739013672
322,15.856242179870605
323,12.929633140563965
324,14.816057205200195
325,15.43874454498291
326,12.44836139678955
327,8.189286231994629
328,10.579106330871582
329,10.348670959472656
330,13.337979316711426
331,8.973958015441895
332,11.880546569824219
333,9.708008766174316
334,8.779052734375
335,9.954792022705078
336,11.030757904052734
337,12.239425659179688
338,13.396058082580566
339,8.792015075683594
340,6.432266712188721
341,9.007852554321289
342,37.01738357543945
343,6.37871789932251
344,9.645393371582031
345,9.94332504272461
346,8.075495719909668
347,4.426025390625
348,8.676116943359375
349,8.752111434936523
350,8.440999984741211
351,9.36902141571045
352,6.517908573150635
353,5.79777717590332
354,8.869317054748535
355,10.584338188171387
356,13.990288734436035
357,19.457897186279297
358,15.662192344665527
359,16.239831924438477
360,12.786006927490234
361,8.943965911865234
362,11.261058807373047
363,17.942249298095703
364,9.557870864868164
365,9.07404613494873
366,38.598758697509766
367,6.782132148742676
368,6.209508895874023
369,10.398504257202148
370,5.908182144165039
371,16.750696182250977
372,5.940174102783203
373,9.176531791687012
374,11.649763107299805
375,13.587554931640625
376,15.992815017700195
377,11.443952560424805
378,14.910186767578125
379,9.816421508789062
380,7.193558216094971
381,5.535517692565918
382,6.196345806121826
383,4.8653483390808105
384,4.236076831817627
385,8.137349128723145
386,4.693256378173828
387,9.556601524353027
388,7.946069240570068
389,11.01878833770752
390,9.856119155883789
391,8.124423027038574
392,9.84757137298584
393,7.820970058441162
394,4.930358409881592
395,7.761118412017822
396,6.51238489151001
397,13.696968078613281
398,9.291510581970215
399,10.522759437561035
400,10.947332382202148
401,10.682684898376465
402,15.29454231262207
403,31.372833251953125
404,8.094222068786621
405,23.22180938720703
406,9.132554054260254
407,9.247314453125
408,10.111312866210938
409,10.697872161865234
410,14.135103225708008
411,11.150419235229492
412,15.054533958435059
413,7.046722888946533
414,25.154211044311523
415,7.361256122589111
416,3.928762674331665
417,5.556484222412109
418,5.1580586433410645
419,7.790877819061279
420,10.111289978027344
421,6.558934211730957
422,9.720016479492188
423,12.513639450073242
424,4.849073886871338
425,7.863536357879639
426,16.843639373779297
427,42.103389739990234
428,8.943860054016113
429,7.289763927459717
430,7.745431423187256
431,11.979764938354492
432,48.014522552490234
433,8.58800983428955
434,11.6643648147583
435,10.825329780578613
436,17.748620986938477
437,9.32565975189209
438,11.43801212310791
439,13.345298767089844
440,14.617033958435059
441,7.827419281005859
442,12.479995727539062
443,15.636089324951172
444,9.443392753601074
445,9.09486198425293
446,7.4185662269592285
447,10.207531929016113
448,18.749107360839844
449,15.087925910949707
450,7.343254089355469
451,5.246001720428467
452,5.322721481323242
453,6.320682525634766
454,11.67294979095459
455,6.571006774902344
456,4.8103766441345215
457,5.91509485244751
458,5.245749473571777
459,5.275557994842529
460,7.643550395965576
461,11.357221603393555
462,18.839824676513672
463,15.216638565063477
464,20.956748962402344
465,20.320785522460938
466,23.25724983215332
467,29.21332550048828
468,16.00739288330078
469,14.975604057312012
470,11.78648853302002
471,10.518299102783203
472,30.484731674194336
473,8.378949165344238
474,8.567426681518555
475,7.2842936515808105
476,6.3255486488342285
477,9.690205574035645
478,5.854037284851074
479,4.371695041656494
480,9.441478729248047
481,10.430665969848633
482,12.550811767578125
483,10.209132194519043
484,17.332496643066406
485,30.89497184753418
486,14.625458717346191
487,12.47342300415039
488,13.569499015808105
489,15.718916893005371
490,8.312946319580078
491,6.639139175415039
492,5.102640628814697
493,7.4711995124816895
494,6.40066385269165
495,5.501237869262695
496,11.816807746887207
497,8.044888496398926
498,10.134347915649414
499,12.977133750915527
500,11.00793170928955
501,12.639896392822266
502,13.538602828979492
503,11.280696868896484
504,13.086600303649902
505,12.241342544555664
506,10.441150665283203
507,13.49319839477539
508,16.57741355895996
509,10.565383911132812
510,9.993778228759766
511,11.363441467285156
512,9.108452796936035
513,10.37226676940918
514,7.757843971252441
515,7.1539788246154785
516,7.1002197265625
517,7.0504150390625
518,8.667553901672363
519,8.565211296081543
520,5.448951721191406
521,14.503283500671387
522,8.110517501831055
523,11.397455215454102
524,14.781579971313477
525,16.43446922302246
526,15.963883399963379
527,14.90000057220459
528,11.41262149810791
529,15.337882995605469
530,13.894233703613281
531,11.897531509399414
532,4.642688751220703
533,6.40838098526001
534,5.72626256942749
535,6.203387260437012
536,7.188541412353516
537,7.509605884552002
538,9.1929349899292
539,7.987066745758057
540,17.261457443237305
541,31.69991683959961
542,5.814059734344482
543,118.54190063476562
544,12.012579917907715
545,17.03482437133789
546,5.970163345336914
547,8.484105110168457
548,11.582016944885254
549,9.2223539352417
550,11.173714637756348
551,12.624699592590332
552,9.214118957519531
553,10.364975929260254
554,6.160215377807617
555,8.83909797668457
556,23.21956443786621
557,16.974700927734375
558,14.353951454162598
559,14.283307075500488
560,13.663190841674805
561,13.873581886291504
562,10.570355415344238
563,13.710084915161133
564,39.66691207885742
565,11.693523406982422
566,6.5774641036987305
567,6.244241714477539
568,9.284283638000488
569,13.46896743774414
570,11.349468231201172
571,12.787370681762695
572,13.668963432312012
573,8.76916790008545
574,8.093132019042969
575,10.976107597351074
576,7.878313064575195
577,5.747153282165527
578,8.629714012145996
579,8.900815963745117
580,6.9149041175842285
581,6.414134502410889
582,7.858612537384033
583,8.357468605041504
584,8.973312377929688
585,6.537740230560303
586,10.579062461853027
587,8.027460098266602
588,6.630600929260254
589,9.525084495544434
590,10.837074279785156
591,12.50355339050293
592,14.353073120117188
593,13.079279899597168
594,36.71862030029297
595,10.462087631225586
596,17.52381706237793
597,14.924918174743652
598,6.415589332580566
599,9.368721961975098
600,10.23878002166748
601,16.710601806640625
602,20.56601333618164
603,10.796131134033203
604,14.83905029296875
605,11.900739669799805
606,18.54524803161621
607,12.883386611938477
608,12.520551681518555
609,7.427872180938721
610,10.398195266723633
611,13.250280380249023
612,9.575319290161133
613,8.50103759765625
614,6.007286548614502
615,19.91245460510254
616,7.292304992675781
617,7.192955493927002
618,7.413166522979736
619,6.803039073944092
620,7.6536102294921875
621,9.644558906555176
622,10.795337677001953
623,10.633478164672852
624,14.3864164352417
625,13.864526748657227
626,11.584195137023926
627,15.83259105682373
628,10.016611099243164
629,11.960902214050293
630,11.833227157592773
631,14.44362735748291
632,11.554858207702637
633,56.30681228637695
634,8.079439163208008
635,17.871706008911133
636,11.769847869873047
637,9.2101469039917
638,9.633309364318848
639,6.142679214477539
640,4.951186656951904
641,12.827260971069336
642,11.239872932434082
643,8.880125999450684
644,15.933451652526855
645,12.463105201721191
646,9.010788917541504
647,11.40807819366455
648,8.593809127807617
649,7.821377277374268
650,11.983201026916504
651,11.677607536315918
652,14.379239082336426
653,10.053726196289062
654,9.34898567199707
655,11.93392562866211
656,8.285418510437012
657,9.03783130645752
658,4.964317321777344
659,4.024185657501221
660,4.343038558959961
661,4.970107078552246
662,13.021346092224121
663,11.903427124023438
664,9.667654037475586
665,10.649864196777344
666,11.905302047729492
667,10.531319618225098
668,19.007444381713867
669,9.37718677520752
670,6.387332916259766
671,6.031147480010986
672,10.815522193908691
673,0.0
674,7.8574652671813965
675,6.89716911315918
676,4.097390174865723
677,3.2523305416107178
678,5.86264181137085
679,14.9561185836792
680,8.368610382080078
681,5.874549388885498
682,0.0
683,13.239493370056152
684,11.320551872253418
685,45.75772476196289
686,37.682498931884766
687,29.232803344726562
688,14.332003593444824
689,13.766989707946777
690,16.01348114013672
691,12.266419410705566
692,12.853883743286133
693,3.3722639083862305
694,5.34376335144043
695,33.54165267944336
696,21.312589645385742
697,0.0
698,45.91120147705078
699,13.568695068359375
700,13.038028717041016
701,12.414813041687012
702,50.958900451660156
703,7.680243968963623
704,13.525307655334473
705,14.628432273864746
706,11.82283878326416
707,8.553993225097656
708,43.57935333251953
709,7.878232002258301
710,4.361435413360596
711,12.788217544555664
712,45.43567657470703
713,9.42780590057373
714,8.05741024017334
715,7.914064884185791
716,6.201079845428467
717,12.028610229492188
718,11.391386985778809
719,12.407927513122559
720,10.156471252441406
721,8.74724006652832
722,10.012078285217285
723,10.832535743713379
724,5.943204402923584
725,11.139470100402832
726,7.360321044921875
727,9.535978317260742
728,9.876160621643066
729,10.594738960266113
730,10.721891403198242
731,10.301888465881348
732,13.17771053314209
733,11.99199390411377
734,0.0
735,14.282275199890137
736,13.010900497436523
737,9.16335391998291
738,5.513830184936523
739,12.07778549194336
740,10.061266899108887
741,17.089418411254883
742,7.736612319946289
743,10.464519500732422
744,8.803855895996094
745,7.224966049194336
746,12.104559898376465
747,14.327131271362305
748,12.13846206665039
749,11.371407508850098
750,32.236228942871094
751,29.80777931213379
752,17.288545608520508
753,15.314170837402344
754,11.866350173950195
755,13.79494857788086
756,11.244036674499512
757,10.250255584716797
758,10.311491966247559
759,44.914024353027344
760,10.4476957321167
761,6.314136505126953
762,22.984233856201172
763,9.348687171936035
764,20.098896026611328
765,13.140684127807617
766,18.777687072753906
767,11.565516471862793
768,12.50076961517334
769,12.71228313446045
770,34.556884765625
771,15.263973236083984
772,23.55445098876953
773,12.218464851379395
774,12.389678001403809
775,15.212899208068848
776,10.588434219360352
777,9.388537406921387
778,9.022263526916504
779,11.048670768737793
780,10.507250785827637
781,10.091385841369629
782,11.272814750671387
783,9.013317108154297
784,7.940034866333008
785,35.026371002197266
786,7.827723503112793
787,7.2816243171691895
788,8.93598461151123
789,10.226408004760742
790,10.040249824523926
791,8.782217979431152
792,13.681682586669922
793,11.319345474243164
794,14.08029556274414
795,12.701061248779297
796,11.935983657836914
797,10.527091979980469
798,8.763018608093262
799,10.64570140838623
800,7.034544944763184
801,4.947727203369141
802,4.85813570022583
803,1.8474141359329224
804,3.53535532951355
805,7.818173885345459
806,5.75864839553833
807,9.527688026428223
808,9.483248710632324
809,11.755162239074707
810,16.614946365356445
811,14.07512378692627
812,53.295989990234375
813,20.509258270263672
814,17.763429641723633
815,16.544797897338867
816,16.030986785888672
817,15.813982009887695
818,17.12869644165039
819,21.84931182861328
820,9.566641807556152
821,12.139352798461914
822,32.40170669555664
823,8.337763786315918
824,11.273041725158691
825,11.275885581970215
826,12.734917640686035
827,11.014801979064941
828,13.180960655212402
829,6.454146862030029
830,9.052570343017578
831,9.226696014404297
832,10.059621810913086
833,13.191075325012207
834,17.544466018676758
835,14.345244407653809
836,36.028133392333984
837,43.539188385009766
838,14.941152572631836
839,12.088974952697754
840,9.307038307189941
841,8.857325553894043
842,9.207457542419434
843,6.058404445648193
844,3.218148946762085
845,4.86500883102417
846,6.981030464172363
847,10.327933311462402
848,10.268218994140625
849,8.613383293151855
850,5.255029201507568
851,8.787097930908203
852,19.31265640258789
853,8.315728187561035
854,10.400967597961426
855,11.69250202178955
856,17.861413955688477
857,15.424653053283691
858,10.50401782989502
859,9.723235130310059
860,10.59878921508789
861,5.927572250366211
862,5.8686909675598145
863,4.989513874053955
864,4.294881820678711
865,5.75608491897583
866,9.000232696533203
867,8.479104042053223
868,9.569960594177246
869,9.430892944335938
870,9.025157928466797
871,8.726140022277832
872,11.622978210449219
873,9.119685173034668
874,5.827941417694092
875,4.922520160675049
876,0.0
877,15.150519371032715
878,19.12563705444336
879,15.487709045410156
880,13.546806335449219
881,14.688892364501953
882,0.0
883,22.688434600830078
884,13.308599472045898
885,13.114683151245117
886,12.440417289733887
887,10.459749221801758
888,7.834460258483887
889,12.810689926147461
890,8.960195541381836
891,6.781595706939697
892,7.581940174102783
893,8.13148307800293
894,11.703786849975586
895,12.66459846496582
896,10.87423038482666
897,47.381683349609375
898,8.37087631225586
899,7.965911865234375
900,15.47666072845459
901,10.571547508239746
902,22.968313217163086
903,28.50786590576172
904,7.149993896484375
905,6.144220352172852
906,5.761872291564941
907,8.626359939575195
908,29.725677490234375
909,16.171838760375977
910,40.70859909057617
911,10.930729866027832
912,9.98611831665039
913,10.191719055175781
914,9.799636840820312
915,7.936854362487793
916,12.32107162475586
917,12.579227447509766
918,4.87276029586792
919,8.309117317199707
920,7.815154075622559
921,10.429971694946289
922,9.74008846282959
923,12.962928771972656
924,11.819873809814453
925,7.085942268371582
926,14.888154983520508
927,8.598094940185547
928,12.294416427612305
929,11.234323501586914
930,10.788498878479004
931,9.271089553833008
932,10.826313018798828
933,8.634665489196777
934,24.273744583129883
935,10.212727546691895
936,9.236015319824219
937,8.258627891540527
938,6.82921838760376
939,8.350797653198242
940,6.289717197418213
941,9.25836181640625
942,12.75325870513916
943,11.901238441467285
944,11.849786758422852
945,12.537337303161621
946,8.126282691955566
947,6.2674150466918945
948,4.646149158477783
949,7.886940956115723
950,6.790766716003418
951,7.328366279602051
952,24.29195785522461
953,11.484868049621582
954,6.6929144859313965
955,12.56333065032959
956,25.070302963256836
957,12.672377586364746
958,28.512500762939453
959,17.387622833251953
960,18.629873275756836
961,11.649397850036621
962,12.033894538879395
963,16.142688751220703
964,13.083949089050293
965,13.466053009033203
966,7.052429676055908
967,7.369155406951904
968,8.44896125793457
969,9.841357231140137
970,8.376079559326172
971,13.664493560791016
972,8.220023155212402
973,11.889032363891602
974,11.859161376953125
975,9.808425903320312
976,17.609020233154297
977,10.386651039123535
978,8.453897476196289
979,9.56750202178955
980,8.276886940002441
981,14.474976539611816
982,5.94319486618042
983,7.513956546783447
984,9.627106666564941
985,8.247503280639648
986,13.909830093383789
987,9.770328521728516
988,5.9688191413879395
989,10.986330032348633
990,9.27552318572998
991,12.270410537719727
992,0.0
993,12.743844032287598
994,14.030247688293457
995,13.018651008605957
996,7.107579231262207
997,7.247278690338135
998,6.14921236038208
999,6.438607215881348
1000,5.394608974456787
1001,5.369243621826172
1002,6.16922664642334
1003,3.5558595657348633
1004,7.868805885314941
1005,14.472498893737793
1006,12.914355278015137
1007,18.54611587524414
1008,12.655303001403809
1009,11.205321311950684
1010,12.480425834655762
1011,21.542591094970703
1012,8.893486022949219
1013,8.749266624450684
1014,4.922463893890381
1015,13.560174942016602
1016,13.617589950561523
1017,10.310576438903809
1018,13.809144020080566
1019,8.715240478515625
1020,10.346299171447754
1021,13.50228214263916
1022,10.093562126159668
1023,13.230828285217285
1024,10.471092224121094
1025,6.063313961029053
1026,10.711329460144043
1027,8.033266067504883
1028,4.433404922485352
1029,6.8723063468933105
1030,6.711489677429199
1031,4.825362205505371
1032,4.454074859619141
1033,5.94514799118042
1034,9.687036514282227
1035,8.526752471923828
1036,9.787694931030273
1037,14.416937828063965
1038,21.075363159179688
1039,14.234034538269043
1040,17.7620849609375
1041,12.50631332397461
1042,14.612541198730469
1043,15.741719245910645
1044,14.550092697143555
1045,8.957467079162598
1046,7.9992265701293945
1047,14.454279899597168
1048,12.507561683654785
1049,5.286931991577148
1050,11.693806648254395
1051,5.769429683685303
1052,5.456973552703857
1053,8.536661148071289
1054,13.79033374786377
1055,23.924922943115234
1056,19.38172721862793
1057,14.368885040283203
1058,17.953662872314453
1059,12.665604591369629
1060,13.174429893493652
1061,13.209240913391113
1062,6.360933303833008
1063,8.615785598754883
1064,7.012225151062012
1065,6.483514785766602
1066,6.876461029052734
1067,9.657282829284668
1068,11.940882682800293
1069,12.881407737731934
1070,16.520885467529297
1071,21.661962509155273
1072,13.12396240234375
1073,0.0
1074,107.06417846679688
1075,16.605077743530273
1076,68.46722412109375
1077,20.436410903930664
1078,14.972088813781738
1079,14.923359870910645
1080,10.6066312789917
1081,11.680079460144043
1082,10.038472175598145
1083,10.014591217041016
1084,10.652198791503906
1085,8.514284133911133
1086,15.106901168823242
1087,10.379828453063965
1088,12.6954345703125
1089,24.640365600585938
1090,11.01456069946289
1091,14.106154441833496
1092,15.202892303466797
1093,19.901582717895508
1094,10.743618965148926
1095,14.671142578125
1096,15.975778579711914
1097,10.582460403442383
1098,9.18269157409668
1099,7.927608013153076
1100,12.79392147064209
1101,9.042194366455078
1102,10.614837646484375
1103,14.918129920959473
1104,13.598505973815918
1105,9.876317024230957
1106,16.12207794189453
1107,34.96106719970703
1108,34.70734405517578
1109,19.7725830078125
1110,41.759307861328125
1111,9.232671737670898
1112,6.886173725128174
1113,4.764122486114502
1114,9.941271781921387
1115,0.9348270297050476
1116,1.9801944494247437
1117,9.731071472167969
1118,42.13772201538086
1119,14.05700397491455
1120,12.85581111907959
1121,17.142044067382812
1122,20.031734466552734
1123,17.2065372467041
1124,18.033309936523438
1125,20.240327835083008
1126,22.587934494018555
1127,9.62911605834961
1128,12.399521827697754
1129,9.124648094177246
1130,6.086954116821289
1131,8.026861190795898
1132,6.209357261657715
1133,1.0622389316558838
1134,5.653033256530762
1135,5.780013561248779
1136,7.491907596588135
1137,8.276640892028809
1138,9.002540588378906
1139,9.207592964172363
1140,14.128717422485352
1141,11.367875099182129
1142,8.4160795211792
1143,13.796472549438477
1144,12.755349159240723
1145,14.654894828796387
1146,56.041221618652344
1147,13.087687492370605
1148,15.452792167663574
1149,10.7952299118042
1150,4.943017959594727
1151,11.780052185058594
1152,8.518134117126465
1153,7.494619846343994
1154,5.918276309967041
1155,8.716934204101562
1156,9.06074333190918
1157,6.185806751251221
1158,6.909099102020264
1159,11.960003852844238
1160,9.830462455749512
1161,12.298528671264648
1162,11.955269813537598
1163,9.974814414978027
1164,19.226539611816406
1165,10.130355834960938
1166,19.63677406311035
1167,6.50834846496582
1168,11.597471237182617
1169,9.956283569335938
1170,7.550082206726074
1171,5.5318450927734375
1172,6.139826774597168
1173,5.482716083526611
1174,5.8303399085998535
1175,2.7544286251068115
1176,6.509344100952148
1177,4.074867248535156
1178,4.4359307289123535
1179,5.012060165405273
1180,5.8841233253479
1181,11.019501686096191
1182,11.123883247375488
1183,8.759647369384766
1184,19.751014709472656
1185,27.73659896850586
1186,13.31545639038086
1187,8.469120025634766
1188,15.63962459564209
1189,7.004105091094971
1190,13.112027168273926
1191,11.631093978881836
1192,8.221480369567871
1193,33.0095100402832
1194,12.07115364074707
1195,6.035686016082764
1196,10.518739700317383
1197,14.017903327941895
1198,15.779614448547363
1199,10.541959762573242
1200,8.041484832763672
1201,10.925320625305176
1202,7.984053134918213
1203,11.279406547546387
1204,0.0
1205,17.198442459106445
1206,31.14997673034668
1207,10.843682289123535
1208,19.78223991394043
1209,16.755346298217773
1210,14.71381664276123
1211,13.968847274780273
1212,11.743169784545898
1213,73.41183471679688
1214,14.341776847839355
1215,14.480732917785645
1216,9.675041198730469
1217,7.629277229309082
1218,9.842795372009277
1219,5.509388446807861
1220,7.520402908325195
1221,7.472986698150635
1222,9.416705131530762
1223,33.22169876098633
1224,12.516189575195312
1225,27.714542388916016
1226,14.929194450378418
1227,12.963215827941895
1228,17.222951889038086
1229,8.470629692077637
1230,7.265438556671143
1231,8.775640487670898
1232,12.645485877990723
1233,10.14682388305664
1234,4.83991813659668
1235,4.651198387145996
1236,6.451262474060059
1237,8.368605613708496
1238,7.518836975097656
1239,9.764095306396484
1240,10.370182991027832
1241,9.133584022521973
1242,15.928130149841309
1243,20.007123947143555
1244,6.968801021575928
1245,7.847774505615234
1246,11.145057678222656
1247,10.13675308227539
1248,11.685540199279785
1249,11.762016296386719
1250,7.201372146606445
1251,9.3580322265625
1252,9.521027565002441
1253,8.160907745361328
1254,8.025629043579102
1255,25.421855926513672
1256,28.607210159301758
1257,16.99561882019043
1258,15.437102317810059
1259,28.855588912963867
1260,14.385770797729492
1261,15.882851600646973
1262,12.620620727539062
1263,12.775848388671875
1264,9.648503303527832
1265,6.108623027801514
1266,5.503754615783691
1267,7.287731170654297
1268,11.506509780883789
1269,7.209056854248047
1270,7.8655900955200195
1271,13.47507381439209
1272,12.423324584960938
1273,14.75444507598877
1274,36.91283416748047
1275,10.525089263916016
1276,9.993107795715332
1277,12.906697273254395
1278,9.923640251159668
1279,7.912762641906738
1280,11.505071640014648
1281,9.840690612792969
1282,24.99932098388672
1283,12.25117301940918
1284,25.571943283081055
1285,6.205535888671875
1286,14.317972183227539
1287,6.698037147521973
1288,10.510916709899902
1289,7.629523754119873
1290,15.705124855041504
1291,16.868227005004883
1292,11.384013175964355
1293,11.100767135620117
1294,8.99917984008789
1295,7.152524471282959
1296,5.934109210968018
1297,4.003387451171875
1298,3.0931551456451416
1299,35.681053161621094
1300,27.731618881225586
1301,9.334748268127441
1302,7.965213775634766
1303,11.095473289489746
1304,10.187450408935547
1305,8.752978324890137
1306,8.978477478027344
1307,8.724822044372559
1308,6.468957424163818
1309,8.361087799072266
1310,3.546428680419922
1311,8.391792297363281
1312,8.378442764282227
1313,6.949834823608398
1314,8.626143455505371
1315,15.865968704223633
1316,9.53978157043457
1317,12.352994918823242
1318,10.11217975616455
1319,8.794100761413574
1320,10.958833694458008
1321,16.066293716430664
1322,14.478965759277344
1323,12.0870361328125
1324,7.786715507507324
1325,13.296730041503906
1326,9.96911334991455
1327,10.414594650268555
1328,7.6973772048950195
1329,9.6649751663208
1330,10.058561325073242
1331,11.414124488830566
1332,18.301023483276367
1333,16.944522857666016
1334,14.530241966247559
1335,17.384113311767578
1336,13.449774742126465
1337,14.335366249084473
1338,14.475316047668457
1339,7.875734329223633
1340,9.760217666625977
1341,10.606579780578613
1342,15.723087310791016
1343,10.954980850219727
1344,53.27410125732422
1345,16.902650833129883
1346,28.702890396118164
1347,22.055404663085938
1348,29.345050811767578
1349,16.510446548461914
1350,16.352216720581055
1351,10.179158210754395
1352,7.912503242492676
1353,9.335963249206543
1354,7.10787296295166
1355,16.16946029663086
1356,10.788979530334473
1357,5.962682723999023
1358,6.75706672668457
1359,4.502871036529541
1360,4.806354522705078
1361,8.624921798706055
1362,59.945411682128906
1363,13.281265258789062
1364,12.670063018798828
1365,32.96683120727539
1366,11.390948295593262
1367,8.780806541442871
1368,9.692267417907715
1369,9.411417961120605
1370,5.240347862243652
1371,3.209970235824585
1372,2.844221591949463
1373,1.5961894989013672
1374,2.0225818157196045
1375,8.43175220489502
1376,8.554545402526855
1377,12.15544319152832
1378,17.73442268371582
1379,15.468975067138672
1380,14.605381965637207
1381,20.011547088623047
1382,17.583633422851562
1383,14.249958992004395
1384,13.7534818649292
1385,8.999492645263672
1386,11.711980819702148
1387,8.81721019744873
1388,12.882974624633789
1389,10.887513160705566
1390,9.684945106506348
1391,17.127769470214844
1392,9.003437995910645
1393,16.105104446411133
1394,8.045074462890625
1395,9.164128303527832
1396,11.276667594909668
1397,10.23372745513916
1398,13.678423881530762
1399,8.610847473144531
1400,9.169574737548828
1401,6.025094985961914
1402,8.449286460876465
1403,10.084081649780273
1404,4.560977935791016
1405,21.573400497436523
1406,9.655305862426758
1407,9.816493034362793
1408,12.238245010375977
1409,13.743850708007812
1410,25.20454978942871
1411,17.6301326751709
1412,17.070432662963867
1413,13.481696128845215
1414,8.073330879211426
1415,8.40575885772705
1416,10.088249206542969
1417,9.579872131347656
1418,5.497272968292236
1419,4.115758419036865
1420,5.14237117767334
1421,4.062722206115723
1422,4.456643581390381
1423,3.6030945777893066
1424,3.896450996398926
1425,5.930759906768799
1426,5.269385814666748
1427,7.970739364624023
1428,9.768710136413574
1429,9.019572257995605
1430,9.674857139587402
1431,9.657870292663574
1432,11.317090034484863
1433,6.864312171936035
1434,6.056366920471191
1435,3.365734815597534
1436,3.2981417179107666
1437,2.429940700531006
1438,2.0325846672058105
1439,5.97093391418457
1440,4.2480597496032715
1441,3.9252524375915527
1442,7.872228622436523
1443,12.264030456542969
1444,9.21571159362793
1445,10.001056671142578
1446,11.653099060058594
1447,12.329604148864746
1448,12.885055541992188
1449,13.906957626342773
1450,17.655651092529297
1451,17.2347469329834
1452,16.64327621459961
1453,17.130897521972656
1454,13.776762008666992
1455,8.422000885009766
1456,9.492838859558105
1457,9.2201509475708
1458,5.6438679695129395
1459,8.226369857788086
1460,3.505323886871338
1461,7.783109664916992
1462,6.627016067504883
1463,5.803122043609619
1464,4.3205037117004395
1465,6.622109889984131
1466,11.763434410095215
1467,10.032999038696289
1468,12.77573013305664
1469,10.892330169677734
1470,11.90054702758789
1471,14.001248359680176
1472,16.055402755737305
1473,12.343963623046875
1474,17.67454719543457
1475,10.758747100830078
1476,13.168293952941895
1477,9.146276473999023
1478,37.57650375366211
1479,9.853899955749512
1480,8.996807098388672
1481,14.70647144317627
1482,11.745509147644043
1483,15.689027786254883
1484,13.240930557250977
1485,7.690249443054199
1486,7.984760284423828
1487,6.754669666290283
1488,6.966583251953125
1489,7.835855484008789
1490,6.408176422119141
1491,6.554643630981445
1492,6.727358818054199
1493,8.52868938446045
1494,9.807459831237793
1495,16.358619689941406
1496,10.7910737991333
1497,13.809674263000488
1498,16.436445236206055
1499,12.942543983459473
1500,14.595969200134277
1501,11.047045707702637
1502,8.906835556030273
1503,9.175429344177246
1504,6.432605743408203
1505,6.979058742523193
1506,7.0876030921936035
1507,6.219611644744873
1508,5.035363674163818
1509,5.619778156280518
1510,5.560217380523682
1511,11.180635452270508
1512,14.797354698181152
1513,10.491135597229004
1514,15.7829008102417
1515,17.172819137573242
1516,20.60755729675293
1517,13.26072883605957
1518,18.602275848388672
1519,12.306224822998047
1520,10.55677604675293
1521,34.36954116821289
1522,7.92999792098999
1523,5.981695652008057
1524,5.9073286056518555
1525,10.735270500183105
1526,6.9845075607299805
1527,9.328818321228027
1528,12.228460311889648
1529,9.64948844909668
1530,12.505011558532715
1531,29.78038215637207
1532,20.468338012695312
1533,19.456954956054688
1534,14.333295822143555
1535,15.380355834960938
1536,19.949472427368164
1537,13.22680377960205
1538,10.673177719116211
1539,17.558069229125977
1540,12.229680061340332
1541,14.2606201171875
1542,7.119671821594238
1543,7.653549671173096
1544,11.55189037322998
1545,9.320239067077637
1546,21.994020462036133
1547,10.55844783782959
1548,11.46349811553955
1549,11.801486015319824
1550,7.1853132247924805
1551,8.519357681274414
1552,5.112941265106201
1553,2.9302310943603516
1554,5.293145179748535
1555,8.26882266998291
1556,6.616086006164551
1557,4.466525077819824
1558,5.635779857635498
1559,10.78807544708252
1560,9.724273681640625
1561,10.408702850341797
1562,17.81646156311035
1563,11.403141975402832
1564,17.849716186523438
1565,12.787897109985352
1566,14.955695152282715
1567,14.04061222076416
1568,11.138699531555176
1569,7.959440231323242
1570,9.19096565246582
1571,7.676295757293701
1572,6.142749309539795
1573,13.065040588378906
1574,11.430001258850098
1575,11.640691757202148
1576,9.038439750671387
1577,12.936554908752441
1578,14.154939651489258
1579,10.876054763793945
1580,12.936758995056152
1581,9.321916580200195
1582,11.296558380126953
1583,8.5237455368042
1584,10.15817642211914
1585,7.511427879333496
1586,5.53187894821167
1587,7.593389987945557
1588,9.642693519592285
1589,8.698305130004883
1590,32.79392623901367
1591,8.925119400024414
1592,15.346243858337402
1593,18.873037338256836
1594,15.05378246307373
1595,11.644160270690918
1596,9.89829158782959
1597,8.237760543823242
1598,12.511268615722656
1599,9.04455280303955
1600,13.940235137939453
1601,8.534674644470215
1602,9.798294067382812
1603,7.985793113708496
1604,11.406721115112305
1605,8.469005584716797
1606,7.769765377044678
1607,14.618499755859375
1608,18.2008113861084
1609,19.274917602539062
1610,12.44349479675293
1611,13.548006057739258
1612,15.12021255493164
1613,14.38994026184082
1614,9.533416748046875
1615,8.875910758972168
1616,12.984753608703613
1617,10.067767143249512
1618,7.830411911010742
1619,4.246229648590088
1620,14.719948768615723
1621,6.1014204025268555
1622,6.835994720458984
1623,9.271976470947266
1624,10.16362476348877
1625,11.903234481811523
1626,6.959799766540527
1627,10.722390174865723
1628,18.863563537597656
1629,11.551602363586426
1630,11.14957332611084
1631,15.599126815795898
1632,19.006643295288086
1633,14.803813934326172
1634,15.495131492614746
1635,12.468863487243652
1636,16.41975975036621
1637,13.944565773010254
1638,12.920792579650879
1639,14.221049308776855
1640,11.430155754089355
1641,16.995595932006836
1642,14.310833930969238
1643,10.135435104370117
1644,9.450844764709473
1645,13.558934211730957
1646,19.47960090637207
1647,16.491649627685547
1648,18.242216110229492
1649,16.1674747467041
1650,20.18765640258789
1651,13.135886192321777
1652,19.81614112854004
1653,15.238151550292969
1654,16.559226989746094
1655,11.210211753845215
1656,10.287043571472168
1657,10.248937606811523
1658,12.168710708618164
1659,8.30454158782959
1660,10.552973747253418
1661,8.199494361877441
1662,8.11614990234375
1663,8.908478736877441
1664,7.715176582336426
1665,8.057332038879395
1666,5.1920905113220215
1667,7.042608737945557
1668,9.199930191040039
1669,15.389134407043457
1670,9.439637184143066
1671,12.726075172424316
1672,16.99117088317871
1673,9.457832336425781
1674,10.45051097869873
1675,9.88665771484375
1676,13.606748580932617
1677,11.767745971679688
1678,28.323516845703125
1679,8.096296310424805
1680,9.245537757873535
1681,9.664681434631348
1682,17.092830657958984
1683,8.977213859558105
1684,6.353779315948486
1685,5.376385688781738
1686,8.406693458557129
1687,6.6255621910095215
1688,8.970290184020996
1689,7.1437273025512695
1690,20.10824203491211
1691,13.514406204223633
1692,10.013510704040527
1693,12.161996841430664
1694,20.3886775970459
1695,40.199710845947266
1696,15.327779769897461
1697,7.859464168548584
1698,8.90719985961914
1699,11.676315307617188
1700,11.934250831604004
1701,15.65375804901123
1702,8.975394248962402
1703,7.897235870361328
1704,10.955730438232422
1705,8.691843032836914
1706,8.823502540588379
1707,7.487251281738281
1708,7.7389702796936035
1709,4.260046482086182
1710,8.095657348632812
1711,9.749857902526855
1712,7.308946132659912
1713,9.635405540466309
1714,8.310041427612305
1715,11.51160717010498
1716,13.111804962158203
1717,21.299957275390625
1718,13.82929515838623
1719,8.414840698242188
1720,11.763433456420898
1721,11.749037742614746
1722,9.84322738647461
1723,10.035438537597656
1724,14.838287353515625
1725,13.248873710632324
1726,8.345858573913574
1727,4.531240463256836
1728,7.549353122711182
1729,5.480239391326904
1730,5.867398738861084
1731,8.403977394104004
1732,9.282612800598145
1733,11.595032691955566
1734,13.796573638916016
1735,19.63544464111328
1736,18.11713981628418
1737,46.078697204589844
1738,12.930319786071777
1739,16.139266967773438
1740,9.01265811920166
1741,10.757204055786133
1742,0.0
1743,7.686283111572266
1744,4.148415565490723
1745,2.289698600769043
1746,3.8240387439727783
1747,5.23684549331665
1748,4.703935146331787
1749,4.199387550354004
1750,8.55627155303955
1751,6.505895614624023
1752,12.139419555664062
1753,9.993233680725098
1754,18.860118865966797
1755,19.816238403320312
1756,15.59863567352295
1757,16.324098587036133
1758,15.43730640411377
1759,10.829765319824219
1760,11.455449104309082
1761,11.441022872924805
1762,7.378422737121582
1763,17.820056915283203
1764,6.842136383056641
1765,9.14404010772705
1766,11.728477478027344
1767,13.759291648864746
1768,20.003883361816406
1769,15.580406188964844
1770,15.316787719726562
1771,19.691068649291992
1772,10.826591491699219
1773,17.065387725830078
1774,17.537683486938477
1775,15.148634910583496
1776,6.89386510848999
1777,11.863649368286133
1778,11.767165184020996
1779,19.197587966918945
1780,12.999414443969727
1781,10.218428611755371
1782,11.536417007446289
1783,16.068960189819336
1784,9.971785545349121
1785,12.08916187286377
1786,5.526979446411133
1787,21.409618377685547
1788,8.303471565246582
1789,8.433712005615234
1790,9.856212615966797
1791,11.647431373596191
1792,8.66874885559082
1793,9.017168998718262
1794,9.622905731201172
1795,9.553135871887207
1796,10.474132537841797
1797,11.835573196411133
1798,11.771739959716797
1799,10.927139282226562
1800,8.826000213623047
1801,10.710458755493164
1802,14.207581520080566
1803,8.55870246887207
1804,11.169248580932617
1805,8.432968139648438
1806,5.752777576446533
1807,7.094038009643555
1808,4.709125995635986
1809,8.109627723693848
1810,7.725794315338135
1811,7.263330936431885
1812,10.07996654510498
1813,10.15282917022705
1814,9.549760818481445
1815,9.378052711486816
1816,8.825187683105469
1817,10.72317886352539
1818,7.457184314727783
1819,6.838223934173584
1820,8.209127426147461
1821,11.316542625427246
1822,9.205648422241211
1823,10.365443229675293
1824,10.786702156066895
1825,12.675034523010254
1826,14.001628875732422
1827,11.645525932312012
1828,8.805625915527344
1829,7.480769157409668
1830,8.498181343078613
1831,13.672938346862793
1832,11.237152099609375
1833,18.163745880126953
1834,12.361618041992188
1835,5.357426166534424
1836,4.046930313110352
1837,5.380597114562988
1838,7.968676567077637
1839,9.156831741333008
1840,17.124042510986328
1841,47.57359313964844
1842,19.25459098815918
1843,14.857521057128906
1844,16.387653350830078
1845,19.30179786682129
1846,13.751435279846191
1847,10.640837669372559
1848,12.48307991027832
1849,8.626973152160645
1850,8.183342933654785
1851,13.89437484741211
1852,7.53357458114624
1853,20.477128982543945
1854,7.663959503173828
1855,8.858695030212402
1856,10.009954452514648
1857,6.639660358428955
1858,7.624958515167236
1859,7.2237091064453125
1860,8.540027618408203
1861,7.720437049865723
1862,10.597746849060059
1863,7.378451347351074
1864,10.154622077941895
1865,12.524642944335938
1866,10.548226356506348
1867,12.564865112304688
1868,12.582411766052246
1869,5.591512203216553
1870,10.632277488708496
1871,10.46999454498291
1872,10.548803329467773
1873,8.104162216186523
1874,16.73198890686035
1875,12.559243202209473
1876,12.093253135681152
1877,13.421998977661133
1878,12.76443099975586
1879,8.968557357788086
1880,5.2702178955078125
1881,2.713372230529785
1882,6.969442367553711
1883,3.31168270111084
1884,7.167180061340332
1885,9.528460502624512
1886,10.581461906433105
1887,11.638557434082031
1888,13.960009574890137
1889,13.438288688659668
1890,12.708931922912598
1891,13.933815002441406
1892,11.976481437683105
1893,13.170092582702637
1894,12.043465614318848
1895,11.965978622436523
1896,15.79766845703125
1897,8.65461540222168
1898,45.59675598144531
1899,13.285853385925293
1900,25.15017318725586
1901,12.463505744934082
1902,12.275362968444824
1903,11.825068473815918
1904,12.815876960754395
1905,13.002275466918945
1906,60.15376663208008
1907,15.402731895446777
1908,12.514843940734863
1909,7.778058052062988
1910,8.370417594909668
1911,17.313241958618164
1912,4.144758701324463
1913,5.258120536804199
1914,5.636979579925537
1915,10.286757469177246
1916,12.11650562286377
1917,11.451292991638184
1918,14.072274208068848
1919,10.361494064331055
1920,15.781437873840332
1921,15.635406494140625
1922,15.253790855407715
1923,9.810365676879883
1924,9.680415153503418
1925,6.024155616760254
1926,6.8542962074279785
1927,14.007829666137695
1928,6.877845287322998
1929,10.751504898071289
1930,9.91367244720459
1931,8.487740516662598
1932,10.492892265319824
1933,8.785832405090332
1934,9.775053977966309
1935,12.280181884765625
1936,8.288019180297852
1937,7.773384094238281
1938,8.347587585449219
1939,8.862306594848633
1940,8.543890953063965
1941,8.693242073059082
1942,8.693018913269043
1943,6.250782012939453
1944,4.877265453338623
1945,8.336315155029297
1946,5.497274875640869
1947,9.291120529174805
1948,7.851358413696289
1949,7.005285263061523
1950,11.86630630493164
1951,8.37281608581543
1952,10.284881591796875
1953,8.189788818359375
1954,14.128915786743164
1955,12.336299896240234
1956,45.13037109375
1957,12.54334831237793
1958,10.656112670898438
1959,11.428722381591797
1960,12.14990234375
1961,14.136016845703125
1962,12.56657886505127
1963,12.105560302734375
1964,20.494314193725586
1965,19.523252487182617
1966,22.502607345581055
1967,12.172074317932129
1968,12.257883071899414
1969,14.860001564025879
1970,11.718985557556152
1971,9.91861629486084
1972,7.015257835388184
1973,4.9590864181518555
1974,10.16794204711914
1975,5.052321910858154
1976,13.182666778564453
1977,12.157475471496582
1978,13.780780792236328
1979,12.219963073730469
1980,13.677907943725586
1981,13.5142240524292
1982,15.219189643859863
1983,9.721268653869629
1984,14.12858772277832
1985,9.582146644592285
1986,7.533152103424072
1987,6.602993488311768
1988,10.454598426818848
1989,8.409212112426758
1990,10.53794002532959
1991,19.734651565551758
1992,13.475286483764648
1993,9.645177841186523
1994,8.96705150604248
1995,8.09166145324707
1996,8.472810745239258
1997,6.997883319854736
1998,8.866578102111816
1999,5.668609142303467
2000,6.690323352813721
2001,12.938094139099121
2002,21.13094139099121
2003,15.6256742477417
2004,9.368602752685547
2005,15.359020233154297
2006,21.081167221069336
2007,15.689712524414062
2008,8.02838134765625
2009,14.288165092468262
2010,13.690553665161133
2011,8.991593360900879
2012,12.001134872436523
2013,11.387967109680176
2014,10.867456436157227
2015,9.713808059692383
2016,5.884032249450684
2017,5.500355243682861
2018,7.260555744171143
2019,5.422633647918701
2020,5.675076961517334
2021,9.811382293701172
2022,15.812302589416504
2023,13.709671020507812
2024,10.134830474853516
2025,17.491106033325195
2026,15.012273788452148
2027,11.491300582885742
2028,11.66701889038086
2029,10.887116432189941
2030,7.848140239715576
2031,7.483344554901123
2032,9.122207641601562
2033,6.023590087890625
2034,5.344870090484619
2035,8.547502517700195
2036,11.549391746520996
2037,8.17708969116211
2038,11.970243453979492
2039,13.144890785217285
2040,9.055826187133789
2041,16.465877532958984
2042,17.330944061279297
2043,21.06177520751953
2044,16.792131423950195
2045,15.568771362304688
2046,21.52654457092285
2047,10.615395545959473
2048,8.8203763961792
2049,11.285177230834961
2050,10.478251457214355
2051,5.640418529510498
2052,9.54910945892334
2053,11.576529502868652
2054,14.859884262084961
2055,13.332085609436035
2056,17.91472816467285
2057,12.6334810256958
2058,14.46715259552002
2059,14.602415084838867
2060,14.458993911743164
2061,13.789979934692383
2062,6.772048473358154
2063,12.806843757629395
2064,8.6639986038208
2065,19.47687530517578
2066,9.086634635925293
2067,10.773390769958496
2068,11.32852840423584
2069,9.460371971130371
2070,11.87075138092041
2071,13.028643608093262
2072,9.5834321975708
2073,10.404664993286133
2074,11.171764373779297
2075,8.307621955871582
2076,6.580488204956055
2077,8.994239807128906
2078,6.7521233558654785
2079,10.673238754272461
2080,10.958135604858398
2081,8.359724998474121
2082,10.033411026000977
2083,14.578478813171387
2084,11.29405403137207
2085,17.597978591918945
2086,14.44643497467041
2087,14.166743278503418
2088,12.391468048095703
2089,17.182443618774414
2090,11.171164512634277
2091,10.883794784545898
2092,20.339134216308594
2093,14.183067321777344
2094,5.753933906555176
2095,8.875941276550293
2096,8.25473403930664
2097,8.546842575073242
2098,14.729726791381836
2099,12.321846008300781
2100,12.295949935913086
2101,36.261322021484375
2102,18.415321350097656
2103,19.15484619140625
2104,14.005135536193848
2105,14.411219596862793
2106,12.413318634033203
2107,10.682820320129395
2108,10.168996810913086
2109,8.320188522338867
2110,12.271653175354004
2111,6.617254257202148
2112,8.555503845214844
2113,7.430949687957764
2114,7.882436752319336
2115,7.976799964904785
2116,10.593456268310547
2117,9.930533409118652
2118,8.848652839660645
2119,11.99686336517334
2120,8.11622142791748
2121,7.380157470703125
2122,10.4236478805542
2123,6.5540266036987305
2124,6.749279975891113
2125,7.320062637329102
2126,7.136754512786865
2127,5.1556291580200195
2128,5.107177257537842
2129,5.675112247467041
2130,9.807231903076172
2131,14.003965377807617
2132,9.743704795837402
2133,11.199127197265625
2134,14.31257438659668
2135,12.153020858764648
2136,15.196722030639648
2137,17.881589889526367
2138,11.78461742401123
2139,12.867166519165039
2140,8.144143104553223
2141,6.208000659942627
2142,9.756221771240234
2143,9.20283317565918
2144,13.256250381469727
2145,9.943291664123535
2146,15.189764976501465
2147,15.859932899475098
2148,10.055249214172363
2149,12.995648384094238
2150,13.263351440429688
2151,11.844282150268555
2152,9.885519981384277
2153,5.158404350280762
2154,9.666960716247559
2155,5.965258598327637
2156,11.902433395385742
2157,8.972434997558594
2158,7.136727333068848
2159,8.710824966430664
2160,8.036086082458496
2161,12.418639183044434
2162,10.897170066833496
2163,12.723245620727539
2164,12.868865013122559
2165,10.680291175842285
2166,10.866540908813477
2167,5.818964004516602
2168,5.148869037628174
2169,5.613096237182617
2170,5.249091148376465
2171,4.279280185699463
2172,4.675469398498535
2173,4.685341835021973
2174,2.2945499420166016
2175,5.417366981506348
2176,3.82633376121521
2177,15.205137252807617
2178,15.967733383178711
2179,19.22921371459961
2180,16.211694717407227
2181,14.364710807800293
2182,19.35455894470215
2183,22.18894386291504
2184,12.3818359375
2185,11.301095008850098
2186,10.51777172088623
2187,15.409387588500977
2188,8.687923431396484
2189,4.688980579376221
2190,6.786176681518555
2191,8.99880313873291
2192,7.863851547241211
2193,10.086642265319824
2194,15.133855819702148
2195,7.604320049285889
2196,7.543614387512207
2197,7.870236873626709
2198,9.687163352966309
2199,19.497398376464844
2200,9.63470458984375
2201,9.727875709533691
2202,13.158839225769043
2203,13.881254196166992
2204,15.626570701599121
2205,13.741930961608887
2206,13.946669578552246
2207,22.812763214111328
2208,9.244013786315918
2209,7.028493881225586
2210,6.7579121589660645
2211,11.439208030700684
2212,11.063405990600586
2213,6.219137191772461
2214,6.444986343383789
2215,9.867719650268555
2216,9.252055168151855
2217,7.87826681137085
2218,6.646706581115723
2219,9.19021224975586
2220,8.301270484924316
2221,11.282814025878906
2222,13.864219665527344
2223,13.898961067199707
2224,10.350239753723145
2225,12.781518936157227
2226,18.292333602905273
2227,10.79315185546875
2228,12.465882301330566
2229,11.77711009979248
2230,11.220340728759766
2231,5.120985507965088
2232,9.674114227294922
2233,7.999204158782959
2234,7.8609795570373535
2235,7.090007305145264
2236,6.623992443084717
2237,13.573734283447266
2238,10.790849685668945
2239,7.498068332672119
2240,9.566877365112305
2241,11.53640365600586
2242,9.857986450195312
2243,10.016998291015625
2244,10.350488662719727
2245,12.27961540222168
2246,14.356013298034668
2247,9.718513488769531
2248,7.099852561950684
2249,10.109597206115723
2250,8.339544296264648
2251,13.957019805908203
2252,12.174030303955078
2253,10.965164184570312
2254,10.26278305053711
2255,11.666179656982422
2256,9.82535457611084
2257,10.848287582397461
2258,10.285117149353027
2259,8.312828063964844
2260,12.051164627075195
2261,6.999375343322754
2262,12.759037971496582
2263,13.46865177154541
2264,10.689740180969238
2265,15.216769218444824
2266,18.36680030822754
2267,13.836163520812988
2268,24.04846954345703
2269,14.243319511413574
2270,12.75926685333252
2271,12.286872863769531
2272,10.749810218811035
2273,8.744759559631348
2274,9.59778118133545
2275,7.832602024078369
2276,8.336480140686035
2277,5.677272319793701
2278,6.816478729248047
2279,5.48566198348999
2280,3.343500852584839
2281,8.155953407287598
2282,6.055371284484863
2283,7.533417224884033
2284,10.508697509765625
2285,13.639646530151367
2286,14.598135948181152
2287,13.396138191223145
2288,13.914299011230469
2289,15.718215942382812
2290,17.49043846130371
2291,15.147199630737305
2292,14.960002899169922
2293,15.439483642578125
2294,12.544717788696289
2295,7.9425201416015625
2296,10.501123428344727
2297,8.596578598022461
2298,9.129955291748047
2299,8.613771438598633
2300,11.835418701171875
2301,10.865697860717773
2302,9.992515563964844
2303,8.55221176147461
2304,2.321279287338257
2305,6.685656547546387
2306,7.844383239746094
2307,3.9489903450012207
2308,11.97095775604248
2309,8.730096817016602
2310,11.876516342163086
2311,14.274971008300781
2312,11.663429260253906
2313,8.134651184082031
2314,9.37240982055664
2315,7.121654987335205
2316,9.517672538757324
2317,8.033373832702637
2318,8.28416919708252
2319,10.6356201171875
2320,11.876935005187988
2321,13.364558219909668
2322,15.995482444763184
2323,13.127130508422852
2324,6.960562705993652
2325,13.195073127746582
2326,6.631115913391113
2327,9.439453125
2328,13.750650405883789
2329,16.286226272583008
2330,20.2077579498291
2331,18.288480758666992
2332,13.069696426391602
2333,13.997100830078125
2334,16.01720428466797
2335,18.90041160583496
2336,15.847371101379395
2337,16.93058204650879
2338,9.460366249084473
2339,10.093294143676758
2340,13.507149696350098
2341,16.511863708496094
2342,11.285176277160645
2343,13.309311866760254
2344,12.365482330322266
2345,10.13243579864502
2346,6.164478778839111
2347,12.46673583984375
2348,9.530500411987305
2349,5.430573463439941
2350,7.6537981033325195
2351,15.094751358032227
2352,10.195343017578125
2353,5.063778400421143
2354,11.749791145324707
2355,13.107030868530273
2356,7.7519073486328125
2357,6.129914283752441
2358,9.787345886230469
2359,9.64038372039795
2360,11.459385871887207
2361,11.335771560668945
2362,13.880626678466797
2363,11.850701332092285
2364,11.815657615661621
2365,13.86794376373291
2366,15.476898193359375
2367,14.631205558776855
2368,15.1837797164917
2369,11.13947582244873
2370,9.795408248901367
2371,11.051340103149414
2372,19.90140151977539
2373,21.083538055419922
2374,13.626065254211426
2375,9.353745460510254
2376,7.517007350921631
2377,15.75246810913086
2378,8.852375030517578
2379,10.394983291625977
2380,6.905986309051514
2381,11.305360794067383
2382,16.150936126708984
2383,24.653278350830078
2384,7.884626388549805
2385,11.177916526794434
2386,10.366191864013672
2387,10.84843635559082
2388,10.343904495239258
2389,11.323742866516113
2390,15.341712951660156
2391,11.900530815124512
2392,21.790782928466797
2393,14.303178787231445
2394,12.444632530212402
2395,18.403064727783203
2396,23.4052791595459
2397,14.735530853271484
2398,13.627220153808594
2399,10.32787799835205
2400,10.41152286529541
2401,33.54584503173828
2402,9.876317977905273
2403,9.689169883728027
2404,12.755118370056152
2405,6.533872604370117
2406,7.324506759643555
2407,7.039643287658691
2408,7.616557598114014
2409,6.147443771362305
2410,10.592268943786621
2411,6.704704761505127
2412,10.166688919067383
2413,10.598671913146973
2414,10.932095527648926
2415,13.481291770935059
2416,28.63811492919922
2417,16.631797790527344
2418,14.464585304260254
2419,18.332759857177734
2420,13.53626823425293
2421,8.83752727508545
2422,10.78783130645752
2423,8.755772590637207
2424,13.488547325134277
2425,11.130096435546875
2426,10.037867546081543
2427,37.493350982666016
2428,12.017644882202148
2429,10.836349487304688
2430,7.429141044616699
2431,9.381637573242188
2432,8.374669075012207
2433,7.425151348114014
2434,9.623497009277344
2435,7.2951202392578125
2436,8.589859962463379
2437,6.466572284698486
2438,5.282086372375488
2439,6.821826934814453
2440,6.674446105957031
2441,4.891443729400635
2442,7.879693508148193
2443,5.045159339904785
2444,9.486470222473145
2445,11.263486862182617
2446,17.23713493347168
2447,19.66495132446289
2448,13.448185920715332
2449,18.1386775970459
2450,10.836194038391113
2451,9.269267082214355
2452,10.24545669555664
2453,8.445571899414062
2454,15.761723518371582
2455,10.335979461669922
2456,11.088641166687012
2457,10.038147926330566
2458,10.433277130126953
2459,10.77534294128418
2460,11.35550594329834
2461,11.346694946289062
2462,8.47778034210205
2463,8.43295669555664
2464,7.841196537017822
2465,8.04743480682373
2466,6.49472188949585
2467,9.034392356872559
2468,11.135895729064941
2469,10.259617805480957
2470,13.656774520874023
2471,30.71649169921875
2472,13.980571746826172
2473,15.977875709533691
2474,11.587065696716309
2475,11.3367280960083
2476,10.574027061462402
2477,13.6624174118042
2478,14.19681167602539
2479,32.27761459350586
2480,8.21902847290039
2481,8.741368293762207
2482,8.401241302490234
2483,5.809269428253174
2484,6.071612358093262
2485,5.725727558135986
2486,9.94877815246582
2487,13.550080299377441
2488,12.874369621276855
2489,11.973600387573242
2490,16.924556732177734
2491,18.44847297668457
2492,16.88302993774414
2493,15.693957328796387
2494,19.834644317626953
2495,12.475431442260742
2496,9.171481132507324
2497,8.657781600952148
2498,4.517529487609863
2499,6.551680088043213
2500,9.257920265197754
2501,8.663233757019043
2502,12.343722343444824
2503,9.77783489227295
2504,13.871443748474121
2505,7.309480667114258
2506,4.20617151260376
2507,13.3634614944458
2508,12.142928123474121
2509,14.211804389953613
2510,15.860355377197266
2511,10.548622131347656
2512,10.375236511230469
2513,14.262334823608398
2514,9.697151184082031
2515,15.103666305541992
2516,9.546272277832031
2517,9.44992733001709
2518,9.469527244567871
2519,11.202323913574219
2520,8.126227378845215
2521,14.400543212890625
2522,22.703123092651367
2523,17.960908889770508
2524,15.82158088684082
2525,11.071231842041016
2526,36.2155876159668
2527,14.532597541809082
2528,12.062289237976074
2529,15.603263854980469
2530,14.986942291259766
2531,15.271870613098145
2532,12.50304126739502
2533,16.429847717285156
2534,14.5927095413208
2535,14.218940734863281
2536,15.038339614868164
2537,7.884434223175049
2538,7.415088653564453
2539,8.876802444458008
2540,8.075128555297852
2541,7.395689487457275
2542,4.026123523712158
2543,3.2503583431243896
2544,11.258377075195312
2545,7.880273818969727
2546,10.425199508666992
2547,6.404344081878662
2548,9.036710739135742
2549,9.803409576416016
2550,10.708931922912598
2551,9.02436351776123
2552,13.841171264648438
2553,14.581305503845215
2554,17.112171173095703
2555,16.52717399597168
2556,16.527067184448242
2557,19.82950782775879
2558,14.916909217834473
2559,20.526742935180664
2560,15.631876945495605
2561,11.699350357055664
2562,9.582208633422852
2563,10.646014213562012
2564,8.359869003295898
2565,7.740482807159424
2566,6.048404693603516
2567,6.726047992706299
2568,5.884896278381348
2569,7.053732395172119
2570,7.490959644317627
2571,9.883302688598633
2572,15.590628623962402
2573,28.357633590698242
2574,10.730148315429688
2575,10.501097679138184
2576,14.10991382598877
2577,17.62053871154785
2578,16.823490142822266
2579,13.898665428161621
2580,15.653793334960938
2581,12.06603717803955
2582,8.864691734313965
2583,10.139626502990723
2584,8.69107723236084
2585,3.984586477279663
2586,3.401541233062744
2587,4.169063091278076
2588,1.7544928789138794
2589,3.8034579753875732
2590,6.292648792266846
2591,5.157016277313232
2592,10.02477741241455
2593,10.195793151855469
2594,33.32672119140625
2595,19.197843551635742
2596,15.156264305114746
2597,26.654685974121094
2598,17.196136474609375
2599,12.802047729492188
2600,12.453760147094727
2601,9.190425872802734
2602,5.788593769073486
2603,8.464888572692871
2604,6.872132778167725
2605,8.132434844970703
2606,16.007118225097656
2607,10.57216739654541
2608,10.91019058227539
2609,24.40789031982422
2610,15.013998031616211
2611,13.981361389160156
2612,11.46843433380127
2613,9.948233604431152
2614,10.700504302978516
2615,15.347963333129883
2616,15.866196632385254
2617,11.109391212463379
2618,10.817127227783203
2619,11.964739799499512
2620,14.131217002868652
2621,15.310763359069824
2622,12.571562767028809
2623,13.091377258300781
2624,13.912671089172363
2625,15.548361778259277
2626,11.944437026977539
2627,12.451082229614258
2628,16.924667358398438
2629,11.190099716186523
2630,8.591081619262695
2631,14.08741283416748
2632,5.630502700805664
2633,4.817352771759033
2634,5.290775299072266
2635,5.771753311157227
2636,11.848464965820312
2637,14.744063377380371
2638,11.099793434143066
2639,15.349993705749512
2640,13.009891510009766
2641,17.409679412841797
2642,19.453243255615234
2643,13.254595756530762
2644,13.960609436035156
2645,16.44940757751465
2646,14.680148124694824
2647,10.23774242401123
2648,8.568037986755371
2649,6.879113674163818
2650,10.562299728393555
2651,10.228423118591309
2652,7.501537322998047
2653,11.167661666870117
2654,7.902619361877441
2655,11.49959659576416
2656,14.610944747924805
2657,12.271295547485352
2658,18.291215896606445
2659,14.953001976013184
2660,13.766090393066406
2661,12.939252853393555
2662,13.889521598815918
2663,16.906734466552734
2664,10.052608489990234
2665,8.410983085632324
2666,10.09843921661377
2667,8.64036750793457
2668,7.812263011932373
2669,9.3002347946167
2670,9.279531478881836
2671,13.3826904296875
2672,7.576404571533203
2673,8.857341766357422
2674,8.928085327148438
2675,9.668201446533203
2676,6.939234733581543
2677,10.59714412689209
2678,12.937973976135254
2679,16.81763458251953
2680,13.920734405517578
2681,9.567182540893555
2682,10.398340225219727
2683,21.163288116455078
2684,7.970641136169434
2685,9.116302490234375
2686,9.413813591003418
2687,9.353801727294922
2688,8.073802947998047
2689,15.412944793701172
2690,7.154393672943115
2691,7.043238162994385
2692,7.303959846496582
2693,8.041194915771484
2694,5.023636817932129
2695,3.5505290031433105
2696,3.2879159450531006
2697,5.635809898376465
2698,7.2242817878723145
2699,9.886868476867676
2700,10.027032852172852
2701,7.999809741973877
2702,17.069515228271484
2703,12.9920072555542
2704,16.814929962158203
2705,15.975776672363281
2706,12.89559268951416
2707,13.069098472595215
2708,11.297204971313477
2709,16.372264862060547
2710,7.910881996154785
2711,11.795971870422363
2712,10.25853443145752
2713,13.571476936340332
2714,10.67106819152832
2715,9.304835319519043
2716,10.810819625854492
2717,10.054965019226074
2718,21.2747859954834
2719,10.057580947875977
2720,5.846268653869629
2721,6.279820919036865
2722,3.790367841720581
2723,5.859140872955322
2724,6.258598804473877
2725,9.356863975524902
2726,5.81793212890625
2727,6.337439060211182
2728,9.782543182373047
2729,1.6263526678085327
2730,3.998098373413086
2731,2.3605797290802
2732,7.23597526550293
2733,11.256501197814941
2734,5.293829441070557
2735,4.747520446777344
2736,9.128951072692871
2737,6.524844646453857
2738,8.391119956970215
2739,6.987651348114014
2740,9.6739501953125
2741,6.599170207977295
2742,10.406952857971191
2743,11.391343116760254
2744,12.647656440734863
2745,15.588521003723145
2746,11.002402305603027
2747,6.918543815612793
2748,12.307467460632324
2749,10.322938919067383
2750,16.756465911865234
2751,13.114087104797363
2752,8.849678039550781
2753,11.043643951416016
2754,10.564852714538574
2755,10.179320335388184
2756,14.082049369812012
2757,14.447876930236816
2758,11.242185592651367
2759,14.522514343261719
2760,9.915515899658203
2761,14.643683433532715
2762,18.002601623535156
2763,12.608476638793945
2764,13.427132606506348
2765,7.7966742515563965
2766,14.857696533203125
2767,12.668830871582031
2768,6.813579559326172
2769,10.949251174926758
2770,8.499018669128418
2771,10.723276138305664
2772,0.0
2773,17.934078216552734
2774,12.120044708251953
2775,10.5455904006958
2776,16.500953674316406
2777,16.011247634887695
2778,14.727787017822266
2779,20.702077865600586
2780,17.021381378173828
2781,12.012306213378906
2782,10.543330192565918
2783,9.872605323791504
2784,8.332722663879395
2785,14.354308128356934
2786,10.039803504943848
2787,13.173373222351074
2788,13.974992752075195
2789,13.653947830200195
2790,12.177892684936523
2791,7.200896263122559
2792,7.569647312164307
2793,5.344610691070557
2794,6.234461307525635
2795,11.076519966125488
2796,12.724614143371582
2797,14.106163024902344
2798,10.581527709960938
2799,13.239300727844238
2800,9.905158996582031
2801,6.82971715927124
2802,7.047024726867676
2803,7.171515941619873
2804,5.6829142570495605
2805,6.843956470489502
2806,9.567349433898926
2807,12.841742515563965
2808,16.431438446044922
2809,17.176164627075195
2810,11.798842430114746
2811,12.785297393798828
2812,12.951157569885254
2813,8.679705619812012
2814,9.495107650756836
2815,0.0
2816,9.450074195861816
2817,8.869047164916992
2818,12.02782154083252
2819,11.705416679382324
2820,10.68394660949707
2821,11.324360847473145
2822,29.125886917114258
2823,14.908047676086426
2824,11.557469367980957
2825,8.585304260253906
2826,6.044461250305176
2827,3.322063446044922
2828,6.6517863273620605
2829,7.104508399963379
2830,8.973030090332031
2831,11.236398696899414
2832,10.229226112365723
2833,4.918117046356201
2834,6.106664180755615
2835,12.781557083129883
2836,8.269813537597656
2837,9.389101028442383
2838,13.603596687316895
2839,15.308835983276367
2840,30.931821823120117
2841,17.722793579101562
2842,17.89176368713379
2843,18.75947380065918
2844,74.23762512207031
2845,15.782520294189453
2846,12.944828033447266
2847,21.955835342407227
2848,8.535058975219727
2849,5.353292942047119
2850,8.953045845031738
2851,14.04069709777832
2852,4.974489212036133
2853,6.515315532684326
2854,17.460472106933594
2855,8.431448936462402
2856,8.40752124786377
2857,7.773036479949951
2858,10.079877853393555
2859,10.812954902648926
2860,20.36764144897461
2861,15.538270950317383
2862,13.539875030517578
2863,15.204752922058105
2864,15.387025833129883
2865,16.65116310119629
2866,18.056663513183594
2867,26.25463104248047
2868,16.54522705078125
2869,10.523514747619629
2870,3.4670357704162598
2871,5.830682754516602
2872,2.943164825439453
2873,4.65735387802124
2874,1.4351264238357544
2875,6.393299102783203
2876,3.4925308227539062
2877,4.041616439819336
2878,5.237846374511719
2879,6.854206562042236
2880,9.932003021240234
2881,23.696516036987305
2882,15.30043888092041
2883,20.988323211669922
2884,9.660104751586914
2885,13.912801742553711
2886,14.698647499084473
2887,12.922412872314453
2888,12.491583824157715
2889,16.755943298339844
2890,8.871524810791016
2891,8.747610092163086
2892,15.379056930541992
2893,9.040018081665039
2894,12.298336029052734
2895,9.29109001159668
2896,13.018658638000488
2897,12.9265775680542
2898,21.758251190185547
2899,10.656573295593262
2900,15.112613677978516
2901,20.1947078704834
2902,24.817947387695312
2903,13.299478530883789
2904,23.700559616088867
2905,23.28030776977539
2906,19.57060432434082
2907,14.51948356628418
2908,16.792192459106445
2909,17.82396697998047
2910,9.012885093688965
2911,12.527040481567383
2912,15.538763046264648
2913,9.556890487670898
2914,10.50218677520752
2915,11.977972030639648
2916,11.850919723510742
2917,17.772748947143555
2918,10.420486450195312
2919,15.10694408416748
2920,12.804293632507324
2921,19.575790405273438
2922,10.228089332580566
2923,8.745217323303223
2924,14.13857650756836
2925,12.728154182434082
2926,13.142708778381348
2927,16.484865188598633
2928,12.244853019714355
2929,12.462435722351074
2930,9.37197494506836
2931,13.119108200073242
2932,9.200210571289062
2933,12.828289031982422
2934,9.340950012207031
2935,11.230828285217285
2936,13.267215728759766
2937,11.27065372467041
2938,9.743300437927246
2939,7.271175861358643
2940,5.350991249084473
2941,6.587421894073486
2942,7.077495574951172
2943,8.186409950256348
2944,9.136569023132324
2945,7.179041862487793
2946,10.091732025146484
2947,31.75051498413086
2948,16.50270652770996
2949,11.189698219299316
2950,14.807573318481445
2951,63.56544494628906
2952,14.804603576660156
2953,13.807060241699219
2954,9.632391929626465
2955,8.35379409790039
2956,5.688745498657227
2957,6.875269412994385
2958,8.653165817260742
2959,10.79124927520752
2960,2.857489585876465
2961,13.640060424804688
2962,4.9179229736328125
2963,4.629451751708984
2964,5.234380722045898
2965,11.669139862060547
2966,19.099157333374023
2967,15.341631889343262
2968,16.566761016845703
2969,30.309059143066406
2970,13.465656280517578
2971,33.70986557006836
2972,22.018966674804688
2973,0.0
2974,15.097163200378418
2975,5.5458831787109375
2976,17.782697677612305
2977,6.024715900421143
2978,9.300957679748535
2979,10.818171501159668
2980,14.349406242370605
2981,18.877033233642578
2982,16.05426788330078
2983,11.025934219360352
2984,9.882006645202637
2985,15.0472993850708
2986,7.543861389160156
2987,11.929868698120117
2988,10.624979972839355
2989,11.569693565368652
2990,8.118338584899902
2991,8.854599952697754
2992,14.624534606933594
2993,6.235796928405762
2994,8.43266773223877
2995,7.208614349365234
2996,10.913491249084473
2997,5.112440586090088
2998,7.894778251647949
2999,8.300353050231934
3000,15.155101776123047
3001,10.325482368469238
3002,8.21817398071289
3003,10.157380104064941
3004,5.1624932289123535
3005,11.998235702514648
3006,3.915771245956421
3007,2.2333436012268066
3008,3.701697587966919
3009,7.231746673583984
3010,9.597326278686523
3011,6.739659309387207
3012,17.676393508911133
3013,9.210718154907227
3014,14.313403129577637
3015,13.322043418884277
3016,11.910252571105957
3017,10.75020980834961
3018,7.848236560821533
3019,14.869967460632324
3020,9.115072250366211
3021,7.174988269805908
3022,5.780079364776611
3023,7.805899620056152
3024,6.3614349365234375
3025,16.927082061767578
3026,14.247183799743652
3027,14.844655990600586
3028,11.853269577026367
3029,17.717426300048828
3030,20.0289249420166
3031,19.58356285095215
3032,14.697892189025879
3033,14.185223579406738
3034,14.170873641967773
3035,8.82348346710205
3036,18.733396530151367
3037,8.54916000366211
3038,8.319926261901855
3039,9.927484512329102
3040,11.326587677001953
3041,9.761920928955078
3042,12.78542423248291
3043,12.263848304748535
3044,12.813729286193848
3045,12.096332550048828
3046,17.73208236694336
3047,14.450404167175293
3048,10.110934257507324
3049,12.6011381149292
3050,10.74693489074707
3051,14.679126739501953
3052,14.14017105102539
3053,8.775673866271973
3054,9.9562349319458
3055,10.698307991027832
3056,8.442952156066895
3057,9.437783241271973
3058,5.209198951721191
3059,7.683712005615234
3060,8.261777877807617
3061,8.747074127197266
3062,51.60401916503906
3063,14.467813491821289
3064,13.913599967956543
3065,16.81793212890625
3066,12.931327819824219
3067,22.99011993408203
3068,14.166560173034668
3069,9.08224868774414
3070,7.922749996185303
3071,5.022529602050781
3072,8.24453067779541
3073,8.769838333129883
3074,6.524994850158691
3075,10.375581741333008
3076,15.512977600097656
3077,11.339951515197754
3078,22.436752319335938
3079,8.500737190246582
3080,8.679461479187012
3081,11.900033950805664
3082,17.45414161682129
3083,12.522720336914062
3084,9.464908599853516
3085,11.708762168884277
3086,10.086394309997559
3087,8.870040893554688
3088,9.476011276245117
3089,8.993671417236328
3090,9.745128631591797
3091,7.586460113525391
3092,9.529404640197754
3093,18.709869384765625
3094,48.014041900634766
3095,16.710525512695312
3096,18.584630966186523
3097,11.769104957580566
3098,11.25280475616455
3099,14.49107551574707
3100,15.023686408996582
3101,14.516663551330566
3102,16.637243270874023
3103,12.024530410766602
3104,10.4307222366333
3105,11.59115219116211
3106,11.502318382263184
3107,18.605932235717773
3108,17.257587432861328
3109,11.296429634094238
3110,8.233891487121582
3111,6.807833194732666
3112,6.3410210609436035
3113,6.7125020027160645
3114,11.30152416229248
3115,7.752850532531738
3116,11.579363822937012
3117,7.046870708465576
3118,7.1297125816345215
3119,8.680113792419434
3120,8.466451644897461
3121,7.95831823348999
3122,7.129136562347412
3123,6.888948917388916
3124,7.406289100646973
3125,7.050379753112793
3126,8.557907104492188
3127,13.366316795349121
3128,14.34122371673584
3129,23.372190475463867
3130,22.725643157958984
3131,13.601162910461426
3132,11.475661277770996
3133,12.548810958862305
3134,5.4038405418396
3135,10.874651908874512
3136,8.79895305633545
3137,5.9575419425964355
3138,9.142614364624023
3139,10.262297630310059
3140,8.600358009338379
3141,10.04940414428711
3142,10.248466491699219
3143,10.487696647644043
3144,23.668420791625977
3145,10.280142784118652
3146,9.294991493225098
3147,16.95511245727539
3148,19.995542526245117
3149,12.721386909484863
3150,18.93105697631836
3151,14.711421012878418
3152,23.383230209350586
3153,32.73854064941406
3154,9.202468872070312
3155,6.941263198852539
3156,11.224900245666504
3157,9.350347518920898
3158,7.967467308044434
3159,9.753358840942383
3160,18.136632919311523
3161,10.489581108093262
3162,11.167221069335938
3163,9.72324275970459
3164,7.220923900604248
3165,7.649656772613525
3166,11.743362426757812
3167,12.979835510253906
3168,16.952220916748047
3169,16.58807373046875
3170,19.794715881347656
3171,28.674720764160156
3172,13.236641883850098
3173,22.49518585205078
3174,17.062625885009766
3175,13.81117057800293
3176,11.53136157989502
3177,14.222640037536621
3178,8.96917724609375
3179,31.581750869750977
3180,9.878316879272461
3181,9.024918556213379
3182,8.6681547164917
3183,4.378507137298584
3184,4.567965507507324
3185,3.818901300430298
3186,11.591821670532227
3187,8.904038429260254
3188,22.860334396362305
3189,12.039541244506836
3190,12.717874526977539
3191,18.063486099243164
3192,24.87436294555664
3193,20.273488998413086
3194,19.176219940185547
3195,10.554216384887695
3196,11.319756507873535
3197,12.584964752197266
3198,15.565583229064941
3199,6.732254505157471
3200,24.609298706054688
3201,8.644731521606445
3202,5.393868923187256
3203,11.327152252197266
3204,10.412901878356934
3205,8.697426795959473
3206,9.525444030761719
3207,9.071703910827637
3208,9.885025024414062
3209,10.83977222442627
3210,15.683050155639648
3211,18.486818313598633
3212,17.053306579589844
3213,19.57112693786621
3214,21.3021297454834
3215,24.464248657226562
3216,16.559490203857422
3217,10.7002592086792
3218,12.157942771911621
3219,7.537938117980957
3220,7.065127372741699
3221,8.76322078704834
3222,9.236210823059082
3223,8.348812103271484
3224,8.055116653442383
3225,8.123406410217285
3226,8.811920166015625
3227,8.678064346313477
3228,15.568638801574707
3229,11.583844184875488
3230,11.48010540008545
3231,7.71523380279541
3232,10.782176971435547
3233,14.414362907409668
3234,11.431108474731445
3235,11.660833358764648
3236,11.917169570922852
3237,14.28525161743164
3238,8.987380027770996
3239,7.052765846252441
3240,8.474019050598145
3241,5.6603102684021
3242,5.588711738586426
3243,7.594804286956787
3244,5.952948570251465
3245,5.714173793792725
3246,9.339735984802246
3247,7.834438323974609
3248,5.982639789581299
3249,6.712801933288574
3250,9.464695930480957
3251,13.322057723999023
3252,8.884729385375977
3253,10.87007999420166
3254,11.840095520019531
3255,15.08017635345459
3256,16.787582397460938
3257,13.059271812438965
3258,11.197372436523438
3259,7.935435771942139
3260,4.482833385467529
3261,3.750725269317627
3262,1.9457098245620728
3263,2.863572835922241
3264,3.561274766921997
3265,8.11199951171875
3266,8.864404678344727
3267,8.660707473754883
3268,8.418516159057617
3269,9.56716251373291
3270,10.881196022033691
3271,9.132271766662598
3272,14.349935531616211
3273,13.728365898132324
3274,9.148248672485352
3275,13.938050270080566
3276,39.1385498046875
3277,9.82386589050293
3278,16.642526626586914
3279,11.674609184265137
3280,14.646434783935547
3281,10.426677703857422
3282,11.00784969329834
3283,9.865899085998535
3284,8.22921371459961
3285,8.405561447143555
3286,10.283846855163574
3287,10.135422706604004
3288,7.576443672180176
3289,8.67197036743164
3290,15.095206260681152
3291,10.051177978515625
3292,5.697876930236816
3293,7.615084648132324
3294,7.531257152557373
3295,10.757302284240723
3296,8.688604354858398
3297,10.53390121459961
3298,9.289884567260742
3299,10.222420692443848
3300,8.767654418945312
3301,16.01235008239746
3302,17.04086685180664
3303,15.62530517578125
3304,26.516178131103516
3305,14.054107666015625
3306,13.984356880187988
3307,10.75827407836914
3308,11.345041275024414
3309,17.06393051147461
3310,10.54845905303955
3311,15.100662231445312
3312,4.343498706817627
3313,6.526269435882568
3314,5.370940685272217
3315,5.230386734008789
3316,6.182675361633301
3317,14.391802787780762
3318,7.190729141235352
3319,11.22815227508545
3320,9.004707336425781
3321,11.692891120910645
3322,9.389174461364746
3323,13.56262493133545
3324,6.828981876373291
3325,8.394750595092773
3326,11.041887283325195
3327,14.510830879211426
3328,13.289407730102539
3329,10.377832412719727
3330,10.790506362915039
3331,7.95529842376709
3332,8.058815956115723
3333,9.751036643981934
3334,10.215349197387695
3335,22.589399337768555
3336,10.830098152160645
3337,13.221243858337402
3338,11.16616153717041
3339,17.34804344177246
3340,15.206923484802246
3341,14.634297370910645
3342,14.112771987915039
3343,11.939265251159668
3344,8.380376815795898
3345,11.347379684448242
3346,7.447566032409668
3347,9.664948463439941
3348,11.832003593444824
3349,11.17296314239502
3350,13.260533332824707
3351,11.612710952758789
3352,22.2691650390625
3353,11.676111221313477
3354,16.102561950683594
3355,10.466772079467773
3356,12.526037216186523
3357,11.612921714782715
3358,12.843710899353027
3359,12.393054008483887
3360,14.915351867675781
3361,12.808128356933594
3362,18.209075927734375
3363,12.230281829833984
3364,9.219736099243164
3365,12.699132919311523
3366,8.632425308227539
3367,9.61956787109375
3368,7.890644550323486
3369,16.265750885009766
3370,13.671988487243652
3371,8.809646606445312
3372,15.458630561828613
3373,18.586748123168945
3374,14.007990837097168
3375,12.267313003540039
3376,11.72208309173584
3377,11.365317344665527
3378,8.416252136230469
3379,10.886002540588379
3380,7.942317962646484
3381,11.366499900817871
3382,9.133489608764648
3383,9.516618728637695
3384,11.425326347351074
3385,7.715993881225586
3386,6.676327228546143
3387,5.99780797958374
3388,4.421670913696289
3389,8.463981628417969
3390,7.827471733093262
3391,7.823202610015869
3392,10.293038368225098
3393,13.46927261352539
3394,12.530895233154297
3395,10.798969268798828
3396,10.408254623413086
3397,9.736120223999023
3398,4.787651062011719
3399,6.498870372772217
3400,25.671680450439453
3401,7.091771602630615
3402,4.968705654144287
3403,12.506133079528809
3404,12.900835037231445
3405,18.41533851623535
3406,16.22122573852539
3407,14.287692070007324
3408,14.91433334350586
3409,11.724945068359375
3410,13.637782096862793
3411,9.363347053527832
3412,13.735387802124023
3413,19.507909774780273
3414,15.87032413482666
3415,13.700166702270508
3416,15.037653923034668
3417,14.940579414367676
3418,12.502071380615234
3419,12.897834777832031
3420,8.853096008300781
3421,10.52534008026123
3422,6.781888008117676
3423,8.230949401855469
3424,9.620787620544434
3425,8.886476516723633
3426,9.652958869934082
3427,8.057059288024902
3428,21.788103103637695
3429,10.290191650390625
3430,9.896700859069824
3431,25.066341400146484
3432,9.737937927246094
3433,9.812050819396973
3434,26.97859764099121
3435,12.221413612365723
3436,15.74053955078125
3437,14.103832244873047
3438,14.639705657958984
3439,12.125293731689453
3440,9.062148094177246
3441,5.162099361419678
3442,8.058798789978027
3443,7.412579536437988
3444,12.709383964538574
3445,8.708552360534668
3446,8.777613639831543
3447,9.772940635681152
3448,9.78322696685791
3449,10.40654182434082
3450,9.17316722869873
3451,6.970439910888672
3452,12.629626274108887
3453,9.111973762512207
3454,8.468345642089844
3455,8.087181091308594
3456,11.04010009765625
3457,12.656198501586914
3458,8.811156272888184
3459,14.49166202545166
3460,11.058686256408691
3461,11.089326858520508
3462,7.649392127990723
3463,10.460612297058105
3464,14.100980758666992
3465,10.936824798583984
3466,9.348226547241211
3467,16.423234939575195
3468,11.754039764404297
3469,27.249042510986328
3470,23.797067642211914
3471,15.115307807922363
3472,22.307161331176758
3473,13.117242813110352
3474,13.23629379272461
3475,16.25513458251953
3476,23.21226692199707
3477,13.431175231933594
3478,11.90378475189209
3479,11.186686515808105
3480,8.647563934326172
3481,11.265398979187012
3482,8.322736740112305
3483,13.873433113098145
3484,8.446009635925293
3485,8.980403900146484
3486,10.75341796875
3487,12.557456970214844
3488,10.096883773803711
3489,9.114603042602539
3490,11.984943389892578
3491,23.76771354675293
3492,10.076441764831543
3493,12.215819358825684
3494,9.023053169250488
3495,12.680195808410645
3496,11.762184143066406
3497,18.564788818359375
3498,13.921150207519531
3499,8.692974090576172
3500,11.832491874694824
3501,10.198748588562012
3502,10.332077980041504
3503,11.547930717468262
3504,13.753561973571777
3505,17.218421936035156
3506,14.500049591064453
3507,9.783974647521973
3508,8.89255428314209
3509,9.639338493347168
3510,9.993773460388184
3511,8.729963302612305
3512,7.331953048706055
3513,10.358221054077148
3514,2.5882744789123535
3515,2.975294828414917
3516,1.9362177848815918
3517,6.460157871246338
3518,11.566356658935547
3519,6.686939239501953
3520,11.035786628723145
3521,10.21780776977539
3522,12.884295463562012
3523,11.56769847869873
3524,10.1566801071167
3525,13.162322998046875
3526,21.156673431396484
3527,9.452855110168457
3528,9.451998710632324
3529,8.947904586791992
3530,6.147361755371094
3531,4.445047378540039
3532,2.4861414432525635
3533,4.873663425445557
3534,4.360476493835449
3535,14.140583992004395
3536,7.807795524597168
3537,10.406580924987793
3538,13.635466575622559
3539,16.131013870239258
3540,25.112951278686523
3541,18.43268394470215
3542,14.018012046813965
3543,16.189220428466797
3544,16.562694549560547
3545,14.198551177978516
3546,4.923524856567383
3547,9.084035873413086
3548,4.896546363830566
3549,4.061985492706299
3550,7.253247261047363
3551,10.262174606323242
3552,10.417027473449707
3553,9.594256401062012
3554,10.924019813537598
3555,21.428218841552734
3556,16.169189453125
3557,11.334700584411621
3558,14.759329795837402
3559,11.39136028289795
3560,10.728347778320312
3561,15.154565811157227
3562,14.980785369873047
3563,14.18202018737793
3564,22.88100814819336
3565,12.165494918823242
3566,8.868846893310547
3567,6.840916156768799
3568,8.64121150970459
3569,8.268982887268066
3570,4.164111137390137
3571,4.26216459274292
3572,6.139312744140625
3573,4.203812599182129
3574,5.287295818328857
3575,4.637231349945068
3576,4.691245079040527
3577,3.7738094329833984
3578,7.9282121658325195
3579,5.318517684936523
3580,5.727219104766846
3581,7.684048652648926
3582,10.012155532836914
3583,10.859103202819824
3584,19.8786563873291
3585,17.400774002075195
3586,12.9928617477417
3587,13.503175735473633
3588,7.9446702003479
3589,11.85677433013916
3590,12.058147430419922
3591,16.42548942565918
3592,15.032123565673828
3593,13.271285057067871
3594,9.725212097167969
3595,13.096624374389648
3596,11.812349319458008
3597,6.137436389923096
3598,20.30953598022461
3599,7.226207256317139
3600,10.880528450012207
3601,7.261016845703125
3602,9.812247276306152
3603,6.560543537139893
3604,11.339513778686523
3605,12.810646057128906
3606,10.903807640075684
3607,12.872187614440918
3608,11.108779907226562
3609,15.486710548400879
3610,11.412801742553711
3611,9.864209175109863
3612,6.41699743270874
3613,11.00877857208252
3614,10.859682083129883
3615,10.977109909057617
3616,11.91749382019043
3617,12.581799507141113
3618,14.997658729553223
3619,11.048979759216309
3620,6.750815391540527
3621,7.630870819091797
3622,7.8084397315979
3623,8.434269905090332
3624,12.044554710388184
3625,13.430869102478027
3626,17.284759521484375
3627,13.758912086486816
3628,11.691340446472168
3629,11.458763122558594
3630,13.837363243103027
3631,20.163555145263672
3632,16.526805877685547
3633,21.034870147705078
3634,12.55068588256836
3635,13.078874588012695
3636,18.4257755279541
3637,15.517550468444824
3638,9.757743835449219
3639,5.724658012390137
3640,10.181554794311523
3641,4.900693893432617
3642,4.484417915344238
3643,0.9575271010398865
3644,2.6547396183013916
3645,6.4920549392700195
3646,13.058730125427246
3647,12.596539497375488
3648,10.247560501098633
3649,15.411925315856934
3650,14.211048126220703
3651,14.5802583694458
3652,13.40567684173584
3653,11.758810043334961
3654,15.615494728088379
3655,9.400742530822754
3656,8.12397575378418
3657,6.346251010894775
3658,8.26794147491455
3659,11.031238555908203
3660,17.597864151000977
3661,13.718791007995605
3662,17.96521759033203
3663,22.106748580932617
3664,17.25324058532715
3665,18.885299682617188
3666,13.623534202575684
3667,14.510119438171387
3668,19.63058090209961
3669,16.182106018066406
3670,13.275760650634766
3671,13.216483116149902
3672,14.139873504638672
3673,21.183609008789062
3674,8.018263816833496
3675,6.08428430557251
3676,6.100369453430176
3677,11.059542655944824
3678,10.960537910461426
3679,10.343940734863281
3680,19.26671028137207
3681,12.149821281433105
3682,12.34088134765625
3683,13.428988456726074
3684,9.377812385559082
3685,12.51443862915039
3686,16.732351303100586
3687,14.773186683654785
3688,11.274518966674805
3689,10.225235939025879
3690,13.472082138061523
3691,14.605730056762695
3692,17.836214065551758
3693,15.976354598999023
3694,18.839874267578125
3695,7.446281433105469
3696,8.960176467895508
3697,13.969779014587402
3698,10.604168891906738
3699,14.14405632019043
3700,14.557831764221191
3701,8.383467674255371
3702,12.091874122619629
3703,9.138581275939941
3704,10.511385917663574
3705,9.274754524230957
3706,6.59291410446167
3707,7.238337993621826
3708,9.332473754882812
3709,8.971714973449707
3710,5.006342887878418
3711,9.183897972106934
3712,8.041237831115723
3713,8.88531494140625
3714,9.691971778869629
3715,6.34728479385376
3716,6.365377902984619
3717,11.537253379821777
3718,10.809879302978516
3719,11.853288650512695
3720,9.499003410339355
3721,12.138395309448242
3722,17.61500358581543
3723,30.738550186157227
3724,13.246068954467773
3725,12.23050308227539
3726,13.687647819519043
3727,20.90121078491211
3728,14.5333251953125
3729,6.705911159515381
3730,12.317573547363281
3731,10.501911163330078
3732,6.63172721862793
3733,6.9398651123046875
3734,8.939817428588867
3735,6.822393417358398
3736,6.209977149963379
3737,4.258972644805908
3738,11.050040245056152
3739,14.932686805725098
3740,13.401500701904297
3741,11.44522476196289
3742,14.767390251159668
3743,17.437387466430664
3744,16.86910057067871
3745,13.346634864807129
3746,23.743453979492188
3747,16.066083908081055
3748,8.487794876098633
3749,6.820213794708252
3750,7.924923896789551
3751,8.247488975524902
3752,10.186541557312012
3753,7.886972427368164
3754,5.630868434906006
3755,40.395179748535156
3756,9.139062881469727
3757,6.645013332366943
3758,7.163508892059326
3759,5.626279354095459
3760,9.256896018981934
3761,10.872872352600098
3762,9.6182222366333
3763,10.109272956848145
3764,11.732257843017578
3765,9.296019554138184
3766,10.310884475708008
3767,4.825202465057373
3768,5.0835089683532715
3769,3.758056640625
3770,4.5474534034729
3771,7.796057224273682
3772,7.2769927978515625
3773,10.921599388122559
3774,11.626912117004395
3775,14.974050521850586
3776,14.970577239990234
3777,15.507203102111816
3778,19.536924362182617
3779,15.819817543029785
3780,12.495233535766602
3781,13.24053955078125
3782,12.731125831604004
3783,9.66331958770752
3784,8.192975044250488
3785,9.331831932067871
3786,10.727177619934082
3787,14.429916381835938
3788,10.65138053894043
3789,9.530226707458496
3790,17.332130432128906
3791,14.43861198425293
3792,13.091534614562988
3793,14.70460319519043
3794,15.591439247131348
3795,17.600183486938477
3796,10.411162376403809
3797,15.549078941345215
3798,15.443435668945312
3799,15.924756050109863
3800,11.782339096069336
3801,11.685394287109375
3802,7.19503927230835
3803,8.42135238647461
3804,7.080822944641113
3805,8.907451629638672
3806,10.730493545532227
3807,10.327295303344727
3808,6.848810195922852
3809,9.32218074798584
3810,8.092728614807129
3811,15.800100326538086
3812,9.562858581542969
3813,10.284773826599121
3814,9.435873985290527
3815,11.763039588928223
3816,17.852903366088867
3817,10.715560913085938
3818,17.760547637939453
3819,10.39118766784668
3820,8.548687934875488
3821,13.84579086303711
3822,10.631567001342773
3823,9.783726692199707
3824,13.556904792785645
3825,11.42315673828125
3826,12.999666213989258
3827,14.681379318237305
3828,12.816637992858887
3829,13.307432174682617
3830,13.526041030883789
3831,9.798248291015625
3832,7.238624572753906
3833,16.167827606201172
3834,6.261758804321289
3835,3.2318198680877686
3836,5.996190547943115
3837,13.645803451538086
3838,12.09052562713623
3839,12.097335815429688
3840,8.787642478942871
3841,12.32122802734375
3842,5.156782627105713
3843,5.619091033935547
3844,4.485650062561035
3845,1.4463716745376587
3846,24.28023338317871
3847,13.032745361328125
3848,12.16478443145752
3849,13.853387832641602
3850,13.473620414733887
3851,20.535415649414062
3852,12.910646438598633
3853,16.707908630371094
3854,9.580998420715332
3855,13.505125045776367
3856,8.430437088012695
3857,8.304876327514648
3858,12.071615219116211
3859,14.884963989257812
3860,12.826192855834961
3861,12.343833923339844
3862,11.219844818115234
3863,10.019908905029297
3864,12.23815631866455
3865,9.69657039642334
3866,5.193614959716797
3867,10.879437446594238
3868,7.672672748565674
3869,10.807757377624512
3870,12.46627140045166
3871,10.050813674926758
3872,12.711698532104492
3873,13.510513305664062
3874,10.089271545410156
3875,10.05609130859375
3876,22.95673942565918
3877,4.935098648071289
3878,6.130571365356445
3879,9.836212158203125
3880,11.775941848754883
3881,7.497898578643799
3882,14.041698455810547
3883,14.801431655883789
3884,12.857271194458008
3885,10.667035102844238
3886,7.637231826782227
3887,11.185768127441406
3888,12.74524974822998
3889,10.739924430847168
3890,4.612059593200684
3891,11.359201431274414
3892,10.021162986755371
3893,9.200664520263672
3894,9.613280296325684
3895,6.135204315185547
3896,12.82429027557373
3897,13.562066078186035
3898,14.175276756286621
3899,6.087856769561768
3900,9.526914596557617
3901,11.56239128112793
3902,12.984825134277344
3903,9.876358985900879
3904,12.336647987365723
3905,15.401399612426758
3906,10.95921802520752
3907,7.711122512817383
3908,8.369508743286133
3909,8.730281829833984
3910,10.11437702178955
3911,10.95898151397705
3912,15.32009220123291
3913,13.267991065979004
3914,14.043219566345215
3915,13.38858413696289
3916,16.88471794128418
3917,13.788408279418945
3918,12.224756240844727
3919,14.665207862854004
3920,11.126712799072266
3921,9.685888290405273
3922,9.790033340454102
3923,12.839613914489746
3924,15.146906852722168
3925,23.261112213134766
3926,19.272165298461914
3927,21.87026023864746
3928,15.990736961364746
3929,13.532512664794922
3930,13.392538070678711
3931,12.024725914001465
3932,11.126556396484375
3933,16.885812759399414
3934,14.307513236999512
3935,17.039756774902344
3936,11.256355285644531
3937,11.059558868408203
3938,19.95582389831543
3939,11.064719200134277
3940,11.164946556091309
3941,15.165726661682129
3942,12.257553100585938
3943,11.99411392211914
3944,6.197874546051025
3945,7.043640613555908
3946,12.571318626403809
3947,9.333169937133789
3948,40.32289123535156
3949,17.430904388427734
3950,13.832193374633789
3951,12.584556579589844
3952,10.924226760864258
3953,19.412057876586914
3954,5.899787902832031
3955,16.27541160583496
3956,8.04366397857666
3957,17.616857528686523
3958,7.078807830810547
3959,9.881852149963379
3960,12.43497371673584
3961,20.373069763183594
3962,11.287821769714355
3963,12.7503662109375
3964,9.244688034057617
3965,9.120503425598145
3966,10.734253883361816
3967,12.41655158996582
3968,10.134038925170898
3969,10.702999114990234
3970,7.932563781738281
3971,11.204339981079102
3972,7.53316068649292
3973,6.5841898918151855
3974,11.931391716003418
3975,12.666202545166016
3976,9.505366325378418
3977,20.369853973388672
3978,13.864505767822266
3979,16.103187561035156
3980,12.014156341552734
3981,9.231229782104492
3982,14.011353492736816
3983,15.37807559967041
3984,17.832183837890625
3985,29.164342880249023
3986,14.801666259765625
3987,25.274120330810547
3988,14.773183822631836
3989,14.103302001953125
3990,9.922994613647461
3991,12.773221969604492
3992,7.296940326690674
3993,6.473219394683838
3994,5.634202003479004
3995,3.8301548957824707
3996,7.265915393829346
3997,8.288236618041992
3998,10.565034866333008
3999,5.724610805511475
4000,7.949258804321289
4001,12.724593162536621
4002,7.0888166427612305
4003,7.940896034240723
4004,9.446069717407227
4005,14.35410213470459
4006,8.639832496643066
4007,6.969062328338623
4008,6.398741722106934
4009,6.336772918701172
4010,10.386425971984863
4011,10.751163482666016
4012,11.07521915435791
4013,10.780823707580566
4014,16.72796630859375
4015,10.461159706115723
4016,7.948473930358887
4017,28.6651554107666
4018,8.833230972290039
4019,17.08024787902832
4020,9.51265811920166
4021,9.14376449584961
4022,5.493432998657227
4023,6.949324607849121
4024,0.9141086935997009
4025,5.626844882965088
4026,6.205256462097168
4027,8.555737495422363
4028,5.663589954376221
4029,6.847309112548828
4030,31.474769592285156
4031,16.390226364135742
4032,21.098587036132812
4033,33.66242218017578
4034,11.586095809936523
4035,10.072032928466797
4036,18.196720123291016
4037,13.992420196533203
4038,16.23870086669922
4039,6.068093299865723
4040,9.322948455810547
4041,18.107154846191406
4042,10.463939666748047
4043,10.339773178100586
4044,4.365534782409668
4045,8.026347160339355
4046,13.442131042480469
4047,9.904329299926758
4048,12.561314582824707
4049,15.278552055358887
4050,14.854531288146973
4051,14.040857315063477
4052,13.470008850097656
4053,12.79468822479248
4054,11.750557899475098
4055,11.140905380249023
4056,10.919976234436035
4057,8.880805969238281
4058,12.930002212524414
4059,12.483438491821289
4060,6.0933122634887695
4061,9.373350143432617
4062,10.320183753967285
4063,22.49981689453125
4064,11.676606178283691
4065,10.366729736328125
4066,11.012737274169922
4067,10.1448392868042
4068,13.848159790039062
4069,11.073603630065918
4070,12.109757423400879
4071,13.794231414794922
4072,10.276407241821289
4073,10.465808868408203
4074,14.364679336547852
4075,16.1588134765625
4076,14.134214401245117
4077,14.952484130859375
4078,12.400562286376953
4079,12.871875762939453
4080,11.61024284362793
4081,13.60439682006836
4082,8.305130958557129
4083,13.505290031433105
4084,7.005650043487549
4085,5.241954803466797
4086,13.794543266296387
4087,8.930560111999512
4088,11.56729793548584
4089,9.988152503967285
4090,7.887683391571045
4091,8.569104194641113
4092,12.880952835083008
4093,13.250160217285156
4094,12.015962600708008
4095,9.9555082321167
4096,11.9810209274292
4097,13.273998260498047
4098,6.7675700187683105
4099,5.589110374450684
4100,13.295381546020508
4101,10.407965660095215
4102,5.96980094909668
4103,3.59364914894104
4104,8.809340476989746
4105,6.924932956695557
4106,6.439236640930176
4107,9.357483863830566
4108,8.426077842712402
4109,18.66876983642578
4110,21.54820442199707
4111,16.4442081451416
4112,17.926538467407227
4113,17.858800888061523
4114,14.773680686950684
4115,11.932366371154785
4116,10.234389305114746
4117,7.783344745635986
4118,6.988771438598633
4119,4.296676158905029
4120,4.032864570617676
4121,7.438540935516357
4122,10.193366050720215
4123,6.455501556396484
4124,13.933780670166016
4125,11.059675216674805
4126,15.488986015319824
4127,11.057806015014648
4128,12.046257019042969
4129,11.799849510192871
4130,8.335421562194824
4131,7.622662544250488
4132,9.984039306640625
4133,7.055647373199463
4134,7.642289638519287
4135,7.184866428375244
4136,9.457242012023926
4137,6.194864749908447
4138,5.021185874938965
4139,13.176868438720703
4140,9.129746437072754
4141,9.946687698364258
4142,7.677175998687744
4143,7.901844024658203
4144,7.576244354248047
4145,10.986307144165039
4146,14.425997734069824
4147,16.017772674560547
4148,5.5663957595825195
4149,10.910287857055664
4150,9.264707565307617
4151,10.259175300598145
4152,9.775433540344238
4153,9.622658729553223
4154,10.407630920410156
4155,12.986312866210938
4156,9.671918869018555
4157,7.3702287673950195
4158,8.284463882446289
4159,10.478718757629395
4160,15.54869270324707
4161,10.47655963897705
4162,13.870797157287598
4163,10.136744499206543
4164,12.719926834106445
4165,12.045235633850098
4166,12.42312240600586
4167,15.405226707458496
4168,11.233955383300781
4169,12.895615577697754
4170,7.762318134307861
4171,9.739794731140137
4172,10.972490310668945
4173,9.650318145751953
4174,10.409363746643066
4175,20.28785514831543
4176,12.26343822479248
4177,14.139144897460938
4178,7.839964866638184
4179,10.107034683227539
4180,17.89105987548828
4181,8.735786437988281
4182,8.239198684692383
4183,15.468668937683105
4184,11.663310050964355
4185,11.437077522277832
4186,13.086946487426758
4187,27.231613159179688
4188,22.254873275756836
4189,15.3151273727417
4190,13.798111915588379
4191,14.312481880187988
4192,13.222087860107422
4193,17.309526443481445
4194,13.022315979003906
4195,8.461806297302246
4196,10.127415657043457
4197,12.595515251159668
4198,9.691950798034668
4199,16.208843231201172
4200,10.727927207946777
4201,12.629657745361328
4202,11.01553726196289
4203,11.414613723754883
4204,14.952314376831055
4205,15.368356704711914
4206,15.438370704650879
4207,13.61407470703125
4208,17.25278663635254
4209,11.47984504699707
4210,12.250410079956055
4211,9.952499389648438
4212,7.7606706619262695
4213,8.990827560424805
4214,8.458311080932617
4215,11.442066192626953
4216,10.740335464477539
4217,15.868180274963379
4218,17.59818458557129
4219,17.152231216430664
4220,16.865549087524414
4221,20.05820083618164
4222,18.095470428466797
4223,10.980673789978027
4224,11.096725463867188
4225,12.145298957824707
4226,11.16671371459961
4227,20.359310150146484
4228,9.208220481872559
4229,13.901676177978516
4230,10.638246536254883
4231,9.456850051879883
4232,6.947788238525391
4233,9.256146430969238
4234,9.852476119995117
4235,11.942288398742676
4236,9.81202507019043
4237,15.836418151855469
4238,10.761011123657227
4239,7.06516170501709
4240,15.82327651977539
4241,12.08698844909668
4242,8.32032299041748
4243,10.201128959655762
4244,13.65466594696045
4245,8.593484878540039
4246,5.460081577301025
4247,5.909965991973877
4248,15.544014930725098
4249,10.548480033874512
4250,9.863577842712402
4251,10.62575626373291
4252,14.459883689880371
4253,16.285327911376953
4254,10.856734275817871
4255,16.31003761291504
4256,11.307263374328613
4257,14.356155395507812
4258,6.295434951782227
4259,5.927888870239258
4260,7.941246032714844
4261,8.311354637145996
4262,6.29481840133667
4263,12.805768966674805
4264,11.4948148727417
4265,12.161866188049316
4266,9.776470184326172
4267,11.800512313842773
4268,9.470276832580566
4269,12.914024353027344
4270,13.598234176635742
4271,11.71723461151123
4272,16.544334411621094
4273,16.328216552734375
4274,14.979180335998535
4275,16.146455764770508
4276,12.68233871459961
4277,19.255464553833008
4278,12.069731712341309
4279,5.482108116149902
4280,8.980693817138672
4281,3.756528377532959
4282,9.061958312988281
4283,5.219499111175537
4284,8.459487915039062
4285,8.966507911682129
4286,10.021541595458984
4287,7.447685241699219
4288,6.903749942779541
4289,14.053800582885742
4290,8.861295700073242
4291,8.935762405395508
4292,10.912369728088379
4293,12.625422477722168
4294,17.082639694213867
4295,14.878267288208008
4296,28.82530403137207
4297,16.00676918029785
4298,11.678953170776367
4299,9.64603328704834
4300,4.352540493011475
4301,9.228120803833008
4302,4.407009124755859
4303,8.946550369262695
4304,12.93290901184082
4305,7.264915466308594
4306,9.567647933959961
4307,6.735124588012695
4308,11.575321197509766
4309,7.730894565582275
4310,7.6953887939453125
4311,6.039623737335205
4312,11.335920333862305
4313,11.215521812438965
4314,7.413504600524902
4315,6.209583282470703
4316,15.536799430847168
4317,11.324542999267578
4318,9.405269622802734
4319,9.531838417053223
4320,9.856319427490234
4321,8.519989967346191
4322,9.429363250732422
4323,6.798043251037598
4324,9.905165672302246
4325,12.19448184967041
4326,10.875059127807617
4327,11.31770133972168
4328,14.919580459594727
4329,10.769798278808594
4330,13.64241886138916
4331,8.534419059753418
4332,8.551630020141602
4333,6.9093780517578125
4334,9.60168743133545
4335,7.891441345214844
4336,9.291987419128418
4337,10.978401184082031
4338,11.801194190979004
4339,13.816222190856934
4340,13.14482593536377
4341,14.937053680419922
4342,9.871419906616211
4343,12.224677085876465
4344,8.954690933227539
4345,10.38540267944336
4346,14.229451179504395
4347,12.249286651611328
4348,13.439888954162598
4349,19.997501373291016
4350,16.562917709350586
4351,21.641775131225586
4352,11.391626358032227
4353,10.299802780151367
4354,14.552127838134766
4355,10.828147888183594
4356,9.829290390014648
4357,10.336827278137207
4358,21.802881240844727
4359,13.727807998657227
4360,10.822295188903809
4361,20.264911651611328
4362,15.95609188079834
4363,7.619738578796387
4364,12.04429817199707
4365,7.497387886047363
4366,4.830780982971191
4367,8.32784652709961
4368,6.330991268157959
4369,3.4822089672088623
4370,6.023671627044678
4371,4.749457359313965
4372,7.849946022033691
4373,4.88850736618042
4374,7.436389923095703
4375,7.861556053161621
4376,3.829864501953125
4377,8.666486740112305
4378,8.582612991333008
4379,7.715727806091309
4380,11.260869026184082
4381,14.907492637634277
4382,12.114648818969727
4383,11.825899124145508
4384,14.36187744140625
4385,14.04417896270752
4386,13.049173355102539
4387,12.825371742248535
4388,13.502023696899414
4389,15.235730171203613
4390,14.094045639038086
4391,10.182243347167969
4392,9.476953506469727
4393,9.746148109436035
4394,6.164824962615967
4395,5.223945140838623
4396,7.594983100891113
4397,11.989384651184082
4398,4.0040998458862305
4399,8.554547309875488
4400,7.4552531242370605
4401,10.335915565490723
4402,13.519948959350586
4403,14.6795654296875
4404,15.10535717010498
4405,19.08559226989746
4406,10.541767120361328
4407,8.098088264465332
4408,6.7605085372924805
4409,10.580436706542969
4410,7.069575309753418
4411,4.717937469482422
4412,12.6297025680542
4413,10.648979187011719
4414,8.146829605102539
4415,8.174290657043457
4416,9.864973068237305
4417,12.127925872802734
4418,11.653250694274902
4419,12.654840469360352
4420,12.431982040405273
4421,17.29273796081543
4422,15.320218086242676
4423,11.381973266601562
4424,14.06745433807373
4425,10.444375991821289
4426,18.815410614013672
4427,10.474287033081055
4428,7.415682792663574
4429,7.106180191040039
4430,11.825393676757812
4431,12.119029998779297
4432,11.8855562210083
4433,14.51733112335205
4434,11.429343223571777
4435,10.977657318115234
4436,14.012974739074707
4437,13.805788040161133
4438,25.120634078979492
4439,8.34663200378418
4440,6.959064960479736
4441,6.69035005569458
4442,7.762272834777832
4443,12.365822792053223
4444,9.36612606048584
4445,12.472235679626465
4446,10.4804048538208
4447,9.931863784790039
4448,4.144543647766113
4449,6.620967864990234
4450,6.7724385261535645
4451,6.643853187561035
4452,10.588665962219238
4453,13.859511375427246
4454,9.836349487304688
4455,23.82760238647461
4456,9.735586166381836
4457,20.665864944458008
4458,11.723345756530762
4459,7.58597469329834
4460,7.610293865203857
4461,7.643190860748291
4462,10.879157066345215
4463,9.4656343460083
4464,15.352619171142578
4465,16.72163963317871
4466,13.591530799865723
4467,14.571280479431152
4468,15.964155197143555
4469,13.291484832763672
4470,8.651349067687988
4471,10.411169052124023
4472,13.15318775177002
4473,12.393416404724121
4474,11.544793128967285
4475,13.681663513183594
4476,12.241991996765137
4477,17.027568817138672
4478,17.52560806274414
4479,15.378026962280273
4480,9.568727493286133
4481,11.060745239257812
4482,10.56094741821289
4483,13.55859375
4484,8.454070091247559
4485,11.052128791809082
4486,10.893771171569824
4487,8.876977920532227
4488,7.377772808074951
4489,6.829957485198975
4490,12.437295913696289
4491,13.426199913024902
4492,13.047113418579102
4493,12.717754364013672
4494,8.80410099029541
4495,14.981003761291504
4496,13.111360549926758
4497,15.296337127685547
4498,15.087986946105957
4499,16.608917236328125
4500,15.323088645935059
4501,12.792651176452637
4502,9.17618465423584
4503,7.1993937492370605
4504,7.71983003616333
4505,12.315296173095703
4506,11.099637031555176
4507,11.394929885864258
4508,10.15903377532959
4509,15.597317695617676
4510,11.071346282958984
4511,10.335787773132324
4512,7.259354591369629
4513,11.828335762023926
4514,10.872807502746582
4515,12.453286170959473
4516,13.415282249450684
4517,11.108515739440918
4518,7.033844470977783
4519,8.778613090515137
4520,11.729386329650879
4521,6.792457580566406
4522,11.206186294555664
4523,8.359428405761719
4524,8.438647270202637
4525,15.512995719909668
4526,13.193924903869629
4527,8.90849494934082
4528,8.145039558410645
4529,11.316869735717773
4530,8.482988357543945
4531,7.024587154388428
4532,7.177391529083252
4533,6.360030651092529
4534,10.182219505310059
4535,10.212103843688965
4536,14.130995750427246
4537,15.844833374023438
4538,19.468353271484375
4539,19.42827606201172
4540,18.56770133972168
4541,11.1149320602417
4542,23.121055603027344
4543,14.918529510498047
4544,12.094673156738281
4545,14.17090892791748
4546,15.442492485046387
4547,9.427351951599121
4548,11.447469711303711
4549,10.73686695098877
4550,9.197892189025879
4551,8.066757202148438
4552,9.755187034606934
4553,9.980514526367188
4554,4.041467189788818
4555,4.339868068695068
4556,3.01754093170166
4557,7.577250957489014
4558,9.323026657104492
4559,10.745796203613281
4560,10.071878433227539
4561,13.181889533996582
4562,8.873170852661133
4563,10.690641403198242
4564,6.687639236450195
4565,4.475959777832031
4566,4.064936637878418
4567,7.745409965515137
4568,15.41343879699707
4569,9.561588287353516
4570,11.725235939025879
4571,6.606390476226807
4572,9.677215576171875
4573,11.506885528564453
4574,8.211356163024902
4575,11.555359840393066
4576,6.3730788230896
4577,13.894118309020996
4578,11.8050537109375
4579,11.137016296386719
4580,11.25656795501709
4581,14.065671920776367
4582,17.195838928222656
4583,19.07048988342285
4584,14.437495231628418
4585,15.564189910888672
4586,12.345861434936523
4587,8.220011711120605
4588,9.257259368896484
4589,6.669015407562256
4590,7.213438987731934
4591,7.430421829223633
4592,6.661859035491943
4593,5.583587646484375
4594,6.9028215408325195
4595,19.236446380615234
4596,12.236394882202148
4597,8.384845733642578
4598,14.001319885253906
4599,12.122356414794922
4600,13.35654067993164
4601,14.132808685302734
4602,21.04445457458496
4603,12.595952033996582
4604,15.74021053314209
4605,9.303181648254395
4606,9.981544494628906
4607,12.581910133361816
4608,7.135540962219238
4609,4.472751617431641
4610,5.9462175369262695
4611,7.651034355163574
4612,7.246243476867676
4613,5.662381649017334
4614,10.415056228637695
4615,11.613426208496094
4616,10.82371997833252
4617,16.338762283325195
4618,13.846601486206055
4619,13.566873550415039
4620,17.573583602905273
4621,15.845169067382812
4622,12.831727981567383
4623,10.134964942932129
4624,9.75175666809082
4625,13.428625106811523
4626,7.005320072174072
4627,10.468027114868164
4628,12.477331161499023
4629,4.359194755554199
4630,6.683136940002441
4631,8.680850982666016
4632,9.955008506774902
4633,12.718338966369629
4634,12.877635955810547
4635,18.894840240478516
4636,10.166980743408203
4637,11.702062606811523
4638,17.53072166442871
4639,10.00257396697998
4640,6.991346836090088
4641,6.050471305847168
4642,9.69704532623291
4643,15.669459342956543
4644,13.596468925476074
4645,12.138084411621094
4646,19.863950729370117
4647,14.913140296936035
4648,12.758770942687988
4649,15.01578426361084
4650,12.1614408493042
4651,13.416156768798828
4652,7.905774116516113
4653,6.667006969451904
4654,5.516245365142822
4655,7.060121536254883
4656,8.217560768127441
4657,8.919730186462402
4658,4.6712470054626465
4659,6.58561897277832
4660,9.807497024536133
4661,21.6968994140625
4662,10.41563892364502
4663,14.286301612854004
4664,14.895401000976562
4665,19.812936782836914
4666,15.89716625213623
4667,10.492586135864258
4668,11.178682327270508
4669,10.854560852050781
4670,8.863909721374512
4671,15.091028213500977
4672,8.304247856140137
4673,10.460615158081055
4674,9.438312530517578
4675,7.124247074127197
4676,9.594132423400879
4677,6.686480522155762
4678,11.70296573638916
4679,6.181542873382568
4680,7.167351722717285
4681,11.219954490661621
4682,7.328541278839111
4683,6.021946430206299
4684,17.12407112121582
4685,13.08617877960205
4686,16.12779426574707
4687,10.531968116760254
4688,8.9925537109375
4689,12.016678810119629
4690,9.252744674682617
4691,4.478994369506836
4692,16.13338279724121
4693,6.080647945404053
4694,8.283281326293945
4695,6.046807765960693
4696,9.208971977233887
4697,9.269371032714844
4698,12.241032600402832
4699,16.998262405395508
4700,13.476946830749512
4701,8.111830711364746
4702,8.378730773925781
4703,16.138490676879883
4704,12.859062194824219
4705,5.6373772621154785
4706,13.697422981262207
4707,12.781158447265625
4708,17.137502670288086
4709,14.097208023071289
4710,12.296674728393555
4711,18.918445587158203
4712,14.39943790435791
4713,12.222000122070312
4714,10.45827579498291
4715,18.29315948486328
4716,12.381205558776855
4717,10.803911209106445
4718,10.98501968383789
4719,14.79123592376709
4720,17.24903106689453
4721,12.135586738586426
4722,5.037964820861816
4723,8.331279754638672
4724,11.565312385559082
4725,12.64727783203125
4726,10.012118339538574
4727,17.626039505004883
4728,13.551913261413574
4729,18.462772369384766
4730,17.807437896728516
4731,14.588826179504395
4732,19.09279441833496
4733,16.76151466369629
4734,18.10101318359375
4735,12.719441413879395
4736,12.71705150604248
4737,11.249463081359863
4738,8.821465492248535
4739,12.529229164123535
4740,8.674888610839844
4741,13.965542793273926
4742,7.823928356170654
4743,10.537280082702637
4744,14.36704158782959
4745,7.967075347900391
4746,8.577187538146973
4747,8.569889068603516
4748,10.825270652770996
4749,7.307868957519531
4750,12.314093589782715
4751,7.401163101196289
4752,14.246374130249023
4753,8.659866333007812
4754,5.825974464416504
4755,8.253111839294434
4756,7.99794340133667
4757,8.794811248779297
4758,13.263287544250488
4759,15.81259822845459
4760,21.60501480102539
4761,11.669973373413086
4762,14.444490432739258
4763,6.328848361968994
4764,6.851047039031982
4765,5.896519660949707
4766,6.860617637634277
4767,6.380323886871338
4768,9.05976390838623
4769,10.954620361328125
4770,12.777762413024902
4771,14.189791679382324
4772,11.329414367675781
4773,18.951568603515625
4774,15.109853744506836
4775,14.063210487365723
4776,11.535004615783691
4777,10.75570297241211
4778,8.349913597106934
4779,10.022562026977539
4780,11.009593963623047
4781,9.500727653503418
4782,6.517336845397949
4783,13.51434326171875
4784,11.99370288848877
4785,9.306743621826172
4786,7.4118266105651855
4787,6.637645721435547
4788,6.924945831298828
4789,9.74196720123291
4790,12.163317680358887
4791,13.586631774902344
4792,16.499492645263672
4793,8.070819854736328
4794,12.885387420654297
4795,10.764342308044434
4796,10.693943977355957
4797,12.967446327209473
4798,8.50710678100586
4799,6.693282127380371
4800,8.81317138671875
4801,8.078669548034668
4802,8.46257495880127
4803,15.811747550964355
4804,13.168835639953613
4805,12.1033296585083
4806,13.178078651428223
4807,13.150815963745117
4808,14.99127197265625
4809,10.672922134399414
4810,6.1125054359436035
4811,13.886556625366211
4812,9.697577476501465
4813,6.078148365020752
4814,5.7248992919921875
4815,9.492490768432617
4816,2.022770643234253
4817,1.056092381477356
4818,2.5007622241973877
4819,3.4260642528533936
4820,4.223943710327148
4821,10.66602897644043
4822,10.077462196350098
4823,9.71225357055664
4824,18.39325523376465
4825,14.492175102233887
4826,12.292119979858398
4827,15.321508407592773
4828,12.052688598632812
4829,19.923919677734375
4830,8.674914360046387
4831,11.283167839050293
4832,3.42327880859375
4833,6.755227088928223
4834,7.935791492462158
4835,8.662927627563477
4836,6.709105014801025
4837,8.8938627243042
4838,9.659798622131348
4839,7.441693305969238
4840,11.544241905212402
4841,9.643033981323242
4842,11.276477813720703
4843,12.020696640014648
4844,14.768685340881348
4845,13.025602340698242
4846,16.367502212524414
4847,9.997699737548828
4848,13.203230857849121
4849,14.039252281188965
4850,17.4672794342041
4851,11.906777381896973
4852,9.21879768371582
4853,9.653882026672363
4854,10.2570161819458
4855,10.957833290100098
4856,15.091909408569336
4857,16.176055908203125
4858,18.575145721435547
4859,11.25825309753418
4860,12.42741870880127
4861,10.44565200805664
4862,8.267874717712402
4863,6.479211807250977
4864,11.36187744140625
4865,11.982909202575684
4866,10.802334785461426
4867,10.152693748474121
4868,10.802785873413086
4869,13.574986457824707
4870,8.884371757507324
4871,11.72150993347168
4872,11.4819974899292
4873,10.320287704467773
4874,6.6873345375061035
4875,9.516966819763184
4876,16.288829803466797
4877,13.670125007629395
4878,7.911160469055176
4879,9.104024887084961
4880,9.783075332641602
4881,9.071351051330566
4882,3.7099313735961914
4883,12.02902889251709
4884,6.267049312591553
4885,11.375292778015137
4886,7.459715843200684
4887,10.530960083007812
4888,11.978315353393555
4889,8.778517723083496
4890,10.986742973327637
4891,12.973440170288086
4892,7.617387771606445
4893,9.35291576385498
4894,6.794170379638672
4895,5.234081268310547
4896,1.8043437004089355
4897,10.614120483398438
4898,3.1843791007995605
4899,8.495735168457031
4900,8.797554969787598
4901,9.89428997039795
4902,8.303445816040039
4903,10.318217277526855
4904,14.568533897399902
4905,16.060222625732422
4906,8.347599983215332
4907,12.496214866638184
4908,20.329233169555664
4909,13.578877449035645
4910,20.30477523803711
4911,13.072005271911621
4912,13.938448905944824
4913,12.190654754638672
4914,13.674835205078125
4915,8.52408218383789
4916,5.894514560699463
4917,6.299366474151611
4918,8.18337345123291
4919,15.481932640075684
4920,12.450517654418945
4921,13.002593994140625
4922,15.583257675170898
4923,9.772273063659668
4924,13.495121002197266
4925,14.302767753601074
4926,15.137643814086914
4927,10.813441276550293
4928,15.42813491821289
4929,11.8809814453125
4930,16.913246154785156
4931,14.943930625915527
4932,14.883316040039062
4933,18.18990707397461
4934,10.604790687561035
4935,12.818827629089355
4936,8.197720527648926
4937,6.469236373901367
4938,10.926432609558105
4939,8.300718307495117
4940,6.309435844421387
4941,15.614908218383789
4942,9.437058448791504
4943,9.501208305358887
4944,7.02443790435791
4945,4.5096635818481445
4946,7.031332969665527
4947,8.202327728271484
4948,5.657718658447266
4949,14.059850692749023
4950,9.308114051818848
4951,8.806160926818848
4952,13.615900993347168
4953,21.61027717590332
4954,24.33606719970703
4955,11.819783210754395
4956,13.073810577392578
4957,15.237689018249512
4958,17.0966796875
4959,8.329748153686523
4960,12.460564613342285
4961,10.327743530273438
4962,15.288634300231934
4963,10.233352661132812
4964,6.290448188781738
4965,10.929668426513672
4966,7.848807334899902
4967,4.916593074798584
4968,4.765823841094971
4969,11.679858207702637
4970,10.41285228729248
4971,12.07002067565918
4972,9.657675743103027
4973,14.7133150100708
4974,12.735207557678223
4975,11.253898620605469
4976,7.1967926025390625
4977,7.255532264709473
4978,7.541144847869873
4979,2.551628589630127
4980,0.7691474556922913
4981,3.428683280944824
4982,4.609356880187988
4983,2.840616226196289
4984,13.092493057250977
4985,12.99880313873291
4986,15.312103271484375
4987,13.896353721618652
4988,19.145030975341797
4989,29.827634811401367
4990,16.207536697387695
4991,14.768077850341797
4992,17.477638244628906
4993,20.581701278686523
4994,18.41292381286621
4995,14.055220603942871
4996,10.316055297851562
4997,8.647331237792969
4998,9.325451850891113
4999,14.230783462524414
5000,12.824417114257812
5001,7.54503059387207
5002,8.280702590942383
5003,7.826617240905762
5004,7.245687007904053
5005,10.047966957092285
5006,9.849331855773926
5007,6.609445095062256
5008,11.349607467651367
5009,9.446983337402344
5010,12.161928176879883
5011,8.104662895202637
5012,9.372275352478027
5013,11.806682586669922
5014,11.050151824951172
5015,9.239293098449707
5016,10.291452407836914
5017,6.360483646392822
5018,10.133940696716309
5019,14.721443176269531
5020,6.049644470214844
5021,6.8686323165893555
5022,6.263646125793457
5023,7.710417747497559
5024,8.718833923339844
5025,10.42519760131836
5026,11.846925735473633
5027,7.747771739959717
5028,7.903922080993652
5029,6.427071571350098
5030,4.745099067687988
5031,7.760037422180176
5032,6.100103378295898
5033,6.341603755950928
5034,7.059797763824463
5035,9.424581527709961
5036,10.746265411376953
5037,11.14399528503418
5038,10.322246551513672
5039,11.003490447998047
5040,10.327656745910645
5041,13.256067276000977
5042,12.159093856811523
5043,16.330392837524414
5044,13.181106567382812
5045,10.251640319824219
5046,14.504202842712402
5047,12.220688819885254
5048,15.634942054748535
5049,18.047767639160156
5050,9.933724403381348
5051,9.52719497680664
5052,5.920846462249756
5053,3.4513142108917236
5054,3.744178295135498
5055,5.2330002784729
5056,5.791459560394287
5057,6.251890659332275
5058,13.100165367126465
5059,12.771259307861328
5060,9.088292121887207
5061,23.457921981811523
5062,18.97308349609375
5063,15.504035949707031
5064,14.088003158569336
5065,14.929954528808594
5066,15.464025497436523
5067,9.924725532531738
5068,13.706847190856934
5069,11.03339958190918
5070,14.757457733154297
5071,8.82703971862793
5072,9.370610237121582
5073,10.729320526123047
5074,11.283899307250977
5075,8.773719787597656
5076,6.647750377655029
5077,9.485191345214844
5078,7.831411361694336
5079,9.637256622314453
5080,11.380983352661133
5081,7.519421577453613
5082,12.8688383102417
5083,10.015437126159668
5084,6.615975379943848
5085,8.981560707092285
5086,6.858969688415527
5087,9.091432571411133
5088,12.463361740112305
5089,9.915438652038574
5090,8.70508098602295
5091,12.34834098815918
5092,11.072391510009766
5093,13.957622528076172
5094,17.220571517944336
5095,9.681702613830566
5096,9.21190357208252
5097,9.23743724822998
5098,13.554155349731445
5099,11.263070106506348
5100,11.284692764282227
5101,13.20928955078125
5102,9.979730606079102
5103,10.207694053649902
5104,10.257574081420898
5105,14.817399978637695
5106,9.11401081085205
5107,7.848080635070801
5108,9.3634672164917
5109,10.078849792480469
5110,12.866779327392578
5111,11.325455665588379
5112,14.175114631652832
5113,11.770672798156738
5114,12.498934745788574
5115,8.735787391662598
5116,11.222302436828613
5117,12.612397193908691
5118,7.57874059677124
5119,6.852916240692139
5120,7.691107749938965
5121,10.857316970825195
5122,13.02509880065918
5123,13.627552032470703
5124,10.465006828308105
5125,10.081117630004883
5126,8.442389488220215
5127,11.016274452209473
5128,8.558915138244629
5129,9.818422317504883
5130,6.863777160644531
5131,8.452177047729492
5132,8.522256851196289
5133,8.533021926879883
5134,4.722233772277832
5135,7.711331367492676
5136,8.230753898620605
5137,24.031862258911133
5138,15.864307403564453
5139,7.803861141204834
5140,11.30601978302002
5141,13.564493179321289
5142,13.468185424804688
5143,11.679896354675293
5144,13.520963668823242
5145,8.123835563659668
5146,6.8321661949157715
5147,11.886454582214355
5148,7.763020992279053
5149,10.250783920288086
5150,7.9777679443359375
5151,11.270700454711914
5152,11.570411682128906
5153,10.688380241394043
5154,11.104635238647461
5155,9.838449478149414
5156,13.423844337463379
5157,7.159546852111816
5158,5.4772562980651855
5159,11.187396049499512
5160,7.21842622756958
5161,8.006793975830078
5162,9.698149681091309
5163,8.977973937988281
5164,10.74516487121582
5165,7.487558841705322
5166,10.992393493652344
5167,7.133590221405029
5168,4.04279088973999
5169,5.842541217803955
5170,4.629369258880615
5171,4.717229843139648
5172,11.620551109313965
5173,10.476740837097168
5174,8.43880844116211
5175,11.647839546203613
5176,16.454557418823242
5177,12.16752815246582
5178,10.361591339111328
5179,9.265957832336426
5180,8.919526100158691
5181,12.47097396850586
5182,13.817267417907715
5183,17.209800720214844
5184,18.280248641967773
5185,14.901588439941406
5186,15.235681533813477
5187,21.47311782836914
5188,15.79523754119873
5189,20.832597732543945
5190,9.166136741638184
5191,10.142741203308105
5192,7.850530624389648
5193,29.614538192749023
5194,9.97916316986084
5195,19.111852645874023
5196,11.631139755249023
5197,11.633170127868652
5198,22.70110511779785
5199,16.766740798950195
5200,14.264459609985352
5201,12.999310493469238
5202,13.219395637512207
5203,10.089875221252441
5204,6.115358829498291
5205,6.551970958709717
5206,6.765198707580566
5207,4.680150985717773
5208,8.105956077575684
5209,8.83041763305664
5210,10.262076377868652
5211,5.92937707901001
5212,8.482810974121094
5213,17.201385498046875
5214,9.056254386901855
5215,12.118968963623047
5216,11.335271835327148
5217,10.606666564941406
5218,9.576493263244629
5219,7.069894313812256
5220,8.894956588745117
5221,5.979191303253174
5222,7.995716571807861
5223,9.408865928649902
5224,6.404850006103516
5225,5.434257984161377
5226,12.559490203857422
5227,12.34591293334961
5228,10.656603813171387
5229,17.42827606201172
5230,11.693848609924316
5231,14.719915390014648
5232,11.590567588806152
5233,11.234914779663086
5234,13.815604209899902
5235,10.848835945129395
5236,9.859047889709473
5237,7.5218095779418945
5238,11.15024471282959
5239,11.417834281921387
5240,10.748069763183594
5241,8.430919647216797
5242,11.302563667297363
5243,12.54101276397705
5244,15.03075122833252
5245,10.4866361618042
5246,13.192898750305176
5247,28.330888748168945
5248,14.368282318115234
5249,22.92198944091797
5250,15.962613105773926
5251,11.794966697692871
5252,30.597000122070312
5253,9.6050386428833
5254,11.774429321289062
5255,8.853178024291992
5256,4.784018039703369
5257,9.565704345703125
5258,11.944960594177246
5259,12.525863647460938
5260,14.004328727722168
5261,15.315064430236816
5262,16.204425811767578
5263,17.38187599182129
5264,16.371742248535156
5265,7.618732929229736
5266,8.524530410766602
5267,10.633912086486816
5268,6.143677234649658
5269,9.016329765319824
5270,9.00887680053711
5271,8.78824520111084
5272,8.107505798339844
5273,8.136321067810059
5274,14.207653999328613
5275,9.98024845123291
5276,9.149413108825684
5277,5.869420528411865
5278,9.956660270690918
5279,9.814644813537598
5280,12.71310043334961
5281,10.112554550170898
5282,13.296051025390625
5283,9.154678344726562
5284,13.31421184539795
5285,9.052499771118164
5286,8.570856094360352
5287,6.990065097808838
5288,8.624265670776367
5289,6.405129432678223
5290,7.063982963562012
5291,9.151952743530273
5292,10.136407852172852
5293,11.439714431762695
5294,14.588128089904785
5295,13.583179473876953
5296,5.637227535247803
5297,13.480792999267578
5298,9.215651512145996
5299,14.300738334655762
5300,14.34811019897461
5301,14.546955108642578
5302,16.559234619140625
5303,14.616925239562988
5304,16.342430114746094
5305,10.878527641296387
5306,15.692116737365723
5307,8.887348175048828
5308,5.717105388641357
5309,7.799154758453369
5310,10.673850059509277
5311,10.114568710327148
5312,11.335674285888672
5313,6.551867961883545
5314,10.590900421142578
5315,13.243147850036621
5316,10.842016220092773
5317,7.363324165344238
5318,6.693237781524658
5319,5.23457670211792
5320,6.396080493927002
5321,10.527997970581055
5322,7.005457878112793
5323,10.74105453491211
5324,10.688952445983887
5325,17.21949577331543
5326,29.44593620300293
5327,18.45351219177246
5328,4.0773725509643555
5329,8.841078758239746
5330,7.025619029998779
5331,12.483743667602539
5332,9.197850227355957
5333,10.158143997192383
5334,7.514923095703125
5335,8.474934577941895
5336,6.17884635925293
5337,7.8941874504089355
5338,10.28783893585205
5339,5.43715238571167
5340,4.254970550537109
5341,8.950018882751465
5342,14.18857192993164
5343,10.766408920288086
5344,12.560420989990234
5345,10.413756370544434
5346,18.692113876342773
5347,9.882125854492188
5348,7.579724311828613
5349,12.7418212890625
5350,15.054192543029785
5351,7.845920085906982
5352,6.735472679138184
5353,11.778249740600586
5354,9.951498031616211
5355,11.90293025970459
5356,12.284175872802734
5357,10.047805786132812
5358,12.401808738708496
5359,9.97562026977539
5360,8.693737983703613
5361,10.365127563476562
5362,6.795219421386719
5363,8.044240951538086
5364,9.871261596679688
5365,10.414895057678223
5366,12.870133399963379
5367,22.380855560302734
5368,14.557122230529785
5369,11.893853187561035
5370,19.845613479614258
5371,11.337926864624023
5372,8.957386016845703
5373,8.88195514678955
5374,8.932604789733887
5375,14.595205307006836
5376,10.374481201171875
5377,9.9031343460083
5378,18.433809280395508
5379,15.505577087402344
5380,14.417387008666992
5381,11.610342979431152
5382,12.133546829223633
5383,10.134698867797852
5384,8.53732681274414
5385,13.194499969482422
5386,7.992965221405029
5387,8.260168075561523
5388,10.307255744934082
5389,12.204598426818848
5390,11.394553184509277
5391,7.889492034912109
5392,7.3850884437561035
5393,14.36914348602295
5394,8.825017929077148
5395,8.449883460998535
5396,14.355489730834961
5397,12.199438095092773
5398,18.185937881469727
5399,12.104345321655273
5400,19.066871643066406
5401,11.459003448486328
5402,8.673341751098633
5403,8.350259780883789
5404,6.014109134674072
5405,4.670834541320801
5406,5.550841331481934
5407,5.266664028167725
5408,2.3165571689605713
5409,3.0673065185546875
5410,7.68518590927124
5411,9.336441993713379
5412,10.018592834472656
5413,7.586801052093506
5414,14.622471809387207
5415,8.614044189453125
5416,10.574356079101562
5417,11.479155540466309
5418,11.94492244720459
5419,10.78147029876709
5420,12.149720191955566
5421,10.112992286682129
5422,14.619731903076172
5423,12.090265274047852
5424,8.174006462097168
5425,9.213295936584473
5426,6.9350666999816895
5427,7.564651966094971
5428,20.557619094848633
5429,14.81594181060791
5430,9.544093132019043
5431,11.43966293334961
5432,13.023530960083008
5433,9.914434432983398
5434,11.36822509765625
5435,11.703428268432617
5436,11.212007522583008
5437,16.509859085083008
5438,15.362886428833008
5439,14.434623718261719
5440,13.120055198669434
5441,14.554740905761719
5442,7.66825008392334
5443,6.754349231719971
5444,2.8430440425872803
5445,16.969219207763672
5446,7.59023904800415
5447,4.999861240386963
5448,12.160658836364746
5449,9.679088592529297
5450,7.907195568084717
5451,14.157896995544434
5452,14.452876091003418
5453,9.03829574584961
5454,10.588945388793945
5455,15.754658699035645
5456,6.954078674316406
5457,11.233142852783203
5458,7.269333362579346
5459,11.780241966247559
5460,10.001280784606934
5461,7.189016342163086
5462,8.708654403686523
5463,6.779654502868652
5464,8.538422584533691
5465,9.447680473327637
5466,8.30678939819336
5467,6.395710468292236
5468,8.847554206848145
5469,11.267317771911621
5470,10.646242141723633
5471,13.421222686767578
5472,15.379828453063965
5473,11.898775100708008
5474,12.788708686828613
5475,14.102923393249512
5476,11.746906280517578
5477,9.260215759277344
5478,5.272102355957031
5479,5.21034049987793
5480,7.145788669586182
5481,12.509881973266602
5482,9.905046463012695
5483,16.571786880493164
5484,13.698812484741211
5485,14.618885040283203
5486,16.764738082885742
5487,25.89274024963379
5488,18.711627960205078
5489,14.446105003356934
5490,13.7506103515625
5491,14.263349533081055
5492,17.187185287475586
5493,11.313591003417969
5494,14.791878700256348
5495,10.571828842163086
5496,13.528120040893555
5497,8.818669319152832
5498,11.582876205444336
5499,13.81525707244873
5500,10.284073829650879
5501,12.783431053161621
5502,16.968656539916992
5503,15.394207954406738
5504,16.30600357055664
5505,17.521650314331055
5506,16.01348114013672
5507,15.720511436462402
5508,11.904528617858887
5509,8.163220405578613
5510,10.343062400817871
5511,10.635173797607422
5512,9.775004386901855
5513,11.93593978881836
5514,14.820883750915527
5515,9.600883483886719
5516,14.91821002960205
5517,11.393123626708984
5518,9.431607246398926
5519,15.955571174621582
5520,14.817846298217773
5521,11.194978713989258
5522,16.47397804260254
5523,11.661989212036133
5524,13.603795051574707
5525,13.482071876525879
5526,10.073003768920898
5527,10.145153045654297
5528,8.448445320129395
5529,8.429521560668945
5530,8.48580265045166
5531,15.718066215515137
5532,8.34166145324707
5533,8.453131675720215
5534,10.747465133666992
5535,15.739415168762207
5536,7.351417541503906
5537,5.930991172790527
5538,5.309868335723877
5539,7.569611549377441
5540,16.94327735900879
5541,7.8472771644592285
5542,14.143062591552734
5543,5.38491153717041
5544,3.0495765209198
5545,7.445793151855469
5546,6.861752510070801
5547,6.1010565757751465
5548,8.136813163757324
5549,10.933860778808594
5550,6.717089653015137
5551,9.771798133850098
5552,10.700155258178711
5553,16.268449783325195
5554,18.39889907836914
5555,12.208208084106445
5556,12.805480003356934
5557,16.510547637939453
5558,18.587215423583984
5559,16.77975845336914
5560,12.048432350158691
5561,10.792418479919434
5562,10.129176139831543
5563,8.364753723144531
5564,10.302583694458008
5565,12.22905158996582
5566,23.04914093017578
5567,12.476614952087402
5568,8.459054946899414
5569,4.862015247344971
5570,3.1227428913116455
5571,4.262078285217285
5572,7.587039947509766
5573,6.82870626449585
5574,6.780631065368652
5575,7.673018932342529
5576,9.396517753601074
5577,14.936505317687988
5578,8.482937812805176
5579,13.490012168884277
5580,10.495157241821289
5581,14.733325004577637
5582,7.243913173675537
5583,6.4928717613220215
5584,6.00587272644043
5585,11.833060264587402
5586,10.791091918945312
5587,8.242175102233887
5588,9.566880226135254
5589,20.429492950439453
5590,11.846358299255371
5591,6.706045150756836
5592,8.710701942443848
5593,5.770347595214844
5594,3.9963672161102295
5595,9.876591682434082
5596,13.823689460754395
5597,9.73930835723877
5598,12.368412017822266
5599,13.230789184570312
5600,16.923372268676758
5601,10.100136756896973
5602,7.870604991912842
5603,10.49057674407959
5604,6.787115573883057
5605,6.293215751647949
5606,2.0334973335266113
5607,5.952868938446045
5608,6.907355785369873
5609,11.800506591796875
5610,14.850371360778809
5611,12.147505760192871
5612,13.893438339233398
5613,20.324060440063477
5614,10.506814002990723
5615,23.765743255615234
5616,12.109302520751953
5617,9.372245788574219
5618,21.069339752197266
5619,12.588833808898926
5620,11.90696907043457
5621,15.06013298034668
5622,11.376995086669922
5623,12.777432441711426
5624,8.852055549621582
5625,8.617561340332031
5626,5.325272560119629
5627,7.522068023681641
5628,6.720151901245117
5629,10.027663230895996
5630,10.9953031539917
5631,7.022007942199707
5632,13.07729721069336
5633,12.812891960144043
5634,9.358642578125
5635,11.272224426269531
5636,10.455944061279297
5637,8.580327987670898
5638,5.856167316436768
5639,9.715518951416016
5640,8.532451629638672
5641,6.980357646942139
5642,10.798678398132324
5643,10.387487411499023
5644,8.376959800720215
5645,14.871658325195312
5646,11.523807525634766
5647,11.52808952331543
5648,11.81992244720459
5649,9.230205535888672
5650,9.921486854553223
5651,11.769400596618652
5652,11.819524765014648
5653,14.32608413696289
5654,11.928314208984375
5655,31.340614318847656
5656,9.897175788879395
5657,11.015859603881836
5658,6.160950183868408
5659,4.601703643798828
5660,4.742774963378906
5661,5.870277404785156
5662,8.29374885559082
5663,5.299570083618164
5664,12.341559410095215
5665,11.955218315124512
5666,10.34373664855957
5667,13.404644012451172
5668,3.966322183609009
5669,6.170657157897949
5670,8.071855545043945
5671,11.204800605773926
5672,8.140292167663574
5673,19.5698299407959
5674,13.858282089233398
5675,12.849324226379395
5676,14.931154251098633
5677,13.221457481384277
5678,3.741203546524048
5679,8.313591957092285
5680,4.997361660003662
5681,7.04618501663208
5682,4.043121814727783
5683,10.01196575164795
5684,10.684070587158203
5685,11.377375602722168
5686,14.248879432678223
5687,6.931262493133545
5688,14.377511024475098
5689,12.103713035583496
5690,11.803374290466309
5691,15.495922088623047
5692,12.622651100158691
5693,10.701850891113281
5694,8.262503623962402
5695,15.403311729431152
5696,10.229537963867188
5697,9.090758323669434
5698,3.4974920749664307
5699,4.462372779846191
5700,2.3951213359832764
5701,1.5685395002365112
5702,5.971019268035889
5703,6.085921764373779
5704,10.189552307128906
5705,13.54511833190918
5706,17.25175666809082
5707,20.90838623046875
5708,14.369979858398438
5709,17.494413375854492
5710,15.692075729370117
5711,14.773221969604492
5712,19.974027633666992
5713,10.619680404663086
5714,5.962696075439453
5715,6.868313312530518
5716,6.597909450531006
5717,8.225935935974121
5718,6.544264316558838
5719,7.061453819274902
5720,12.462397575378418
5721,9.52970027923584
5722,8.345070838928223
5723,8.826176643371582
5724,17.95737648010254
5725,18.85618019104004
5726,16.06795310974121
5727,15.210404396057129
5728,9.489269256591797
5729,12.982599258422852
5730,6.384098529815674
5731,9.585658073425293
5732,10.195197105407715
5733,2.979590654373169
5734,3.053011417388916
5735,4.940690040588379
5736,8.314666748046875
5737,12.03997802734375
5738,11.412066459655762
5739,8.457226753234863
5740,15.131616592407227
5741,14.790216445922852
5742,11.010885238647461
5743,17.126359939575195
5744,6.021301746368408
5745,17.11635398864746
5746,14.458518028259277
5747,21.213314056396484
5748,11.651569366455078
5749,10.776464462280273
5750,10.271111488342285
5751,11.349076271057129
5752,19.318981170654297
5753,10.644132614135742
5754,11.898249626159668
5755,10.157571792602539
5756,15.781434059143066
5757,20.64534568786621
5758,16.441957473754883
5759,15.794166564941406
5760,24.193342208862305
5761,20.145030975341797
5762,13.045195579528809
5763,16.910001754760742
5764,9.63711166381836
5765,6.329836368560791
5766,10.406556129455566
5767,14.454450607299805
5768,22.17262840270996
5769,12.407858848571777
5770,12.968338012695312
5771,14.445672988891602
5772,10.545270919799805
5773,23.864322662353516
5774,10.633294105529785
5775,10.374734878540039
5776,7.238058567047119
5777,9.805858612060547
5778,6.208230018615723
5779,11.585067749023438
5780,10.064726829528809
5781,12.099822998046875
5782,8.943726539611816
5783,7.940342426300049
5784,14.920706748962402
5785,10.814279556274414
5786,12.380434036254883
5787,11.445100784301758
5788,13.213393211364746
5789,18.747055053710938
5790,15.044720649719238
5791,14.910664558410645
5792,11.911161422729492
5793,19.271692276000977
5794,19.470375061035156
5795,22.36227798461914
5796,15.356103897094727
5797,10.580831527709961
5798,31.452939987182617
5799,24.78973388671875
5800,14.189002990722656
5801,14.905340194702148
5802,13.38762092590332
5803,8.296867370605469
5804,7.546735763549805
5805,11.504806518554688
5806,12.589681625366211
5807,20.86677360534668
5808,9.877950668334961
5809,7.786469459533691
5810,12.175143241882324
5811,17.098569869995117
5812,12.037577629089355
5813,19.59688377380371
5814,18.380239486694336
5815,15.06891918182373
5816,28.81073570251465
5817,12.5750093460083
5818,7.815856456756592
5819,7.020301818847656
5820,11.39086627960205
5821,6.510954856872559
5822,16.10810661315918
5823,15.679793357849121
5824,11.16927719116211
5825,13.542227745056152
5826,14.834081649780273
5827,3.973522186279297
5828,11.560420036315918
5829,5.141953468322754
5830,5.761155128479004
5831,8.574114799499512
5832,7.603445053100586
5833,17.77790069580078
5834,8.612663269042969
5835,11.569928169250488
5836,12.73460578918457
5837,13.747435569763184
5838,11.02678394317627
5839,8.189473152160645
5840,10.123668670654297
5841,10.408952713012695
5842,17.614030838012695
5843,14.769611358642578
5844,18.561790466308594
5845,14.567726135253906
5846,25.77064323425293
5847,14.754021644592285
5848,13.002737045288086
5849,19.93246841430664
5850,11.64409351348877
5851,2.1029212474823
5852,5.548128128051758
5853,5.098703861236572
5854,6.2505106925964355
5855,7.088071823120117
5856,2.990234375
5857,5.684597969055176
5858,7.911746025085449
5859,4.5566487312316895
5860,5.297188758850098
5861,9.449047088623047
5862,5.798196792602539
5863,12.072564125061035
5864,9.601661682128906
5865,14.656134605407715
5866,9.747247695922852
5867,11.855155944824219
5868,11.88990592956543
5869,16.621335983276367
5870,13.72303295135498
5871,14.689894676208496
5872,9.26318645477295
5873,48.89485549926758
5874,16.20907974243164
5875,12.666791915893555
5876,12.93106460571289
5877,21.391847610473633
5878,11.811226844787598
5879,11.921374320983887
5880,5.13753604888916
5881,5.2967681884765625
5882,7.082698822021484
5883,7.235952854156494
5884,10.263375282287598
5885,14.19251823425293
5886,11.636216163635254
5887,14.615557670593262
5888,15.024063110351562
5889,9.968180656433105
5890,18.816078186035156
5891,9.348276138305664
5892,12.182920455932617
5893,10.099666595458984
5894,10.401185989379883
5895,6.393130302429199
5896,15.279679298400879
5897,9.954235076904297
5898,16.614757537841797
5899,13.3676118850708
5900,7.122896194458008
5901,2.430859088897705
5902,10.12255573272705
5903,7.8970112800598145
5904,11.880134582519531
5905,5.055506706237793
5906,17.040878295898438
5907,15.744451522827148
5908,17.649263381958008
5909,14.858747482299805
5910,25.224618911743164
5911,18.399930953979492
5912,11.647080421447754
5913,11.753095626831055
5914,9.61687183380127
5915,2.9827682971954346
5916,1.8994194269180298
5917,8.64006233215332
5918,9.317216873168945
5919,12.370402336120605
5920,11.187738418579102
5921,9.322729110717773
5922,11.613862037658691
5923,13.356639862060547
5924,13.737994194030762
5925,10.693343162536621
5926,9.898975372314453
5927,14.502889633178711
5928,10.871896743774414
5929,5.795874118804932
5930,10.739301681518555
5931,10.981325149536133
5932,8.280962944030762
5933,9.588284492492676
5934,10.817035675048828
5935,4.510817527770996
5936,1.8411420583724976
5937,13.936752319335938
5938,5.887388229370117
5939,8.45738410949707
5940,18.084993362426758
5941,13.068643569946289
5942,13.924046516418457
5943,10.623942375183105
5944,12.802273750305176
5945,17.871585845947266
5946,14.899972915649414
5947,10.38170337677002
5948,10.743515968322754
5949,14.361152648925781
5950,14.892326354980469
5951,19.213695526123047
5952,12.510546684265137
5953,12.146659851074219
5954,9.706329345703125
5955,8.790576934814453
5956,7.86802864074707
5957,15.664259910583496
5958,12.598101615905762
5959,8.800488471984863
5960,7.5849080085754395
5961,7.9791340827941895
5962,10.903514862060547
5963,4.106649398803711
5964,5.430069923400879
5965,5.937778472900391
5966,5.266810417175293
5967,12.277539253234863
5968,7.488067150115967
5969,12.381834983825684
5970,8.016937255859375
5971,8.78796672821045
5972,11.946948051452637
5973,11.691716194152832
5974,14.260893821716309
5975,12.125743865966797
5976,6.915120601654053
5977,7.239560604095459
5978,14.330870628356934
5979,9.024649620056152
5980,12.309410095214844
5981,15.326465606689453
5982,9.700669288635254
5983,12.839628219604492
5984,5.636444568634033
5985,12.352994918823242
5986,10.128154754638672
5987,11.269986152648926
5988,10.626379013061523
5989,8.795461654663086
5990,14.253028869628906
5991,10.962345123291016
5992,9.21345043182373
5993,16.872947692871094
5994,26.535152435302734
5995,19.519773483276367
5996,15.814545631408691
5997,14.260682106018066
5998,11.959117889404297
5999,9.066187858581543
6000,18.222745895385742
6001,18.68303871154785
6002,20.382368087768555
6003,16.057334899902344
6004,7.779274940490723
6005,10.41534423828125
6006,6.165224552154541
6007,7.792757511138916
6008,9.28502082824707
6009,10.3958101272583
6010,8.287696838378906
6011,10.006345748901367
6012,18.529874801635742
6013,9.733717918395996
6014,14.916084289550781
6015,12.212268829345703
6016,18.446603775024414
6017,14.377730369567871
6018,9.663368225097656
6019,9.569306373596191
6020,11.909318923950195
6021,10.559050559997559
6022,8.838179588317871
6023,12.651226043701172
6024,8.063655853271484
6025,7.248578071594238
6026,8.703514099121094
6027,11.934898376464844
6028,10.13708782196045
6029,8.362164497375488
6030,10.67269515991211
6031,18.85604476928711
6032,14.063547134399414
6033,8.57960033416748
6034,16.614002227783203
6035,14.84508228302002
6036,14.133028030395508
6037,22.17620277404785
6038,9.559579849243164
6039,11.785614013671875
6040,11.378793716430664
6041,10.307549476623535
6042,9.938285827636719
6043,11.496891021728516
6044,8.713330268859863
6045,6.950921535491943
6046,8.639509201049805
6047,6.7874836921691895
6048,7.834320068359375
6049,5.9344482421875
6050,7.663240909576416
6051,10.94627571105957
6052,11.633681297302246
6053,13.7825288772583
6054,17.027233123779297
6055,15.905572891235352
6056,12.992565155029297
6057,9.81045150756836
6058,17.058303833007812
6059,10.667141914367676
6060,8.484964370727539
6061,10.748486518859863
6062,9.303984642028809
6063,9.34206485748291
6064,14.9115571975708
6065,12.409432411193848
6066,9.225946426391602
6067,6.705445766448975
6068,23.479595184326172
6069,10.468274116516113
6070,10.121908187866211
6071,14.994402885437012
6072,12.794103622436523
6073,12.479999542236328
6074,19.247053146362305
6075,12.799800872802734
6076,26.35715103149414
6077,16.560422897338867
6078,14.659900665283203
6079,11.557726860046387
6080,18.427574157714844
6081,9.818806648254395
6082,9.4141263961792
6083,6.791179180145264
6084,5.077859878540039
6085,6.183987617492676
6086,8.35580062866211
6087,10.35998249053955
6088,7.972989082336426
6089,10.552980422973633
6090,3.870965003967285
6091,10.361552238464355
6092,10.308638572692871
6093,9.121146202087402
6094,7.020508289337158
6095,9.88597583770752
6096,22.218505859375
6097,12.101996421813965
6098,14.126740455627441
6099,15.802032470703125
6100,10.981468200683594
6101,8.85841178894043
6102,8.786198616027832
6103,16.19368553161621
6104,16.351346969604492
6105,13.333306312561035
6106,7.39430570602417
6107,8.476969718933105
6108,14.512274742126465
6109,11.756536483764648
6110,10.947165489196777
6111,11.082897186279297
6112,13.050918579101562
6113,8.034419059753418
6114,8.449803352355957
6115,7.61844539642334
6116,8.786383628845215
6117,13.545063018798828
6118,14.824106216430664
6119,10.81773853302002
6120,13.0886812210083
6121,16.516416549682617
6122,16.712209701538086
6123,13.652087211608887
6124,8.55000114440918
6125,10.145959854125977
6126,5.297355651855469
6127,6.576704502105713
6128,11.821878433227539
6129,17.150026321411133
6130,13.237871170043945
6131,13.832587242126465
6132,22.098148345947266
6133,15.503501892089844
6134,13.84308910369873
6135,13.719983100891113
6136,12.287774085998535
6137,9.767251968383789
6138,14.752073287963867
6139,7.983430862426758
6140,9.313429832458496
6141,10.21837329864502
6142,9.795012474060059
6143,7.480988502502441
6144,4.9686102867126465
6145,15.789284706115723
6146,6.050389766693115
6147,7.299890041351318
6148,8.719752311706543
6149,10.757957458496094
6150,18.065956115722656
6151,14.098045349121094
6152,16.164234161376953
6153,12.70054817199707
6154,15.999531745910645
6155,11.714591026306152
6156,15.103575706481934
6157,3.7182817459106445
6158,8.490888595581055
6159,7.322045803070068
6160,11.496047019958496
6161,9.173611640930176
6162,5.63675594329834
6163,7.6630353927612305
6164,7.427553176879883
6165,10.342972755432129
6166,8.40765380859375
6167,9.372794151306152
6168,12.866783142089844
6169,13.161009788513184
6170,19.70301055908203
6171,10.351308822631836
6172,10.860071182250977
6173,14.768980026245117
6174,20.373937606811523
6175,9.023869514465332
6176,10.664010047912598
6177,11.843000411987305
6178,11.676666259765625
6179,7.644346714019775
6180,10.2406644821167
6181,7.290112495422363
6182,11.313045501708984
6183,13.710005760192871
6184,18.47188377380371
6185,18.884286880493164
6186,11.53684139251709
6187,9.941839218139648
6188,5.233103275299072
6189,10.165072441101074
6190,4.038437366485596
6191,6.756462574005127
6192,6.410799026489258
6193,9.34476089477539
6194,8.189337730407715
6195,8.904780387878418
6196,10.730772018432617
6197,10.557827949523926
6198,14.20640754699707
6199,25.932905197143555
6200,24.89497947692871
6201,14.779641151428223
6202,12.251856803894043
6203,8.52767276763916
6204,16.334156036376953
6205,7.389062881469727
6206,8.724992752075195
6207,3.310910940170288
6208,6.118210315704346
6209,6.049439907073975
6210,5.499126434326172
6211,4.734080791473389
6212,10.578023910522461
6213,10.205306053161621
6214,25.528718948364258
6215,21.208955764770508
6216,18.072492599487305
6217,14.159231185913086
6218,16.778554916381836
6219,13.182966232299805
6220,14.66849422454834
6221,21.322118759155273
6222,5.557662487030029
6223,3.440671682357788
6224,3.469942331314087
6225,3.7583141326904297
6226,6.064064025878906
6227,9.510965347290039
6228,9.492475509643555
6229,10.213762283325195
6230,9.178736686706543
6231,12.936153411865234
6232,14.506707191467285
6233,14.89980411529541
6234,15.604194641113281
6235,13.785574913024902
6236,14.506471633911133
6237,20.224571228027344
6238,12.167718887329102
6239,17.178632736206055
6240,9.000792503356934
6241,12.336421012878418
6242,16.521432876586914
6243,5.601075649261475
6244,6.59229850769043
6245,9.448820114135742
6246,9.028204917907715
6247,9.67831039428711
6248,9.9343843460083
6249,11.296792984008789
6250,8.858095169067383
6251,8.937524795532227
6252,8.668133735656738
6253,6.964519500732422
6254,15.158109664916992
6255,11.812420845031738
6256,11.170785903930664
6257,17.30181121826172
6258,16.26618003845215
6259,18.546558380126953
6260,16.351154327392578
6261,15.641913414001465
6262,19.232772827148438
6263,9.904141426086426
6264,13.380853652954102
6265,6.096282005310059
6266,6.368925094604492
6267,4.988157272338867
6268,6.959586143493652
6269,2.224123239517212
6270,3.093287944793701
6271,2.0043087005615234
6272,2.5435919761657715
6273,3.8855667114257812
6274,3.831047296524048
6275,7.647016525268555
6276,15.323013305664062
6277,14.633686065673828
6278,14.001304626464844
6279,16.958589553833008
6280,19.98384666442871
6281,17.841201782226562
6282,18.634462356567383
6283,12.735899925231934
6284,11.711846351623535
6285,8.306129455566406
6286,10.349701881408691
6287,12.883689880371094
6288,11.304144859313965
6289,17.207481384277344
6290,9.727364540100098
6291,23.178699493408203
6292,12.547813415527344
6293,21.77159309387207
6294,8.006229400634766
6295,9.51380729675293
6296,7.987590312957764
6297,10.667159080505371
6298,17.653526306152344
6299,11.143385887145996
6300,11.39463996887207
6301,9.188966751098633
6302,9.604589462280273
6303,8.239035606384277
6304,8.727909088134766
6305,6.062425136566162
6306,9.349081993103027
6307,9.769929885864258
6308,15.632097244262695
6309,10.818669319152832
6310,15.027605056762695
6311,15.764004707336426
6312,10.35995864868164
6313,18.45578956604004
6314,11.685768127441406
6315,12.451653480529785
6316,6.223792552947998
6317,7.56964635848999
6318,10.629825592041016
6319,8.328567504882812
6320,10.742022514343262
6321,8.327080726623535
6322,15.882902145385742
6323,9.587702751159668
6324,16.083904266357422
6325,12.540481567382812
6326,11.078530311584473
6327,9.91141128540039
6328,6.748419284820557
6329,4.264790058135986
6330,9.548468589782715
6331,10.086532592773438
6332,6.062698841094971
6333,7.7104644775390625
6334,11.499592781066895
6335,14.920855522155762
6336,9.693963050842285
6337,10.859288215637207
6338,15.599995613098145
6339,12.652918815612793
6340,13.825011253356934
6341,8.710546493530273
6342,12.613617897033691
6343,19.55834197998047
6344,15.007010459899902
6345,9.313688278198242
6346,10.872711181640625
6347,6.822896957397461
6348,8.364569664001465
6349,3.18239688873291
6350,5.443121433258057
6351,7.306687831878662
6352,9.222681045532227
6353,10.927952766418457
6354,12.5365629196167
6355,12.876923561096191
6356,10.893824577331543
6357,11.833706855773926
6358,11.297252655029297
6359,8.752945899963379
6360,14.06615924835205
6361,17.496551513671875
6362,14.693591117858887
6363,99.03380584716797
6364,20.941650390625
6365,17.651565551757812
6366,23.31414794921875
6367,16.912755966186523
6368,17.145753860473633
6369,16.53690528869629
6370,8.471068382263184
6371,14.411036491394043
6372,8.003397941589355
6373,6.550398349761963
6374,5.271775722503662
6375,14.510085105895996
6376,11.435266494750977
6377,8.913865089416504
6378,6.601652145385742
6379,7.464390277862549
6380,7.61846923828125
6381,2.780928373336792
6382,9.741373062133789
6383,8.34887981414795
6384,7.5974602699279785
6385,12.471794128417969
6386,9.794856071472168
6387,7.319255828857422
6388,10.665107727050781
6389,8.742937088012695
6390,9.31589412689209
6391,6.836643218994141
6392,4.711697578430176
6393,6.254349708557129
6394,7.614287376403809
6395,7.632635116577148
6396,15.818843841552734
6397,11.831077575683594
6398,12.969598770141602
6399,9.907831192016602
6400,7.972402095794678
6401,7.568649768829346
6402,10.503607749938965
6403,4.39687442779541
6404,12.160669326782227
6405,29.7956600189209
6406,14.808638572692871
6407,12.460762023925781
6408,17.98787498474121
6409,12.43625259399414
6410,16.650304794311523
6411,11.945650100708008
6412,9.330401420593262
6413,4.122761249542236
6414,11.454051971435547
6415,10.343541145324707
6416,8.302372932434082
6417,12.031046867370605
6418,12.560678482055664
6419,9.829936981201172
6420,10.833455085754395
6421,16.848434448242188
6422,12.380425453186035
6423,11.901931762695312
6424,6.274789333343506
6425,8.496875762939453
6426,12.131908416748047
6427,12.993080139160156
6428,8.069308280944824
6429,9.860939979553223
6430,8.697575569152832
6431,12.720329284667969
6432,6.8581767082214355
6433,11.404401779174805
6434,10.034954071044922
6435,2.9927968978881836
6436,10.293231010437012
6437,5.499978542327881
6438,7.218538284301758
6439,12.28701400756836
6440,15.448238372802734
6441,12.607877731323242
6442,20.254730224609375
6443,14.651406288146973
6444,14.107759475708008
6445,10.755616188049316
6446,10.493183135986328
6447,15.22275161743164
6448,8.407962799072266
6449,6.9795403480529785
6450,12.474077224731445
6451,11.285853385925293
6452,7.004507541656494
6453,8.500227928161621
6454,12.624826431274414
6455,3.8963754177093506
6456,8.484901428222656
6457,7.952810287475586
6458,6.038273811340332
6459,7.150036811828613
6460,8.860595703125
6461,7.968959808349609
6462,5.53607702255249
6463,2.4535624980926514
6464,13.351823806762695
6465,9.653585433959961
6466,8.413731575012207
6467,5.441794395446777
6468,10.282791137695312
6469,17.569971084594727
6470,17.698598861694336
6471,14.54775619506836
6472,10.5737943649292
6473,20.652414321899414
6474,11.593985557556152
6475,13.9483642578125
6476,12.461556434631348
6477,22.342884063720703
6478,8.374031066894531
6479,9.448105812072754
6480,8.124846458435059
6481,5.844223976135254
6482,7.81705904006958
6483,7.808671951293945
6484,7.384676933288574
6485,8.180537223815918
6486,5.416504859924316
6487,9.529884338378906
6488,7.489241123199463
6489,7.9453444480896
6490,11.370474815368652
6491,12.151145935058594
6492,13.621481895446777
6493,13.68985366821289
6494,15.33919620513916
6495,19.693662643432617
6496,11.344600677490234
6497,5.821662425994873
6498,10.000467300415039
6499,9.09057331085205
6500,7.850607395172119
6501,11.975682258605957
6502,17.1374568939209
6503,12.598228454589844
6504,11.02180004119873
6505,16.123281478881836
6506,11.731535911560059
6507,10.461347579956055
6508,8.905887603759766
6509,11.706001281738281
6510,9.107927322387695
6511,3.6325082778930664
6512,5.691915988922119
6513,4.628787517547607
6514,4.6260199546813965
6515,7.4207987785339355
6516,5.789116382598877
6517,8.793203353881836
6518,14.747525215148926
6519,6.786586761474609
6520,10.348894119262695
6521,14.29853630065918
6522,14.508527755737305
6523,12.74747085571289
6524,17.002531051635742
6525,14.535109519958496
6526,15.984210968017578
6527,12.958935737609863
6528,17.851551055908203
6529,13.1609468460083
6530,15.18968391418457
6531,9.304513931274414
6532,9.587745666503906
6533,2.410531759262085
6534,6.56358528137207
6535,3.4628963470458984
6536,4.687643527984619
6537,0.8372613787651062
6538,10.454747200012207
6539,7.381244659423828
6540,8.45716667175293
6541,7.029934406280518
6542,9.040631294250488
6543,17.306997299194336
6544,15.295928955078125
6545,14.48930835723877
6546,20.668222427368164
6547,16.968425750732422
6548,16.68059539794922
6549,15.900534629821777
6550,15.526811599731445
6551,12.367921829223633
6552,15.841024398803711
6553,10.746012687683105
6554,7.0109076499938965
6555,7.963088035583496
6556,7.9281744956970215
6557,7.844944000244141
6558,5.91082239151001
6559,11.975133895874023
6560,11.124898910522461
6561,10.225214004516602
6562,11.375964164733887
6563,18.02460479736328
6564,12.993075370788574
6565,17.750083923339844
6566,16.602088928222656
6567,15.331999778747559
6568,19.922548294067383
6569,14.78168773651123
6570,23.300752639770508
6571,12.826346397399902
6572,12.845486640930176
6573,7.380300045013428
6574,5.875249862670898
6575,3.019037961959839
6576,5.194406986236572
6577,7.864062309265137
6578,5.861095428466797
6579,21.741989135742188
6580,4.135589599609375
6581,6.399176597595215
6582,6.9497809410095215
6583,8.73090934753418
6584,15.079254150390625
6585,8.615219116210938
6586,10.381468772888184
6587,11.086816787719727
6588,9.249460220336914
6589,14.479262351989746
6590,9.816166877746582
6591,12.827999114990234
6592,12.15909194946289
6593,7.431405067443848
6594,7.078702926635742
6595,8.526427268981934
6596,12.923039436340332
6597,9.092046737670898
6598,12.556092262268066
6599,12.038294792175293
6600,10.798733711242676
6601,13.80044174194336
6602,9.913883209228516
6603,10.247405052185059
6604,13.358739852905273
6605,13.22909927368164
6606,17.77467155456543
6607,13.066915512084961
6608,12.573112487792969
6609,10.63514232635498
6610,15.213796615600586
6611,14.095671653747559
6612,10.382110595703125
6613,9.15738582611084
6614,4.27058744430542
6615,8.456873893737793
6616,3.231733798980713
6617,4.103527545928955
6618,8.154659271240234
6619,10.070556640625
6620,7.925424098968506
6621,9.413939476013184
6622,11.271214485168457
6623,8.951383590698242
6624,8.002768516540527
6625,9.319351196289062
6626,14.271846771240234
6627,13.856962203979492
6628,21.976221084594727
6629,15.55666732788086
6630,12.221063613891602
6631,19.77545738220215
6632,14.564536094665527
6633,13.709819793701172
6634,20.741792678833008
6635,16.43535804748535
6636,9.997183799743652
6637,9.036170959472656
6638,10.718987464904785
6639,8.183948516845703
6640,9.532787322998047
6641,10.187171936035156
6642,7.716950416564941
6643,11.813275337219238
6644,8.859085083007812
6645,9.737495422363281
6646,8.159859657287598
6647,11.330063819885254
6648,15.374588012695312
6649,11.58151626586914
6650,18.666292190551758
6651,21.240419387817383
6652,16.0704345703125
6653,12.948307037353516
6654,16.540010452270508
6655,22.960861206054688
6656,13.799590110778809
6657,9.88883113861084
6658,6.221843242645264
6659,7.806201934814453
6660,3.7902204990386963
6661,7.414783954620361
6662,8.289802551269531
6663,13.645934104919434
6664,8.743169784545898
6665,10.078983306884766
6666,14.634294509887695
6667,11.085606575012207
6668,13.038681983947754
6669,24.168460845947266
6670,12.248398780822754
6671,10.34422779083252
6672,16.74803924560547
6673,8.053934097290039
6674,8.440353393554688
6675,7.306002616882324
6676,6.998438835144043
6677,8.837016105651855
6678,6.046142101287842
6679,11.818832397460938
6680,10.196803092956543
6681,8.561196327209473
6682,14.19883918762207
6683,10.02205753326416
6684,12.421309471130371
6685,8.284817695617676
6686,8.283529281616211
6687,10.754440307617188
6688,6.933522701263428
6689,11.877870559692383
6690,10.193812370300293
6691,15.22115421295166
6692,11.833678245544434
6693,10.282183647155762
6694,11.312844276428223
6695,8.036974906921387
6696,9.009618759155273
6697,13.028717994689941
6698,9.079036712646484
6699,8.84916877746582
6700,4.633378028869629
6701,7.359616279602051
6702,9.762173652648926
6703,20.162790298461914
6704,10.289992332458496
6705,17.9057674407959
6706,18.395580291748047
6707,20.474655151367188
6708,10.877738952636719
6709,8.136764526367188
6710,6.451730251312256
6711,8.834539413452148
6712,5.505734920501709
6713,3.433903455734253
6714,4.682183265686035
6715,8.119529724121094
6716,9.669642448425293
6717,11.260449409484863
6718,6.28173303604126
6719,11.068974494934082
6720,6.937613487243652
6721,9.981131553649902
6722,8.945802688598633
6723,6.311054706573486
6724,9.633511543273926
6725,8.005864143371582
6726,11.786355018615723
6727,9.4636812210083
6728,8.341411590576172
6729,10.910572052001953
6730,11.844322204589844
6731,14.960179328918457
6732,9.705042839050293
6733,12.214792251586914
6734,12.2573823928833
6735,8.681180000305176
6736,6.501014709472656
6737,9.872702598571777
6738,13.109898567199707
6739,9.856056213378906
6740,9.703371047973633
6741,11.750926971435547
6742,11.935873985290527
6743,8.962414741516113
6744,6.837766170501709
6745,7.042351722717285
6746,6.7234086990356445
6747,6.726781368255615
6748,4.936644077301025
6749,16.300697326660156
6750,11.068218231201172
6751,11.24715805053711
6752,11.215513229370117
6753,12.948288917541504
6754,14.30269718170166
6755,17.39576530456543
6756,13.001235961914062
6757,16.06978988647461
6758,11.968602180480957
6759,15.346153259277344
6760,13.519988059997559
6761,14.080141067504883
6762,7.1134562492370605
6763,15.038328170776367
6764,7.589933395385742
6765,13.235738754272461
6766,12.077406883239746
6767,13.435601234436035
6768,10.490119934082031
6769,8.897741317749023
6770,7.799561977386475
6771,10.182509422302246
6772,11.200916290283203
6773,8.018389701843262
6774,12.071161270141602
6775,7.8895158767700195
6776,10.715209007263184
6777,10.362588882446289
6778,11.043266296386719
6779,11.850180625915527
6780,7.477571964263916
6781,11.375287055969238
6782,17.717039108276367
6783,11.576552391052246
6784,15.90637493133545
6785,18.528385162353516
6786,22.66655158996582
6787,17.284996032714844
6788,17.24502944946289
6789,19.155681610107422
6790,13.04489803314209
6791,11.130833625793457
6792,9.770845413208008
6793,10.049797058105469
6794,8.596528053283691
6795,6.631797790527344
6796,8.491683006286621
6797,16.204647064208984
6798,7.563836574554443
6799,11.16200065612793
6800,16.96586799621582
6801,11.688773155212402
6802,10.8159818649292
6803,18.335508346557617
6804,13.821938514709473
6805,11.7058687210083
6806,9.926223754882812
6807,10.48989486694336
6808,23.1958065032959
6809,12.881688117980957
6810,13.50899887084961
6811,16.178985595703125
6812,14.481685638427734
6813,14.25662899017334
6814,12.334508895874023
6815,11.153436660766602
6816,11.524972915649414
6817,16.179948806762695
6818,19.2491397857666
6819,13.78403091430664
6820,24.25350570678711
6821,14.432184219360352
6822,8.773809432983398
6823,16.21138572692871
6824,7.92789363861084
6825,4.774771213531494
6826,3.762239933013916
6827,9.675627708435059
6828,8.403616905212402
6829,13.994215965270996
6830,15.271004676818848
6831,16.115060806274414
6832,15.925870895385742
6833,13.48422908782959
6834,13.171215057373047
6835,15.062772750854492
6836,11.763871192932129
6837,6.723546981811523
6838,4.397113800048828
6839,4.662387371063232
6840,11.133716583251953
6841,6.114016056060791
6842,11.61207103729248
6843,4.714216232299805
6844,6.135673999786377
6845,4.444210052490234
6846,1.049298644065857
6847,7.532085418701172
6848,5.813172340393066
6849,11.926922798156738
6850,13.3583345413208
6851,12.778305053710938
6852,11.032256126403809
6853,14.892297744750977
6854,21.344722747802734
6855,10.701415061950684
6856,17.291566848754883
6857,14.620652198791504
6858,4.723648548126221
6859,3.1876251697540283
6860,4.668570518493652
6861,7.441287517547607
6862,8.938190460205078
6863,10.317155838012695
6864,21.35129165649414
6865,15.036477088928223
6866,11.215295791625977
6867,9.5765962600708
6868,8.830368995666504
6869,11.497492790222168
6870,11.817205429077148
6871,14.068796157836914
6872,8.195569038391113
6873,12.13218879699707
6874,10.742544174194336
6875,16.248376846313477
6876,19.754554748535156
6877,14.161157608032227
6878,16.432756423950195
6879,12.838257789611816
6880,15.22124195098877
6881,16.047767639160156
6882,19.98773193359375
6883,12.136408805847168
6884,12.835424423217773
6885,20.184972763061523
6886,5.133665084838867
6887,4.711531639099121
6888,9.88775634765625
6889,11.888692855834961
6890,4.709266185760498
6891,14.40395450592041
6892,16.230287551879883
6893,16.09689712524414
6894,13.41792106628418
6895,17.412338256835938
6896,17.576683044433594
6897,11.428407669067383
6898,10.73574447631836
6899,13.167189598083496
6900,5.9626898765563965
6901,2.4205193519592285
6902,6.558232307434082
6903,5.921101093292236
6904,6.996921539306641
6905,3.865769624710083
6906,5.5904130935668945
6907,4.4965949058532715
6908,7.74962043762207
6909,8.756036758422852
6910,5.4506916999816895
6911,5.234866619110107
6912,6.745676040649414
6913,13.830002784729004
6914,10.87830638885498
6915,18.502195358276367
6916,15.838067054748535
6917,23.508544921875
6918,16.70465660095215
6919,13.461132049560547
6920,13.134687423706055
6921,19.19089698791504
6922,16.423635482788086
6923,18.175235748291016
6924,16.993234634399414
6925,15.15999698638916
6926,8.262335777282715
6927,8.387191772460938
6928,7.8468828201293945
6929,9.341790199279785
6930,10.21822738647461
6931,7.083512306213379
6932,7.135234355926514
6933,10.372428894042969
6934,7.1247968673706055
6935,10.99595832824707
6936,18.09760093688965
6937,15.837180137634277
6938,22.817474365234375
6939,23.119827270507812
6940,20.515968322753906
6941,13.452611923217773
6942,10.695788383483887
6943,8.341402053833008
6944,7.327939033508301
6945,7.682374954223633
6946,8.83276653289795
6947,8.833724975585938
6948,8.225918769836426
6949,5.824064254760742
6950,17.593393325805664
6951,11.802696228027344
6952,11.962885856628418
6953,8.790249824523926
6954,15.861441612243652
6955,15.710752487182617
6956,16.142187118530273
6957,11.634791374206543
6958,10.269769668579102
6959,12.2910795211792
6960,11.884520530700684
6961,8.830312728881836
6962,6.773623466491699
6963,3.7333693504333496
6964,6.091440677642822
6965,1.3042703866958618
6966,3.514303684234619
6967,4.790366172790527
6968,6.19960880279541
6969,8.003247261047363
6970,5.517516136169434
6971,8.131242752075195
6972,9.798879623413086
6973,11.035150527954102
6974,5.019656181335449
6975,9.614652633666992
6976,6.238694190979004
6977,9.314469337463379
6978,6.411342144012451
6979,11.574838638305664
6980,9.460484504699707
6981,11.673112869262695
6982,9.523760795593262
6983,14.029417037963867
6984,9.24330997467041
6985,9.779033660888672
6986,5.295783042907715
6987,8.075798988342285
6988,8.387663841247559
6989,12.819700241088867
6990,7.118957042694092
6991,13.891444206237793
6992,12.762443542480469
6993,9.392043113708496
6994,9.974796295166016
6995,10.141494750976562
6996,7.189722061157227
6997,5.195788383483887
6998,10.46434211730957
6999,9.012800216674805
7000,23.56224250793457
7001,10.048839569091797
7002,8.080568313598633
7003,11.99933910369873
7004,16.953643798828125
7005,17.146833419799805
7006,5.666866302490234
7007,8.866863250732422
7008,9.80077838897705
7009,9.604422569274902
7010,20.812664031982422
7011,11.08028793334961
7012,17.4158935546875
7013,12.553459167480469
7014,7.615875720977783
7015,16.003122329711914
7016,12.725065231323242
7017,13.177942276000977
7018,16.904054641723633
7019,13.589109420776367
7020,13.191343307495117
7021,18.940824508666992
7022,13.520235061645508
7023,18.565269470214844
7024,14.16153335571289
7025,9.094237327575684
7026,13.425466537475586
7027,4.419544696807861
7028,6.62010383605957
7029,7.508009433746338
7030,7.429363250732422
7031,11.322087287902832
7032,13.691692352294922
7033,8.35533618927002
7034,7.1913065910339355
7035,13.206624984741211
7036,9.792381286621094
7037,10.711541175842285
7038,9.981111526489258
7039,13.109537124633789
7040,6.350109577178955
7041,16.788150787353516
7042,13.189128875732422
7043,11.878473281860352
7044,14.493889808654785
7045,7.113356590270996
7046,11.430325508117676
7047,8.85571002960205
7048,10.452567100524902
7049,5.7800188064575195
7050,11.658356666564941
7051,7.013998985290527
7052,10.543590545654297
7053,16.733800888061523
7054,9.888298988342285
7055,13.350150108337402
7056,16.70330238342285
7057,16.963878631591797
7058,16.240524291992188
7059,19.856082916259766
7060,14.866095542907715
7061,10.549174308776855
7062,12.875199317932129
7063,17.170135498046875
7064,14.79671573638916
7065,10.620755195617676
7066,15.22925853729248
7067,6.362677574157715
7068,9.83303165435791
7069,9.64680290222168
7070,6.766707897186279
7071,11.2315092086792
7072,15.440521240234375
7073,15.185812950134277
7074,14.011801719665527
7075,18.477243423461914
7076,20.214887619018555
7077,21.124095916748047
7078,16.10117530822754
7079,13.776716232299805
7080,10.519800186157227
7081,7.935131549835205
7082,5.931246757507324
7083,8.294650077819824
7084,13.0015230178833
7085,8.643678665161133
7086,10.3316011428833
7087,16.792320251464844
7088,13.973044395446777
7089,11.735827445983887
7090,18.355642318725586
7091,18.36910629272461
7092,12.088037490844727
7093,13.170560836791992
7094,9.098371505737305
7095,10.038857460021973
7096,8.595183372497559
7097,8.812891960144043
7098,6.999027729034424
7099,10.418067932128906
7100,8.800010681152344
7101,9.968585968017578
7102,7.039440155029297
7103,6.199007034301758
7104,12.75736141204834
7105,12.761377334594727
7106,8.590469360351562
7107,7.089765548706055
7108,8.99893856048584
7109,10.820740699768066
7110,10.895867347717285
7111,19.262527465820312
7112,14.01545238494873
7113,8.431866645812988
7114,7.839121341705322
7115,9.445860862731934
7116,13.359115600585938
7117,14.679445266723633
7118,15.417778968811035
7119,14.397258758544922
7120,15.79816722869873
7121,20.037334442138672
7122,11.418549537658691
7123,8.938904762268066
7124,11.23514175415039
7125,11.351999282836914
7126,11.191258430480957
7127,8.22219181060791
7128,10.380636215209961
7129,7.628349304199219
7130,7.066839694976807
7131,9.942146301269531
7132,11.746763229370117
7133,11.865486145019531
7134,10.332634925842285
7135,11.282613754272461
7136,13.547656059265137
7137,22.49077033996582
7138,10.795836448669434
7139,17.592777252197266
7140,14.738214492797852
7141,18.971027374267578
7142,10.685614585876465
7143,17.810640335083008
7144,5.8437724113464355
7145,8.84853744506836
7146,12.816036224365234
7147,8.427886962890625
7148,11.330278396606445
7149,10.242600440979004
7150,8.145413398742676
7151,11.808045387268066
7152,13.652358055114746
7153,10.73342227935791
7154,14.399941444396973
7155,8.517054557800293
7156,6.806821346282959
7157,8.224940299987793
7158,9.804890632629395
7159,8.986054420471191
7160,11.562034606933594
7161,13.201839447021484
7162,16.144412994384766
7163,21.539159774780273
7164,13.624326705932617
7165,18.892057418823242
7166,18.023300170898438
7167,13.130290985107422
7168,17.196626663208008
7169,11.978802680969238
7170,6.074116230010986
7171,8.785877227783203
7172,12.748031616210938
7173,14.062886238098145
7174,11.331074714660645
7175,14.381528854370117
7176,11.234649658203125
7177,6.258087635040283
7178,11.672480583190918
7179,10.543700218200684
7180,8.787872314453125
7181,13.050792694091797
7182,13.471113204956055
7183,12.16954517364502
7184,12.042574882507324
7185,7.160610198974609
7186,16.563194274902344
7187,12.143059730529785
7188,7.108855724334717
7189,5.805501937866211
7190,9.433320999145508
7191,8.062104225158691
7192,4.329605579376221
7193,8.140216827392578
7194,14.749968528747559
7195,7.301188945770264
7196,9.762115478515625
7197,10.300596237182617
7198,10.978504180908203
7199,8.8753080368042
7200,11.047639846801758
7201,13.254129409790039
7202,12.730400085449219
7203,12.171995162963867
7204,14.440887451171875
7205,18.392152786254883
7206,11.883743286132812
7207,13.999809265136719
7208,17.25218391418457
7209,16.179954528808594
7210,10.284079551696777
7211,10.031435012817383
7212,12.269893646240234
7213,10.80836296081543
7214,10.207135200500488
7215,11.682534217834473
7216,10.438209533691406
7217,8.4248046875
7218,5.199007987976074
7219,8.567580223083496
7220,6.867569923400879
7221,5.4870147705078125
7222,8.919366836547852
7223,13.584578514099121
7224,14.608731269836426
7225,21.112821578979492
7226,12.376977920532227
7227,20.163742065429688
7228,10.976459503173828
7229,15.941778182983398
7230,9.349794387817383
7231,7.096158027648926
7232,0.9225368499755859
7233,4.787841320037842
7234,8.807276725769043
7235,5.493184566497803
7236,5.4832868576049805
7237,7.527874946594238
7238,6.637740135192871
7239,7.067756652832031
7240,11.070547103881836
7241,10.521894454956055
7242,8.271424293518066
7243,7.812079429626465
7244,14.166910171508789
7245,13.472787857055664
7246,17.392196655273438
7247,16.186752319335938
7248,16.01748275756836
7249,11.181573867797852
7250,10.228986740112305
7251,10.091269493103027
7252,10.671235084533691
7253,4.960061073303223
7254,8.074273109436035
7255,3.880676031112671
7256,4.716724395751953
7257,6.769806385040283
7258,7.6822028160095215
7259,14.463544845581055
7260,6.246292591094971
7261,5.751612663269043
7262,7.114043712615967
7263,8.037761688232422
7264,14.026884078979492
7265,6.499208450317383
7266,8.792192459106445
7267,8.121206283569336
7268,8.951788902282715
7269,7.050154209136963
7270,13.521900177001953
7271,11.990739822387695
7272,11.186056137084961
7273,13.674117088317871
7274,11.033931732177734
7275,11.463332176208496
7276,13.972917556762695
7277,8.790671348571777
7278,9.592220306396484
7279,13.773633003234863
7280,13.672889709472656
7281,8.495136260986328
7282,9.232523918151855
7283,11.589177131652832
7284,12.976705551147461
7285,7.568540573120117
7286,9.471429824829102
7287,7.974423885345459
7288,12.096332550048828
7289,11.292720794677734
7290,13.675881385803223
7291,18.004261016845703
7292,12.061182022094727
7293,9.927961349487305
7294,10.709328651428223
7295,6.722602367401123
7296,10.330621719360352
7297,9.511839866638184
7298,19.68042755126953
7299,25.811147689819336
7300,10.667691230773926
7301,8.384260177612305
7302,6.071702480316162
7303,9.410867691040039
7304,9.607636451721191
7305,9.081663131713867
7306,7.431462287902832
7307,7.089195728302002
7308,13.054529190063477
7309,11.101244926452637
7310,14.23352336883545
7311,12.427910804748535
7312,11.514701843261719
7313,13.162647247314453
7314,12.291976928710938
7315,8.5065336227417
7316,12.896622657775879
7317,6.4339165687561035
7318,11.24891185760498
7319,10.730056762695312
7320,10.095830917358398
7321,10.740023612976074
7322,9.924272537231445
7323,14.150899887084961
7324,10.88534927368164
7325,10.285001754760742
7326,16.96619415283203
7327,17.867874145507812
7328,23.610017776489258
7329,16.108318328857422
7330,14.238837242126465
7331,15.10228157043457
7332,11.09906005859375
7333,8.96562671661377
7334,6.450927734375
7335,12.914692878723145
7336,7.878139019012451
7337,6.03372859954834
7338,2.6453888416290283
7339,6.336745738983154
7340,5.396295070648193
7341,10.309481620788574
7342,11.734015464782715
7343,17.57058334350586
7344,17.45128059387207
7345,10.043560028076172
7346,13.06635570526123
7347,13.0443115234375
7348,10.257277488708496
7349,12.769434928894043
7350,12.533371925354004
7351,15.497116088867188
7352,6.478265285491943
7353,8.83521556854248
7354,4.5400896072387695
7355,5.339175224304199
7356,4.0939860343933105
7357,6.552062511444092
7358,11.978096961975098
7359,11.641942024230957
7360,16.107284545898438
7361,12.581050872802734
7362,12.056084632873535
7363,13.909265518188477
7364,20.652734756469727
7365,19.813730239868164
7366,16.25684928894043
7367,11.440518379211426
7368,9.825874328613281
7369,5.127416133880615
7370,6.266637325286865
7371,4.091153144836426
7372,5.564084053039551
7373,4.830422878265381
7374,8.131394386291504
7375,12.043903350830078
7376,9.29377555847168
7377,7.58342170715332
7378,11.854483604431152
7379,10.366669654846191
7380,11.646074295043945
7381,10.025140762329102
7382,14.147117614746094
7383,10.42119312286377
7384,10.042441368103027
7385,9.54719352722168
7386,10.56796932220459
7387,14.486363410949707
7388,15.150174140930176
7389,14.414681434631348
7390,23.02530860900879
7391,17.593992233276367
7392,12.95917797088623
7393,15.3737211227417
7394,11.91174030303955
7395,17.163105010986328
7396,14.141280174255371
7397,5.551989555358887
7398,6.419729709625244
7399,7.212073802947998
7400,6.406421184539795
7401,8.819069862365723
7402,15.678017616271973
7403,13.094592094421387
7404,17.34147834777832
7405,14.821588516235352
7406,16.347007751464844
7407,14.661537170410156
7408,17.389415740966797
7409,16.287090301513672
7410,10.11941146850586
7411,10.252925872802734
7412,7.289708137512207
7413,11.794063568115234
7414,4.333350658416748
7415,9.237669944763184
7416,8.20516300201416
7417,5.610597133636475
7418,6.523484706878662
7419,6.801565170288086
7420,8.091439247131348
7421,9.63234806060791
7422,15.341465950012207
7423,21.87973403930664
7424,20.538707733154297
7425,17.754085540771484
7426,14.37677001953125
7427,10.31130313873291
7428,10.228609085083008
7429,11.876424789428711
7430,10.85402774810791
7431,9.938270568847656
7432,13.595041275024414
7433,7.77002477645874
7434,8.231684684753418
7435,12.208382606506348
7436,15.666794776916504
7437,12.124645233154297
7438,12.713813781738281
7439,13.070761680603027
7440,15.173130989074707
7441,10.516557693481445
7442,10.19840145111084
7443,8.471562385559082
7444,13.740335464477539
7445,9.465066909790039
7446,23.21791648864746
7447,13.168079376220703
7448,19.917966842651367
7449,14.449851989746094
7450,12.687703132629395
7451,9.418378829956055
7452,14.836463928222656
7453,16.251100540161133
7454,15.681121826171875
7455,10.735998153686523
7456,9.082889556884766
7457,7.2360429763793945
7458,7.717402935028076
7459,7.164361476898193
7460,8.749369621276855
7461,5.2212114334106445
7462,12.331805229187012
7463,8.98908519744873
7464,16.12090492248535
7465,13.22854995727539
7466,10.623600006103516
7467,16.994779586791992
7468,14.468345642089844
7469,10.53410816192627
7470,13.250421524047852
7471,16.465192794799805
7472,10.567781448364258
7473,7.833530902862549
7474,11.249260902404785
7475,12.279481887817383
7476,8.477387428283691
7477,6.925063610076904
7478,9.499239921569824
7479,7.359912395477295
7480,11.086167335510254
7481,12.572186470031738
7482,10.42426586151123
7483,8.437277793884277
7484,5.96356725692749
7485,8.011711120605469
7486,11.294370651245117
7487,19.8153018951416
7488,10.941306114196777
7489,9.625558853149414
7490,12.107309341430664
7491,7.609060287475586
7492,9.468525886535645
7493,9.422880172729492
7494,7.824810981750488
7495,8.582953453063965
7496,11.087486267089844
7497,15.009076118469238
7498,16.07010269165039
7499,9.883543014526367
7500,8.98007583618164
7501,10.322746276855469
7502,7.95639181137085
7503,6.997847557067871
7504,4.448812007904053
7505,7.380160808563232
7506,16.03411102294922
7507,11.3235502243042
7508,15.035673141479492
7509,16.156965255737305
7510,14.588399887084961
7511,22.418880462646484
7512,15.94092082977295
7513,14.094780921936035
7514,23.56722640991211
7515,12.11133098602295
7516,9.31381607055664
7517,14.762051582336426
7518,9.733016014099121
7519,14.15056037902832
7520,5.977958679199219
7521,7.7905378341674805
7522,4.937839984893799
7523,5.161906719207764
7524,5.963387966156006
7525,11.599231719970703
7526,21.792917251586914
7527,15.504003524780273
7528,12.639650344848633
7529,18.378719329833984
7530,16.982511520385742
7531,16.937658309936523
7532,14.507951736450195
7533,10.755536079406738
7534,11.284273147583008
7535,4.788276672363281
7536,2.936262845993042
7537,5.309499263763428
7538,7.8826985359191895
7539,5.092697620391846
7540,12.379720687866211
7541,11.25688362121582
7542,9.966235160827637
7543,12.554282188415527
7544,15.911272048950195
7545,12.661813735961914
7546,9.863266944885254
7547,7.0505876541137695
7548,7.515039443969727
7549,10.598692893981934
7550,10.566117286682129
7551,13.340682983398438
7552,14.63569164276123
7553,6.642731189727783
7554,7.774837017059326
7555,10.265793800354004
7556,14.03264331817627
7557,11.192191123962402
7558,8.089253425598145
7559,10.058807373046875
7560,11.807229995727539
7561,19.660873413085938
7562,15.194547653198242
7563,13.933150291442871
7564,11.72055721282959
7565,15.064050674438477
7566,6.968449115753174
7567,6.049101829528809
7568,11.71972942352295
7569,8.451647758483887
7570,5.550548553466797
7571,10.484444618225098
7572,16.683141708374023
7573,12.498839378356934
7574,17.02838134765625
7575,25.752290725708008
7576,12.80924129486084
7577,12.694506645202637
7578,10.091081619262695
7579,12.775217056274414
7580,20.892919540405273
7581,19.924856185913086
7582,18.126522064208984
7583,19.324831008911133
7584,24.454084396362305
7585,18.244102478027344
7586,25.993837356567383
7587,14.726597785949707
7588,17.925073623657227
7589,18.26346778869629
7590,8.563759803771973
7591,9.330732345581055
7592,12.446390151977539
7593,7.789529323577881
7594,7.277437210083008
7595,11.480037689208984
7596,6.597658634185791
7597,4.703461647033691
7598,10.74634838104248
7599,4.8489227294921875
7600,5.270662307739258
7601,8.325304985046387
7602,15.199148178100586
7603,19.97982406616211
7604,15.541220664978027
7605,14.061768531799316
7606,22.797866821289062
7607,12.354093551635742
7608,14.477136611938477
7609,4.9956746101379395
7610,6.383739948272705
7611,6.288684368133545
7612,4.674561500549316
7613,7.1363139152526855
7614,9.598186492919922
7615,14.29192066192627
7616,10.230873107910156
7617,17.083560943603516
7618,14.902965545654297
7619,12.298575401306152
7620,12.837695121765137
7621,11.749480247497559
7622,15.563551902770996
7623,9.447178840637207
7624,11.975567817687988
7625,6.4107794761657715
7626,10.836759567260742
7627,6.812067031860352
7628,8.337105751037598
7629,8.932662010192871
7630,14.062015533447266
7631,10.903776168823242
7632,11.138062477111816
7633,16.936410903930664
7634,12.537847518920898
7635,14.72567081451416
7636,15.931742668151855
7637,20.76944351196289
7638,12.9566650390625
7639,15.084709167480469
7640,11.400324821472168
7641,4.977086544036865
7642,8.184013366699219
7643,13.21234130859375
7644,6.914201736450195
7645,9.974008560180664
7646,12.188155174255371
7647,14.240378379821777
7648,19.100894927978516
7649,17.30694580078125
7650,26.981311798095703
7651,12.934861183166504
7652,18.744565963745117
7653,9.774138450622559
7654,6.512322425842285
7655,9.046053886413574
7656,6.902858257293701
7657,15.187702178955078
7658,10.618143081665039
7659,7.325267791748047
7660,6.682235240936279
7661,9.55450439453125
7662,11.704049110412598
7663,12.22978687286377
7664,11.839516639709473
7665,12.270610809326172
7666,15.905610084533691
7667,17.813127517700195
7668,16.025381088256836
7669,16.98973846435547
7670,16.00281524658203
7671,20.050649642944336
7672,13.628571510314941
7673,7.040849685668945
7674,7.269230365753174
7675,8.167842864990234
7676,7.999054908752441
7677,13.632684707641602
7678,13.45672607421875
7679,12.041746139526367
7680,11.931967735290527
7681,7.94714879989624
7682,3.904197931289673
7683,4.34719705581665
7684,6.917338848114014
7685,4.95460319519043
7686,7.340609550476074
7687,9.761811256408691
7688,10.407050132751465
7689,8.584933280944824
7690,15.097729682922363
7691,15.331832885742188
7692,17.298675537109375
7693,19.889286041259766
7694,21.830856323242188
7695,11.773971557617188
7696,13.647602081298828
7697,13.745835304260254
7698,10.097540855407715
7699,10.538301467895508
7700,12.046052932739258
7701,10.59432601928711
7702,16.771562576293945
7703,12.861812591552734
7704,7.96759033203125
7705,8.806666374206543
7706,8.176916122436523
7707,6.37252140045166
7708,10.895215034484863
7709,13.566246032714844
7710,10.2162446975708
7711,18.355607986450195
7712,11.862763404846191
7713,13.786428451538086
7714,11.213013648986816
7715,12.349061012268066
7716,12.404623031616211
7717,23.66743278503418
7718,11.352730751037598
7719,9.184513092041016
7720,11.609347343444824
7721,8.086718559265137
7722,8.19066333770752
7723,15.378290176391602
7724,15.031844139099121
7725,8.429536819458008
7726,6.2543230056762695
7727,2.488377094268799
7728,3.6805014610290527
7729,6.517696380615234
7730,9.420848846435547
7731,13.230436325073242
7732,14.028170585632324
7733,28.14854621887207
7734,17.250675201416016
7735,17.389047622680664
7736,16.41533088684082
7737,14.24160099029541
7738,10.819698333740234
7739,9.72846794128418
7740,6.7059197425842285
7741,7.29813289642334
7742,6.844844341278076
7743,7.184588432312012
7744,8.406015396118164
7745,5.718634128570557
7746,6.9061784744262695
7747,4.4723405838012695
7748,3.257472276687622
7749,4.25560998916626
7750,0.9507654905319214
7751,4.581457138061523
7752,10.062850952148438
7753,8.58017635345459
7754,11.499959945678711
7755,6.358612537384033
7756,10.8493013381958
7757,11.242083549499512
7758,6.052988052368164
7759,8.476155281066895
7760,2.970323085784912
7761,1.528733253479004
7762,4.770477771759033
7763,7.045182704925537
7764,6.847892761230469
7765,9.0111722946167
7766,22.790739059448242
7767,13.160921096801758
7768,29.424684524536133
7769,16.173200607299805
7770,13.37889289855957
7771,13.946212768554688
7772,17.078292846679688
7773,14.800724029541016
7774,13.805115699768066
7775,29.001726150512695
7776,14.695629119873047
7777,18.07552146911621
7778,17.53099250793457
7779,18.625118255615234
7780,12.936080932617188
7781,13.497859001159668
7782,9.739623069763184
7783,11.0855712890625
7784,12.467544555664062
7785,9.031373023986816
7786,8.070513725280762
7787,7.364663124084473
7788,5.289417266845703
7789,9.798646926879883
7790,8.144107818603516
7791,5.728702545166016
7792,7.760539531707764
7793,6.748278617858887
7794,13.262524604797363
7795,17.19703483581543
7796,17.605308532714844
7797,14.240377426147461
7798,18.445709228515625
7799,22.84593963623047
7800,17.513225555419922
7801,22.066347122192383
7802,13.025089263916016
7803,12.44446086883545
7804,11.270798683166504
7805,8.027849197387695
7806,9.028985977172852
7807,5.462096691131592
7808,7.558872222900391
7809,10.444549560546875
7810,7.760577201843262
7811,11.004263877868652
7812,13.549885749816895
7813,11.091547012329102
7814,11.458951950073242
7815,16.64116096496582
7816,16.375629425048828
7817,14.076983451843262
7818,13.048766136169434
7819,15.855141639709473
7820,11.12675952911377
7821,7.817073822021484
7822,7.292456150054932
7823,13.012807846069336
7824,7.938279151916504
7825,10.721936225891113
7826,11.028985977172852
7827,9.00334358215332
7828,11.389007568359375
7829,15.2597017288208
7830,9.713101387023926
7831,18.53263282775879
7832,9.197898864746094
7833,12.270702362060547
7834,13.98574447631836
7835,7.830280303955078
7836,10.629168510437012
7837,12.239171981811523
7838,9.57237434387207
7839,15.357869148254395
7840,18.402952194213867
7841,18.796878814697266
7842,7.301811218261719
7843,8.313122749328613
7844,13.747459411621094
7845,7.884105205535889
7846,12.85073184967041
7847,9.657942771911621
7848,8.670235633850098
7849,9.512737274169922
7850,10.120495796203613
7851,11.178756713867188
7852,11.442343711853027
7853,9.791857719421387
7854,9.328301429748535
7855,10.799381256103516
7856,8.385896682739258
7857,10.222640037536621
7858,10.377038955688477
7859,18.292381286621094
7860,10.459386825561523
7861,12.73518180847168
7862,14.784342765808105
7863,10.388243675231934
7864,23.79050064086914
7865,14.697065353393555
7866,13.351441383361816
7867,8.848362922668457
7868,8.163236618041992
7869,12.443169593811035
7870,9.760289192199707
7871,14.201896667480469
7872,9.363598823547363
7873,11.107789993286133
7874,16.20462989807129
7875,14.236095428466797
7876,7.943580627441406
7877,9.467994689941406
7878,3.0083489418029785
7879,8.718120574951172
7880,9.459282875061035
7881,7.387022018432617
7882,14.86545467376709
7883,26.021007537841797
7884,12.093244552612305
7885,14.060550689697266
7886,10.881739616394043
7887,8.076473236083984
7888,8.711885452270508
7889,11.06253719329834
7890,14.775690078735352
7891,9.699803352355957
7892,15.99681568145752
7893,15.649606704711914
7894,13.195747375488281
7895,16.18242835998535
7896,20.60344123840332
7897,10.853463172912598
7898,11.806808471679688
7899,13.900935173034668
7900,12.121648788452148
7901,11.968400955200195
7902,16.87114715576172
7903,16.913127899169922
7904,16.014066696166992
7905,18.081146240234375
7906,8.860494613647461
7907,10.374847412109375
7908,12.949069023132324
7909,12.107208251953125
7910,8.003371238708496
7911,6.25587272644043
7912,6.930904388427734
7913,14.67391586303711
7914,12.759384155273438
7915,12.28691577911377
7916,18.96653938293457
7917,16.170618057250977
7918,16.092233657836914
7919,10.970760345458984
7920,15.00792121887207
7921,6.549680709838867
7922,6.489795684814453
7923,6.404824256896973
7924,9.166095733642578
7925,20.865482330322266
7926,12.438127517700195
7927,10.610491752624512
7928,18.084590911865234
7929,16.054317474365234
7930,15.28058910369873
7931,29.516342163085938
7932,18.496356964111328
7933,18.877357482910156
7934,24.91716766357422
7935,21.3619441986084
7936,23.905649185180664
7937,15.451685905456543
7938,13.77241039276123
7939,13.101909637451172
7940,11.307522773742676
7941,5.676560878753662
7942,3.512927770614624
7943,10.237281799316406
7944,6.731290340423584
7945,6.0324201583862305
7946,12.90654468536377
7947,17.545766830444336
7948,11.251824378967285
7949,12.38021469116211
7950,9.977803230285645
7951,16.1617431640625
7952,19.478496551513672
7953,19.51326560974121
7954,20.13193130493164
7955,13.220243453979492
7956,9.231019973754883
7957,23.922378540039062
7958,20.447223663330078
7959,13.048608779907227
7960,19.768770217895508
7961,19.228408813476562
7962,18.816162109375
7963,10.818914413452148
7964,11.258098602294922
7965,11.192559242248535
7966,11.576047897338867
7967,5.37045431137085
7968,4.122501850128174
7969,2.974334716796875
7970,3.3103110790252686
7971,5.140823841094971
7972,13.191329956054688
7973,12.345643043518066
7974,10.7307710647583
7975,17.56631851196289
7976,15.78296947479248
7977,21.955516815185547
7978,18.82430648803711
7979,22.31183624267578
7980,16.780174255371094
7981,13.821807861328125
7982,11.42934513092041
7983,3.145719528198242
7984,0.8293187022209167
7985,3.3491084575653076
7986,2.7826802730560303
7987,9.971240997314453
7988,3.272512674331665
7989,6.9411115646362305
7990,10.344508171081543
7991,12.984989166259766
7992,13.241562843322754
7993,11.361055374145508
7994,14.28272533416748
7995,11.415182113647461
7996,13.989835739135742
7997,13.849337577819824
7998,11.332466125488281
7999,10.89306640625
8000,11.00825023651123
8001,12.369536399841309
8002,9.400312423706055
8003,13.613905906677246
8004,14.037349700927734
8005,13.229639053344727
8006,12.52377700805664
8007,11.867746353149414
8008,19.047571182250977
8009,14.970670700073242
8010,6.63307523727417
8011,11.45235824584961
8012,7.435830116271973
8013,10.047831535339355
8014,3.1645641326904297
8015,5.945000171661377
8016,8.089431762695312
8017,11.716150283813477
8018,15.258145332336426
8019,8.386704444885254
8020,9.682868957519531
8021,14.798620223999023
8022,18.189863204956055
8023,18.471254348754883
8024,17.63410758972168
8025,12.679256439208984
8026,9.562919616699219
8027,8.55797290802002
8028,10.341670989990234
8029,5.106461524963379
8030,4.4844069480896
8031,4.0299859046936035
8032,7.469232082366943
8033,8.578420639038086
8034,4.528518199920654
8035,3.9126760959625244
8036,11.533374786376953
8037,12.08320426940918
8038,15.7598295211792
8039,11.735030174255371
8040,17.62815284729004
8041,23.136577606201172
8042,27.686931610107422
8043,16.2684326171875
8044,16.987178802490234
8045,20.756977081298828
8046,9.653047561645508
8047,10.478936195373535
8048,11.898072242736816
8049,8.508016586303711
8050,5.318303108215332
8051,13.73782730102539
8052,13.42746639251709
8053,18.251689910888672
8054,16.942874908447266
8055,14.602324485778809
8056,12.638752937316895
8057,14.870924949645996
8058,8.963869094848633
8059,10.15935230255127
8060,16.461301803588867
8061,16.571399688720703
8062,7.943501949310303
8063,8.828821182250977
8064,10.332788467407227
8065,14.887441635131836
8066,13.864590644836426
8067,15.327882766723633
8068,20.872005462646484
8069,12.831779479980469
8070,13.725275993347168
8071,16.825958251953125
8072,6.552093505859375
8073,17.489089965820312
8074,6.251460552215576
8075,8.787677764892578
8076,5.472296237945557
8077,6.2701544761657715
8078,6.666195869445801
8079,6.947694778442383
8080,12.505001068115234
8081,15.998583793640137
8082,15.945504188537598
8083,20.7943115234375
8084,23.144695281982422
8085,27.412973403930664
8086,17.970417022705078
8087,21.827157974243164
8088,15.973550796508789
8089,15.517508506774902
8090,9.936379432678223
8091,9.895320892333984
8092,9.816965103149414
8093,5.597184658050537
8094,5.8617730140686035
8095,8.047264099121094
8096,15.930188179016113
8097,11.171579360961914
8098,20.0850772857666
8099,17.774616241455078
8100,16.6762638092041
8101,23.804807662963867
8102,20.88194465637207
8103,15.357401847839355
8104,14.30208683013916
8105,6.374924182891846
8106,3.1907882690429688
8107,5.564511775970459
8108,12.041666984558105
8109,9.077731132507324
8110,9.215249061584473
8111,13.236488342285156
8112,7.37714147567749
8113,5.729879856109619
8114,8.973091125488281
8115,7.763847351074219
8116,6.59421968460083
8117,5.301646709442139
8118,4.73837947845459
8119,7.2732768058776855
8120,2.4587395191192627
8121,7.307866096496582
8122,6.910350322723389
8123,10.078716278076172
8124,18.556310653686523
8125,11.726841926574707
8126,26.299518585205078
8127,26.85887908935547
8128,16.508684158325195
8129,13.934937477111816
8130,15.658811569213867
8131,23.26849365234375
8132,14.263906478881836
8133,12.097862243652344
8134,10.76134967803955
8135,9.147052764892578
8136,11.040238380432129
8137,10.805258750915527
8138,6.64705753326416
8139,7.983580112457275
8140,5.75288200378418
8141,10.666460037231445
8142,24.161340713500977
8143,14.594727516174316
8144,15.43338394165039
8145,13.00495719909668
8146,18.444013595581055
8147,21.737916946411133
8148,20.812786102294922
8149,9.793883323669434
8150,6.601439476013184
8151,7.24805212020874
8152,9.778481483459473
8153,7.849390506744385
8154,4.994874000549316
8155,8.171990394592285
8156,10.842068672180176
8157,18.2939510345459
8158,15.092178344726562
8159,13.133502006530762
8160,17.68924331665039
8161,13.053031921386719
8162,15.567319869995117
8163,13.111797332763672
8164,10.5009183883667
8165,10.412604331970215
8166,4.870884418487549
8167,7.486111640930176
8168,7.796509265899658
8169,9.06874942779541
8170,9.612617492675781
8171,12.14389705657959
8172,14.544934272766113
8173,10.645279884338379
8174,9.87781810760498
8175,19.336467742919922
8176,15.455459594726562
8177,15.006654739379883
8178,11.850764274597168
8179,7.965494155883789
8180,7.6750969886779785
8181,5.765741348266602
8182,4.850793838500977
8183,7.150961399078369
8184,9.977124214172363
8185,8.14284896850586
8186,14.154558181762695
8187,13.86324691772461
8188,30.599328994750977
8189,20.392667770385742
8190,22.80082130432129
8191,28.6551513671875
8192,19.40913200378418
8193,20.325468063354492
8194,8.888495445251465
8195,6.600620269775391
8196,4.990678310394287
8197,7.626799583435059
8198,7.2552947998046875
8199,7.9433135986328125
8200,10.257926940917969
8201,8.962106704711914
8202,12.398365020751953
8203,10.379058837890625
8204,13.167007446289062
8205,19.454198837280273
8206,15.848127365112305
8207,21.21526336669922
8208,16.908161163330078
8209,13.329363822937012
8210,13.012726783752441
8211,14.412145614624023
8212,14.043485641479492
8213,6.45142936706543
8214,3.1365861892700195
8215,5.96580696105957
8216,12.056822776794434
8217,11.615933418273926
8218,16.42563819885254
8219,20.917089462280273
8220,25.12417221069336
8221,24.609907150268555
8222,18.930803298950195
8223,19.690406799316406
8224,16.469497680664062
8225,8.397976875305176
8226,14.071073532104492
8227,6.702479362487793
8228,2.6419196128845215
8229,4.379799842834473
8230,2.4134490489959717
8231,3.528846502304077
8232,4.141292572021484
8233,11.360538482666016
8234,6.677272796630859
8235,15.48287296295166
8236,10.374222755432129
8237,11.616271018981934
8238,13.2514066696167
8239,12.86077880859375
8240,13.395895957946777
8241,11.890023231506348
8242,16.147300720214844
8243,10.598435401916504
8244,16.625411987304688
8245,13.848397254943848
8246,15.938353538513184
8247,9.25976276397705
8248,10.994969367980957
8249,9.691547393798828
8250,9.809513092041016
8251,16.22146987915039
8252,12.501871109008789
8253,8.278800964355469
8254,8.541492462158203
8255,7.765081882476807
8256,6.29251766204834
8257,3.7062530517578125
8258,1.0546284914016724
8259,3.6906440258026123
8260,8.930767059326172
8261,13.964183807373047
8262,11.293888092041016
8263,14.578180313110352
8264,13.233449935913086
8265,12.984236717224121
8266,16.46595573425293
8267,10.52906322479248
8268,7.9614176750183105
8269,5.3769917488098145
8270,4.838260650634766
8271,5.452550888061523
8272,5.88080358505249
8273,7.9727959632873535
8274,10.704756736755371
8275,9.803115844726562
8276,7.275813579559326
8277,8.64452075958252
8278,9.88014030456543
8279,6.266879081726074
8280,7.096370220184326
8281,10.476093292236328
8282,18.36751365661621
8283,18.87622833251953
8284,16.610925674438477
8285,20.2098331451416
8286,14.783398628234863
8287,11.242411613464355
8288,14.610895156860352
8289,12.489581108093262
8290,16.90169906616211
8291,8.79185676574707
8292,8.780494689941406
8293,7.0791707038879395
8294,8.14650821685791
8295,8.938142776489258
8296,12.729745864868164
8297,9.519737243652344
8298,11.520512580871582
8299,8.014264106750488
8300,9.373133659362793
8301,13.15812873840332
8302,11.864295959472656
8303,13.361727714538574
8304,16.051237106323242
8305,10.687917709350586
8306,16.005727767944336
8307,13.750205993652344
8308,8.382268905639648
8309,10.937973022460938
8310,11.853254318237305
8311,22.032058715820312
8312,14.252853393554688
8313,16.709636688232422
8314,10.305590629577637
8315,9.601767539978027
8316,12.526957511901855
8317,12.959457397460938
8318,7.217405796051025
8319,4.108880043029785
8320,6.9039812088012695
8321,7.207890510559082
8322,9.600977897644043
8323,7.899548053741455
8324,21.631620407104492
8325,21.508769989013672
8326,19.5856876373291
8327,26.020687103271484
8328,27.022356033325195
8329,16.590967178344727
8330,17.9658260345459
8331,14.928905487060547
8332,15.7338285446167
8333,10.050281524658203
8334,6.84446382522583
8335,7.153069019317627
8336,10.899592399597168
8337,18.194568634033203
8338,15.776424407958984
8339,13.298883438110352
8340,11.471435546875
8341,7.74554967880249
8342,8.924553871154785
8343,8.648879051208496
8344,14.038763999938965
8345,17.71193504333496
8346,20.24419403076172
8347,10.377961158752441
8348,18.26685333251953
8349,18.063148498535156
8350,16.813175201416016
8351,18.976612091064453
8352,20.50969886779785
8353,22.06538963317871
8354,13.234801292419434
8355,19.818498611450195
8356,10.895586013793945
8357,15.304031372070312
8358,10.001782417297363
8359,13.153152465820312
8360,15.594518661499023
8361,11.33525276184082
8362,6.9689812660217285
8363,8.74990463256836
8364,9.986953735351562
8365,13.196383476257324
8366,14.72091007232666
8367,8.031475067138672
8368,15.550236701965332
8369,17.033723831176758
8370,19.158212661743164
8371,14.945902824401855
8372,15.114272117614746
8373,17.63951301574707
8374,13.695313453674316
8375,8.889778137207031
8376,12.362235069274902
8377,11.932494163513184
8378,12.146618843078613
8379,13.288712501525879
8380,19.537206649780273
8381,25.845766067504883
8382,15.877540588378906
8383,14.85172176361084
8384,14.490132331848145
8385,9.538626670837402
8386,12.848021507263184
8387,17.86638832092285
8388,16.228656768798828
8389,11.985797882080078
8390,10.78623104095459
8391,17.608163833618164
8392,13.956676483154297
8393,13.352771759033203
8394,8.354463577270508
8395,9.407807350158691
8396,8.566723823547363
8397,8.074249267578125
8398,6.449427604675293
8399,7.803252220153809
8400,8.961854934692383
8401,10.368755340576172
8402,14.248026847839355
8403,10.903059005737305
8404,17.055450439453125
8405,7.032463073730469
8406,7.754295349121094
8407,6.98577880859375
8408,5.19731330871582
8409,8.613926887512207
8410,12.40853214263916
8411,12.721208572387695
8412,11.513011932373047
8413,12.723688125610352
8414,14.03637409210205
8415,16.979352951049805
8416,15.791695594787598
8417,19.711158752441406
8418,15.158374786376953
8419,4.540138244628906
8420,9.491395950317383
8421,8.574565887451172
8422,10.962655067443848
8423,15.774528503417969
8424,12.439970016479492
8425,10.992523193359375
8426,11.566570281982422
8427,6.272863388061523
8428,8.7852144241333
8429,9.149347305297852
8430,16.79927635192871
8431,16.02861976623535
8432,22.264936447143555
8433,22.29801368713379
8434,19.983604431152344
8435,21.794466018676758
8436,18.166704177856445
8437,19.200632095336914
8438,15.379504203796387
8439,12.475074768066406
8440,12.124706268310547
8441,7.800868034362793
8442,8.6337251663208
8443,11.46975040435791
8444,10.273921012878418
8445,13.570127487182617
8446,10.758993148803711
8447,9.386845588684082
8448,12.515129089355469
8449,8.7584228515625
8450,10.712138175964355
8451,13.752294540405273
8452,16.199703216552734
8453,16.74567222595215
8454,18.731449127197266
8455,15.018274307250977
8456,22.081785202026367
8457,18.524608612060547
8458,15.214198112487793
8459,13.747892379760742
8460,15.82172966003418
8461,13.79194450378418
8462,11.388650894165039
8463,12.125606536865234
8464,13.972997665405273
8465,13.800724983215332
8466,15.461893081665039
8467,10.890888214111328
8468,12.242146492004395
8469,9.789606094360352
8470,12.636357307434082
8471,10.276222229003906
8472,6.277867317199707
8473,8.630400657653809
8474,13.292245864868164
8475,14.118206977844238
8476,16.094806671142578
8477,21.904190063476562
8478,12.942657470703125
8479,11.119038581848145
8480,11.410904884338379
8481,8.753151893615723
8482,3.8272461891174316
8483,11.797525405883789
8484,5.047538757324219
8485,6.874848365783691
8486,8.916849136352539
8487,14.030691146850586
8488,11.771849632263184
8489,12.955528259277344
8490,17.139169692993164
8491,12.130764961242676
8492,14.178281784057617
8493,13.182814598083496
8494,9.369388580322266
8495,16.830322265625
8496,14.796605110168457
8497,16.74834632873535
8498,11.983221054077148
8499,16.525959014892578
8500,16.680419921875
8501,14.226436614990234
8502,13.8698148727417
8503,10.778603553771973
8504,14.72169303894043
8505,7.47352409362793
8506,7.782793045043945
8507,8.779484748840332
8508,8.009773254394531
8509,9.70732593536377
8510,20.93627166748047
8511,10.834049224853516
8512,12.0550537109375
8513,18.467500686645508
8514,9.779378890991211
8515,17.895408630371094
8516,18.491098403930664
8517,10.828580856323242
8518,19.659360885620117
8519,10.226632118225098
8520,4.984187602996826
8521,15.112857818603516
8522,15.801444053649902
8523,8.032212257385254
8524,6.3253302574157715
8525,9.475826263427734
8526,18.076419830322266
8527,13.891227722167969
8528,15.289772033691406
8529,18.27242660522461
8530,13.067901611328125
8531,14.98755931854248
8532,17.146377563476562
8533,6.721245288848877
8534,10.73749828338623
8535,8.787590980529785
8536,7.304503440856934
8537,8.793474197387695
8538,9.639875411987305
8539,9.637584686279297
8540,12.29234790802002
8541,11.326545715332031
8542,10.951722145080566
8543,6.529240608215332
8544,8.375097274780273
8545,14.933792114257812
8546,8.744460105895996
8547,11.030652046203613
8548,8.907469749450684
8549,7.691199779510498
8550,8.630127906799316
8551,5.678232669830322
8552,7.001012802124023
8553,7.755009651184082
8554,3.795231819152832
8555,2.52695369720459
8556,6.188071250915527
8557,5.509502410888672
8558,9.202256202697754
8559,8.938253402709961
8560,11.236310005187988
8561,15.30539321899414
8562,14.2205228805542
8563,16.727977752685547
8564,9.720193862915039
8565,12.182299613952637
8566,11.621642112731934
8567,11.235008239746094
8568,8.870762825012207
8569,8.960083961486816
8570,10.565199851989746
8571,14.14931583404541
8572,13.86072826385498
8573,24.133390426635742
8574,17.83355140686035
8575,21.324777603149414
8576,17.132619857788086
8577,15.19899845123291
8578,10.815465927124023
8579,12.282157897949219
8580,18.64423179626465
8581,13.09112548828125
8582,10.426980018615723
8583,5.930734634399414
8584,5.515506267547607
8585,5.7926926612854
8586,4.828714370727539
8587,11.070402145385742
8588,8.50609302520752
8589,8.216123580932617
8590,13.168240547180176
8591,19.888498306274414
8592,16.647689819335938
8593,15.645661354064941
8594,17.157442092895508
8595,19.84959602355957
8596,9.028289794921875
8597,8.56413459777832
8598,7.097540378570557
8599,8.17502212524414
8600,7.642813205718994
8601,7.312174320220947
8602,5.956094741821289
8603,4.940219879150391
8604,3.5393099784851074
8605,3.4766736030578613
8606,5.74294376373291
8607,9.472770690917969
8608,4.351212501525879
8609,9.227859497070312
8610,11.860591888427734
8611,12.298677444458008
8612,22.307130813598633
8613,21.052749633789062
8614,18.064043045043945
8615,15.356058120727539
8616,19.585208892822266
8617,21.418500900268555
8618,16.456586837768555
8619,15.462964057922363
8620,9.948880195617676
8621,11.863776206970215
8622,18.66104507446289
8623,11.726147651672363
8624,9.55835247039795
8625,7.456277847290039
8626,11.403494834899902
8627,8.421753883361816
8628,9.526978492736816
8629,4.485525608062744
8630,2.2427501678466797
8631,3.7757725715637207
8632,9.14245319366455
8633,14.09499454498291
8634,12.466412544250488
8635,14.533827781677246
8636,15.718914031982422
8637,18.552139282226562
8638,17.745336532592773
8639,21.50301742553711
8640,16.134904861450195
8641,16.094284057617188
8642,9.590572357177734
8643,11.597105979919434
8644,7.7117390632629395
8645,5.332611560821533
8646,8.490492820739746
8647,3.3756442070007324
8648,11.730978012084961
8649,9.119976043701172
8650,14.010875701904297
8651,22.63509750366211
8652,13.957295417785645
8653,18.26454734802246
8654,22.96914291381836
8655,17.27468490600586
8656,20.803316116333008
8657,26.377788543701172
8658,31.871614456176758
8659,21.72795867919922
8660,11.05046272277832
8661,11.24355411529541
8662,9.503487586975098
8663,2.2438948154449463
8664,5.579359531402588
8665,9.073333740234375
8666,7.800909042358398
8667,5.719186782836914
8668,7.005331039428711
8669,9.88955307006836
8670,13.287531852722168
8671,11.553736686706543
8672,15.751797676086426
8673,11.315279006958008
8674,14.882046699523926
8675,8.43189525604248
8676,9.24555778503418
8677,20.525001525878906
8678,6.018665790557861
8679,8.940910339355469
8680,12.04318618774414
8681,10.215418815612793
8682,13.618325233459473
8683,9.154556274414062
8684,10.38300609588623
8685,9.095664024353027
8686,14.228720664978027
8687,15.029212951660156
8688,14.55272102355957
8689,12.528376579284668
8690,15.79563045501709
8691,12.295519828796387
8692,12.156547546386719
8693,7.65739107131958
8694,5.9043192863464355
8695,12.211915969848633
8696,19.877744674682617
8697,8.418281555175781
8698,15.333223342895508
8699,12.468375205993652
8700,13.524102210998535
8701,15.25019359588623
8702,16.3370304107666
8703,25.52783203125
8704,19.458532333374023
8705,10.86252498626709
8706,8.367984771728516
8707,11.922038078308105
8708,12.559919357299805
8709,5.748398780822754
8710,14.264883995056152
8711,15.538468360900879
8712,15.879555702209473
8713,15.057363510131836
8714,22.467485427856445
8715,15.940235137939453
8716,15.62249755859375
8717,21.857606887817383
8718,11.726646423339844
8719,18.108247756958008
8720,10.808794975280762
8721,11.303851127624512
8722,12.539618492126465
8723,9.35754108428955
8724,10.636019706726074
8725,15.919703483581543
8726,19.892257690429688
8727,10.95350456237793
8728,14.065080642700195
8729,15.829354286193848
8730,12.33242130279541
8731,9.812982559204102
8732,8.822212219238281
8733,12.542513847351074
8734,9.522126197814941
8735,8.655009269714355
8736,8.64149284362793
8737,11.248348236083984
8738,8.884061813354492
8739,8.30038070678711
8740,8.806999206542969
8741,16.64377212524414
8742,15.170405387878418
8743,24.420692443847656
8744,19.56424331665039
8745,27.8485164642334
8746,22.64242935180664
8747,22.311790466308594
8748,13.027802467346191
8749,11.687426567077637
8750,12.460652351379395
8751,12.870271682739258
8752,8.221915245056152
8753,12.742412567138672
8754,9.234951972961426
8755,5.1441850662231445
8756,6.686463356018066
8757,8.312421798706055
8758,14.313483238220215
8759,13.388321876525879
8760,21.312490463256836
8761,17.61475944519043
8762,17.41524314880371
8763,14.57068157196045
8764,18.070573806762695
8765,15.218178749084473
8766,16.671688079833984
8767,17.65538215637207
8768,9.54150104522705
8769,4.642113208770752
8770,11.37411880493164
8771,6.994551658630371
8772,10.285696029663086
8773,11.839680671691895
8774,22.735008239746094
8775,27.241884231567383
8776,15.414222717285156
8777,19.442882537841797
8778,16.92164421081543
8779,10.616397857666016
8780,13.767287254333496
8781,15.96694278717041
8782,15.269462585449219
8783,10.197336196899414
8784,20.97738265991211
8785,10.213645935058594
8786,9.68605899810791
8787,9.630636215209961
8788,9.103052139282227
8789,5.4313459396362305
8790,5.752283573150635
8791,8.826943397521973
8792,7.690019607543945
8793,12.591655731201172
8794,16.341873168945312
8795,10.634127616882324
8796,9.968643188476562
8797,7.4536614418029785
8798,9.939862251281738
8799,15.865525245666504
8800,13.04350757598877
8801,8.263971328735352
8802,10.928703308105469
8803,16.39753532409668
8804,8.570083618164062
8805,11.567401885986328
8806,14.049242973327637
8807,14.533446311950684
8808,17.52859115600586
8809,17.44783592224121
8810,16.62520980834961
8811,12.936613082885742
8812,9.051395416259766
8813,9.724469184875488
8814,15.390392303466797
8815,16.93922996520996
8816,13.854618072509766
8817,8.218467712402344
8818,5.853704929351807
8819,14.262725830078125
8820,14.676637649536133
8821,15.968520164489746
8822,16.51532745361328
8823,13.31036376953125
8824,11.846701622009277
8825,16.519155502319336
8826,12.533270835876465
8827,9.562398910522461
8828,8.13046646118164
8829,5.547285079956055
8830,6.76190185546875
8831,7.660642623901367
8832,7.609921455383301
8833,4.4906392097473145
8834,8.215106964111328
8835,6.744806289672852
8836,12.79051685333252
8837,10.088839530944824
8838,12.81041145324707
8839,18.505422592163086
8840,14.452224731445312
8841,15.402409553527832
8842,15.95120620727539
8843,7.620678901672363
8844,11.857741355895996
8845,10.743997573852539
8846,16.61849021911621
8847,17.095163345336914
8848,20.203243255615234
8849,10.184114456176758
8850,13.883435249328613
8851,18.728605270385742
8852,23.353240966796875
8853,15.6403169631958
8854,17.035842895507812
8855,19.180099487304688
8856,19.54478645324707
8857,10.91277027130127
8858,13.68614387512207
8859,10.023894309997559
8860,7.595191955566406
8861,9.346096992492676
8862,5.053860187530518
8863,9.82699966430664
8864,7.458868026733398
8865,13.680766105651855
8866,14.86088752746582
8867,14.29746150970459
8868,11.730951309204102
8869,11.243664741516113
8870,8.94499397277832
8871,7.800137519836426
8872,14.857819557189941
8873,11.981304168701172
8874,11.170178413391113
8875,10.722471237182617
8876,16.381591796875
8877,18.05953025817871
8878,15.949856758117676
8879,17.36000633239746
8880,16.507156372070312
8881,22.70775032043457
8882,17.579404830932617
8883,17.247861862182617
8884,20.029674530029297
8885,13.129082679748535
8886,9.714789390563965
8887,15.917819023132324
8888,9.48579216003418
8889,12.866195678710938
8890,8.520197868347168
8891,13.778119087219238
8892,12.9822998046875
8893,9.689519882202148
8894,11.935017585754395
8895,10.353763580322266
8896,13.508157730102539
8897,16.781003952026367
8898,17.541641235351562
8899,12.151244163513184
8900,16.319171905517578
8901,18.83785057067871
8902,14.056066513061523
8903,12.558356285095215
8904,17.344989776611328
8905,12.701727867126465
8906,11.358885765075684
8907,15.39309310913086
8908,13.341196060180664
8909,14.557629585266113
8910,10.674967765808105
8911,8.034775733947754
8912,24.00345230102539
8913,11.935327529907227
8914,13.556719779968262
8915,7.947131156921387
8916,9.236542701721191
8917,2.0576515197753906
8918,2.1192970275878906
8919,8.915953636169434
8920,15.447035789489746
8921,11.164432525634766
8922,9.355998992919922
8923,9.139251708984375
8924,18.733667373657227
8925,17.838346481323242
8926,19.78419303894043
8927,17.603166580200195
8928,14.930777549743652
8929,15.00216007232666
8930,8.808893203735352
8931,20.789831161499023
8932,12.032476425170898
8933,8.15450382232666
8934,7.552944660186768
8935,15.990431785583496
8936,13.845025062561035
8937,7.283902168273926
8938,6.7259345054626465
8939,12.00668716430664
8940,18.54010009765625
8941,15.07056713104248
8942,16.396915435791016
8943,17.854080200195312
8944,19.545507431030273
8945,21.332735061645508
8946,27.557409286499023
8947,15.076116561889648
8948,15.611687660217285
8949,17.98976707458496
8950,13.011591911315918
8951,18.99686622619629
8952,9.85957145690918
8953,14.511216163635254
8954,6.698281288146973
8955,8.509092330932617
8956,13.27628231048584
8957,19.610204696655273
8958,25.143329620361328
8959,13.222343444824219
8960,15.41555404663086
8961,15.543221473693848
8962,15.134894371032715
8963,18.52467155456543
8964,21.506574630737305
8965,23.314008712768555
8966,16.258878707885742
8967,12.651965141296387
8968,15.526647567749023
8969,9.173450469970703
8970,12.70553970336914
8971,2.8745648860931396
8972,4.2140936851501465
8973,7.670957565307617
8974,9.741559982299805
8975,6.207326889038086
8976,11.08541488647461
8977,7.206447601318359
8978,7.099884986877441
8979,15.06955337524414
8980,15.534444808959961
8981,12.019726753234863
8982,12.357443809509277
8983,18.423328399658203
8984,17.544910430908203
8985,16.48135757446289
8986,20.418663024902344
8987,15.938823699951172
8988,20.00282859802246
8989,20.11347770690918
8990,11.326749801635742
8991,10.084997177124023
8992,4.6652703285217285
8993,9.49575138092041
8994,5.989108562469482
8995,8.335365295410156
8996,8.642861366271973
8997,7.310020923614502
8998,11.36991024017334
8999,11.787614822387695
9000,13.457451820373535
9001,11.930418014526367
9002,18.252275466918945
9003,16.035987854003906
9004,24.325424194335938
9005,13.95708179473877
9006,14.736698150634766
9007,14.775664329528809
9008,14.133161544799805
9009,26.160524368286133
9010,13.22004508972168
9011,12.675674438476562
9012,16.035388946533203
9013,18.146656036376953
9014,16.952739715576172
9015,14.05805492401123
9016,13.285512924194336
9017,15.20838451385498
9018,11.580571174621582
9019,11.21424388885498
9020,11.180123329162598
9021,8.915205001831055
9022,9.25776481628418
9023,7.512330055236816
9024,10.224964141845703
9025,14.715436935424805
9026,11.019499778747559
9027,15.790778160095215
9028,14.30539608001709
9029,14.25208854675293
9030,12.675575256347656
9031,17.74155616760254
9032,11.21983814239502
9033,14.03105354309082
9034,20.200653076171875
9035,12.627320289611816
9036,15.365373611450195
9037,25.551050186157227
9038,27.118974685668945
9039,10.557279586791992
9040,11.119871139526367
9041,9.022984504699707
9042,15.917810440063477
9043,5.837794780731201
9044,8.328922271728516
9045,5.015901565551758
9046,9.557302474975586
9047,14.097257614135742
9048,16.656787872314453
9049,16.209394454956055
9050,9.041568756103516
9051,7.360735893249512
9052,6.384335994720459
9053,8.30086612701416
9054,6.245589733123779
9055,13.340636253356934
9056,11.575521469116211
9057,14.195361137390137
9058,11.612700462341309
9059,14.834100723266602
9060,11.985306739807129
9061,15.417251586914062
9062,17.13873863220215
9063,15.510866165161133
9064,16.198057174682617
9065,10.490246772766113
9066,11.612020492553711
9067,12.759285926818848
9068,18.55138397216797
9069,18.876766204833984
9070,28.545597076416016
9071,21.933565139770508
9072,14.509238243103027
9073,16.473388671875
9074,10.597678184509277
9075,5.821374893188477
9076,5.960524559020996
9077,7.0948872566223145
9078,16.194847106933594
9079,24.22349739074707
9080,13.122868537902832
9081,13.74260139465332
9082,19.412622451782227
9083,10.252787590026855
9084,21.7252254486084
9085,20.35669708251953
9086,14.184478759765625
9087,13.051161766052246
9088,9.754799842834473
9089,11.338549613952637
9090,15.214874267578125
9091,11.181977272033691
9092,12.934779167175293
9093,15.352465629577637
9094,15.724614143371582
9095,18.71489715576172
9096,13.715475082397461
9097,18.901933670043945
9098,18.689363479614258
9099,15.524365425109863
9100,14.237095832824707
9101,13.87602424621582
9102,14.909841537475586
9103,13.572097778320312
9104,17.937002182006836
9105,9.911598205566406
9106,14.28320598602295
9107,8.498008728027344
9108,9.751395225524902
9109,8.798959732055664
9110,7.031473159790039
9111,12.013978004455566
9112,9.397164344787598
9113,15.655674934387207
9114,11.803118705749512
9115,11.927525520324707
9116,9.35716438293457
9117,7.591674327850342
9118,9.446313858032227
9119,6.115267276763916
9120,5.704078674316406
9121,8.44377613067627
9122,6.556583881378174
9123,6.952565670013428
9124,7.011685371398926
9125,10.342450141906738
9126,11.864495277404785
9127,12.086063385009766
9128,9.078754425048828
9129,9.562919616699219
9130,13.215468406677246
9131,11.950482368469238
9132,13.335399627685547
9133,16.018352508544922
9134,12.989494323730469
9135,14.628013610839844
9136,16.557130813598633
9137,11.145133972167969
9138,8.403369903564453
9139,9.337544441223145
9140,11.463854789733887
9141,9.157477378845215
9142,8.759110450744629
9143,16.362590789794922
9144,21.401647567749023
9145,15.34715461730957
9146,16.23512840270996
9147,15.127142906188965
9148,20.437458038330078
9149,11.39814281463623
9150,13.642049789428711
9151,10.515782356262207
9152,9.109050750732422
9153,7.849953651428223
9154,14.433106422424316
9155,8.193255424499512
9156,11.384342193603516
9157,8.847813606262207
9158,9.302074432373047
9159,10.881840705871582
9160,6.4332427978515625
9161,12.373746871948242
9162,14.155757904052734
9163,17.139060974121094
9164,14.165982246398926
9165,17.28268051147461
9166,19.26901626586914
9167,15.400394439697266
9168,16.109291076660156
9169,15.7142915725708
9170,7.757959842681885
9171,11.82421588897705
9172,13.057087898254395
9173,12.210369110107422
9174,9.210738182067871
9175,13.366809844970703
9176,12.472821235656738
9177,13.763998031616211
9178,12.630562782287598
9179,7.285913944244385
9180,7.243165969848633
9181,10.65634536743164
9182,6.981673717498779
9183,5.281149864196777
9184,15.656219482421875
9185,11.289563179016113
9186,14.166529655456543
9187,17.24418067932129
9188,12.523162841796875
9189,16.46171760559082
9190,8.751964569091797
9191,10.851807594299316
9192,8.004411697387695
9193,7.404096603393555
9194,6.59584903717041
9195,4.8792033195495605
9196,7.763312339782715
9197,15.616303443908691
9198,12.24989128112793
9199,14.461255073547363
9200,10.120467185974121
9201,15.69196891784668
9202,8.45810317993164
9203,13.9399995803833
9204,9.776232719421387
9205,21.490446090698242
9206,22.492691040039062
9207,19.94890785217285
9208,15.664153099060059
9209,18.202381134033203
9210,16.57549285888672
9211,11.623046875
9212,8.519905090332031
9213,5.774907112121582
9214,9.961472511291504
9215,7.634993076324463
9216,9.942559242248535
9217,10.15556526184082
9218,26.389028549194336
9219,18.36016845703125
9220,20.482425689697266
9221,22.21701431274414
9222,20.631105422973633
9223,31.887868881225586
9224,17.84700584411621
9225,18.52251434326172
9226,19.34303855895996
9227,18.595338821411133
9228,15.41453742980957
9229,17.96507453918457
9230,8.366660118103027
9231,21.801753997802734
9232,10.810884475708008
9233,9.366666793823242
9234,14.370777130126953
9235,12.931488990783691
9236,16.79730796813965
9237,17.266794204711914
9238,19.39862632751465
9239,15.69884967803955
9240,15.154362678527832
9241,15.131338119506836
9242,10.549474716186523
9243,8.789487838745117
9244,14.369905471801758
9245,5.782529830932617
9246,4.210941314697266
9247,5.175762176513672
9248,3.0552351474761963
9249,13.021020889282227
9250,9.478837966918945
9251,23.757606506347656
9252,18.247100830078125
9253,13.688698768615723
9254,18.797998428344727
9255,24.947172164916992
9256,16.456314086914062
9257,14.90178394317627
9258,20.18292999267578
9259,13.983991622924805
9260,4.834856986999512
9261,8.421150207519531
9262,6.478872776031494
9263,6.266303062438965
9264,8.68819522857666
9265,12.26404857635498
9266,15.830161094665527
9267,14.51357364654541
9268,17.867326736450195
9269,14.893533706665039
9270,15.203630447387695
9271,16.359027862548828
9272,17.349397659301758
9273,14.521069526672363
9274,16.448713302612305
9275,12.748507499694824
9276,10.987691879272461
9277,7.607740879058838
9278,6.295674800872803
9279,2.452387809753418
9280,7.071540355682373
9281,7.054166316986084
9282,8.186144828796387
9283,14.258471488952637
9284,8.852638244628906
9285,17.43890953063965
9286,14.147665977478027
9287,16.02379035949707
9288,13.590900421142578
9289,9.22935962677002
9290,8.280220031738281
9291,12.81423568725586
9292,7.094501495361328
9293,14.102806091308594
9294,16.115562438964844
9295,18.28343963623047
9296,14.585041046142578
9297,17.279205322265625
9298,25.852617263793945
9299,18.217208862304688
9300,13.297057151794434
9301,12.712868690490723
9302,9.082752227783203
9303,12.867697715759277
9304,12.302129745483398
9305,6.699981212615967
9306,8.184576988220215
9307,6.277579307556152
9308,5.505957126617432
9309,4.780163764953613
9310,12.318182945251465
9311,7.746965408325195
9312,15.078258514404297
9313,12.43403148651123
9314,15.144807815551758
9315,13.332626342773438
9316,17.454214096069336
9317,24.781368255615234
9318,14.383625030517578
9319,15.884893417358398
9320,7.69722318649292
9321,9.191007614135742
9322,13.396885871887207
9323,9.984402656555176
9324,9.007498741149902
9325,10.986532211303711
9326,11.618058204650879
9327,11.332536697387695
9328,11.880699157714844
9329,10.35523796081543
9330,8.27287769317627
9331,9.946794509887695
9332,10.155399322509766
9333,14.370767593383789
9334,15.546714782714844
9335,20.100452423095703
9336,14.559523582458496
9337,13.393990516662598
9338,11.910855293273926
9339,15.079413414001465
9340,12.955204010009766
9341,9.657556533813477
9342,11.114506721496582
9343,5.439309597015381
9344,9.579212188720703
9345,9.225434303283691
9346,20.394994735717773
9347,14.767313003540039
9348,12.781975746154785
9349,15.147156715393066
9350,22.31781768798828
9351,21.81871795654297
9352,22.1671199798584
9353,11.91972541809082
9354,10.556321144104004
9355,13.100634574890137
9356,13.100542068481445
9357,13.128374099731445
9358,16.92514419555664
9359,7.328586101531982
9360,6.747744560241699
9361,5.565182209014893
9362,8.35665225982666
9363,10.716361045837402
9364,16.698442459106445
9365,9.790267944335938
9366,15.43651008605957
9367,15.591248512268066
9368,16.333131790161133
9369,13.86548137664795
9370,21.064388275146484
9371,17.300838470458984
9372,25.039987564086914
9373,17.01399803161621
9374,10.607576370239258
9375,4.656987190246582
9376,10.15450668334961
9377,2.0092976093292236
9378,11.884568214416504
9379,16.070096969604492
9380,13.251782417297363
9381,12.071907997131348
9382,15.234548568725586
9383,11.483428955078125
9384,11.510003089904785
9385,24.79442596435547
9386,17.05059814453125
9387,23.132078170776367
9388,16.95707130432129
9389,16.417156219482422
9390,15.362736701965332
9391,14.604194641113281
9392,11.60658073425293
9393,9.248418807983398
9394,8.509200096130371
9395,3.975341558456421
9396,7.812192440032959
9397,5.208125114440918
9398,14.308601379394531
9399,8.388181686401367
9400,9.801129341125488
9401,8.633099555969238
9402,18.38909339904785
9403,11.386683464050293
9404,10.318963050842285
9405,10.243928909301758
9406,17.43937873840332
9407,15.66745662689209
9408,19.99921417236328
9409,15.875361442565918
9410,17.19272804260254
9411,14.605448722839355
9412,11.075157165527344
9413,14.767633438110352
9414,12.647501945495605
9415,7.193437576293945
9416,7.873004913330078
9417,10.905031204223633
9418,16.970539093017578
9419,18.241952896118164
9420,10.712246894836426
9421,15.807331085205078
9422,11.947213172912598
9423,16.9726505279541
9424,17.871047973632812
9425,10.883872032165527
9426,7.61472749710083
9427,9.179349899291992
9428,11.982297897338867
9429,1.1648967266082764
9430,7.546419620513916
9431,10.255411148071289
9432,6.44882345199585
9433,9.351916313171387
9434,9.15593147277832
9435,18.14845848083496
9436,12.213319778442383
9437,6.260311126708984
9438,9.350199699401855
9439,13.729347229003906
9440,12.558586120605469
9441,6.937736511230469
9442,7.140148639678955
9443,10.15612506866455
9444,10.946355819702148
9445,9.331028938293457
9446,13.051002502441406
9447,13.060007095336914
9448,12.483094215393066
9449,11.671123504638672
9450,12.123675346374512
9451,12.295336723327637
9452,19.02993392944336
9453,16.37688636779785
9454,23.31691551208496
9455,10.546542167663574
9456,15.263982772827148
9457,19.444488525390625
9458,18.058162689208984
9459,13.175263404846191
9460,22.529338836669922
9461,15.299576759338379
9462,20.16141700744629
9463,14.054024696350098
9464,15.43515682220459
9465,8.76640510559082
9466,11.730499267578125
9467,15.042572975158691
9468,10.575324058532715
9469,6.14819860458374
9470,10.781144142150879
9471,15.739279747009277
9472,14.283036231994629
9473,18.711416244506836
9474,13.858020782470703
9475,20.253246307373047
9476,19.620683670043945
9477,18.266891479492188
9478,22.070528030395508
9479,11.775893211364746
9480,10.783827781677246
9481,8.623645782470703
9482,10.955215454101562
9483,9.395941734313965
9484,8.001396179199219
9485,8.036855697631836
9486,15.220232009887695
9487,10.221597671508789
9488,11.182074546813965
9489,16.552003860473633
9490,17.478271484375
9491,11.060490608215332
9492,21.935462951660156
9493,17.019332885742188
9494,27.649219512939453
9495,19.391685485839844
9496,18.89907455444336
9497,16.722719192504883
9498,11.661215782165527
9499,8.909270286560059
9500,10.137853622436523
9501,6.015476703643799
9502,10.883980751037598
9503,12.691510200500488
9504,11.691481590270996
9505,10.79051685333252
9506,15.80722427368164
9507,15.773832321166992
9508,17.600772857666016
9509,17.00680923461914
9510,13.63947868347168
9511,14.99655818939209
9512,12.625391960144043
9513,12.517494201660156
9514,11.906035423278809
9515,5.256999492645264
9516,10.205182075500488
9517,11.33356761932373
9518,9.415522575378418
9519,5.825893878936768
9520,11.753959655761719
9521,12.158952713012695
9522,8.823302268981934
9523,12.289018630981445
9524,14.541648864746094
9525,7.685758113861084
9526,17.334131240844727
9527,10.683937072753906
9528,18.877803802490234
9529,18.22935676574707
9530,15.38662052154541
9531,12.048086166381836
9532,16.280885696411133
9533,12.308939933776855
9534,16.57851791381836
9535,15.531535148620605
9536,15.947563171386719
9537,19.045087814331055
9538,9.016865730285645
9539,11.515451431274414
9540,13.151020050048828
9541,18.465839385986328
9542,10.7684326171875
9543,12.888484954833984
9544,14.498795509338379
9545,8.981171607971191
9546,14.501328468322754
9547,16.122989654541016
9548,15.393579483032227
9549,11.573335647583008
9550,18.38035774230957
9551,9.492916107177734
9552,17.30355453491211
9553,12.73363208770752
9554,13.004753112792969
9555,14.893786430358887
9556,8.553287506103516
9557,11.786308288574219
9558,9.594014167785645
9559,10.176677703857422
9560,8.092690467834473
9561,15.056205749511719
9562,12.441827774047852
9563,11.519104957580566
9564,6.700446128845215
9565,9.947607040405273
9566,4.698087692260742
9567,6.136864185333252
9568,8.006776809692383
9569,6.926724433898926
9570,12.903767585754395
9571,16.294025421142578
9572,11.802878379821777
9573,11.300823211669922
9574,11.851068496704102
9575,11.0719575881958
9576,10.906094551086426
9577,8.445028305053711
9578,11.294454574584961
9579,14.71078872680664
9580,10.886650085449219
9581,11.076009750366211
9582,7.132760047912598
9583,11.914474487304688
9584,11.650697708129883
9585,9.710376739501953
9586,12.1560697555542
9587,11.200316429138184
9588,15.776446342468262
9589,9.896384239196777
9590,11.311113357543945
9591,9.646363258361816
9592,14.327788352966309
9593,16.51041030883789
9594,9.496349334716797
9595,13.593511581420898
9596,10.262655258178711
9597,9.805267333984375
9598,10.412365913391113
9599,14.26200008392334
9600,11.40246295928955
9601,15.178441047668457
9602,17.223812103271484
9603,11.6965913772583
9604,19.488807678222656
9605,14.430020332336426
9606,19.09971046447754
9607,19.538217544555664
9608,13.43522834777832
9609,13.946024894714355
9610,19.540739059448242
9611,18.89682388305664
9612,14.723396301269531
9613,12.550985336303711
9614,13.274027824401855
9615,7.704783916473389
9616,3.903881072998047
9617,2.925541877746582
9618,4.28489351272583
9619,5.642116546630859
9620,10.285958290100098
9621,11.58236026763916
9622,19.7072811126709
9623,18.5915470123291
9624,11.729598999023438
9625,18.438438415527344
9626,23.22957992553711
9627,18.10664176940918
9628,13.515321731567383
9629,19.00961685180664
9630,17.411361694335938
9631,14.451265335083008
9632,6.188206195831299
9633,7.5489583015441895
9634,4.955142498016357
9635,5.6602630615234375
9636,8.861275672912598
9637,9.997797966003418
9638,13.407960891723633
9639,14.162962913513184
9640,15.675262451171875
9641,14.988543510437012
9642,12.337824821472168
9643,21.577199935913086
9644,15.636463165283203
9645,15.402376174926758
9646,15.406599044799805
9647,9.088071823120117
9648,10.781566619873047
9649,11.86592960357666
9650,8.659090995788574
9651,9.702665328979492
9652,31.204200744628906
9653,8.854455947875977
9654,16.152652740478516
9655,24.588787078857422
9656,19.383224487304688
9657,21.72087860107422
9658,27.411991119384766
9659,18.190946578979492
9660,14.63516616821289
9661,12.340874671936035
9662,14.722983360290527
9663,15.955866813659668
9664,14.892054557800293
9665,8.215575218200684
9666,9.106000900268555
9667,15.846646308898926
9668,5.251504421234131
9669,9.871045112609863
9670,8.84617805480957
9671,13.981507301330566
9672,18.455036163330078
9673,19.77699851989746
9674,15.221389770507812
9675,13.93460464477539
9676,14.86093521118164
9677,12.92674446105957
9678,12.788012504577637
9679,16.721006393432617
9680,7.14006233215332
9681,5.7439866065979
9682,8.731340408325195
9683,9.697126388549805
9684,6.240942001342773
9685,14.810805320739746
9686,9.76918888092041
9687,9.56569766998291
9688,14.323465347290039
9689,10.374236106872559
9690,9.53346061706543
9691,13.375212669372559
9692,15.360212326049805
9693,18.849933624267578
9694,15.70081901550293
9695,11.544724464416504
9696,11.846070289611816
9697,9.70164966583252
9698,9.471488952636719
9699,6.502674102783203
9700,12.943222045898438
9701,6.502660751342773
9702,9.972430229187012
9703,10.185733795166016
9704,15.285723686218262
9705,7.975596904754639
9706,9.612387657165527
9707,12.217826843261719
9708,14.94387149810791
9709,14.827500343322754
9710,10.642909049987793
9711,9.493386268615723
9712,5.900238990783691
9713,6.806863784790039
9714,11.733409881591797
9715,12.871949195861816
9716,14.180526733398438
9717,13.241989135742188
9718,13.335028648376465
9719,20.612394332885742
9720,12.658982276916504
9721,17.16970443725586
9722,13.83500862121582
9723,20.0405330657959
9724,12.338308334350586
9725,10.367911338806152
9726,9.187088966369629
9727,15.419437408447266
9728,12.62582778930664
9729,14.467318534851074
9730,14.98394775390625
9731,20.62339210510254
9732,15.428315162658691
9733,19.84073829650879
9734,17.421871185302734
9735,15.838516235351562
9736,13.905570030212402
9737,24.129674911499023
9738,14.449774742126465
9739,14.866501808166504
9740,10.653783798217773
9741,18.862531661987305
9742,10.491337776184082
9743,10.019736289978027
9744,8.091341018676758
9745,10.10359001159668
9746,11.487724304199219
9747,16.144540786743164
9748,7.250622749328613
9749,11.230260848999023
9750,13.111186027526855
9751,11.577225685119629
9752,10.540523529052734
9753,9.611272811889648
9754,10.881669044494629
9755,17.90129852294922
9756,6.796492576599121
9757,15.919367790222168
9758,13.12777042388916
9759,18.01918601989746
9760,19.915782928466797
9761,14.1873140335083
9762,23.01874542236328
9763,18.03307342529297
9764,21.278223037719727
9765,16.717702865600586
9766,8.9935302734375
9767,8.449868202209473
9768,16.73348617553711
9769,12.661389350891113
9770,6.047525882720947
9771,3.5673863887786865
9772,6.849735260009766
9773,3.761204957962036
9774,4.2017316818237305
9775,10.641836166381836
9776,10.863876342773438
9777,8.852535247802734
9778,12.219796180725098
9779,22.00124740600586
9780,12.742907524108887
9781,21.698692321777344
9782,17.63605499267578
9783,19.14278221130371
9784,21.073955535888672
9785,15.077475547790527
9786,12.97171401977539
9787,17.30890655517578
9788,17.395328521728516
9789,20.68954086303711
9790,15.500553131103516
9791,26.608346939086914
9792,13.203721046447754
9793,19.845849990844727
9794,18.640066146850586
9795,13.189682960510254
9796,12.35665225982666
9797,7.952115535736084
9798,7.715142726898193
9799,11.598865509033203
9800,6.964969158172607
9801,9.083165168762207
9802,14.102904319763184
9803,12.680293083190918
9804,12.506176948547363
9805,21.916101455688477
9806,13.893951416015625
9807,13.04863166809082
9808,18.856021881103516
9809,18.31328773498535
9810,7.867349147796631
9811,11.059889793395996
9812,13.89913558959961
9813,12.685532569885254
9814,15.535652160644531
9815,4.853697299957275
9816,5.154017925262451
9817,4.646016597747803
9818,4.017021656036377
9819,5.723084926605225
9820,9.249737739562988
9821,12.986577033996582
9822,14.949957847595215
9823,12.987494468688965
9824,11.735230445861816
9825,13.650357246398926
9826,11.587430953979492
9827,13.475768089294434
9828,9.625205993652344
9829,9.334274291992188
9830,6.133088111877441
9831,2.135164737701416
9832,1.397559642791748
9833,7.126668930053711
9834,5.834514617919922
9835,12.354079246520996
9836,6.607870101928711
9837,10.95078182220459
9838,12.353056907653809
9839,13.695202827453613
9840,10.330894470214844
9841,13.584352493286133
9842,7.644076347351074
9843,19.038192749023438
9844,17.6230411529541
9845,10.153258323669434
9846,13.422772407531738
9847,16.970746994018555
9848,8.100627899169922
9849,8.006232261657715
9850,8.442111015319824
9851,6.892024993896484
9852,4.337584018707275
9853,6.477908611297607
9854,5.410759925842285
9855,12.323101043701172
9856,10.160370826721191
9857,14.450150489807129
9858,20.531137466430664
9859,13.098673820495605
9860,14.142805099487305
9861,11.680184364318848
9862,11.924332618713379
9863,16.312400817871094
9864,12.712849617004395
9865,22.287073135375977
9866,15.213354110717773
9867,19.199569702148438
9868,21.250944137573242
9869,18.06879425048828
9870,18.42106819152832
9871,14.233183860778809
9872,14.406826972961426
9873,12.995931625366211
9874,9.657946586608887
9875,7.312258243560791
9876,8.53776741027832
9877,9.060820579528809
9878,17.156911849975586
9879,11.642542839050293
9880,16.940706253051758
9881,14.163628578186035
9882,15.133095741271973
9883,12.051229476928711
9884,17.292644500732422
9885,21.744266510009766
9886,17.55306053161621
9887,13.459731101989746
9888,8.210691452026367
9889,13.540684700012207
9890,12.477561950683594
9891,11.11877727508545
9892,11.295013427734375
9893,10.403196334838867
9894,9.76761245727539
9895,13.24560832977295
9896,17.047061920166016
9897,13.481637001037598
9898,14.909818649291992
9899,15.829421997070312
9900,30.40027618408203
9901,18.51544761657715
9902,17.674585342407227
9903,13.5374755859375
9904,12.573951721191406
9905,6.81288480758667
9906,11.948501586914062
9907,9.084010124206543
9908,9.475214958190918
9909,8.392555236816406
9910,5.185087203979492
9911,16.139728546142578
9912,12.876945495605469
9913,16.213462829589844
9914,9.843263626098633
9915,10.793835639953613
9916,17.880613327026367
9917,24.10491180419922
9918,26.615921020507812
9919,30.460416793823242
9920,13.750777244567871
9921,19.636816024780273
9922,13.455938339233398
9923,10.782061576843262
9924,10.047507286071777
9925,9.321749687194824
9926,11.708123207092285
9927,9.94481086730957
9928,10.806807518005371
9929,12.426654815673828
9930,14.075368881225586
9931,17.455961227416992
9932,18.08310317993164
9933,9.180009841918945
9934,19.235261917114258
9935,7.69608736038208
9936,10.521299362182617
9937,12.578548431396484
9938,15.482575416564941
9939,10.13818645477295
9940,15.475608825683594
9941,12.851800918579102
9942,9.92529010772705
9943,20.036197662353516
9944,10.655895233154297
9945,14.9485502243042
9946,10.107464790344238
9947,12.600680351257324
9948,18.471120834350586
9949,12.27370548248291
9950,18.14272117614746
9951,14.396617889404297
9952,14.374733924865723
9953,11.812451362609863
9954,16.388254165649414
9955,13.131241798400879
9956,9.686678886413574
9957,7.932896614074707
9958,17.602426528930664
9959,11.053854942321777
9960,14.554530143737793
9961,13.66678237915039
9962,11.226815223693848
9963,11.013169288635254
9964,14.316823959350586
9965,7.7647600173950195
9966,6.335217475891113
9967,8.517839431762695
9968,8.313339233398438
9969,12.053247451782227
9970,10.446674346923828
9971,14.181385040283203
9972,12.800604820251465
9973,13.830371856689453
9974,9.549613952636719
9975,12.012774467468262
9976,11.420331954956055
9977,7.9429216384887695
9978,15.06216049194336
9979,16.91240692138672
9980,18.528343200683594
9981,13.548562049865723
9982,9.828789710998535
9983,10.580676078796387
9984,13.701114654541016
9985,18.428491592407227
9986,14.5593843460083
9987,17.16475486755371
9988,10.537237167358398
9989,7.867059230804443
9990,11.319246292114258
9991,13.271065711975098
9992,14.733283042907715
9993,18.1650333404541
9994,12.881431579589844
9995,9.118924140930176
9996,10.631637573242188
9997,12.20202922821045
9998,6.624194145202637
9999,8.269390106201172
10000,10.165016174316406
