Step,Value
95,0.0577474944293499
96,0.06411131471395493
97,0.07830668985843658
98,0.10441900044679642
99,0.21607767045497894
100,0.2179318517446518
101,0.24675828218460083
102,0.1625383347272873
103,0.09946674108505249
104,0.15114381909370422
105,0.24572068452835083
106,0.2933407425880432
107,0.42640215158462524
108,0.4246915876865387
109,0.540776789188385
110,0.40395429730415344
111,0.5559686422348022
112,0.5774214267730713
113,0.31463876366615295
114,0.30447664856910706
115,0.2960350513458252
116,0.21370600163936615
117,0.19916445016860962
118,0.1895165741443634
119,0.1702263206243515
120,0.1555561125278473
121,0.0582503080368042
122,0.10509605705738068
123,0.10455884039402008
124,0.11516635119915009
125,0.11867192387580872
126,0.15328867733478546
127,0.13238267600536346
128,0.1304476261138916
129,0.12640826404094696
130,0.0958012267947197
131,0.0793011412024498
132,0.13339093327522278
133,0.19828850030899048
134,0.3363637626171112
135,0.26659703254699707
136,0.3610861897468567
137,0.4032708704471588
138,0.4434061646461487
139,0.5159289240837097
140,0.4571433365345001
141,0.5892271399497986
142,0.5022295713424683
143,0.47662124037742615
144,0.49529829621315
145,0.5080206394195557
146,0.5202039480209351
147,0.6634835004806519
148,0.5012918710708618
149,0.5851447582244873
150,0.6524837613105774
151,0.70548015832901
152,0.9012521505355835
153,0.7434028387069702
154,0.819165050983429
155,0.5366004109382629
156,0.4504435658454895
157,0.5169934630393982
158,0.3759295642375946
159,0.3340698778629303
160,0.4304135739803314
161,0.3221302330493927
162,0.3560747802257538
163,0.19867093861103058
164,0.14629781246185303
165,0.19672125577926636
166,0.4347057640552521
167,0.5112188458442688
168,0.7115768790245056
169,0.7973721623420715
170,1.0004185438156128
171,1.0967663526535034
172,1.2071386575698853
173,1.3523017168045044
174,1.3234994411468506
175,1.0778827667236328
176,1.2727758884429932
177,1.2229138612747192
178,1.0829752683639526
179,1.1093803644180298
180,1.061490774154663
181,0.9722834825515747
182,1.0433279275894165
183,0.8872663974761963
184,0.6411274075508118
185,0.5579070448875427
186,0.5020153522491455
187,0.40609264373779297
188,0.40477800369262695
189,0.27858245372772217
190,0.31097304821014404
191,0.5391908288002014
192,0.4752978980541229
193,0.6548122763633728
194,0.6040875911712646
195,0.6842579245567322
196,0.4190923571586609
197,0.48927584290504456
198,0.5118057727813721
199,0.3824990689754486
200,0.6437247395515442
201,0.5002307295799255
202,0.5871434807777405
203,0.7798351645469666
204,1.1234487295150757
205,1.350874662399292
206,1.173830270767212
207,1.6364673376083374
208,1.7184442281723022
209,1.7983886003494263
210,1.6084508895874023
211,1.5620145797729492
212,1.6046408414840698
213,1.1826233863830566
214,0.8501455187797546
215,0.9011906385421753
216,0.6634068489074707
217,0.6239573359489441
218,0.5685390830039978
219,0.586043119430542
220,0.549875795841217
221,0.3701205253601074
222,0.4839003384113312
223,0.4195718765258789
224,0.5912777781486511
225,0.4836360216140747
226,0.7220982909202576
227,1.010742425918579
228,0.8921135067939758
229,1.0447940826416016
230,0.9305316805839539
231,0.6680752635002136
232,0.5385118126869202
233,0.6238238215446472
234,0.5970730781555176
235,0.4829730987548828
236,0.5224611163139343
237,0.36888161301612854
238,0.28485533595085144
239,0.4394019544124603
240,0.425448477268219
241,0.49762049317359924
242,0.7439736723899841
243,0.6779378056526184
244,0.8172956109046936
245,0.6172466278076172
246,0.7090527415275574
247,0.8808130621910095
248,0.9076257348060608
249,0.7639678120613098
250,1.0095808506011963
251,0.9108328819274902
252,0.8244040012359619
253,1.177476167678833
254,0.9816704392433167
255,0.6920283436775208
256,0.7960754632949829
257,0.6900864243507385
258,0.42973899841308594
259,0.46173548698425293
260,0.5946949124336243
261,0.9153403639793396
262,0.9208148121833801
263,1.000349998474121
264,0.9948036074638367
265,1.137674331665039
266,1.0051599740982056
267,1.1942200660705566
268,1.4150465726852417
269,1.360173225402832
270,1.5447765588760376
271,0.9941705465316772
272,0.5760106444358826
273,0.8407782316207886
274,0.5606254935264587
275,0.8522510528564453
276,0.7504839897155762
277,0.8182665705680847
278,0.7114613652229309
279,0.8539714217185974
280,0.8734423518180847
281,1.1482582092285156
282,1.2560760974884033
283,1.039151906967163
284,1.2647112607955933
285,1.2327327728271484
286,1.26887047290802
287,0.9224097728729248
288,1.0628845691680908
289,1.2035561800003052
290,0.9486666321754456
291,0.8576064705848694
292,0.7020832300186157
293,0.534368634223938
294,0.47877445816993713
295,0.4322423040866852
296,0.6723658442497253
297,0.7214573621749878
298,0.4029792547225952
299,0.9406848549842834
300,0.442994624376297
301,0.6224437952041626
302,1.0267730951309204
303,0.7074503302574158
304,0.8800488114356995
305,1.3074508905410767
306,0.8933680057525635
307,1.2139580249786377
308,1.2364310026168823
309,1.033160924911499
310,1.0231289863586426
311,1.4117767810821533
312,1.4900745153427124
313,1.397279143333435
314,1.884016752243042
315,2.0752601623535156
316,1.9392629861831665
317,1.6621006727218628
318,1.390373706817627
319,1.193804383277893
320,0.8440511226654053
321,0.9693437814712524
322,0.6000735759735107
323,1.060374140739441
324,0.5670520663261414
325,0.93669593334198
326,0.6933236718177795
327,0.6493867039680481
328,0.6937842965126038
329,1.3989887237548828
330,0.7975286245346069
331,1.1036350727081299
332,1.4061650037765503
333,2.252577781677246
334,1.388140082359314
335,2.2710683345794678
336,2.082204580307007
337,1.6919441223144531
338,1.7838923931121826
339,0.980055034160614
340,1.0059670209884644
341,0.6021763682365417
342,0.95387864112854
343,1.0765248537063599
344,1.1721700429916382
345,1.5963399410247803
346,1.3057091236114502
347,1.413252353668213
348,1.452059030532837
349,1.3475325107574463
350,1.3433138132095337
351,0.9324851036071777
352,1.0821623802185059
353,1.5096336603164673
354,1.499163031578064
355,1.392053484916687
356,1.539129376411438
357,1.5031980276107788
358,1.0613168478012085
359,1.0525892972946167
360,0.5470014810562134
361,0.7504149675369263
362,1.1024218797683716
363,1.229672908782959
364,0.7546087503433228
365,1.1084703207015991
366,0.9371423125267029
367,0.9370668530464172
368,0.8955387473106384
369,1.2389765977859497
370,0.8128726482391357
371,1.4816862344741821
372,2.1489837169647217
373,1.8119345903396606
374,1.3683191537857056
375,2.0871572494506836
376,1.8790446519851685
377,1.491907000541687
378,1.4235494136810303
379,1.4323313236236572
380,0.8851765394210815
381,1.0323234796524048
382,0.8342564105987549
383,0.8547408580780029
384,0.9175127744674683
385,1.046589732170105
386,1.0291258096694946
387,1.555193543434143
388,1.8318986892700195
389,1.0596387386322021
390,1.4010593891143799
391,1.2921785116195679
392,1.0131021738052368
393,1.085550308227539
394,0.9015794396400452
395,1.3033946752548218
396,0.7709288001060486
397,0.8311681151390076
398,1.412716031074524
399,0.8542651534080505
400,0.9425766468048096
401,1.2700021266937256
402,0.9882639050483704
403,0.9354624152183533
404,1.4586634635925293
405,1.9819293022155762
406,1.5753177404403687
407,1.802114725112915
408,1.4846813678741455
409,1.719444990158081
410,1.4646726846694946
411,1.1396739482879639
412,1.0057307481765747
413,1.1258938312530518
414,0.8083555698394775
415,0.9635744690895081
416,1.2120275497436523
417,1.5885592699050903
418,1.3747996091842651
419,1.2205547094345093
420,1.4852004051208496
421,1.740081548690796
422,1.2406554222106934
423,1.421446442604065
424,1.178553581237793
425,1.10189688205719
426,1.4008944034576416
427,1.178382396697998
428,1.0152630805969238
429,1.2406303882598877
430,1.621479868888855
431,1.1411594152450562
432,0.9770892858505249
433,1.3633198738098145
434,1.3190419673919678
435,1.300154209136963
436,1.4297844171524048
437,0.8940885066986084
438,0.8070222735404968
439,1.2411879301071167
440,1.1952145099639893
441,0.985081672668457
442,1.0727633237838745
443,0.9326969981193542
444,0.9597851037979126
445,1.0732229948043823
446,1.4526770114898682
447,1.0548535585403442
448,0.9538796544075012
449,1.0236616134643555
450,0.7872558236122131
451,0.9530327916145325
452,1.140306830406189
453,1.235456943511963
454,1.2386592626571655
455,0.989526629447937
456,0.995501697063446
457,1.2348124980926514
458,1.167797565460205
459,1.3112919330596924
460,1.1474926471710205
461,1.437665581703186
462,1.4388980865478516
463,1.230452299118042
464,1.606231451034546
465,1.2488269805908203
466,0.7555568814277649
467,0.9518973231315613
468,1.271048903465271
469,0.8759983777999878
470,0.8757579326629639
471,0.9546682238578796
472,1.1861239671707153
473,1.6504648923873901
474,1.8966609239578247
475,1.2798449993133545
476,1.6067262887954712
477,1.0809626579284668
478,1.1835285425186157
479,1.545407772064209
480,1.0859407186508179
481,1.0410118103027344
482,1.1317601203918457
483,1.6129549741744995
484,1.1990718841552734
485,1.7915692329406738
486,1.5542923212051392
487,0.7656446099281311
488,1.2940689325332642
489,1.1772767305374146
490,1.544663429260254
491,1.5795456171035767
492,1.3317183256149292
493,1.4871606826782227
494,1.2063024044036865
495,1.547715187072754
496,1.3262684345245361
497,1.0757715702056885
498,1.138289451599121
499,1.157145380973816
500,1.1947908401489258
501,1.052960991859436
502,1.4094531536102295
503,0.7416185736656189
504,0.9055514931678772
505,1.1356277465820312
506,1.3846766948699951
507,1.7554984092712402
508,1.7232972383499146
509,1.5589423179626465
510,1.6551315784454346
511,1.5709573030471802
512,1.2901883125305176
513,1.8137540817260742
514,1.3271713256835938
515,1.516770601272583
516,1.245227336883545
517,1.2144768238067627
518,1.2279150485992432
519,1.48007071018219
520,0.9876621961593628
521,1.3837262392044067
522,1.056328535079956
523,1.0490667819976807
524,1.3469403982162476
525,1.1303788423538208
526,2.1006956100463867
527,1.4552844762802124
528,1.3951233625411987
529,1.6907875537872314
530,1.7258498668670654
531,1.7153427600860596
532,1.082032561302185
533,1.3937610387802124
534,1.6705288887023926
535,1.1870067119598389
536,1.3212939500808716
537,1.3145289421081543
538,1.279856562614441
539,1.3860188722610474
540,0.5586745142936707
541,0.9032061696052551
542,0.9352439045906067
543,0.6294235587120056
544,0.8584398031234741
545,1.1076925992965698
546,1.3042699098587036
547,1.2316818237304688
548,1.17930006980896
549,1.4600470066070557
550,1.2978858947753906
551,1.3719128370285034
552,1.4870368242263794
553,1.0435216426849365
554,1.1599624156951904
555,1.369468092918396
556,1.312827467918396
557,1.8820254802703857
558,2.1168034076690674
559,1.6927564144134521
560,1.3986718654632568
561,1.2952606678009033
562,1.5076059103012085
563,1.5304782390594482
564,2.076554298400879
565,1.689109444618225
566,1.2621865272521973
567,0.9596384167671204
568,0.8706464171409607
569,1.4818623065948486
570,1.3889178037643433
571,1.5811127424240112
572,1.3703875541687012
573,1.400837779045105
574,1.5335561037063599
575,1.594908356666565
576,1.2648273706436157
577,1.7447646856307983
578,1.1533856391906738
579,1.024097204208374
580,1.0929373502731323
581,1.3094276189804077
582,1.525665521621704
583,1.3852757215499878
584,0.9872973561286926
585,0.9534465074539185
586,1.3027256727218628
587,1.4356223344802856
588,1.3142448663711548
589,1.0471746921539307
590,1.12562096118927
591,1.194500207901001
592,1.8726288080215454
593,1.3356359004974365
594,1.1006394624710083
595,1.3770403861999512
596,0.8731333017349243
597,1.0621256828308105
598,1.1791141033172607
599,0.6297258734703064
600,0.8023947477340698
601,1.390762209892273
602,1.2884845733642578
603,1.2183079719543457
604,1.7625137567520142
605,1.5495458841323853
606,1.2694754600524902
607,1.0963871479034424
608,1.0481895208358765
609,1.4297592639923096
610,1.0871330499649048
611,1.217322826385498
612,1.4037418365478516
613,1.1638964414596558
614,1.294696569442749
615,1.2710317373275757
616,1.2409995794296265
617,0.8933603763580322
618,1.6390495300292969
619,1.357743263244629
620,0.861345648765564
621,1.1885682344436646
622,1.026516318321228
623,1.1420732736587524
624,1.3384466171264648
625,1.0981560945510864
626,1.3447484970092773
627,1.1357855796813965
628,1.3164973258972168
629,1.2789419889450073
630,1.652371883392334
631,1.0218909978866577
632,1.3242744207382202
633,1.6486985683441162
634,1.5368822813034058
635,1.0722981691360474
636,1.1344404220581055
637,1.964081048965454
638,1.68812096118927
639,2.23060941696167
640,1.3858273029327393
641,1.8987914323806763
642,1.1441971063613892
643,1.330820918083191
644,1.2485787868499756
645,1.7334569692611694
646,1.3896077871322632
647,0.8595322370529175
648,1.643871545791626
649,1.3161593675613403
650,1.0716685056686401
651,1.8147106170654297
652,1.8866106271743774
653,0.8932168483734131
654,2.2099452018737793
655,1.9307522773742676
656,3.081995725631714
657,2.7168471813201904
658,3.3032968044281006
659,2.8900694847106934
660,2.68601131439209
661,2.942155361175537
662,1.7199610471725464
663,1.3093419075012207
664,1.1258964538574219
665,1.8204561471939087
666,1.83082115650177
667,2.2976136207580566
668,2.652339458465576
669,2.9747684001922607
670,2.4211337566375732
671,1.8004906177520752
672,1.481181025505066
673,2.4934470653533936
674,2.577815532684326
675,2.612185001373291
676,3.111830949783325
677,2.6801695823669434
678,2.084381580352783
679,1.6209568977355957
680,1.514630675315857
681,0.9694541692733765
682,0.9488900899887085
683,0.9748597741127014
684,1.2090076208114624
685,1.2430187463760376
686,1.0925475358963013
687,2.173433780670166
688,2.5192275047302246
689,1.062807321548462
690,1.085052490234375
691,1.1930015087127686
692,1.3568650484085083
693,1.0013980865478516
694,1.1344659328460693
695,1.0679010152816772
696,1.4684516191482544
697,1.0437242984771729
698,1.4246470928192139
699,0.9489443898200989
700,1.021149754524231
701,2.1639416217803955
702,1.168221116065979
703,1.7883962392807007
704,1.2759981155395508
705,1.4087696075439453
706,1.0681582689285278
707,1.5642542839050293
708,0.8852310180664062
709,1.1963813304901123
710,1.2754384279251099
711,1.0583220720291138
712,1.0487583875656128
713,1.0656282901763916
714,1.2830933332443237
715,1.0530825853347778
716,1.9962506294250488
717,1.8123815059661865
718,2.346129894256592
719,1.6662800312042236
720,2.243455410003662
721,1.502787709236145
722,1.4191248416900635
723,1.7048406600952148
724,1.5690547227859497
725,1.2211955785751343
726,1.522895097732544
727,1.2852212190628052
728,1.2174389362335205
729,1.2864474058151245
730,1.2204593420028687
731,1.8753318786621094
732,1.6619071960449219
733,1.8009576797485352
734,1.0498631000518799
735,1.4137712717056274
736,1.1349412202835083
737,1.237545371055603
738,0.7140780687332153
739,1.1834791898727417
740,1.1887385845184326
741,1.6863465309143066
742,1.0829063653945923
743,1.2078529596328735
744,1.9256585836410522
745,1.2374097108840942
746,1.1729553937911987
747,1.365443229675293
748,1.4090461730957031
749,1.5073555707931519
750,1.7168545722961426
751,1.954319953918457
752,1.7857637405395508
753,0.8453817963600159
754,1.5976755619049072
755,1.2926933765411377
756,0.8746909499168396
757,1.1080071926116943
758,1.1088826656341553
759,1.9128752946853638
760,1.145150065422058
761,1.2462126016616821
762,1.1083542108535767
763,1.089632511138916
764,0.8267748951911926
765,1.0662437677383423
766,0.6745283603668213
767,1.1453906297683716
768,1.0070441961288452
769,1.1605849266052246
770,1.382237434387207
771,1.6362667083740234
772,1.449378490447998
773,1.3408762216567993
774,0.9026606678962708
775,0.9980341196060181
776,1.5488901138305664
777,1.5068325996398926
778,1.3708481788635254
779,1.6803545951843262
780,1.2835062742233276
781,1.699454426765442
782,1.3410584926605225
783,1.2087911367416382
784,1.3846291303634644
785,0.8368445038795471
786,1.9883344173431396
787,1.590969443321228
788,1.1739740371704102
789,1.5259915590286255
790,0.8885061144828796
791,1.5686933994293213
792,1.5250645875930786
793,1.951720118522644
794,1.3742115497589111
795,1.4765559434890747
796,1.93123459815979
797,1.1300733089447021
798,1.783867359161377
799,1.7108063697814941
800,1.5902506113052368
801,1.3878889083862305
802,1.5115506649017334
803,1.6165469884872437
804,1.7628902196884155
805,1.6803622245788574
806,1.5468615293502808
807,0.9330585598945618
808,1.3051549196243286
809,1.241152048110962
810,1.0747852325439453
811,1.5075308084487915
812,0.7264522910118103
813,1.4250051975250244
814,1.7288126945495605
815,0.9683242440223694
816,1.5941548347473145
817,2.14290452003479
818,1.5260018110275269
819,1.9867948293685913
820,1.9717415571212769
821,1.8301091194152832
822,2.053764581680298
823,1.6459343433380127
824,1.6151703596115112
825,1.787489414215088
826,1.5389634370803833
827,1.3697823286056519
828,0.7616927623748779
829,1.2373329401016235
830,1.1646724939346313
831,1.3203988075256348
832,1.274713397026062
833,1.060909390449524
834,1.8455784320831299
835,1.2295072078704834
836,1.5636166334152222
837,1.8029844760894775
838,1.3362219333648682
839,1.2803432941436768
840,1.260585904121399
841,1.5451202392578125
842,1.7521753311157227
843,1.7472612857818604
844,1.6654253005981445
845,1.5621726512908936
846,1.6075571775436401
847,1.070420265197754
848,1.4823659658432007
849,0.7606221437454224
850,1.4937515258789062
851,1.1658529043197632
852,0.8532097935676575
853,1.3267441987991333
854,1.1319466829299927
855,1.1800750494003296
856,1.8542805910110474
857,0.8758805394172668
858,1.4380946159362793
859,1.0830109119415283
860,1.0253815650939941
861,1.8674641847610474
862,0.9775238633155823
863,1.7262035608291626
864,1.4551247358322144
865,1.4266618490219116
866,1.6142055988311768
867,1.7192062139511108
868,1.2553426027297974
869,0.93463134765625
870,1.3340011835098267
871,2.1366825103759766
872,1.0724537372589111
873,1.019766092300415
874,1.2536823749542236
875,1.61375093460083
876,0.8304961323738098
877,1.472904086112976
878,2.0452730655670166
879,1.3852447271347046
880,1.9878054857254028
881,1.8003835678100586
882,1.278410792350769
883,1.8004575967788696
884,1.6799083948135376
885,1.8978856801986694
886,1.3101599216461182
887,1.6868456602096558
888,1.3078056573867798
889,0.9095642566680908
890,1.3012750148773193
891,1.3266613483428955
892,0.9272632598876953
893,1.0567070245742798
894,0.9127578139305115
895,0.8749562501907349
896,0.922473132610321
897,1.6501351594924927
898,1.7731581926345825
899,1.0288420915603638
900,1.8052386045455933
901,1.6604509353637695
902,2.3618228435516357
903,1.8300195932388306
904,1.427180528640747
905,2.2463552951812744
906,1.1713544130325317
907,1.2867227792739868
908,1.9269616603851318
909,1.4495495557785034
910,1.605905294418335
911,1.4045518636703491
912,1.787328839302063
913,1.3384450674057007
914,1.5596379041671753
915,1.020678162574768
916,1.2164905071258545
917,1.2477439641952515
918,1.172294020652771
919,2.251924991607666
920,1.8217941522598267
921,1.1665325164794922
922,1.3089134693145752
923,1.4612128734588623
924,1.6666420698165894
925,1.782490611076355
926,1.1966525316238403
927,2.397144317626953
928,2.435582399368286
929,2.115804433822632
930,1.8983376026153564
931,2.1327755451202393
932,1.3172056674957275
933,1.341171145439148
934,1.0972254276275635
935,1.316356897354126
936,1.5694471597671509
937,1.5445376634597778
938,1.242945671081543
939,1.5061988830566406
940,1.493554949760437
941,2.168611526489258
942,0.9421733617782593
943,1.2567424774169922
944,2.0301787853240967
945,2.006035089492798
946,1.654075026512146
947,3.0493288040161133
948,1.1426275968551636
949,1.037316918373108
950,1.1965618133544922
951,1.9406806230545044
952,1.4701831340789795
953,1.85006844997406
954,1.296787977218628
955,1.7223516702651978
956,1.2542706727981567
957,2.018517017364502
958,1.5236175060272217
959,1.715522289276123
960,2.0363998413085938
961,1.8227325677871704
962,1.6054307222366333
963,1.5644171237945557
964,1.6870297193527222
965,1.193165898323059
966,1.214073657989502
967,1.471422791481018
968,2.521892547607422
969,2.518822431564331
970,2.137018918991089
971,1.2628082036972046
972,1.271107792854309
973,1.0428398847579956
974,1.3316630125045776
975,1.5146089792251587
976,1.6832038164138794
977,1.641466498374939
978,1.5187145471572876
979,1.0640201568603516
980,1.3588571548461914
981,1.4864528179168701
982,1.1010583639144897
983,1.1141748428344727
984,1.85184645652771
985,1.1918131113052368
986,1.8933032751083374
987,1.6770458221435547
988,2.0708181858062744
989,2.3831429481506348
990,1.8614845275878906
991,2.773014545440674
992,2.3191733360290527
993,1.7250635623931885
994,1.5146925449371338
995,1.7536453008651733
996,0.7379229068756104
997,1.261874794960022
998,1.0195542573928833
999,1.7810710668563843
1000,1.2146317958831787
1001,1.7529020309448242
1002,1.79998779296875
1003,2.481743097305298
1004,2.2197301387786865
1005,1.6981403827667236
1006,1.619020700454712
1007,1.1690888404846191
1008,2.0717151165008545
1009,1.5499591827392578
1010,1.5721794366836548
1011,1.375671148300171
1012,1.8996299505233765
1013,1.4592722654342651
1014,1.1373295783996582
1015,1.270745038986206
1016,1.7848750352859497
1017,1.504255771636963
1018,1.886734962463379
1019,1.2890275716781616
1020,2.98820161819458
1021,1.9485996961593628
1022,1.8413751125335693
1023,2.18585467338562
1024,1.4421498775482178
1025,0.9761255383491516
1026,0.9618653059005737
1027,1.5149670839309692
1028,1.303737759590149
1029,0.9866528511047363
1030,1.059401273727417
1031,1.6215897798538208
1032,1.9232012033462524
1033,0.9587166905403137
1034,1.4796220064163208
1035,1.5822653770446777
1036,2.5717153549194336
1037,1.2712618112564087
1038,1.9235520362854004
1039,1.177704095840454
1040,1.8469926118850708
1041,1.4405276775360107
1042,1.3050256967544556
1043,1.2620866298675537
1044,1.3540129661560059
1045,2.033874750137329
1046,1.2555216550827026
1047,1.3062973022460938
1048,1.4386767148971558
1049,1.7053065299987793
1050,1.6820428371429443
1051,1.3820765018463135
1052,1.4854158163070679
1053,0.7321268320083618
1054,0.9616014957427979
1055,1.9773008823394775
1056,0.8137437701225281
1057,1.081929326057434
1058,1.313307762145996
1059,1.2599536180496216
1060,1.259303092956543
1061,1.1323927640914917
1062,2.0195236206054688
1063,1.6765474081039429
1064,1.2676527500152588
1065,0.8478256464004517
1066,1.5013856887817383
1067,1.130936861038208
1068,1.8118541240692139
1069,1.9024980068206787
1070,2.3068296909332275
1071,2.8196752071380615
1072,1.891869068145752
1073,2.6138956546783447
1074,1.865035891532898
1075,1.7425177097320557
1076,1.9590728282928467
1077,1.858170747756958
1078,1.296655535697937
1079,1.2550090551376343
1080,2.00163197517395
1081,0.9111273884773254
1082,1.6203796863555908
1083,1.7211389541625977
1084,1.7211270332336426
1085,2.724520444869995
1086,2.053765058517456
1087,2.080101728439331
1088,2.174321413040161
1089,2.5105652809143066
1090,2.68697190284729
1091,2.7123327255249023
1092,2.8024213314056396
1093,2.5840539932250977
1094,2.2282092571258545
1095,1.3762861490249634
1096,1.2211226224899292
1097,1.6584625244140625
1098,1.1609865427017212
1099,0.9822314381599426
1100,1.118434190750122
1101,0.8068816065788269
1102,0.871313750743866
1103,1.5952236652374268
1104,1.8283851146697998
1105,1.5297021865844727
1106,1.9218907356262207
1107,1.496863603591919
1108,1.661777138710022
1109,2.4220199584960938
1110,1.6103825569152832
1111,1.9675853252410889
1112,1.2977979183197021
1113,1.6612157821655273
1114,2.496814489364624
1115,2.368577241897583
1116,1.7406545877456665
1117,1.9760550260543823
1118,1.550676941871643
1119,2.143721580505371
1120,2.7444236278533936
1121,2.165712594985962
1122,1.5901790857315063
1123,1.678602933883667
1124,1.033982276916504
1125,1.4249913692474365
1126,1.2697782516479492
1127,1.3951576948165894
1128,1.2898486852645874
1129,1.6014870405197144
1130,1.564007043838501
1131,1.3370846509933472
1132,1.6615792512893677
1133,1.732134222984314
1134,2.3274765014648438
1135,2.2094578742980957
1136,1.4127687215805054
1137,1.666156530380249
1138,2.978499412536621
1139,1.0919971466064453
1140,1.573522686958313
1141,1.5841941833496094
1142,1.0663844347000122
1143,1.3628792762756348
1144,1.0913933515548706
1145,1.3133200407028198
1146,1.0613430738449097
1147,1.888871669769287
1148,1.439521074295044
1149,1.7485307455062866
1150,1.6478790044784546
1151,2.268131732940674
1152,1.3758302927017212
1153,1.184309959411621
1154,1.48503839969635
1155,1.677303433418274
1156,2.461954355239868
1157,1.1431018114089966
1158,1.5176302194595337
1159,1.304283618927002
1160,0.8899065852165222
1161,2.357259750366211
1162,1.5797479152679443
1163,1.9905303716659546
1164,1.3311978578567505
1165,1.1796268224716187
1166,1.821659803390503
1167,1.038605809211731
1168,2.294884443283081
1169,2.389353036880493
1170,0.916070818901062
1171,1.6035175323486328
1172,1.5541578531265259
1173,1.6755849123001099
1174,1.2629469633102417
1175,1.504400372505188
1176,0.9632331132888794
1177,1.1468510627746582
1178,1.0251379013061523
1179,1.8450508117675781
1180,1.31925630569458
1181,1.460356593132019
1182,1.7506135702133179
1183,1.1872153282165527
1184,1.1416094303131104
1185,1.894544005393982
1186,1.7122615575790405
1187,1.4241316318511963
1188,1.2163251638412476
1189,1.3168450593948364
1190,1.840696930885315
1191,1.3637073040008545
1192,0.7587180137634277
1193,1.3397759199142456
1194,0.6102928519248962
1195,1.2198352813720703
1196,1.0400919914245605
1197,0.962584376335144
1198,1.5383615493774414
1199,1.7661107778549194
1200,1.0643937587738037
1201,1.9162542819976807
1202,1.724948763847351
1203,1.3614839315414429
1204,1.2439697980880737
1205,1.0014989376068115
1206,1.3208094835281372
1207,1.2766965627670288
1208,1.6806340217590332
1209,1.3430989980697632
1210,1.7089905738830566
1211,1.3983967304229736
1212,0.9513056874275208
1213,0.568167507648468
1214,0.8070195913314819
1215,0.6743341684341431
1216,0.5945749878883362
1217,1.345313549041748
1218,1.0091235637664795
1219,1.5378187894821167
1220,1.6139121055603027
1221,1.1097228527069092
1222,1.2910394668579102
1223,2.4500601291656494
1224,1.626734972000122
1225,1.9499177932739258
1226,1.1752427816390991
1227,1.3668103218078613
1228,2.0460009574890137
1229,2.39078950881958
1230,3.5789237022399902
1231,3.7026801109313965
1232,3.0340468883514404
1233,2.071320056915283
1234,2.1094329357147217
1235,2.3221118450164795
1236,1.9695448875427246
1237,1.8767261505126953
1238,1.3321810960769653
1239,2.2708284854888916
1240,1.7727304697036743
1241,2.4434640407562256
1242,1.5730717182159424
1243,2.0210511684417725
1244,1.4066697359085083
1245,0.7342495322227478
1246,1.1280852556228638
1247,1.317527174949646
1248,0.9346264600753784
1249,1.2644917964935303
1250,1.3118765354156494
1251,1.6491620540618896
1252,1.111359715461731
1253,0.8861767053604126
1254,1.5491559505462646
1255,2.2289021015167236
1256,3.655965805053711
1257,2.2997679710388184
1258,1.1952046155929565
1259,1.4249024391174316
1260,1.5151431560516357
1261,1.3532829284667969
1262,1.9329839944839478
1263,2.1061606407165527
1264,1.2581897974014282
1265,1.7622017860412598
1266,1.5116692781448364
1267,1.5168352127075195
1268,1.292301058769226
1269,1.9070969820022583
1270,2.1620302200317383
1271,1.7983794212341309
1272,1.7442840337753296
1273,1.8015434741973877
1274,2.033787250518799
1275,1.938610553741455
1276,1.4756864309310913
1277,1.1100369691848755
1278,1.1936731338500977
1279,1.0143826007843018
1280,1.669228434562683
1281,2.0401837825775146
1282,1.0909395217895508
1283,1.4912670850753784
1284,0.911638081073761
1285,2.3321523666381836
1286,2.7993221282958984
1287,1.5947519540786743
1288,2.543722629547119
1289,1.518784999847412
1290,2.8575963973999023
1291,1.8734865188598633
1292,1.3675159215927124
1293,1.4952943325042725
1294,1.3783012628555298
1295,1.524849772453308
1296,1.2427119016647339
1297,1.5188673734664917
1298,1.1606650352478027
1299,0.9306157827377319
1300,2.1039106845855713
1301,1.3882431983947754
1302,1.2967157363891602
1303,1.7450913190841675
1304,1.7535369396209717
1305,3.176450729370117
1306,0.9494786262512207
1307,1.7055305242538452
1308,2.8168227672576904
1309,1.6868340969085693
1310,1.146917700767517
1311,1.1752653121948242
1312,1.6499618291854858
1313,1.5681122541427612
1314,1.238021731376648
1315,1.7686418294906616
1316,0.8593930602073669
1317,1.122498869895935
1318,2.9481306076049805
1319,1.2131916284561157
1320,1.093495488166809
1321,1.3391529321670532
1322,1.888127326965332
1323,2.2581799030303955
1324,2.1446666717529297
1325,1.6526414155960083
1326,1.1769256591796875
1327,1.150551438331604
1328,1.5948749780654907
1329,1.2060260772705078
1330,1.4171857833862305
1331,1.6380705833435059
1332,2.095914125442505
1333,2.274273157119751
1334,1.0490918159484863
1335,1.3680039644241333
1336,1.5411484241485596
1337,1.4802480936050415
1338,1.5848678350448608
1339,1.2275642156600952
1340,1.3492501974105835
1341,1.4527479410171509
1342,1.883085012435913
1343,2.1686112880706787
1344,1.351847529411316
1345,1.6143203973770142
1346,1.8801970481872559
1347,1.572679042816162
1348,1.1559462547302246
1349,2.3146088123321533
1350,1.3998538255691528
1351,0.945936381816864
1352,0.5224940776824951
1353,0.9278718829154968
1354,1.0014278888702393
1355,1.0040682554244995
1356,0.7919765710830688
1357,1.3853510618209839
1358,1.8010555505752563
1359,1.4266588687896729
1360,1.1911262273788452
1361,1.3864598274230957
1362,1.487321376800537
1363,1.3925068378448486
1364,1.7964762449264526
1365,1.2678815126419067
1366,1.163162112236023
1367,1.8156019449234009
1368,0.8293240070343018
1369,0.8748934864997864
1370,1.864626169204712
1371,1.6059480905532837
1372,1.4307899475097656
1373,1.8698720932006836
1374,1.6399590969085693
1375,2.361849546432495
1376,2.264695405960083
1377,1.7524408102035522
1378,1.494181752204895
1379,1.1974186897277832
1380,0.9892489910125732
1381,1.420880675315857
1382,1.6087841987609863
1383,1.3390084505081177
1384,1.5150694847106934
1385,2.139350414276123
1386,2.642803192138672
1387,1.8048661947250366
1388,1.8208281993865967
1389,1.1547982692718506
1390,1.1513397693634033
1391,1.136074185371399
1392,1.6681511402130127
1393,1.390620470046997
1394,2.3191967010498047
1395,2.4186973571777344
1396,1.2729144096374512
1397,1.2974718809127808
1398,1.1384531259536743
1399,1.4946566820144653
1400,1.1574616432189941
1401,0.958278238773346
1402,1.859532117843628
1403,1.3058407306671143
1404,2.2007639408111572
1405,1.0323930978775024
1406,1.3824635744094849
1407,1.9002814292907715
1408,1.9002231359481812
1409,2.114325523376465
1410,1.909550666809082
1411,2.0047202110290527
1412,1.8021968603134155
1413,1.241280198097229
1414,1.8103793859481812
1415,1.6983873844146729
1416,2.9807403087615967
1417,2.364494562149048
1418,1.342514991760254
1419,1.2486178874969482
1420,2.3183603286743164
1421,3.020601987838745
1422,2.359630823135376
1423,2.4530246257781982
1424,1.9594295024871826
1425,2.3108372688293457
1426,2.231159210205078
1427,2.423311710357666
1428,1.7726531028747559
1429,1.1278246641159058
1430,1.4412422180175781
1431,1.443454384803772
1432,1.3445409536361694
1433,1.2609668970108032
1434,0.9372767210006714
1435,1.2501009702682495
1436,1.4097853899002075
1437,0.743433952331543
1438,1.6891112327575684
1439,1.6484265327453613
1440,1.5204312801361084
1441,1.3665592670440674
1442,1.8264521360397339
1443,1.9541937112808228
1444,1.0041425228118896
1445,1.4208320379257202
1446,1.2124366760253906
1447,0.8197470903396606
1448,1.0588164329528809
1449,1.512750267982483
1450,1.6614058017730713
1451,2.1295385360717773
1452,1.1130011081695557
1453,0.9360406398773193
1454,1.199896216392517
1455,2.1108672618865967
1456,2.2584879398345947
1457,2.8335111141204834
1458,2.3864965438842773
1459,2.914768695831299
1460,2.2608728408813477
1461,1.9234472513198853
1462,1.8530083894729614
1463,2.055448532104492
1464,1.3445109128952026
1465,1.1707100868225098
1466,1.0337353944778442
1467,0.719711422920227
1468,1.027764916419983
1469,1.250794768333435
1470,1.148071050643921
1471,0.822148323059082
1472,1.2337895631790161
1473,1.2122286558151245
1474,1.7251358032226562
1475,1.685732364654541
1476,1.9448262453079224
1477,2.653627872467041
1478,1.7384027242660522
1479,1.2391124963760376
1480,1.2334916591644287
1481,0.9868820905685425
1482,1.2513930797576904
1483,1.9212175607681274
1484,1.0087615251541138
1485,1.066049337387085
1486,0.6936153769493103
1487,1.295229196548462
1488,1.2166286706924438
1489,1.3701235055923462
1490,2.50117564201355
1491,1.8528742790222168
1492,0.9881279468536377
1493,2.1190521717071533
1494,2.149704694747925
1495,1.5697931051254272
1496,1.9002647399902344
1497,0.9656966328620911
1498,0.934179425239563
1499,1.4362318515777588
1500,1.1318387985229492
1501,1.5251773595809937
1502,1.3903203010559082
1503,0.9725383520126343
1504,0.5122029185295105
1505,1.0009894371032715
1506,1.2585712671279907
1507,1.7999019622802734
1508,2.3819446563720703
1509,1.3117552995681763
1510,1.703315258026123
1511,1.2033673524856567
1512,1.8731731176376343
1513,2.1007437705993652
1514,0.9214910864830017
1515,1.0782389640808105
1516,0.6565574407577515
1517,1.0802162885665894
1518,0.9273316860198975
1519,1.2234857082366943
1520,0.7691397666931152
1521,1.080742359161377
1522,1.6119128465652466
1523,1.405268907546997
1524,1.0861142873764038
1525,1.0374794006347656
1526,2.002891778945923
1527,1.4515893459320068
1528,1.7053009271621704
1529,1.2541701793670654
1530,1.7649812698364258
1531,2.0539495944976807
1532,1.534426212310791
1533,1.724703073501587
1534,1.1450400352478027
1535,1.0451087951660156
1536,0.9640213251113892
1537,1.1376415491104126
1538,0.7649315595626831
1539,1.8203675746917725
1540,1.6243574619293213
1541,1.111370325088501
1542,1.4434462785720825
1543,2.269235372543335
1544,2.592648506164551
1545,1.4834758043289185
1546,1.221256971359253
1547,2.0359954833984375
1548,2.7696151733398438
1549,1.9475021362304688
1550,1.6392300128936768
1551,2.254488229751587
1552,1.311295986175537
1553,0.8996587991714478
1554,1.4060159921646118
1555,1.021147608757019
1556,1.1994102001190186
1557,1.8271334171295166
1558,2.3763790130615234
1559,1.992153286933899
1560,1.6329995393753052
1561,1.6908884048461914
1562,1.5766792297363281
1563,1.080381989479065
1564,1.6756283044815063
1565,1.702309250831604
1566,2.4547271728515625
1567,2.136979818344116
1568,1.8080434799194336
1569,1.2164736986160278
1570,1.847436785697937
1571,2.010134696960449
1572,1.4621837139129639
1573,1.3292453289031982
1574,1.2364121675491333
1575,1.1064749956130981
1576,1.8161888122558594
1577,1.8265244960784912
1578,1.8105717897415161
1579,2.2734787464141846
1580,2.121504068374634
1581,1.2688707113265991
1582,1.911758542060852
1583,1.9853591918945312
1584,1.5018563270568848
1585,2.2015953063964844
1586,1.8873296976089478
1587,2.1980628967285156
1588,2.3212170600891113
1589,2.1970224380493164
1590,1.664907455444336
1591,1.4422305822372437
1592,0.9431413412094116
1593,0.660172700881958
1594,1.0357275009155273
1595,0.8980730772018433
1596,0.6537524461746216
1597,0.9505883455276489
1598,1.3882521390914917
1599,1.481908917427063
1600,1.713079571723938
1601,1.8812342882156372
1602,1.7890480756759644
1603,3.00419545173645
1604,1.4777921438217163
1605,0.9303907752037048
1606,1.470334768295288
1607,0.7212978601455688
1608,1.5869762897491455
1609,1.0784136056900024
1610,1.216463565826416
1611,1.500411033630371
1612,1.285028338432312
1613,1.155198574066162
1614,2.292501211166382
1615,1.4099098443984985
1616,0.9708442687988281
1617,1.4544203281402588
1618,1.5876638889312744
1619,0.8771263957023621
1620,1.7967979907989502
1621,1.144952416419983
1622,0.8136016130447388
1623,1.1429411172866821
1624,1.1743618249893188
1625,1.9809825420379639
1626,1.3739511966705322
1627,1.2032326459884644
1628,1.6752833127975464
1629,0.7840643525123596
1630,1.6241880655288696
1631,2.5074431896209717
1632,1.3013842105865479
1633,1.0552442073822021
1634,0.8286850452423096
1635,1.0487697124481201
1636,1.0891026258468628
1637,1.1593364477157593
1638,1.0715022087097168
1639,3.2003631591796875
1640,3.1009528636932373
1641,1.6232640743255615
1642,2.4250404834747314
1643,1.5317569971084595
1644,1.85769784450531
1645,1.86630117893219
1646,1.064453363418579
1647,1.5625149011611938
1648,2.595428705215454
1649,2.057490587234497
1650,1.692322015762329
1651,1.3183622360229492
1652,1.5990817546844482
1653,2.119948148727417
1654,1.025846004486084
1655,0.7797713875770569
1656,1.6310441493988037
1657,1.0947437286376953
1658,1.5627174377441406
1659,1.4700255393981934
1660,1.302933931350708
1661,0.7103127837181091
1662,1.2555724382400513
1663,1.4705599546432495
1664,0.9968392252922058
1665,0.9970108866691589
1666,1.1453437805175781
1667,2.123167037963867
1668,2.3472938537597656
1669,1.1372735500335693
1670,1.8619534969329834
1671,1.4819793701171875
1672,1.5021997690200806
1673,0.9642788171768188
1674,0.9641079306602478
1675,1.62674081325531
1676,1.5773043632507324
1677,1.2549514770507812
1678,0.981139063835144
1679,1.152564525604248
1680,1.3361016511917114
1681,2.3134846687316895
1682,2.236212730407715
1683,1.4744130373001099
1684,1.7671301364898682
1685,1.0746088027954102
1686,2.4870870113372803
1687,1.6176121234893799
1688,1.7095495462417603
1689,1.4954087734222412
1690,1.5945618152618408
1691,0.7101235389709473
1692,2.231081008911133
1693,2.0564780235290527
1694,3.7472591400146484
1695,1.7754160165786743
1696,1.7537262439727783
1697,1.763209581375122
1698,2.675856113433838
1699,1.584946870803833
1700,1.2798079252243042
1701,1.7053513526916504
1702,1.1611382961273193
1703,1.8975355625152588
1704,0.902195155620575
1705,2.5615766048431396
1706,1.6299641132354736
1707,0.7316088080406189
1708,1.0282105207443237
1709,1.4132559299468994
1710,1.3850162029266357
1711,1.037480354309082
1712,1.2268394231796265
1713,1.0470927953720093
1714,0.7591235637664795
1715,1.9162960052490234
1716,1.313672661781311
1717,1.3609222173690796
1718,0.993532121181488
1719,1.0154714584350586
1720,0.8131123781204224
1721,0.779011607170105
1722,1.3912670612335205
1723,2.101702928543091
1724,1.3156840801239014
1725,0.78854900598526
1726,1.4935780763626099
1727,1.335054636001587
1728,1.357493281364441
1729,2.0431365966796875
1730,1.4696623086929321
1731,1.113857388496399
1732,1.2132751941680908
1733,0.9822084903717041
1734,0.8093017935752869
1735,0.7529722452163696
1736,1.7733674049377441
1737,1.2421367168426514
1738,2.1249663829803467
1739,1.888938069343567
1740,2.3620975017547607
1741,1.777271032333374
1742,1.962546706199646
1743,1.4390411376953125
1744,1.3229511976242065
1745,1.1585947275161743
1746,1.4709925651550293
1747,1.0235377550125122
1748,1.3846896886825562
1749,1.4400113821029663
1750,1.952553629875183
1751,2.6422362327575684
1752,2.4339518547058105
1753,2.3380770683288574
1754,1.1540353298187256
1755,1.900635838508606
1756,1.762285590171814
1757,1.2496159076690674
1758,0.9306056499481201
1759,1.614372968673706
1760,1.361528992652893
1761,1.2412123680114746
1762,0.6813684105873108
1763,1.8844974040985107
1764,1.1491256952285767
1765,1.2538820505142212
1766,1.0884101390838623
1767,2.6379287242889404
1768,2.1194686889648438
1769,1.7016443014144897
1770,1.5099239349365234
1771,1.1647998094558716
1772,1.0444061756134033
1773,1.612082600593567
1774,2.0355401039123535
1775,0.8068225383758545
1776,1.1887179613113403
1777,1.103401780128479
1778,1.2106837034225464
1779,1.9196826219558716
1780,1.9805961847305298
1781,2.0868961811065674
1782,2.841426134109497
1783,3.0124752521514893
1784,2.003525972366333
1785,1.2594884634017944
1786,1.626956582069397
1787,1.6751970052719116
1788,1.662858486175537
1789,1.9225349426269531
1790,1.3456906080245972
1791,2.4824557304382324
1792,1.4221296310424805
1793,1.0939456224441528
1794,1.1922329664230347
1795,2.14499568939209
1796,2.058241367340088
1797,2.2566637992858887
1798,2.550060510635376
1799,2.520383596420288
1800,2.878981590270996
1801,1.8329236507415771
1802,1.4499603509902954
1803,1.521065354347229
1804,1.9970345497131348
1805,1.0990864038467407
1806,0.8330841660499573
1807,1.4371182918548584
1808,1.274695873260498
1809,2.961350440979004
1810,1.6658436059951782
1811,1.7097389698028564
1812,2.7485673427581787
1813,3.0171477794647217
1814,1.8383713960647583
1815,3.236973524093628
1816,2.429657220840454
1817,2.1036267280578613
1818,2.716808795928955
1819,3.611724376678467
1820,2.75303316116333
1821,3.1661994457244873
1822,2.4673619270324707
1823,2.7804806232452393
1824,2.486248254776001
1825,1.9714114665985107
1826,1.9754358530044556
1827,0.7856533527374268
1828,1.0228251218795776
1829,0.8835502862930298
1830,1.1304208040237427
1831,1.1741713285446167
1832,1.1473195552825928
1833,1.4680753946304321
1834,2.2643513679504395
1835,1.4975650310516357
1836,0.7992959022521973
1837,2.273350715637207
1838,3.6002492904663086
1839,2.3352181911468506
1840,2.5228331089019775
1841,2.108778715133667
1842,2.1228744983673096
1843,1.3340703248977661
1844,1.9297120571136475
1845,2.0114011764526367
1846,1.0193114280700684
1847,0.7125294208526611
1848,1.0581599473953247
1849,0.9309300780296326
1850,1.1588943004608154
1851,1.3850758075714111
1852,0.947056233882904
1853,2.4041666984558105
1854,2.695509910583496
1855,1.9289860725402832
1856,2.68057918548584
1857,1.3853143453598022
1858,1.6711161136627197
1859,0.8495058417320251
1860,1.2931939363479614
1861,1.2480887174606323
1862,0.8684937953948975
1863,1.0878465175628662
1864,1.3591618537902832
1865,1.2892705202102661
1866,0.9220696687698364
1867,1.213551640510559
1868,1.4819916486740112
1869,2.148650884628296
1870,1.3822875022888184
1871,2.419269323348999
1872,1.6980667114257812
1873,1.1874545812606812
1874,1.5050716400146484
1875,1.729201316833496
1876,0.9988962411880493
1877,1.2072986364364624
1878,1.4024163484573364
1879,1.426999568939209
1880,1.1012431383132935
1881,0.562512218952179
1882,1.5592619180679321
1883,1.2690306901931763
1884,1.156813621520996
1885,1.691717505455017
1886,1.3226155042648315
1887,1.3021963834762573
1888,1.833857774734497
1889,2.6346030235290527
1890,1.4612889289855957
1891,1.3714021444320679
1892,1.1940109729766846
1893,1.3440698385238647
1894,1.1165390014648438
1895,1.8640152215957642
1896,1.2364920377731323
1897,1.8469264507293701
1898,2.0684585571289062
1899,1.0269569158554077
1900,0.6312923431396484
1901,0.9147835969924927
1902,0.9790733456611633
1903,1.103729486465454
1904,0.9705300331115723
1905,0.9163122177124023
1906,0.9037573933601379
1907,1.1633905172348022
1908,1.3310234546661377
1909,1.311660647392273
1910,1.6761095523834229
1911,2.4998817443847656
1912,1.9259655475616455
1913,1.5010673999786377
1914,1.5749053955078125
1915,2.651095151901245
1916,1.281736135482788
1917,1.911112904548645
1918,1.9876121282577515
1919,1.161449909210205
1920,1.7220569849014282
1921,1.3946635723114014
1922,1.0706485509872437
1923,1.0611943006515503
1924,1.1294015645980835
1925,1.5490906238555908
1926,0.7851119637489319
1927,1.303818702697754
1928,1.0281764268875122
1929,1.1623725891113281
1930,1.0477571487426758
1931,2.00451922416687
1932,2.216420888900757
1933,1.2668187618255615
1934,0.9639465808868408
1935,1.6245548725128174
1936,1.6049931049346924
1937,1.2248890399932861
1938,0.9989162683486938
1939,1.071395993232727
1940,0.7299895882606506
1941,0.9598007798194885
1942,0.5863436460494995
1943,1.8767696619033813
1944,0.9871824979782104
1945,1.8989336490631104
1946,1.6808948516845703
1947,1.2972947359085083
1948,1.1207636594772339
1949,2.450573205947876
1950,1.672625184059143
1951,1.8235576152801514
1952,1.5815603733062744
1953,1.361781358718872
1954,1.1662160158157349
1955,1.5910439491271973
1956,0.7744427919387817
1957,1.8539437055587769
1958,1.0881139039993286
1959,0.9302995800971985
1960,0.8660033941268921
1961,1.1007471084594727
1962,1.7644308805465698
1963,1.1343584060668945
1964,2.67004656791687
1965,1.5831217765808105
1966,1.4157875776290894
1967,2.3615548610687256
1968,1.272829532623291
1969,1.7297980785369873
1970,1.8978043794631958
1971,1.546166181564331
1972,1.2792140245437622
1973,0.848069965839386
1974,2.7419795989990234
1975,1.8124204874038696
1976,1.2714794874191284
1977,1.1994291543960571
1978,1.9925264120101929
1979,1.7956513166427612
1980,2.105081796646118
1981,1.8680270910263062
1982,1.8728440999984741
1983,1.930187702178955
1984,1.9169468879699707
1985,1.3370709419250488
1986,1.0712487697601318
1987,0.8257679343223572
1988,0.9547500014305115
1989,1.0928711891174316
1990,0.9194422960281372
1991,1.2124801874160767
1992,3.8119258880615234
1993,2.250579833984375
1994,1.587965726852417
1995,2.321833372116089
1996,2.528146505355835
1997,1.215760588645935
1998,1.4335681200027466
1999,3.214874267578125
2000,2.2832181453704834
2001,1.5173425674438477
2002,2.32566237449646
2003,2.271059989929199
2004,1.9031044244766235
2005,0.7858598232269287
2006,1.1164902448654175
2007,0.6971267461776733
2008,1.6897780895233154
2009,1.4886006116867065
2010,1.0843392610549927
2011,2.1693146228790283
2012,1.9670255184173584
2013,1.3017932176589966
2014,1.735397219657898
2015,1.3440073728561401
2016,1.1961966753005981
2017,0.6355982422828674
2018,0.770331084728241
2019,1.35894775390625
2020,1.5251734256744385
2021,1.2300444841384888
2022,1.5679466724395752
2023,1.2929643392562866
2024,0.7511518001556396
2025,1.8261408805847168
2026,1.301762342453003
2027,1.3375682830810547
2028,1.256151795387268
2029,1.478557825088501
2030,2.1043684482574463
2031,1.533981204032898
2032,1.4162228107452393
2033,1.425687551498413
2034,1.919836163520813
2035,1.0402274131774902
2036,1.9262025356292725
2037,1.127892017364502
2038,1.413493275642395
2039,1.0533777475357056
2040,0.8613047003746033
2041,0.9880937337875366
2042,0.9200934171676636
2043,1.626768946647644
2044,1.1464987993240356
2045,2.2891407012939453
2046,1.1558901071548462
2047,1.0085018873214722
2048,1.4571558237075806
2049,1.2403886318206787
2050,0.8340004086494446
2051,1.5989309549331665
2052,1.1956779956817627
2053,1.423299789428711
2054,1.7666890621185303
2055,2.255136013031006
2056,1.1370313167572021
2057,1.1345851421356201
2058,1.9038292169570923
2059,1.2297356128692627
2060,1.3675494194030762
2061,1.9814194440841675
2062,1.917675256729126
2063,1.4391977787017822
2064,1.1389011144638062
2065,1.1842515468597412
2066,1.509090542793274
2067,1.3810663223266602
2068,1.9003546237945557
2069,1.956919550895691
2070,1.7170227766036987
2071,0.8903144001960754
2072,0.8947634696960449
2073,1.0899139642715454
2074,1.5417687892913818
2075,2.197523355484009
2076,1.2796480655670166
2077,2.2975990772247314
2078,2.5902910232543945
2079,2.1232542991638184
2080,2.006662607192993
2081,1.2330734729766846
2082,3.0574986934661865
2083,2.161860227584839
2084,2.018190383911133
2085,2.022972583770752
2086,1.606496810913086
2087,1.3276969194412231
2088,1.7251049280166626
2089,2.04144024848938
2090,1.4274557828903198
2091,1.7121398448944092
2092,1.7587496042251587
2093,1.5858030319213867
2094,1.6377109289169312
2095,2.8414316177368164
2096,5.363497257232666
2097,3.036654472351074
2098,2.526686906814575
2099,1.6017534732818604
2100,1.0644840002059937
2101,2.0185441970825195
2102,1.1611354351043701
2103,0.8233550786972046
2104,1.4785104990005493
2105,2.5063369274139404
2106,2.595614194869995
2107,2.7009687423706055
2108,1.9668924808502197
2109,1.3516857624053955
2110,0.7811514139175415
2111,0.4869648218154907
2112,0.9592257738113403
2113,0.5552704930305481
2114,1.545169472694397
2115,1.6125825643539429
2116,1.9513345956802368
2117,1.0853575468063354
2118,1.5785428285598755
2119,1.9837592840194702
2120,1.9076740741729736
2121,1.3531534671783447
2122,1.7033882141113281
2123,1.0104769468307495
2124,1.2314268350601196
2125,1.1528648138046265
2126,1.951503038406372
2127,2.463085412979126
2128,1.319124698638916
2129,1.3489173650741577
2130,2.3020689487457275
2131,1.8645288944244385
2132,1.095599889755249
2133,2.5177571773529053
2134,0.801109254360199
2135,1.0619410276412964
2136,0.7426640391349792
2137,1.107926607131958
2138,0.9372945427894592
2139,1.00606107711792
2140,1.4768472909927368
2141,1.6299083232879639
2142,1.5024315118789673
2143,2.1455767154693604
2144,2.0357565879821777
2145,2.3368847370147705
2146,2.025470018386841
2147,2.1597728729248047
2148,2.1634156703948975
2149,1.7072362899780273
2150,1.07846200466156
2151,1.440619945526123
2152,1.6356159448623657
2153,2.0382585525512695
2154,0.7712048292160034
2155,1.9562523365020752
2156,2.1021411418914795
2157,2.3595333099365234
2158,1.1631842851638794
2159,1.8657845258712769
2160,1.6244763135910034
2161,1.7722686529159546
2162,1.121485948562622
2163,0.7990682125091553
2164,1.3382272720336914
2165,0.9083782434463501
2166,1.084631085395813
2167,1.155421495437622
2168,0.6115546226501465
2169,0.727479875087738
2170,0.7604396343231201
2171,2.1987221240997314
2172,0.7975978851318359
2173,2.2165215015411377
2174,1.528312087059021
2175,1.3623883724212646
2176,1.91993248462677
2177,1.841446042060852
2178,1.7306127548217773
2179,2.048992872238159
2180,1.4684170484542847
2181,1.0023138523101807
2182,1.3378653526306152
2183,1.5833278894424438
2184,1.305096983909607
2185,1.1881650686264038
2186,1.6300801038742065
2187,1.8479629755020142
2188,1.370774507522583
2189,0.8170549273490906
2190,1.1985563039779663
2191,1.0011847019195557
2192,1.3663122653961182
2193,1.2537933588027954
2194,0.9591492414474487
2195,1.2466522455215454
2196,0.9993219971656799
2197,0.8396896123886108
2198,1.5420814752578735
2199,0.7807782888412476
2200,1.0158034563064575
2201,0.9911562204360962
2202,1.1212927103042603
2203,1.6228915452957153
2204,1.414082646369934
2205,1.339897632598877
2206,1.0441055297851562
2207,2.0834274291992188
2208,1.158395528793335
2209,3.484408378601074
2210,1.619463324546814
2211,1.5354450941085815
2212,2.2651796340942383
2213,1.9431740045547485
2214,2.2890212535858154
2215,2.293973684310913
2216,1.3457664251327515
2217,1.6081677675247192
2218,1.777895450592041
2219,1.6888530254364014
2220,2.2331948280334473
2221,2.0547101497650146
2222,1.4579570293426514
2223,2.2267773151397705
2224,2.454564094543457
2225,1.3325061798095703
2226,1.6880086660385132
2227,1.224193811416626
2228,1.1863996982574463
2229,1.0806692838668823
2230,1.226784586906433
2231,1.0015509128570557
2232,1.348989486694336
2233,0.6683370471000671
2234,0.8596283793449402
2235,1.348434329032898
2236,0.6955896615982056
2237,0.932659924030304
2238,1.4531010389328003
2239,1.9332737922668457
2240,1.2412182092666626
2241,1.249323844909668
2242,1.9075886011123657
2243,1.7032562494277954
2244,2.2227375507354736
2245,3.640728712081909
2246,1.9338756799697876
2247,1.167155385017395
2248,1.5580695867538452
2249,2.2097744941711426
2250,1.4877065420150757
2251,1.091390609741211
2252,1.2601927518844604
2253,1.9247292280197144
2254,1.6123881340026855
2255,1.9869904518127441
2256,2.1103291511535645
2257,0.8067947030067444
2258,1.153374195098877
2259,1.0351877212524414
2260,1.3867281675338745
2261,0.8152381181716919
2262,1.7600311040878296
2263,2.0189449787139893
2264,0.9504375457763672
2265,0.8602896928787231
2266,0.8273956775665283
2267,1.0305888652801514
2268,1.209360122680664
2269,1.104499101638794
2270,0.8100345730781555
2271,1.420771837234497
2272,0.6885257959365845
2273,1.2343162298202515
2274,1.1438905000686646
2275,1.0877639055252075
2276,0.7303088903427124
2277,1.2411774396896362
2278,1.2019102573394775
2279,1.4214913845062256
2280,1.166342854499817
2281,1.9807621240615845
2282,2.253565788269043
2283,2.123793601989746
2284,2.4660093784332275
2285,2.5830583572387695
2286,2.1088919639587402
2287,2.514057159423828
2288,1.5477259159088135
2289,1.5770689249038696
2290,0.7486922144889832
2291,1.3533828258514404
2292,0.6075968146324158
2293,0.8558598756790161
2294,0.62129807472229
2295,0.8033971190452576
2296,1.1014097929000854
2297,1.2345526218414307
2298,2.641944646835327
2299,2.9479012489318848
2300,2.513972759246826
2301,1.7632490396499634
2302,1.4382445812225342
2303,0.9234157204627991
2304,0.9181783199310303
2305,0.8717514872550964
2306,1.154162883758545
2307,1.268136739730835
2308,1.289486289024353
2309,1.4041497707366943
2310,1.5085843801498413
2311,1.0555182695388794
2312,1.2137917280197144
2313,1.2032527923583984
2314,1.4542855024337769
2315,0.8709993362426758
2316,1.5224345922470093
2317,0.5483241677284241
2318,0.7232073545455933
2319,1.396443486213684
2320,0.8206464648246765
2321,1.2110494375228882
2322,1.0798481702804565
2323,1.294354796409607
2324,1.966780424118042
2325,0.7824121713638306
2326,1.2091797590255737
2327,0.9106947183609009
2328,1.8561571836471558
2329,0.9766908884048462
2330,1.223080039024353
2331,1.5690439939498901
2332,1.177783489227295
2333,1.171649694442749
2334,0.7115527987480164
2335,0.7461597323417664
2336,1.0569590330123901
2337,0.8834370970726013
2338,0.8840790390968323
2339,1.562332034111023
2340,0.8040468692779541
2341,1.017952799797058
2342,2.8272180557250977
2343,0.9489056468009949
2344,1.0762056112289429
2345,2.810502052307129
2346,0.7946670651435852
2347,0.9808968901634216
2348,0.940509021282196
2349,1.165850281715393
2350,0.947678804397583
2351,0.5666735768318176
2352,0.9581740498542786
2353,0.6576394438743591
2354,2.7305424213409424
2355,0.6425579786300659
2356,1.030625820159912
2357,1.27297043800354
2358,2.43536376953125
2359,1.2778005599975586
2360,2.139164447784424
2361,1.7969971895217896
2362,2.074479341506958
2363,1.2028429508209229
2364,1.3358840942382812
2365,0.7003253698348999
2366,0.782781720161438
2367,1.4054423570632935
2368,1.1996700763702393
2369,1.6292331218719482
2370,0.6692445278167725
2371,0.8601060509681702
2372,0.8702173829078674
2373,0.7989433407783508
2374,2.0991289615631104
2375,1.3286104202270508
2376,1.0893043279647827
2377,2.0484602451324463
2378,1.0933339595794678
2379,2.568854331970215
2380,1.9383955001831055
2381,1.355832815170288
2382,2.0788235664367676
2383,1.1158180236816406
2384,1.6538262367248535
2385,1.5324448347091675
2386,0.8369433879852295
2387,0.6144723892211914
2388,0.8228402137756348
2389,1.5772784948349
2390,0.5614480972290039
2391,0.8978773951530457
2392,0.9690752029418945
2393,1.841698169708252
2394,0.8210867047309875
2395,0.6544952392578125
2396,0.6658065915107727
2397,1.6829578876495361
2398,1.1316381692886353
2399,0.6172270774841309
2400,1.0343947410583496
2401,0.5348380208015442
2402,0.8725776076316833
2403,1.0331381559371948
2404,1.1217536926269531
2405,1.2603716850280762
2406,1.3227049112319946
2407,1.2554842233657837
2408,1.1996605396270752
2409,1.261271595954895
2410,1.006210446357727
2411,1.2462934255599976
2412,1.0445786714553833
2413,1.2386997938156128
2414,0.9957424998283386
2415,0.6968159079551697
2416,0.6591752767562866
2417,1.2746421098709106
2418,0.5343923568725586
2419,0.7812786102294922
2420,1.555396556854248
2421,1.412764310836792
2422,1.7744126319885254
2423,0.681108295917511
2424,1.2504936456680298
2425,1.8684561252593994
2426,1.2699470520019531
2427,0.952739953994751
2428,1.1304082870483398
2429,2.11466121673584
2430,1.0463404655456543
2431,1.6343834400177002
2432,1.1705365180969238
2433,1.2843719720840454
2434,1.2688060998916626
2435,0.6557386517524719
2436,0.6112673878669739
2437,1.3982094526290894
2438,1.223360538482666
2439,1.1268326044082642
2440,2.1986243724823
2441,1.1503161191940308
2442,2.4983396530151367
2443,1.5791027545928955
2444,1.325001835823059
2445,1.030656337738037
2446,0.9974108338356018
2447,0.9175565242767334
2448,2.3078982830047607
2449,1.6162487268447876
2450,0.9772950410842896
2451,1.624508261680603
2452,1.2776070833206177
2453,1.5795924663543701
2454,1.1447211503982544
2455,1.1846516132354736
2456,1.1426596641540527
2457,1.5673973560333252
2458,0.4976886212825775
2459,1.198367953300476
2460,1.022074818611145
2461,1.3815550804138184
2462,1.3226956129074097
2463,0.7122265696525574
2464,1.1946622133255005
2465,1.140066146850586
2466,0.5498328804969788
2467,1.3033320903778076
2468,0.9227187633514404
2469,1.4112696647644043
2470,0.7105082869529724
2471,1.390984058380127
2472,1.5041344165802002
2473,1.7448370456695557
2474,2.067134141921997
2475,1.5755610466003418
2476,1.3955570459365845
2477,1.1289706230163574
2478,2.216414451599121
2479,1.2913274765014648
2480,0.8304401636123657
2481,0.6252449154853821
2482,0.7279373407363892
2483,1.4325494766235352
2484,0.776728630065918
2485,0.7233211994171143
2486,1.2496355772018433
2487,2.005244493484497
2488,2.4351789951324463
2489,1.5531108379364014
2490,2.6742076873779297
2491,1.5470926761627197
2492,0.9467474818229675
2493,1.0843138694763184
2494,1.209955096244812
2495,0.9579358696937561
2496,1.8408161401748657
2497,1.4710991382598877
2498,0.7741879820823669
2499,0.8994277119636536
2500,0.9058219790458679
2501,0.9535709023475647
2502,0.9267117381095886
2503,1.2874383926391602
2504,1.328616976737976
2505,2.222252368927002
2506,2.0446600914001465
2507,2.2269718647003174
2508,1.0051581859588623
2509,1.598332166671753
2510,2.043882131576538
2511,1.5370335578918457
2512,1.2581919431686401
2513,1.1836631298065186
2514,0.7354681491851807
2515,0.680920422077179
2516,1.4125165939331055
2517,1.318157434463501
2518,0.6643015146255493
2519,2.067608118057251
2520,1.982526183128357
2521,1.465656042098999
2522,2.6959798336029053
2523,1.270288348197937
2524,1.6127480268478394
2525,1.6133536100387573
2526,1.3745448589324951
2527,1.4643992185592651
2528,2.582275629043579
2529,1.8392976522445679
2530,1.9620177745819092
2531,1.4766548871994019
2532,1.5701647996902466
2533,1.8304479122161865
2534,1.3367764949798584
2535,1.1436891555786133
2536,1.4924129247665405
2537,1.4058408737182617
2538,1.685884952545166
2539,3.319373369216919
2540,1.684862494468689
2541,1.5702240467071533
2542,2.206631660461426
2543,1.3620107173919678
2544,1.3980029821395874
2545,1.892277717590332
2546,0.9641762971878052
2547,0.7914544939994812
2548,0.6314587593078613
2549,1.9433341026306152
2550,0.8351637125015259
2551,1.54081130027771
2552,1.2290980815887451
2553,1.4184949398040771
2554,0.7480446696281433
2555,0.8445391654968262
2556,0.8017911314964294
2557,1.8175815343856812
2558,0.6470071077346802
2559,1.576180100440979
2560,0.7683534026145935
2561,1.267496943473816
2562,1.2404987812042236
2563,1.1194231510162354
2564,1.0448706150054932
2565,1.4997047185897827
2566,1.3619316816329956
2567,0.9266060590744019
2568,1.190926432609558
2569,1.0086753368377686
2570,0.6439386010169983
2571,0.556851863861084
2572,0.9517961144447327
2573,1.0429112911224365
2574,1.1554089784622192
2575,0.8111313581466675
2576,0.877286434173584
2577,1.6220440864562988
2578,1.6206060647964478
2579,1.0928549766540527
2580,1.3082646131515503
2581,2.1967499256134033
2582,1.1200140714645386
2583,2.63372540473938
2584,2.165487289428711
2585,0.7599303722381592
2586,1.5100229978561401
2587,1.1846336126327515
2588,1.2169435024261475
2589,0.9414306879043579
2590,1.592826247215271
2591,0.7077425718307495
2592,0.5620177984237671
2593,0.9451526999473572
2594,1.0626028776168823
2595,1.6982322931289673
2596,0.8500495553016663
2597,1.645013451576233
2598,1.4829756021499634
2599,1.5300101041793823
2600,2.1413655281066895
2601,1.128754734992981
2602,0.9559032917022705
2603,1.0664076805114746
2604,1.128105878829956
2605,1.3451725244522095
2606,0.9176802635192871
2607,1.9460957050323486
2608,0.6097363233566284
2609,1.201475977897644
2610,0.7403442859649658
2611,0.9135143756866455
2612,1.253010630607605
2613,0.7947078347206116
2614,0.7617177963256836
2615,1.1222641468048096
2616,1.0713764429092407
2617,0.48258233070373535
2618,2.061863422393799
2619,1.562493085861206
2620,1.3446365594863892
2621,0.8048093914985657
2622,1.939632773399353
2623,2.236520290374756
2624,1.1496552228927612
2625,1.8122544288635254
2626,1.6113487482070923
2627,1.1785008907318115
2628,1.1084766387939453
2629,1.269382119178772
2630,0.5719746947288513
2631,0.7947207093238831
2632,0.9841919541358948
2633,1.1365792751312256
2634,1.8745425939559937
2635,1.9306532144546509
2636,2.917919635772705
2637,1.3411389589309692
2638,1.5885368585586548
2639,1.2420088052749634
2640,1.604897141456604
2641,1.2746741771697998
2642,0.9232211709022522
2643,1.1569187641143799
2644,1.4322994947433472
2645,0.7343634366989136
2646,0.8372018933296204
2647,0.9679709076881409
2648,1.2915706634521484
2649,1.1918834447860718
2650,1.211588740348816
2651,1.0716767311096191
2652,1.4185388088226318
2653,1.297206997871399
2654,1.074445128440857
2655,1.1108243465423584
2656,1.1826273202896118
2657,1.2194600105285645
2658,0.668367326259613
2659,1.0105128288269043
2660,1.2959345579147339
2661,0.8501104712486267
2662,0.7481337189674377
2663,0.7407549619674683
2664,0.9231916069984436
2665,1.2848671674728394
2666,0.967894971370697
2667,1.1558001041412354
2668,1.0105537176132202
2669,0.7965655326843262
2670,0.8401461839675903
2671,1.719151496887207
2672,1.45936119556427
2673,1.1043752431869507
2674,1.3935565948486328
2675,0.9045913815498352
2676,1.6611576080322266
2677,1.4002907276153564
2678,1.6768507957458496
2679,1.2396050691604614
2680,1.200608253479004
2681,1.689063549041748
2682,0.8858914971351624
2683,1.9507755041122437
2684,0.8624600768089294
2685,0.5125874280929565
2686,0.6985008716583252
2687,0.5701600313186646
2688,0.7070494890213013
2689,0.7545697689056396
2690,1.3420518636703491
2691,0.5230130553245544
2692,1.4721616506576538
2693,1.58009672164917
2694,1.02681303024292
2695,0.8919103145599365
2696,1.5152795314788818
2697,2.052657127380371
2698,1.3196402788162231
2699,1.344649314880371
2700,1.7052638530731201
2701,3.312486410140991
2702,1.6595994234085083
2703,1.7130368947982788
2704,1.998587965965271
2705,0.5731192827224731
2706,1.3311163187026978
2707,0.7556750178337097
2708,1.1882379055023193
2709,1.1780827045440674
2710,1.1461358070373535
2711,1.1923030614852905
2712,1.2464814186096191
2713,2.1211726665496826
2714,2.065105676651001
2715,1.3834747076034546
2716,2.4870824813842773
2717,2.456393003463745
2718,1.5340176820755005
2719,1.499455451965332
2720,1.425370216369629
2721,0.8427390456199646
2722,1.161368727684021
2723,0.8681592345237732
2724,1.0297086238861084
2725,0.7163755893707275
2726,0.8792615532875061
2727,1.4225515127182007
2728,1.290550947189331
2729,0.941116213798523
2730,1.0007472038269043
2731,1.3625291585922241
2732,1.5751076936721802
2733,1.9086027145385742
2734,0.9768351316452026
2735,1.3749799728393555
2736,1.2739845514297485
2737,1.6449971199035645
2738,1.595719814300537
2739,0.7756921648979187
2740,0.917384922504425
2741,1.1632667779922485
2742,1.0112968683242798
2743,0.839486837387085
2744,1.0930345058441162
2745,1.1183091402053833
2746,1.0435528755187988
2747,1.5100573301315308
2748,0.7556471228599548
2749,0.9078426957130432
2750,0.9204923510551453
2751,0.8449914455413818
2752,2.6892499923706055
2753,2.586149215698242
2754,1.3694871664047241
2755,1.4846737384796143
2756,1.2796460390090942
2757,1.8902491331100464
2758,2.196232557296753
2759,2.2747244834899902
2760,1.7431496381759644
2761,1.61191725730896
2762,1.4693204164505005
2763,1.3512142896652222
2764,2.1456494331359863
2765,2.0057413578033447
2766,1.6529353857040405
2767,1.418074607849121
2768,1.1098119020462036
2769,2.2403111457824707
2770,1.6971375942230225
2771,1.1800435781478882
2772,1.2853209972381592
2773,1.9574224948883057
2774,1.053239345550537
2775,1.522643804550171
2776,0.6470032334327698
2777,0.4688543379306793
2778,0.838710606098175
2779,0.4631645679473877
2780,1.1372649669647217
2781,0.6871212124824524
2782,0.8682817220687866
2783,1.0808286666870117
2784,1.1440304517745972
2785,0.9632578492164612
2786,1.1403968334197998
2787,1.139483094215393
2788,1.2317283153533936
2789,1.4456825256347656
2790,0.7746511697769165
2791,0.9518409967422485
2792,0.8944027423858643
2793,1.1701933145523071
2794,0.9154425859451294
2795,1.1925467252731323
2796,0.5519793033599854
2797,0.9445545673370361
2798,1.1404101848602295
2799,0.7894682884216309
2800,0.847926914691925
2801,1.4669057130813599
2802,1.3430359363555908
2803,1.094907522201538
2804,1.6875135898590088
2805,0.6531736254692078
2806,0.9337795972824097
2807,1.8388848304748535
2808,0.82105952501297
2809,1.1843295097351074
2810,0.9844488501548767
2811,0.8010873794555664
2812,0.9744722843170166
2813,0.9668766856193542
2814,1.084439754486084
2815,0.7583550214767456
2816,2.7999958992004395
2817,1.9803746938705444
2818,2.618316888809204
2819,1.2850260734558105
2820,1.5763506889343262
2821,1.7590599060058594
2822,0.7168638706207275
2823,0.6791014075279236
2824,1.4089163541793823
2825,0.7843852639198303
2826,1.3564786911010742
2827,0.7379993200302124
2828,1.147349238395691
2829,1.1748312711715698
2830,3.6169686317443848
2831,1.8227872848510742
2832,1.1245384216308594
2833,0.6895962357521057
2834,0.8201425075531006
2835,1.7917684316635132
2836,0.8963143825531006
2837,1.3101351261138916
2838,0.9257402420043945
2839,0.6755834221839905
2840,2.518892765045166
2841,0.8869045972824097
2842,0.7948446273803711
2843,1.2073075771331787
2844,2.284881353378296
2845,0.7575876116752625
2846,0.7436106204986572
2847,0.9913631081581116
2848,1.290310263633728
2849,1.3336995840072632
2850,1.5265107154846191
2851,1.77129065990448
2852,1.1466724872589111
2853,1.076814889907837
2854,1.2830778360366821
2855,0.9164463877677917
2856,1.3534883260726929
2857,1.523602843284607
2858,1.2913838624954224
2859,1.9333264827728271
2860,3.625415086746216
2861,1.9068825244903564
2862,2.194256067276001
2863,0.7249841690063477
2864,2.0966148376464844
2865,1.654456615447998
2866,1.6771240234375
2867,1.3687041997909546
2868,0.8729468584060669
2869,1.035749077796936
2870,0.896281361579895
2871,1.1994680166244507
2872,0.6924352049827576
2873,1.2501530647277832
2874,1.5704907178878784
2875,1.5333452224731445
2876,1.0886521339416504
2877,1.9184436798095703
2878,1.1893106698989868
2879,1.3015474081039429
2880,2.0483505725860596
2881,1.2579065561294556
2882,1.4373282194137573
2883,0.4293217957019806
2884,1.7598479986190796
2885,0.682285487651825
2886,0.7486105561256409
2887,1.2260222434997559
2888,1.1443111896514893
2889,0.5817703008651733
2890,0.9749022722244263
2891,0.8194324970245361
2892,1.5690921545028687
2893,1.5290991067886353
2894,1.4128828048706055
2895,1.8821263313293457
2896,1.245681643486023
2897,1.534339189529419
2898,1.9957107305526733
2899,1.5899842977523804
2900,1.7521073818206787
2901,1.0305343866348267
2902,1.0865535736083984
2903,1.7252027988433838
2904,1.1223574876785278
2905,1.0109139680862427
2906,0.7833905816078186
2907,0.7995079159736633
2908,2.3300719261169434
2909,2.41489839553833
2910,2.34513258934021
2911,2.7202017307281494
2912,1.9164044857025146
2913,1.0952296257019043
2914,0.932014524936676
2915,0.8148266673088074
2916,0.886238157749176
2917,0.6768844723701477
2918,1.0168561935424805
2919,1.0827957391738892
2920,0.3402467966079712
2921,1.3264089822769165
2922,1.2774063348770142
2923,0.7044611573219299
2924,2.112426996231079
2925,1.1069799661636353
2926,2.4569547176361084
2927,1.069414496421814
2928,1.2584370374679565
2929,1.7298682928085327
2930,0.9966060519218445
2931,1.709325909614563
2932,0.9860702157020569
2933,0.7360217571258545
2934,0.6258658766746521
2935,0.5651516914367676
2936,0.8154115676879883
2937,0.9759697318077087
2938,2.0646417140960693
2939,1.6875134706497192
2940,0.6713440418243408
2941,1.9715096950531006
2942,1.0382201671600342
2943,1.248004674911499
2944,1.3889261484146118
2945,1.7798311710357666
2946,0.9113914370536804
2947,3.7070975303649902
2948,1.2064979076385498
2949,1.9882451295852661
2950,1.343780755996704
2951,1.2670254707336426
2952,0.6150543689727783
2953,1.0226120948791504
2954,0.6169652938842773
2955,0.9557627439498901
2956,0.4781966209411621
2957,0.925760805606842
2958,1.1093353033065796
2959,1.0307003259658813
2960,0.9898260235786438
2961,0.6328440308570862
2962,0.9461307525634766
2963,0.682948112487793
2964,0.8150802254676819
2965,1.3196641206741333
2966,0.9347973465919495
2967,0.769066333770752
2968,1.1114757061004639
2969,0.605975866317749
2970,0.7412474751472473
2971,1.0330779552459717
2972,0.907701313495636
2973,0.613162636756897
2974,0.6083939671516418
2975,0.4408247172832489
2976,0.5284282565116882
2977,0.8717294931411743
2978,1.103033185005188
2979,0.8766273260116577
2980,1.1833654642105103
2981,1.6526163816452026
2982,2.1707425117492676
2983,1.3785219192504883
2984,3.271796703338623
2985,1.000009298324585
2986,1.064713954925537
2987,1.1859806776046753
2988,0.5110456943511963
2989,0.4104135036468506
2990,0.6745482683181763
2991,0.9993878602981567
2992,0.7075263857841492
2993,0.9259737133979797
2994,0.6484144330024719
2995,1.5145606994628906
2996,1.0861501693725586
2997,1.754675030708313
2998,1.2814124822616577
2999,1.2097769975662231
3000,1.263766884803772
3001,0.8501561284065247
3002,1.1575380563735962
3003,2.5363612174987793
3004,1.2922325134277344
3005,1.1246225833892822
3006,1.6053944826126099
3007,1.0955785512924194
3008,1.6336957216262817
3009,1.2629834413528442
3010,1.1691646575927734
3011,0.8369773626327515
3012,1.35672128200531
3013,1.2616223096847534
3014,1.3166632652282715
3015,1.4736756086349487
3016,0.9021770358085632
3017,1.0470824241638184
3018,0.7316915988922119
3019,0.6053851842880249
3020,2.66593861579895
3021,1.3264824151992798
3022,2.4135637283325195
3023,0.964912474155426
3024,0.5093768835067749
3025,1.0716438293457031
3026,1.1072297096252441
3027,0.6831700205802917
3028,1.4290046691894531
3029,0.7723068594932556
3030,0.9880127310752869
3031,1.5565454959869385
3032,1.918825626373291
3033,1.5757248401641846
3034,2.0799832344055176
3035,1.5767905712127686
3036,1.553242564201355
3037,1.3598973751068115
3038,0.8351991176605225
3039,0.8744439482688904
3040,0.7070460915565491
3041,1.1601616144180298
3042,0.5360068678855896
3043,0.5140300989151001
3044,1.2215391397476196
3045,1.809632420539856
3046,1.4710369110107422
3047,3.755399227142334
3048,0.6610758304595947
3049,0.6578018069267273
3050,1.9446648359298706
3051,1.2791342735290527
3052,2.232877016067505
3053,0.40572890639305115
3054,0.6094201803207397
3055,1.1726930141448975
3056,0.7843981385231018
3057,0.4666762351989746
3058,0.5992512702941895
3059,0.4993033707141876
3060,0.8290587663650513
3061,1.0366604328155518
3062,0.562120258808136
3063,1.1956467628479004
3064,2.138059139251709
3065,1.344491958618164
3066,1.6180782318115234
3067,0.86988765001297
3068,0.8031172752380371
3069,0.8958423137664795
3070,1.1974446773529053
3071,0.5014398097991943
3072,1.26506507396698
3073,0.8397546410560608
3074,0.610602855682373
3075,1.1243349313735962
3076,1.263450026512146
3077,1.7363793849945068
3078,1.2276111841201782
3079,1.4894169569015503
3080,1.2686734199523926
3081,2.3988258838653564
3082,1.0143433809280396
3083,0.7390809059143066
3084,1.150860071182251
3085,1.1300383806228638
3086,1.3000335693359375
3087,1.6969057321548462
3088,1.738661289215088
3089,0.9572867155075073
3090,0.9639330506324768
3091,0.7553868889808655
3092,1.243713617324829
3093,2.3763508796691895
3094,2.5537431240081787
3095,1.3985328674316406
3096,1.841302514076233
3097,1.121032476425171
3098,1.519097089767456
3099,1.0654653310775757
3100,1.7031193971633911
3101,2.037933826446533
3102,1.5042130947113037
3103,1.75898277759552
3104,2.303360939025879
3105,3.6554532051086426
3106,1.0604848861694336
3107,1.1054593324661255
3108,1.3251969814300537
3109,2.220263957977295
3110,1.3931621313095093
3111,0.7439004182815552
3112,0.513197660446167
3113,0.8347384333610535
3114,0.9401343464851379
3115,1.3617231845855713
3116,1.155015468597412
3117,0.7043988704681396
3118,1.6106873750686646
3119,1.1760398149490356
3120,1.2048004865646362
3121,1.4249588251113892
3122,0.6818034052848816
3123,1.9561086893081665
3124,0.4222962260246277
3125,0.9926636815071106
3126,1.659562587738037
3127,0.8298831582069397
3128,1.1535810232162476
3129,1.2633683681488037
3130,1.4271302223205566
3131,0.8167937397956848
3132,0.5970762968063354
3133,0.7029266357421875
3134,0.4864489734172821
3135,1.2850626707077026
3136,1.3958044052124023
3137,0.8969724774360657
3138,1.4364241361618042
3139,1.7868183851242065
3140,1.6907442808151245
3141,1.2358571290969849
3142,1.5624418258666992
3143,0.7270983457565308
3144,0.47550931572914124
3145,1.141093373298645
3146,0.6869558691978455
3147,2.4132180213928223
3148,0.5523781776428223
3149,0.8653926849365234
3150,1.8001389503479004
3151,0.8854446411132812
3152,1.053266167640686
3153,1.4188573360443115
3154,0.9353335499763489
3155,1.0547256469726562
3156,1.6293944120407104
3157,1.1312448978424072
3158,1.5320147275924683
3159,1.9314767122268677
3160,1.0332485437393188
3161,0.770017147064209
3162,1.0002250671386719
3163,0.780302882194519
3164,0.8529816269874573
3165,1.1348460912704468
3166,1.405624270439148
3167,4.2774505615234375
3168,3.0303099155426025
3169,1.7484742403030396
3170,1.487740159034729
3171,0.4806133508682251
3172,1.0382672548294067
3173,0.7001664042472839
3174,0.8084273934364319
3175,1.080773115158081
3176,0.9574500918388367
3177,1.1300554275512695
3178,1.2682077884674072
3179,0.7171880602836609
3180,0.521673858165741
3181,1.4680780172348022
3182,1.954738736152649
3183,1.3303799629211426
3184,1.7150452136993408
3185,0.8906633257865906
3186,0.5709664821624756
3187,0.5360066294670105
3188,0.9741124510765076
3189,1.1296765804290771
3190,1.0877764225006104
3191,1.486498236656189
3192,1.497748851776123
3193,1.456730604171753
3194,1.246994972229004
3195,0.9660756587982178
3196,1.5173609256744385
3197,0.9747220277786255
3198,0.5597659349441528
3199,1.4042145013809204
3200,1.9073749780654907
3201,1.0863415002822876
3202,0.5710465312004089
3203,1.095630168914795
3204,1.0525412559509277
3205,1.0282469987869263
3206,0.9787541031837463
3207,1.0566922426223755
3208,0.7226276397705078
3209,1.2363379001617432
3210,1.5841104984283447
3211,0.7896531224250793
3212,1.1081291437149048
3213,1.4929715394973755
3214,1.4580092430114746
3215,1.6603542566299438
3216,2.4164955615997314
3217,1.6289582252502441
3218,1.1171002388000488
3219,1.0882560014724731
3220,1.133963704109192
3221,1.8588354587554932
3222,1.532944917678833
3223,0.9104315042495728
3224,1.201463222503662
3225,1.4619394540786743
3226,1.0663262605667114
3227,0.8981514573097229
3228,0.9230703711509705
3229,1.2319520711898804
3230,0.8883047699928284
3231,0.8478813171386719
3232,1.311567783355713
3233,1.1469202041625977
3234,1.0361512899398804
3235,0.7250785827636719
3236,1.0581978559494019
3237,0.6012231707572937
3238,0.7216997146606445
3239,0.8672980666160583
3240,1.2998679876327515
3241,1.6993565559387207
3242,0.6046962141990662
3243,1.301550269126892
3244,1.6141464710235596
3245,1.579482078552246
3246,1.3395546674728394
3247,1.7436434030532837
3248,0.8083770275115967
3249,1.2538416385650635
3250,1.0682300329208374
3251,1.1198813915252686
3252,1.441384196281433
3253,1.3625138998031616
3254,1.0068387985229492
3255,1.355468511581421
3256,1.0951977968215942
3257,0.7603438496589661
3258,1.2076101303100586
3259,1.6835614442825317
3260,1.2903456687927246
3261,0.9717236161231995
3262,1.2472864389419556
3263,1.5357123613357544
3264,1.3534839153289795
3265,0.944100558757782
3266,1.099312663078308
3267,0.5116899013519287
3268,1.325472116470337
3269,0.9696955680847168
3270,1.517242193222046
3271,0.7174938321113586
3272,0.7905337810516357
3273,0.6898693442344666
3274,1.5675827264785767
3275,1.2007873058319092
3276,1.4860339164733887
3277,1.5163811445236206
3278,0.6894633769989014
3279,0.6341590285301208
3280,0.5464814901351929
3281,0.9065127968788147
3282,0.8002637624740601
3283,1.0586237907409668
3284,0.6414369344711304
3285,0.9010179042816162
3286,1.2053885459899902
3287,1.4799845218658447
3288,1.9671775102615356
3289,1.5756735801696777
3290,1.6570377349853516
3291,1.01784348487854
3292,1.0899105072021484
3293,1.145621657371521
3294,1.7368230819702148
3295,1.2678582668304443
3296,1.3002424240112305
3297,1.144614815711975
3298,1.131112813949585
3299,1.2782789468765259
3300,1.7671537399291992
3301,2.541083574295044
3302,1.1022640466690063
3303,1.3473148345947266
3304,0.7456328272819519
3305,1.1329838037490845
3306,0.8628361225128174
3307,0.8591842651367188
3308,0.8169159889221191
3309,0.8179203271865845
3310,0.7860643267631531
3311,0.7861107587814331
3312,1.045331358909607
3313,0.5882216691970825
3314,1.2604997158050537
3315,2.4505345821380615
3316,1.2020539045333862
3317,0.8524218797683716
3318,1.0456255674362183
3319,0.8183494806289673
3320,0.7885727882385254
3321,1.0952638387680054
3322,0.9715062975883484
3323,1.044447660446167
3324,1.1150330305099487
3325,0.7545114755630493
3326,1.1797722578048706
3327,1.236871600151062
3328,0.878809928894043
3329,0.836555004119873
3330,0.6829479932785034
3331,1.1054279804229736
3332,0.8608154654502869
3333,2.3888654708862305
3334,0.6024748086929321
3335,0.6215814352035522
3336,0.6145310997962952
3337,1.3775534629821777
3338,1.1521732807159424
3339,0.8267638683319092
3340,0.7648407816886902
3341,0.45665282011032104
3342,1.3659707307815552
3343,0.6494675874710083
3344,1.9467438459396362
3345,0.6462840437889099
3346,1.0361286401748657
3347,1.092875599861145
3348,2.8158140182495117
3349,0.9275553822517395
3350,1.3808411359786987
3351,0.9082778692245483
3352,0.7641565799713135
3353,0.9557746052742004
3354,1.62188720703125
3355,0.7079876065254211
3356,2.3159642219543457
3357,1.9874502420425415
3358,1.6207387447357178
3359,1.2613722085952759
3360,1.1026921272277832
3361,1.3485602140426636
3362,0.9825072884559631
3363,1.983067512512207
3364,1.1739405393600464
3365,1.2148059606552124
3366,0.9071752429008484
3367,1.9405796527862549
3368,0.6022008061408997
3369,0.8220843076705933
3370,0.7197861075401306
3371,0.9554906487464905
3372,1.471949815750122
3373,0.8976007699966431
3374,1.6287994384765625
3375,0.8372536301612854
3376,0.8155227899551392
3377,1.155585527420044
3378,1.6597212553024292
3379,2.624824285507202
3380,2.8529469966888428
3381,0.5300225615501404
3382,0.7197065353393555
3383,0.851132333278656
3384,0.8062713146209717
3385,1.0650529861450195
3386,1.2364652156829834
3387,0.4618946313858032
3388,0.7215220332145691
3389,0.81694096326828
3390,0.6797949075698853
3391,0.6508844494819641
3392,0.8600278496742249
3393,0.6004811525344849
3394,0.5427802205085754
3395,1.612120509147644
3396,1.1066302061080933
3397,0.42381253838539124
3398,1.2153264284133911
3399,0.9253635406494141
3400,0.4520338177680969
3401,0.783502995967865
3402,0.7272740006446838
3403,1.128096342086792
3404,2.213963747024536
3405,1.9052948951721191
3406,1.7174512147903442
3407,2.2974236011505127
3408,2.128235340118408
3409,1.8603073358535767
3410,1.9149657487869263
3411,2.1346209049224854
3412,1.8194762468338013
3413,1.4909496307373047
3414,1.7119635343551636
3415,1.6373487710952759
3416,1.892288327217102
3417,1.4015216827392578
3418,1.776847243309021
3419,1.5743207931518555
3420,1.536706566810608
3421,1.9348781108856201
3422,1.7427691221237183
3423,0.9572391510009766
3424,1.2785224914550781
3425,2.2708072662353516
3426,0.5269843339920044
3427,0.8831068873405457
3428,0.6656857132911682
3429,0.63643878698349
3430,0.607872724533081
3431,0.6300308108329773
3432,0.8417463302612305
3433,1.0965797901153564
3434,0.3641791045665741
3435,0.9026346802711487
3436,0.6174749135971069
3437,0.7367318272590637
3438,0.607714831829071
3439,1.0767812728881836
3440,0.9260258078575134
3441,1.3115347623825073
3442,1.6848490238189697
3443,1.2818002700805664
3444,1.4233996868133545
3445,1.6171505451202393
3446,2.0443637371063232
3447,1.9115829467773438
3448,2.086353063583374
3449,2.0892486572265625
3450,2.08963942527771
3451,2.1057374477386475
3452,1.9547114372253418
3453,0.44901517033576965
3454,1.2001683712005615
3455,1.0908347368240356
3456,0.7575622200965881
3457,0.8401292562484741
3458,1.3028279542922974
3459,1.0976293087005615
3460,1.3844181299209595
3461,1.3685954809188843
3462,0.39773812890052795
3463,1.29945707321167
3464,1.2466679811477661
3465,1.752127766609192
3466,1.5723968744277954
3467,1.4757881164550781
3468,1.2817264795303345
3469,1.4216886758804321
3470,1.403948187828064
3471,1.0203940868377686
3472,1.8544998168945312
3473,1.4565562009811401
3474,0.8159018754959106
3475,1.1386358737945557
3476,0.8776965737342834
3477,1.184008002281189
3478,1.210902452468872
3479,1.5783088207244873
3480,1.2335697412490845
3481,1.3830267190933228
3482,0.9370949864387512
3483,1.605070948600769
3484,0.9588801860809326
3485,0.7806286215782166
3486,2.1465084552764893
3487,1.2875869274139404
3488,1.3222928047180176
3489,1.4035228490829468
3490,0.961473822593689
3491,1.0159885883331299
3492,0.5094420909881592
3493,1.432047724723816
3494,0.7118040323257446
3495,1.2800722122192383
3496,0.995902419090271
3497,1.2077723741531372
3498,1.3129011392593384
3499,1.4673118591308594
3500,1.0540416240692139
3501,1.1875625848770142
3502,1.2548134326934814
3503,0.9666484594345093
3504,1.8173526525497437
3505,0.5806566476821899
3506,0.6680778861045837
3507,1.0693434476852417
3508,1.3121447563171387
3509,1.6351672410964966
3510,1.4559482336044312
3511,1.5876327753067017
3512,1.2013294696807861
3513,2.2528154850006104
3514,4.4867472648620605
3515,1.7739477157592773
3516,2.1452689170837402
3517,1.2224620580673218
3518,0.9926875233650208
3519,0.8382986783981323
3520,0.49255964159965515
3521,1.4048832654953003
3522,1.8846790790557861
3523,1.3921027183532715
3524,4.022060871124268
3525,1.31170654296875
3526,1.0593739748001099
3527,0.6662417054176331
3528,1.4171503782272339
3529,0.7059282660484314
3530,0.8438400030136108
3531,0.4952942132949829
3532,0.7188822031021118
3533,0.8964712619781494
3534,0.6567225456237793
3535,0.9763462543487549
3536,0.9235363602638245
3537,0.8731295466423035
3538,1.031703233718872
3539,0.8306860327720642
3540,0.6751721501350403
3541,0.3985446095466614
3542,2.07169246673584
3543,0.6920656561851501
3544,0.8721696138381958
3545,0.9437261819839478
3546,1.07187020778656
3547,1.1487340927124023
3548,1.599357008934021
3549,1.2894384860992432
3550,1.0003446340560913
3551,1.1933975219726562
3552,1.7107709646224976
3553,2.0370559692382812
3554,1.7552943229675293
3555,3.4635009765625
3556,0.7997691035270691
3557,1.3782402276992798
3558,2.7049436569213867
3559,1.9365217685699463
3560,1.3667473793029785
3561,0.9368142485618591
3562,1.4804271459579468
3563,2.0133912563323975
3564,1.2861343622207642
3565,2.208789348602295
3566,0.7754047513008118
3567,1.2860169410705566
3568,0.5645851492881775
3569,1.254102349281311
3570,0.5815038084983826
3571,1.083229422569275
3572,1.136842966079712
3573,0.9317057728767395
3574,0.6258429884910583
3575,1.1445432901382446
3576,0.7559319734573364
3577,0.6281195878982544
3578,2.184678316116333
3579,1.2529685497283936
3580,0.9453286528587341
3581,0.9307193756103516
3582,1.6244428157806396
3583,0.9336667656898499
3584,0.7752074003219604
3585,1.2854264974594116
3586,1.0152695178985596
3587,0.8936071395874023
3588,1.115540862083435
3589,0.558188259601593
3590,1.2149404287338257
3591,1.2147245407104492
3592,1.4912607669830322
3593,1.6696516275405884
3594,1.1401234865188599
3595,1.1146115064620972
3596,1.4903178215026855
3597,1.1223444938659668
3598,1.2913545370101929
3599,1.8212394714355469
3600,1.9087690114974976
3601,1.7332528829574585
3602,1.0726414918899536
3603,1.4132267236709595
3604,1.0757575035095215
3605,1.4580131769180298
3606,0.9028955698013306
3607,3.9400148391723633
3608,1.7718309164047241
3609,1.1265612840652466
3610,0.5941653251647949
3611,0.5901747345924377
3612,2.359434127807617
3613,1.4238650798797607
3614,0.8466679453849792
3615,0.94270920753479
3616,1.126701831817627
3617,2.2810380458831787
3618,0.9151179194450378
3619,0.9941195845603943
3620,1.368018388748169
3621,1.035997986793518
3622,1.2047029733657837
3623,1.8500267267227173
3624,1.075291633605957
3625,1.271174669265747
3626,1.0299038887023926
3627,1.017204761505127
3628,0.6384400725364685
3629,1.1042506694793701
3630,0.9717096090316772
3631,1.0024998188018799
3632,1.2172795534133911
3633,0.6704680919647217
3634,0.683135449886322
3635,0.9563518762588501
3636,0.4880512058734894
3637,1.0289560556411743
3638,0.9137078523635864
3639,0.9267493486404419
3640,0.8605383634567261
3641,1.043328881263733
3642,0.5195122957229614
3643,0.4258542060852051
3644,0.7379754185676575
3645,1.4670299291610718
3646,0.6219187378883362
3647,0.42582589387893677
3648,1.3110151290893555
3649,0.6062152981758118
3650,0.9780430793762207
3651,1.0273373126983643
3652,0.9658650755882263
3653,1.4641306400299072
3654,0.6234869360923767
3655,0.41628801822662354
3656,0.6085876226425171
3657,0.8804421424865723
3658,0.7236387133598328
3659,0.5312963128089905
3660,0.5808646082878113
3661,0.6859076023101807
3662,3.743229627609253
3663,0.7174310684204102
3664,1.3945753574371338
3665,2.3419439792633057
3666,1.234635591506958
3667,1.487209439277649
3668,0.8234280347824097
3669,1.574858546257019
3670,1.593703269958496
3671,1.4336414337158203
3672,1.5406534671783447
3673,1.0644590854644775
3674,2.0612876415252686
3675,1.6545264720916748
3676,1.2024227380752563
3677,1.1354165077209473
3678,1.6013009548187256
3679,0.3810930848121643
3680,0.8456405401229858
3681,1.818039894104004
3682,1.1040838956832886
3683,1.5737911462783813
3684,1.5614417791366577
3685,1.1526920795440674
3686,1.2523910999298096
3687,1.042279839515686
3688,1.6060903072357178
3689,2.3641245365142822
3690,1.5088385343551636
3691,1.2224761247634888
3692,0.7294175028800964
3693,0.915485680103302
3694,0.7750253081321716
3695,1.2896581888198853
3696,0.8783019185066223
3697,1.0255377292633057
3698,1.4954663515090942
3699,1.13117516040802
3700,1.6584821939468384
3701,1.0891368389129639
3702,0.9368454813957214
3703,1.1135367155075073
3704,1.4873842000961304
3705,1.9476672410964966
3706,1.3145089149475098
3707,4.570472240447998
3708,2.221229076385498
3709,2.490654706954956
3710,2.034487009048462
3711,2.344604730606079
3712,2.084561824798584
3713,1.217734456062317
3714,0.9887712597846985
3715,1.1005445718765259
3716,0.7819488048553467
3717,1.2097958326339722
3718,1.0928213596343994
3719,0.8949078917503357
3720,1.1179594993591309
3721,0.7832127213478088
3722,1.0127381086349487
3723,2.66241717338562
3724,1.2601737976074219
3725,1.7335071563720703
3726,0.7121437788009644
3727,0.6734904050827026
3728,0.6391196846961975
3729,2.3690242767333984
3730,0.8627200126647949
3731,0.7400279641151428
3732,0.8707650899887085
3733,0.9771586060523987
3734,1.0883365869522095
3735,1.2575628757476807
3736,1.2796669006347656
3737,1.234798550605774
3738,1.093421459197998
3739,1.545221209526062
3740,1.0207650661468506
3741,0.8257646560668945
3742,1.1596778631210327
3743,0.8814833760261536
3744,0.9079282879829407
3745,1.5032819509506226
3746,3.3658711910247803
3747,0.3182273507118225
3748,0.6798056364059448
3749,1.727812647819519
3750,1.423583984375
3751,2.8102099895477295
3752,1.2720340490341187
3753,1.9374806880950928
3754,0.9532252550125122
3755,1.491819143295288
3756,1.0999507904052734
3757,1.4934979677200317
3758,0.8288606405258179
3759,1.4220811128616333
3760,0.7754019498825073
3761,0.3942101299762726
3762,0.9063568115234375
3763,1.3632967472076416
3764,2.4611754417419434
3765,1.6920201778411865
3766,2.545860767364502
3767,1.350398302078247
3768,1.3703405857086182
3769,1.330243468284607
3770,0.842341423034668
3771,1.407874345779419
3772,1.2890609502792358
3773,0.7534173130989075
3774,0.45004838705062866
3775,1.064073085784912
3776,1.2709678411483765
3777,1.136773705482483
3778,1.4542666673660278
3779,1.5656112432479858
3780,1.5456427335739136
3781,2.827711343765259
3782,1.2533557415008545
3783,1.9553008079528809
3784,1.1596368551254272
3785,0.6570156812667847
3786,1.2040181159973145
3787,1.5017907619476318
3788,0.4750548303127289
3789,1.7666518688201904
3790,0.7903428673744202
3791,1.077143907546997
3792,0.6688076257705688
3793,0.8853705525398254
3794,0.6400520205497742
3795,1.2025680541992188
3796,1.2207962274551392
3797,1.0460641384124756
3798,1.3837265968322754
3799,1.2793084383010864
3800,2.443748950958252
3801,2.6885061264038086
3802,0.7276095747947693
3803,1.3455944061279297
3804,0.7174018025398254
3805,1.3246593475341797
3806,0.9198676347732544
3807,1.2004677057266235
3808,0.9239708185195923
3809,0.47620251774787903
3810,1.156520962715149
3811,1.0606681108474731
3812,0.9516626596450806
3813,1.5936834812164307
3814,1.6900793313980103
3815,1.2534421682357788
3816,0.9786445498466492
3817,0.9907281994819641
3818,1.4282500743865967
3819,1.16937255859375
3820,1.5982080698013306
3821,1.4069328308105469
3822,2.1233255863189697
3823,1.850633144378662
3824,1.8926925659179688
3825,1.8913450241088867
3826,1.1996452808380127
3827,1.4953911304473877
3828,1.0098289251327515
3829,1.7496988773345947
3830,1.909071922302246
3831,1.9694230556488037
3832,1.856764316558838
3833,2.2185497283935547
3834,1.1077356338500977
3835,1.7824070453643799
3836,2.2394464015960693
3837,0.9906991720199585
3838,1.263197422027588
3839,1.532422423362732
3840,0.5440621376037598
3841,0.8762367367744446
3842,0.6069172024726868
3843,1.189047932624817
3844,1.0057915449142456
3845,0.9565784931182861
3846,0.7587113976478577
3847,0.778567910194397
3848,0.8863402009010315
3849,1.1064330339431763
3850,1.6212577819824219
3851,1.5394601821899414
3852,0.9396299123764038
3853,1.997841238975525
3854,1.4819798469543457
3855,0.9018005132675171
3856,1.2148222923278809
3857,1.4503867626190186
3858,0.5824492573738098
3859,0.5406002402305603
3860,0.9602833986282349
3861,0.3953569829463959
3862,1.0049269199371338
3863,1.3945162296295166
3864,0.8251209855079651
3865,3.753650188446045
3866,1.8096818923950195
3867,0.6140678524971008
3868,1.093290090560913
3869,2.1853840351104736
3870,1.147024154663086
3871,1.6275376081466675
3872,0.6929008960723877
3873,0.7885880470275879
3874,0.5828291177749634
3875,2.603614330291748
3876,1.3692612648010254
3877,0.6555101275444031
3878,0.6226421594619751
3879,1.0445637702941895
3880,0.8713276386260986
3881,1.340498447418213
3882,1.3979496955871582
3883,2.165278434753418
3884,1.5678026676177979
3885,1.2624536752700806
3886,1.2774150371551514
3887,1.3004964590072632
3888,0.9797252416610718
3889,0.6791929602622986
3890,0.8875419497489929
3891,0.4712138772010803
3892,0.9633640646934509
3893,3.3393771648406982
3894,1.4895209074020386
3895,0.3387998342514038
3896,1.5829222202301025
3897,0.8772072196006775
3898,1.042076826095581
3899,1.000688076019287
3900,0.7838529348373413
3901,0.6300179362297058
3902,1.19235360622406
3903,2.090911388397217
3904,0.9062194228172302
3905,1.7587318420410156
3906,2.0331015586853027
3907,1.5285377502441406
3908,1.3363945484161377
3909,1.9665919542312622
3910,1.3526294231414795
3911,1.1102677583694458
3912,1.0127363204956055
3913,0.5819342732429504
3914,1.8972989320755005
3915,1.223986268043518
3916,1.1904560327529907
3917,1.10770845413208
3918,1.4541947841644287
3919,1.056620478630066
3920,0.9592065811157227
3921,1.2784323692321777
3922,0.7859763503074646
3923,2.1823501586914062
3924,1.400663137435913
3925,0.41748371720314026
3926,1.6926920413970947
3927,1.3055146932601929
3928,0.6941322088241577
3929,0.37376341223716736
3930,1.8607059717178345
3931,0.7110414505004883
3932,0.7134957313537598
3933,1.7251898050308228
3934,1.2173633575439453
3935,1.466348648071289
3936,1.1096333265304565
3937,1.2455135583877563
3938,1.4907491207122803
3939,2.0772266387939453
3940,1.6841886043548584
3941,1.2841815948486328
3942,1.593235731124878
3943,1.1004196405410767
3944,1.195629358291626
3945,0.7750198841094971
3946,1.442626714706421
3947,1.3181450366973877
3948,1.427085518836975
3949,1.2976250648498535
3950,1.0761299133300781
3951,0.9091187715530396
3952,1.6633433103561401
3953,0.7615228891372681
3954,0.6728292107582092
3955,0.7009544372558594
3956,0.9035878777503967
3957,2.305173397064209
3958,2.0065033435821533
3959,1.215818166732788
3960,1.7378877401351929
3961,0.9816296696662903
3962,0.9694681167602539
3963,0.6954006552696228
3964,0.836723804473877
3965,1.215678334236145
3966,1.5104271173477173
3967,1.1774768829345703
3968,1.147853136062622
3969,0.8961319923400879
3970,1.0148093700408936
3971,0.7954437732696533
3972,0.659270167350769
3973,0.5215622186660767
3974,1.141228199005127
3975,0.9982101917266846
3976,1.2080719470977783
3977,1.134893774986267
3978,1.8862943649291992
3979,0.9227891564369202
3980,0.932887077331543
3981,1.004894733428955
3982,1.38872492313385
3983,1.0701767206192017
3984,1.2745448350906372
3985,1.6383533477783203
3986,2.2692859172821045
3987,1.747483730316162
3988,1.366426944732666
3989,1.323073148727417
3990,1.1160703897476196
3991,0.9386366605758667
3992,1.131531000137329
3993,1.9183827638626099
3994,0.7766971588134766
3995,0.6163589358329773
3996,1.0330320596694946
3997,0.8567028641700745
3998,1.2344211339950562
3999,2.044516086578369
4000,1.1241003274917603
4001,0.9735579490661621
4002,1.5952808856964111
4003,1.201032280921936
4004,2.7959766387939453
4005,0.7783768773078918
4006,2.611168384552002
4007,0.6655228137969971
4008,0.6783439517021179
4009,0.7881057262420654
4010,1.086923599243164
4011,1.0487096309661865
4012,1.159795880317688
4013,1.1145551204681396
4014,0.4633843004703522
4015,1.4585269689559937
4016,1.0340580940246582
4017,0.41516849398612976
4018,0.7687273621559143
4019,0.43981069326400757
4020,0.44201603531837463
4021,0.9555865526199341
4022,0.9250379204750061
4023,2.1621720790863037
4024,1.579526662826538
4025,1.5843901634216309
4026,1.1030462980270386
4027,1.7528305053710938
4028,1.9193264245986938
4029,0.8038262128829956
4030,1.3517951965332031
4031,0.4190276265144348
4032,0.919417142868042
4033,1.6748433113098145
4034,0.5502941608428955
4035,1.2432289123535156
4036,1.4510825872421265
4037,1.145664095878601
4038,1.010967493057251
4039,1.5942836999893188
4040,2.320387601852417
4041,1.6194379329681396
4042,1.5127086639404297
4043,1.8866461515426636
4044,2.2293121814727783
4045,2.394014596939087
4046,1.3537535667419434
4047,1.4344475269317627
4048,0.998217761516571
4049,0.8352127075195312
4050,0.7138530015945435
4051,1.1512867212295532
4052,2.9023993015289307
4053,0.8925400972366333
4054,2.0690717697143555
4055,2.077430486679077
4056,1.2220817804336548
4057,0.8084169626235962
4058,0.9364534616470337
4059,1.3005427122116089
4060,1.7487672567367554
4061,1.0910942554473877
4062,2.76332950592041
4063,1.176032304763794
4064,1.1137328147888184
4065,1.0212657451629639
4066,1.1618528366088867
4067,1.1455774307250977
4068,0.9910661578178406
4069,0.6538782715797424
4070,1.454242467880249
4071,0.5845544934272766
4072,0.672204852104187
4073,0.9614764451980591
4074,1.1107412576675415
4075,0.38040003180503845
4076,2.1493592262268066
4077,0.9391591548919678
4078,1.6922869682312012
4079,0.9181971549987793
4080,0.5751990079879761
4081,0.8614119291305542
4082,1.0702810287475586
4083,0.7211815714836121
4084,1.2900410890579224
4085,1.0908972024917603
4086,1.1699786186218262
4087,1.8418470621109009
4088,0.8613726496696472
4089,0.8350514769554138
4090,0.5549967885017395
4091,1.0395816564559937
4092,1.144744873046875
4093,0.9427072405815125
4094,1.870858073234558
4095,0.9694901704788208
4096,1.58754301071167
4097,1.088903784751892
4098,1.0758929252624512
4099,1.4540116786956787
4100,0.5963799953460693
4101,0.7593657374382019
4102,2.7534189224243164
4103,0.850385844707489
4104,0.828788697719574
4105,1.1674450635910034
4106,0.7468182444572449
4107,1.1995552778244019
4108,1.4111851453781128
4109,0.9920064806938171
4110,0.8948596715927124
4111,1.0831283330917358
4112,1.7450833320617676
4113,1.456246018409729
4114,1.5498486757278442
4115,1.257728099822998
4116,1.54745614528656
4117,1.4809914827346802
4118,1.1398035287857056
4119,1.0773706436157227
4120,1.036032795906067
4121,1.3712427616119385
4122,1.2912105321884155
4123,1.6489933729171753
4124,0.9977773427963257
4125,2.0255963802337646
4126,1.5490458011627197
4127,1.3009006977081299
4128,1.8260020017623901
4129,2.483891010284424
4130,1.0248520374298096
4131,3.2192189693450928
4132,1.1710090637207031
4133,0.556433916091919
4134,1.9495761394500732
4135,1.230412244796753
4136,0.7951627969741821
4137,0.9231864213943481
4138,1.1659483909606934
4139,0.7277141809463501
4140,0.6804009675979614
4141,0.8608003854751587
4142,1.005346417427063
4143,2.6416308879852295
4144,0.7926723957061768
4145,0.6940580606460571
4146,1.423923373222351
4147,1.0290318727493286
4148,0.9836388230323792
4149,0.9424781203269958
4150,1.1922235488891602
4151,1.2115892171859741
4152,1.3898348808288574
4153,1.3599013090133667
4154,1.3093197345733643
4155,2.3410556316375732
4156,2.1193535327911377
4157,1.2774927616119385
4158,1.4772471189498901
4159,1.654503345489502
4160,1.2421889305114746
4161,1.2327109575271606
4162,1.1220746040344238
4163,0.7061696648597717
4164,1.3634799718856812
4165,1.2482844591140747
4166,0.6687747240066528
4167,1.1209313869476318
4168,1.0483689308166504
4169,1.1488513946533203
4170,2.055414915084839
4171,1.8859704732894897
4172,0.9161756634712219
4173,1.0259674787521362
4174,0.9042226076126099
4175,1.4102299213409424
4176,0.7599397301673889
4177,0.6365038156509399
4178,1.0385721921920776
4179,0.7942380905151367
4180,0.6685290932655334
4181,1.3554227352142334
4182,0.9910291433334351
4183,0.5512384176254272
4184,0.7587896585464478
4185,0.5334249138832092
4186,0.8917045593261719
4187,0.505553126335144
4188,0.5619863271713257
4189,0.9614962935447693
4190,1.585781455039978
4191,1.5636385679244995
4192,1.1181200742721558
4193,1.3088624477386475
4194,1.0071451663970947
4195,1.5154134035110474
4196,1.3072645664215088
4197,1.4058396816253662
4198,1.0242574214935303
4199,0.8983833193778992
4200,1.1954150199890137
4201,1.4956008195877075
4202,1.1400914192199707
4203,0.991691529750824
4204,1.143363118171692
4205,0.43262940645217896
4206,1.1998465061187744
4207,0.5863465070724487
4208,1.3200271129608154
4209,0.5014960169792175
4210,0.7833943963050842
4211,1.3774954080581665
4212,0.8045171499252319
4213,1.4530746936798096
4214,1.1174228191375732
4215,1.7182294130325317
4216,1.7764538526535034
4217,1.5700920820236206
4218,1.396911382675171
4219,0.4083068072795868
4220,0.8288658857345581
4221,0.8427309393882751
4222,0.8120303750038147
4223,1.6431949138641357
4224,0.6498805284500122
4225,1.0688239336013794
4226,0.8007078766822815
4227,1.6191470623016357
4228,1.1891433000564575
4229,0.5320078730583191
4230,1.0006704330444336
4231,1.6364673376083374
4232,0.7198764085769653
4233,0.35665804147720337
4234,0.6006887555122375
4235,0.5102158188819885
4236,0.630150556564331
4237,1.1014318466186523
4238,1.3438297510147095
4239,0.869467556476593
4240,1.742068886756897
4241,0.6454046964645386
4242,0.8504080176353455
4243,1.1692085266113281
4244,1.0881496667861938
4245,0.880689263343811
4246,0.9972260594367981
4247,0.882584810256958
4248,0.7259142398834229
4249,0.5795320272445679
4250,0.4075019955635071
4251,0.4563792049884796
4252,0.5397703647613525
4253,0.4836258292198181
4254,0.863116443157196
4255,0.7342610955238342
4256,1.2353869676589966
4257,0.9434725642204285
4258,1.0473918914794922
4259,1.51321542263031
4260,0.8245627880096436
4261,2.3044986724853516
4262,1.4516135454177856
4263,1.4800454378128052
4264,1.7004437446594238
4265,0.5680162906646729
4266,0.9994111061096191
4267,0.3294350206851959
4268,1.4940358400344849
4269,0.382487028837204
4270,0.9330922961235046
4271,0.5840941071510315
4272,0.599490225315094
4273,0.6068108081817627
4274,0.8017102479934692
4275,0.5686548948287964
4276,0.7752655744552612
4277,0.698306143283844
4278,1.516412377357483
4279,1.3287709951400757
4280,1.0293834209442139
4281,0.7333168387413025
4282,1.510033130645752
4283,0.9176782369613647
4284,1.2804994583129883
4285,0.6178181171417236
4286,0.9361795783042908
4287,0.6638004183769226
4288,1.2121660709381104
4289,1.3955836296081543
4290,1.0737552642822266
4291,1.618025541305542
4292,0.8535072803497314
4293,0.9854331016540527
4294,1.02572762966156
4295,1.2147434949874878
4296,1.2958673238754272
4297,2.9700911045074463
4298,0.7734785676002502
4299,0.3932836353778839
4300,1.1691893339157104
4301,1.7670161724090576
4302,2.572376012802124
4303,0.6299355626106262
4304,1.7513540983200073
4305,0.7429399490356445
4306,1.218766212463379
4307,0.4786415100097656
4308,0.36071786284446716
4309,0.8091484904289246
4310,0.4011279046535492
4311,1.2047313451766968
4312,1.053460955619812
4313,0.6797395944595337
4314,0.9237198829650879
4315,0.69451504945755
4316,0.9146835803985596
4317,1.1934521198272705
4318,0.6705489754676819
4319,1.2740333080291748
4320,2.037388801574707
4321,1.226138710975647
4322,1.019525170326233
4323,1.307205319404602
4324,1.3426356315612793
4325,1.2319393157958984
4326,1.6117783784866333
4327,1.437662959098816
4328,1.3409652709960938
4329,1.2802287340164185
4330,1.1400070190429688
4331,1.2592260837554932
4332,0.6994600296020508
4333,0.8831696510314941
4334,0.7924962639808655
4335,1.561528205871582
4336,1.5097863674163818
4337,2.0732948780059814
4338,1.8033260107040405
4339,1.304368257522583
4340,1.8974214792251587
4341,1.5904237031936646
4342,2.223261833190918
4343,1.2450904846191406
4344,0.7849172353744507
4345,0.4829440414905548
4346,0.979426383972168
4347,0.5787829756736755
4348,1.7707849740982056
4349,1.2423573732376099
4350,1.4339573383331299
4351,1.780737280845642
4352,0.9430299401283264
4353,1.3731293678283691
4354,1.3854387998580933
4355,1.6904411315917969
4356,1.7271004915237427
4357,1.3424707651138306
4358,1.4997509717941284
4359,1.242798089981079
4360,0.7452462315559387
4361,1.539219617843628
4362,1.3589375019073486
4363,1.5972172021865845
4364,1.3702534437179565
4365,0.9743500351905823
4366,1.1227283477783203
4367,0.6983760595321655
4368,1.454951286315918
4369,0.9642899632453918
4370,2.533198595046997
4371,1.2053385972976685
4372,1.7369709014892578
4373,0.9431914687156677
4374,1.7134572267532349
4375,1.694696068763733
4376,0.7924642562866211
4377,1.2366751432418823
4378,1.09083092212677
4379,0.5262803435325623
4380,0.8237770199775696
4381,0.5812181234359741
4382,1.5684762001037598
4383,0.8652471899986267
4384,1.535220980644226
4385,1.4045181274414062
4386,1.3932842016220093
4387,1.6566734313964844
4388,1.441849946975708
4389,1.328276515007019
4390,1.492034673690796
4391,0.8963860273361206
4392,0.9944971799850464
4393,1.2993366718292236
4394,1.0413986444473267
4395,1.0737658739089966
4396,1.6510432958602905
4397,0.7935312390327454
4398,0.7720473408699036
4399,2.244703769683838
4400,0.4940301775932312
4401,0.41853830218315125
4402,1.0847294330596924
4403,0.6152887344360352
4404,0.6503453850746155
4405,0.9048625826835632
4406,1.2858320474624634
4407,0.8601460456848145
4408,0.5808645486831665
4409,0.36835992336273193
4410,0.33129802346229553
4411,0.543838381767273
4412,1.1483314037322998
4413,0.6516751050949097
4414,0.7918282151222229
4415,0.47478559613227844
4416,0.6471520662307739
4417,0.2976149618625641
4418,0.7838752269744873
4419,0.8223124146461487
4420,0.629794716835022
4421,0.5850534439086914
4422,0.9078342318534851
4423,1.0316591262817383
4424,1.072622299194336
4425,0.7656716108322144
4426,1.4352718591690063
4427,1.562358021736145
4428,0.9144421815872192
4429,0.8100331425666809
4430,0.54069983959198
4431,0.6691792011260986
4432,0.756792426109314
4433,0.5381872057914734
4434,0.5610032081604004
4435,0.6686128377914429
4436,1.1061959266662598
4437,5.7881669998168945
4438,1.3114713430404663
4439,1.5538543462753296
4440,1.5293891429901123
4441,1.6448832750320435
4442,1.9549943208694458
4443,1.4004029035568237
4444,2.1448659896850586
4445,1.080383539199829
4446,0.8183601498603821
4447,0.6524394750595093
4448,0.9476232528686523
4449,0.34991803765296936
4450,0.5139307975769043
4451,0.5824096202850342
4452,0.6274380683898926
4453,1.3270326852798462
4454,0.564298689365387
4455,1.0497777462005615
4456,0.9777908325195312
4457,0.7549458742141724
4458,3.4911437034606934
4459,1.9246138334274292
4460,1.4604315757751465
4461,1.3828785419464111
4462,1.2663766145706177
4463,1.203751802444458
4464,1.0589487552642822
4465,1.1855682134628296
4466,0.97392737865448
4467,1.615900993347168
4468,1.2695297002792358
4469,1.0991348028182983
4470,1.1848140954971313
4471,1.3536511659622192
4472,1.5211398601531982
4473,1.4607527256011963
4474,1.042527198791504
4475,1.3591399192810059
4476,1.368721842765808
4477,1.9373480081558228
4478,2.026888847351074
4479,1.0758399963378906
4480,0.9155771136283875
4481,0.4245278239250183
4482,0.9904994368553162
4483,0.6154205799102783
4484,0.5860605835914612
4485,0.96727454662323
4486,0.34994491934776306
4487,2.341963052749634
4488,0.7779974341392517
4489,1.2639286518096924
4490,1.1741889715194702
4491,1.5992205142974854
4492,0.873825192451477
4493,0.9236957430839539
4494,0.939202070236206
4495,0.9569452404975891
4496,3.3878910541534424
4497,0.4579101800918579
4498,1.0894360542297363
4499,1.2651606798171997
4500,2.950934410095215
4501,1.2240606546401978
4502,1.06088125705719
4503,1.1706162691116333
4504,1.473686933517456
4505,1.0032974481582642
4506,0.6379397511482239
4507,1.018195390701294
4508,0.7861884832382202
4509,0.4770035147666931
4510,0.44099268317222595
4511,0.871502161026001
4512,0.761107861995697
4513,0.5418914556503296
4514,1.0838210582733154
4515,0.9710744619369507
4516,1.4764511585235596
4517,1.2329626083374023
4518,0.6633469462394714
4519,1.1030679941177368
4520,1.4860758781433105
4521,0.8245531916618347
4522,1.1857763528823853
4523,0.7516120076179504
4524,0.8281938433647156
4525,1.004914402961731
4526,0.8064002394676208
4527,1.183826208114624
4528,0.7758544087409973
4529,0.915572464466095
4530,1.0108633041381836
4531,0.8543887138366699
4532,0.6792516112327576
4533,0.6411641240119934
4534,1.1322444677352905
4535,1.1940488815307617
4536,0.9396042227745056
4537,0.7072072625160217
4538,1.1278833150863647
4539,1.0220005512237549
4540,1.00532865524292
4541,0.5706667900085449
4542,3.3288052082061768
4543,2.49672269821167
4544,0.6480574607849121
4545,0.8566567897796631
4546,0.6062272191047668
4547,0.45950964093208313
4548,1.408922553062439
4549,0.4169144630432129
4550,0.701024055480957
4551,0.24830758571624756
4552,0.8001165390014648
4553,0.7529298067092896
4554,0.6428578495979309
4555,0.45456674695014954
4556,1.1488173007965088
4557,0.7587140202522278
4558,0.8701250553131104
4559,0.8697656989097595
4560,0.8129591941833496
4561,1.225326657295227
4562,1.5270856618881226
4563,0.8681386113166809
4564,1.1114896535873413
4565,0.6890615224838257
4566,1.0698875188827515
4567,1.2215712070465088
4568,0.8278782367706299
4569,0.6341541409492493
4570,1.1161631345748901
4571,1.4872556924819946
4572,1.0784893035888672
4573,1.0274465084075928
4574,1.1996057033538818
4575,1.8517500162124634
4576,0.977702260017395
4577,1.2714990377426147
4578,1.5287175178527832
4579,1.415871024131775
4580,1.1593137979507446
4581,1.154970407485962
4582,1.0384310483932495
4583,0.8149112462997437
4584,1.5140386819839478
4585,1.1386760473251343
4586,1.6523423194885254
4587,1.388972282409668
4588,1.0389044284820557
4589,1.9277023077011108
4590,0.6743889451026917
4591,0.777424693107605
4592,0.5759336352348328
4593,0.7172496914863586
4594,0.8136099576950073
4595,1.5032036304473877
4596,1.4855999946594238
4597,0.9527884721755981
4598,1.143717646598816
4599,1.2810719013214111
4600,0.9854167103767395
4601,0.8361319899559021
4602,0.3583146929740906
4603,0.7390398979187012
4604,1.6565215587615967
4605,1.096306562423706
4606,0.956846296787262
4607,0.7200518250465393
4608,0.8657125234603882
4609,1.30116868019104
4610,1.1426866054534912
4611,1.3258405923843384
4612,1.6871665716171265
4613,0.7460265755653381
4614,0.751533567905426
4615,0.9829533696174622
4616,1.3052754402160645
4617,1.9376342296600342
4618,0.8900226354598999
4619,0.7842517495155334
4620,0.6919633746147156
4621,2.287773370742798
4622,3.0490407943725586
4623,1.3237876892089844
4624,2.622232675552368
4625,2.454925775527954
4626,1.028725028038025
4627,0.8210573196411133
4628,0.6899862885475159
4629,0.684115469455719
4630,0.8635481595993042
4631,0.7301408052444458
4632,0.6697602868080139
4633,1.4132548570632935
4634,0.5642714500427246
4635,0.9593425989151001
4636,2.313044786453247
4637,1.3794996738433838
4638,0.977687656879425
4639,0.951977550983429
4640,0.7719486951828003
4641,0.9380282759666443
4642,0.8118298053741455
4643,1.077200174331665
4644,1.0423204898834229
4645,0.7863519787788391
4646,0.7544755339622498
4647,1.264055609703064
4648,0.7540439367294312
4649,1.413479208946228
4650,0.5145058631896973
4651,1.2749336957931519
4652,1.1024162769317627
4653,0.9299699068069458
4654,0.5776898264884949
4655,1.9447427988052368
4656,1.7977041006088257
4657,1.0715092420578003
4658,1.2025632858276367
4659,0.8020397424697876
4660,0.8463942408561707
4661,1.1376616954803467
4662,1.0659846067428589
4663,1.2745331525802612
4664,0.8956985473632812
4665,2.0615062713623047
4666,1.254092812538147
4667,1.0955828428268433
4668,0.856517493724823
4669,1.1491156816482544
4670,0.7658720016479492
4671,0.6451002955436707
4672,0.9506368041038513
4673,0.9311506152153015
4674,1.28878653049469
4675,1.1839599609375
4676,2.3716349601745605
4677,2.91721248626709
4678,1.041398525238037
4679,1.1290003061294556
4680,0.9358120560646057
4681,0.8508034348487854
4682,1.1437673568725586
4683,0.7136168479919434
4684,0.9558818340301514
4685,1.174659013748169
4686,0.638918399810791
4687,1.6857151985168457
4688,2.1860387325286865
4689,0.997491180896759
4690,1.1400384902954102
4691,0.9499302506446838
4692,0.6480731964111328
4693,0.7192462086677551
4694,0.9357969760894775
4695,1.0652971267700195
4696,1.3758869171142578
4697,1.2102375030517578
4698,0.9742237329483032
4699,0.5527405142784119
4700,0.8934746384620667
4701,0.9612099528312683
4702,2.260650396347046
4703,1.709359884262085
4704,0.6521550416946411
4705,0.6388131380081177
4706,0.7028334140777588
4707,0.9773383736610413
4708,1.2192879915237427
4709,1.0756683349609375
4710,0.6550210118293762
4711,1.7522248029708862
4712,1.0388855934143066
4713,0.7357803583145142
4714,0.4836736023426056
4715,0.7262601852416992
4716,1.0235289335250854
4717,0.6281241178512573
4718,1.0524945259094238
4719,1.2361280918121338
4720,1.1406631469726562
4721,1.7866573333740234
4722,1.1859617233276367
4723,1.5450842380523682
4724,1.5479509830474854
4725,0.8917698860168457
4726,1.4094278812408447
4727,0.8520674109458923
4728,0.6733918786048889
4729,1.4135572910308838
4730,1.5546964406967163
4731,1.2542054653167725
4732,1.3806527853012085
4733,1.144278645515442
4734,1.7112696170806885
4735,1.3560813665390015
4736,0.9648405909538269
4737,2.373953342437744
4738,1.04707932472229
4739,0.9593957662582397
4740,0.7402155995368958
4741,0.5295083522796631
4742,0.8461676239967346
4743,1.659854531288147
4744,2.3219077587127686
4745,0.47903406620025635
4746,1.3842054605484009
4747,0.9876143336296082
4748,0.6237896680831909
4749,0.5546783804893494
4750,0.8667577505111694
4751,1.150146722793579
4752,1.1809412240982056
4753,1.1235058307647705
4754,1.30550217628479
4755,0.9841231107711792
4756,0.8507378697395325
4757,0.4074411690235138
4758,0.34297990798950195
4759,1.0086731910705566
4760,0.9650996923446655
4761,1.1397168636322021
4762,0.7187280654907227
4763,0.7032470107078552
4764,0.9377790689468384
4765,0.31888842582702637
4766,1.376043677330017
4767,0.7192213535308838
4768,0.4150172173976898
4769,0.7828167080879211
4770,0.7692439556121826
4771,1.5254606008529663
4772,1.0787723064422607
4773,0.6650205254554749
4774,1.145552396774292
4775,1.27774178981781
4776,1.2491354942321777
4777,0.47219935059547424
4778,0.6944279074668884
4779,0.9370499849319458
4780,0.3897663950920105
4781,0.7387660145759583
4782,1.1894419193267822
4783,1.1988874673843384
4784,2.3448803424835205
4785,1.3919256925582886
4786,1.6051263809204102
4787,0.9712940454483032
4788,0.7852054238319397
4789,0.6740341782569885
4790,0.9257651567459106
4791,1.1871570348739624
4792,1.097519874572754
4793,0.6976154446601868
4794,2.2510039806365967
4795,0.6303321719169617
4796,0.6891694664955139
4797,3.267218828201294
4798,0.4423898756504059
4799,0.42156463861465454
4800,0.6053093075752258
4801,0.42354682087898254
4802,0.26666417717933655
4803,0.9891370534896851
4804,0.7232103943824768
4805,2.0450165271759033
4806,0.7413346767425537
4807,0.5582187175750732
4808,0.9007923603057861
4809,0.6244058609008789
4810,1.1226950883865356
4811,0.6064757108688354
4812,0.8057196140289307
4813,1.063988208770752
4814,0.9476120471954346
4815,2.6027777194976807
4816,1.0491405725479126
4817,1.2499619722366333
4818,2.0760138034820557
4819,1.8937257528305054
4820,1.675500512123108
4821,2.2489519119262695
4822,0.8362859487533569
4823,1.3831424713134766
4824,1.1297228336334229
4825,1.3266669511795044
4826,0.9784881472587585
4827,0.5599915385246277
4828,0.7567886114120483
4829,1.2346646785736084
4830,2.1177401542663574
4831,1.6456310749053955
4832,2.4911606311798096
4833,0.4990205466747284
4834,1.0994625091552734
4835,0.4737759828567505
4836,0.4961797297000885
4837,0.7843518257141113
4838,0.555881679058075
4839,0.6371271014213562
4840,0.45084068179130554
4841,0.8630967140197754
4842,0.7808786034584045
4843,1.6728519201278687
4844,1.2115012407302856
4845,1.3611364364624023
4846,1.0577446222305298
4847,1.6867681741714478
4848,0.6884452104568481
4849,5.1367573738098145
4850,0.6167534589767456
4851,0.40093129873275757
4852,1.0929347276687622
4853,0.7126144766807556
4854,0.6885121464729309
4855,0.5266183018684387
4856,0.6497195959091187
4857,0.8600744605064392
4858,1.2241480350494385
4859,0.8677856922149658
4860,1.0698078870773315
4861,2.311708688735962
4862,0.8845104575157166
4863,1.0463840961456299
4864,1.6449894905090332
4865,0.8034388422966003
4866,1.7206600904464722
4867,0.7947981357574463
4868,1.444161295890808
4869,1.4932652711868286
4870,1.2494786977767944
4871,1.5854824781417847
4872,2.4438083171844482
4873,1.2085399627685547
4874,1.2101842164993286
4875,2.2913200855255127
4876,1.2996000051498413
4877,1.3968744277954102
4878,2.4939606189727783
4879,0.815315842628479
4880,1.2808278799057007
4881,1.0772367715835571
4882,0.968095600605011
4883,0.9774154424667358
4884,1.11874258518219
4885,2.540357828140259
4886,1.2983683347702026
4887,1.0288476943969727
4888,1.1596523523330688
4889,1.7388297319412231
4890,1.1039202213287354
4891,0.7306456565856934
4892,2.603790760040283
4893,1.2789088487625122
4894,0.49372369050979614
4895,0.6635055541992188
4896,1.6348668336868286
4897,0.7823991775512695
4898,1.0880918502807617
4899,0.7956941723823547
4900,2.6486494541168213
4901,1.0000091791152954
4902,1.1505022048950195
4903,0.7511463761329651
4904,0.8778929114341736
4905,1.0671110153198242
4906,0.7695966958999634
4907,1.4040616750717163
4908,0.5742870569229126
4909,0.32982051372528076
4910,0.47146931290626526
4911,0.6963194608688354
4912,1.7863417863845825
4913,0.4734698534011841
4914,0.5461018681526184
4915,0.849581241607666
4916,1.385783314704895
4917,0.9228055477142334
4918,0.5685359835624695
4919,1.0630381107330322
4920,0.8176409602165222
4921,0.7460812926292419
4922,1.1684575080871582
4923,0.9117791056632996
4924,1.355278730392456
4925,0.8631972074508667
4926,1.0583051443099976
4927,3.9607090950012207
4928,1.2070493698120117
4929,0.5649990439414978
4930,0.7013885974884033
4931,0.3436894118785858
4932,1.08976149559021
4933,1.1991889476776123
4934,1.2973995208740234
4935,1.3869493007659912
4936,1.0517542362213135
4937,3.3170576095581055
4938,1.729951024055481
4939,1.1839407682418823
4940,1.2946600914001465
4941,1.1972047090530396
4942,1.3221580982208252
4943,1.5032778978347778
4944,0.8697700500488281
4945,2.338819742202759
4946,0.930229663848877
4947,2.356544256210327
4948,2.5450925827026367
4949,1.359563946723938
4950,1.1617563962936401
4951,1.3614741563796997
4952,1.515659213066101
4953,1.7957000732421875
4954,1.209486722946167
4955,0.6795737147331238
4956,1.2046009302139282
4957,0.5016931891441345
4958,0.4693208634853363
4959,1.0668292045593262
4960,0.9944630861282349
4961,0.6727979183197021
4962,0.9211912155151367
4963,0.3830875754356384
4964,0.2827492356300354
4965,0.9970347881317139
4966,2.2349586486816406
4967,1.1342159509658813
4968,0.833107590675354
4969,1.505149006843567
4970,0.6244707703590393
4971,0.4832724928855896
4972,0.7322081923484802
4973,1.0381863117218018
4974,1.046066164970398
4975,0.6787567138671875
4976,1.463117241859436
4977,0.948144257068634
4978,1.0545541048049927
4979,1.109610915184021
4980,1.1895689964294434
4981,1.2844700813293457
4982,1.0945261716842651
4983,1.456235647201538
4984,0.5162153840065002
4985,0.8672152757644653
4986,1.1550612449645996
4987,1.7284373044967651
4988,1.3617583513259888
4989,1.1643931865692139
4990,0.5538861155509949
4991,0.5928423404693604
4992,1.3285995721817017
4993,0.45690256357192993
4994,1.4756669998168945
4995,0.9642444849014282
4996,2.044200897216797
4997,0.7504538297653198
4998,0.8703544735908508
4999,2.438026189804077
5000,0.8475139141082764
5001,1.8318430185317993
5002,0.6676661968231201
5003,0.9614527821540833
5004,0.5779241323471069
5005,1.3159458637237549
5006,1.002659797668457
5007,0.48730331659317017
5008,0.6951789855957031
5009,0.5819491147994995
5010,0.9508918523788452
5011,0.9577603936195374
5012,1.2732744216918945
5013,1.1434996128082275
5014,1.0880637168884277
5015,1.2362644672393799
5016,0.5928080081939697
5017,0.5593495965003967
5018,0.4562007486820221
5019,0.4717540740966797
5020,0.9054943323135376
5021,1.016379475593567
5022,1.1323068141937256
5023,1.417631983757019
5024,1.003458857536316
5025,1.1358189582824707
5026,1.2707486152648926
5027,1.3216724395751953
5028,1.0410231351852417
5029,1.280179738998413
5030,1.0290277004241943
5031,1.317084789276123
5032,0.6693443655967712
5033,2.177379846572876
5034,2.7004945278167725
5035,0.7988331317901611
5036,1.3568062782287598
5037,0.678676962852478
5038,0.4055417478084564
5039,0.5510662198066711
5040,0.6886924505233765
5041,0.6396604776382446
5042,2.184272289276123
5043,1.365036129951477
5044,0.9240266680717468
5045,0.4412074685096741
5046,0.36093440651893616
5047,0.3968065083026886
5048,0.6341476440429688
5049,0.565807044506073
5050,0.5487634539604187
5051,0.7430835962295532
5052,1.285447120666504
5053,1.4676836729049683
5054,0.34689977765083313
5055,1.0817790031433105
5056,0.2708076238632202
5057,0.6956863403320312
5058,0.873904824256897
5059,0.9894477725028992
5060,1.0572417974472046
5061,1.2231112718582153
5062,0.7098941802978516
5063,0.4702393412590027
5064,0.5183639526367188
5065,0.6474243998527527
5066,3.8784584999084473
5067,1.6954278945922852
5068,1.3607022762298584
5069,0.6638210415840149
5070,1.5526325702667236
5071,1.2488731145858765
5072,1.5030556917190552
5073,1.6655352115631104
5074,1.8025463819503784
5075,1.0545037984848022
5076,1.9474893808364868
5077,1.2609736919403076
5078,1.2589222192764282
5079,1.1995277404785156
5080,0.8182716965675354
5081,0.525115966796875
5082,1.1572012901306152
5083,2.102379560470581
5084,0.365922212600708
5085,0.508407473564148
5086,1.1918246746063232
5087,1.4672551155090332
5088,0.7336427569389343
5089,0.977709174156189
5090,1.248380422592163
5091,2.175011157989502
5092,0.7573366165161133
5093,1.517379641532898
5094,0.5600777268409729
5095,0.5422889590263367
5096,0.5714703798294067
5097,0.6103491187095642
5098,0.3251653015613556
5099,0.3575676381587982
5100,0.932300329208374
5101,1.0267698764801025
5102,1.327807068824768
5103,1.789686679840088
5104,2.000417947769165
5105,1.4828277826309204
5106,1.7917027473449707
5107,2.0249714851379395
5108,1.990979552268982
5109,1.6361808776855469
5110,1.5861732959747314
5111,0.24942494928836823
5112,1.5545369386672974
5113,2.4097976684570312
5114,2.8522465229034424
5115,2.7541983127593994
5116,2.660567283630371
5117,2.479201078414917
5118,2.051804780960083
5119,1.4803231954574585
5120,1.6696066856384277
5121,0.9013027548789978
5122,2.428044319152832
5123,1.2542543411254883
5124,2.071094274520874
5125,0.958733081817627
5126,0.5677648186683655
5127,0.8277400135993958
5128,0.9830096364021301
5129,0.651691734790802
5130,0.555206835269928
5131,0.8928771615028381
5132,0.6252520084381104
5133,0.8596982359886169
5134,2.086580276489258
5135,1.7803620100021362
5136,1.3227994441986084
5137,2.0269436836242676
5138,1.061797022819519
5139,0.496523916721344
5140,0.8288089632987976
5141,0.7757689952850342
5142,0.6293491721153259
5143,1.8679934740066528
5144,0.4680856168270111
5145,0.7159952521324158
5146,0.9936889410018921
5147,1.3381221294403076
5148,0.3541392385959625
5149,0.6975568532943726
5150,2.1560957431793213
5151,1.5519503355026245
5152,0.5779505968093872
5153,1.5100761651992798
5154,0.7846969962120056
5155,1.047964334487915
5156,0.8575884103775024
5157,0.46022236347198486
5158,0.40683260560035706
5159,0.6315469741821289
5160,1.6850883960723877
5161,0.8854231238365173
5162,1.3210115432739258
5163,2.255953550338745
5164,1.1564301252365112
5165,0.8377878069877625
5166,1.3015611171722412
5167,1.6038341522216797
5168,0.9975337982177734
5169,0.47531622648239136
5170,1.7349251508712769
5171,0.781876802444458
5172,0.26686418056488037
5173,0.660137414932251
5174,0.8575006723403931
5175,0.9308220744132996
5176,2.779928684234619
5177,1.7118685245513916
5178,1.2378971576690674
5179,1.6562622785568237
5180,2.178523063659668
5181,1.7651714086532593
5182,1.2748156785964966
5183,0.5255385041236877
5184,1.3218921422958374
5185,0.8710352778434753
5186,0.727872371673584
5187,0.5516921281814575
5188,0.614729106426239
5189,1.8415881395339966
5190,1.3279842138290405
5191,1.4631575345993042
5192,1.3641695976257324
5193,1.1502407789230347
5194,1.291231393814087
5195,1.313239336013794
5196,1.2216717004776
5197,1.28643000125885
5198,1.2314563989639282
5199,0.9544102549552917
5200,1.5558829307556152
5201,1.0612637996673584
5202,1.4705991744995117
5203,1.4058688879013062
5204,0.7446993589401245
5205,0.6841539144515991
5206,0.44354355335235596
5207,0.7252610325813293
5208,0.6797732710838318
5209,0.7179221510887146
5210,1.1027257442474365
5211,0.5891602635383606
5212,0.9411818981170654
5213,0.5097650289535522
5214,2.9890191555023193
5215,0.6811596751213074
5216,0.5107799172401428
5217,0.580054521560669
5218,0.9634086489677429
5219,0.7259166240692139
5220,0.5689693093299866
5221,0.8352331519126892
5222,0.9373410940170288
5223,0.8558143973350525
5224,1.1294279098510742
5225,1.0277174711227417
5226,0.9492062330245972
5227,0.883912980556488
5228,0.7166196703910828
5229,1.0422354936599731
5230,0.7513370513916016
5231,0.32866066694259644
5232,0.49706172943115234
5233,0.9542387127876282
5234,0.7555971145629883
5235,0.6142726540565491
5236,0.5720285177230835
5237,1.213596224784851
5238,0.7136697769165039
5239,1.372408151626587
5240,1.4798461198806763
5241,1.8052057027816772
5242,1.360804557800293
5243,0.6359432935714722
5244,0.6928072571754456
5245,0.7303934097290039
5246,0.6140658259391785
5247,0.2780546545982361
5248,0.3759116232395172
5249,1.6475845575332642
5250,0.8581764698028564
5251,0.6807982921600342
5252,0.9567859768867493
5253,1.2407581806182861
5254,1.89347505569458
5255,1.2453588247299194
5256,1.3652963638305664
5257,1.1226409673690796
5258,1.1341181993484497
5259,0.6899580955505371
5260,0.8449571132659912
5261,0.9173544049263
5262,0.4878302812576294
5263,1.2637684345245361
5264,1.0761226415634155
5265,0.7313736081123352
5266,1.0599009990692139
5267,0.8779450058937073
5268,0.9547527432441711
5269,1.5711311101913452
5270,1.1902962923049927
5271,1.9651488065719604
5272,1.2381731271743774
5273,0.8242902755737305
5274,0.8926976919174194
5275,1.333315134048462
5276,1.0871044397354126
5277,1.1656293869018555
5278,1.1624367237091064
5279,1.705987811088562
5280,1.0610146522521973
5281,1.1811119318008423
5282,1.2231721878051758
5283,1.3226474523544312
5284,1.548412799835205
5285,1.3841886520385742
5286,1.353965163230896
5287,1.694509744644165
5288,1.9349026679992676
5289,1.7408558130264282
5290,1.8217723369598389
5291,1.988608717918396
5292,1.476112961769104
5293,1.5062094926834106
5294,1.3092893362045288
5295,1.3592652082443237
5296,1.0753223896026611
5297,0.715907633304596
5298,1.2225152254104614
5299,0.5761176943778992
5300,1.041879653930664
5301,1.1013071537017822
5302,0.5117783546447754
5303,0.4535523056983948
5304,0.5665085315704346
5305,0.4859827756881714
5306,0.5429074168205261
5307,0.3308023512363434
5308,0.675676703453064
5309,0.9897018671035767
5310,0.8418958187103271
5311,1.0304605960845947
5312,0.8756353855133057
5313,0.8181665539741516
5314,2.335210084915161
5315,2.2366886138916016
5316,1.5789456367492676
5317,1.3595662117004395
5318,0.5509448647499084
5319,0.5250475406646729
5320,1.0255475044250488
5321,0.6536574959754944
5322,0.7469699382781982
5323,0.8862436413764954
5324,0.6119396090507507
5325,0.5138053894042969
5326,2.3754985332489014
5327,0.9880220890045166
5328,0.9426739811897278
5329,1.150170922279358
5330,1.751098871231079
5331,1.1644062995910645
5332,1.330928921699524
5333,1.3746068477630615
5334,0.7392386794090271
5335,0.7537776231765747
5336,0.6414229869842529
5337,0.4494342505931854
5338,0.7497520446777344
5339,0.5043712258338928
5340,0.9984117746353149
5341,0.9423420429229736
5342,0.6797622442245483
5343,0.6259997487068176
5344,0.601482093334198
5345,0.5962544679641724
5346,0.7490922808647156
5347,0.4013274610042572
5348,1.0676084756851196
5349,0.9604595899581909
5350,1.3079699277877808
5351,0.9656187891960144
5352,1.0075814723968506
5353,2.3176190853118896
5354,1.739694356918335
5355,1.1747243404388428
5356,1.2103005647659302
5357,1.0956898927688599
5358,0.9992449879646301
5359,0.7896741032600403
5360,0.5982804894447327
5361,0.9275075793266296
5362,0.735197901725769
5363,2.732588768005371
5364,0.9270239472389221
5365,1.2643810510635376
5366,0.5972110629081726
5367,1.2493888139724731
5368,1.0517641305923462
5369,0.9391480088233948
5370,0.7464964985847473
5371,0.6531867384910583
5372,1.544905424118042
5373,0.8221960663795471
5374,1.5083919763565063
5375,0.8786560893058777
5376,0.4861685633659363
5377,0.9641170501708984
5378,1.0320484638214111
5379,0.3840274512767792
5380,0.6100088953971863
5381,0.9302254319190979
5382,0.9310400485992432
5383,1.351762056350708
5384,1.2506513595581055
5385,0.4292141795158386
5386,0.9107608199119568
5387,0.9624510407447815
5388,1.522484302520752
5389,1.190793514251709
5390,0.5683943033218384
5391,0.7930499911308289
5392,0.9949846863746643
5393,1.4439445734024048
5394,1.099015235900879
5395,0.6626690626144409
5396,0.537997305393219
5397,1.0198522806167603
5398,1.3331995010375977
5399,1.1815918684005737
5400,2.949878215789795
5401,1.0139915943145752
5402,1.250474452972412
5403,1.4754375219345093
5404,2.4850246906280518
5405,1.5034171342849731
5406,0.5785097479820251
5407,0.5240390300750732
5408,0.5813162326812744
5409,1.176483154296875
5410,1.4057533740997314
5411,1.527925968170166
5412,1.1609469652175903
5413,0.7656629681587219
5414,0.7374754548072815
5415,0.6345873475074768
5416,1.1461728811264038
5417,1.4764350652694702
5418,1.6561001539230347
5419,3.307309865951538
5420,1.5588864088058472
5421,1.4139008522033691
5422,3.198012351989746
5423,1.3817439079284668
5424,1.3525623083114624
5425,1.5625734329223633
5426,1.2530022859573364
5427,1.0854331254959106
5428,2.158878803253174
5429,1.356606364250183
5430,1.358853816986084
5431,1.3174891471862793
5432,1.107787847518921
5433,0.7351669073104858
5434,0.999599039554596
5435,0.319466769695282
5436,0.6102404594421387
5437,1.6186436414718628
5438,0.5256011486053467
5439,0.7535204887390137
5440,0.5150438547134399
5441,0.7458974123001099
5442,1.0783309936523438
5443,0.8810443878173828
5444,0.42800551652908325
5445,0.37578442692756653
5446,0.24532966315746307
5447,2.2508156299591064
5448,0.519450306892395
5449,0.9745522141456604
5450,1.5566266775131226
5451,1.3041579723358154
5452,1.4226499795913696
5453,1.1223002672195435
5454,1.2427891492843628
5455,1.2346601486206055
5456,1.774233102798462
5457,1.7192492485046387
5458,1.7394791841506958
5459,1.3487229347229004
5460,1.6798251867294312
5461,2.542327404022217
5462,1.7024041414260864
5463,3.1658620834350586
5464,1.8555643558502197
5465,1.9093183279037476
5466,1.7592291831970215
5467,1.4564059972763062
5468,1.3319406509399414
5469,0.7648041248321533
5470,1.1988070011138916
5471,1.471501111984253
5472,1.861962914466858
5473,1.161097764968872
5474,0.835513710975647
5475,1.8162128925323486
5476,1.4801418781280518
5477,2.0991063117980957
5478,2.3796236515045166
5479,2.3903183937072754
5480,1.0917073488235474
5481,0.9638963341712952
5482,0.609963595867157
5483,1.5153332948684692
5484,1.5065962076187134
5485,0.9202702641487122
5486,0.852675199508667
5487,1.8678395748138428
5488,1.14188814163208
5489,1.7737776041030884
5490,1.9708775281906128
5491,1.546350359916687
5492,2.966102123260498
5493,1.4978270530700684
5494,1.4995273351669312
5495,0.9786414504051208
5496,0.9311882853507996
5497,1.474082112312317
5498,0.6180008053779602
5499,0.6347821950912476
5500,0.6382039785385132
5501,1.3492090702056885
5502,0.6050304770469666
5503,0.5548735857009888
5504,2.675168037414551
5505,1.6501411199569702
5506,1.7894313335418701
5507,2.685807704925537
5508,2.0232930183410645
5509,1.6808812618255615
5510,2.030369997024536
5511,1.7176589965820312
5512,1.7603157758712769
5513,2.3249223232269287
5514,1.353956699371338
5515,1.0793371200561523
5516,1.360878825187683
5517,1.3615002632141113
5518,1.808168649673462
5519,1.286300539970398
5520,1.6049811840057373
5521,1.5902773141860962
5522,0.6404234170913696
5523,1.35420823097229
5524,0.8891088366508484
5525,0.3949790298938751
5526,1.2787951231002808
5527,1.8331142663955688
5528,0.9946153163909912
5529,0.7247233986854553
5530,0.6169211864471436
5531,0.7192625403404236
5532,1.026632308959961
5533,0.273114949464798
5534,1.3805586099624634
5535,0.6667464971542358
5536,1.2724013328552246
5537,0.9676131010055542
5538,0.938127875328064
5539,1.4156783819198608
5540,1.1107370853424072
5541,2.8243026733398438
5542,3.1447935104370117
5543,2.148064374923706
5544,0.6540941596031189
5545,1.3002065420150757
5546,0.6496769189834595
5547,0.7475231289863586
5548,0.7037217617034912
5549,1.0719554424285889
5550,0.3340504467487335
5551,0.4366845190525055
5552,0.501685380935669
5553,0.7507458925247192
5554,1.3061097860336304
5555,1.5459280014038086
5556,0.9611323475837708
5557,3.9928042888641357
5558,0.6190255284309387
5559,0.7934090495109558
5560,1.221213936805725
5561,0.6018195152282715
5562,1.1107608079910278
5563,1.9327213764190674
5564,1.3313788175582886
5565,1.5721362829208374
5566,1.282120704650879
5567,1.4898521900177002
5568,1.3362712860107422
5569,1.7841066122055054
5570,1.574751853942871
5571,1.805140733718872
5572,1.350002646446228
5573,1.0801239013671875
5574,1.431408166885376
5575,1.930806279182434
5576,2.141166925430298
5577,1.4198147058486938
5578,0.6591432094573975
5579,0.8457739353179932
5580,0.7018476724624634
5581,0.8857681751251221
5582,0.6152547597885132
5583,1.5348479747772217
5584,1.1759192943572998
5585,2.535052537918091
5586,1.9327573776245117
5587,0.5417026281356812
5588,1.4530218839645386
5589,1.601691484451294
5590,2.07641339302063
5591,0.45110848546028137
5592,0.9283708333969116
5593,0.5949300527572632
5594,0.5467878580093384
5595,1.2019848823547363
5596,0.5823878049850464
5597,0.35824382305145264
5598,0.47082623839378357
5599,0.9962568283081055
5600,0.87518310546875
5601,1.2165411710739136
5602,1.011836051940918
5603,1.6600089073181152
5604,1.5582863092422485
5605,1.8280302286148071
5606,1.6453006267547607
5607,0.9131929278373718
5608,0.7714056968688965
5609,0.4304381310939789
5610,1.1233400106430054
5611,0.6684447526931763
5612,1.8777273893356323
5613,0.9641260504722595
5614,0.7551649212837219
5615,0.6228837966918945
5616,0.8027088642120361
5617,2.7329506874084473
5618,2.305840492248535
5619,0.7503760457038879
5620,0.7650161981582642
5621,0.5150485038757324
5622,0.32884716987609863
5623,0.808341383934021
5624,0.9135262370109558
5625,0.34289851784706116
5626,0.9021247625350952
5627,1.0868213176727295
5628,1.562574028968811
5629,1.2557491064071655
5630,1.0852981805801392
5631,0.47482433915138245
5632,0.574455201625824
5633,0.8884496092796326
5634,0.7612291574478149
5635,1.1112087965011597
5636,0.5936999917030334
5637,1.2762587070465088
5638,0.7589983344078064
5639,0.573871374130249
5640,1.2950962781906128
5641,0.41584905982017517
5642,0.33657991886138916
5643,1.0369997024536133
5644,0.4621948301792145
5645,0.7478436231613159
5646,1.0133830308914185
5647,0.4941757917404175
5648,0.7939557433128357
5649,0.3382897973060608
5650,0.702200710773468
5651,1.0233644247055054
5652,0.9416828155517578
5653,0.6242465376853943
5654,0.9828572869300842
5655,1.1282979249954224
5656,1.0493966341018677
5657,1.2757318019866943
5658,1.5524564981460571
5659,1.268056035041809
5660,1.2218774557113647
5661,1.0411313772201538
5662,0.5018875002861023
5663,0.7699756026268005
5664,1.0853066444396973
5665,0.9054945707321167
5666,1.720413327217102
5667,0.9702974557876587
5668,1.1127833127975464
5669,0.7279936075210571
5670,1.154030203819275
5671,1.100275993347168
5672,1.4950791597366333
5673,1.8164136409759521
5674,1.902367353439331
5675,1.5355702638626099
5676,1.7512967586517334
5677,1.6672102212905884
5678,1.8618053197860718
5679,1.9182102680206299
5680,2.1391897201538086
5681,1.6793818473815918
5682,2.212080478668213
5683,1.0244290828704834
5684,1.2190884351730347
5685,1.0124390125274658
5686,1.5531998872756958
5687,1.8274357318878174
5688,3.13973069190979
5689,0.5723465085029602
5690,0.8041000962257385
5691,0.6445345878601074
5692,0.8758031129837036
5693,1.1591005325317383
5694,0.6634383201599121
5695,0.8697924613952637
5696,0.5339397192001343
5697,0.8782350420951843
5698,0.2604617774486542
5699,0.7376106977462769
5700,0.8004280924797058
5701,0.7621037364006042
5702,2.139352321624756
5703,0.844712495803833
5704,1.0998106002807617
5705,0.6727207899093628
5706,1.1086333990097046
5707,1.0356025695800781
5708,1.8734838962554932
5709,0.6833727955818176
5710,0.770993173122406
5711,0.8899909257888794
5712,0.7041679620742798
5713,0.6946699023246765
5714,0.7211923599243164
5715,0.808758020401001
5716,1.061498761177063
5717,2.1664822101593018
5718,1.6478837728500366
5719,1.7330420017242432
5720,1.6620677709579468
5721,2.4644880294799805
5722,1.1370718479156494
5723,1.6328926086425781
5724,1.236507773399353
5725,0.9440118670463562
5726,1.3060493469238281
5727,0.5127560496330261
5728,1.0356593132019043
5729,1.1103676557540894
5730,1.4240018129348755
5731,1.0823392868041992
5732,0.9224430918693542
5733,0.7251081466674805
5734,0.43499404191970825
5735,0.5920353531837463
5736,1.2835561037063599
5737,0.7230299711227417
5738,0.9648038148880005
5739,1.0668586492538452
5740,0.47778216004371643
5741,1.0783287286758423
5742,0.6082204580307007
5743,0.6376219987869263
5744,1.11152982711792
5745,1.090793251991272
5746,0.7331855297088623
5747,1.435490369796753
5748,1.934478998184204
5749,1.3539228439331055
5750,0.8660139441490173
5751,0.7485982775688171
5752,0.6413341760635376
5753,1.5087136030197144
5754,0.6357826590538025
5755,1.2713475227355957
5756,1.1091984510421753
5757,1.385101556777954
5758,1.3113723993301392
5759,1.1991965770721436
5760,1.5197815895080566
5761,1.4814813137054443
5762,1.5066982507705688
5763,1.8316009044647217
5764,1.5986318588256836
5765,2.1056530475616455
5766,0.7572768926620483
5767,0.7003697752952576
5768,0.5396358370780945
5769,0.7994077205657959
5770,0.2461772859096527
5771,1.6298855543136597
5772,1.4835275411605835
5773,1.5958408117294312
5774,1.7693592309951782
5775,3.872314929962158
5776,1.398107647895813
5777,1.3510735034942627
5778,0.7628030180931091
5779,1.0468430519104004
5780,0.6628443002700806
5781,0.41050422191619873
5782,1.032232403755188
5783,0.6212148666381836
5784,0.6016740798950195
5785,0.7196840047836304
5786,0.7147690653800964
5787,0.5917627811431885
5788,0.5690024495124817
5789,0.836952805519104
5790,0.8392283916473389
5791,1.278123378753662
5792,0.8182400465011597
5793,1.385117530822754
5794,0.8783542513847351
5795,0.840324342250824
5796,0.5409024357795715
5797,1.9551266431808472
5798,0.26302802562713623
5799,0.5264164209365845
5800,0.5266559720039368
5801,0.7501435279846191
5802,1.0184082984924316
5803,0.3007456660270691
5804,0.6910614371299744
5805,1.3389816284179688
5806,1.0015008449554443
5807,1.0275691747665405
5808,0.8935647010803223
5809,0.7373669147491455
5810,0.508834183216095
5811,1.032273769378662
5812,1.2205381393432617
5813,1.3964306116104126
5814,0.8688437342643738
5815,0.632970929145813
5816,0.7901196479797363
5817,0.33112776279449463
5818,0.42150378227233887
5819,0.32829156517982483
5820,1.0089917182922363
5821,1.0752620697021484
5822,1.0343058109283447
5823,0.7070766091346741
5824,1.293461799621582
5825,1.0100455284118652
5826,0.8022161722183228
5827,1.2397044897079468
5828,1.073423981666565
5829,1.4827159643173218
5830,1.2415473461151123
5831,1.199973225593567
5832,1.0265902280807495
5833,0.7837178707122803
5834,1.2440236806869507
5835,1.1385128498077393
5836,0.8717857003211975
5837,1.190308690071106
5838,1.363074541091919
5839,1.5754393339157104
5840,1.912023901939392
5841,1.6768336296081543
5842,1.8987857103347778
5843,0.6423162221908569
5844,1.1986806392669678
5845,0.6836015582084656
5846,1.890546202659607
5847,0.6853393316268921
5848,0.735846221446991
5849,1.5109522342681885
5850,1.128210425376892
5851,1.2082463502883911
5852,1.3008025884628296
5853,1.7126480340957642
5854,1.2423975467681885
5855,1.4462379217147827
5856,1.7197184562683105
5857,1.2067673206329346
5858,1.6895357370376587
5859,1.9793506860733032
5860,1.200896143913269
5861,1.0023846626281738
5862,1.1239269971847534
5863,1.8930588960647583
5864,2.0207247734069824
5865,0.7649469971656799
5866,0.590920627117157
5867,1.85738205909729
5868,0.9128605127334595
5869,1.4271234273910522
5870,1.1133849620819092
5871,1.5643290281295776
5872,1.437151551246643
5873,1.39283287525177
5874,2.2394981384277344
5875,1.188053846359253
5876,1.6597117185592651
5877,1.36524498462677
5878,1.6422479152679443
5879,1.1730222702026367
5880,1.0934685468673706
5881,1.1455975770950317
5882,1.0707162618637085
5883,1.1134930849075317
5884,0.9743424654006958
5885,0.8447691202163696
5886,1.4714925289154053
5887,0.9901018142700195
5888,1.4942634105682373
5889,0.569004476070404
5890,0.647519052028656
5891,0.7752910256385803
5892,0.7938953042030334
5893,0.9375033378601074
5894,0.6241678595542908
5895,1.0432599782943726
5896,0.4950975179672241
5897,0.972074031829834
5898,1.0037686824798584
5899,1.0694119930267334
5900,1.2177222967147827
5901,1.3888189792633057
5902,1.0239421129226685
5903,2.534532070159912
5904,1.1906954050064087
5905,1.751650094985962
5906,2.3576552867889404
5907,1.555055856704712
5908,0.8929610252380371
5909,2.858092784881592
5910,1.1318418979644775
5911,1.0946768522262573
5912,1.3833892345428467
5913,1.9457465410232544
5914,0.503935694694519
5915,0.7685296535491943
5916,0.7304850220680237
5917,0.9113167524337769
5918,0.8618050217628479
5919,1.1840375661849976
5920,0.5050234794616699
5921,1.1420117616653442
5922,0.8664079904556274
5923,1.3855096101760864
5924,2.599189519882202
5925,1.034541368484497
5926,0.8038691282272339
5927,0.9440143704414368
5928,0.4200763404369354
5929,1.023526668548584
5930,0.6807300448417664
5931,0.7614511251449585
5932,0.7818374633789062
5933,1.203178882598877
5934,1.0563557147979736
5935,0.9121277928352356
5936,1.5648113489151
5937,1.4191210269927979
5938,0.8524688482284546
5939,1.2121835947036743
5940,0.9685201644897461
5941,0.9180628061294556
5942,1.4851475954055786
5943,1.1581268310546875
5944,1.1804033517837524
5945,1.155556082725525
5946,1.3665975332260132
5947,2.169008493423462
5948,1.0351617336273193
5949,1.6037554740905762
5950,1.5591983795166016
5951,0.7012763619422913
5952,0.9997496008872986
5953,0.8272933959960938
5954,1.0067423582077026
5955,1.038076639175415
5956,0.7593651413917542
5957,1.0362387895584106
5958,1.6061549186706543
5959,2.031552314758301
5960,1.206998348236084
5961,0.9755951166152954
5962,1.2062032222747803
5963,1.7157267332077026
5964,0.7807196378707886
5965,1.3179402351379395
5966,0.854060173034668
5967,0.7476218342781067
5968,0.7927431464195251
5969,1.3723136186599731
5970,0.2667851150035858
5971,0.7164297699928284
5972,1.3784456253051758
5973,0.71764075756073
5974,0.808072030544281
5975,0.7802679538726807
5976,1.3117921352386475
5977,0.9205195903778076
5978,0.4779587388038635
5979,1.2814350128173828
5980,0.8827142715454102
5981,0.5023874044418335
5982,0.43325352668762207
5983,0.64654541015625
5984,0.37369972467422485
5985,0.3958719074726105
5986,0.3740077316761017
5987,0.997096836566925
5988,0.5650995969772339
5989,0.6457608938217163
5990,0.5917708873748779
5991,0.6267781853675842
5992,1.3257534503936768
5993,1.0215471982955933
5994,0.7438929677009583
5995,0.5806151032447815
5996,0.7554700970649719
5997,1.386755108833313
5998,0.8249883055686951
5999,1.3103466033935547
6000,0.9081379175186157
6001,1.2371267080307007
6002,1.467548131942749
6003,1.6388901472091675
6004,1.0698881149291992
6005,0.9918030500411987
6006,1.2867459058761597
6007,1.4358166456222534
6008,2.435438394546509
6009,1.5408718585968018
6010,1.7074987888336182
6011,1.5660457611083984
6012,1.2728201150894165
6013,1.5534281730651855
6014,2.328381299972534
6015,1.2739523649215698
6016,1.2991448640823364
6017,1.3877129554748535
6018,2.162094831466675
6019,1.2860759496688843
6020,1.2741321325302124
6021,1.0267897844314575
6022,1.1831861734390259
6023,1.7404594421386719
6024,1.3066933155059814
6025,2.065460681915283
6026,2.1890039443969727
6027,0.8298952579498291
6028,1.1857779026031494
6029,1.4409551620483398
6030,0.8296775221824646
6031,0.8431954383850098
6032,0.8409440517425537
6033,1.3320974111557007
6034,0.8729830980300903
6035,0.5287772417068481
6036,0.5252975225448608
6037,2.064655303955078
6038,0.9521280527114868
6039,0.9141854047775269
6040,1.6117547750473022
6041,1.495597243309021
6042,1.2945307493209839
6043,1.2530205249786377
6044,1.2383220195770264
6045,0.7691731452941895
6046,0.36618006229400635
6047,0.5194174647331238
6048,0.5810340642929077
6049,1.0460119247436523
6050,0.3549027740955353
6051,0.779482901096344
6052,1.0688669681549072
6053,1.0267122983932495
6054,1.7195552587509155
6055,1.5980271100997925
6056,1.5126748085021973
6057,1.439115047454834
6058,2.2632408142089844
6059,1.7430980205535889
6060,1.7440918684005737
6061,1.7368087768554688
6062,1.7542394399642944
6063,1.7662091255187988
6064,1.5716472864151
6065,1.3395720720291138
6066,2.3124866485595703
6067,1.6808632612228394
6068,1.533478856086731
6069,1.3300986289978027
6070,1.6017202138900757
6071,1.6150214672088623
6072,1.1200079917907715
6073,0.9423179030418396
6074,1.2480354309082031
6075,1.1318480968475342
6076,1.2884800434112549
6077,1.974473476409912
6078,1.1232458353042603
6079,0.5644120573997498
6080,0.8541383743286133
6081,1.102508544921875
6082,0.8799757361412048
6083,0.8221543431282043
6084,1.174797534942627
6085,0.5340532064437866
6086,1.803591012954712
6087,0.819312334060669
6088,0.7720434665679932
6089,0.705696702003479
6090,0.46300601959228516
6091,1.0635745525360107
6092,0.633539080619812
6093,1.4129983186721802
6094,0.9937179088592529
6095,1.3229804039001465
6096,1.5302156209945679
6097,1.9425268173217773
6098,0.9623246788978577
6099,0.6080346703529358
6100,0.49315956234931946
6101,0.3475114405155182
6102,0.8176767230033875
6103,1.3255587816238403
6104,3.518582344055176
6105,1.3908313512802124
6106,1.2010035514831543
6107,1.7070213556289673
6108,1.8942985534667969
6109,2.383744716644287
6110,1.4853109121322632
6111,1.435551404953003
6112,1.2445796728134155
6113,1.2378648519515991
6114,2.5766704082489014
6115,1.2733876705169678
6116,1.1941673755645752
6117,1.203567624092102
6118,0.960737943649292
6119,1.4039300680160522
6120,2.7453746795654297
6121,1.6113932132720947
6122,1.8168233633041382
6123,1.0241296291351318
6124,1.32155179977417
6125,0.8750497102737427
6126,0.6066664457321167
6127,1.435732126235962
6128,1.4201953411102295
6129,1.327390432357788
6130,1.295348048210144
6131,1.2179155349731445
6132,1.0845651626586914
6133,1.0374308824539185
6134,1.0185941457748413
6135,0.35657623410224915
6136,0.47786733508110046
6137,0.7350407838821411
6138,1.324077844619751
6139,1.0756627321243286
6140,1.1428945064544678
6141,1.5317742824554443
6142,1.5376137495040894
6143,1.047232985496521
6144,0.9342843294143677
6145,0.7367227673530579
6146,0.6836017370223999
6147,1.6475143432617188
6148,1.082351803779602
6149,1.9284855127334595
6150,1.5326024293899536
6151,1.144100546836853
6152,1.1930997371673584
6153,0.8977264761924744
6154,1.3230934143066406
6155,1.1311852931976318
6156,0.9794027209281921
6157,1.0048246383666992
6158,1.2889304161071777
6159,1.357884407043457
6160,1.468340277671814
6161,1.2361491918563843
6162,1.321150302886963
6163,2.2079782485961914
6164,1.253352403640747
6165,1.283226490020752
6166,1.0485212802886963
6167,1.1285667419433594
6168,1.2727659940719604
6169,1.6811411380767822
6170,1.058121919631958
6171,1.4361969232559204
6172,0.925324559211731
6173,0.9527502059936523
6174,1.1907238960266113
6175,0.4452688992023468
6176,0.4586220979690552
6177,0.6370683908462524
6178,0.5211414098739624
6179,0.39228692650794983
6180,0.6134102940559387
6181,0.6552585363388062
6182,0.86021488904953
6183,0.43382391333580017
6184,0.5165859460830688
6185,3.7009902000427246
6186,1.0098876953125
6187,0.8658213019371033
6188,1.1407116651535034
6189,1.4620814323425293
6190,0.9718842506408691
6191,0.8576461672782898
6192,0.8021981120109558
6193,0.978888988494873
6194,0.9266248345375061
6195,1.0268179178237915
6196,0.7129473090171814
6197,1.008050799369812
6198,1.085115671157837
6199,1.429347038269043
6200,2.378953218460083
6201,0.566491425037384
6202,0.6495026350021362
6203,0.6329853534698486
6204,0.9495110511779785
6205,0.3312016427516937
6206,0.940546989440918
6207,1.0329182147979736
6208,1.0816256999969482
6209,0.8465767502784729
6210,0.7179502844810486
6211,1.2179664373397827
6212,0.797516405582428
6213,0.8780911564826965
6214,0.7440237402915955
6215,0.670286238193512
6216,1.7473196983337402
6217,0.6241211891174316
6218,0.42511260509490967
6219,1.3254505395889282
6220,0.6861305236816406
6221,0.7616933584213257
6222,0.8359501957893372
6223,1.1373251676559448
6224,0.9389049410820007
6225,1.7202415466308594
6226,1.1302152872085571
6227,1.2488936185836792
6228,1.3012604713439941
6229,2.11012601852417
6230,1.1928434371948242
6231,1.2480217218399048
6232,1.4108892679214478
6233,1.0628753900527954
6234,1.0566773414611816
6235,1.3118048906326294
6236,1.014566421508789
6237,0.9822596311569214
6238,2.9595556259155273
6239,1.208336353302002
6240,1.7963860034942627
6241,0.8452825546264648
6242,1.411741852760315
6243,1.2911709547042847
6244,1.3575516939163208
6245,0.9881173372268677
6246,0.7967976927757263
6247,1.0548627376556396
6248,1.0601338148117065
6249,1.1294429302215576
6250,1.8244729042053223
6251,2.020249128341675
6252,1.2745000123977661
6253,1.6703230142593384
6254,1.5539379119873047
6255,1.5160070657730103
6256,1.4229875802993774
6257,1.4784044027328491
6258,1.3774199485778809
6259,1.0579577684402466
6260,1.2362549304962158
6261,0.8446478247642517
6262,0.8357641100883484
6263,0.9495964050292969
6264,0.9514869451522827
6265,1.573232650756836
6266,1.184193730354309
6267,0.7195848822593689
6268,1.2106053829193115
6269,1.5125535726547241
6270,0.9164789319038391
6271,0.8845826983451843
6272,3.466594696044922
6273,0.6571559309959412
6274,1.5275895595550537
6275,0.8620747923851013
6276,1.2625114917755127
6277,1.653041124343872
6278,0.8149927258491516
6279,0.9324610233306885
6280,1.3509019613265991
6281,1.2090988159179688
6282,0.8641535639762878
6283,1.1791462898254395
6284,1.2615021467208862
6285,1.0836063623428345
6286,0.8774810433387756
6287,0.8488385677337646
6288,0.948483407497406
6289,1.0819358825683594
6290,0.8538069128990173
6291,1.3131321668624878
6292,1.5169024467468262
6293,1.3702232837677002
6294,0.7903676629066467
6295,1.9917714595794678
6296,0.8768538236618042
6297,0.30957719683647156
6298,0.21160003542900085
6299,0.4123575985431671
6300,0.6607974767684937
6301,0.657077431678772
6302,0.6522696614265442
6303,0.9275405406951904
6304,0.9747815728187561
6305,0.7873185276985168
6306,1.3966796398162842
6307,0.6896249055862427
6308,0.77816241979599
6309,1.1626732349395752
6310,0.637536346912384
6311,0.9443125128746033
6312,1.6714102029800415
6313,1.807051420211792
6314,0.6250910758972168
6315,2.251904249191284
6316,0.33811891078948975
6317,0.30058571696281433
6318,0.21433952450752258
6319,0.4723062813282013
6320,0.5476199388504028
6321,1.0887771844863892
6322,0.6791381239891052
6323,0.8234327435493469
6324,1.8814141750335693
6325,1.4754616022109985
6326,0.8498054146766663
6327,1.955276608467102
6328,1.311301589012146
6329,1.2468433380126953
6330,0.9088666439056396
6331,1.3683931827545166
6332,0.743939220905304
6333,1.1399073600769043
6334,0.7005500793457031
6335,0.764980673789978
6336,1.1497608423233032
6337,0.6784915328025818
6338,1.2001380920410156
6339,0.9284228682518005
6340,0.5627454519271851
6341,1.242648959159851
6342,1.240269422531128
6343,1.530954360961914
6344,0.7167440056800842
6345,0.5157908201217651
6346,0.5416330695152283
6347,0.6187320947647095
6348,1.2261903285980225
6349,0.8452420234680176
6350,0.9833383560180664
6351,0.7296647429466248
6352,0.8426054120063782
6353,1.0677026510238647
6354,0.5996206998825073
6355,0.8749158978462219
6356,0.9253228306770325
6357,0.455610990524292
6358,0.7817298173904419
6359,0.605006754398346
6360,0.7539348602294922
6361,0.8401462435722351
6362,0.34390679001808167
6363,0.5394896268844604
6364,0.8819502592086792
6365,0.8040082454681396
6366,1.1280990839004517
6367,1.4635193347930908
6368,0.5606327652931213
6369,0.5141211748123169
6370,0.33304518461227417
6371,1.770559310913086
6372,0.5318884253501892
6373,0.7018203735351562
6374,0.9753279685974121
6375,0.7443041205406189
6376,0.31315985321998596
6377,0.47757983207702637
6378,2.0821869373321533
6379,0.4169122576713562
6380,0.6341296434402466
6381,1.6017683744430542
6382,1.09419846534729
6383,0.639453649520874
6384,0.7574679851531982
6385,1.3730576038360596
6386,0.8370103240013123
6387,1.1768903732299805
6388,0.8417481184005737
6389,0.9129879474639893
6390,1.3831416368484497
6391,0.8924140334129333
6392,1.0276306867599487
6393,1.1240867376327515
6394,0.7176554203033447
6395,0.7006939053535461
6396,0.4557013213634491
6397,0.9308452606201172
6398,1.2541342973709106
6399,1.0326364040374756
6400,0.44090622663497925
6401,0.484092116355896
6402,1.3509923219680786
6403,1.3305697441101074
6404,0.7732439041137695
6405,0.8633357286453247
6406,0.9245458841323853
6407,0.8753941655158997
6408,0.8610073924064636
6409,0.5883002877235413
6410,0.6687052249908447
6411,2.5457868576049805
6412,2.087347984313965
6413,0.8837169408798218
6414,0.6752645373344421
6415,1.3285595178604126
6416,1.0797345638275146
6417,1.0271369218826294
6418,1.004252314567566
6419,0.958601176738739
6420,1.2358450889587402
6421,1.9349056482315063
6422,1.4597163200378418
6423,1.232324242591858
6424,1.5196341276168823
6425,1.6162705421447754
6426,1.077389121055603
6427,1.1439275741577148
6428,1.2415382862091064
6429,1.279685378074646
6430,1.3123066425323486
6431,1.5347919464111328
6432,0.9152575135231018
6433,1.2898533344268799
6434,1.6526222229003906
6435,1.007694125175476
6436,0.4207192361354828
6437,1.2484039068222046
6438,1.4809303283691406
6439,1.8369605541229248
6440,1.6327928304672241
6441,2.1740310192108154
6442,1.798730731010437
6443,1.1045405864715576
6444,0.8410236239433289
6445,1.4258941411972046
6446,2.0761401653289795
6447,0.8060241341590881
6448,1.0641149282455444
6449,1.2814668416976929
6450,1.0571095943450928
6451,0.6706161499023438
6452,0.5831891894340515
6453,0.8854130506515503
6454,0.8265577554702759
6455,1.2351799011230469
6456,1.5197802782058716
6457,0.9814208745956421
6458,1.0341922044754028
6459,0.9282070398330688
6460,1.0206515789031982
6461,0.4140695035457611
6462,1.2802397012710571
6463,0.8736438155174255
6464,0.9978350400924683
6465,0.6837932467460632
6466,0.5446603298187256
6467,0.9092366099357605
6468,1.5111243724822998
6469,0.7033568024635315
6470,0.9201183319091797
6471,1.0270549058914185
6472,0.7775084376335144
6473,1.0051453113555908
6474,0.7556142807006836
6475,0.9750409126281738
6476,0.5520588755607605
6477,3.29746413230896
6478,1.625465989112854
6479,1.122292160987854
6480,2.9679582118988037
6481,1.3261611461639404
6482,1.2928599119186401
6483,1.0589032173156738
6484,0.8048173189163208
6485,0.7350567579269409
6486,0.41526949405670166
6487,0.40412989258766174
6488,0.8139470815658569
6489,0.7157094478607178
6490,0.940507173538208
6491,0.7809578776359558
6492,3.246476650238037
6493,0.8701606392860413
6494,0.8693471550941467
6495,0.8439527750015259
6496,1.1242448091506958
6497,1.0268851518630981
6498,0.5294012427330017
6499,1.0523457527160645
6500,1.147822618484497
6501,0.9569443464279175
6502,0.987760066986084
6503,1.2207492589950562
6504,0.8910597562789917
6505,0.8961378335952759
6506,0.8050709366798401
6507,0.789348840713501
6508,1.5741734504699707
6509,1.0675318241119385
6510,1.0602741241455078
6511,0.8557935357093811
6512,1.1271353960037231
6513,0.5871382355690002
6514,0.47988152503967285
6515,0.7938174605369568
6516,1.0453224182128906
6517,1.078458547592163
6518,0.8505116105079651
6519,0.6211269497871399
6520,0.5625832676887512
6521,0.554669976234436
6522,0.6363523602485657
6523,1.4074552059173584
6524,0.8712814450263977
6525,1.1163283586502075
6526,1.775342345237732
6527,1.6362264156341553
6528,0.7939915060997009
6529,0.30142849683761597
6530,0.6250092387199402
6531,0.6480699181556702
6532,0.4622633159160614
6533,0.5851818323135376
6534,1.29318368434906
6535,0.4485955536365509
6536,0.2998875379562378
6537,0.5066109299659729
6538,0.33810874819755554
6539,0.6255269050598145
6540,0.5642476677894592
6541,0.40932637453079224
6542,0.6188148260116577
6543,1.45388662815094
6544,0.536904513835907
6545,1.2042590379714966
6546,0.8122662305831909
6547,1.4922370910644531
6548,1.0424607992172241
6549,1.169091820716858
6550,1.2308337688446045
6551,1.1516011953353882
6552,1.2585561275482178
6553,0.72684645652771
6554,0.8803191184997559
6555,0.7481703162193298
6556,0.9481053352355957
6557,0.761650025844574
6558,0.8050352334976196
6559,0.48602092266082764
6560,1.3375352621078491
6561,1.8438853025436401
6562,0.7982052564620972
6563,1.1022326946258545
6564,0.993422269821167
6565,0.7395086884498596
6566,0.5801907181739807
6567,1.5870261192321777
6568,0.6306943297386169
6569,0.601462721824646
6570,1.1794710159301758
6571,0.45689815282821655
6572,0.5523850321769714
6573,0.47832706570625305
6574,0.44540271162986755
6575,0.778480052947998
6576,0.8445776104927063
6577,1.0325719118118286
6578,1.206939458847046
6579,1.999768614768982
6580,1.163335919380188
6581,0.6278321743011475
6582,0.8664075136184692
6583,0.599635660648346
6584,0.5999129414558411
6585,0.4034111201763153
6586,0.745811402797699
6587,0.43516021966934204
6588,0.5618106126785278
6589,0.7034186124801636
6590,0.4303187429904938
6591,0.6929503083229065
6592,0.5799465179443359
6593,0.7801253795623779
6594,1.1242250204086304
6595,0.5350558757781982
6596,0.7527832984924316
6597,1.3011994361877441
6598,0.8359367847442627
6599,0.7980760931968689
6600,1.2664997577667236
6601,1.1194870471954346
6602,1.0904345512390137
6603,2.2131855487823486
6604,1.9420055150985718
6605,0.6351816058158875
6606,0.7300480008125305
6607,0.6185280084609985
6608,0.7215750813484192
6609,1.4822328090667725
6610,1.7941867113113403
6611,1.7041581869125366
6612,2.080930471420288
6613,2.260014295578003
6614,3.0726318359375
6615,2.9861347675323486
6616,2.2718586921691895
6617,2.218494415283203
6618,2.2516863346099854
6619,2.197693109512329
6620,2.151662826538086
6621,1.7932640314102173
6622,1.956423044204712
6623,1.4050894975662231
6624,1.6693722009658813
6625,1.6932355165481567
6626,1.9442731142044067
6627,2.0860891342163086
6628,1.2648372650146484
6629,2.0295162200927734
6630,1.2192416191101074
6631,1.1173290014266968
6632,1.0865085124969482
6633,2.8051400184631348
6634,1.7993745803833008
6635,0.8099203705787659
6636,1.0815868377685547
6637,0.7272126078605652
6638,0.8158318400382996
6639,1.4692591428756714
6640,1.3079198598861694
6641,0.8791239857673645
6642,0.9705120325088501
6643,1.115809440612793
6644,0.9679697155952454
6645,0.9765385389328003
6646,1.0704550743103027
6647,0.9535504579544067
6648,1.2512528896331787
6649,1.168157935142517
6650,1.00149667263031
6651,0.578094482421875
6652,0.3136722445487976
6653,0.5940628051757812
6654,0.6559209823608398
6655,0.701814591884613
6656,0.7064905166625977
6657,0.9516801834106445
6658,1.4184660911560059
6659,1.4678832292556763
6660,2.407313585281372
6661,1.630792260169983
6662,1.637547254562378
6663,0.9539844393730164
6664,0.8249966502189636
6665,1.2294384241104126
6666,1.4251325130462646
6667,0.7941315174102783
6668,0.7182833552360535
6669,0.7095537781715393
6670,0.941594123840332
6671,0.7949169278144836
6672,0.8127670884132385
6673,1.6514086723327637
6674,0.9401987195014954
6675,1.1376043558120728
6676,0.8238576054573059
6677,0.9153288006782532
6678,0.8336859345436096
6679,0.6850425004959106
6680,1.8742189407348633
6681,0.9309059977531433
6682,0.8888018727302551
6683,1.3887706995010376
6684,0.7922960519790649
6685,0.6937597990036011
6686,2.0556442737579346
6687,0.6000095009803772
6688,0.6228697896003723
6689,0.8569345474243164
6690,0.6014075875282288
6691,1.2187631130218506
6692,1.4135017395019531
6693,0.9581825733184814
6694,1.3421951532363892
6695,1.8638406991958618
6696,0.9597090482711792
6697,1.2437866926193237
6698,0.3401642441749573
6699,0.7638580203056335
6700,1.0250126123428345
6701,0.8068056106567383
6702,0.35957133769989014
6703,1.1194132566452026
6704,1.1326733827590942
6705,1.1892677545547485
6706,1.788734793663025
6707,1.72252357006073
6708,2.0462241172790527
6709,1.9405462741851807
6710,1.4316346645355225
6711,1.7314910888671875
6712,1.7482662200927734
6713,1.748699426651001
6714,1.2886885404586792
6715,0.986087441444397
6716,2.041032075881958
6717,0.8929158449172974
6718,0.7760484218597412
6719,0.9170352816581726
6720,1.417181134223938
6721,0.9403361678123474
6722,1.490985631942749
6723,1.1503278017044067
6724,1.8554209470748901
6725,0.9250289797782898
6726,0.7349233627319336
6727,0.6167258620262146
6728,1.1523445844650269
6729,1.1213200092315674
6730,0.9121710658073425
6731,1.1166870594024658
6732,0.41602593660354614
6733,0.42046642303466797
6734,0.29810696840286255
6735,0.3891407549381256
6736,0.5309458374977112
6737,0.9249781966209412
6738,2.610346555709839
6739,0.6462200284004211
6740,1.8344073295593262
6741,1.1244455575942993
6742,0.9331734776496887
6743,0.5541982054710388
6744,0.5268244743347168
6745,2.1187777519226074
6746,1.1555964946746826
6747,0.5991938710212708
6748,1.0108681917190552
6749,0.5176372528076172
6750,0.4683602750301361
6751,2.232438802719116
6752,0.9060478806495667
6753,0.8005473017692566
6754,1.270550012588501
6755,0.8257898688316345
6756,1.3127199411392212
6757,1.0400774478912354
6758,1.1384583711624146
6759,0.5861594676971436
6760,0.34164664149284363
6761,0.47773393988609314
6762,0.9199703931808472
6763,0.2833581268787384
6764,0.3701472878456116
6765,0.5037915110588074
6766,0.8998997807502747
6767,0.4211038649082184
6768,0.4247034788131714
6769,0.3222026526927948
6770,0.6335939764976501
6771,0.9142889976501465
6772,0.4513292610645294
6773,0.5364013314247131
6774,0.7470783591270447
6775,0.4784797430038452
6776,0.8294517993927002
6777,1.1905268430709839
6778,1.2479385137557983
6779,0.6399009823799133
6780,0.4140928089618683
6781,2.2323780059814453
6782,0.9064925312995911
6783,0.8029601573944092
6784,0.6664894223213196
6785,0.5463067293167114
6786,0.596871554851532
6787,3.2323102951049805
6788,0.6360452175140381
6789,0.5602040886878967
6790,1.2879791259765625
6791,0.43668627738952637
6792,1.2795957326889038
6793,0.6141690611839294
6794,2.139235258102417
6795,1.9029819965362549
6796,1.1155810356140137
6797,0.7343043684959412
6798,0.6609638333320618
6799,0.4574514627456665
6800,0.9851065874099731
6801,0.7412117719650269
6802,0.5673742890357971
6803,0.4198419749736786
6804,0.617680013179779
6805,0.7824682593345642
6806,0.46023449301719666
6807,0.41541576385498047
6808,1.2420141696929932
6809,0.5731362700462341
6810,0.7725881338119507
6811,1.1965229511260986
6812,1.7114356756210327
6813,1.5534337759017944
6814,1.7546321153640747
6815,1.6766135692596436
6816,1.6393728256225586
6817,1.7306157350540161
6818,2.049586534500122
6819,2.1611907482147217
6820,2.6065120697021484
6821,1.8314385414123535
6822,2.0008552074432373
6823,4.269463539123535
6824,2.5775351524353027
6825,1.9763710498809814
6826,2.1559250354766846
6827,2.1028575897216797
6828,2.7846643924713135
6829,2.409644603729248
6830,2.769078493118286
6831,2.2986268997192383
6832,2.0686511993408203
6833,2.4329850673675537
6834,2.1979172229766846
6835,2.213409662246704
6836,2.361297607421875
6837,4.162606239318848
6838,2.592374324798584
6839,2.1982688903808594
6840,2.1926791667938232
6841,1.4839314222335815
6842,2.4270293712615967
6843,0.9783650636672974
6844,1.226121187210083
6845,1.705419898033142
6846,1.2661187648773193
6847,2.2153756618499756
6848,1.5749633312225342
6849,1.4394199848175049
6850,2.8167879581451416
6851,1.7223994731903076
6852,1.784546971321106
6853,1.0035227537155151
6854,1.6069433689117432
6855,1.8518658876419067
6856,2.2180964946746826
6857,0.7121289372444153
6858,0.6106680035591125
6859,0.8720216751098633
6860,0.5700675845146179
6861,0.7809800505638123
6862,0.7563300132751465
6863,0.8645633459091187
6864,1.0321719646453857
6865,0.7411532998085022
6866,0.7469341158866882
6867,0.8102444410324097
6868,0.6471737027168274
6869,1.0149552822113037
6870,0.8196755647659302
6871,0.6284680366516113
6872,0.9247937798500061
6873,0.6748389601707458
6874,0.9671539664268494
6875,1.0128004550933838
6876,1.20891273021698
6877,1.2103245258331299
6878,1.1873341798782349
6879,3.053426742553711
6880,1.546433687210083
6881,1.316088318824768
6882,0.6940645575523376
6883,1.3315495252609253
6884,1.593335747718811
6885,0.8210467100143433
6886,1.1032965183258057
6887,1.028552532196045
6888,1.4125409126281738
6889,0.8641104102134705
6890,1.966469645500183
6891,1.7451834678649902
6892,0.871093213558197
6893,0.4816829264163971
6894,0.8565400242805481
6895,0.5901990532875061
6896,1.1174484491348267
6897,1.4716931581497192
6898,0.7046521902084351
6899,0.7633229494094849
6900,1.3461363315582275
6901,0.5741863250732422
6902,0.6114697456359863
6903,0.8868102431297302
6904,0.7153313755989075
6905,0.809475839138031
6906,0.8658996224403381
6907,0.6014679670333862
6908,1.0402311086654663
6909,0.3182884752750397
6910,0.406282514333725
6911,1.1463301181793213
6912,0.4542289972305298
6913,0.44171491265296936
6914,1.2316184043884277
6915,0.685081958770752
6916,0.8391408920288086
6917,1.3263916969299316
6918,1.3439477682113647
6919,0.8904277682304382
6920,0.856317937374115
6921,0.7067537307739258
6922,1.4602153301239014
6923,0.8365600109100342
6924,1.1095746755599976
6925,0.8596917390823364
6926,0.5893645882606506
6927,1.600813865661621
6928,1.1343098878860474
6929,1.1613523960113525
6930,0.8847050666809082
6931,0.8904167413711548
6932,1.108673095703125
6933,1.0824345350265503
6934,0.7518107891082764
6935,1.6468967199325562
6936,0.45566755533218384
6937,0.8748235702514648
6938,0.6663081049919128
6939,1.2010565996170044
6940,1.4146384000778198
6941,0.8334028720855713
6942,0.7116472721099854
6943,2.7692441940307617
6944,1.0930227041244507
6945,1.277243971824646
6946,1.0982791185379028
6947,0.8893247246742249
6948,1.691819190979004
6949,1.564301609992981
6950,0.6597974300384521
6951,0.908248782157898
6952,0.9715825319290161
6953,1.1759933233261108
6954,1.150865077972412
6955,0.5117250084877014
6956,1.0159580707550049
6957,3.156613349914551
6958,1.5056554079055786
6959,1.24802827835083
6960,1.6453570127487183
6961,1.823904037475586
6962,2.0447821617126465
6963,1.2403022050857544
6964,1.5546741485595703
6965,1.3977948427200317
6966,2.0898804664611816
6967,1.8473625183105469
6968,1.9504841566085815
6969,0.5396106839179993
6970,0.533606231212616
6971,1.0717405080795288
6972,1.0139843225479126
6973,0.4994461238384247
6974,1.1532601118087769
6975,0.4014514684677124
6976,0.9523429274559021
6977,0.5439020395278931
6978,1.4307994842529297
6979,0.32163360714912415
6980,0.9854286313056946
6981,0.6256670951843262
6982,0.4935961365699768
6983,0.3341415226459503
6984,0.32853376865386963
6985,0.777881383895874
6986,0.2970793843269348
6987,0.3256179392337799
6988,0.796118438243866
6989,0.785479724407196
6990,0.4709146320819855
6991,0.7785742282867432
6992,0.5411106944084167
6993,1.0271968841552734
6994,0.6717931628227234
6995,0.4657880961894989
6996,0.6817099452018738
6997,0.6658305525779724
6998,0.9612886309623718
6999,0.3340159058570862
7000,0.6854378581047058
7001,0.8638020753860474
7002,1.1118696928024292
7003,1.1468783617019653
7004,0.4454248249530792
7005,0.5206375122070312
7006,1.1901229619979858
7007,1.5008198022842407
7008,0.6140926480293274
7009,0.7989881038665771
7010,0.8954728245735168
7011,0.8175202012062073
7012,0.4757464826107025
7013,0.5185334086418152
7014,1.5449981689453125
7015,0.6943373084068298
7016,0.6322300434112549
7017,1.0892153978347778
7018,1.2681708335876465
7019,0.8469911217689514
7020,0.9050387740135193
7021,0.8061760663986206
7022,1.5038377046585083
7023,1.7216323614120483
7024,1.156704306602478
7025,1.5960103273391724
7026,0.6523281335830688
7027,0.6016875505447388
7028,0.7652022242546082
7029,0.7739923596382141
7030,0.6473183631896973
7031,1.2335537672042847
7032,0.3216886818408966
7033,1.1323109865188599
7034,0.37208372354507446
7035,0.7659392952919006
7036,0.9182173609733582
7037,1.7756158113479614
7038,0.9614553451538086
7039,1.1235461235046387
7040,0.9143515825271606
7041,0.7309895753860474
7042,0.47608011960983276
7043,0.596865177154541
7044,1.5955517292022705
7045,0.5434578061103821
7046,1.2044603824615479
7047,1.3071173429489136
7048,0.7845742106437683
7049,2.6347594261169434
7050,0.7928321361541748
7051,0.746528148651123
7052,0.4155779778957367
7053,0.457851767539978
7054,0.7737192511558533
7055,2.5209004878997803
7056,0.7662017345428467
7057,0.7362951636314392
7058,0.4921944737434387
7059,0.8797948956489563
7060,1.3770461082458496
7061,0.664486825466156
7062,0.4564560353755951
7063,1.1240719556808472
7064,0.6188703179359436
7065,1.150243878364563
7066,0.5698828101158142
7067,0.8657830953598022
7068,1.0791634321212769
7069,1.7883907556533813
7070,0.530804455280304
7071,0.7586802244186401
7072,4.232272148132324
7073,0.9572696089744568
7074,1.0263049602508545
7075,1.1670676469802856
7076,0.8759804368019104
7077,1.0791772603988647
7078,0.7287212610244751
7079,1.111037254333496
7080,1.0353957414627075
7081,1.56891667842865
7082,1.2840429544448853
7083,1.2160826921463013
7084,1.1678040027618408
7085,1.1390609741210938
7086,0.8304442763328552
7087,1.0755054950714111
7088,0.8885791301727295
7089,1.0152336359024048
7090,0.9401518106460571
7091,0.9984837174415588
7092,1.3658760786056519
7093,1.4844763278961182
7094,1.0457258224487305
7095,0.9344679117202759
7096,1.5085397958755493
7097,3.239407777786255
7098,0.8118064403533936
7099,3.339797258377075
7100,0.5666720867156982
7101,1.0456392765045166
7102,0.7858411073684692
7103,0.8074573278427124
7104,1.0056285858154297
7105,1.2043205499649048
7106,1.024562120437622
7107,1.1516903638839722
7108,1.527048945426941
7109,1.269994854927063
7110,0.9154948592185974
7111,1.2392387390136719
7112,2.5624425411224365
7113,0.8459409475326538
7114,1.2121416330337524
7115,1.1024248600006104
7116,1.0280492305755615
7117,0.9305223822593689
7118,0.7952300310134888
7119,1.5896594524383545
7120,0.29767003655433655
7121,0.842633843421936
7122,0.6234675049781799
7123,0.45221146941185
7124,0.6750011444091797
7125,0.6163254380226135
7126,0.6622804999351501
7127,1.2247306108474731
7128,0.5363338589668274
7129,0.5477623343467712
7130,0.5277687907218933
7131,0.897196352481842
7132,0.3916085660457611
7133,1.5564769506454468
7134,0.618359386920929
7135,0.46303391456604004
7136,0.5856682062149048
7137,1.00307297706604
7138,1.467753291130066
7139,0.6317497491836548
7140,0.9251169562339783
7141,0.30721142888069153
7142,0.3990984857082367
7143,0.45372992753982544
7144,0.676585853099823
7145,0.7990044355392456
7146,1.0308676958084106
7147,0.9782214760780334
7148,1.223865032196045
7149,0.9544442892074585
7150,1.1070606708526611
7151,1.4489039182662964
7152,1.3446990251541138
7153,1.1273130178451538
7154,1.5643908977508545
7155,0.9930267930030823
7156,1.0525574684143066
7157,1.0717765092849731
7158,1.0542383193969727
7159,1.135676622390747
7160,1.703612208366394
7161,0.9279964566230774
7162,1.0022841691970825
7163,0.592460572719574
7164,0.9688723087310791
7165,1.0691722631454468
7166,0.8296956419944763
7167,1.5300312042236328
7168,1.2931041717529297
7169,1.1091547012329102
7170,1.0442003011703491
7171,0.7545986175537109
7172,0.9196307063102722
7173,0.8987403512001038
7174,0.6878129839897156
7175,1.214845895767212
7176,1.079257845878601
7177,0.5190135836601257
7178,0.6672230958938599
7179,1.140175700187683
7180,0.7051799893379211
7181,0.41517549753189087
7182,0.5562270283699036
7183,0.49455147981643677
7184,0.6159892678260803
7185,0.7628602385520935
7186,1.0032070875167847
7187,0.6441221237182617
7188,0.6869995594024658
7189,0.47364088892936707
7190,0.5237969160079956
7191,0.7271433472633362
7192,0.259610116481781
7193,0.6012240648269653
7194,0.33370089530944824
7195,0.505160391330719
7196,0.512300968170166
7197,0.6619200706481934
7198,0.7361972332000732
7199,0.694293200969696
7200,1.3941181898117065
7201,0.7195025086402893
7202,0.9515742659568787
7203,0.9053024649620056
7204,0.5210685133934021
7205,2.1614816188812256
7206,0.9639303684234619
7207,1.4644594192504883
7208,0.735991895198822
7209,0.8284381031990051
7210,0.3858795762062073
7211,1.0543040037155151
7212,1.152622103691101
7213,2.3251748085021973
7214,0.8064155578613281
7215,0.29751110076904297
7216,0.4758552312850952
7217,0.6657477021217346
7218,0.5737561583518982
7219,0.8937724828720093
7220,0.5330415964126587
7221,0.7464938759803772
7222,1.2230958938598633
7223,0.8886098265647888
7224,0.6115193367004395
7225,0.897341787815094
7226,0.8412945866584778
7227,0.7822133302688599
7228,0.8875631093978882
7229,0.9703072309494019
7230,0.839210033416748
7231,1.2472814321517944
7232,1.4943040609359741
7233,1.048257827758789
7234,0.6032055616378784
7235,0.903622031211853
7236,0.7926320433616638
7237,0.627018392086029
7238,0.6502877473831177
7239,0.9836387038230896
7240,0.6490011215209961
7241,1.0081199407577515
7242,0.8041085600852966
7243,1.5584561824798584
7244,0.8853940963745117
7245,0.9361894726753235
7246,0.8072206974029541
7247,0.9728310108184814
7248,0.984321653842926
7249,1.0102124214172363
7250,1.1095895767211914
7251,0.8296365141868591
7252,1.1198476552963257
7253,1.396078109741211
7254,1.353385329246521
7255,1.556417465209961
7256,1.2705614566802979
7257,1.4871573448181152
7258,1.4768270254135132
7259,1.6633132696151733
7260,3.965792655944824
7261,1.0109200477600098
7262,0.8042054772377014
7263,1.0567859411239624
7264,0.5067200064659119
7265,0.6857482194900513
7266,0.6516423225402832
7267,0.5276003479957581
7268,0.32971906661987305
7269,0.591177225112915
7270,0.8778200745582581
7271,0.6840865612030029
7272,0.40219539403915405
7273,0.73306804895401
7274,0.2841585874557495
7275,0.8542267680168152
7276,0.5702068209648132
7277,0.6409410834312439
7278,0.3871299922466278
7279,1.0988081693649292
7280,0.6980667114257812
7281,2.1052379608154297
7282,1.017330527305603
7283,2.08132004737854
7284,0.5819809436798096
7285,0.7897300720214844
7286,0.9316232800483704
7287,0.7696799039840698
7288,1.1608742475509644
7289,1.4212309122085571
7290,1.306872010231018
7291,0.828808069229126
7292,1.5103859901428223
7293,0.7532086372375488
7294,1.0134873390197754
7295,1.2713992595672607
7296,1.1895021200180054
7297,1.131247639656067
7298,1.0745854377746582
7299,1.251866102218628
7300,1.5007442235946655
7301,1.1683378219604492
7302,1.2158223390579224
7303,0.8873727917671204
7304,1.2377034425735474
7305,1.4260518550872803
7306,0.967513382434845
7307,1.389701247215271
7308,0.5996441841125488
7309,0.6078598499298096
7310,1.1137571334838867
7311,0.7577146291732788
7312,0.5958563089370728
7313,0.8407636284828186
7314,0.6921588778495789
7315,0.5614296793937683
7316,0.857764482498169
7317,1.5663288831710815
7318,2.397834539413452
7319,0.4040801525115967
7320,0.4659551978111267
7321,0.7614768743515015
7322,1.0710694789886475
7323,0.4253402650356293
7324,0.32584089040756226
7325,0.5360002517700195
7326,0.37449130415916443
7327,0.46401268243789673
7328,0.5864574313163757
7329,0.8631443977355957
7330,0.9182491898536682
7331,0.833676278591156
7332,0.7879337668418884
7333,1.1620234251022339
7334,1.5684022903442383
7335,0.7280221581459045
7336,1.6158270835876465
7337,0.9173188805580139
7338,0.5632988810539246
7339,1.1983205080032349
7340,0.5949832797050476
7341,0.4449436068534851
7342,0.49809351563453674
7343,0.5190662741661072
7344,0.5855919122695923
7345,0.8114981651306152
7346,0.9774662256240845
7347,1.1674072742462158
7348,2.7100141048431396
7349,1.7111012935638428
7350,0.9427698850631714
7351,1.170065999031067
7352,0.6408205032348633
7353,1.0872365236282349
7354,0.4914654791355133
7355,0.6755279898643494
7356,0.7195597290992737
7357,0.7811970114707947
7358,4.246302127838135
7359,1.1460506916046143
7360,0.9672001600265503
7361,0.792616069316864
7362,1.263128638267517
7363,0.7705464959144592
7364,0.4360331892967224
7365,0.827758252620697
7366,0.6873797178268433
7367,0.7295082211494446
7368,1.07099187374115
7369,1.224555492401123
7370,0.6557033061981201
7371,0.3063041567802429
7372,1.0349599123001099
7373,1.0354117155075073
7374,2.580418586730957
7375,0.49215877056121826
7376,0.5985884666442871
7377,0.4457082152366638
7378,0.8366060853004456
7379,1.3162081241607666
7380,0.7096091508865356
7381,0.9649397730827332
7382,0.573090136051178
7383,0.7646048069000244
7384,1.1253883838653564
7385,1.3367948532104492
7386,1.9703909158706665
7387,1.374716877937317
7388,0.9896127581596375
7389,1.1263973712921143
7390,0.836922287940979
7391,1.3777507543563843
7392,0.6655650734901428
7393,0.8987407684326172
7394,0.9183524250984192
7395,1.1940884590148926
7396,0.9502103328704834
7397,0.8275681138038635
7398,0.7393629550933838
7399,0.9737349152565002
7400,1.5559850931167603
7401,0.7804388403892517
7402,0.5641273856163025
7403,0.4395710527896881
7404,0.673007607460022
7405,0.5693255662918091
7406,0.45167845487594604
7407,0.5241506695747375
7408,0.6305462718009949
7409,0.35155048966407776
7410,0.5098708271980286
7411,0.8219462037086487
7412,0.7803851366043091
7413,1.4543646574020386
7414,0.6784451007843018
7415,0.6932819485664368
7416,0.7965914011001587
7417,0.3561418354511261
7418,0.4751577079296112
7419,0.8555510640144348
7420,1.5890214443206787
7421,1.161091923713684
7422,1.2876133918762207
7423,1.2097787857055664
7424,0.7469605207443237
7425,1.343385934829712
7426,0.8628908395767212
7427,1.3112598657608032
7428,1.1579266786575317
7429,1.595137357711792
7430,0.8006657958030701
7431,1.1830590963363647
7432,1.5219110250473022
7433,0.7386630177497864
7434,0.6583113074302673
7435,0.6943094730377197
7436,0.4182402789592743
7437,0.8369386196136475
7438,1.2821003198623657
7439,0.36068180203437805
7440,1.374220609664917
7441,0.8301592469215393
7442,1.0499351024627686
7443,1.6197460889816284
7444,0.9789911508560181
7445,0.7056416869163513
7446,0.7825943231582642
7447,0.7750604152679443
7448,3.0601396560668945
7449,0.6440237760543823
7450,0.9763430953025818
7451,0.3475697338581085
7452,0.946771502494812
7453,0.6290989518165588
7454,0.8023457527160645
7455,1.1047308444976807
7456,0.7203249335289001
7457,0.36700475215911865
7458,0.8266427516937256
7459,1.9266321659088135
7460,0.9903380274772644
7461,0.4574710428714752
7462,0.8621125221252441
7463,0.6867184042930603
7464,0.38885870575904846
7465,0.25869184732437134
7466,0.20019811391830444
7467,1.202580451965332
7468,0.4849052131175995
7469,0.9005722999572754
7470,1.108214259147644
7471,1.4177050590515137
7472,2.6574513912200928
7473,0.5622411370277405
7474,1.193577766418457
7475,1.0005735158920288
7476,0.905333399772644
7477,1.102761149406433
7478,1.8213341236114502
7479,1.328153371810913
7480,1.5342727899551392
7481,1.1367658376693726
7482,1.4379606246948242
7483,2.7708489894866943
7484,2.517672538757324
7485,1.260786771774292
7486,0.9902080297470093
7487,0.8073891401290894
7488,1.3709564208984375
7489,1.2331130504608154
7490,1.1280263662338257
7491,0.9977256655693054
7492,0.8298605680465698
7493,0.9547428488731384
7494,1.0554296970367432
7495,1.0044699907302856
7496,1.4700219631195068
7497,1.3958479166030884
7498,1.05527663230896
7499,3.1039111614227295
7500,1.2306727170944214
7501,1.3334115743637085
7502,1.1266340017318726
7503,1.1022332906723022
7504,1.0443474054336548
7505,1.1453852653503418
7506,1.3397982120513916
7507,0.6977563500404358
7508,1.4831913709640503
7509,0.4615612030029297
7510,0.6399686932563782
7511,1.384738564491272
7512,1.5556070804595947
7513,0.9195219278335571
7514,1.1592981815338135
7515,1.215831995010376
7516,0.653186559677124
7517,0.6405107975006104
7518,0.8195127844810486
7519,0.30401813983917236
7520,1.6221619844436646
7521,0.9927781820297241
7522,0.5569471120834351
7523,0.9684864282608032
7524,0.6582797765731812
7525,0.8702280521392822
7526,0.5759771466255188
7527,0.9311898946762085
7528,1.1547441482543945
7529,1.0772616863250732
7530,1.251023530960083
7531,0.7861398458480835
7532,0.9226309061050415
7533,0.7676733732223511
7534,0.7729136347770691
7535,0.9626940488815308
7536,0.39898809790611267
7537,1.3468787670135498
7538,0.8368992805480957
7539,0.736137330532074
7540,0.6311854720115662
7541,0.7137559652328491
7542,0.8863037824630737
7543,0.36395901441574097
7544,1.5953335762023926
7545,2.7633190155029297
7546,1.0286530256271362
7547,0.5000665187835693
7548,0.768166184425354
7549,1.3450398445129395
7550,0.8224822282791138
7551,0.7368173003196716
7552,0.696731686592102
7553,0.7871634364128113
7554,1.039423942565918
7555,0.7724388837814331
7556,0.9684954881668091
7557,0.6240265369415283
7558,2.089848756790161
7559,1.6029868125915527
7560,0.9779736995697021
7561,0.9482066035270691
7562,0.6670640110969543
7563,0.8135184645652771
7564,0.7359365820884705
7565,0.7879107594490051
7566,0.6319929361343384
7567,0.5782778859138489
7568,0.8145776391029358
7569,0.8534605503082275
7570,1.6326159238815308
7571,0.7577928900718689
7572,0.5132007002830505
7573,0.7843241095542908
7574,0.4972929358482361
7575,0.8521347641944885
7576,1.086542010307312
7577,1.53959321975708
7578,1.4148436784744263
7579,0.4516623914241791
7580,0.3471370339393616
7581,1.5132369995117188
7582,0.4617394208908081
7583,0.5162984132766724
7584,0.3849852383136749
7585,0.37468457221984863
7586,0.43581146001815796
7587,0.6339749693870544
7588,0.6178694367408752
7589,2.665205478668213
7590,2.0530736446380615
7591,1.3722368478775024
7592,1.2119190692901611
7593,0.7581908106803894
7594,0.9710349440574646
7595,1.2883316278457642
7596,0.8763062357902527
7597,1.1020821332931519
7598,1.7044249773025513
7599,1.7484999895095825
7600,1.8971582651138306
7601,1.7598271369934082
7602,2.0534989833831787
7603,2.252897262573242
7604,2.309295654296875
7605,2.15189790725708
7606,2.4836373329162598
7607,2.1889216899871826
7608,3.974949598312378
7609,2.4761879444122314
7610,2.22281551361084
7611,1.9585254192352295
7612,1.967049479484558
7613,1.3770465850830078
7614,2.034944772720337
7615,1.3909744024276733
7616,1.8991217613220215
7617,1.9126520156860352
7618,2.1780242919921875
7619,3.0486950874328613
7620,0.6635240316390991
7621,2.058850049972534
7622,0.7713111639022827
7623,2.490525484085083
7624,1.608820915222168
7625,2.719327688217163
7626,0.3543829619884491
7627,0.4985829293727875
7628,0.8465603590011597
7629,0.9342682957649231
7630,0.6067267060279846
7631,0.5918237566947937
7632,1.5887757539749146
7633,0.5146315097808838
7634,0.9250916242599487
7635,0.6987060904502869
7636,1.2392195463180542
7637,1.2526960372924805
7638,0.6435507535934448
7639,0.7215674519538879
7640,0.6227017641067505
7641,1.1060755252838135
7642,1.0492537021636963
7643,1.01488196849823
7644,0.6707816123962402
7645,0.8640801310539246
7646,0.6976482272148132
7647,1.0085047483444214
7648,1.0613768100738525
7649,1.3624502420425415
7650,0.9530841708183289
7651,1.9001597166061401
7652,1.422746181488037
7653,0.7803338766098022
7654,2.6895174980163574
7655,0.5994070768356323
7656,1.5429189205169678
7657,1.76564359664917
7658,1.4808268547058105
7659,1.2468491792678833
7660,1.2719690799713135
7661,0.700202226638794
7662,0.398931086063385
7663,0.9691058993339539
7664,1.7815845012664795
7665,0.8094203472137451
7666,0.738060712814331
7667,0.7144704461097717
7668,1.1111887693405151
7669,1.7247936725616455
7670,0.6845893263816833
7671,0.8765832185745239
7672,0.5584156513214111
7673,0.4779823124408722
7674,0.8150217533111572
7675,1.9231410026550293
7676,0.8339728713035583
7677,0.32179269194602966
7678,0.932856559753418
7679,0.622183084487915
7680,0.802567183971405
7681,0.7825052738189697
7682,0.6552828550338745
7683,0.7760634422302246
7684,0.19722114503383636
7685,1.050615668296814
7686,0.8299093842506409
7687,0.7704322338104248
7688,1.1441959142684937
7689,0.8514934778213501
7690,1.4082332849502563
7691,0.7805744409561157
7692,1.4216957092285156
7693,1.1480648517608643
7694,0.7148767709732056
7695,0.6434993743896484
7696,1.095849633216858
7697,0.7854322791099548
7698,1.780768871307373
7699,1.067683458328247
7700,1.0987643003463745
7701,1.589862585067749
7702,1.6735926866531372
7703,0.7790666818618774
7704,1.1435682773590088
7705,0.7438238859176636
7706,0.5887301564216614
7707,1.1263262033462524
7708,0.8190486431121826
7709,0.5474169254302979
7710,0.5799450874328613
7711,0.639403223991394
7712,0.5206075310707092
7713,0.18439267575740814
7714,0.331254780292511
7715,0.2923276722431183
7716,0.6119871735572815
7717,0.6321558952331543
7718,0.49053847789764404
7719,0.8384901285171509
7720,0.6303970813751221
7721,0.6989344358444214
7722,0.7858895063400269
7723,1.1038227081298828
7724,0.7929378151893616
7725,1.2750030755996704
7726,1.1697301864624023
7727,1.1968817710876465
7728,0.7284477949142456
7729,0.9168636202812195
7730,0.7756744027137756
7731,1.0004453659057617
7732,1.4140427112579346
7733,1.0578652620315552
7734,1.111086130142212
7735,0.9357796907424927
7736,1.2184797525405884
7737,1.0592231750488281
7738,3.618417978286743
7739,0.9848321676254272
7740,2.042572021484375
7741,1.723463535308838
7742,0.9128602743148804
7743,0.9955510497093201
7744,1.1475441455841064
7745,1.0597457885742188
7746,1.0645055770874023
7747,1.6029778718948364
7748,1.4248631000518799
7749,0.7517580389976501
7750,0.8777972459793091
7751,1.3920059204101562
7752,0.7594499588012695
7753,0.7751201391220093
7754,0.8330420255661011
7755,1.7118061780929565
7756,0.8043370842933655
7757,1.7589491605758667
7758,1.2850561141967773
7759,1.5664355754852295
7760,0.6508316397666931
7761,1.0058130025863647
7762,0.9113122224807739
7763,2.5870444774627686
7764,0.7905955910682678
7765,1.1948212385177612
7766,1.274721384048462
7767,0.6476272940635681
7768,0.7083604335784912
7769,0.4629148840904236
7770,0.4787091314792633
7771,0.7227801084518433
7772,0.7196431159973145
7773,0.6374565362930298
7774,0.9148668050765991
7775,0.7815962433815002
7776,0.8426889181137085
7777,0.523318350315094
7778,0.37198126316070557
7779,0.6813889741897583
7780,0.7124468088150024
7781,0.6985616683959961
7782,0.685710608959198
7783,0.6654821038246155
7784,0.5297391414642334
7785,0.7460374236106873
7786,0.4117230772972107
7787,1.4056071043014526
7788,0.8384546637535095
7789,1.3929474353790283
7790,1.4837446212768555
7791,0.8795038461685181
7792,1.1189197301864624
7793,0.9830867648124695
7794,1.0934619903564453
7795,0.9540016651153564
7796,1.1410866975784302
7797,0.896484375
7798,0.5868302583694458
7799,1.6260370016098022
7800,1.392958164215088
7801,1.125606656074524
7802,1.3097648620605469
7803,0.8438144326210022
7804,0.8186239004135132
7805,0.8109099268913269
7806,1.3032282590866089
7807,0.710712194442749
7808,0.8904233574867249
7809,0.682097852230072
7810,0.4840131998062134
7811,0.7636213302612305
7812,0.7403642535209656
7813,1.1287517547607422
7814,1.1657097339630127
7815,0.9458605051040649
7816,1.0736439228057861
7817,1.3128087520599365
7818,1.2920433282852173
7819,1.111967921257019
7820,2.479738473892212
7821,1.4210809469223022
7822,1.5991483926773071
7823,0.8346472382545471
7824,1.349143624305725
7825,1.1546608209609985
7826,0.34145182371139526
7827,0.434128075838089
7828,0.9258720874786377
7829,0.8671572208404541
7830,1.0627602338790894
7831,0.871469259262085
7832,1.8032951354980469
7833,1.1668397188186646
7834,1.0331825017929077
7835,0.6104751825332642
7836,0.7593950033187866
7837,0.6907632350921631
7838,0.6835837364196777
7839,0.6632993221282959
7840,0.6801314949989319
7841,1.074945330619812
7842,1.0682495832443237
7843,0.9840102195739746
7844,0.5649805665016174
7845,0.8121429681777954
7846,1.802656888961792
7847,0.867569088935852
7848,0.9345064163208008
7849,1.0357325077056885
7850,0.5931260585784912
7851,0.8661261796951294
7852,0.5920789241790771
7853,0.5575641989707947
7854,0.762222170829773
7855,0.5544124841690063
7856,0.603676974773407
7857,0.6600122451782227
7858,0.5289142727851868
7859,0.4237626791000366
7860,0.965877890586853
7861,1.5620173215866089
7862,0.7511017918586731
7863,1.3070158958435059
7864,0.9027884602546692
7865,1.2125968933105469
7866,0.784794270992279
7867,1.2146903276443481
7868,0.44314301013946533
7869,0.5640825629234314
7870,0.6848487854003906
7871,1.1860123872756958
7872,1.2849291563034058
7873,1.2383990287780762
7874,1.4958853721618652
7875,1.3646332025527954
7876,1.1637613773345947
7877,1.1365673542022705
7878,1.559293508529663
7879,1.538981318473816
7880,0.7722644805908203
7881,1.122058391571045
7882,0.6087848544120789
7883,0.6327054500579834
7884,0.5584794878959656
7885,0.4101337492465973
7886,0.29170864820480347
7887,0.6541045904159546
7888,0.28149229288101196
7889,0.6848072409629822
7890,0.5367768406867981
7891,0.9294074177742004
7892,0.6730761528015137
7893,0.705184280872345
7894,0.801319420337677
7895,0.9310735464096069
7896,0.8074382543563843
7897,1.8091799020767212
7898,0.6490426659584045
7899,1.0829838514328003
7900,1.0013550519943237
7901,0.8035600781440735
7902,0.8439385294914246
7903,1.3632047176361084
7904,1.180858850479126
7905,1.4695472717285156
7906,0.9966731667518616
7907,0.9662524461746216
7908,0.6472479104995728
7909,0.5749396681785583
7910,0.4605325162410736
7911,1.2140963077545166
7912,0.5004916787147522
7913,0.5854512453079224
7914,0.5505163669586182
7915,0.8515451550483704
7916,1.4210658073425293
7917,0.47168222069740295
7918,0.3214980959892273
7919,0.5421032905578613
7920,0.6070723533630371
7921,0.5360955595970154
7922,0.6648688316345215
7923,1.0464116334915161
7924,1.1781290769577026
7925,0.9970762729644775
7926,1.5202364921569824
7927,1.2407073974609375
7928,1.4330837726593018
7929,1.3853106498718262
7930,1.1163595914840698
7931,1.0351622104644775
7932,0.9597118496894836
7933,0.8108092546463013
7934,0.9407293796539307
7935,2.0746896266937256
7936,0.9300827383995056
7937,0.8508890867233276
7938,1.3571949005126953
7939,1.0255601406097412
7940,1.1564359664916992
7941,1.9257527589797974
7942,1.4758514165878296
7943,1.732971429824829
7944,3.5420444011688232
7945,1.49677312374115
7946,1.5845829248428345
7947,1.576776385307312
7948,1.1551021337509155
7949,1.0967390537261963
7950,1.1411172151565552
7951,1.4169998168945312
7952,1.4334248304367065
7953,1.342130184173584
7954,1.399179458618164
7955,1.506266713142395
7956,2.0394227504730225
7957,2.112593650817871
7958,2.29084849357605
7959,2.575106620788574
7960,2.192423105239868
7961,1.7688665390014648
7962,1.555659532546997
7963,1.2183135747909546
7964,1.1568434238433838
7965,1.678818941116333
7966,1.2214313745498657
7967,1.6526156663894653
7968,1.3027468919754028
7969,0.9857085943222046
7970,0.9472792744636536
7971,0.7633706331253052
7972,1.5406814813613892
7973,2.2350780963897705
7974,1.0597567558288574
7975,3.537386894226074
7976,0.5934062004089355
7977,0.7852756977081299
7978,0.9741652607917786
7979,1.829859972000122
7980,1.793709397315979
7981,0.9737907648086548
7982,0.9074321985244751
7983,0.8124501705169678
7984,1.5440315008163452
7985,0.6214849352836609
7986,1.1728779077529907
7987,1.5469284057617188
7988,0.6877446174621582
7989,1.151414394378662
7990,0.9736306667327881
7991,1.041711449623108
7992,1.3601484298706055
7993,0.658193826675415
7994,0.7061965465545654
7995,1.9658352136611938
7996,0.6863405704498291
7997,0.6691197156906128
7998,0.6105988025665283
7999,0.6045523285865784
8000,0.8352692723274231
8001,0.9328271746635437
8002,0.8756030201911926
8003,0.7783076763153076
8004,0.2735013961791992
8005,0.26370668411254883
8006,0.7336186170578003
8007,0.596660852432251
8008,0.8527261018753052
8009,1.1438980102539062
8010,0.8208223581314087
8011,1.9671308994293213
8012,0.8427678346633911
8013,2.812171220779419
8014,0.6700384616851807
8015,0.2846280634403229
8016,0.8013771176338196
8017,0.3070027828216553
8018,0.5579819083213806
8019,0.4150257706642151
8020,1.0108859539031982
8021,0.8970040678977966
8022,1.4781947135925293
8023,0.8780993223190308
8024,1.7508180141448975
8025,0.7324585914611816
8026,1.0687793493270874
8027,0.9236254096031189
8028,0.9140373468399048
8029,1.3104615211486816
8030,0.8992504477500916
8031,0.8226008415222168
8032,1.2798246145248413
8033,0.46377435326576233
8034,0.30713924765586853
8035,0.4776054322719574
8036,0.5525908470153809
8037,1.2726441621780396
8038,0.37708136439323425
8039,0.7526086568832397
8040,0.9130904078483582
8041,0.33976250886917114
8042,1.0726877450942993
8043,0.8727840185165405
8044,0.5832419395446777
8045,0.5967324376106262
8046,1.014182448387146
8047,0.2764357924461365
8048,0.5517717003822327
8049,0.9364399313926697
8050,0.8927179574966431
8051,0.7996686100959778
8052,1.0180771350860596
8053,1.6222684383392334
8054,1.6110036373138428
8055,1.7668991088867188
8056,1.622374415397644
8057,1.4714559316635132
8058,2.3956472873687744
8059,1.6904305219650269
8060,1.9223324060440063
8061,2.4416069984436035
8062,1.7667615413665771
8063,1.6561291217803955
8064,1.1222050189971924
8065,2.127126932144165
8066,3.4028735160827637
8067,2.8006784915924072
8068,1.52204430103302
8069,0.9688999652862549
8070,1.326286792755127
8071,1.924519419670105
8072,1.7652692794799805
8073,1.2405534982681274
8074,1.9748399257659912
8075,1.294651746749878
8076,0.7443269491195679
8077,1.527308464050293
8078,1.2124093770980835
8079,2.505861520767212
8080,1.807477355003357
8081,1.0765695571899414
8082,0.9665448069572449
8083,0.5471982359886169
8084,1.4017879962921143
8085,1.541110634803772
8086,0.8203448057174683
8087,0.3307421803474426
8088,0.5573984384536743
8089,0.6505888104438782
8090,1.1714799404144287
8091,0.6057676672935486
8092,1.1666746139526367
8093,0.8290038108825684
8094,0.7919933199882507
8095,1.0952292680740356
8096,0.7507239580154419
8097,1.3938301801681519
8098,2.3031578063964844
8099,1.1339603662490845
8100,0.9013049006462097
8101,0.7698771953582764
8102,1.4026885032653809
8103,0.8070210814476013
8104,1.2416646480560303
8105,1.168491005897522
8106,1.2436940670013428
8107,0.8219766616821289
8108,0.6231346726417542
8109,0.5091793537139893
8110,0.49250099062919617
8111,1.1449427604675293
8112,1.480691909790039
8113,1.0965816974639893
8114,1.204006314277649
8115,1.1525442600250244
8116,1.2003889083862305
8117,0.9779576063156128
8118,1.1697776317596436
8119,0.8800024390220642
8120,1.5174232721328735
8121,0.7307438850402832
8122,0.8332751989364624
8123,0.5878720283508301
8124,2.567960500717163
8125,0.9692773222923279
8126,1.2006821632385254
8127,1.1720935106277466
8128,1.247321605682373
8129,1.129460096359253
8130,0.81732577085495
8131,1.664140224456787
8132,0.7222387194633484
8133,1.0859330892562866
8134,0.7955551147460938
8135,1.0680882930755615
8136,1.525937795639038
8137,1.2113052606582642
8138,1.569674015045166
8139,2.811708688735962
8140,1.1059391498565674
8141,1.0069630146026611
8142,0.7051940560340881
8143,0.45239588618278503
8144,0.3208267092704773
8145,0.5186793208122253
8146,0.7349798083305359
8147,0.45831745862960815
8148,0.8422973155975342
8149,0.44324031472206116
8150,0.6557151675224304
8151,0.620083749294281
8152,0.3399294912815094
8153,1.0784001350402832
8154,0.8931481838226318
8155,1.2224825620651245
8156,1.600296974182129
8157,1.701289415359497
8158,1.0811008214950562
8159,0.9501321911811829
8160,0.6634120345115662
8161,0.7251848578453064
8162,1.0180995464324951
8163,0.9427216649055481
8164,1.338706612586975
8165,0.9525080323219299
8166,0.5810672044754028
8167,0.6078088283538818
8168,0.9053462147712708
8169,1.201993465423584
8170,1.1362183094024658
8171,1.5667403936386108
8172,0.6667783260345459
8173,0.39335957169532776
8174,1.1828844547271729
8175,0.5474520921707153
8176,0.9381319880485535
8177,1.061628818511963
8178,1.6140841245651245
8179,0.8518158197402954
8180,2.0799410343170166
8181,1.590110182762146
8182,1.4368857145309448
8183,3.5009312629699707
8184,0.9610970616340637
8185,1.0875349044799805
8186,1.3396527767181396
8187,1.7456303834915161
8188,1.0329746007919312
8189,1.0706472396850586
8190,1.436699390411377
8191,1.176950216293335
8192,1.1098605394363403
8193,0.6338710188865662
8194,1.2769982814788818
8195,1.0010432004928589
8196,0.8305547833442688
8197,0.7513213753700256
8198,1.0017741918563843
8199,0.6897870302200317
8200,0.26229962706565857
8201,0.8176543116569519
8202,0.30551907420158386
8203,1.015643835067749
8204,2.020559072494507
8205,1.1554436683654785
8206,0.27490362524986267
8207,0.2950012981891632
8208,0.554668664932251
8209,1.0245873928070068
8210,1.3548097610473633
8211,0.6092825531959534
8212,0.6575513482093811
8213,0.6179947853088379
8214,0.3837834596633911
8215,0.47191137075424194
8216,0.5225837230682373
8217,0.8432871699333191
8218,0.527574896812439
8219,0.44837138056755066
8220,0.8197599649429321
8221,0.6208134293556213
8222,1.2906687259674072
8223,1.0544981956481934
8224,1.017641544342041
8225,0.6441444158554077
8226,1.0380759239196777
8227,1.088982105255127
8228,0.8786510229110718
8229,0.8579874038696289
8230,0.7548156976699829
8231,1.0039541721343994
8232,1.1200097799301147
8233,1.1256532669067383
8234,0.8769678473472595
8235,0.8805058002471924
8236,0.9670658111572266
8237,0.9559205174446106
8238,0.7429649233818054
8239,1.2937978506088257
8240,0.9299713969230652
8241,0.7456716299057007
8242,1.4489202499389648
8243,0.9136332869529724
8244,0.65352863073349
8245,0.7069208025932312
8246,0.7724752426147461
8247,0.6364746689796448
8248,0.7268196940422058
8249,0.7887985110282898
8250,1.128919243812561
8251,0.9364923238754272
8252,0.6361949443817139
8253,0.8006387948989868
8254,0.6490424871444702
8255,1.0253797769546509
8256,1.0228949785232544
8257,0.7749004364013672
8258,0.7745785713195801
8259,0.8392950296401978
8260,0.9893139600753784
8261,0.6278645992279053
8262,0.6209632158279419
8263,0.6441879272460938
8264,0.611882209777832
8265,0.7262110710144043
8266,1.0044565200805664
8267,0.47552490234375
8268,0.7999115586280823
8269,1.0014315843582153
8270,1.4295732975006104
8271,1.36454176902771
8272,0.715848445892334
8273,0.7466307878494263
8274,0.34191349148750305
8275,0.8623095750808716
8276,0.7989392280578613
8277,1.0262712240219116
8278,0.7482624053955078
8279,0.5892953872680664
8280,0.6498263478279114
8281,0.748099148273468
8282,0.5412747859954834
8283,0.4883590042591095
8284,0.45076674222946167
8285,0.4122471809387207
8286,0.8314871788024902
8287,1.3771506547927856
8288,0.8758009076118469
8289,1.2335394620895386
8290,1.7530224323272705
8291,0.271564781665802
8292,1.4638131856918335
8293,0.2184164971113205
8294,0.2623911499977112
8295,0.38012537360191345
8296,0.33876335620880127
8297,0.38787728548049927
8298,1.5056589841842651
8299,0.910271406173706
8300,1.4373811483383179
8301,2.166905164718628
8302,2.382490873336792
8303,2.3192648887634277
8304,3.243852138519287
8305,1.9582849740982056
8306,2.0613763332366943
8307,2.5254476070404053
8308,2.2527356147766113
8309,2.3019793033599854
8310,2.5659258365631104
8311,1.6985464096069336
8312,1.6072659492492676
8313,1.6672464609146118
8314,2.2303996086120605
8315,2.198632001876831
8316,2.1510612964630127
8317,1.905682921409607
8318,1.8891644477844238
8319,2.181291103363037
8320,3.9094247817993164
8321,2.4524013996124268
8322,1.302552580833435
8323,1.4016096591949463
8324,1.1441974639892578
8325,1.5772104263305664
8326,2.2327964305877686
8327,1.3609436750411987
8328,1.2316861152648926
8329,2.643127918243408
8330,2.635951042175293
8331,1.4595578908920288
8332,1.649819254875183
8333,1.6704916954040527
8334,0.9511817693710327
8335,0.6754317283630371
8336,1.1108074188232422
8337,1.142217755317688
8338,0.9834539294242859
8339,1.002756118774414
8340,1.4720014333724976
8341,1.0313483476638794
8342,0.822119414806366
8343,0.7700400352478027
8344,0.8002970218658447
8345,0.44707155227661133
8346,0.5971500873565674
8347,0.6185756325721741
8348,0.7462266087532043
8349,0.94541335105896
8350,0.7064111828804016
8351,0.9181166887283325
8352,0.9863317012786865
8353,0.761773407459259
8354,1.0132412910461426
8355,1.0028027296066284
8356,1.1213032007217407
8357,1.4037725925445557
8358,1.1627082824707031
8359,1.6922829151153564
8360,1.0862387418746948
8361,1.1714982986450195
8362,1.0582993030548096
8363,0.6598926782608032
8364,1.605015754699707
8365,0.7069499492645264
8366,0.3800237774848938
8367,0.34641554951667786
8368,0.6816554665565491
8369,0.9890843629837036
8370,1.0484049320220947
8371,1.3765627145767212
8372,2.445303440093994
8373,2.4799091815948486
8374,1.1275005340576172
8375,1.7228114604949951
8376,0.7827174067497253
8377,0.85873943567276
8378,0.7807556390762329
8379,1.2680866718292236
8380,0.9549765586853027
8381,0.7700895071029663
8382,0.6759086847305298
8383,0.4088957905769348
8384,0.6411005854606628
8385,1.3222161531448364
8386,1.0617176294326782
8387,1.2349425554275513
8388,1.0871628522872925
8389,1.9372564554214478
8390,0.7173340320587158
8391,2.7119648456573486
8392,1.3230208158493042
8393,1.6183991432189941
8394,1.080603003501892
8395,0.7247100472450256
8396,1.493965983390808
8397,0.9818222522735596
8398,1.0253170728683472
8399,0.6336290836334229
8400,0.3358062505722046
8401,1.879382848739624
8402,1.6676619052886963
8403,0.6361681818962097
8404,0.35696423053741455
8405,0.5811500549316406
8406,0.3318778872489929
8407,0.6392114758491516
8408,1.0799856185913086
8409,1.6340821981430054
8410,0.7316217422485352
8411,1.3547526597976685
8412,1.344062328338623
8413,1.2085840702056885
8414,1.3667075634002686
8415,1.2927818298339844
8416,0.6338872909545898
8417,0.7979438900947571
8418,0.6731051206588745
8419,0.5223561525344849
8420,0.9057697653770447
8421,2.1583008766174316
8422,1.0385453701019287
8423,0.5052676796913147
8424,0.33452728390693665
8425,0.4536292552947998
8426,0.784753143787384
8427,0.7008205652236938
8428,0.507724940776825
8429,0.8003958463668823
8430,0.515498697757721
8431,0.5719248652458191
8432,0.5992909073829651
8433,0.9689223766326904
8434,1.3680689334869385
8435,0.5566022396087646
8436,1.2640706300735474
8437,0.7548698782920837
8438,1.1642827987670898
8439,0.7902148962020874
8440,0.739929735660553
8441,0.4833310544490814
8442,0.9445246458053589
8443,0.7792932987213135
8444,1.2774008512496948
8445,1.0732697248458862
8446,0.9167463779449463
8447,0.8489270210266113
8448,0.9360174536705017
8449,1.4183167219161987
8450,0.45993754267692566
8451,0.9891108274459839
8452,0.7327921986579895
8453,1.0017033815383911
8454,0.2816595733165741
8455,0.8177058100700378
8456,0.8275542855262756
8457,0.632695198059082
8458,0.7153178453445435
8459,0.8127860426902771
8460,0.8420476913452148
8461,0.6510592699050903
8462,1.6142528057098389
8463,0.3601069450378418
8464,0.45551687479019165
8465,0.8456137180328369
8466,0.48080337047576904
8467,0.5512094497680664
8468,0.8008899092674255
8469,0.6083921790122986
8470,0.8620014190673828
8471,1.4526575803756714
8472,1.5424164533615112
8473,0.5598015785217285
8474,0.38477689027786255
8475,0.8117102980613708
8476,0.8112724423408508
8477,0.8338543176651001
8478,0.7090765237808228
8479,1.4540843963623047
8480,0.695783257484436
8481,0.948819100856781
8482,0.7915889620780945
8483,0.7356510758399963
8484,0.6820063591003418
8485,0.3623729944229126
8486,0.5617725849151611
8487,1.15040922164917
8488,0.5944183468818665
8489,0.7389265298843384
8490,0.48246222734451294
8491,0.7969006299972534
8492,1.0785515308380127
8493,1.153685450553894
8494,0.9242188930511475
8495,1.0093995332717896
8496,1.0263863801956177
8497,1.0262738466262817
8498,1.0875449180603027
8499,1.367157220840454
8500,1.3222768306732178
8501,1.6400305032730103
8502,1.8227386474609375
8503,1.394489049911499
8504,1.3145116567611694
8505,1.2135177850723267
8506,1.3824429512023926
8507,1.505182147026062
8508,1.3944844007492065
8509,1.7193580865859985
8510,1.2993077039718628
8511,1.08390474319458
8512,1.3971707820892334
8513,1.0296088457107544
8514,1.2867941856384277
8515,0.9137359261512756
8516,2.683250904083252
8517,1.7698103189468384
8518,2.4414100646972656
8519,1.5928537845611572
8520,1.1675020456314087
8521,1.409637689590454
8522,1.2935459613800049
8523,0.7059866786003113
8524,0.6760284900665283
8525,0.4161912202835083
8526,0.5340989232063293
8527,0.7370340824127197
8528,0.9967460036277771
8529,0.6762896180152893
8530,0.7858638167381287
8531,0.7892832159996033
8532,0.9767964482307434
8533,0.9201540946960449
8534,1.296905517578125
8535,1.464800238609314
8536,1.514660120010376
8537,1.5123400688171387
8538,1.4309208393096924
8539,1.7004947662353516
8540,1.498896598815918
8541,1.0684058666229248
8542,1.0942705869674683
8543,1.1358500719070435
8544,0.9271886348724365
8545,0.9168949127197266
8546,0.8378498554229736
8547,0.8489591479301453
8548,1.144418716430664
8549,0.9509612321853638
8550,0.9339811205863953
8551,2.396130084991455
8552,1.0094176530838013
8553,0.9370216727256775
8554,0.7703505158424377
8555,0.7502174377441406
8556,0.7249728441238403
8557,0.5418170094490051
8558,0.542735755443573
8559,0.6235605478286743
8560,0.8663400411605835
8561,0.83127361536026
8562,0.70650714635849
8563,3.0206964015960693
8564,1.4922139644622803
8565,0.5631750822067261
8566,1.047574758529663
8567,0.642752468585968
8568,0.5015568137168884
8569,0.5154677629470825
8570,0.3983784019947052
8571,0.3752177655696869
8572,0.33366185426712036
8573,0.7792072892189026
8574,1.0583561658859253
8575,0.6849270462989807
8576,0.9640176296234131
8577,0.7539650797843933
8578,1.211445689201355
8579,0.7324535846710205
8580,0.5715879201889038
8581,0.513144314289093
8582,1.0078003406524658
8583,0.46441546082496643
8584,0.3388671875
8585,0.6678721308708191
8586,0.5858904123306274
8587,0.6721314787864685
8588,0.7880763411521912
8589,0.7778968811035156
8590,0.415767639875412
8591,1.0041649341583252
8592,0.8471994996070862
8593,0.519546627998352
8594,0.546430230140686
8595,1.2687394618988037
8596,0.8957438468933105
8597,0.7593048214912415
8598,1.2043718099594116
8599,1.1574620008468628
8600,2.107389450073242
8601,1.1655689477920532
8602,1.1286345720291138
8603,1.150771975517273
8604,1.0569121837615967
8605,1.2975164651870728
8606,1.6379443407058716
8607,1.850129246711731
8608,1.3318675756454468
8609,1.0771006345748901
8610,1.1183172464370728
8611,1.1449174880981445
8612,1.238679051399231
8613,1.0861310958862305
8614,0.9349510669708252
8615,1.2376314401626587
8616,1.336827039718628
8617,1.0882049798965454
8618,0.9720814824104309
8619,1.7123537063598633
8620,1.5264091491699219
8621,1.1210498809814453
8622,1.1033942699432373
8623,0.8729130625724792
8624,0.6295222640037537
8625,2.629962205886841
8626,0.7190682291984558
8627,0.6046236157417297
8628,0.8855162262916565
8629,0.47257447242736816
8630,0.8653204441070557
8631,0.7645241618156433
8632,0.73481285572052
8633,0.5085926055908203
8634,0.9790359735488892
8635,1.1434041261672974
8636,0.9701122045516968
8637,1.222377896308899
8638,0.8679275512695312
8639,0.6959314942359924
8640,1.0407464504241943
8641,1.0383371114730835
8642,1.3610613346099854
8643,1.253352403640747
8644,0.9021154642105103
8645,1.0274041891098022
8646,1.0541820526123047
8647,1.7359848022460938
8648,1.1162221431732178
8649,0.8447881937026978
8650,0.916289210319519
8651,0.779141366481781
8652,1.2245802879333496
8653,0.730400025844574
8654,1.1507517099380493
8655,1.2657102346420288
8656,0.8312560319900513
8657,1.3615301847457886
8658,0.7598268389701843
8659,0.5681661367416382
8660,0.36606186628341675
8661,0.4765441119670868
8662,0.544833779335022
8663,0.6542003750801086
8664,0.7344663143157959
8665,0.5401852130889893
8666,0.7546231150627136
8667,1.5424978733062744
8668,0.6742697954177856
8669,1.4278182983398438
8670,0.7851420640945435
8671,1.0818241834640503
8672,0.7346287369728088
8673,0.7211077809333801
8674,0.8527718186378479
8675,0.5984420776367188
8676,0.7809110283851624
8677,0.7038298845291138
8678,0.9483458995819092
8679,0.9489731192588806
8680,1.2819156646728516
8681,1.0094441175460815
8682,1.295271635055542
8683,0.969458818435669
8684,0.9632849097251892
8685,0.6943209767341614
8686,1.1913574934005737
8687,0.8621970415115356
8688,1.6864289045333862
8689,0.6559546589851379
8690,1.1518198251724243
8691,0.959627091884613
8692,1.2337013483047485
8693,1.404252052307129
8694,0.5618043541908264
8695,1.1629387140274048
8696,0.6681861877441406
8697,0.6405943632125854
8698,0.561836302280426
8699,0.6887952089309692
8700,0.5734653472900391
8701,1.0139755010604858
8702,0.6449723243713379
8703,0.6915291547775269
8704,0.8244006633758545
8705,0.5522383451461792
8706,0.7747691869735718
8707,1.4995495080947876
8708,0.6613970994949341
8709,0.7758053541183472
8710,1.256391167640686
8711,1.2010622024536133
8712,1.7214308977127075
8713,1.6551728248596191
8714,1.8301876783370972
8715,1.4292985200881958
8716,1.5367836952209473
8717,1.9862827062606812
8718,1.8247365951538086
8719,1.88692045211792
8720,1.4678394794464111
8721,1.728582501411438
8722,1.3919247388839722
8723,1.1974400281906128
8724,1.7079240083694458
8725,2.1608073711395264
8726,1.4473865032196045
8727,1.61991548538208
8728,1.6751409769058228
8729,1.8612101078033447
8730,0.8446357846260071
8731,2.004080057144165
8732,1.2180176973342896
8733,0.8726231455802917
8734,1.2466084957122803
8735,1.2268284559249878
8736,1.2753320932388306
8737,1.2627406120300293
8738,1.113756775856018
8739,1.3843941688537598
8740,1.216412901878357
8741,1.5237922668457031
8742,1.2239567041397095
8743,0.9916547536849976
8744,1.1790367364883423
8745,1.2184817790985107
8746,1.7176257371902466
8747,1.0826925039291382
8748,1.155944585800171
8749,1.4924689531326294
8750,1.0381118059158325
8751,0.8421381711959839
8752,0.817729115486145
8753,0.8425742387771606
8754,1.184572696685791
8755,0.8339945077896118
8756,0.9992135167121887
8757,2.3366451263427734
8758,0.9325722455978394
8759,1.2730846405029297
8760,0.98845374584198
8761,0.8682548403739929
8762,0.7555626630783081
8763,0.5734883546829224
8764,0.5315646529197693
8765,0.5179305672645569
8766,0.532253086566925
8767,0.711312472820282
8768,1.3464231491088867
8769,0.603306770324707
8770,0.6232630014419556
8771,1.1272836923599243
8772,1.4904924631118774
8773,1.530906319618225
8774,0.3742178976535797
8775,0.3201477825641632
8776,0.49815574288368225
8777,1.0827594995498657
8778,0.7847284078598022
8779,0.8530354499816895
8780,0.8266163468360901
8781,0.8019848465919495
8782,0.8667758703231812
8783,0.9287188053131104
8784,0.8785364031791687
8785,0.4924375116825104
8786,0.8478705883026123
8787,0.6467356085777283
8788,0.84136962890625
8789,1.521858811378479
8790,1.0278609991073608
8791,2.7064688205718994
8792,1.1337249279022217
8793,0.7167870402336121
8794,0.40035632252693176
8795,1.0837002992630005
8796,0.7549408674240112
8797,0.6795206665992737
8798,1.0899907350540161
8799,0.9268466830253601
8800,0.6407309770584106
8801,0.8113768100738525
8802,0.9599325060844421
8803,0.9707083106040955
8804,1.0047460794448853
8805,0.9702577590942383
8806,2.263312816619873
8807,1.1746596097946167
8808,1.3083844184875488
8809,1.378145456314087
8810,1.16878080368042
8811,1.026076316833496
8812,0.7958074808120728
8813,0.6266797184944153
8814,1.3403419256210327
8815,0.5601100921630859
8816,0.9799962639808655
8817,1.9642888307571411
8818,0.7552714943885803
8819,1.0522384643554688
8820,0.642958402633667
8821,0.6823639869689941
8822,0.7916973829269409
8823,1.1873292922973633
8824,0.809337317943573
8825,1.6490782499313354
8826,0.8322837948799133
8827,0.6789024472236633
8828,1.3487720489501953
8829,0.8008242249488831
8830,1.0020540952682495
8831,1.406504511833191
8832,2.2433133125305176
8833,0.5206524133682251
8834,0.562289834022522
8835,0.7614600658416748
8836,1.2064478397369385
8837,0.8239534497261047
8838,1.5209944248199463
8839,0.48112383484840393
8840,0.46336647868156433
8841,0.6785726547241211
8842,0.6485401391983032
8843,0.6003543734550476
8844,1.2807375192642212
8845,0.5076186060905457
8846,1.7854992151260376
8847,0.36275190114974976
8848,0.2844555377960205
8849,0.6913937330245972
8850,0.5103020668029785
8851,0.7832474112510681
8852,0.3047928214073181
8853,0.37823057174682617
8854,0.8016563057899475
8855,0.8783243298530579
8856,1.3727495670318604
8857,0.4638756513595581
8858,1.9263570308685303
8859,2.0635581016540527
8860,0.7421786189079285
8861,1.0959113836288452
8862,0.5578805208206177
8863,1.3774904012680054
8864,1.0144239664077759
8865,0.5983923673629761
8866,1.0733859539031982
8867,0.49917614459991455
8868,0.8508188128471375
8869,0.974663496017456
8870,0.8830971121788025
8871,1.485703468322754
8872,1.5209369659423828
8873,1.1078195571899414
8874,1.2678852081298828
8875,1.641627550125122
8876,0.4701036512851715
8877,0.37273120880126953
8878,1.3786077499389648
8879,0.5643787384033203
8880,0.692653477191925
8881,0.37871167063713074
8882,1.1925950050354004
8883,0.5001482963562012
8884,1.256745457649231
8885,0.4098379611968994
8886,0.549162745475769
8887,1.0518184900283813
8888,1.0425429344177246
8889,0.37971562147140503
8890,0.6693098545074463
8891,0.9947779178619385
8892,0.37291809916496277
8893,0.27603012323379517
8894,0.5359224081039429
8895,0.8714932799339294
8896,0.6152557730674744
8897,0.8348435163497925
8898,0.9215072393417358
8899,1.4980772733688354
8900,1.561150312423706
8901,1.3601429462432861
8902,1.5494000911712646
8903,1.9387638568878174
8904,1.6311306953430176
8905,1.0762367248535156
8906,2.0311338901519775
8907,1.3722810745239258
8908,1.779783844947815
8909,2.387078285217285
8910,0.931993842124939
8911,0.7904094457626343
8912,0.9309138655662537
8913,0.6293941140174866
8914,0.5179848074913025
8915,0.823931097984314
8916,0.8591535091400146
8917,1.4386430978775024
8918,0.9669858813285828
8919,0.9754607081413269
8920,0.6602272391319275
8921,0.83464515209198
8922,0.9361603260040283
8923,1.3949437141418457
8924,1.2487270832061768
8925,0.9327787160873413
8926,0.8436184525489807
8927,0.18488898873329163
8928,0.46843984723091125
8929,0.766943097114563
8930,0.5983639359474182
8931,0.8065653443336487
8932,0.43677374720573425
8933,0.5065727829933167
8934,0.4360591769218445
8935,0.7458236217498779
8936,0.15782372653484344
8937,0.3397403955459595
8938,0.9286039471626282
8939,1.4371627569198608
8940,1.7976312637329102
8941,0.7805837392807007
8942,0.6482200622558594
8943,1.2758604288101196
8944,1.0883020162582397
8945,0.7281638979911804
8946,1.0013283491134644
8947,0.8090550303459167
8948,0.5339328646659851
8949,0.7782586812973022
8950,1.5764446258544922
8951,1.2257425785064697
8952,1.35060453414917
8953,0.7550286650657654
8954,0.8478012681007385
8955,1.3325434923171997
8956,0.916800320148468
8957,0.7020501494407654
8958,1.3992719650268555
8959,0.652462363243103
8960,0.5734228491783142
8961,0.47065457701683044
8962,0.5501284599304199
8963,0.38698136806488037
8964,0.28929415345191956
8965,0.3225112855434418
8966,0.4700714647769928
8967,0.7457345724105835
8968,1.2174733877182007
8969,0.8046998381614685
8970,0.5384557247161865
8971,1.982008457183838
8972,0.8535549640655518
8973,1.5611703395843506
8974,0.7164285778999329
8975,0.7314119338989258
8976,0.8865483403205872
8977,1.1297762393951416
8978,0.9299622774124146
8979,0.8058640956878662
8980,1.2395578622817993
8981,0.8448254466056824
8982,1.6006267070770264
8983,1.0882227420806885
8984,1.008046269416809
8985,1.339293360710144
8986,1.0934115648269653
8987,1.4654686450958252
8988,0.8672458529472351
8989,1.302971363067627
8990,1.212417483329773
8991,0.9627109169960022
8992,0.9465367794036865
8993,1.3079571723937988
8994,0.3033030033111572
8995,0.2998623847961426
8996,0.514133095741272
8997,0.4749033749103546
8998,0.5453740358352661
8999,0.5523026585578918
9000,0.31566986441612244
9001,1.27948796749115
9002,1.1591073274612427
9003,0.3709685802459717
9004,1.086251139640808
9005,1.546669363975525
9006,0.4107191562652588
9007,0.41201335191726685
9008,0.3649497330188751
9009,0.4342595934867859
9010,0.5729914307594299
9011,0.28521957993507385
9012,0.8508612513542175
9013,0.3583277463912964
9014,0.7049755454063416
9015,0.5631814002990723
9016,0.5339887738227844
9017,1.1104369163513184
9018,0.5694562792778015
9019,0.64186030626297
9020,0.46060046553611755
9021,0.5912399888038635
9022,0.8596397042274475
9023,0.7328680753707886
9024,0.3927207291126251
9025,0.5748424530029297
9026,0.9303046464920044
9027,1.2651801109313965
9028,0.7903560400009155
9029,1.3520256280899048
9030,1.1502487659454346
9031,1.6433038711547852
9032,1.3873428106307983
9033,1.4336224794387817
9034,1.3638666868209839
9035,1.3538002967834473
9036,1.9554414749145508
9037,2.2506721019744873
9038,1.3188649415969849
9039,0.884643018245697
9040,1.046242117881775
9041,1.241503119468689
9042,1.2580182552337646
9043,1.545143485069275
9044,1.4895832538604736
9045,0.9933478236198425
9046,1.5860199928283691
9047,1.2074110507965088
9048,1.235668659210205
9049,1.7399406433105469
9050,1.048825979232788
9051,1.162749171257019
9052,0.9494916200637817
9053,0.8894266486167908
9054,2.0525834560394287
9055,0.9106463193893433
9056,0.8173738121986389
9057,1.4399099349975586
9058,0.7460927367210388
9059,0.6209539175033569
9060,1.245549201965332
9061,0.8515990376472473
9062,1.0069851875305176
9063,1.4343318939208984
9064,1.5576492547988892
9065,0.808334231376648
9066,0.6621849536895752
9067,0.728796660900116
9068,0.8825222253799438
9069,0.6642522811889648
9070,0.41177159547805786
9071,0.41367125511169434
9072,0.5413023233413696
9073,0.5418349504470825
9074,0.7198635339736938
9075,0.551412045955658
9076,0.24549666047096252
9077,0.42736223340034485
9078,0.5755835175514221
9079,0.24518954753875732
9080,0.45960232615470886
9081,0.6614876985549927
9082,0.5544602274894714
9083,1.0391281843185425
9084,0.8418658971786499
9085,2.0638656616210938
9086,0.6999343037605286
9087,0.722426176071167
9088,0.5799744129180908
9089,0.6190752387046814
9090,0.8366469740867615
9091,0.6274069547653198
9092,0.8097912669181824
9093,0.4282212555408478
9094,1.1402090787887573
9095,0.36001667380332947
9096,0.2355106621980667
9097,0.3585096001625061
9098,0.8233049511909485
9099,1.4953413009643555
9100,1.2098065614700317
9101,0.6073234677314758
9102,0.3770243525505066
9103,0.8556199073791504
9104,0.8796533346176147
9105,1.3758749961853027
9106,0.5855655074119568
9107,0.26947715878486633
9108,0.20709066092967987
9109,0.40981802344322205
9110,0.8110554218292236
9111,0.8474729657173157
9112,1.6859644651412964
9113,1.0382343530654907
9114,1.4927399158477783
9115,1.9804937839508057
9116,1.4018787145614624
9117,1.8910114765167236
9118,1.6879947185516357
9119,1.5465717315673828
9120,1.562591552734375
9121,2.877368927001953
9122,2.882295846939087
9123,1.7614341974258423
9124,1.3571135997772217
9125,2.318166494369507
9126,1.1997750997543335
9127,1.4126560688018799
9128,1.548426866531372
9129,1.6814314126968384
9130,1.661749005317688
9131,2.8253772258758545
9132,2.243960380554199
9133,1.6761318445205688
9134,1.547701358795166
9135,1.0757036209106445
9136,1.847220778465271
9137,0.7241339087486267
9138,0.7609288692474365
9139,0.4412144422531128
9140,0.7114170789718628
9141,0.5416354537010193
9142,0.9895934462547302
9143,1.5150046348571777
9144,1.020066261291504
9145,1.323734998703003
9146,1.4365284442901611
9147,1.2152392864227295
9148,1.5530775785446167
9149,1.4579417705535889
9150,1.3958014249801636
9151,1.627892255783081
9152,1.639158844947815
9153,0.9555124640464783
9154,1.0462738275527954
9155,1.0364023447036743
9156,1.3015332221984863
9157,1.7625435590744019
9158,1.0217514038085938
9159,1.0007463693618774
9160,1.0959019660949707
9161,1.9232548475265503
9162,1.8423203229904175
9163,1.6689852476119995
9164,1.9660910367965698
9165,2.4565954208374023
9166,2.2446086406707764
9167,0.7185000777244568
9168,1.0152181386947632
9169,1.0356128215789795
9170,1.295017123222351
9171,0.5623928308486938
9172,0.43233156204223633
9173,0.8404087424278259
9174,0.5031110048294067
9175,0.46488693356513977
9176,0.6540433168411255
9177,1.2732821702957153
9178,0.9617370367050171
9179,0.9196596145629883
9180,0.38355836272239685
9181,0.5361322164535522
9182,1.5446196794509888
9183,0.8539113402366638
9184,0.7831835746765137
9185,0.735993504524231
9186,0.838593602180481
9187,0.49583110213279724
9188,1.0467562675476074
9189,0.8757385015487671
9190,0.8821383118629456
9191,1.030917763710022
9192,0.707158625125885
9193,0.9028745293617249
9194,0.947239100933075
9195,1.3929680585861206
9196,1.0222302675247192
9197,0.8858461976051331
9198,0.6975526809692383
9199,0.8882052302360535
9200,0.6558511853218079
9201,1.0544768571853638
9202,1.178101897239685
9203,1.2219326496124268
9204,0.564882755279541
9205,0.4622899889945984
9206,0.891857922077179
9207,1.4004831314086914
9208,1.3494794368743896
9209,0.35853081941604614
9210,0.5664862990379333
9211,0.6828023195266724
9212,0.2085077315568924
9213,0.6272536516189575
9214,0.6042144894599915
9215,1.030768871307373
9216,0.9502357840538025
9217,0.7538756728172302
9218,1.1579915285110474
9219,0.9365072250366211
9220,0.6849948763847351
9221,0.35962381958961487
9222,0.6261451244354248
9223,0.646807849407196
9224,0.9587271809577942
9225,0.7608817219734192
9226,1.9515749216079712
9227,1.022653341293335
9228,0.5531636476516724
9229,0.5741077065467834
9230,0.5736739635467529
9231,0.7315976619720459
9232,1.035558819770813
9233,0.8004672527313232
9234,3.5624756813049316
9235,1.0068531036376953
9236,1.1250219345092773
9237,1.1893349885940552
9238,1.108257532119751
9239,1.1617144346237183
9240,1.322359561920166
9241,1.5714867115020752
9242,1.0986173152923584
9243,0.8150180578231812
9244,1.530153512954712
9245,1.370141625404358
9246,0.8368079662322998
9247,1.173271894454956
9248,0.7407979369163513
9249,1.179998755455017
9250,0.9020165801048279
9251,0.7091860175132751
9252,1.6518603563308716
9253,1.586135745048523
9254,0.9890005588531494
9255,1.441861629486084
9256,1.296038269996643
9257,1.9991071224212646
9258,0.8063856959342957
9259,1.2568175792694092
9260,0.9244248270988464
9261,1.181902527809143
9262,0.973879337310791
9263,1.3705832958221436
9264,0.9141548275947571
9265,0.9580791592597961
9266,0.8215528130531311
9267,0.9182232022285461
9268,1.2088557481765747
9269,0.9006184935569763
9270,0.772270679473877
9271,0.7948008179664612
9272,0.9133070111274719
9273,1.2958747148513794
9274,1.6362346410751343
9275,1.5984030961990356
9276,1.7050784826278687
9277,1.4924596548080444
9278,1.3457692861557007
9279,1.7813700437545776
9280,0.4515884220600128
9281,1.8313192129135132
9282,0.9304079413414001
9283,0.22817270457744598
9284,0.39207297563552856
9285,0.365847110748291
9286,0.3705808222293854
9287,0.30036571621894836
9288,0.6088070273399353
9289,0.8100230097770691
9290,2.146064281463623
9291,1.105318307876587
9292,1.608483910560608
9293,0.8255022764205933
9294,0.17713144421577454
9295,0.2634959816932678
9296,0.5177241563796997
9297,0.24665766954421997
9298,0.31261420249938965
9299,0.6445561647415161
9300,1.4623385667800903
9301,1.4863351583480835
9302,1.0223808288574219
9303,0.923076868057251
9304,1.1328368186950684
9305,1.160540223121643
9306,1.5258649587631226
9307,1.2768045663833618
9308,1.1478567123413086
9309,1.401444911956787
9310,1.4782662391662598
9311,2.2071704864501953
9312,1.303004503250122
9313,1.4407795667648315
9314,0.7373839616775513
9315,0.8879861235618591
9316,1.1967588663101196
9317,1.6804841756820679
9318,1.1949115991592407
9319,1.3511312007904053
9320,1.1586934328079224
9321,1.0755051374435425
9322,1.0739617347717285
9323,1.8241459131240845
9324,0.9732287526130676
9325,0.7563105225563049
9326,1.0446289777755737
9327,1.1611689329147339
9328,1.9209415912628174
9329,1.0760581493377686
9330,1.0075221061706543
9331,1.3498337268829346
9332,0.5630015134811401
9333,1.4268887042999268
9334,0.37836754322052
9335,1.0275040864944458
9336,0.7660005688667297
9337,0.6147789359092712
9338,0.8336329460144043
9339,0.6753585338592529
9340,0.8439362645149231
9341,0.6470513939857483
9342,0.29187220335006714
9343,0.7159036993980408
9344,0.42469024658203125
9345,0.4113089442253113
9346,0.34767380356788635
9347,0.4428112208843231
9348,0.7569685578346252
9349,0.4241751432418823
9350,0.5248014330863953
9351,0.6920796632766724
9352,0.8398284316062927
9353,1.1069334745407104
9354,0.8342159986495972
9355,0.8559629321098328
9356,0.731705904006958
9357,0.5086247324943542
9358,1.7690261602401733
9359,0.9547747373580933
9360,1.041242003440857
9361,1.1707731485366821
9362,0.5323865413665771
9363,0.522562563419342
9364,0.6918217539787292
9365,1.4034254550933838
9366,1.244947075843811
9367,0.6354700922966003
9368,1.0393537282943726
9369,1.0316989421844482
9370,1.3869454860687256
9371,1.512449860572815
9372,1.1774132251739502
9373,1.3116892576217651
9374,0.5669620633125305
9375,0.6664512753486633
9376,1.1033565998077393
9377,0.4611305594444275
9378,0.350780725479126
9379,0.36692115664482117
9380,1.0866390466690063
9381,0.42905378341674805
9382,0.803365170955658
9383,0.5938639044761658
9384,0.6937387585639954
9385,0.6882127523422241
9386,0.9079168438911438
9387,0.6344447731971741
9388,0.7407575845718384
9389,1.0231276750564575
9390,0.8758912682533264
9391,0.6801453232765198
9392,0.5873748064041138
9393,0.4231089949607849
9394,0.8668644428253174
9395,0.4131062626838684
9396,0.5858859419822693
9397,0.6693449020385742
9398,0.8678084015846252
9399,1.0654594898223877
9400,1.0315790176391602
9401,1.8814841508865356
9402,1.4320719242095947
9403,1.0895649194717407
9404,1.388154149055481
9405,0.8954108357429504
9406,0.9548128843307495
9407,1.4545941352844238
9408,1.3706170320510864
9409,1.656677484512329
9410,1.0752689838409424
9411,1.3891679048538208
9412,2.152355194091797
9413,1.6345438957214355
9414,1.6477916240692139
9415,2.6709485054016113
9416,2.4751060009002686
9417,1.8662147521972656
9418,1.7523329257965088
9419,1.540757417678833
9420,1.3210643529891968
9421,1.2840821743011475
9422,1.533754825592041
9423,1.311716079711914
9424,1.13646399974823
9425,1.4307832717895508
9426,1.3940391540527344
9427,1.6823354959487915
9428,1.4471914768218994
9429,1.9934332370758057
9430,1.7696391344070435
9431,2.1235270500183105
9432,1.535024642944336
9433,1.3141120672225952
9434,1.2246167659759521
9435,1.1567988395690918
9436,1.7042360305786133
9437,0.6766948699951172
9438,0.6771655678749084
9439,0.5628564357757568
9440,0.2727719247341156
9441,0.37513968348503113
9442,0.2512533962726593
9443,0.35655027627944946
9444,1.3780097961425781
9445,2.229321002960205
9446,1.1140259504318237
9447,0.5357206463813782
9448,0.4338071942329407
9449,0.7087839841842651
9450,0.6141220331192017
9451,0.8651456236839294
9452,0.640281617641449
9453,1.0166109800338745
9454,0.9318028688430786
9455,0.632380485534668
9456,0.546097457408905
9457,0.5415012836456299
9458,0.8106436133384705
9459,0.7603163719177246
9460,0.524671196937561
9461,0.5652477741241455
9462,1.2259429693222046
9463,0.8869262337684631
9464,1.0709991455078125
9465,1.61159348487854
9466,0.5208799242973328
9467,0.5812379121780396
9468,0.6670646667480469
9469,0.990088939666748
9470,0.6834390163421631
9471,0.6414421200752258
9472,0.7051098942756653
9473,0.43977153301239014
9474,0.9295854568481445
9475,0.5241305232048035
9476,1.8968591690063477
9477,1.181458592414856
9478,1.5055941343307495
9479,0.6907546520233154
9480,0.6652306318283081
9481,0.5697508454322815
9482,0.7808976173400879
9483,0.6946349740028381
9484,0.9586976170539856
9485,0.8472163677215576
9486,0.8106124997138977
9487,1.324802041053772
9488,0.7506436109542847
9489,1.355023980140686
9490,1.4794865846633911
9491,1.2058537006378174
9492,1.1236311197280884
9493,1.3186731338500977
9494,1.3503599166870117
9495,1.0370512008666992
9496,0.9346084594726562
9497,1.28873610496521
9498,0.8564453125
9499,1.4545066356658936
9500,1.3478976488113403
9501,0.7086614966392517
9502,0.6476174592971802
9503,0.7718338966369629
9504,0.6802041530609131
9505,0.8858941197395325
9506,0.7636021971702576
9507,0.43133407831192017
9508,0.9879868626594543
9509,0.8887958526611328
9510,1.0622901916503906
9511,0.6389131546020508
9512,1.468684196472168
9513,0.4606313407421112
9514,1.7655621767044067
9515,0.6528887748718262
9516,1.079947590827942
9517,0.42330753803253174
9518,0.40058496594429016
9519,0.39044448733329773
9520,0.38421839475631714
9521,0.368324339389801
9522,0.5850236415863037
9523,0.6820721626281738
9524,0.891052782535553
9525,1.0146342515945435
9526,0.8560932278633118
9527,1.0621203184127808
9528,0.8065057396888733
9529,1.2027974128723145
9530,1.5322849750518799
9531,1.23857581615448
9532,1.335025668144226
9533,1.0760844945907593
9534,0.5808952450752258
9535,0.9765772223472595
9536,0.6250805854797363
9537,0.4894697666168213
9538,1.0476319789886475
9539,0.45618677139282227
9540,0.6405901312828064
9541,0.1415002942085266
9542,0.9183117747306824
9543,0.47340279817581177
9544,0.8899589776992798
9545,0.4120791256427765
9546,0.34903764724731445
9547,0.8188237547874451
9548,1.1851557493209839
9549,0.28798192739486694
9550,1.6550540924072266
9551,0.921486496925354
9552,0.4295639991760254
9553,0.5519636869430542
9554,0.3659941256046295
9555,0.26634639501571655
9556,0.39013829827308655
9557,0.6971064805984497
9558,0.9508073925971985
9559,1.0144487619400024
9560,1.0430961847305298
9561,0.8658729195594788
9562,0.719630241394043
9563,0.7617947459220886
9564,1.0856789350509644
9565,0.7477797865867615
9566,0.7640208005905151
9567,0.9248027801513672
9568,1.3146640062332153
9569,1.6066608428955078
9570,1.4706727266311646
9571,1.8391778469085693
9572,1.5422924757003784
9573,1.7465934753417969
9574,1.701825737953186
9575,1.614337682723999
9576,1.4170509576797485
9577,1.07553231716156
9578,2.0504937171936035
9579,1.6942943334579468
9580,1.5129843950271606
9581,1.4387644529342651
9582,1.8660005331039429
9583,1.845069169998169
9584,1.8139064311981201
9585,1.2608160972595215
9586,1.2541859149932861
9587,1.537346363067627
9588,1.8694041967391968
9589,1.9472908973693848
9590,1.3169232606887817
9591,1.294472575187683
9592,1.6471123695373535
9593,1.4963798522949219
9594,1.3840372562408447
9595,1.744325041770935
9596,1.8595309257507324
9597,2.2722957134246826
9598,2.592205047607422
9599,1.493112564086914
9600,2.1449339389801025
9601,1.3263105154037476
9602,1.5410497188568115
9603,1.4375298023223877
9604,1.5439798831939697
9605,1.2454652786254883
9606,1.3425350189208984
9607,1.369739294052124
9608,2.759821653366089
9609,1.6977099180221558
9610,1.38580322265625
9611,1.260084867477417
9612,1.730125069618225
9613,1.551767349243164
9614,1.0792053937911987
9615,1.105150818824768
9616,1.6117849349975586
9617,0.6015233397483826
9618,1.0990451574325562
9619,0.6234145164489746
9620,0.9460055828094482
9621,0.6900871396064758
9622,0.8207128047943115
9623,0.806325376033783
9624,1.088018536567688
9625,1.1530348062515259
9626,0.31965819001197815
9627,0.6669149994850159
9628,1.4969565868377686
9629,0.9340031743049622
9630,0.6556148529052734
9631,0.4853581190109253
9632,0.23585432767868042
9633,0.844080924987793
9634,2.0258729457855225
9635,0.26608186960220337
9636,0.5098670125007629
9637,0.4013201892375946
9638,0.5601269602775574
9639,0.35786062479019165
9640,0.7805056571960449
9641,2.5210626125335693
9642,0.9394440054893494
9643,0.906043291091919
9644,0.17836475372314453
9645,0.41677817702293396
9646,0.29246747493743896
9647,0.6406022310256958
9648,1.399580478668213
9649,0.6413635015487671
9650,0.3909032940864563
9651,0.40751513838768005
9652,0.7833186388015747
9653,0.24718812108039856
9654,0.848747730255127
9655,0.7925646901130676
9656,0.3255296051502228
9657,0.7236642837524414
9658,0.7933183908462524
9659,0.7814352512359619
9660,0.6489242315292358
9661,0.9639564156532288
9662,0.9610202312469482
9663,0.5928221940994263
9664,0.7346987724304199
9665,1.3952152729034424
9666,1.2704095840454102
9667,0.9861170649528503
9668,1.6643091440200806
9669,2.2124481201171875
9670,1.1335480213165283
9671,1.1740331649780273
9672,0.8920646905899048
9673,1.1169321537017822
9674,1.3225597143173218
9675,0.8394427299499512
9676,1.5265541076660156
9677,1.120867371559143
9678,1.2677488327026367
9679,1.791359305381775
9680,4.235744476318359
9681,0.5301864147186279
9682,0.9539558291435242
9683,0.24689340591430664
9684,0.7354766130447388
9685,0.6473518013954163
9686,0.6145575642585754
9687,0.2705475389957428
9688,0.5153519511222839
9689,1.4730584621429443
9690,0.26386451721191406
9691,0.7273808717727661
9692,0.507669985294342
9693,0.7063866853713989
9694,1.0930463075637817
9695,0.8160114288330078
9696,0.9969311952590942
9697,0.9120751023292542
9698,1.4552305936813354
9699,1.6575753688812256
9700,1.2369803190231323
9701,1.445291519165039
9702,1.250123143196106
9703,1.0765568017959595
9704,0.9901034235954285
9705,1.2119777202606201
9706,1.2813457250595093
9707,1.3234493732452393
9708,0.8884855508804321
9709,1.1523382663726807
9710,0.7855900526046753
9711,2.460031032562256
9712,1.3786585330963135
9713,1.0544569492340088
9714,1.1334168910980225
9715,1.1288822889328003
9716,1.3136862516403198
9717,1.4408327341079712
9718,1.264858603477478
9719,1.4496065378189087
9720,1.4631626605987549
9721,0.9191045761108398
9722,1.2349437475204468
9723,1.0444003343582153
9724,0.9975965023040771
9725,0.9045725464820862
9726,1.1374688148498535
9727,0.7592149376869202
9728,0.8204788565635681
9729,0.8607035875320435
9730,1.3301904201507568
9731,0.871397078037262
9732,0.8245241045951843
9733,0.4302518963813782
9734,0.7511799335479736
9735,0.9724708795547485
9736,0.36376500129699707
9737,0.6756399869918823
9738,1.1104626655578613
9739,0.3682006597518921
9740,0.5261522531509399
9741,0.37894728779792786
9742,0.9569368958473206
9743,1.0605051517486572
9744,0.4527181088924408
9745,0.422238826751709
9746,0.3479137420654297
9747,0.5329008102416992
9748,0.6041067242622375
9749,0.6113200187683105
9750,0.9351736307144165
9751,0.9919589161872864
9752,1.1201138496398926
9753,1.4604127407073975
9754,1.1810122728347778
9755,1.3011552095413208
9756,0.9311829209327698
9757,1.1031912565231323
9758,0.8001630902290344
9759,1.4424934387207031
9760,1.4988571405410767
9761,0.796150267124176
9762,0.6174874305725098
9763,0.7651957869529724
9764,0.748511016368866
9765,0.5163484811782837
9766,0.6832084059715271
9767,0.6919052004814148
9768,1.0453590154647827
9769,1.1536651849746704
9770,1.0826879739761353
9771,0.9009094834327698
9772,0.547575056552887
9773,0.5871103405952454
9774,0.6629943251609802
9775,0.9841568470001221
9776,0.6556761264801025
9777,0.6281409859657288
9778,0.41625097393989563
9779,1.1210798025131226
9780,1.0907269716262817
9781,0.3418217599391937
9782,0.352712482213974
9783,0.5969938039779663
9784,0.6173647046089172
9785,0.36869123578071594
9786,0.8030678629875183
9787,1.0726152658462524
9788,0.8037869930267334
9789,0.5923439860343933
9790,0.481842964887619
9791,0.4579608142375946
9792,0.65665602684021
9793,1.11674964427948
9794,0.6306506395339966
9795,1.157619833946228
9796,0.35792797803878784
9797,0.3295186161994934
9798,0.3144935071468353
9799,0.4455970227718353
9800,0.5937635898590088
9801,0.6118091344833374
9802,0.6815370917320251
9803,0.6761934757232666
9804,0.47617799043655396
9805,1.6988270282745361
9806,0.5767143368721008
9807,0.6286404728889465
9808,0.5935301184654236
9809,0.7455683946609497
9810,0.9330383539199829
9811,1.1194182634353638
9812,0.8020507097244263
9813,0.9786995649337769
9814,0.24913260340690613
9815,0.657727062702179
9816,0.7701793909072876
9817,0.8306688666343689
9818,0.927984893321991
9819,0.5383768677711487
9820,0.6070938110351562
9821,0.5876801609992981
9822,0.4285426139831543
9823,0.8002963066101074
9824,0.6994609832763672
9825,0.5394535064697266
9826,1.1998909711837769
9827,0.5412271022796631
9828,0.564767599105835
9829,0.86395663022995
9830,0.8866910338401794
9831,0.592239260673523
9832,0.8504593968391418
9833,1.4780480861663818
9834,1.5492595434188843
9835,0.7160243391990662
9836,0.5046584606170654
9837,0.603473961353302
9838,0.6310662627220154
9839,0.7461481690406799
9840,0.6030939817428589
9841,0.5361471176147461
9842,1.9733394384384155
9843,0.9552024006843567
9844,0.5544730424880981
9845,0.6553604602813721
9846,0.42877039313316345
9847,0.389761358499527
9848,0.45376962423324585
9849,0.2482062429189682
9850,0.25836580991744995
9851,0.4120110869407654
9852,0.9886850118637085
9853,0.40940678119659424
9854,0.5082753896713257
9855,1.115657925605774
9856,0.5258276462554932
9857,0.7655607461929321
9858,0.6716982126235962
9859,1.151358723640442
9860,0.7745701670646667
9861,0.8212686777114868
9862,0.6087326407432556
9863,0.7704471349716187
9864,0.5837721824645996
9865,0.6133686304092407
9866,0.3885686993598938
9867,0.49612072110176086
9868,0.26928600668907166
9869,0.7828907370567322
9870,0.5432461500167847
9871,0.7428416013717651
9872,0.6497756838798523
9873,0.6559180021286011
9874,0.6328048706054688
9875,0.8448501825332642
9876,2.2939412593841553
9877,1.0441170930862427
9878,0.7204939126968384
9879,0.5789566040039062
9880,0.5992757678031921
9881,0.8822447061538696
9882,0.5182524919509888
9883,1.4070199728012085
9884,1.194993495941162
9885,0.5624850988388062
9886,0.8773678541183472
9887,0.6504141092300415
9888,1.3232630491256714
9889,0.6671810746192932
9890,0.5129324197769165
9891,0.3386021852493286
9892,0.4634071886539459
9893,0.4685526192188263
9894,0.8720487952232361
9895,0.7163295745849609
9896,1.1084758043289185
9897,1.1922582387924194
9898,2.0633316040039062
9899,1.1801950931549072
9900,1.1833372116088867
9901,1.5182865858078003
9902,1.5951300859451294
9903,1.2213892936706543
9904,1.1367789506912231
9905,1.5258630514144897
9906,2.139265298843384
9907,1.4991248846054077
9908,2.046172618865967
9909,1.687158226966858
9910,1.3357926607131958
9911,1.4086847305297852
9912,1.514217734336853
9913,1.6859499216079712
9914,1.0527960062026978
9915,1.6246904134750366
9916,1.0280115604400635
9917,1.227112889289856
9918,1.6185764074325562
9919,1.2857389450073242
9920,1.1649421453475952
9921,0.7127124667167664
9922,0.7060436606407166
9923,1.3505600690841675
9924,1.056882619857788
9925,0.964603841304779
9926,0.7405967712402344
9927,0.967849612236023
9928,1.4116138219833374
9929,1.7195461988449097
9930,0.8393107652664185
9931,0.9183317422866821
9932,2.4521677494049072
9933,0.780519425868988
9934,1.1158759593963623
9935,0.8539249300956726
9936,2.0857973098754883
9937,1.1180835962295532
9938,0.8434094786643982
9939,0.8262733817100525
9940,0.8067611455917358
9941,0.8361555337905884
9942,0.8268622159957886
9943,0.4796902537345886
9944,0.6271654963493347
9945,0.32088953256607056
9946,0.6929917931556702
9947,0.4225710928440094
9948,1.9656976461410522
9949,0.520698606967926
9950,0.6110324859619141
9951,0.9499760270118713
9952,0.8587461113929749
9953,1.1442471742630005
9954,1.390203595161438
9955,1.5632092952728271
9956,1.586984395980835
9957,1.0356370210647583
9958,1.3033204078674316
9959,0.6017585396766663
9960,1.1248745918273926
9961,1.0877199172973633
9962,1.6287299394607544
9963,0.6896455883979797
9964,0.5247958302497864
9965,0.7836177945137024
9966,1.1803406476974487
9967,1.257266640663147
9968,1.2204149961471558
9969,0.9142463803291321
9970,0.8968328833580017
9971,1.6851274967193604
9972,1.56411874294281
9973,2.2690956592559814
9974,0.924159586429596
9975,1.1686358451843262
9976,1.1651320457458496
9977,0.5834758281707764
9978,0.5294597744941711
9979,0.7600016593933105
9980,1.0410501956939697
9981,0.8089354038238525
9982,0.9734384417533875
9983,1.5315608978271484
9984,0.9332215189933777
9985,1.1886217594146729
9986,1.1035995483398438
9987,2.392289400100708
9988,1.5522903203964233
9989,1.575279951095581
9990,0.7482149600982666
9991,0.8008040189743042
9992,0.6159432530403137
9993,0.5624253749847412
9994,0.9323074817657471
9995,0.8234089016914368
9996,1.048669457435608
9997,0.8460661768913269
9998,0.33320319652557373
9999,0.6727936863899231
