Step,Value
0,46.50461959838867
1,13.082796096801758
2,10.554497718811035
3,0.0
4,12.218900680541992
5,8.752461433410645
6,14.34451961517334
7,6.869415283203125
8,0.0
9,11.565300941467285
10,0.0
11,0.0
12,452.0439758300781
13,17.874971389770508
14,29.537221908569336
15,464.88677978515625
16,38.6074104309082
17,0.0
18,16.58572006225586
19,12.62971305847168
20,51.3637580871582
21,14.507864952087402
22,0.0
23,29.089250564575195
24,13.821871757507324
25,38.064849853515625
26,34.66026306152344
27,162.68089294433594
28,8.945850372314453
29,8.60798168182373
30,13.540872573852539
31,13.147601127624512
32,74.08171081542969
33,14.978249549865723
34,0.0
35,9.17245864868164
36,0.0
37,0.0
38,0.0
39,7.13753604888916
40,13.06507682800293
41,10.28219223022461
42,41.28126525878906
43,13.878398895263672
44,0.0
45,20.495746612548828
46,14.167709350585938
47,0.0
48,14.584704399108887
49,25.59379768371582
50,5.6495161056518555
51,7.265614986419678
52,7.551289081573486
53,9.833864212036133
54,0.0
55,0.0
56,18.43339729309082
57,0.0
58,0.0
59,68.8001937866211
60,0.0
61,19.41349220275879
62,16.15542984008789
63,0.0
64,13.679803848266602
65,0.0
66,17.831953048706055
67,0.0
68,55.491146087646484
69,17.94565200805664
70,0.0
71,13.152595520019531
72,0.0
73,18.272218704223633
74,17.6560115814209
75,13.972490310668945
76,11.4959135055542
77,29.995262145996094
78,7.395827770233154
79,8.151938438415527
80,6.5522942543029785
81,0.0
82,0.0
83,0.0
84,58.24418640136719
85,0.0
86,13.469352722167969
87,9.410921096801758
88,10.591254234313965
89,41.18121337890625
90,454.27496337890625
91,0.0
92,20.110504150390625
93,12.840422630310059
94,14.854928016662598
95,0.0
96,23.233535766601562
97,19.404098510742188
98,17.44451332092285
99,15.319448471069336
100,61.819278717041016
101,11.471315383911133
102,7.547312259674072
103,0.0
104,452.7170715332031
105,10.539287567138672
106,0.0
107,8.524259567260742
108,6.846760272979736
109,4.611131191253662
110,0.0
111,9.291993141174316
112,0.0
113,12.019071578979492
114,55.16041946411133
115,0.0
116,15.196712493896484
117,46.1519660949707
118,46.37065124511719
119,0.0
120,24.377843856811523
121,46.19339370727539
122,18.999652862548828
123,0.0
124,27.706226348876953
125,0.0
126,0.0
127,30.41379737854004
128,0.0
129,20.750057220458984
130,0.0
131,0.0
132,13.461475372314453
133,44.376869201660156
134,56.459564208984375
135,13.480852127075195
136,42.2111701965332
137,470.42926025390625
138,0.0
139,11.117890357971191
140,0.0
141,0.0
142,10.50449275970459
143,10.128364562988281
144,38.52302932739258
145,150.9866943359375
146,59.86259841918945
147,19.34516716003418
148,0.0
149,104.91114044189453
150,12.176762580871582
151,0.0
152,0.0
153,11.79305648803711
154,15.182169914245605
155,10.899238586425781
156,9.338001251220703
157,0.0
158,10.43665885925293
159,0.0
160,23.670190811157227
161,14.92852783203125
162,17.667390823364258
163,32.99876022338867
164,50.07802963256836
165,36.45909881591797
166,10.72106647491455
167,12.81546401977539
168,18.17234230041504
169,0.0
170,0.0
171,106.81146240234375
172,15.270452499389648
173,174.94998168945312
174,0.0
175,0.0
176,19.188825607299805
177,54.80296325683594
178,15.464387893676758
179,12.825221061706543
180,12.881421089172363
181,9.283027648925781
182,10.296390533447266
183,10.476763725280762
184,8.69500732421875
185,6.673258304595947
186,7.681303977966309
187,10.163091659545898
188,9.421411514282227
189,11.324495315551758
190,11.420259475708008
191,12.593510627746582
192,12.652873039245605
193,31.449251174926758
194,44.483802795410156
195,14.402397155761719
196,12.040637016296387
197,448.14691162109375
198,8.493175506591797
199,8.820050239562988
200,9.00794506072998
201,12.826809883117676
202,29.685972213745117
203,0.0
204,61.593563079833984
205,15.385790824890137
206,12.36491584777832
207,13.568706512451172
208,12.0482759475708
209,17.445707321166992
210,16.138967514038086
211,11.501970291137695
212,17.115617752075195
213,12.392141342163086
214,19.970399856567383
215,15.427488327026367
216,12.63177490234375
217,24.693180084228516
218,40.2006721496582
219,10.114727973937988
220,19.111122131347656
221,63.561519622802734
222,0.0
223,45.91886520385742
224,13.406593322753906
225,9.916999816894531
226,35.01966857910156
227,19.564525604248047
228,5.286003112792969
229,6.758688926696777
230,5.523822784423828
231,9.545689582824707
232,8.820549011230469
233,10.72230052947998
234,12.89245891571045
235,14.072667121887207
236,15.960286140441895
237,17.74482536315918
238,13.611648559570312
239,12.878898620605469
240,10.65755558013916
241,12.58510971069336
242,10.148120880126953
243,10.50020980834961
244,8.799592018127441
245,9.650367736816406
246,6.671573638916016
247,14.334615707397461
248,8.377161026000977
249,35.24120330810547
250,44.12626266479492
251,28.654525756835938
252,11.640684127807617
253,13.031293869018555
254,13.013169288635254
255,16.890174865722656
256,19.426876068115234
257,23.299243927001953
258,13.406858444213867
259,8.243257522583008
260,8.729494094848633
261,9.495315551757812
262,7.240145683288574
263,11.28089427947998
264,11.716938018798828
265,13.523114204406738
266,15.924711227416992
267,22.323625564575195
268,25.763092041015625
269,18.769075393676758
270,13.62022590637207
271,14.571216583251953
272,9.56424331665039
273,9.901199340820312
274,10.672415733337402
275,9.27847957611084
276,11.765969276428223
277,15.19028091430664
278,14.517951965332031
279,15.278599739074707
280,12.317109107971191
281,15.767679214477539
282,13.839010238647461
283,15.714293479919434
284,13.384522438049316
285,13.15892219543457
286,12.0464506149292
287,10.868489265441895
288,7.9510111808776855
289,10.20364761352539
290,12.677892684936523
291,8.414789199829102
292,8.509251594543457
293,5.13233757019043
294,9.833786964416504
295,8.052796363830566
296,43.169044494628906
297,85.24546813964844
298,16.96693992614746
299,21.587310791015625
300,20.271024703979492
301,17.303926467895508
302,22.99137306213379
303,14.35945987701416
304,17.247314453125
305,18.048566818237305
306,16.617616653442383
307,13.623948097229004
308,10.601508140563965
309,15.6917724609375
310,39.292274475097656
311,30.73873519897461
312,14.332608222961426
313,13.739017486572266
314,11.077268600463867
315,14.97041130065918
316,14.221710205078125
317,9.200214385986328
318,7.938957691192627
319,9.247822761535645
320,4.023599624633789
321,7.932556629180908
322,14.565983772277832
323,11.386298179626465
324,7.375687599182129
325,13.455134391784668
326,12.7549467086792
327,17.248462677001953
328,12.378458023071289
329,16.169675827026367
330,19.797622680664062
331,16.457292556762695
332,22.48605728149414
333,18.12864112854004
334,12.636795043945312
335,15.44406509399414
336,14.376666069030762
337,11.21480941772461
338,18.811616897583008
339,15.50586223602295
340,10.832892417907715
341,12.743218421936035
342,13.394611358642578
343,20.85338592529297
344,22.92740249633789
345,7.562131404876709
346,11.003925323486328
347,15.035173416137695
348,11.906331062316895
349,7.487478733062744
350,9.350774765014648
351,9.645005226135254
352,11.905016899108887
353,19.497623443603516
354,15.376545906066895
355,15.214408874511719
356,15.0380859375
357,15.251220703125
358,10.599886894226074
359,5.5704026222229
360,6.027205467224121
361,8.460027694702148
362,6.340208530426025
363,7.220849514007568
364,8.372654914855957
365,9.401159286499023
366,9.773892402648926
367,9.39748477935791
368,9.618630409240723
369,12.841572761535645
370,8.226357460021973
371,12.429930686950684
372,22.46965789794922
373,11.478704452514648
374,9.964681625366211
375,11.32646656036377
376,12.806672096252441
377,8.044804573059082
378,12.866081237792969
379,8.390965461730957
380,10.976630210876465
381,7.7689595222473145
382,6.5439133644104
383,10.154687881469727
384,12.21573543548584
385,15.45249080657959
386,20.78618621826172
387,19.1964111328125
388,20.828176498413086
389,26.808557510375977
390,23.47072982788086
391,24.812808990478516
392,27.91332244873047
393,26.853185653686523
394,12.356925964355469
395,15.495329856872559
396,24.491605758666992
397,23.638286590576172
398,28.133052825927734
399,15.218571662902832
400,17.76865005493164
401,16.474098205566406
402,19.540206909179688
403,25.755172729492188
404,19.250167846679688
405,21.8185977935791
406,17.918195724487305
407,30.292537689208984
408,51.75790786743164
409,18.233020782470703
410,7.143792152404785
411,10.253182411193848
412,8.999911308288574
413,14.976400375366211
414,14.726893424987793
415,13.060860633850098
416,7.725650310516357
417,12.346489906311035
418,22.860023498535156
419,12.546262741088867
420,18.054994583129883
421,19.139352798461914
422,17.018985748291016
423,19.44788360595703
424,21.873661041259766
425,11.741583824157715
426,11.596650123596191
427,12.47335433959961
428,11.610958099365234
429,12.971075057983398
430,10.055641174316406
431,7.5685834884643555
432,10.64460563659668
433,15.833730697631836
434,15.090843200683594
435,8.31562614440918
436,12.236030578613281
437,11.513248443603516
438,14.43525505065918
439,9.866960525512695
440,7.38071346282959
441,7.049395561218262
442,2.4512274265289307
443,9.164847373962402
444,11.977889060974121
445,10.923299789428711
446,11.572461128234863
447,11.57148551940918
448,11.484607696533203
449,14.06380844116211
450,14.430644989013672
451,15.904797554016113
452,16.454723358154297
453,19.220691680908203
454,14.63298511505127
455,18.654476165771484
456,21.186538696289062
457,13.219159126281738
458,10.728151321411133
459,10.521787643432617
460,23.628982543945312
461,12.719406127929688
462,12.007941246032715
463,6.999148368835449
464,12.971485137939453
465,13.643183708190918
466,14.467483520507812
467,27.63165855407715
468,54.080265045166016
469,19.161033630371094
470,12.390525817871094
471,8.141215324401855
472,6.032392501831055
473,4.805793285369873
474,4.6849589347839355
475,10.934769630432129
476,16.659425735473633
477,22.087223052978516
478,17.155242919921875
479,14.890533447265625
480,13.98199462890625
481,14.307899475097656
482,19.759841918945312
483,15.93913745880127
484,14.283346176147461
485,20.795299530029297
486,14.495951652526855
487,10.929641723632812
488,6.4391188621521
489,10.074372291564941
490,12.222307205200195
491,11.737071990966797
492,10.056241989135742
493,20.892465591430664
494,8.491043090820312
495,8.567963600158691
496,11.118082046508789
497,12.653724670410156
498,19.181812286376953
499,11.826497077941895
500,14.812575340270996
501,13.440905570983887
502,14.439269065856934
503,12.840989112854004
504,9.472821235656738
505,11.527031898498535
506,9.276906967163086
507,7.675340175628662
508,8.891387939453125
509,10.706036567687988
510,13.196958541870117
511,15.613031387329102
512,21.479948043823242
513,17.005258560180664
514,17.468746185302734
515,14.126103401184082
516,12.807710647583008
517,11.781685829162598
518,10.424073219299316
519,11.89497184753418
520,11.452311515808105
521,13.264851570129395
522,12.358633995056152
523,14.004557609558105
524,12.153464317321777
525,12.540860176086426
526,16.24220848083496
527,18.219648361206055
528,12.427751541137695
529,10.193634033203125
530,16.59589958190918
531,9.898759841918945
532,13.201005935668945
533,15.3046236038208
534,8.713181495666504
535,13.412446022033691
536,15.130938529968262
537,14.726686477661133
538,16.58156394958496
539,19.339244842529297
540,18.53304100036621
541,15.510971069335938
542,14.320493698120117
543,19.940248489379883
544,15.872572898864746
545,12.04389476776123
546,8.482842445373535
547,9.899131774902344
548,4.259552955627441
549,3.1844699382781982
550,12.076173782348633
551,7.92504358291626
552,11.182703971862793
553,13.057467460632324
554,12.435454368591309
555,16.978267669677734
556,16.86644744873047
557,17.193979263305664
558,39.929996490478516
559,30.797588348388672
560,18.640573501586914
561,15.273216247558594
562,14.123826026916504
563,12.537820816040039
564,17.405559539794922
565,28.647899627685547
566,61.05575180053711
567,67.75895690917969
568,10.71458911895752
569,12.238333702087402
570,12.515578269958496
571,15.679624557495117
572,21.712078094482422
573,21.677391052246094
574,18.644702911376953
575,19.072492599487305
576,17.430898666381836
577,20.156070709228516
578,16.790937423706055
579,14.463424682617188
580,12.775288581848145
581,12.259236335754395
582,6.644338607788086
583,5.546318054199219
584,6.943171501159668
585,12.983355522155762
586,14.131912231445312
587,13.18014907836914
588,13.743725776672363
589,13.132243156433105
590,12.877992630004883
591,13.024862289428711
592,18.644962310791016
593,16.48129653930664
594,10.345986366271973
595,7.923254489898682
596,8.220565795898438
597,10.124669075012207
598,7.011920928955078
599,8.683310508728027
600,23.90321922302246
601,10.76091194152832
602,11.755823135375977
603,7.74772834777832
604,10.220243453979492
605,12.59684944152832
606,14.170010566711426
607,11.753992080688477
608,13.636231422424316
609,11.443719863891602
610,14.193178176879883
611,15.541008949279785
612,20.325687408447266
613,11.700958251953125
614,6.939131736755371
615,10.890010833740234
616,9.590063095092773
617,7.964472770690918
618,14.286343574523926
619,16.917837142944336
620,12.447031021118164
621,11.795709609985352
622,13.25960636138916
623,18.268291473388672
624,13.214664459228516
625,10.511306762695312
626,14.201251029968262
627,18.816028594970703
628,15.37942886352539
629,12.825637817382812
630,13.924861907958984
631,11.784061431884766
632,11.72298812866211
633,14.628096580505371
634,18.183523178100586
635,14.294761657714844
636,11.286752700805664
637,8.325003623962402
638,14.85728931427002
639,15.828322410583496
640,13.980537414550781
641,13.697312355041504
642,19.428482055664062
643,15.137481689453125
644,16.04222869873047
645,11.110527038574219
646,15.092179298400879
647,12.447066307067871
648,8.875635147094727
649,11.472949028015137
650,17.03099250793457
651,25.173337936401367
652,22.83160400390625
653,17.61139678955078
654,13.161407470703125
655,17.551074981689453
656,14.514620780944824
657,14.551289558410645
658,11.820632934570312
659,12.978517532348633
660,18.757238388061523
661,19.530454635620117
662,18.02263069152832
663,17.28477668762207
664,13.297774314880371
665,18.570220947265625
666,14.710936546325684
667,18.211376190185547
668,16.463233947753906
669,10.488058090209961
670,9.287576675415039
671,8.502924919128418
672,20.417034149169922
673,27.405744552612305
674,35.49265670776367
675,11.99928092956543
676,9.049117088317871
677,7.193766117095947
678,5.632882595062256
679,11.595243453979492
680,29.7750186920166
681,23.23465919494629
682,23.294631958007812
683,15.05158519744873
684,10.898011207580566
685,14.409396171569824
686,10.463228225708008
687,14.082100868225098
688,10.639810562133789
689,8.471622467041016
690,8.114871978759766
691,12.361913681030273
692,12.96239948272705
693,14.649775505065918
694,11.85983943939209
695,12.612142562866211
696,13.568395614624023
697,13.154277801513672
698,19.00604248046875
699,10.881343841552734
700,12.26988410949707
701,15.582789421081543
702,20.186161041259766
703,19.050588607788086
704,12.706653594970703
705,16.29950523376465
706,16.460073471069336
707,19.331256866455078
708,13.2919282913208
709,12.5171480178833
710,9.120967864990234
711,11.009516716003418
712,3.830967426300049
713,5.867236614227295
714,11.118216514587402
715,11.521239280700684
716,11.196876525878906
717,8.842576026916504
718,14.301072120666504
719,11.23963451385498
720,12.747779846191406
721,12.972432136535645
722,13.795339584350586
723,12.101868629455566
724,12.457220077514648
725,9.156310081481934
726,8.38770580291748
727,11.4723482131958
728,13.014188766479492
729,8.393987655639648
730,8.072755813598633
731,9.602784156799316
732,13.814260482788086
733,16.26158905029297
734,21.478031158447266
735,17.87442970275879
736,16.79564094543457
737,22.288110733032227
738,19.728260040283203
739,35.30653762817383
740,17.666654586791992
741,14.105948448181152
742,11.661434173583984
743,7.4507904052734375
744,11.925762176513672
745,11.144759178161621
746,7.320915222167969
747,8.797162055969238
748,13.729497909545898
749,17.266132354736328
750,13.72235107421875
751,16.561702728271484
752,15.020115852355957
753,16.2564697265625
754,15.984428405761719
755,16.60991096496582
756,11.74552059173584
757,16.7392578125
758,13.006745338439941
759,20.046266555786133
760,16.252944946289062
761,14.363374710083008
762,13.801422119140625
763,14.151713371276855
764,11.399008750915527
765,13.494880676269531
766,13.468947410583496
767,18.674823760986328
768,15.733216285705566
769,9.300918579101562
770,10.108699798583984
771,14.535845756530762
772,14.869010925292969
773,18.951269149780273
774,12.2064208984375
775,13.64966106414795
776,11.998591423034668
777,14.203356742858887
778,13.385762214660645
779,16.787479400634766
780,26.292490005493164
781,18.06127166748047
782,18.232107162475586
783,16.26972198486328
784,19.922847747802734
785,28.27288818359375
786,12.182125091552734
787,15.117995262145996
788,14.291716575622559
789,12.197935104370117
790,13.368919372558594
791,8.72223949432373
792,7.319187641143799
793,13.550944328308105
794,15.613189697265625
795,13.638472557067871
796,14.493215560913086
797,11.003934860229492
798,10.676748275756836
799,13.600902557373047
800,14.582097053527832
801,12.210724830627441
802,17.489402770996094
803,23.449825286865234
804,16.778987884521484
805,7.818767070770264
806,8.032145500183105
807,8.5401611328125
808,19.844486236572266
809,45.53713607788086
810,27.757312774658203
811,11.693849563598633
812,14.964940071105957
813,25.71304702758789
814,27.77398109436035
815,13.666171073913574
816,15.856921195983887
817,23.847759246826172
818,30.285776138305664
819,15.221526145935059
820,11.81579875946045
821,12.857189178466797
822,12.579389572143555
823,11.338088035583496
824,12.483396530151367
825,9.931473731994629
826,9.32397747039795
827,7.379842281341553
828,8.243179321289062
829,16.759000778198242
830,26.625062942504883
831,19.729225158691406
832,13.997448921203613
833,4.915404796600342
834,7.190888404846191
835,14.25148868560791
836,24.468339920043945
837,9.034319877624512
838,12.144566535949707
839,9.817750930786133
840,17.993961334228516
841,9.44040584564209
842,9.167119979858398
843,8.215840339660645
844,9.92852783203125
845,9.98275375366211
846,22.318899154663086
847,28.618789672851562
848,34.444454193115234
849,17.9205379486084
850,22.116546630859375
851,20.257556915283203
852,19.097803115844727
853,17.863630294799805
854,21.354984283447266
855,16.894906997680664
856,17.43753433227539
857,13.86157512664795
858,16.405838012695312
859,15.951802253723145
860,19.491073608398438
861,16.51399040222168
862,13.72729778289795
863,11.431422233581543
864,9.737110137939453
865,14.792093276977539
866,17.84113883972168
867,26.97138023376465
868,29.52181053161621
869,14.045890808105469
870,11.478170394897461
871,11.408552169799805
872,21.98434829711914
873,19.00794219970703
874,17.61195945739746
875,20.48822021484375
876,19.19108772277832
877,18.43886375427246
878,14.489245414733887
879,12.63752269744873
880,15.167655944824219
881,12.934361457824707
882,20.59123420715332
883,27.00469970703125
884,25.489469528198242
885,17.097801208496094
886,15.296317100524902
887,16.938846588134766
888,18.23766326904297
889,21.130361557006836
890,20.458982467651367
891,9.274259567260742
892,13.6030912399292
893,13.265981674194336
894,16.3591365814209
895,11.26235580444336
896,11.410439491271973
897,14.241107940673828
898,22.050508499145508
899,22.977937698364258
900,16.8206844329834
901,14.193253517150879
902,13.531463623046875
903,13.237584114074707
904,13.614456176757812
905,13.07676887512207
906,13.369651794433594
907,15.307671546936035
908,14.562016487121582
909,14.871027946472168
910,29.85332679748535
911,10.586152076721191
912,12.684538841247559
913,12.639497756958008
914,7.448334693908691
915,12.81457233428955
916,17.285213470458984
917,14.009771347045898
918,10.834541320800781
919,6.533194065093994
920,6.619981288909912
921,14.496941566467285
922,13.284920692443848
923,5.231041431427002
924,8.902175903320312
925,5.038865566253662
926,7.295114994049072
927,12.215993881225586
928,16.59239959716797
929,14.066487312316895
930,10.77258586883545
931,15.749964714050293
932,11.282796859741211
933,10.691699981689453
934,12.786083221435547
935,13.26223373413086
936,18.005327224731445
937,23.43181037902832
938,20.3531494140625
939,13.77834701538086
940,16.07767105102539
941,18.919635772705078
942,15.05150032043457
943,15.777220726013184
944,10.33952808380127
945,17.75067138671875
946,6.506175994873047
947,10.284524917602539
948,7.572160243988037
949,13.154197692871094
950,10.75509262084961
951,8.988731384277344
952,8.356619834899902
953,11.69056510925293
954,19.470727920532227
955,15.880792617797852
956,12.010272979736328
957,12.625617980957031
958,7.386338710784912
959,14.896791458129883
960,13.920418739318848
961,19.74906349182129
962,20.454923629760742
963,11.9783296585083
964,11.6693115234375
965,15.726690292358398
966,24.344127655029297
967,28.3822078704834
968,18.73506736755371
969,17.421546936035156
970,16.830244064331055
971,11.301680564880371
972,12.28216552734375
973,12.318239212036133
974,20.061721801757812
975,31.417266845703125
976,15.791114807128906
977,13.309473037719727
978,13.806968688964844
979,14.611572265625
980,11.681724548339844
981,12.205419540405273
982,18.807836532592773
983,13.95274829864502
984,9.598104476928711
985,11.0115385055542
986,11.140655517578125
987,15.556896209716797
988,18.76184844970703
989,19.14948844909668
990,19.319786071777344
991,23.222070693969727
992,22.254491806030273
993,17.537622451782227
994,25.04844093322754
995,11.40341854095459
996,9.177477836608887
997,11.93683910369873
998,7.801262855529785
999,12.615983009338379
1000,12.178439140319824
1001,16.480091094970703
1002,11.748186111450195
1003,11.551252365112305
1004,11.991260528564453
1005,12.8277006149292
1006,15.516904830932617
1007,17.972721099853516
1008,12.849098205566406
1009,15.383190155029297
1010,20.321243286132812
1011,22.41608428955078
1012,21.140262603759766
1013,15.661711692810059
1014,19.627676010131836
1015,14.75244140625
1016,10.568065643310547
1017,12.999715805053711
1018,10.414509773254395
1019,10.347037315368652
1020,11.54123306274414
1021,10.730030059814453
1022,15.267278671264648
1023,19.036760330200195
1024,27.93828773498535
1025,40.701202392578125
1026,41.62323760986328
1027,22.983783721923828
1028,12.886554718017578
1029,13.31935977935791
1030,12.389812469482422
1031,15.467313766479492
1032,13.1312255859375
1033,19.393508911132812
1034,13.28921127319336
1035,13.012470245361328
1036,15.78819465637207
1037,8.022842407226562
1038,12.315279960632324
1039,9.67583179473877
1040,8.25421142578125
1041,13.203064918518066
1042,12.645112991333008
1043,8.862929344177246
1044,9.737859725952148
1045,8.53564453125
1046,15.055509567260742
1047,13.97154426574707
1048,12.713730812072754
1049,14.618536949157715
1050,9.68811321258545
1051,8.449529647827148
1052,6.5484700202941895
1053,9.088902473449707
1054,10.54830551147461
1055,10.997658729553223
1056,14.777139663696289
1057,14.690743446350098
1058,16.83355140686035
1059,21.744626998901367
1060,16.385766983032227
1061,16.852689743041992
1062,14.941034317016602
1063,16.17207145690918
1064,18.19887924194336
1065,14.286922454833984
1066,12.992977142333984
1067,18.580896377563477
1068,26.93710708618164
1069,26.171039581298828
1070,19.249954223632812
1071,11.891961097717285
1072,16.037057876586914
1073,14.878877639770508
1074,27.500131607055664
1075,33.15547180175781
1076,20.290746688842773
1077,22.955394744873047
1078,21.875314712524414
1079,30.993013381958008
1080,23.63850975036621
1081,18.000865936279297
1082,17.685991287231445
1083,17.498889923095703
1084,13.220880508422852
1085,18.01837730407715
1086,19.499692916870117
1087,12.442667007446289
1088,9.293986320495605
1089,9.808253288269043
1090,10.093477249145508
1091,13.606986045837402
1092,11.063111305236816
1093,27.004108428955078
1094,16.04192543029785
1095,16.730669021606445
1096,10.057273864746094
1097,8.05424976348877
1098,10.364326477050781
1099,9.100347518920898
1100,11.948098182678223
1101,15.931389808654785
1102,19.426687240600586
1103,14.81639289855957
1104,10.010674476623535
1105,9.030030250549316
1106,7.850650310516357
1107,15.6535005569458
1108,15.94816780090332
1109,14.996922492980957
1110,15.838544845581055
1111,16.521089553833008
1112,17.833017349243164
1113,21.974851608276367
1114,29.267702102661133
1115,30.4840145111084
1116,22.109798431396484
1117,15.973162651062012
1118,16.735509872436523
1119,7.425795555114746
1120,6.214134216308594
1121,10.836012840270996
1122,17.144800186157227
1123,19.448482513427734
1124,9.892714500427246
1125,15.251422882080078
1126,11.01530933380127
1127,14.400979995727539
1128,11.551281929016113
1129,11.446356773376465
1130,25.095651626586914
1131,11.431412696838379
1132,14.912989616394043
1133,9.656105995178223
1134,16.259286880493164
1135,14.96847915649414
1136,16.373252868652344
1137,14.4237060546875
1138,11.966766357421875
1139,12.861766815185547
1140,12.029745101928711
1141,8.705597877502441
1142,12.79975700378418
1143,11.232671737670898
1144,14.613794326782227
1145,11.389277458190918
1146,10.010117530822754
1147,10.684159278869629
1148,12.650745391845703
1149,14.179059028625488
1150,11.476280212402344
1151,11.288976669311523
1152,12.363262176513672
1153,8.332484245300293
1154,15.011492729187012
1155,9.009859085083008
1156,10.124510765075684
1157,10.069064140319824
1158,8.488882064819336
1159,14.326460838317871
1160,11.56548023223877
1161,7.176909446716309
1162,15.068885803222656
1163,10.80036735534668
1164,12.513739585876465
1165,20.58286476135254
1166,15.104358673095703
1167,15.574931144714355
1168,17.0330810546875
1169,12.987671852111816
1170,9.340278625488281
1171,13.492185592651367
1172,10.253411293029785
1173,11.050369262695312
1174,11.740070343017578
1175,10.582292556762695
1176,14.72884750366211
1177,14.779900550842285
1178,16.23326873779297
1179,18.0311279296875
1180,20.85936164855957
1181,23.996213912963867
1182,33.40582275390625
1183,20.37702178955078
1184,19.404682159423828
1185,17.57684898376465
1186,13.109458923339844
1187,15.621363639831543
1188,13.685712814331055
1189,13.877617835998535
1190,8.83987808227539
1191,20.551753997802734
1192,14.919732093811035
1193,17.41998863220215
1194,14.299028396606445
1195,17.459228515625
1196,15.6383638381958
1197,17.13020896911621
1198,25.66608238220215
1199,21.8422908782959
1200,19.174455642700195
1201,18.982481002807617
1202,17.615354537963867
1203,20.396799087524414
1204,15.401495933532715
1205,12.625224113464355
1206,12.360379219055176
1207,13.792156219482422
1208,5.857851982116699
1209,6.901309490203857
1210,13.076070785522461
1211,14.27735710144043
1212,15.879108428955078
1213,18.666582107543945
1214,19.901268005371094
1215,20.112977981567383
1216,17.802167892456055
1217,17.659589767456055
1218,17.04105567932129
1219,12.365793228149414
1220,16.999231338500977
1221,8.369406700134277
1222,10.86270809173584
1223,7.665214538574219
1224,6.546751499176025
1225,7.224485397338867
1226,5.792556285858154
1227,3.134369373321533
1228,3.170231819152832
1229,8.340888023376465
1230,11.058582305908203
1231,13.430079460144043
1232,11.520819664001465
1233,12.900384902954102
1234,16.128276824951172
1235,12.833816528320312
1236,15.128117561340332
1237,12.086792945861816
1238,12.639328002929688
1239,10.100937843322754
1240,9.341998100280762
1241,9.53045654296875
1242,11.541252136230469
1243,12.081674575805664
1244,16.28662109375
1245,28.356781005859375
1246,19.26120948791504
1247,17.614849090576172
1248,23.43857765197754
1249,16.1053524017334
1250,14.480268478393555
1251,11.907459259033203
1252,6.8043718338012695
1253,7.202462196350098
1254,10.407218933105469
1255,11.484808921813965
1256,9.398445129394531
1257,14.626243591308594
1258,14.489274024963379
1259,21.00371742248535
1260,29.299644470214844
1261,34.62933349609375
1262,15.215194702148438
1263,14.944747924804688
1264,19.720458984375
1265,16.80906867980957
1266,17.165693283081055
1267,14.5281400680542
1268,12.396001815795898
1269,13.912625312805176
1270,15.522639274597168
1271,17.561511993408203
1272,13.260482788085938
1273,13.083260536193848
1274,9.804261207580566
1275,18.35356330871582
1276,12.653926849365234
1277,14.547048568725586
1278,16.828569412231445
1279,15.527295112609863
1280,22.216943740844727
1281,16.084897994995117
1282,22.870744705200195
1283,22.66802978515625
1284,16.017335891723633
1285,14.27536678314209
1286,13.76791763305664
1287,8.751139640808105
1288,12.782793045043945
1289,15.194479942321777
1290,20.448713302612305
1291,17.394664764404297
1292,11.062957763671875
1293,15.348403930664062
1294,22.34857177734375
1295,18.56243896484375
1296,20.442853927612305
1297,12.607645034790039
1298,15.240979194641113
1299,9.77810287475586
1300,21.20844841003418
1301,17.051456451416016
1302,14.56181812286377
1303,11.574727058410645
1304,13.059562683105469
1305,16.90402603149414
1306,15.738032341003418
1307,7.519190311431885
1308,9.939990043640137
1309,14.19344425201416
1310,5.358954906463623
1311,7.177270412445068
1312,6.537049293518066
1313,6.8624138832092285
1314,8.181448936462402
1315,11.16942310333252
1316,11.935124397277832
1317,7.658620834350586
1318,14.779620170593262
1319,14.844428062438965
1320,15.86444091796875
1321,16.978988647460938
1322,18.71666145324707
1323,14.10644817352295
1324,17.298355102539062
1325,20.594688415527344
1326,19.418121337890625
1327,21.27372932434082
1328,16.90178871154785
1329,13.940112113952637
1330,13.425995826721191
1331,9.911818504333496
1332,12.49327278137207
1333,12.40581226348877
1334,10.855969429016113
1335,9.316986083984375
1336,9.746267318725586
1337,15.743559837341309
1338,16.523120880126953
1339,12.672743797302246
1340,21.77960777282715
1341,20.979524612426758
1342,19.580896377563477
1343,18.457822799682617
1344,13.296895027160645
1345,11.451268196105957
1346,7.73248291015625
1347,7.727692604064941
1348,11.347809791564941
1349,9.217164039611816
1350,20.761438369750977
1351,19.02577781677246
1352,16.144329071044922
1353,14.851818084716797
1354,14.52348804473877
1355,25.482315063476562
1356,19.09778594970703
1357,19.426023483276367
1358,12.638134002685547
1359,15.858747482299805
1360,18.27427101135254
1361,14.526745796203613
1362,10.960991859436035
1363,13.552773475646973
1364,16.601177215576172
1365,13.513253211975098
1366,20.150062561035156
1367,18.586170196533203
1368,15.296731948852539
1369,26.141334533691406
1370,16.69149398803711
1371,18.13618278503418
1372,18.85732078552246
1373,15.856575965881348
1374,15.264948844909668
1375,11.195343971252441
1376,10.59544563293457
1377,12.484668731689453
1378,11.480481147766113
1379,9.791394233703613
1380,10.974386215209961
1381,11.48837661743164
1382,10.274674415588379
1383,10.227660179138184
1384,10.655193328857422
1385,10.235316276550293
1386,12.525032997131348
1387,10.595005989074707
1388,9.017617225646973
1389,12.68501091003418
1390,11.532442092895508
1391,11.078956604003906
1392,16.040233612060547
1393,13.148958206176758
1394,10.511726379394531
1395,11.569694519042969
1396,12.493428230285645
1397,15.6305570602417
1398,17.33304214477539
1399,16.775236129760742
1400,12.681485176086426
1401,20.014476776123047
1402,13.468559265136719
1403,7.184274673461914
1404,12.656782150268555
1405,12.418124198913574
1406,9.101027488708496
1407,8.446073532104492
1408,10.862130165100098
1409,21.6044979095459
1410,15.869110107421875
1411,12.538254737854004
1412,12.521577835083008
1413,16.956205368041992
1414,21.623525619506836
1415,16.422046661376953
1416,13.773911476135254
1417,12.099944114685059
1418,17.952749252319336
1419,13.510798454284668
1420,12.769124984741211
1421,15.327765464782715
1422,17.760955810546875
1423,10.929393768310547
1424,14.558449745178223
1425,14.022560119628906
1426,11.765580177307129
1427,7.7728471755981445
1428,9.651795387268066
1429,17.172943115234375
1430,19.768461227416992
1431,17.50851821899414
1432,24.002880096435547
1433,15.493021965026855
1434,19.655555725097656
1435,16.84833335876465
1436,12.821076393127441
1437,14.399178504943848
1438,17.048219680786133
1439,21.30204200744629
1440,13.40527629852295
1441,13.29865837097168
1442,13.873311996459961
1443,14.587708473205566
1444,11.486557960510254
1445,12.075858116149902
1446,18.998090744018555
1447,13.978934288024902
1448,9.986350059509277
1449,12.87764835357666
1450,12.421405792236328
1451,12.800779342651367
1452,15.569747924804688
1453,8.782240867614746
1454,10.974260330200195
1455,10.7222900390625
1456,10.989546775817871
1457,8.907556533813477
1458,10.087778091430664
1459,8.43073558807373
1460,21.2291202545166
1461,13.15951156616211
1462,15.948115348815918
1463,21.485319137573242
1464,16.042415618896484
1465,15.584564208984375
1466,13.179974555969238
1467,16.680883407592773
1468,17.029462814331055
1469,10.471268653869629
1470,8.751054763793945
1471,12.042137145996094
1472,12.448590278625488
1473,10.87332534790039
1474,10.976005554199219
1475,12.493999481201172
1476,18.871179580688477
1477,15.587717056274414
1478,16.57338523864746
1479,12.038360595703125
1480,14.268096923828125
1481,12.534286499023438
1482,10.715834617614746
1483,15.538461685180664
1484,16.252422332763672
1485,18.80768585205078
1486,20.665300369262695
1487,26.67043113708496
1488,27.76888084411621
1489,18.089937210083008
1490,12.9606351852417
1491,15.876157760620117
1492,15.704863548278809
1493,9.850303649902344
1494,9.574956893920898
1495,6.850818634033203
1496,7.135935306549072
1497,5.072368621826172
1498,8.14187240600586
1499,11.636968612670898
1500,17.61487579345703
1501,23.80615234375
1502,25.97842025756836
1503,19.16129493713379
1504,14.020074844360352
1505,21.383548736572266
1506,23.93210792541504
1507,55.6286735534668
1508,43.54995346069336
1509,34.55348205566406
1510,19.793193817138672
1511,20.644001007080078
1512,18.229158401489258
1513,21.983642578125
1514,20.234182357788086
1515,18.686513900756836
1516,14.625914573669434
1517,20.06104850769043
1518,14.600974082946777
1519,25.143310546875
1520,16.61771583557129
1521,19.25609588623047
1522,12.012216567993164
1523,14.265955924987793
1524,11.97508430480957
1525,9.099485397338867
1526,8.919100761413574
1527,8.203279495239258
1528,9.824832916259766
1529,12.248144149780273
1530,10.038331985473633
1531,15.368447303771973
1532,14.406497955322266
1533,14.627622604370117
1534,16.84860610961914
1535,15.583001136779785
1536,21.777793884277344
1537,25.513051986694336
1538,31.728450775146484
1539,23.989578247070312
1540,27.412519454956055
1541,19.454763412475586
1542,21.851194381713867
1543,14.980871200561523
1544,19.51724624633789
1545,14.618732452392578
1546,13.909224510192871
1547,9.935407638549805
1548,10.197031021118164
1549,11.696147918701172
1550,18.385759353637695
1551,13.340533256530762
1552,14.96975326538086
1553,19.60918617248535
1554,15.100640296936035
1555,17.81175422668457
1556,17.0697021484375
1557,16.29122543334961
1558,7.980319023132324
1559,9.211793899536133
1560,11.533402442932129
1561,13.600115776062012
1562,12.30478286743164
1563,12.365456581115723
1564,15.404021263122559
1565,11.828837394714355
1566,12.562311172485352
1567,10.736567497253418
1568,12.961455345153809
1569,9.705375671386719
1570,10.966263771057129
1571,9.659884452819824
1572,10.779657363891602
1573,9.52956485748291
1574,14.285855293273926
1575,12.83751392364502
1576,15.674428939819336
1577,13.475300788879395
1578,18.884963989257812
1579,21.134965896606445
1580,20.765220642089844
1581,18.449804306030273
1582,17.466611862182617
1583,14.553380012512207
1584,13.999651908874512
1585,10.834325790405273
1586,10.127348899841309
1587,10.497239112854004
1588,10.57753849029541
1589,13.352396011352539
1590,14.771121978759766
1591,15.790183067321777
1592,13.704594612121582
1593,16.698698043823242
1594,17.441286087036133
1595,20.32412338256836
1596,17.667917251586914
1597,17.32401466369629
1598,18.519222259521484
1599,13.147047996520996
1600,17.873374938964844
1601,16.112741470336914
1602,10.790460586547852
1603,8.109193801879883
1604,8.187438011169434
1605,10.329936981201172
1606,16.54932975769043
1607,12.456741333007812
1608,16.22540855407715
1609,16.939916610717773
1610,19.679288864135742
1611,15.645818710327148
1612,20.4462833404541
1613,13.901067733764648
1614,23.865985870361328
1615,20.782258987426758
1616,19.128170013427734
1617,10.727112770080566
1618,16.35805320739746
1619,8.42414665222168
1620,20.45339584350586
1621,18.34166717529297
1622,26.816852569580078
1623,14.715754508972168
1624,19.350934982299805
1625,28.80556869506836
1626,27.559938430786133
1627,28.86800765991211
1628,31.95980453491211
1629,29.670448303222656
1630,25.13045883178711
1631,19.071775436401367
1632,19.412403106689453
1633,24.512372970581055
1634,17.07219123840332
1635,17.07567596435547
1636,15.522205352783203
1637,15.928902626037598
1638,17.559741973876953
1639,16.0472354888916
1640,16.80137062072754
1641,15.137187004089355
1642,13.56594181060791
1643,15.86085319519043
1644,10.569071769714355
1645,10.13144302368164
1646,15.233534812927246
1647,11.72181224822998
1648,11.409552574157715
1649,11.164826393127441
1650,9.379620552062988
1651,10.362543106079102
1652,9.652108192443848
1653,11.74347972869873
1654,15.285482406616211
1655,12.885673522949219
1656,14.466805458068848
1657,20.122121810913086
1658,17.960054397583008
1659,17.392744064331055
1660,14.323250770568848
1661,17.69078826904297
1662,18.648725509643555
1663,18.34136199951172
1664,13.391684532165527
1665,15.218367576599121
1666,15.798974990844727
1667,13.452295303344727
1668,16.261812210083008
1669,13.55501651763916
1670,10.175484657287598
1671,11.020899772644043
1672,14.09428596496582
1673,9.173859596252441
1674,8.457015991210938
1675,10.464163780212402
1676,11.27613639831543
1677,9.070499420166016
1678,13.642024040222168
1679,9.390236854553223
1680,13.022942543029785
1681,9.318249702453613
1682,14.862335205078125
1683,14.990225791931152
1684,13.63615608215332
1685,7.739628314971924
1686,12.140360832214355
1687,16.1087589263916
1688,14.558076858520508
1689,13.98896312713623
1690,20.0009765625
1691,16.82921028137207
1692,14.445599555969238
1693,16.469091415405273
1694,19.176118850708008
1695,10.424924850463867
1696,11.624494552612305
1697,9.335110664367676
1698,12.366652488708496
1699,14.077643394470215
1700,11.428801536560059
1701,13.075191497802734
1702,11.766966819763184
1703,9.986967086791992
1704,11.29111385345459
1705,10.699342727661133
1706,8.997652053833008
1707,12.362955093383789
1708,13.143913269042969
1709,17.217849731445312
1710,16.505512237548828
1711,18.5130558013916
1712,16.310346603393555
1713,20.211584091186523
1714,18.558961868286133
1715,22.023880004882812
1716,18.99725914001465
1717,15.973459243774414
1718,16.17397117614746
1719,12.22031021118164
1720,14.808540344238281
1721,16.489442825317383
1722,17.817840576171875
1723,15.503927230834961
1724,13.072319030761719
1725,16.3946475982666
1726,11.329221725463867
1727,11.218931198120117
1728,7.63036584854126
1729,12.796469688415527
1730,13.98387336730957
1731,10.68290901184082
1732,18.70756721496582
1733,20.160497665405273
1734,17.23793601989746
1735,12.833270072937012
1736,18.138418197631836
1737,15.092758178710938
1738,17.377363204956055
1739,14.352265357971191
1740,11.014582633972168
1741,5.856716632843018
1742,15.696466445922852
1743,12.314212799072266
1744,13.690409660339355
1745,12.41325569152832
1746,18.8046932220459
1747,20.59473991394043
1748,19.572839736938477
1749,25.201709747314453
1750,19.32649803161621
1751,15.73451042175293
1752,15.154038429260254
1753,14.500876426696777
1754,12.285970687866211
1755,17.126964569091797
1756,16.97557258605957
1757,11.202690124511719
1758,12.776087760925293
1759,15.885859489440918
1760,14.901522636413574
1761,13.073286056518555
1762,11.63541030883789
1763,20.82428550720215
1764,18.00212287902832
1765,16.552345275878906
1766,15.98919677734375
1767,12.920503616333008
1768,14.104263305664062
1769,12.604536056518555
1770,10.55390739440918
1771,16.13943099975586
1772,13.253168106079102
1773,17.923908233642578
1774,15.320116996765137
1775,14.018705368041992
1776,12.689596176147461
1777,9.278848648071289
1778,11.058444023132324
1779,7.513368606567383
1780,7.060056209564209
1781,5.537217617034912
1782,10.677437782287598
1783,12.77099895477295
1784,13.136520385742188
1785,14.179764747619629
1786,19.552488327026367
1787,21.64598274230957
1788,12.79343318939209
1789,16.647506713867188
1790,21.06908416748047
1791,13.699039459228516
1792,13.086393356323242
1793,15.112191200256348
1794,15.375031471252441
1795,13.388500213623047
1796,10.375630378723145
1797,14.427931785583496
1798,18.277830123901367
1799,15.122239112854004
1800,14.36876392364502
1801,16.35942268371582
1802,13.630900382995605
1803,16.674564361572266
1804,15.520781517028809
1805,20.133527755737305
1806,13.097786903381348
1807,25.57012367248535
1808,18.696043014526367
1809,22.09284019470215
1810,11.328269958496094
1811,7.428748607635498
1812,9.546711921691895
1813,4.547705173492432
1814,9.76489543914795
1815,11.189728736877441
1816,14.627381324768066
1817,19.81525421142578
1818,17.08208465576172
1819,19.117990493774414
1820,16.779436111450195
1821,21.18940544128418
1822,24.51403045654297
1823,26.10517692565918
1824,22.058263778686523
1825,20.634750366210938
1826,11.32862377166748
1827,21.606063842773438
1828,14.521618843078613
1829,8.428969383239746
1830,7.6105241775512695
1831,8.001874923706055
1832,10.889288902282715
1833,7.140225887298584
1834,11.945606231689453
1835,14.432809829711914
1836,13.160896301269531
1837,15.770363807678223
1838,28.480815887451172
1839,19.06878662109375
1840,15.108272552490234
1841,20.958648681640625
1842,15.914443969726562
1843,17.49692726135254
1844,12.836756706237793
1845,17.145511627197266
1846,14.059309005737305
1847,13.474292755126953
1848,10.493583679199219
1849,19.972248077392578
1850,16.94791030883789
1851,18.492565155029297
1852,16.535804748535156
1853,16.56331443786621
1854,13.061565399169922
1855,15.911458015441895
1856,12.196501731872559
1857,12.622518539428711
1858,13.987987518310547
1859,10.79842472076416
1860,16.11676788330078
1861,16.44514274597168
1862,16.725261688232422
1863,9.028596878051758
1864,11.869312286376953
1865,12.317670822143555
1866,10.23277759552002
1867,11.997201919555664
1868,10.809812545776367
1869,15.691622734069824
1870,18.658979415893555
1871,15.648069381713867
1872,22.956459045410156
1873,25.835460662841797
1874,21.544761657714844
1875,16.832365036010742
1876,28.86698341369629
1877,18.912656784057617
1878,22.510770797729492
1879,20.706838607788086
1880,20.234115600585938
1881,17.16414451599121
1882,17.49016761779785
1883,20.182310104370117
1884,21.097213745117188
1885,24.66016960144043
1886,26.31414222717285
1887,25.341197967529297
1888,22.402753829956055
1889,22.07002830505371
1890,14.86721420288086
1891,13.264280319213867
1892,20.450098037719727
1893,15.802146911621094
1894,21.933366775512695
1895,29.104246139526367
1896,29.41355323791504
1897,23.420827865600586
1898,17.97037696838379
1899,15.452784538269043
1900,12.01458740234375
1901,12.84947681427002
1902,15.312519073486328
1903,14.295342445373535
1904,20.297208786010742
1905,26.15275764465332
1906,19.415668487548828
1907,18.01408576965332
1908,21.886470794677734
1909,20.896543502807617
1910,8.788619041442871
1911,13.394657135009766
1912,10.27723503112793
1913,16.44969940185547
1914,12.006240844726562
1915,9.691415786743164
1916,10.39865779876709
1917,14.512080192565918
1918,11.275904655456543
1919,12.978860855102539
1920,10.051054000854492
1921,11.859356880187988
1922,19.595382690429688
1923,17.95838737487793
1924,26.215105056762695
1925,24.253990173339844
1926,14.792917251586914
1927,19.96520233154297
1928,12.855230331420898
1929,14.056615829467773
1930,11.654461860656738
1931,16.774948120117188
1932,5.48844575881958
1933,11.054688453674316
1934,7.859533786773682
1935,10.879512786865234
1936,11.690390586853027
1937,15.639791488647461
1938,17.55727195739746
1939,14.344511985778809
1940,13.65607738494873
1941,13.363445281982422
1942,17.297922134399414
1943,13.575665473937988
1944,15.109539031982422
1945,10.565256118774414
1946,9.596893310546875
1947,8.984095573425293
1948,9.592066764831543
1949,8.793313980102539
1950,9.975152015686035
1951,10.492652893066406
1952,6.137988567352295
1953,7.520090103149414
1954,10.73773193359375
1955,10.596303939819336
1956,18.62363052368164
1957,13.961614608764648
1958,21.90097427368164
1959,26.396961212158203
1960,31.0478572845459
1961,34.84151077270508
1962,21.939144134521484
1963,17.809133529663086
1964,11.3592529296875
1965,9.101555824279785
1966,13.926922798156738
1967,14.844924926757812
1968,12.629398345947266
1969,13.47141170501709
1970,14.312207221984863
1971,15.867871284484863
1972,13.196562767028809
1973,22.770849227905273
1974,29.67657470703125
1975,19.289323806762695
1976,24.946638107299805
1977,20.724708557128906
1978,29.984180450439453
1979,13.582209587097168
1980,20.488122940063477
1981,16.84503173828125
1982,16.26904296875
1983,20.23390769958496
1984,16.854373931884766
1985,14.978795051574707
1986,11.89471435546875
1987,16.191091537475586
1988,24.080150604248047
1989,25.317623138427734
1990,32.17946243286133
1991,18.636507034301758
1992,21.31730079650879
1993,14.946324348449707
1994,20.922910690307617
1995,22.978309631347656
1996,18.290630340576172
1997,16.296689987182617
1998,17.668079376220703
1999,28.573896408081055
2000,21.878305435180664
2001,25.219558715820312
2002,18.821386337280273
2003,20.416973114013672
2004,21.752641677856445
2005,23.04088592529297
2006,15.323171615600586
2007,13.84859561920166
2008,13.175359725952148
2009,10.634708404541016
2010,14.647578239440918
2011,14.929245948791504
2012,13.865478515625
2013,8.82593822479248
2014,14.2492036819458
2015,14.386139869689941
2016,19.25659942626953
2017,13.128127098083496
2018,13.029375076293945
2019,12.368108749389648
2020,16.621244430541992
2021,9.73725700378418
2022,11.151054382324219
2023,11.616937637329102
2024,13.350625038146973
2025,10.188465118408203
2026,8.716447830200195
2027,5.009660243988037
2028,7.642767906188965
2029,5.84298038482666
2030,4.321767330169678
2031,6.958732604980469
2032,9.791095733642578
2033,7.656432628631592
2034,7.5502142906188965
2035,8.620722770690918
2036,8.002586364746094
2037,4.82160758972168
2038,7.820779800415039
2039,8.839936256408691
2040,8.724947929382324
2041,10.396988868713379
2042,9.199694633483887
2043,7.512324810028076
2044,7.740960121154785
2045,10.414498329162598
2046,11.623103141784668
2047,12.654095649719238
2048,11.685674667358398
2049,19.947477340698242
2050,21.652372360229492
2051,17.93959617614746
2052,21.018268585205078
2053,18.541501998901367
2054,19.630271911621094
2055,20.475629806518555
2056,17.210121154785156
2057,14.388951301574707
2058,11.625944137573242
2059,5.1345744132995605
2060,7.0886993408203125
2061,6.478828430175781
2062,12.082635879516602
2063,13.005175590515137
2064,10.287433624267578
2065,9.371726989746094
2066,14.845399856567383
2067,13.653335571289062
2068,13.47624683380127
2069,15.243171691894531
2070,9.634486198425293
2071,16.28689193725586
2072,13.948341369628906
2073,9.31926441192627
2074,13.73281192779541
2075,12.349031448364258
2076,14.697615623474121
2077,17.422298431396484
2078,14.217926979064941
2079,19.90069580078125
2080,10.742229461669922
2081,18.312387466430664
2082,18.85004997253418
2083,14.794825553894043
2084,16.684534072875977
2085,14.433935165405273
2086,15.262482643127441
2087,12.495434761047363
2088,10.578970909118652
2089,7.9375386238098145
2090,12.762832641601562
2091,13.627676010131836
2092,7.5917534828186035
2093,18.20663070678711
2094,19.178699493408203
2095,28.66485023498535
2096,19.120433807373047
2097,25.44554901123047
2098,23.266033172607422
2099,19.297088623046875
2100,28.11749839782715
2101,22.778221130371094
2102,25.961626052856445
2103,15.437893867492676
2104,21.981779098510742
2105,16.765819549560547
2106,13.950228691101074
2107,17.497119903564453
2108,14.235391616821289
2109,16.45316505432129
2110,14.111432075500488
2111,14.80284309387207
2112,15.618355751037598
2113,18.22321128845215
2114,15.304258346557617
2115,18.10783576965332
2116,15.902533531188965
2117,22.54672622680664
2118,17.304046630859375
2119,14.290760040283203
2120,17.109403610229492
2121,20.4254093170166
2122,17.685775756835938
2123,17.08369255065918
2124,16.074769973754883
2125,26.158483505249023
2126,16.548961639404297
2127,16.88606071472168
2128,14.885095596313477
2129,18.286588668823242
2130,16.53945541381836
2131,15.93771743774414
2132,18.250932693481445
2133,14.22242259979248
2134,16.45574188232422
2135,11.494826316833496
2136,14.544563293457031
2137,20.736364364624023
2138,18.167028427124023
2139,21.136808395385742
2140,23.348793029785156
2141,26.664165496826172
2142,30.73708724975586
2143,29.69741439819336
2144,23.826766967773438
2145,20.07562828063965
2146,13.091617584228516
2147,13.605669975280762
2148,12.00162124633789
2149,12.286294937133789
2150,7.581693172454834
2151,11.25908088684082
2152,8.690204620361328
2153,9.675572395324707
2154,11.144384384155273
2155,5.350837230682373
2156,9.064240455627441
2157,10.860124588012695
2158,18.114248275756836
2159,14.797393798828125
2160,16.745481491088867
2161,19.104576110839844
2162,25.421432495117188
2163,20.339046478271484
2164,21.4713134765625
2165,22.495670318603516
2166,17.70696449279785
2167,14.301736831665039
2168,16.515972137451172
2169,14.96543025970459
2170,19.054481506347656
2171,17.0468807220459
2172,19.273868560791016
2173,16.664583206176758
2174,14.787365913391113
2175,11.192276000976562
2176,11.487090110778809
2177,10.76980972290039
2178,15.993216514587402
2179,13.917431831359863
2180,19.633220672607422
2181,14.321913719177246
2182,13.928680419921875
2183,14.50450325012207
2184,15.403288841247559
2185,10.926779747009277
2186,16.205625534057617
2187,10.229264259338379
2188,18.463258743286133
2189,21.379316329956055
2190,21.67226791381836
2191,22.860881805419922
2192,13.787504196166992
2193,10.871402740478516
2194,10.945402145385742
2195,15.349119186401367
2196,18.08578109741211
2197,13.597990036010742
2198,11.234067916870117
2199,11.330293655395508
2200,12.226313591003418
2201,15.854525566101074
2202,18.723901748657227
2203,19.632516860961914
2204,14.27025032043457
2205,21.13029670715332
2206,11.281195640563965
2207,5.324748992919922
2208,11.398588180541992
2209,10.94140338897705
2210,10.087102890014648
2211,19.651439666748047
2212,11.766863822937012
2213,27.319454193115234
2214,20.527759552001953
2215,26.145977020263672
2216,25.32621192932129
2217,24.019744873046875
2218,22.157184600830078
2219,21.20006561279297
2220,20.35923194885254
2221,13.748270034790039
2222,11.64228630065918
2223,15.830381393432617
2224,11.34664535522461
2225,12.298161506652832
2226,12.158951759338379
2227,13.943865776062012
2228,14.4398193359375
2229,13.562643051147461
2230,10.956758499145508
2231,10.315220832824707
2232,12.736031532287598
2233,15.282633781433105
2234,20.255983352661133
2235,18.578889846801758
2236,16.914661407470703
2237,17.837862014770508
2238,14.450347900390625
2239,11.193881034851074
2240,9.74180793762207
2241,9.165846824645996
2242,12.128732681274414
2243,16.056604385375977
2244,16.541637420654297
2245,21.3729248046875
2246,24.74714469909668
2247,21.59837532043457
2248,21.7379093170166
2249,17.037874221801758
2250,19.763702392578125
2251,19.00596809387207
2252,14.752873420715332
2253,11.130213737487793
2254,11.141836166381836
2255,5.675332069396973
2256,7.030477523803711
2257,10.976373672485352
2258,11.529256820678711
2259,9.667654991149902
2260,14.65634536743164
2261,12.348236083984375
2262,13.160039901733398
2263,11.53227710723877
2264,14.68303394317627
2265,18.174686431884766
2266,11.676065444946289
2267,18.08772850036621
2268,18.378189086914062
2269,17.4058837890625
2270,22.005037307739258
2271,13.652585983276367
2272,7.705667495727539
2273,10.072561264038086
2274,13.660725593566895
2275,12.159680366516113
2276,15.02055549621582
2277,10.186039924621582
2278,12.596817016601562
2279,16.71919822692871
2280,15.073792457580566
2281,18.193096160888672
2282,14.862147331237793
2283,14.306580543518066
2284,10.522794723510742
2285,12.573833465576172
2286,11.330877304077148
2287,8.1223726272583
2288,11.912223815917969
2289,10.774550437927246
2290,14.887364387512207
2291,15.82033634185791
2292,13.62222957611084
2293,16.653640747070312
2294,12.904101371765137
2295,9.20062255859375
2296,10.771557807922363
2297,11.283234596252441
2298,13.549997329711914
2299,15.631274223327637
2300,13.628658294677734
2301,15.794246673583984
2302,13.010977745056152
2303,7.731620788574219
2304,8.475886344909668
2305,8.198427200317383
2306,10.058988571166992
2307,13.113048553466797
2308,12.448954582214355
2309,21.207141876220703
2310,22.7136287689209
2311,28.184186935424805
2312,21.068328857421875
2313,24.102581024169922
2314,25.30602264404297
2315,15.65739917755127
2316,10.27160930633545
2317,15.131121635437012
2318,11.331648826599121
2319,15.027012825012207
2320,11.892196655273438
2321,10.908035278320312
2322,11.033513069152832
2323,16.34823226928711
2324,16.15215492248535
2325,10.868247985839844
2326,11.802675247192383
2327,15.241416931152344
2328,9.757842063903809
2329,8.591787338256836
2330,11.98027229309082
2331,10.630560874938965
2332,10.271036148071289
2333,9.688887596130371
2334,10.105579376220703
2335,12.003725051879883
2336,12.22893238067627
2337,23.240633010864258
2338,16.53714370727539
2339,16.45184898376465
2340,16.6865234375
2341,18.26943588256836
2342,22.937925338745117
2343,25.891286849975586
2344,19.846982955932617
2345,26.96517562866211
2346,18.86697006225586
2347,14.336986541748047
2348,9.582220077514648
2349,11.362746238708496
2350,14.961298942565918
2351,18.275562286376953
2352,19.523834228515625
2353,11.499833106994629
2354,12.694561958312988
2355,15.920159339904785
2356,19.679502487182617
2357,11.292146682739258
2358,16.2556095123291
2359,9.561628341674805
2360,12.96839714050293
2361,10.250207901000977
2362,8.133606910705566
2363,13.953033447265625
2364,18.296283721923828
2365,16.90508270263672
2366,17.47140121459961
2367,9.34436321258545
2368,12.247204780578613
2369,12.447848320007324
2370,11.485762596130371
2371,8.449238777160645
2372,9.374767303466797
2373,15.462972640991211
2374,7.118319988250732
2375,10.042064666748047
2376,9.430965423583984
2377,9.114920616149902
2378,21.165220260620117
2379,12.835362434387207
2380,10.12567138671875
2381,9.8120698928833
2382,18.91863250732422
2383,15.367805480957031
2384,12.926961898803711
2385,20.353759765625
2386,18.034164428710938
2387,15.936623573303223
2388,17.631010055541992
2389,12.477160453796387
2390,15.828680992126465
2391,12.888435363769531
2392,15.82944107055664
2393,11.3815279006958
2394,14.964808464050293
2395,16.337688446044922
2396,12.184832572937012
2397,11.270472526550293
2398,11.386067390441895
2399,19.67782211303711
2400,18.251306533813477
2401,16.534208297729492
2402,15.208052635192871
2403,13.941269874572754
2404,11.728046417236328
2405,19.619274139404297
2406,10.156586647033691
2407,18.970014572143555
2408,10.680126190185547
2409,13.115157127380371
2410,9.844223976135254
2411,12.498100280761719
2412,9.335994720458984
2413,10.89024543762207
2414,18.289897918701172
2415,18.491485595703125
2416,12.174354553222656
2417,18.441259384155273
2418,15.067010879516602
2419,14.646946907043457
2420,18.766334533691406
2421,20.676437377929688
2422,16.863428115844727
2423,16.013866424560547
2424,11.107036590576172
2425,11.979933738708496
2426,14.172344207763672
2427,14.543135643005371
2428,7.436086177825928
2429,5.621799468994141
2430,7.923351764678955
2431,12.598554611206055
2432,9.736353874206543
2433,14.586709976196289
2434,16.440311431884766
2435,15.083474159240723
2436,19.464679718017578
2437,17.77696990966797
2438,20.19585418701172
2439,17.382551193237305
2440,20.635679244995117
2441,17.774919509887695
2442,13.038734436035156
2443,12.715699195861816
2444,14.871200561523438
2445,17.485328674316406
2446,21.29276466369629
2447,16.73767852783203
2448,13.60843276977539
2449,15.488838195800781
2450,20.63592529296875
2451,19.79012107849121
2452,14.951449394226074
2453,26.60877227783203
2454,19.413469314575195
2455,16.804349899291992
2456,18.34031105041504
2457,14.962533950805664
2458,19.352237701416016
2459,16.67484474182129
2460,26.331453323364258
2461,28.422487258911133
2462,25.3099365234375
2463,15.63467025756836
2464,16.730669021606445
2465,14.362762451171875
2466,11.62853717803955
2467,15.827890396118164
2468,15.563651084899902
2469,15.748897552490234
2470,15.882147789001465
2471,20.952106475830078
2472,18.563011169433594
2473,10.743499755859375
2474,16.584228515625
2475,13.91540241241455
2476,15.074909210205078
2477,15.318288803100586
2478,18.258747100830078
2479,12.154268264770508
2480,16.382091522216797
2481,13.291206359863281
2482,13.930137634277344
2483,17.36667823791504
2484,13.299491882324219
2485,17.13065528869629
2486,14.105109214782715
2487,13.494229316711426
2488,15.596105575561523
2489,16.61852264404297
2490,10.32140827178955
2491,8.303902626037598
2492,7.990462303161621
2493,13.184422492980957
2494,10.645577430725098
2495,10.550691604614258
2496,12.477270126342773
2497,15.177517890930176
2498,12.186529159545898
2499,15.771878242492676
2500,18.69980239868164
2501,14.02665901184082
2502,12.424080848693848
2503,14.117241859436035
2504,15.83371639251709
2505,14.779427528381348
2506,13.049792289733887
2507,14.604509353637695
2508,14.067078590393066
2509,11.671899795532227
2510,13.971467971801758
2511,19.428176879882812
2512,13.016597747802734
2513,15.077184677124023
2514,16.19028663635254
2515,16.262081146240234
2516,15.862923622131348
2517,13.241323471069336
2518,19.79261016845703
2519,13.332767486572266
2520,15.653858184814453
2521,21.534332275390625
2522,21.022077560424805
2523,22.127197265625
2524,15.656200408935547
2525,14.798498153686523
2526,19.9403018951416
2527,23.875411987304688
2528,27.051237106323242
2529,16.719240188598633
2530,18.553646087646484
2531,20.255430221557617
2532,17.83658790588379
2533,15.032061576843262
2534,16.653688430786133
2535,15.611068725585938
2536,14.870492935180664
2537,17.34113311767578
2538,15.265090942382812
2539,13.81361198425293
2540,12.68714427947998
2541,19.850162506103516
2542,14.291699409484863
2543,13.238077163696289
2544,13.790778160095215
2545,13.618834495544434
2546,11.883882522583008
2547,6.483335018157959
2548,8.093610763549805
2549,6.79779052734375
2550,13.18668270111084
2551,13.972253799438477
2552,14.142561912536621
2553,14.172818183898926
2554,13.082942008972168
2555,17.838491439819336
2556,12.909263610839844
2557,8.804986000061035
2558,9.117042541503906
2559,8.880029678344727
2560,17.802335739135742
2561,10.600112915039062
2562,15.241010665893555
2563,18.870887756347656
2564,27.924516677856445
2565,12.591754913330078
2566,19.38360595703125
2567,22.03789710998535
2568,22.114137649536133
2569,16.564287185668945
2570,18.224885940551758
2571,14.776046752929688
2572,18.221223831176758
2573,11.613375663757324
2574,8.320523262023926
2575,10.17304515838623
2576,7.896528244018555
2577,16.508790969848633
2578,7.60679817199707
2579,11.311426162719727
2580,8.700027465820312
2581,12.269134521484375
2582,15.980569839477539
2583,12.362481117248535
2584,16.527637481689453
2585,18.85248374938965
2586,11.431476593017578
2587,18.198078155517578
2588,16.558778762817383
2589,21.424917221069336
2590,17.895458221435547
2591,18.204635620117188
2592,19.58328628540039
2593,17.599496841430664
2594,15.111579895019531
2595,9.582503318786621
2596,13.636250495910645
2597,11.64497184753418
2598,15.579692840576172
2599,21.241493225097656
2600,22.352397918701172
2601,13.480066299438477
2602,20.57124900817871
2603,16.75804328918457
2604,20.32118797302246
2605,15.416098594665527
2606,23.997116088867188
2607,22.411684036254883
2608,15.278997421264648
2609,12.396987915039062
2610,15.96347427368164
2611,18.768310546875
2612,12.615039825439453
2613,17.428560256958008
2614,16.052757263183594
2615,11.537007331848145
2616,15.768506050109863
2617,19.64558982849121
2618,19.907102584838867
2619,18.06083106994629
2620,17.234567642211914
2621,16.43886947631836
2622,13.173548698425293
2623,15.68128490447998
2624,13.504841804504395
2625,15.176560401916504
2626,16.111629486083984
2627,16.128419876098633
2628,17.444957733154297
2629,13.533586502075195
2630,11.261734008789062
2631,20.95395278930664
2632,19.160179138183594
2633,13.226207733154297
2634,8.345757484436035
2635,8.560737609863281
2636,9.523364067077637
2637,12.198396682739258
2638,13.308794975280762
2639,10.110196113586426
2640,12.21996784210205
2641,16.096660614013672
2642,15.548294067382812
2643,19.38973617553711
2644,16.56048583984375
2645,16.256799697875977
2646,16.728395462036133
2647,14.097028732299805
2648,16.02204704284668
2649,15.485746383666992
2650,6.055699825286865
2651,8.593314170837402
2652,9.616436004638672
2653,8.225255966186523
2654,11.11863899230957
2655,10.509575843811035
2656,15.734521865844727
2657,12.749710083007812
2658,11.23834228515625
2659,11.71076774597168
2660,11.216902732849121
2661,15.891664505004883
2662,21.141298294067383
2663,25.450668334960938
2664,16.731853485107422
2665,11.727750778198242
2666,9.628403663635254
2667,15.18885612487793
2668,13.845717430114746
2669,14.580011367797852
2670,9.997572898864746
2671,8.292717933654785
2672,10.026094436645508
2673,13.148502349853516
2674,11.19495677947998
2675,25.75275230407715
2676,24.506174087524414
2677,22.13776206970215
2678,22.031818389892578
2679,20.131114959716797
2680,25.510665893554688
2681,25.27096176147461
2682,14.101911544799805
2683,18.55213737487793
2684,16.42684555053711
2685,22.46010398864746
2686,15.206619262695312
2687,15.729584693908691
2688,11.4259672164917
2689,8.692797660827637
2690,13.454617500305176
2691,11.179242134094238
2692,7.905503273010254
2693,19.672359466552734
2694,18.53528594970703
2695,20.0303955078125
2696,21.344757080078125
2697,23.286191940307617
2698,16.605680465698242
2699,10.81986141204834
2700,17.91619873046875
2701,14.086333274841309
2702,28.927392959594727
2703,18.209272384643555
2704,16.128637313842773
2705,20.044240951538086
2706,21.88676643371582
2707,20.530513763427734
2708,22.121580123901367
2709,24.09493064880371
2710,22.465898513793945
2711,20.3157901763916
2712,22.063810348510742
2713,14.488214492797852
2714,16.150348663330078
2715,14.607396125793457
2716,17.957443237304688
2717,15.523771286010742
2718,8.497335433959961
2719,3.5800466537475586
2720,6.326052188873291
2721,14.70625114440918
2722,12.27348518371582
2723,16.360132217407227
2724,13.890339851379395
2725,17.528470993041992
2726,15.856164932250977
2727,15.236763954162598
2728,17.556081771850586
2729,14.478034019470215
2730,14.398710250854492
2731,10.140416145324707
2732,16.684953689575195
2733,12.175942420959473
2734,21.72374725341797
2735,18.091920852661133
2736,14.442865371704102
2737,21.137176513671875
2738,16.30227279663086
2739,15.23404312133789
2740,16.61061668395996
2741,18.253055572509766
2742,13.33327579498291
2743,9.34658145904541
2744,17.603816986083984
2745,14.240825653076172
2746,9.768844604492188
2747,8.093179702758789
2748,10.926315307617188
2749,17.95769691467285
2750,15.448175430297852
2751,25.621416091918945
2752,19.267139434814453
2753,25.115005493164062
2754,16.813940048217773
2755,27.29269027709961
2756,13.430022239685059
2757,16.421825408935547
2758,12.613850593566895
2759,12.647602081298828
2760,6.796977519989014
2761,7.8061747550964355
2762,9.338820457458496
2763,9.83580207824707
2764,10.538684844970703
2765,12.270527839660645
2766,13.036113739013672
2767,14.346867561340332
2768,13.864542007446289
2769,15.598333358764648
2770,13.88985824584961
2771,13.345962524414062
2772,18.525232315063477
2773,16.643795013427734
2774,14.585442543029785
2775,14.207637786865234
2776,16.97280502319336
2777,15.012663841247559
2778,22.288654327392578
2779,23.60213851928711
2780,20.04552459716797
2781,16.735340118408203
2782,15.199227333068848
2783,20.186899185180664
2784,24.594099044799805
2785,23.58873176574707
2786,19.43189239501953
2787,19.55205726623535
2788,15.658883094787598
2789,13.228750228881836
2790,15.114116668701172
2791,10.854127883911133
2792,14.117524147033691
2793,14.227818489074707
2794,13.05592155456543
2795,13.272868156433105
2796,15.983575820922852
2797,13.532979011535645
2798,20.763723373413086
2799,20.645397186279297
2800,19.34128189086914
2801,24.160743713378906
2802,20.883249282836914
2803,21.578706741333008
2804,17.62799835205078
2805,12.60391616821289
2806,23.632055282592773
2807,16.962480545043945
2808,16.75509262084961
2809,6.059676647186279
2810,6.776737213134766
2811,5.162154197692871
2812,6.173407077789307
2813,5.059104919433594
2814,7.036032676696777
2815,11.687819480895996
2816,16.350427627563477
2817,12.208538055419922
2818,15.318965911865234
2819,14.20589542388916
2820,11.548394203186035
2821,11.301539421081543
2822,11.662134170532227
2823,14.33399772644043
2824,14.171575546264648
2825,11.363582611083984
2826,8.671464920043945
2827,11.408092498779297
2828,12.110198974609375
2829,11.663423538208008
2830,11.125130653381348
2831,15.725674629211426
2832,17.63230323791504
2833,15.313600540161133
2834,12.934334754943848
2835,12.894089698791504
2836,13.46725845336914
2837,12.796555519104004
2838,10.175755500793457
2839,11.356844902038574
2840,8.424263000488281
2841,9.498819351196289
2842,8.999156951904297
2843,10.056554794311523
2844,10.794085502624512
2845,19.77848243713379
2846,16.670787811279297
2847,13.294580459594727
2848,16.311363220214844
2849,14.537254333496094
2850,17.83896255493164
2851,20.756196975708008
2852,18.406784057617188
2853,25.31874656677246
2854,13.650772094726562
2855,22.032224655151367
2856,23.473623275756836
2857,16.702590942382812
2858,19.457386016845703
2859,20.54373550415039
2860,14.96484088897705
2861,18.385395050048828
2862,18.926692962646484
2863,18.415132522583008
2864,13.273994445800781
2865,14.394816398620605
2866,16.78285789489746
2867,16.12883186340332
2868,10.570332527160645
2869,10.937945365905762
2870,15.815973281860352
2871,14.867003440856934
2872,13.20241641998291
2873,16.38936424255371
2874,11.658735275268555
2875,13.949881553649902
2876,14.914307594299316
2877,16.512508392333984
2878,23.731815338134766
2879,17.705093383789062
2880,19.90843963623047
2881,21.516983032226562
2882,15.025177955627441
2883,13.73481273651123
2884,13.845903396606445
2885,11.694746017456055
2886,14.059063911437988
2887,14.585049629211426
2888,18.436870574951172
2889,18.2587890625
2890,15.592976570129395
2891,15.354737281799316
2892,19.409940719604492
2893,31.60664939880371
2894,34.8701057434082
2895,23.965694427490234
2896,22.689451217651367
2897,21.771142959594727
2898,21.8381404876709
2899,30.901676177978516
2900,18.913196563720703
2901,17.730209350585938
2902,16.022680282592773
2903,13.664363861083984
2904,12.934157371520996
2905,20.741785049438477
2906,14.16290283203125
2907,13.163921356201172
2908,16.966108322143555
2909,12.354705810546875
2910,15.055746078491211
2911,13.094683647155762
2912,18.167057037353516
2913,14.874276161193848
2914,13.52662181854248
2915,11.584912300109863
2916,11.531230926513672
2917,11.670609474182129
2918,9.229875564575195
2919,11.062196731567383
2920,9.950889587402344
2921,14.891435623168945
2922,15.69074535369873
2923,17.921113967895508
2924,11.833900451660156
2925,14.46159553527832
2926,16.611196517944336
2927,15.62144947052002
2928,11.580681800842285
2929,11.347302436828613
2930,9.636049270629883
2931,8.072169303894043
2932,7.829488277435303
2933,8.282835006713867
2934,8.898019790649414
2935,8.891546249389648
2936,5.802273273468018
2937,10.248824119567871
2938,10.285717964172363
2939,11.866508483886719
2940,10.21277904510498
2941,7.7534499168396
2942,7.773230075836182
2943,9.6851167678833
2944,10.862716674804688
2945,13.503875732421875
2946,10.271270751953125
2947,14.172575950622559
2948,12.2090482711792
2949,6.7827606201171875
2950,12.197714805603027
2951,11.374905586242676
2952,15.646605491638184
2953,12.761007308959961
2954,8.803923606872559
2955,15.831478118896484
2956,12.72120475769043
2957,10.220556259155273
2958,10.216304779052734
2959,13.179709434509277
2960,11.191682815551758
2961,8.661171913146973
2962,9.574258804321289
2963,11.474854469299316
2964,10.334599494934082
2965,6.418561935424805
2966,9.884967803955078
2967,13.227835655212402
2968,14.054469108581543
2969,25.91523551940918
2970,21.92464256286621
2971,19.79585838317871
2972,22.14453125
2973,27.264312744140625
2974,19.626834869384766
2975,30.063987731933594
2976,28.312463760375977
2977,26.362869262695312
2978,21.821252822875977
2979,18.344451904296875
2980,17.888181686401367
2981,14.589566230773926
2982,16.320077896118164
2983,13.76491928100586
2984,16.23259735107422
2985,8.359539985656738
2986,13.20119571685791
2987,19.663244247436523
2988,15.124195098876953
2989,32.00740051269531
2990,24.050878524780273
2991,21.215227127075195
2992,19.679319381713867
2993,26.88593292236328
2994,22.7513370513916
2995,26.648643493652344
2996,24.99641990661621
2997,19.240680694580078
2998,16.62534523010254
2999,12.093718528747559
3000,16.764362335205078
3001,12.58995532989502
3002,18.68520736694336
3003,19.47927474975586
3004,22.60943603515625
3005,20.964588165283203
3006,17.251909255981445
3007,12.550296783447266
3008,13.768007278442383
3009,14.304003715515137
3010,10.189675331115723
3011,16.314964294433594
3012,19.97323989868164
3013,13.495586395263672
3014,15.99252700805664
3015,12.7111177444458
3016,11.003859519958496
3017,17.161666870117188
3018,14.138816833496094
3019,13.904396057128906
3020,13.499773025512695
3021,20.015235900878906
3022,18.75565528869629
3023,32.81461715698242
3024,19.067291259765625
3025,17.8091983795166
3026,17.02938461303711
3027,16.730838775634766
3028,19.280323028564453
3029,23.55489730834961
3030,11.539624214172363
3031,14.154088020324707
3032,16.04853630065918
3033,18.31904411315918
3034,9.327231407165527
3035,7.402093887329102
3036,8.149754524230957
3037,6.780598163604736
3038,11.117209434509277
3039,10.89238452911377
3040,8.391779899597168
3041,4.969196319580078
3042,10.038487434387207
3043,10.402220726013184
3044,9.929718971252441
3045,10.832837104797363
3046,13.738436698913574
3047,18.65029525756836
3048,14.267712593078613
3049,16.67717933654785
3050,11.046904563903809
3051,8.810032844543457
3052,7.742711067199707
3053,5.138798236846924
3054,15.566549301147461
3055,18.526830673217773
3056,17.16849708557129
3057,18.90201759338379
3058,19.473134994506836
3059,19.06657600402832
3060,23.922916412353516
3061,20.85918426513672
3062,25.411664962768555
3063,19.474197387695312
3064,17.05821990966797
3065,16.222972869873047
3066,18.126705169677734
3067,25.017650604248047
3068,17.53270149230957
3069,17.661108016967773
3070,22.609779357910156
3071,20.06517791748047
3072,19.508926391601562
3073,17.508235931396484
3074,20.48771858215332
3075,19.682472229003906
3076,16.055538177490234
3077,18.269672393798828
3078,20.899187088012695
3079,10.086448669433594
3080,15.09775447845459
3081,12.445530891418457
3082,21.419404983520508
3083,17.388042449951172
3084,15.697834968566895
3085,13.129627227783203
3086,16.19089698791504
3087,21.724063873291016
3088,24.550939559936523
3089,26.025808334350586
3090,15.804463386535645
3091,17.290773391723633
3092,11.656769752502441
3093,11.233943939208984
3094,21.642345428466797
3095,10.304858207702637
3096,7.998835563659668
3097,4.755452632904053
3098,8.28054428100586
3099,9.796991348266602
3100,9.011330604553223
3101,16.75977897644043
3102,13.725404739379883
3103,18.731679916381836
3104,22.124263763427734
3105,23.501766204833984
3106,21.589529037475586
3107,25.173301696777344
3108,19.277681350708008
3109,12.432225227355957
3110,15.308979034423828
3111,15.230247497558594
3112,11.517340660095215
3113,9.929661750793457
3114,5.297123432159424
3115,4.672455310821533
3116,5.814505577087402
3117,7.525175094604492
3118,10.010445594787598
3119,17.816423416137695
3120,15.058588981628418
3121,16.401081085205078
3122,17.162803649902344
3123,21.318037033081055
3124,15.774072647094727
3125,15.956693649291992
3126,19.53144645690918
3127,16.376216888427734
3128,15.175932884216309
3129,14.735740661621094
3130,13.37722396850586
3131,7.661678314208984
3132,13.725259780883789
3133,7.213425636291504
3134,8.038691520690918
3135,9.625799179077148
3136,12.910554885864258
3137,15.334532737731934
3138,15.73871898651123
3139,16.673851013183594
3140,20.95481300354004
3141,26.997644424438477
3142,24.390771865844727
3143,22.969959259033203
3144,12.420798301696777
3145,12.943605422973633
3146,11.962132453918457
3147,9.863546371459961
3148,17.853404998779297
3149,17.485902786254883
3150,16.886356353759766
3151,9.286526679992676
3152,17.05854606628418
3153,15.159781455993652
3154,13.438995361328125
3155,12.317028045654297
3156,11.4385347366333
3157,16.369293212890625
3158,23.645116806030273
3159,17.713499069213867
3160,16.091289520263672
3161,12.16092586517334
3162,16.97899627685547
3163,12.323546409606934
3164,19.30147361755371
3165,18.407529830932617
3166,15.879324913024902
3167,16.74396324157715
3168,16.56463623046875
3169,11.722498893737793
3170,11.58552360534668
3171,17.747901916503906
3172,12.288808822631836
3173,20.966209411621094
3174,16.238388061523438
3175,12.079634666442871
3176,11.269902229309082
3177,13.609760284423828
3178,12.228978157043457
3179,13.894886016845703
3180,18.65706443786621
3181,13.924277305603027
3182,14.473649024963379
3183,17.757341384887695
3184,17.78540802001953
3185,22.701080322265625
3186,24.428821563720703
3187,22.849349975585938
3188,23.495601654052734
3189,29.466476440429688
3190,28.78778839111328
3191,22.525400161743164
3192,22.345787048339844
3193,23.011878967285156
3194,24.011728286743164
3195,22.798641204833984
3196,13.00059986114502
3197,16.22624397277832
3198,17.85533905029297
3199,15.874429702758789
3200,17.49674415588379
3201,18.15953254699707
3202,21.524932861328125
3203,18.763267517089844
3204,24.428207397460938
3205,25.995025634765625
3206,25.853622436523438
3207,27.025114059448242
3208,21.039663314819336
3209,15.815445899963379
3210,15.706701278686523
3211,15.85308837890625
3212,12.055988311767578
3213,8.372928619384766
3214,14.945569038391113
3215,13.086607933044434
3216,15.821605682373047
3217,9.702110290527344
3218,15.035221099853516
3219,13.32830810546875
3220,17.696561813354492
3221,16.704618453979492
3222,15.823278427124023
3223,18.726146697998047
3224,18.302270889282227
3225,18.762962341308594
3226,16.175329208374023
3227,21.181995391845703
3228,17.533248901367188
3229,22.700654983520508
3230,15.267580032348633
3231,14.578146934509277
3232,15.15686321258545
3233,9.503432273864746
3234,11.18029499053955
3235,8.486149787902832
3236,11.340948104858398
3237,12.990467071533203
3238,17.32597541809082
3239,12.85314655303955
3240,12.167640686035156
3241,12.370146751403809
3242,12.351970672607422
3243,10.51095199584961
3244,11.54966926574707
3245,14.591957092285156
3246,16.439434051513672
3247,19.695493698120117
3248,14.822380065917969
3249,17.03911590576172
3250,19.83186149597168
3251,17.15182876586914
3252,13.06928539276123
3253,17.376075744628906
3254,9.433109283447266
3255,11.779417991638184
3256,14.99564266204834
3257,20.166179656982422
3258,11.513420104980469
3259,15.753026962280273
3260,10.22458267211914
3261,13.949220657348633
3262,16.0786075592041
3263,14.395174980163574
3264,19.620887756347656
3265,11.317085266113281
3266,13.098615646362305
3267,10.83891773223877
3268,8.289908409118652
3269,5.970954895019531
3270,8.89632797241211
3271,8.241668701171875
3272,6.239583492279053
3273,11.07506275177002
3274,8.473657608032227
3275,7.744046211242676
3276,4.091694355010986
3277,10.077339172363281
3278,14.423322677612305
3279,20.638368606567383
3280,17.370548248291016
3281,21.215232849121094
3282,17.323965072631836
3283,15.727644920349121
3284,13.091008186340332
3285,12.07764720916748
3286,13.36743450164795
3287,13.442683219909668
3288,12.90475845336914
3289,15.151252746582031
3290,17.41251564025879
3291,20.60759925842285
3292,26.282499313354492
3293,10.45039176940918
3294,12.745550155639648
3295,9.100605964660645
3296,15.708348274230957
3297,18.73986053466797
3298,17.540849685668945
3299,17.87081527709961
3300,19.788414001464844
3301,25.270864486694336
3302,19.477415084838867
3303,21.321056365966797
3304,15.157045364379883
3305,17.838848114013672
3306,10.64516544342041
3307,9.633500099182129
3308,13.203834533691406
3309,8.937947273254395
3310,17.63395118713379
3311,18.72807502746582
3312,21.007795333862305
3313,30.95561981201172
3314,34.458587646484375
3315,21.910640716552734
3316,18.200454711914062
3317,18.845739364624023
3318,21.907943725585938
3319,19.546955108642578
3320,9.191584587097168
3321,9.504964828491211
3322,12.25377368927002
3323,10.186341285705566
3324,8.39694595336914
3325,7.826900482177734
3326,11.109289169311523
3327,9.334264755249023
3328,24.967803955078125
3329,22.008686065673828
3330,15.438644409179688
3331,20.72917938232422
3332,16.897869110107422
3333,20.28950309753418
3334,15.219512939453125
3335,19.77819061279297
3336,19.630596160888672
3337,18.319252014160156
3338,11.757766723632812
3339,13.171217918395996
3340,9.954293251037598
3341,14.422598838806152
3342,16.835803985595703
3343,10.888431549072266
3344,20.75446319580078
3345,27.435510635375977
3346,21.843111038208008
3347,19.351543426513672
3348,17.958316802978516
3349,7.955402851104736
3350,7.025191783905029
3351,4.326899528503418
3352,5.102743148803711
3353,6.3556108474731445
3354,5.9905290603637695
3355,9.134387969970703
3356,9.10127067565918
3357,17.32886505126953
3358,15.303182601928711
3359,12.969532012939453
3360,9.979571342468262
3361,16.95594024658203
3362,10.957962989807129
3363,12.192726135253906
3364,9.836265563964844
3365,13.173137664794922
3366,19.49364471435547
3367,20.92176628112793
3368,18.004840850830078
3369,15.297686576843262
3370,19.502166748046875
3371,25.711353302001953
3372,12.847909927368164
3373,9.689263343811035
3374,11.758914947509766
3375,19.82731819152832
3376,17.97954750061035
3377,32.85476303100586
3378,30.879945755004883
3379,40.007896423339844
3380,39.14509582519531
3381,27.860441207885742
3382,30.537992477416992
3383,16.13831329345703
3384,16.916357040405273
3385,20.309890747070312
3386,15.573013305664062
3387,18.308320999145508
3388,20.26824188232422
3389,19.317224502563477
3390,19.415475845336914
3391,18.611160278320312
3392,15.729580879211426
3393,14.550250053405762
3394,21.48448371887207
3395,18.338823318481445
3396,13.384599685668945
3397,11.11322021484375
3398,14.608654975891113
3399,17.03513526916504
3400,20.455659866333008
3401,19.87506675720215
3402,22.77454948425293
3403,17.3304500579834
3404,25.153522491455078
3405,18.81124496459961
3406,40.99456787109375
3407,24.245471954345703
3408,26.47012710571289
3409,21.801292419433594
3410,22.964092254638672
3411,31.578857421875
3412,19.975732803344727
3413,20.967966079711914
3414,17.603477478027344
3415,18.170190811157227
3416,9.033998489379883
3417,11.016372680664062
3418,13.892143249511719
3419,8.467921257019043
3420,13.0107421875
3421,9.103724479675293
3422,13.407944679260254
3423,15.706974029541016
3424,18.763896942138672
3425,14.258240699768066
3426,22.08821678161621
3427,17.686262130737305
3428,14.909358024597168
3429,14.636941909790039
3430,9.695087432861328
3431,12.687386512756348
3432,12.29500675201416
3433,9.434876441955566
3434,14.555411338806152
3435,14.902305603027344
3436,16.810121536254883
3437,15.695991516113281
3438,11.038505554199219
3439,14.059399604797363
3440,8.88171100616455
3441,16.027206420898438
3442,8.292891502380371
3443,10.134611129760742
3444,13.322994232177734
3445,15.359772682189941
3446,15.74132251739502
3447,11.837244987487793
3448,11.465597152709961
3449,10.898356437683105
3450,12.68390941619873
3451,14.139259338378906
3452,15.703471183776855
3453,8.141096115112305
3454,15.325356483459473
3455,16.913410186767578
3456,13.889013290405273
3457,11.214999198913574
3458,11.811042785644531
3459,12.309306144714355
3460,13.394657135009766
3461,14.98881721496582
3462,17.87442398071289
3463,11.771069526672363
3464,17.3378963470459
3465,16.771329879760742
3466,19.120037078857422
3467,20.64678955078125
3468,22.2054443359375
3469,17.252368927001953
3470,18.001861572265625
3471,19.78863525390625
3472,8.563763618469238
3473,6.741004467010498
3474,13.662150382995605
3475,14.601208686828613
3476,6.912961483001709
3477,11.568655014038086
3478,9.752301216125488
3479,8.24597454071045
3480,10.314839363098145
3481,19.279529571533203
3482,14.843722343444824
3483,16.083480834960938
3484,23.59529685974121
3485,20.405025482177734
3486,13.849529266357422
3487,26.102815628051758
3488,26.682649612426758
3489,26.576162338256836
3490,11.680150032043457
3491,12.377037048339844
3492,5.47820520401001
3493,7.842678070068359
3494,7.941581726074219
3495,8.591927528381348
3496,12.054558753967285
3497,18.610031127929688
3498,18.171249389648438
3499,22.64210319519043
3500,15.06233024597168
3501,19.471067428588867
3502,14.72951889038086
3503,21.648012161254883
3504,13.621329307556152
3505,20.475400924682617
3506,12.837478637695312
3507,13.162240028381348
3508,13.417473793029785
3509,10.00384521484375
3510,12.051937103271484
3511,13.329119682312012
3512,15.620002746582031
3513,13.844911575317383
3514,13.486913681030273
3515,19.324283599853516
3516,22.30077362060547
3517,21.669281005859375
3518,25.146547317504883
3519,23.807735443115234
3520,23.1379337310791
3521,15.071825981140137
3522,18.87018585205078
3523,15.898699760437012
3524,13.883872985839844
3525,17.81727409362793
3526,14.457757949829102
3527,15.77352523803711
3528,23.7366943359375
3529,25.231948852539062
3530,22.382858276367188
3531,24.015113830566406
3532,19.76102638244629
3533,25.13562774658203
3534,17.712451934814453
3535,18.42502784729004
3536,18.471210479736328
3537,11.930496215820312
3538,14.536388397216797
3539,16.84665298461914
3540,17.214521408081055
3541,18.5035400390625
3542,10.635029792785645
3543,22.734291076660156
3544,25.788427352905273
3545,30.243213653564453
3546,21.68598175048828
3547,23.84145736694336
3548,22.90478515625
3549,21.032289505004883
3550,13.985394477844238
3551,21.92340660095215
3552,17.827198028564453
3553,22.7037410736084
3554,25.956151962280273
3555,17.77016258239746
3556,20.47665786743164
3557,21.560565948486328
3558,9.817753791809082
3559,12.798487663269043
3560,12.014937400817871
3561,19.330379486083984
3562,16.98342514038086
3563,15.828320503234863
3564,14.68380069732666
3565,11.566725730895996
3566,11.960232734680176
3567,7.844982147216797
3568,10.744722366333008
3569,5.875085830688477
3570,7.483945846557617
3571,7.90988826751709
3572,21.21845054626465
3573,14.330730438232422
3574,13.460464477539062
3575,32.196022033691406
3576,27.6557559967041
3577,44.778690338134766
3578,36.60367202758789
3579,28.0477352142334
3580,29.188289642333984
3581,31.418720245361328
3582,26.984756469726562
3583,27.498674392700195
3584,19.3510799407959
3585,19.108760833740234
3586,16.65938377380371
3587,12.58056926727295
3588,18.095582962036133
3589,15.164387702941895
3590,11.754714965820312
3591,16.52199935913086
3592,10.902728080749512
3593,9.348444938659668
3594,9.51685905456543
3595,10.952110290527344
3596,6.252555847167969
3597,7.848429203033447
3598,6.397651195526123
3599,9.167669296264648
3600,7.708929538726807
3601,5.25148344039917
3602,7.5987749099731445
3603,9.087760925292969
3604,11.986096382141113
3605,10.618833541870117
3606,15.340167045593262
3607,16.385112762451172
3608,14.357895851135254
3609,17.796037673950195
3610,18.484025955200195
3611,14.351774215698242
3612,11.052849769592285
3613,17.23154067993164
3614,15.370699882507324
3615,15.043710708618164
3616,11.62989616394043
3617,16.374553680419922
3618,16.811508178710938
3619,18.156858444213867
3620,19.194713592529297
3621,20.572364807128906
3622,21.614097595214844
3623,17.66002082824707
3624,12.42026138305664
3625,26.629837036132812
3626,31.390430450439453
3627,24.188493728637695
3628,24.334569931030273
3629,17.424503326416016
3630,12.92509937286377
3631,13.57677936553955
3632,8.521047592163086
3633,11.160820007324219
3634,10.759028434753418
3635,10.39096450805664
3636,23.153934478759766
3637,20.96761703491211
3638,17.4554386138916
3639,14.901477813720703
3640,15.713748931884766
3641,15.206182479858398
3642,11.586302757263184
3643,10.488194465637207
3644,10.6202974319458
3645,10.913823127746582
3646,10.167573928833008
3647,15.025099754333496
3648,13.193227767944336
3649,17.97870445251465
3650,19.381839752197266
3651,21.674028396606445
3652,32.09740447998047
3653,27.72426414489746
3654,31.0023250579834
3655,18.839340209960938
3656,27.12636947631836
3657,15.064602851867676
3658,11.58442211151123
3659,10.470147132873535
3660,9.486145973205566
3661,10.246268272399902
3662,5.326415538787842
3663,11.896500587463379
3664,7.238327980041504
3665,11.585427284240723
3666,10.966803550720215
3667,11.752215385437012
3668,11.8983736038208
3669,13.791426658630371
3670,17.727624893188477
3671,13.08745288848877
3672,16.74305534362793
3673,14.843344688415527
3674,15.043039321899414
3675,12.140204429626465
3676,7.214546203613281
3677,11.998104095458984
3678,18.961271286010742
3679,9.526330947875977
3680,12.438316345214844
3681,11.267958641052246
3682,16.07672119140625
3683,18.535968780517578
3684,17.306331634521484
3685,14.542655944824219
3686,22.421104431152344
3687,16.408231735229492
3688,16.045166015625
3689,14.274056434631348
3690,19.649059295654297
3691,6.922423362731934
3692,8.194843292236328
3693,6.951570987701416
3694,5.379188537597656
3695,7.693672180175781
3696,13.373592376708984
3697,15.65292739868164
3698,16.548664093017578
3699,17.895898818969727
3700,26.111970901489258
3701,25.758249282836914
3702,24.21866798400879
3703,31.535907745361328
3704,27.812837600708008
3705,25.56804656982422
3706,32.91780090332031
3707,26.139455795288086
3708,19.01922035217285
3709,19.91952133178711
3710,14.249348640441895
3711,18.997404098510742
3712,13.17906379699707
3713,15.308213233947754
3714,12.869255065917969
3715,10.052671432495117
3716,9.6512451171875
3717,12.558669090270996
3718,14.529394149780273
3719,13.114858627319336
3720,15.553991317749023
3721,7.216771125793457
3722,5.962545871734619
3723,6.2333269119262695
3724,9.079936027526855
3725,13.711602210998535
3726,16.56793975830078
3727,19.445234298706055
3728,14.534180641174316
3729,15.973167419433594
3730,13.407559394836426
3731,9.369308471679688
3732,8.79492473602295
3733,7.8633599281311035
3734,11.043334007263184
3735,13.777359962463379
3736,10.42060375213623
3737,8.340709686279297
3738,10.0375394821167
3739,13.306964874267578
3740,16.61297035217285
3741,14.235417366027832
3742,14.794801712036133
3743,16.9845027923584
3744,10.59420108795166
3745,9.267812728881836
3746,13.099903106689453
3747,11.545114517211914
3748,14.928903579711914
3749,15.50367259979248
3750,11.252922058105469
3751,13.487191200256348
3752,19.44327735900879
3753,25.56648063659668
3754,23.139240264892578
3755,20.540691375732422
3756,12.78250789642334
3757,20.840532302856445
3758,12.46511459350586
3759,25.517824172973633
3760,24.465923309326172
3761,24.849088668823242
3762,31.79924964904785
3763,17.89250946044922
3764,19.043212890625
3765,16.66177749633789
3766,14.629711151123047
3767,15.671765327453613
3768,18.8319034576416
3769,20.760055541992188
3770,8.599675178527832
3771,14.783280372619629
3772,11.862852096557617
3773,16.340932846069336
3774,14.010384559631348
3775,15.72641372680664
3776,15.11196231842041
3777,14.56796646118164
3778,13.639460563659668
3779,14.01546573638916
3780,12.919565200805664
3781,16.033599853515625
3782,17.688087463378906
3783,16.597705841064453
3784,17.637357711791992
3785,14.81369686126709
3786,18.68017578125
3787,18.838525772094727
3788,12.438841819763184
3789,13.40815258026123
3790,10.366656303405762
3791,16.852075576782227
3792,27.932281494140625
3793,19.846494674682617
3794,23.089628219604492
3795,14.072404861450195
3796,16.343610763549805
3797,18.307146072387695
3798,14.121428489685059
3799,15.09119701385498
3800,11.999163627624512
3801,15.923420906066895
3802,21.3166446685791
3803,23.01083755493164
3804,19.036542892456055
3805,17.0297794342041
3806,16.270519256591797
3807,18.305795669555664
3808,18.260709762573242
3809,11.822423934936523
3810,11.95244312286377
3811,10.523639678955078
3812,11.963980674743652
3813,12.522561073303223
3814,16.377927780151367
3815,20.185537338256836
3816,17.530908584594727
3817,27.224119186401367
3818,12.626117706298828
3819,15.562477111816406
3820,17.45628547668457
3821,8.20704174041748
3822,14.703880310058594
3823,14.22082805633545
3824,14.763525009155273
3825,8.576107025146484
3826,12.198630332946777
3827,15.591029167175293
3828,13.414114952087402
3829,16.396879196166992
3830,16.055408477783203
3831,13.203116416931152
3832,15.526348114013672
3833,20.590913772583008
3834,18.7271671295166
3835,17.133493423461914
3836,15.476426124572754
3837,15.918179512023926
3838,11.471330642700195
3839,11.76357650756836
3840,8.017739295959473
3841,15.903425216674805
3842,7.072406768798828
3843,7.136718273162842
3844,8.43303108215332
3845,11.695120811462402
3846,12.133417129516602
3847,13.296613693237305
3848,14.763714790344238
3849,14.868263244628906
3850,18.685848236083984
3851,19.47725486755371
3852,13.960222244262695
3853,12.207465171813965
3854,14.41778564453125
3855,11.79646110534668
3856,13.575157165527344
3857,9.085721015930176
3858,7.111972808837891
3859,6.345512390136719
3860,8.758586883544922
3861,6.673228740692139
3862,9.051844596862793
3863,6.4673542976379395
3864,8.541974067687988
3865,11.108024597167969
3866,12.825892448425293
3867,17.75242805480957
3868,16.246213912963867
3869,25.539512634277344
3870,22.297128677368164
3871,15.500629425048828
3872,11.667535781860352
3873,12.44500732421875
3874,12.586305618286133
3875,10.5072660446167
3876,3.9164302349090576
3877,6.503812313079834
3878,14.65462589263916
3879,14.470426559448242
3880,25.410741806030273
3881,15.346552848815918
3882,15.866962432861328
3883,16.45908546447754
3884,15.774469375610352
3885,14.208333969116211
3886,16.162094116210938
3887,16.78538703918457
3888,16.888980865478516
3889,15.428703308105469
3890,13.642228126525879
3891,14.954444885253906
3892,13.035004615783691
3893,11.441139221191406
3894,6.366830825805664
3895,11.002803802490234
3896,11.00241470336914
3897,11.154084205627441
3898,12.997390747070312
3899,18.415550231933594
3900,13.32923698425293
3901,12.470942497253418
3902,19.889392852783203
3903,16.43766212463379
3904,16.36557388305664
3905,11.5790433883667
3906,10.58552074432373
3907,17.4443359375
3908,12.463255882263184
3909,18.28534698486328
3910,20.52871322631836
3911,19.367082595825195
3912,19.230058670043945
3913,15.269306182861328
3914,17.541128158569336
3915,10.82230281829834
3916,8.92695140838623
3917,7.673093795776367
3918,9.56031322479248
3919,10.665839195251465
3920,12.16784381866455
3921,14.763861656188965
3922,19.61565589904785
3923,15.514081001281738
3924,16.682493209838867
3925,13.11875057220459
3926,14.947942733764648
3927,13.64831256866455
3928,20.079566955566406
3929,12.151243209838867
3930,17.806943893432617
3931,16.015974044799805
3932,17.055274963378906
3933,11.670587539672852
3934,23.881349563598633
3935,21.097257614135742
3936,18.26542854309082
3937,16.295015335083008
3938,20.516223907470703
3939,17.56451988220215
3940,24.537229537963867
3941,26.908130645751953
3942,19.18364715576172
3943,18.26599884033203
3944,16.785640716552734
3945,17.884891510009766
3946,11.217318534851074
3947,14.943016052246094
3948,11.687548637390137
3949,8.746347427368164
3950,8.628167152404785
3951,10.081453323364258
3952,4.828221797943115
3953,5.280906677246094
3954,5.214001178741455
3955,3.75514817237854
3956,5.787484645843506
3957,7.527307033538818
3958,6.598698139190674
3959,7.5493998527526855
3960,8.325023651123047
3961,7.523833751678467
3962,15.358363151550293
3963,30.433374404907227
3964,21.36869239807129
3965,15.369293212890625
3966,13.566791534423828
3967,18.890920639038086
3968,14.56988525390625
3969,7.6580281257629395
3970,10.985526084899902
3971,9.53240966796875
3972,6.026463508605957
3973,15.647444725036621
3974,10.920426368713379
3975,8.694494247436523
3976,11.95879077911377
3977,11.186382293701172
3978,7.4891815185546875
3979,10.551393508911133
3980,9.710186004638672
3981,11.153573036193848
3982,13.184301376342773
3983,12.599425315856934
3984,13.398059844970703
3985,19.664709091186523
3986,17.666566848754883
3987,12.537091255187988
3988,17.473657608032227
3989,10.718234062194824
3990,13.891870498657227
3991,16.574317932128906
3992,14.798287391662598
3993,17.045806884765625
3994,10.077006340026855
3995,10.633927345275879
3996,12.644631385803223
3997,18.50114631652832
3998,17.519939422607422
3999,23.37980842590332
4000,29.418100357055664
4001,23.615495681762695
4002,18.75189971923828
4003,15.861159324645996
4004,24.73503875732422
4005,23.060503005981445
4006,15.119766235351562
4007,16.09099006652832
4008,22.15876579284668
4009,28.399499893188477
4010,22.546659469604492
4011,23.684831619262695
4012,19.357553482055664
4013,20.208702087402344
4014,16.81574249267578
4015,20.777097702026367
4016,15.268621444702148
4017,18.78582191467285
4018,19.611446380615234
4019,16.042943954467773
4020,16.003494262695312
4021,13.591154098510742
4022,13.733780860900879
4023,12.646459579467773
4024,12.154190063476562
4025,16.643651962280273
4026,17.034208297729492
4027,12.958756446838379
4028,11.802009582519531
4029,12.400172233581543
4030,13.68862247467041
4031,8.539427757263184
4032,7.817462921142578
4033,12.62195110321045
4034,12.529556274414062
4035,9.427694320678711
4036,16.91189193725586
4037,16.496994018554688
4038,28.449295043945312
4039,17.58540153503418
4040,19.417320251464844
4041,15.332036972045898
4042,16.94369888305664
4043,20.889005661010742
4044,16.840229034423828
4045,13.565765380859375
4046,12.603641510009766
4047,15.49477767944336
4048,12.148736000061035
4049,7.434127330780029
4050,7.231344223022461
4051,8.208430290222168
4052,3.697235345840454
4053,5.720237731933594
4054,9.47777271270752
4055,8.603165626525879
4056,12.837740898132324
4057,15.313617706298828
4058,16.859159469604492
4059,16.952655792236328
4060,20.89431381225586
4061,21.52345085144043
4062,23.81536102294922
4063,14.862935066223145
4064,11.15598201751709
4065,11.479636192321777
4066,8.957714080810547
4067,6.86841344833374
4068,5.8935136795043945
4069,12.97165298461914
4070,11.228362083435059
4071,7.7556915283203125
4072,8.708582878112793
4073,14.308257102966309
4074,14.277031898498535
4075,19.401512145996094
4076,13.528868675231934
4077,17.81618881225586
4078,12.854822158813477
4079,12.229284286499023
4080,13.744661331176758
4081,14.849194526672363
4082,10.998013496398926
4083,9.47239875793457
4084,10.787854194641113
4085,6.219753742218018
4086,10.541497230529785
4087,9.121662139892578
4088,12.005414962768555
4089,11.231313705444336
4090,12.738018035888672
4091,20.230138778686523
4092,18.216655731201172
4093,16.920719146728516
4094,24.323225021362305
4095,17.35453987121582
4096,22.763700485229492
4097,17.875886917114258
4098,20.219205856323242
4099,13.350990295410156
4100,9.322234153747559
4101,12.905058860778809
4102,13.489563941955566
4103,10.416274070739746
4104,11.511054039001465
4105,10.168231010437012
4106,13.733861923217773
4107,21.269424438476562
4108,12.46121597290039
4109,14.778987884521484
4110,11.681228637695312
4111,19.033668518066406
4112,16.535663604736328
4113,14.444123268127441
4114,12.873675346374512
4115,14.054508209228516
4116,13.349519729614258
4117,12.487323760986328
4118,7.487660884857178
4119,15.926907539367676
4120,15.058145523071289
4121,15.167336463928223
4122,13.876952171325684
4123,22.670927047729492
4124,21.512113571166992
4125,12.792372703552246
4126,18.00428009033203
4127,16.275291442871094
4128,14.342657089233398
4129,10.52782917022705
4130,13.696044921875
4131,13.584177017211914
4132,18.57453155517578
4133,17.579294204711914
4134,12.167492866516113
4135,12.061102867126465
4136,9.976529121398926
4137,19.41009521484375
4138,18.498441696166992
4139,16.251157760620117
4140,17.3651065826416
4141,12.676730155944824
4142,8.600874900817871
4143,8.712579727172852
4144,12.88602066040039
4145,11.858503341674805
4146,10.089073181152344
4147,7.074535369873047
4148,10.328640937805176
4149,10.689491271972656
4150,9.956016540527344
4151,7.113842487335205
4152,11.865498542785645
4153,12.479912757873535
4154,13.336588859558105
4155,12.337021827697754
4156,14.517894744873047
4157,17.892316818237305
4158,11.57671070098877
4159,11.183887481689453
4160,12.383498191833496
4161,16.663665771484375
4162,15.381539344787598
4163,12.732690811157227
4164,12.636377334594727
4165,17.234636306762695
4166,16.962635040283203
4167,15.1310453414917
4168,16.958324432373047
4169,18.873428344726562
4170,13.674898147583008
4171,13.508302688598633
4172,13.075739860534668
4173,7.792631149291992
4174,13.540641784667969
4175,9.452449798583984
4176,7.959018707275391
4177,11.5680570602417
4178,14.412670135498047
4179,17.31814193725586
4180,16.139039993286133
4181,19.448169708251953
4182,14.746898651123047
4183,14.33264446258545
4184,12.250575065612793
4185,12.844432830810547
4186,13.681302070617676
4187,10.357272148132324
4188,8.803607940673828
4189,10.439386367797852
4190,11.37039852142334
4191,13.672042846679688
4192,14.760478973388672
4193,14.678964614868164
4194,22.588315963745117
4195,16.856346130371094
4196,17.160037994384766
4197,18.580615997314453
4198,21.186735153198242
4199,15.732955932617188
4200,20.328136444091797
4201,27.624717712402344
4202,20.47555923461914
4203,15.86751651763916
4204,12.258465766906738
4205,9.465534210205078
4206,9.794219017028809
4207,17.91439437866211
4208,20.118610382080078
4209,14.105795860290527
4210,19.357383728027344
4211,19.068872451782227
4212,16.17157554626465
4213,14.754021644592285
4214,19.867481231689453
4215,23.001327514648438
4216,23.65555763244629
4217,23.547861099243164
4218,19.038034439086914
4219,14.836002349853516
4220,19.717453002929688
4221,14.571914672851562
4222,15.703634262084961
4223,9.219953536987305
4224,10.78531551361084
4225,9.317867279052734
4226,6.6977219581604
4227,12.202812194824219
4228,7.772036075592041
4229,9.63237190246582
4230,22.85479736328125
4231,22.03712272644043
4232,15.48004150390625
4233,13.740445137023926
4234,15.576032638549805
4235,6.899203300476074
4236,6.557788372039795
4237,10.521965026855469
4238,14.482044219970703
4239,15.537805557250977
4240,21.399391174316406
4241,20.13916015625
4242,15.654156684875488
4243,18.471660614013672
4244,21.30218505859375
4245,15.492852210998535
4246,16.34001922607422
4247,17.247854232788086
4248,20.1087646484375
4249,16.533658981323242
4250,15.01632308959961
4251,14.560783386230469
4252,15.483776092529297
4253,16.207334518432617
4254,15.196053504943848
4255,20.130075454711914
4256,14.776552200317383
4257,19.362775802612305
4258,22.12580680847168
4259,18.99342155456543
4260,19.5631103515625
4261,23.079410552978516
4262,21.523426055908203
4263,18.65022850036621
4264,17.80333709716797
4265,20.2994327545166
4266,19.066823959350586
4267,19.93514633178711
4268,16.704891204833984
4269,15.192333221435547
4270,12.526301383972168
4271,17.17195701599121
4272,20.37222671508789
4273,16.633819580078125
4274,17.96675682067871
4275,13.851981163024902
4276,12.112231254577637
4277,9.631094932556152
4278,6.318166732788086
4279,6.483973026275635
4280,8.270869255065918
4281,8.905555725097656
4282,14.406624794006348
4283,16.468730926513672
4284,11.051399230957031
4285,15.494278907775879
4286,17.65321159362793
4287,17.44891357421875
4288,20.474164962768555
4289,24.067848205566406
4290,21.092683792114258
4291,17.4486083984375
4292,12.075273513793945
4293,17.246105194091797
4294,12.065613746643066
4295,13.030908584594727
4296,15.231327056884766
4297,9.45080852508545
4298,5.210908889770508
4299,12.44405460357666
4300,9.306612014770508
4301,14.918461799621582
4302,15.754505157470703
4303,20.520370483398438
4304,21.165910720825195
4305,17.775209426879883
4306,13.528648376464844
4307,15.74754810333252
4308,23.002178192138672
4309,21.156137466430664
4310,19.846981048583984
4311,12.738747596740723
4312,9.645730972290039
4313,10.661723136901855
4314,12.181065559387207
4315,7.304617881774902
4316,12.713519096374512
4317,18.94012451171875
4318,11.918071746826172
4319,16.77752685546875
4320,13.249006271362305
4321,19.346538543701172
4322,20.149181365966797
4323,19.48565101623535
4324,20.594146728515625
4325,24.389741897583008
4326,19.251718521118164
4327,18.403562545776367
4328,23.786357879638672
4329,17.677574157714844
4330,19.887834548950195
4331,15.650141716003418
4332,14.774861335754395
4333,8.426237106323242
4334,11.894563674926758
4335,14.32026195526123
4336,21.29447364807129
4337,15.869007110595703
4338,16.200050354003906
4339,23.608919143676758
4340,29.484743118286133
4341,29.495162963867188
4342,22.282054901123047
4343,17.79318618774414
4344,12.75206470489502
4345,10.868975639343262
4346,9.347895622253418
4347,10.927377700805664
4348,7.852702617645264
4349,5.066399574279785
4350,5.093630313873291
4351,4.037397861480713
4352,6.5529937744140625
4353,6.144251346588135
4354,3.0563974380493164
4355,7.603715896606445
4356,7.584531784057617
4357,9.750090599060059
4358,14.314987182617188
4359,8.258545875549316
4360,15.428752899169922
4361,16.68301010131836
4362,20.097728729248047
4363,25.323196411132812
4364,20.151554107666016
4365,15.88016414642334
4366,7.468547821044922
4367,10.805644035339355
4368,14.721951484680176
4369,8.401410102844238
4370,13.432780265808105
4371,11.914656639099121
4372,6.628774166107178
4373,18.706336975097656
4374,17.198623657226562
4375,20.53815460205078
4376,20.362667083740234
4377,19.290145874023438
4378,22.449321746826172
4379,22.557167053222656
4380,16.13438606262207
4381,23.566438674926758
4382,15.401154518127441
4383,14.52987003326416
4384,13.164909362792969
4385,16.33707046508789
4386,14.752501487731934
4387,17.224037170410156
4388,15.233660697937012
4389,18.29608726501465
4390,25.920907974243164
4391,22.40418243408203
4392,21.805932998657227
4393,19.203611373901367
4394,21.40869140625
4395,19.121496200561523
4396,15.310604095458984
4397,23.566709518432617
4398,11.239428520202637
4399,14.021369934082031
4400,14.105677604675293
4401,17.53412628173828
4402,16.82535171508789
4403,22.177350997924805
4404,19.705734252929688
4405,18.946388244628906
4406,28.94699478149414
4407,21.707853317260742
4408,15.27015209197998
4409,19.52615737915039
4410,27.0421085357666
4411,19.256563186645508
4412,14.068402290344238
4413,18.07753562927246
4414,17.475189208984375
4415,15.761341094970703
4416,16.059743881225586
4417,7.255381107330322
4418,10.286578178405762
4419,12.42981243133545
4420,14.472085952758789
4421,25.491878509521484
4422,20.396018981933594
4423,19.047935485839844
4424,23.55486488342285
4425,24.647480010986328
4426,20.671466827392578
4427,21.12242889404297
4428,15.911627769470215
4429,19.696779251098633
4430,21.897756576538086
4431,18.015060424804688
4432,10.455547332763672
4433,6.966165542602539
4434,23.105548858642578
4435,24.365888595581055
4436,26.395456314086914
4437,26.236522674560547
4438,38.22566223144531
4439,17.653095245361328
4440,25.67765998840332
4441,18.415876388549805
4442,18.969579696655273
4443,14.967904090881348
4444,12.258260726928711
4445,16.584827423095703
4446,13.111745834350586
4447,10.390002250671387
4448,12.907927513122559
4449,12.064858436584473
4450,12.82214069366455
4451,13.967426300048828
4452,12.878066062927246
4453,13.794046401977539
4454,19.714759826660156
4455,22.165191650390625
4456,17.788131713867188
4457,16.80655288696289
4458,14.169445037841797
4459,9.447982788085938
4460,17.763046264648438
4461,15.514918327331543
4462,13.386407852172852
4463,6.334800720214844
4464,11.768784523010254
4465,11.860250473022461
4466,14.579903602600098
4467,14.568455696105957
4468,19.863834381103516
4469,21.430503845214844
4470,20.70551872253418
4471,21.68651008605957
4472,11.7611665725708
4473,14.570964813232422
4474,10.76981258392334
4475,10.864327430725098
4476,13.977042198181152
4477,6.635929107666016
4478,8.701516151428223
4479,6.325779914855957
4480,11.316998481750488
4481,6.648990154266357
4482,10.470348358154297
4483,24.298355102539062
4484,19.516624450683594
4485,22.582672119140625
4486,25.328027725219727
4487,32.655860900878906
4488,27.423471450805664
4489,20.438249588012695
4490,18.218008041381836
4491,16.9263916015625
4492,11.161575317382812
4493,11.384048461914062
4494,13.361345291137695
4495,11.410174369812012
4496,11.265534400939941
4497,11.678909301757812
4498,10.481513023376465
4499,10.261251449584961
4500,9.66532039642334
4501,5.331348419189453
4502,12.220878601074219
4503,9.60999870300293
4504,8.719375610351562
4505,5.533743381500244
4506,10.65015983581543
4507,9.346162796020508
4508,12.196676254272461
4509,16.46794319152832
4510,12.2003173828125
4511,12.19079303741455
4512,11.143232345581055
4513,17.641727447509766
4514,15.986102104187012
4515,18.86957359313965
4516,15.075769424438477
4517,13.947419166564941
4518,14.15562629699707
4519,13.809727668762207
4520,20.901968002319336
4521,12.960944175720215
4522,14.546353340148926
4523,15.931326866149902
4524,24.0546875
4525,20.229734420776367
4526,13.945962905883789
4527,15.437699317932129
4528,18.662132263183594
4529,18.313566207885742
4530,26.754472732543945
4531,27.36722755432129
4532,21.682144165039062
4533,16.498106002807617
4534,15.352461814880371
4535,14.030553817749023
4536,16.054885864257812
4537,9.720495223999023
4538,8.83873176574707
4539,12.193438529968262
4540,11.639535903930664
4541,18.4792423248291
4542,17.261680603027344
4543,15.493151664733887
4544,18.048763275146484
4545,12.830076217651367
4546,15.824943542480469
4547,12.166410446166992
4548,13.521269798278809
4549,17.083539962768555
4550,14.622278213500977
4551,7.781333923339844
4552,8.765633583068848
4553,15.84006404876709
4554,12.719877243041992
4555,13.123518943786621
4556,20.33928108215332
4557,16.470745086669922
4558,17.759248733520508
4559,15.251462936401367
4560,17.826213836669922
4561,19.233762741088867
4562,18.974863052368164
4563,18.811237335205078
4564,19.142526626586914
4565,21.063114166259766
4566,15.833327293395996
4567,16.577316284179688
4568,19.65134048461914
4569,14.604982376098633
4570,16.157018661499023
4571,17.993270874023438
4572,16.868606567382812
4573,12.576071739196777
4574,14.131325721740723
4575,18.10878562927246
4576,9.588752746582031
4577,8.964057922363281
4578,14.039264678955078
4579,16.30865478515625
4580,13.473945617675781
4581,9.880776405334473
4582,8.945943832397461
4583,9.597338676452637
4584,6.472713947296143
4585,8.481181144714355
4586,4.705602169036865
4587,11.486604690551758
4588,10.943225860595703
4589,7.329119682312012
4590,5.634393692016602
4591,13.86303424835205
4592,13.049169540405273
4593,13.935075759887695
4594,14.227428436279297
4595,15.814952850341797
4596,12.309205055236816
4597,14.717458724975586
4598,9.432014465332031
4599,9.33454418182373
4600,13.37886905670166
4601,10.483238220214844
4602,10.694433212280273
4603,16.60519790649414
4604,12.488606452941895
4605,15.158475875854492
4606,14.84459114074707
4607,19.961732864379883
4608,15.230217933654785
4609,9.371541976928711
4610,13.894279479980469
4611,14.323307037353516
4612,10.127249717712402
4613,13.200900077819824
4614,10.984835624694824
4615,17.37080955505371
4616,13.447656631469727
4617,13.0059232711792
4618,18.512535095214844
4619,26.318485260009766
4620,29.2336368560791
4621,26.839794158935547
4622,33.40896224975586
4623,29.785799026489258
4624,15.636502265930176
4625,29.542770385742188
4626,29.75220489501953
4627,43.2412223815918
4628,32.86124801635742
4629,31.050893783569336
4630,25.38446807861328
4631,25.654481887817383
4632,26.791372299194336
4633,33.33100128173828
4634,27.46493911743164
4635,26.391510009765625
4636,32.73090744018555
4637,19.531639099121094
4638,19.493938446044922
4639,14.069650650024414
4640,19.79289436340332
4641,20.88532829284668
4642,20.549161911010742
4643,24.69741439819336
4644,24.653024673461914
4645,16.65184783935547
4646,23.314640045166016
4647,30.635656356811523
4648,27.052650451660156
4649,32.69267272949219
4650,27.47770881652832
4651,23.4473934173584
4652,15.481499671936035
4653,14.952786445617676
4654,13.33726978302002
4655,6.879141807556152
4656,5.101192951202393
4657,7.112232208251953
4658,8.578733444213867
4659,14.79064655303955
4660,21.350610733032227
4661,14.755547523498535
4662,26.42483901977539
4663,37.70541763305664
4664,27.68588638305664
4665,25.11945343017578
4666,30.735078811645508
4667,27.312257766723633
4668,19.956632614135742
4669,18.715394973754883
4670,22.778644561767578
4671,22.01614761352539
4672,21.653078079223633
4673,15.705668449401855
4674,16.059385299682617
4675,10.477723121643066
4676,20.14511489868164
4677,15.996094703674316
4678,20.610366821289062
4679,22.35637855529785
4680,17.884721755981445
4681,18.228017807006836
4682,14.162686347961426
4683,8.884439468383789
4684,7.800944805145264
4685,14.744490623474121
4686,5.419381141662598
4687,3.5891337394714355
4688,7.802437782287598
4689,5.392561912536621
4690,8.7952299118042
4691,10.64915657043457
4692,9.664922714233398
4693,9.643951416015625
4694,13.133581161499023
4695,16.043962478637695
4696,17.15321159362793
4697,14.053794860839844
4698,17.319765090942383
4699,9.59970760345459
4700,10.7250394821167
4701,9.830811500549316
4702,8.230672836303711
4703,6.638975620269775
4704,5.856532096862793
4705,9.651822090148926
4706,10.873308181762695
4707,7.885622501373291
4708,11.272833824157715
4709,8.551041603088379
4710,9.429689407348633
4711,18.344650268554688
4712,22.226940155029297
4713,19.46918296813965
4714,17.587392807006836
4715,18.25005340576172
4716,16.576139450073242
4717,12.15848445892334
4718,8.912592887878418
4719,8.23670768737793
4720,8.50139045715332
4721,8.651124954223633
4722,8.504264831542969
4723,13.666780471801758
4724,16.50698471069336
4725,20.01045799255371
4726,20.59049415588379
4727,24.055906295776367
4728,18.18065071105957
4729,24.85562515258789
4730,19.464113235473633
4731,14.309854507446289
4732,13.179535865783691
4733,7.050919055938721
4734,4.892416954040527
4735,7.9184417724609375
4736,11.533798217773438
4737,10.572501182556152
4738,10.0057373046875
4739,15.660242080688477
4740,22.557716369628906
4741,18.79063606262207
4742,22.402774810791016
4743,30.532751083374023
4744,27.22873306274414
4745,22.702924728393555
4746,21.95592498779297
4747,20.71253776550293
4748,17.317564010620117
4749,13.898187637329102
4750,13.171771049499512
4751,13.783041000366211
4752,10.504950523376465
4753,10.995536804199219
4754,11.91820240020752
4755,8.284111976623535
4756,16.509464263916016
4757,14.586343765258789
4758,11.773503303527832
4759,16.235177993774414
4760,15.457615852355957
4761,11.738121032714844
4762,9.201629638671875
4763,11.807869911193848
4764,13.702799797058105
4765,12.328131675720215
4766,15.459921836853027
4767,15.617607116699219
4768,19.866397857666016
4769,15.865209579467773
4770,16.90939712524414
4771,24.33294105529785
4772,18.751230239868164
4773,15.01214599609375
4774,17.485206604003906
4775,16.775781631469727
4776,19.594154357910156
4777,12.603724479675293
4778,9.564842224121094
4779,12.182686805725098
4780,17.342559814453125
4781,17.280855178833008
4782,14.683918952941895
4783,12.698662757873535
4784,20.141672134399414
4785,20.676164627075195
4786,33.48269271850586
4787,25.089706420898438
4788,38.43046569824219
4789,35.39974594116211
4790,40.86795425415039
4791,59.73588180541992
4792,29.424707412719727
4793,30.452760696411133
4794,18.34271812438965
4795,9.943435668945312
4796,16.360727310180664
4797,22.530345916748047
4798,31.032470703125
4799,34.175132751464844
4800,32.403099060058594
4801,28.25030517578125
4802,43.71588134765625
4803,48.33381271362305
4804,37.591976165771484
4805,40.507301330566406
4806,39.59636306762695
4807,18.621864318847656
4808,20.238597869873047
4809,12.315117835998535
4810,16.586992263793945
4811,12.530668258666992
4812,10.383407592773438
4813,14.528141021728516
4814,8.976272583007812
4815,11.245330810546875
4816,22.67420768737793
4817,19.018980026245117
4818,17.250478744506836
4819,25.321781158447266
4820,26.884883880615234
4821,23.214984893798828
4822,25.693029403686523
4823,15.493945121765137
4824,18.4792537689209
4825,17.47251319885254
4826,13.236210823059082
4827,6.048323631286621
4828,6.645827770233154
4829,9.038824081420898
4830,6.3893818855285645
4831,6.133224964141846
4832,13.647011756896973
4833,9.20327377319336
4834,13.667593955993652
4835,11.86973762512207
4836,14.123272895812988
4837,15.060601234436035
4838,16.895538330078125
4839,13.783998489379883
4840,12.099513053894043
4841,7.031445503234863
4842,5.261851787567139
4843,7.188032627105713
4844,10.00613784790039
4845,11.538313865661621
4846,10.863415718078613
4847,11.061980247497559
4848,17.343202590942383
4849,15.916547775268555
4850,23.050981521606445
4851,17.05898094177246
4852,35.83039093017578
4853,26.89414405822754
4854,24.566242218017578
4855,25.74666404724121
4856,18.15091896057129
4857,11.833932876586914
4858,13.435511589050293
4859,12.069392204284668
4860,10.85681438446045
4861,15.516862869262695
4862,16.10196876525879
4863,11.75290584564209
4864,10.569766998291016
4865,5.362192630767822
4866,12.27816390991211
4867,7.7801642417907715
4868,7.481786727905273
4869,10.751313209533691
4870,9.188923835754395
4871,8.225648880004883
4872,8.025867462158203
4873,11.256962776184082
4874,16.515413284301758
4875,15.392644882202148
4876,14.874062538146973
4877,13.99798583984375
4878,13.088505744934082
4879,16.279958724975586
4880,15.646241188049316
4881,15.869195938110352
4882,15.07186508178711
4883,19.80341148376465
4884,14.289114952087402
4885,12.455682754516602
4886,15.874720573425293
4887,18.81804847717285
4888,14.669684410095215
4889,17.69207000732422
4890,11.83554744720459
4891,10.996999740600586
4892,12.315265655517578
4893,10.962692260742188
4894,9.956273078918457
4895,14.563189506530762
4896,12.581347465515137
4897,15.287809371948242
4898,11.335014343261719
4899,17.530698776245117
4900,15.953469276428223
4901,15.383121490478516
4902,13.96628189086914
4903,13.483808517456055
4904,8.13233757019043
4905,8.183061599731445
4906,15.428096771240234
4907,11.714683532714844
4908,16.20017433166504
4909,12.982922554016113
4910,14.044861793518066
4911,12.566580772399902
4912,15.00296688079834
4913,21.721981048583984
4914,26.82525062561035
4915,27.447179794311523
4916,21.927806854248047
4917,28.369461059570312
4918,18.803592681884766
4919,26.898775100708008
4920,28.143386840820312
4921,23.22199058532715
4922,20.116044998168945
4923,13.2464017868042
4924,19.924840927124023
4925,27.706867218017578
4926,22.634937286376953
4927,19.18646240234375
4928,15.300212860107422
4929,9.880173683166504
4930,8.718184471130371
4931,12.024898529052734
4932,9.425407409667969
4933,12.084177017211914
4934,13.195355415344238
4935,15.653861999511719
4936,17.88332176208496
4937,20.10154151916504
4938,21.558868408203125
4939,17.044265747070312
4940,15.968750953674316
4941,15.525671005249023
4942,13.11348819732666
4943,12.052042007446289
4944,7.891125202178955
4945,8.931732177734375
4946,9.122153282165527
4947,8.852422714233398
4948,5.420374870300293
4949,9.419665336608887
4950,7.2588725090026855
4951,9.463440895080566
4952,17.082983016967773
4953,13.120585441589355
4954,15.244603157043457
4955,13.816976547241211
4956,8.680317878723145
4957,14.152432441711426
4958,10.542808532714844
4959,6.417485237121582
4960,3.485682487487793
4961,4.417433738708496
4962,5.5867838859558105
4963,5.724644184112549
4964,10.622146606445312
4965,14.697304725646973
4966,13.627102851867676
4967,13.558392524719238
4968,14.884562492370605
4969,18.766754150390625
4970,15.950141906738281
4971,16.740575790405273
4972,17.14985466003418
4973,19.256534576416016
4974,19.77678108215332
4975,18.15243148803711
4976,12.903878211975098
4977,9.176153182983398
4978,10.854019165039062
4979,6.939836025238037
4980,7.649066925048828
4981,13.274741172790527
4982,9.759860038757324
4983,10.577481269836426
4984,11.15644645690918
4985,14.615860939025879
4986,15.532054901123047
4987,20.25278091430664
4988,18.577905654907227
4989,17.962804794311523
4990,10.977240562438965
4991,17.566308975219727
4992,16.903608322143555
4993,16.587806701660156
4994,18.804983139038086
4995,15.821050643920898
4996,10.643101692199707
4997,12.857303619384766
4998,15.121207237243652
4999,13.39216136932373
5000,11.416447639465332
5001,14.640023231506348
5002,16.203866958618164
5003,17.58104705810547
5004,10.26879596710205
5005,15.543649673461914
5006,15.659564971923828
5007,13.59986400604248
5008,9.315993309020996
5009,12.756895065307617
5010,14.747532844543457
5011,12.881443977355957
5012,13.559996604919434
5013,12.452570915222168
5014,20.158090591430664
5015,19.291980743408203
5016,16.7829532623291
5017,14.002786636352539
5018,12.620525360107422
5019,14.548032760620117
5020,14.871148109436035
5021,14.849800109863281
5022,10.2364501953125
5023,13.094265937805176
5024,9.15228271484375
5025,13.581732749938965
5026,9.740580558776855
5027,16.206331253051758
5028,20.92119598388672
5029,12.232872009277344
5030,24.678442001342773
5031,17.195934295654297
5032,16.2678279876709
5033,14.171850204467773
5034,17.367937088012695
5035,15.086349487304688
5036,14.523744583129883
5037,17.211505889892578
5038,9.54622745513916
5039,9.909833908081055
5040,11.768777847290039
5041,10.074477195739746
5042,7.79630184173584
5043,6.896735191345215
5044,11.43722152709961
5045,14.061553955078125
5046,18.512481689453125
5047,15.361980438232422
5048,19.89582061767578
5049,16.3554744720459
5050,17.521316528320312
5051,14.967731475830078
5052,10.855278968811035
5053,8.262917518615723
5054,6.410791873931885
5055,6.29596471786499
5056,12.628544807434082
5057,11.244073867797852
5058,11.995944023132324
5059,12.132808685302734
5060,11.688304901123047
5061,7.956164360046387
5062,16.345470428466797
5063,18.269363403320312
5064,18.522905349731445
5065,7.792603015899658
5066,10.841398239135742
5067,17.13513946533203
5068,15.336289405822754
5069,17.28253173828125
5070,19.740034103393555
5071,17.572935104370117
5072,15.434908866882324
5073,17.354551315307617
5074,13.557775497436523
5075,10.78431510925293
5076,16.215560913085938
5077,15.564179420471191
5078,17.336496353149414
5079,10.887681007385254
5080,15.17915153503418
5081,10.814719200134277
5082,11.394503593444824
5083,8.91133975982666
5084,12.721742630004883
5085,11.988227844238281
5086,13.07430648803711
5087,9.868477821350098
5088,10.723034858703613
5089,10.119850158691406
5090,13.19498348236084
5091,11.525894165039062
5092,15.877029418945312
5093,14.51445484161377
5094,10.551036834716797
5095,8.587109565734863
5096,12.148754119873047
5097,8.70295238494873
5098,7.7087860107421875
5099,5.876495361328125
5100,10.280076026916504
5101,12.035236358642578
5102,13.698565483093262
5103,11.385466575622559
5104,13.614853858947754
5105,18.191516876220703
5106,15.648503303527832
5107,19.736196517944336
5108,21.793725967407227
5109,15.651947021484375
5110,22.302791595458984
5111,23.322664260864258
5112,27.64728546142578
5113,19.417903900146484
5114,16.697824478149414
5115,14.084061622619629
5116,15.910362243652344
5117,14.439340591430664
5118,15.235356330871582
5119,13.386760711669922
5120,14.767685890197754
5121,13.942852020263672
5122,11.03676700592041
5123,12.786709785461426
5124,12.360548973083496
5125,13.324190139770508
5126,19.587968826293945
5127,14.959664344787598
5128,15.114872932434082
5129,15.424392700195312
5130,14.885951042175293
5131,16.894058227539062
5132,19.84287452697754
5133,13.676680564880371
5134,14.836578369140625
5135,17.30978012084961
5136,13.147783279418945
5137,8.336280822753906
5138,7.341506481170654
5139,9.674467086791992
5140,9.0509672164917
5141,14.979310035705566
5142,19.232019424438477
5143,16.309249877929688
5144,16.536436080932617
5145,21.180028915405273
5146,14.579516410827637
5147,17.17770004272461
5148,15.64992618560791
5149,11.62842082977295
5150,6.396378517150879
5151,6.938833713531494
5152,5.405795097351074
5153,4.5377678871154785
5154,4.342432022094727
5155,5.429704189300537
5156,10.11386775970459
5157,6.290124416351318
5158,6.747473239898682
5159,10.648931503295898
5160,16.067781448364258
5161,16.619108200073242
5162,16.2745304107666
5163,15.70368480682373
5164,18.876955032348633
5165,21.26224136352539
5166,22.09074592590332
5167,18.402080535888672
5168,22.413423538208008
5169,13.986885070800781
5170,18.35636329650879
5171,13.8093843460083
5172,10.39246940612793
5173,6.6387858390808105
5174,7.21699333190918
5175,7.169291973114014
5176,8.74840259552002
5177,7.481738567352295
5178,9.981858253479004
5179,9.366752624511719
5180,9.273751258850098
5181,14.452651023864746
5182,15.325190544128418
5183,9.322591781616211
5184,12.696769714355469
5185,13.91858196258545
5186,11.50268840789795
5187,11.634846687316895
5188,12.794321060180664
5189,9.224983215332031
5190,11.662964820861816
5191,10.106483459472656
5192,10.807459831237793
5193,13.265043258666992
5194,13.19053840637207
5195,13.385176658630371
5196,16.731149673461914
5197,17.74414825439453
5198,20.99314308166504
5199,16.076000213623047
5200,17.962505340576172
5201,22.86130142211914
5202,20.354433059692383
5203,14.291688919067383
5204,13.495595932006836
5205,10.400351524353027
5206,11.751158714294434
5207,19.4178524017334
5208,19.11602783203125
5209,9.317485809326172
5210,12.723625183105469
5211,12.072694778442383
5212,14.02679443359375
5213,10.72201156616211
5214,11.37672233581543
5215,15.798253059387207
5216,16.121597290039062
5217,18.54800033569336
5218,19.8310489654541
5219,21.427696228027344
5220,23.972291946411133
5221,17.782777786254883
5222,16.463441848754883
5223,13.040453910827637
5224,8.630386352539062
5225,10.131489753723145
5226,12.59556770324707
5227,11.4664306640625
5228,8.479516983032227
5229,10.980724334716797
5230,13.285304069519043
5231,14.170466423034668
5232,13.242814064025879
5233,12.833168029785156
5234,16.914554595947266
5235,14.787430763244629
5236,15.132246017456055
5237,16.96534538269043
5238,18.760604858398438
5239,15.296961784362793
5240,12.30414867401123
5241,15.966331481933594
5242,15.61963939666748
5243,15.00250244140625
5244,14.157447814941406
5245,17.182247161865234
5246,15.02880573272705
5247,18.5987548828125
5248,17.53668212890625
5249,18.652860641479492
5250,19.39617347717285
5251,16.326719284057617
5252,18.08730697631836
5253,17.94499969482422
5254,16.529449462890625
5255,17.772611618041992
5256,16.19508934020996
5257,8.564336776733398
5258,6.052020072937012
5259,6.760135650634766
5260,9.301490783691406
5261,9.672684669494629
5262,9.770124435424805
5263,14.032584190368652
5264,15.833083152770996
5265,14.019269943237305
5266,12.646411895751953
5267,7.17210054397583
5268,11.367398262023926
5269,7.5357537269592285
5270,10.483247756958008
5271,13.343523979187012
5272,9.607932090759277
5273,16.690902709960938
5274,15.017438888549805
5275,13.492923736572266
5276,14.604711532592773
5277,18.562057495117188
5278,13.660130500793457
5279,18.50066566467285
5280,15.213886260986328
5281,16.592222213745117
5282,19.780384063720703
5283,19.078453063964844
5284,18.68747329711914
5285,12.822571754455566
5286,17.144481658935547
5287,16.46013832092285
5288,11.210986137390137
5289,8.031858444213867
5290,8.607501983642578
5291,9.208511352539062
5292,5.068418502807617
5293,9.109735488891602
5294,9.200353622436523
5295,6.3490705490112305
5296,8.642439842224121
5297,12.026914596557617
5298,13.504015922546387
5299,13.866303443908691
5300,12.010685920715332
5301,19.23345375061035
5302,24.312522888183594
5303,19.826021194458008
5304,21.212209701538086
5305,22.88524627685547
5306,24.093263626098633
5307,16.560909271240234
5308,24.712934494018555
5309,22.91973876953125
5310,25.701229095458984
5311,12.509330749511719
5312,10.712383270263672
5313,12.130352020263672
5314,19.473726272583008
5315,14.448094367980957
5316,12.71380615234375
5317,16.755239486694336
5318,12.334301948547363
5319,14.43712329864502
5320,11.814523696899414
5321,12.18932056427002
5322,12.14904499053955
5323,16.54166603088379
5324,14.095589637756348
5325,15.823887825012207
5326,14.139300346374512
5327,21.14081382751465
5328,13.683338165283203
5329,15.654067993164062
5330,17.647361755371094
5331,13.42281723022461
5332,10.091094017028809
5333,10.567424774169922
5334,9.344736099243164
5335,10.252327919006348
5336,11.12819766998291
5337,12.448040962219238
5338,12.611836433410645
5339,12.293946266174316
5340,12.635568618774414
5341,17.171091079711914
5342,15.63004207611084
5343,18.201034545898438
5344,16.227855682373047
5345,17.78097152709961
5346,7.488440990447998
5347,18.660524368286133
5348,19.860403060913086
5349,17.28887367248535
5350,21.611780166625977
5351,18.115699768066406
5352,16.336496353149414
5353,22.100317001342773
5354,16.599449157714844
5355,13.489047050476074
5356,16.139949798583984
5357,17.256505966186523
5358,16.057308197021484
5359,9.159734725952148
5360,13.168828010559082
5361,11.727561950683594
5362,9.050833702087402
5363,11.928248405456543
5364,8.05588150024414
5365,9.175869941711426
5366,7.129306316375732
5367,12.705041885375977
5368,9.046172142028809
5369,16.090559005737305
5370,16.3104248046875
5371,10.730884552001953
5372,20.73936653137207
5373,12.059520721435547
5374,13.895711898803711
5375,14.896709442138672
5376,14.002400398254395
5377,13.299152374267578
5378,10.0786771774292
5379,13.341565132141113
5380,7.503345489501953
5381,6.962465286254883
5382,3.6470205783843994
5383,9.733891487121582
5384,2.2568061351776123
5385,4.511129379272461
5386,8.484024047851562
5387,9.699793815612793
5388,15.750890731811523
5389,16.401729583740234
5390,11.39418888092041
5391,15.904059410095215
5392,17.40911102294922
5393,13.903214454650879
5394,13.725540161132812
5395,9.703271865844727
5396,9.294206619262695
5397,13.310736656188965
5398,16.411588668823242
5399,16.749881744384766
5400,14.274481773376465
5401,10.807534217834473
5402,19.78024673461914
5403,24.583826065063477
5404,17.543764114379883
5405,28.74738883972168
5406,16.598079681396484
5407,16.606550216674805
5408,14.406349182128906
5409,17.799978256225586
5410,19.162620544433594
5411,11.261163711547852
5412,8.066051483154297
5413,9.679085731506348
5414,10.031376838684082
5415,11.939780235290527
5416,10.984050750732422
5417,12.429587364196777
5418,10.310067176818848
5419,12.460408210754395
5420,13.138495445251465
5421,14.790294647216797
5422,20.996456146240234
5423,16.458106994628906
5424,10.270779609680176
5425,18.36064910888672
5426,23.68503761291504
5427,24.689430236816406
5428,27.806848526000977
5429,19.955020904541016
5430,20.48491096496582
5431,26.49173355102539
5432,20.743865966796875
5433,18.403535842895508
5434,22.296859741210938
5435,11.54481029510498
5436,16.833255767822266
5437,29.911727905273438
5438,11.604857444763184
5439,15.225614547729492
5440,12.359322547912598
5441,18.101411819458008
5442,19.539146423339844
5443,29.220802307128906
5444,27.133426666259766
5445,21.712032318115234
5446,14.917838096618652
5447,23.442230224609375
5448,12.328027725219727
5449,17.55552101135254
5450,9.909095764160156
5451,12.150585174560547
5452,9.199666976928711
5453,7.255401134490967
5454,6.934730052947998
5455,7.676734924316406
5456,6.3557281494140625
5457,12.598448753356934
5458,13.764981269836426
5459,17.722888946533203
5460,11.014568328857422
5461,17.475040435791016
5462,24.162796020507812
5463,19.525358200073242
5464,17.937986373901367
5465,16.860092163085938
5466,17.85934066772461
5467,17.372243881225586
5468,18.632171630859375
5469,15.480384826660156
5470,17.7283935546875
5471,22.425565719604492
5472,14.175771713256836
5473,14.824447631835938
5474,16.457983016967773
5475,19.628787994384766
5476,26.187833786010742
5477,24.957733154296875
5478,18.648469924926758
5479,17.240842819213867
5480,13.304545402526855
5481,17.49581527709961
5482,11.39672565460205
5483,15.067394256591797
5484,23.540542602539062
5485,13.282234191894531
5486,13.421136856079102
5487,9.547113418579102
5488,9.091958045959473
5489,9.488548278808594
5490,14.27276611328125
5491,12.167304992675781
5492,14.026400566101074
5493,10.898419380187988
5494,18.77228355407715
5495,17.844058990478516
5496,17.445356369018555
5497,15.42685317993164
5498,19.951379776000977
5499,13.565567016601562
5500,14.76292896270752
5501,13.808619499206543
5502,13.748659133911133
5503,13.771008491516113
5504,13.394143104553223
5505,18.321809768676758
5506,13.817651748657227
5507,22.77849006652832
5508,18.024433135986328
5509,14.228991508483887
5510,20.497970581054688
5511,13.822975158691406
5512,14.61073112487793
5513,11.237053871154785
5514,6.341765403747559
5515,11.57271671295166
5516,15.535873413085938
5517,15.059004783630371
5518,17.925378799438477
5519,18.931798934936523
5520,15.943221092224121
5521,18.995737075805664
5522,18.13753890991211
5523,27.22672462463379
5524,25.945220947265625
5525,25.281633377075195
5526,21.7460880279541
5527,17.48879623413086
5528,17.14142608642578
5529,20.578271865844727
5530,25.92273712158203
5531,17.712963104248047
5532,20.151058197021484
5533,14.849143028259277
5534,13.287324905395508
5535,12.081953048706055
5536,10.306632995605469
5537,12.441996574401855
5538,12.454689979553223
5539,14.505599975585938
5540,13.064996719360352
5541,12.929315567016602
5542,14.678935050964355
5543,11.611068725585938
5544,13.820629119873047
5545,10.028573989868164
5546,10.020288467407227
5547,11.126662254333496
5548,10.881385803222656
5549,11.371482849121094
5550,11.138527870178223
5551,14.641422271728516
5552,12.794200897216797
5553,14.059733390808105
5554,14.675498008728027
5555,17.445114135742188
5556,10.577653884887695
5557,12.463905334472656
5558,12.985060691833496
5559,10.883380889892578
5560,11.013409614562988
5561,9.603206634521484
5562,7.596980571746826
5563,13.009580612182617
5564,12.494930267333984
5565,11.292232513427734
5566,12.214085578918457
5567,11.291502952575684
5568,15.970877647399902
5569,17.672473907470703
5570,18.111967086791992
5571,16.910533905029297
5572,9.137062072753906
5573,11.887351036071777
5574,13.799853324890137
5575,8.591129302978516
5576,11.345467567443848
5577,8.220595359802246
5578,11.345038414001465
5579,12.219391822814941
5580,13.47490119934082
5581,15.963348388671875
5582,16.908113479614258
5583,15.2538423538208
5584,13.26210880279541
5585,12.473402976989746
5586,17.39670181274414
5587,14.456631660461426
5588,14.072295188903809
5589,14.539992332458496
5590,16.49117660522461
5591,13.608357429504395
5592,16.826759338378906
5593,14.563315391540527
5594,16.686044692993164
5595,21.185270309448242
5596,17.456100463867188
5597,21.159961700439453
5598,17.220809936523438
5599,13.363407135009766
5600,14.224793434143066
5601,17.35286521911621
5602,14.758779525756836
5603,17.3050537109375
5604,12.615259170532227
5605,11.543464660644531
5606,10.952020645141602
5607,11.188090324401855
5608,7.312832355499268
5609,6.13169002532959
5610,7.921355247497559
5611,14.303725242614746
5612,12.66865348815918
5613,14.894393920898438
5614,11.098261833190918
5615,10.287240982055664
5616,12.223525047302246
5617,11.660481452941895
5618,9.155120849609375
5619,7.942631721496582
5620,6.513700008392334
5621,8.070651054382324
5622,9.259749412536621
5623,9.525948524475098
5624,11.946816444396973
5625,8.454901695251465
5626,14.344367980957031
5627,10.450286865234375
5628,15.319808006286621
5629,22.662925720214844
5630,17.339048385620117
5631,17.65435218811035
5632,14.75275707244873
5633,15.577984809875488
5634,9.734045028686523
5635,7.06475305557251
5636,16.487503051757812
5637,11.181944847106934
5638,11.993605613708496
5639,14.102316856384277
5640,21.595653533935547
5641,15.364151000976562
5642,21.038400650024414
5643,33.508880615234375
5644,32.44395446777344
5645,24.175079345703125
5646,29.726537704467773
5647,35.88554382324219
5648,31.529048919677734
5649,15.673172950744629
5650,15.934088706970215
5651,17.262733459472656
5652,16.755386352539062
5653,12.29736042022705
5654,12.55478286743164
5655,19.655115127563477
5656,18.43287467956543
5657,16.946949005126953
5658,22.34893035888672
5659,24.942045211791992
5660,22.711170196533203
5661,24.940387725830078
5662,24.105363845825195
5663,24.426679611206055
5664,25.17811393737793
5665,30.504276275634766
5666,22.257177352905273
5667,19.126367568969727
5668,14.832219123840332
5669,12.060646057128906
5670,15.227072715759277
5671,15.028911590576172
5672,22.79794692993164
5673,19.7967472076416
5674,26.186922073364258
5675,18.829147338867188
5676,22.12511444091797
5677,19.156187057495117
5678,17.671113967895508
5679,28.116104125976562
5680,18.57219886779785
5681,21.178226470947266
5682,18.750402450561523
5683,14.67980670928955
5684,14.351665496826172
5685,17.478408813476562
5686,9.05295181274414
5687,8.279112815856934
5688,6.679134368896484
5689,20.015361785888672
5690,12.885566711425781
5691,20.714670181274414
5692,13.118206024169922
5693,20.488784790039062
5694,19.575790405273438
5695,17.57480812072754
5696,10.120308876037598
5697,8.635878562927246
5698,11.313217163085938
5699,16.604616165161133
5700,14.675817489624023
5701,11.276180267333984
5702,5.52976131439209
5703,7.721487998962402
5704,8.951271057128906
5705,10.810718536376953
5706,17.520156860351562
5707,19.303680419921875
5708,13.16305160522461
5709,13.090898513793945
5710,17.27570152282715
5711,17.85858154296875
5712,21.553646087646484
5713,20.516437530517578
5714,20.40995979309082
5715,13.762201309204102
5716,16.503684997558594
5717,18.29193687438965
5718,22.833110809326172
5719,18.792011260986328
5720,12.971305847167969
5721,11.44930362701416
5722,11.391267776489258
5723,12.365972518920898
5724,14.94570541381836
5725,22.269845962524414
5726,11.210883140563965
5727,17.652124404907227
5728,19.0592098236084
5729,17.227205276489258
5730,15.078377723693848
5731,19.41847038269043
5732,22.86279296875
5733,20.835676193237305
5734,14.780556678771973
5735,19.522315979003906
5736,19.81997299194336
5737,12.141729354858398
5738,13.83634090423584
5739,14.21366024017334
5740,9.379271507263184
5741,6.951178550720215
5742,14.276437759399414
5743,8.892641067504883
5744,8.115647315979004
5745,8.837849617004395
5746,15.299954414367676
5747,14.049131393432617
5748,20.547536849975586
5749,20.13848114013672
5750,21.982946395874023
5751,23.170385360717773
5752,21.165325164794922
5753,17.552993774414062
5754,17.310428619384766
5755,13.063701629638672
5756,13.297897338867188
5757,11.210798263549805
5758,8.786261558532715
5759,11.708576202392578
5760,11.631607055664062
5761,11.870163917541504
5762,7.374489784240723
5763,10.7344970703125
5764,11.443267822265625
5765,14.567671775817871
5766,14.082481384277344
5767,14.750310897827148
5768,13.833382606506348
5769,16.189334869384766
5770,10.88808536529541
5771,15.021183967590332
5772,11.337489128112793
5773,14.98984432220459
5774,10.769550323486328
5775,11.623041152954102
5776,9.214798927307129
5777,12.877583503723145
5778,10.59945297241211
5779,10.079636573791504
5780,9.499815940856934
5781,10.334232330322266
5782,13.379789352416992
5783,10.590165138244629
5784,11.302923202514648
5785,6.587889671325684
5786,10.377518653869629
5787,6.3178510665893555
5788,10.163789749145508
5789,10.307201385498047
5790,15.990217208862305
5791,18.797103881835938
5792,17.509742736816406
5793,19.02878189086914
5794,19.759061813354492
5795,19.858638763427734
5796,18.516403198242188
5797,20.26334571838379
5798,15.023679733276367
5799,22.913705825805664
5800,20.078540802001953
5801,15.816817283630371
5802,12.962122917175293
5803,14.657151222229004
5804,11.754348754882812
5805,13.681507110595703
5806,12.521739959716797
5807,11.683980941772461
5808,10.3107328414917
5809,10.6102294921875
5810,9.575197219848633
5811,10.00519847869873
5812,10.715147972106934
5813,12.844693183898926
5814,13.90909481048584
5815,10.644818305969238
5816,8.245061874389648
5817,9.73613166809082
5818,6.293227672576904
5819,4.35697078704834
5820,6.370235919952393
5821,12.136643409729004
5822,12.069744110107422
5823,13.19813060760498
5824,19.407617568969727
5825,17.427433013916016
5826,17.73370933532715
5827,27.179697036743164
5828,29.847200393676758
5829,21.366125106811523
5830,19.709692001342773
5831,13.65319538116455
5832,11.741806983947754
5833,20.94548988342285
5834,16.64974021911621
5835,13.31071662902832
5836,14.464044570922852
5837,15.137223243713379
5838,14.98776626586914
5839,14.641342163085938
5840,15.570711135864258
5841,14.87903118133545
5842,15.501226425170898
5843,12.397832870483398
5844,11.378585815429688
5845,14.536471366882324
5846,15.342056274414062
5847,13.085888862609863
5848,15.681920051574707
5849,12.051749229431152
5850,14.85546588897705
5851,18.18219566345215
5852,20.395856857299805
5853,14.811649322509766
5854,16.497732162475586
5855,22.309301376342773
5856,23.69622230529785
5857,15.068350791931152
5858,14.376867294311523
5859,17.667551040649414
5860,13.584318161010742
5861,15.490289688110352
5862,10.850378036499023
5863,10.118363380432129
5864,10.91849422454834
5865,13.765586853027344
5866,13.447747230529785
5867,16.985620498657227
5868,15.749273300170898
5869,16.50275230407715
5870,26.343345642089844
5871,25.243242263793945
5872,21.15107536315918
5873,18.361841201782227
5874,21.855289459228516
5875,15.951194763183594
5876,19.537031173706055
5877,9.52919864654541
5878,4.506133079528809
5879,7.586145877838135
5880,9.98258113861084
5881,10.340706825256348
5882,5.971412181854248
5883,11.127740859985352
5884,15.467550277709961
5885,16.604537963867188
5886,20.964542388916016
5887,30.469905853271484
5888,31.767436981201172
5889,25.054908752441406
5890,20.540376663208008
5891,26.600557327270508
5892,16.79665184020996
5893,28.83366584777832
5894,20.02155303955078
5895,14.799071311950684
5896,14.378456115722656
5897,12.03160285949707
5898,11.406609535217285
5899,13.056991577148438
5900,11.488313674926758
5901,13.648266792297363
5902,16.061994552612305
5903,16.03587532043457
5904,13.756548881530762
5905,14.966947555541992
5906,17.059154510498047
5907,12.488231658935547
5908,9.081904411315918
5909,11.214981079101562
5910,14.012055397033691
5911,22.15532684326172
5912,15.443561553955078
5913,24.385583877563477
5914,18.460304260253906
5915,14.286797523498535
5916,15.842077255249023
5917,11.682806968688965
5918,15.716802597045898
5919,15.704195022583008
5920,13.831839561462402
5921,19.081846237182617
5922,14.348312377929688
5923,20.65187644958496
5924,21.61203384399414
5925,22.9749813079834
5926,35.90739440917969
5927,33.61030578613281
5928,23.105051040649414
5929,27.198989868164062
5930,35.57545471191406
5931,20.6738338470459
5932,23.943639755249023
5933,16.092252731323242
5934,12.34090805053711
5935,5.9430999755859375
5936,11.536467552185059
5937,13.679365158081055
5938,9.448417663574219
5939,13.282883644104004
5940,13.489297866821289
5941,17.332443237304688
5942,19.449615478515625
5943,24.940425872802734
5944,25.6289119720459
5945,19.705167770385742
5946,25.736318588256836
5947,25.049779891967773
5948,22.191757202148438
5949,12.896437644958496
5950,11.972569465637207
5951,9.812353134155273
5952,9.17185115814209
5953,6.483687877655029
5954,7.475054740905762
5955,7.7998881340026855
5956,7.162537097930908
5957,9.013111114501953
5958,12.38584041595459
5959,10.36111831665039
5960,16.700105667114258
5961,20.563322067260742
5962,22.67914581298828
5963,19.34942626953125
5964,20.98628044128418
5965,18.25420570373535
5966,17.84579849243164
5967,17.192035675048828
5968,16.927019119262695
5969,3.6500980854034424
5970,3.003962993621826
5971,6.410983562469482
5972,4.508538722991943
5973,10.620955467224121
5974,14.423284530639648
5975,15.990999221801758
5976,25.05242919921875
5977,22.80462074279785
5978,22.393999099731445
5979,21.93527603149414
5980,22.5883846282959
5981,18.405391693115234
5982,15.632420539855957
5983,18.155624389648438
5984,18.951457977294922
5985,14.838021278381348
5986,10.529562950134277
5987,18.634838104248047
5988,14.612150192260742
5989,13.054206848144531
5990,13.499216079711914
5991,17.620718002319336
5992,22.295392990112305
5993,25.676847457885742
5994,24.37615203857422
5995,20.83277130126953
5996,22.821744918823242
5997,14.461824417114258
5998,16.42849349975586
5999,16.89192008972168
6000,5.4272847175598145
6001,9.219831466674805
6002,12.21328353881836
6003,19.314865112304688
6004,17.59103775024414
6005,24.94931411743164
6006,25.096521377563477
6007,33.49520492553711
6008,27.260496139526367
6009,22.409765243530273
6010,29.38730239868164
6011,27.404563903808594
6012,15.971035957336426
6013,20.600570678710938
6014,13.203335762023926
6015,12.16256332397461
6016,12.96850872039795
6017,12.50670337677002
6018,10.17127513885498
6019,10.826765060424805
6020,12.283897399902344
6021,17.085046768188477
6022,27.86290740966797
6023,21.82188606262207
6024,26.481443405151367
6025,17.90311622619629
6026,28.644437789916992
6027,20.651384353637695
6028,22.477832794189453
6029,13.434041976928711
6030,18.456789016723633
6031,15.184521675109863
6032,22.81312370300293
6033,26.186952590942383
6034,19.038776397705078
6035,14.377401351928711
6036,27.54869270324707
6037,32.58852005004883
6038,30.54021644592285
6039,21.442047119140625
6040,16.111618041992188
6041,20.075767517089844
6042,14.00364875793457
6043,8.92638874053955
6044,8.543243408203125
6045,10.4459810256958
6046,13.953990936279297
6047,15.395471572875977
6048,17.726577758789062
6049,15.51518726348877
6050,16.97634506225586
6051,17.27719497680664
6052,16.454397201538086
6053,16.528932571411133
6054,24.642480850219727
6055,13.033902168273926
6056,14.380648612976074
6057,10.396352767944336
6058,14.152570724487305
6059,13.365026473999023
6060,8.043859481811523
6061,6.854121685028076
6062,7.571933269500732
6063,10.854698181152344
6064,6.325550079345703
6065,7.027985095977783
6066,6.448291778564453
6067,10.970516204833984
6068,9.902871131896973
6069,12.418444633483887
6070,11.821338653564453
6071,13.99462604522705
6072,9.21930980682373
6073,12.66101360321045
6074,10.996949195861816
6075,12.498197555541992
6076,12.298588752746582
6077,12.081192970275879
6078,15.002904891967773
6079,16.751081466674805
6080,29.50728416442871
6081,25.080062866210938
6082,17.996429443359375
6083,17.30286407470703
6084,23.581117630004883
6085,20.885591506958008
6086,13.989114761352539
6087,17.71577262878418
6088,19.136255264282227
6089,8.392845153808594
6090,6.36035680770874
6091,6.200559616088867
6092,6.375944137573242
6093,6.535215854644775
6094,8.26805305480957
6095,10.64909839630127
6096,13.612629890441895
6097,8.505712509155273
6098,9.362853050231934
6099,14.790681838989258
6100,18.07248306274414
6101,20.598997116088867
6102,14.14605712890625
6103,12.410364151000977
6104,12.61729621887207
6105,12.770533561706543
6106,8.815648078918457
6107,16.252178192138672
6108,15.59797191619873
6109,14.510847091674805
6110,11.59328556060791
6111,22.158201217651367
6112,19.539417266845703
6113,25.50847625732422
6114,25.726848602294922
6115,25.041847229003906
6116,25.33937644958496
6117,19.62090492248535
6118,19.05466651916504
6119,19.510974884033203
6120,22.843135833740234
6121,14.17491340637207
6122,21.405542373657227
6123,16.005468368530273
6124,8.150510787963867
6125,10.184006690979004
6126,22.16926383972168
6127,17.22123146057129
6128,18.870956420898438
6129,24.303733825683594
6130,29.581281661987305
6131,21.24125099182129
6132,25.18393898010254
6133,15.80760669708252
6134,19.6889705657959
6135,14.02154541015625
6136,14.42633056640625
6137,14.204008102416992
6138,17.582950592041016
6139,12.984212875366211
6140,12.71237850189209
6141,12.22570514678955
6142,16.282737731933594
6143,13.147860527038574
6144,11.636309623718262
6145,13.562171936035156
6146,9.101605415344238
6147,8.479700088500977
6148,10.526850700378418
6149,12.177471160888672
6150,9.148664474487305
6151,8.89700698852539
6152,10.601113319396973
6153,9.738614082336426
6154,14.764354705810547
6155,18.688241958618164
6156,21.507688522338867
6157,23.137889862060547
6158,18.989192962646484
6159,18.52793312072754
6160,14.484841346740723
6161,16.236629486083984
6162,11.334394454956055
6163,14.247814178466797
6164,9.984760284423828
6165,3.8347065448760986
6166,6.951011657714844
6167,11.68597412109375
6168,9.563196182250977
6169,13.402783393859863
6170,15.730276107788086
6171,13.084464073181152
6172,9.338342666625977
6173,13.393838882446289
6174,10.885743141174316
6175,14.473177909851074
6176,10.167256355285645
6177,14.397039413452148
6178,12.673420906066895
6179,12.152216911315918
6180,13.058578491210938
6181,9.587385177612305
6182,9.41081428527832
6183,8.158783912658691
6184,7.531093597412109
6185,8.127670288085938
6186,12.331616401672363
6187,24.192367553710938
6188,24.91648292541504
6189,19.25554656982422
6190,18.0481014251709
6191,19.55819320678711
6192,23.666980743408203
6193,22.093360900878906
6194,19.886112213134766
6195,12.592974662780762
6196,11.898152351379395
6197,15.791571617126465
6198,16.175121307373047
6199,9.51823902130127
6200,10.425655364990234
6201,13.35102367401123
6202,16.04493522644043
6203,16.130712509155273
6204,21.312583923339844
6205,25.641162872314453
6206,23.2676944732666
6207,16.291854858398438
6208,12.793708801269531
6209,16.638830184936523
6210,14.429762840270996
6211,11.5267972946167
6212,7.816701412200928
6213,13.016475677490234
6214,14.298295974731445
6215,8.895944595336914
6216,14.525466918945312
6217,14.837486267089844
6218,19.676156997680664
6219,19.612436294555664
6220,22.346811294555664
6221,22.252622604370117
6222,17.95633888244629
6223,25.632404327392578
6224,18.69795799255371
6225,16.340957641601562
6226,10.528189659118652
6227,9.642563819885254
6228,10.149664878845215
6229,10.158464431762695
6230,15.985978126525879
6231,17.568115234375
6232,23.040258407592773
6233,28.30848503112793
6234,28.053987503051758
6235,26.0637264251709
6236,22.843650817871094
6237,16.89494514465332
6238,10.051614761352539
6239,10.787982940673828
6240,9.192460060119629
6241,6.601899147033691
6242,2.7033531665802
6243,2.7398388385772705
6244,2.054352283477783
6245,4.95335054397583
6246,8.395920753479004
6247,11.131315231323242
6248,14.857854843139648
6249,28.914533615112305
6250,23.514604568481445
6251,24.297121047973633
6252,17.282224655151367
6253,17.388904571533203
6254,24.663284301757812
6255,22.823062896728516
6256,15.090688705444336
6257,9.517441749572754
6258,9.814064025878906
6259,12.923754692077637
6260,9.007966041564941
6261,16.10222625732422
6262,16.365232467651367
6263,23.45612335205078
6264,27.96100616455078
6265,14.891845703125
6266,23.03824806213379
6267,20.21076202392578
6268,28.624513626098633
6269,28.02933120727539
6270,25.587923049926758
6271,22.052734375
6272,14.5733003616333
6273,10.774728775024414
6274,8.638952255249023
6275,10.088107109069824
6276,4.964376449584961
6277,12.47793197631836
6278,11.394373893737793
6279,11.891012191772461
6280,17.2390193939209
6281,15.715559959411621
6282,22.298641204833984
6283,19.60392189025879
6284,26.211009979248047
6285,20.926618576049805
6286,21.899864196777344
6287,12.617012977600098
6288,16.876338958740234
6289,15.772621154785156
6290,16.439903259277344
6291,12.836404800415039
6292,13.8130521774292
6293,8.047361373901367
6294,9.688803672790527
6295,20.17636489868164
6296,17.478065490722656
6297,19.43633460998535
6298,23.7036190032959
6299,18.29576873779297
6300,21.791522979736328
6301,13.390265464782715
6302,13.540583610534668
6303,15.595560073852539
6304,12.167037963867188
6305,10.847657203674316
6306,14.968840599060059
6307,12.416854858398438
6308,12.931668281555176
6309,13.402077674865723
6310,13.681395530700684
6311,15.328911781311035
6312,17.007020950317383
6313,18.96390151977539
6314,19.085397720336914
6315,15.64080810546875
6316,10.817747116088867
6317,24.824655532836914
6318,20.298152923583984
6319,17.138099670410156
6320,12.440460205078125
6321,15.396245002746582
6322,11.992965698242188
6323,15.141044616699219
6324,21.12282943725586
6325,20.64165687561035
6326,14.51533031463623
6327,16.048572540283203
6328,17.748178482055664
6329,13.574417114257812
6330,10.351762771606445
6331,17.67513084411621
6332,11.255697250366211
6333,17.25214958190918
6334,15.730080604553223
6335,16.1865234375
6336,17.542564392089844
6337,21.530935287475586
6338,20.999195098876953
6339,24.593719482421875
6340,14.35025405883789
6341,19.09615135192871
6342,19.135229110717773
6343,20.59004020690918
6344,15.159473419189453
6345,22.145423889160156
6346,19.1485652923584
6347,14.339424133300781
6348,21.744792938232422
6349,18.822677612304688
6350,9.547928810119629
6351,11.667275428771973
6352,9.817252159118652
6353,7.956793785095215
6354,8.456634521484375
6355,11.06330680847168
6356,10.452750205993652
6357,9.436515808105469
6358,5.741372585296631
6359,13.252535820007324
6360,10.415752410888672
6361,8.189216613769531
6362,4.907426834106445
6363,7.906862735748291
6364,10.438400268554688
6365,10.535321235656738
6366,10.178958892822266
6367,14.257620811462402
6368,14.92866039276123
6369,17.19527816772461
6370,16.63754653930664
6371,18.60015869140625
6372,16.17315101623535
6373,21.82236099243164
6374,19.945404052734375
6375,18.665353775024414
6376,19.244293212890625
6377,20.31380271911621
6378,15.242231369018555
6379,15.253173828125
6380,11.988324165344238
6381,10.810310363769531
6382,7.328308582305908
6383,10.352993965148926
6384,9.88991928100586
6385,10.400525093078613
6386,11.02591323852539
6387,15.715167045593262
6388,15.07698917388916
6389,17.047510147094727
6390,13.947386741638184
6391,15.393513679504395
6392,15.849425315856934
6393,16.996265411376953
6394,12.642997741699219
6395,15.196893692016602
6396,10.80081844329834
6397,16.234949111938477
6398,12.99034595489502
6399,10.790529251098633
6400,11.738102912902832
6401,14.276122093200684
6402,13.660820960998535
6403,16.754487991333008
6404,17.796937942504883
6405,16.450679779052734
6406,17.833654403686523
6407,16.058063507080078
6408,18.006032943725586
6409,16.060752868652344
6410,13.51498031616211
6411,15.623953819274902
6412,8.976055145263672
6413,13.213045120239258
6414,15.116780281066895
6415,20.172245025634766
6416,14.406989097595215
6417,12.881488800048828
6418,15.900543212890625
6419,10.243721008300781
6420,10.648544311523438
6421,11.340089797973633
6422,4.750321865081787
6423,9.840031623840332
6424,11.125839233398438
6425,9.281580924987793
6426,16.272615432739258
6427,16.01392936706543
6428,15.3712739944458
6429,18.418516159057617
6430,18.65387535095215
6431,13.905047416687012
6432,19.980703353881836
6433,15.950175285339355
6434,14.855297088623047
6435,21.399946212768555
6436,15.95644474029541
6437,11.84778118133545
6438,9.733026504516602
6439,14.483695983886719
6440,16.1302433013916
6441,19.068708419799805
6442,19.886363983154297
6443,21.992923736572266
6444,16.51868438720703
6445,14.238631248474121
6446,15.533060073852539
6447,11.606127738952637
6448,14.022013664245605
6449,12.145915031433105
6450,12.475179672241211
6451,22.641551971435547
6452,18.449926376342773
6453,16.728370666503906
6454,19.54150390625
6455,20.92583465576172
6456,18.134830474853516
6457,14.75583267211914
6458,13.626713752746582
6459,14.795632362365723
6460,16.54477310180664
6461,7.144392967224121
6462,12.851274490356445
6463,12.345795631408691
6464,15.136384010314941
6465,10.772798538208008
6466,13.657892227172852
6467,9.976114273071289
6468,4.937676906585693
6469,8.825228691101074
6470,13.158275604248047
6471,14.606430053710938
6472,14.766578674316406
6473,16.837350845336914
6474,17.523601531982422
6475,29.138832092285156
6476,22.89142417907715
6477,22.586591720581055
6478,23.979949951171875
6479,13.990346908569336
6480,10.095455169677734
6481,8.33376407623291
6482,6.5216169357299805
6483,3.9798412322998047
6484,6.2530694007873535
6485,10.490081787109375
6486,15.826916694641113
6487,14.316554069519043
6488,11.22317123413086
6489,14.75773811340332
6490,12.85525894165039
6491,10.371138572692871
6492,9.89280891418457
6493,9.314403533935547
6494,12.313344955444336
6495,8.694866180419922
6496,14.014144897460938
6497,10.62861156463623
6498,9.090392112731934
6499,9.946070671081543
6500,9.269706726074219
6501,8.005392074584961
6502,11.499702453613281
6503,10.644021987915039
6504,17.15292739868164
6505,23.277942657470703
6506,31.56410789489746
6507,33.949398040771484
6508,26.19322967529297
6509,27.051584243774414
6510,24.988693237304688
6511,21.498992919921875
6512,15.97989273071289
6513,18.248451232910156
6514,13.496868133544922
6515,8.969917297363281
6516,9.746332168579102
6517,10.559107780456543
6518,17.16041374206543
6519,15.763715744018555
6520,13.376766204833984
6521,14.196749687194824
6522,12.695234298706055
6523,14.042318344116211
6524,11.532991409301758
6525,11.214630126953125
6526,21.8413028717041
6527,13.870048522949219
6528,18.189756393432617
6529,21.168725967407227
6530,15.140877723693848
6531,19.229597091674805
6532,15.541611671447754
6533,11.09821891784668
6534,11.687582015991211
6535,11.131196022033691
6536,8.074755668640137
6537,14.952425003051758
6538,11.523819923400879
6539,11.60031795501709
6540,10.497692108154297
6541,10.4697847366333
6542,11.909317016601562
6543,8.42003345489502
6544,10.626945495605469
6545,11.605329513549805
6546,11.676894187927246
6547,12.8532133102417
6548,18.444475173950195
6549,13.896268844604492
6550,15.356184005737305
6551,22.211383819580078
6552,18.959300994873047
6553,19.69919776916504
6554,16.24552345275879
6555,18.88623809814453
6556,19.578691482543945
6557,21.87509536743164
6558,10.258094787597656
6559,10.766295433044434
6560,11.04671573638916
6561,11.201523780822754
6562,17.126359939575195
6563,26.29924964904785
6564,44.022151947021484
6565,29.768770217895508
6566,27.098588943481445
6567,23.19254493713379
6568,21.11119842529297
6569,14.843708038330078
6570,16.996654510498047
6571,18.62343406677246
6572,13.645461082458496
6573,16.15217399597168
6574,15.14515495300293
6575,18.510419845581055
6576,16.218019485473633
6577,16.851360321044922
6578,16.266735076904297
6579,18.34967041015625
6580,15.936346054077148
6581,13.623395919799805
6582,15.943733215332031
6583,18.58281707763672
6584,17.67616081237793
6585,15.39376163482666
6586,13.879663467407227
6587,15.341548919677734
6588,15.898207664489746
6589,8.60424518585205
6590,8.111720085144043
6591,9.515771865844727
6592,11.931904792785645
6593,13.019303321838379
6594,20.264753341674805
6595,26.724388122558594
6596,21.23578643798828
6597,12.147875785827637
6598,20.47199821472168
6599,16.83650779724121
6600,19.523019790649414
6601,16.118671417236328
6602,11.30041217803955
6603,10.238381385803223
6604,12.154020309448242
6605,11.879956245422363
6606,14.631064414978027
6607,11.111688613891602
6608,9.02061939239502
6609,13.419989585876465
6610,11.143498420715332
6611,12.195765495300293
6612,11.475785255432129
6613,18.039541244506836
6614,13.999347686767578
6615,10.42895793914795
6616,15.088306427001953
6617,11.430869102478027
6618,11.079504013061523
6619,8.261283874511719
6620,12.289352416992188
6621,10.438088417053223
6622,7.723295211791992
6623,11.236210823059082
6624,10.336403846740723
6625,18.0730037689209
6626,16.061969757080078
6627,16.26639747619629
6628,21.890064239501953
6629,19.368301391601562
6630,22.27339744567871
6631,27.724245071411133
6632,13.094609260559082
6633,19.153921127319336
6634,18.723447799682617
6635,9.639540672302246
6636,10.35077953338623
6637,13.860390663146973
6638,12.210577964782715
6639,16.927871704101562
6640,14.362652778625488
6641,16.11414909362793
6642,14.148966789245605
6643,16.082197189331055
6644,15.00318431854248
6645,16.15256118774414
6646,22.366296768188477
6647,17.312589645385742
6648,25.052051544189453
6649,19.785381317138672
6650,20.42801284790039
6651,20.6495418548584
6652,21.438358306884766
6653,23.1412353515625
6654,24.095272064208984
6655,25.13653564453125
6656,24.317293167114258
6657,16.257844924926758
6658,16.09676742553711
6659,17.478954315185547
6660,16.748859405517578
6661,8.646407127380371
6662,13.1094970703125
6663,9.648964881896973
6664,11.613591194152832
6665,8.580127716064453
6666,12.360506057739258
6667,24.404054641723633
6668,16.496618270874023
6669,23.70069122314453
6670,19.78559684753418
6671,27.791719436645508
6672,26.700809478759766
6673,18.4531192779541
6674,17.041589736938477
6675,17.479564666748047
6676,13.762451171875
6677,8.18509292602539
6678,9.172327995300293
6679,4.4421563148498535
6680,6.646000385284424
6681,6.575658321380615
6682,10.394319534301758
6683,8.533787727355957
6684,15.194976806640625
6685,22.312253952026367
6686,18.830310821533203
6687,24.932350158691406
6688,20.60111427307129
6689,20.589900970458984
6690,15.717286109924316
6691,12.730209350585938
6692,9.8994722366333
6693,7.627852439880371
6694,10.1328706741333
6695,3.4061501026153564
6696,7.628111362457275
6697,9.382209777832031
6698,12.726393699645996
6699,14.1882963180542
6700,18.150650024414062
6701,14.514524459838867
6702,15.365933418273926
6703,19.083988189697266
6704,18.204065322875977
6705,16.450790405273438
6706,17.31715965270996
6707,15.869257926940918
6708,14.26132583618164
6709,14.073625564575195
6710,15.06739330291748
6711,10.993293762207031
6712,9.064696311950684
6713,14.318550109863281
6714,10.665634155273438
6715,12.776793479919434
6716,13.426204681396484
6717,13.175254821777344
6718,13.992725372314453
6719,14.094738960266113
6720,12.016851425170898
6721,7.0134596824646
6722,5.650717735290527
6723,5.88311243057251
6724,4.611182689666748
6725,8.685467720031738
6726,9.123114585876465
6727,12.160540580749512
6728,15.684117317199707
6729,17.05537223815918
6730,21.680910110473633
6731,15.186355590820312
6732,14.719165802001953
6733,17.780729293823242
6734,18.350101470947266
6735,16.330434799194336
6736,15.918498039245605
6737,9.72343635559082
6738,9.738554954528809
6739,9.694857597351074
6740,12.63638687133789
6741,14.61325740814209
6742,15.22814655303955
6743,19.24039649963379
6744,18.562381744384766
6745,16.422748565673828
6746,11.466751098632812
6747,23.85399627685547
6748,30.73887825012207
6749,23.120872497558594
6750,14.47711181640625
6751,25.452470779418945
6752,16.1767520904541
6753,8.256829261779785
6754,7.181448459625244
6755,14.036592483520508
6756,9.713680267333984
6757,10.837581634521484
6758,19.639944076538086
6759,18.30592918395996
6760,21.05658531188965
6761,27.77736473083496
6762,37.90037536621094
6763,22.95629119873047
6764,26.922908782958984
6765,29.59764862060547
6766,23.34628677368164
6767,16.003795623779297
6768,16.32343292236328
6769,13.865219116210938
6770,9.011527061462402
6771,5.9487786293029785
6772,6.953833103179932
6773,11.9151611328125
6774,13.940728187561035
6775,15.137840270996094
6776,15.203190803527832
6777,17.92131805419922
6778,16.342504501342773
6779,17.317975997924805
6780,19.999401092529297
6781,20.762554168701172
6782,16.842565536499023
6783,17.583097457885742
6784,11.7866792678833
6785,9.199275016784668
6786,10.486023902893066
6787,10.760855674743652
6788,14.951342582702637
6789,14.811245918273926
6790,16.935932159423828
6791,22.642114639282227
6792,21.837827682495117
6793,20.691070556640625
6794,24.429039001464844
6795,19.483774185180664
6796,17.5322208404541
6797,15.562344551086426
6798,9.951281547546387
6799,10.40798568725586
6800,8.761396408081055
6801,6.750127792358398
6802,6.995141506195068
6803,8.287795066833496
6804,14.085857391357422
6805,17.87002182006836
6806,21.56627655029297
6807,21.03343391418457
6808,14.779715538024902
6809,21.027130126953125
6810,19.1904239654541
6811,14.348383903503418
6812,8.80315113067627
6813,16.506694793701172
6814,16.923473358154297
6815,12.072184562683105
6816,20.052480697631836
6817,14.838194847106934
6818,12.747081756591797
6819,9.453362464904785
6820,16.194246292114258
6821,18.91780662536621
6822,17.22517967224121
6823,15.663201332092285
6824,14.266069412231445
6825,15.03514289855957
6826,13.013053894042969
6827,11.834610939025879
6828,8.92563533782959
6829,6.962185859680176
6830,8.051372528076172
6831,6.455851078033447
6832,8.180269241333008
6833,8.161267280578613
6834,7.896714687347412
6835,19.729206085205078
6836,13.906177520751953
6837,16.7911434173584
6838,27.07135009765625
6839,28.500959396362305
6840,22.216567993164062
6841,19.68562889099121
6842,24.882883071899414
6843,19.6578369140625
6844,13.751927375793457
6845,8.225522994995117
6846,12.187752723693848
6847,12.138589859008789
6848,9.02408218383789
6849,12.159442901611328
6850,9.964757919311523
6851,21.866182327270508
6852,7.9252166748046875
6853,9.484551429748535
6854,6.4797821044921875
6855,17.3343505859375
6856,18.06429672241211
6857,12.951939582824707
6858,20.516767501831055
6859,13.660439491271973
6860,14.249334335327148
6861,12.130183219909668
6862,10.687826156616211
6863,10.262566566467285
6864,9.80576229095459
6865,13.371654510498047
6866,11.827540397644043
6867,17.379968643188477
6868,18.983287811279297
6869,20.217727661132812
6870,23.42961311340332
6871,17.37672233581543
6872,22.124507904052734
6873,18.604602813720703
6874,8.91348934173584
6875,8.636761665344238
6876,5.586024761199951
6877,9.569318771362305
6878,11.825011253356934
6879,8.691425323486328
6880,10.477449417114258
6881,12.580299377441406
6882,20.31789779663086
6883,14.930981636047363
6884,9.680194854736328
6885,12.677152633666992
6886,17.018577575683594
6887,16.552650451660156
6888,11.446354866027832
6889,18.850427627563477
6890,16.014114379882812
6891,22.976125717163086
6892,20.749099731445312
6893,15.95484447479248
6894,13.482560157775879
6895,13.826946258544922
6896,17.431123733520508
6897,18.91693878173828
6898,15.546009063720703
6899,17.150569915771484
6900,17.252506256103516
6901,19.742006301879883
6902,19.979564666748047
6903,12.94481372833252
6904,16.6734619140625
6905,13.131495475769043
6906,10.595050811767578
6907,5.833548069000244
6908,13.296034812927246
6909,16.708803176879883
6910,17.88863182067871
6911,19.91481590270996
6912,26.245370864868164
6913,26.429309844970703
6914,24.71068572998047
6915,22.7742977142334
6916,25.177122116088867
6917,20.568201065063477
6918,12.713977813720703
6919,11.997756004333496
6920,10.677180290222168
6921,7.065366744995117
6922,5.754981994628906
6923,6.608238697052002
6924,12.405388832092285
6925,21.48509407043457
6926,22.21300506591797
6927,25.97808074951172
6928,34.96481704711914
6929,24.502580642700195
6930,28.678516387939453
6931,25.161678314208984
6932,30.020200729370117
6933,33.542842864990234
6934,40.16630172729492
6935,26.92273712158203
6936,18.170732498168945
6937,8.80054759979248
6938,12.093281745910645
6939,12.861927032470703
6940,11.759001731872559
6941,10.096936225891113
6942,19.86609649658203
6943,20.186235427856445
6944,18.274486541748047
6945,18.8277587890625
6946,26.493820190429688
6947,24.22316551208496
6948,23.702619552612305
6949,27.75152587890625
6950,13.9315767288208
6951,14.930545806884766
6952,11.959759712219238
6953,10.247956275939941
6954,9.739603042602539
6955,12.991646766662598
6956,13.318982124328613
6957,18.977615356445312
6958,13.942068099975586
6959,15.808877944946289
6960,13.941611289978027
6961,12.320053100585938
6962,13.464235305786133
6963,9.977702140808105
6964,8.680998802185059
6965,8.86189079284668
6966,11.068796157836914
6967,9.724467277526855
6968,9.970170974731445
6969,8.488788604736328
6970,13.1218900680542
6971,8.2733793258667
6972,7.8200201988220215
6973,6.026273727416992
6974,17.280303955078125
6975,10.15962028503418
6976,18.939517974853516
6977,19.142709732055664
6978,13.801907539367676
6979,12.716011047363281
6980,14.365826606750488
6981,11.04301929473877
6982,10.30344009399414
6983,7.745418071746826
6984,13.573908805847168
6985,9.687433242797852
6986,11.41476821899414
6987,13.646980285644531
6988,13.306889533996582
6989,11.6323823928833
6990,16.399250030517578
6991,13.223422050476074
6992,13.728410720825195
6993,14.310884475708008
6994,11.053363800048828
6995,11.913528442382812
6996,14.09312629699707
6997,16.222721099853516
6998,17.542621612548828
6999,12.320642471313477
7000,17.212135314941406
7001,19.832998275756836
7002,11.77892780303955
7003,9.694953918457031
7004,7.318663120269775
7005,10.80795669555664
7006,11.653813362121582
7007,8.06303596496582
7008,12.082871437072754
7009,16.852134704589844
7010,13.727089881896973
7011,11.06213665008545
7012,14.111085891723633
7013,10.256986618041992
7014,12.985258102416992
7015,11.120678901672363
7016,11.029621124267578
7017,9.462743759155273
7018,9.81971549987793
7019,11.700119972229004
7020,16.494647979736328
7021,12.523833274841309
7022,13.449524879455566
7023,12.903143882751465
7024,15.589640617370605
7025,10.426901817321777
7026,12.948580741882324
7027,11.611323356628418
7028,9.543404579162598
7029,13.249736785888672
7030,14.212957382202148
7031,14.711464881896973
7032,13.120027542114258
7033,16.711122512817383
7034,14.55819320678711
7035,16.041362762451172
7036,15.861416816711426
7037,15.053067207336426
7038,13.460733413696289
7039,8.259252548217773
7040,11.876322746276855
7041,11.253479957580566
7042,10.586443901062012
7043,5.455304145812988
7044,4.970183849334717
7045,9.865610122680664
7046,12.037154197692871
7047,13.67431640625
7048,17.908716201782227
7049,38.942996978759766
7050,29.161537170410156
7051,24.933189392089844
7052,28.01871681213379
7053,18.163515090942383
7054,18.754243850708008
7055,22.698213577270508
7056,17.124370574951172
7057,7.5261006355285645
7058,17.111347198486328
7059,5.862477779388428
7060,21.84782600402832
7061,21.510711669921875
7062,27.558704376220703
7063,32.554595947265625
7064,23.907541275024414
7065,27.526254653930664
7066,23.28401756286621
7067,20.572830200195312
7068,18.7061710357666
7069,17.240936279296875
7070,18.208431243896484
7071,11.024748802185059
7072,15.93752384185791
7073,13.10452938079834
7074,13.748098373413086
7075,12.656497955322266
7076,12.934717178344727
7077,16.60566520690918
7078,20.300704956054688
7079,15.453675270080566
7080,16.71537971496582
7081,12.336934089660645
7082,12.926185607910156
7083,13.57571029663086
7084,13.557268142700195
7085,12.374892234802246
7086,5.43512487411499
7087,10.946572303771973
7088,6.090177059173584
7089,10.859816551208496
7090,14.489524841308594
7091,14.497119903564453
7092,10.340535163879395
7093,14.066826820373535
7094,20.99755096435547
7095,10.781514167785645
7096,13.43243408203125
7097,15.764142990112305
7098,12.463984489440918
7099,8.880127906799316
7100,7.761610984802246
7101,5.994459629058838
7102,3.723947286605835
7103,4.353828430175781
7104,4.71868896484375
7105,9.937661170959473
7106,16.292875289916992
7107,15.426990509033203
7108,17.386056900024414
7109,13.20987319946289
7110,11.087480545043945
7111,17.308483123779297
7112,13.146870613098145
7113,12.71208381652832
7114,15.517565727233887
7115,14.278148651123047
7116,9.709683418273926
7117,16.635072708129883
7118,14.419513702392578
7119,13.341614723205566
7120,14.8992280960083
7121,12.572434425354004
7122,9.82017707824707
7123,12.485574722290039
7124,14.091604232788086
7125,20.439613342285156
7126,18.77171516418457
7127,20.825529098510742
7128,16.919124603271484
7129,20.746034622192383
7130,20.61130714416504
7131,18.266305923461914
7132,20.68699836730957
7133,18.23716926574707
7134,18.15484046936035
7135,13.583434104919434
7136,17.304338455200195
7137,24.400890350341797
7138,24.649375915527344
7139,24.42705726623535
7140,23.60492706298828
7141,33.27777862548828
7142,26.260038375854492
7143,33.918495178222656
7144,29.73141860961914
7145,31.387880325317383
7146,27.205472946166992
7147,19.490795135498047
7148,16.43132781982422
7149,9.953065872192383
7150,11.661726951599121
7151,15.275774955749512
7152,22.513460159301758
7153,27.326913833618164
7154,30.75137710571289
7155,27.440793991088867
7156,17.607019424438477
7157,25.54643440246582
7158,23.59247589111328
7159,16.419633865356445
7160,16.236026763916016
7161,17.036174774169922
7162,13.724812507629395
7163,11.404037475585938
7164,13.028529167175293
7165,7.196321487426758
7166,4.168156147003174
7167,8.219454765319824
7168,17.088150024414062
7169,20.228229522705078
7170,17.198261260986328
7171,21.195083618164062
7172,19.715518951416016
7173,21.687755584716797
7174,17.5971736907959
7175,16.27951431274414
7176,15.281874656677246
7177,10.071114540100098
7178,7.599987983703613
7179,10.221489906311035
7180,8.401485443115234
7181,13.052478790283203
7182,17.06493377685547
7183,16.24249267578125
7184,25.665496826171875
7185,19.915706634521484
7186,23.49854850769043
7187,20.376718521118164
7188,16.4114990234375
7189,16.707029342651367
7190,13.217402458190918
7191,17.21902847290039
7192,13.601703643798828
7193,10.331497192382812
7194,10.156984329223633
7195,11.041461944580078
7196,16.200725555419922
7197,17.10416603088379
7198,18.604700088500977
7199,16.16958999633789
7200,16.840621948242188
7201,16.21581268310547
7202,16.35445785522461
7203,16.131322860717773
7204,15.787160873413086
7205,18.015586853027344
7206,17.379850387573242
7207,12.569856643676758
7208,13.064623832702637
7209,14.800600051879883
7210,8.623656272888184
7211,8.523276329040527
7212,10.237198829650879
7213,6.628044128417969
7214,13.689972877502441
7215,13.595440864562988
7216,15.305302619934082
7217,15.038037300109863
7218,17.911237716674805
7219,15.893388748168945
7220,12.231029510498047
7221,14.328056335449219
7222,7.6623215675354
7223,5.442251682281494
7224,10.74612808227539
7225,9.737391471862793
7226,12.244848251342773
7227,13.685364723205566
7228,11.15712833404541
7229,18.800621032714844
7230,17.40414047241211
7231,15.281387329101562
7232,24.69564437866211
7233,29.259626388549805
7234,24.448808670043945
7235,23.18857192993164
7236,17.524356842041016
7237,15.203133583068848
7238,14.357402801513672
7239,8.745070457458496
7240,10.443034172058105
7241,14.520242691040039
7242,17.875362396240234
7243,17.362916946411133
7244,13.928829193115234
7245,14.5618896484375
7246,15.380781173706055
7247,19.565723419189453
7248,19.34062957763672
7249,17.343828201293945
7250,15.05408000946045
7251,17.53691291809082
7252,16.114856719970703
7253,13.502493858337402
7254,16.780996322631836
7255,19.849578857421875
7256,19.53811264038086
7257,15.422205924987793
7258,15.499319076538086
7259,18.511394500732422
7260,16.220104217529297
7261,14.687698364257812
7262,20.24591064453125
7263,20.487333297729492
7264,18.453458786010742
7265,12.060721397399902
7266,14.6572847366333
7267,10.323141098022461
7268,8.078634262084961
7269,8.343857765197754
7270,8.289009094238281
7271,6.736006736755371
7272,8.064183235168457
7273,6.702808380126953
7274,9.865771293640137
7275,20.356904983520508
7276,11.553853988647461
7277,15.763326644897461
7278,20.087783813476562
7279,15.547112464904785
7280,16.78785514831543
7281,13.152921676635742
7282,10.544344902038574
7283,10.697044372558594
7284,6.606482028961182
7285,8.125658988952637
7286,11.62548828125
7287,12.253116607666016
7288,21.406282424926758
7289,26.451108932495117
7290,41.81833267211914
7291,38.26362228393555
7292,18.271438598632812
7293,23.81121826171875
7294,16.864110946655273
7295,17.958049774169922
7296,14.379448890686035
7297,11.958768844604492
7298,16.70084571838379
7299,9.407146453857422
7300,8.42098617553711
7301,7.298226833343506
7302,3.7781119346618652
7303,9.516013145446777
7304,12.524999618530273
7305,11.776530265808105
7306,13.660431861877441
7307,18.03099822998047
7308,22.399662017822266
7309,24.16913414001465
7310,26.539323806762695
7311,36.46121597290039
7312,24.585290908813477
7313,15.309861183166504
7314,14.532876968383789
7315,11.284679412841797
7316,8.380768775939941
7317,14.003807067871094
7318,13.099723815917969
7319,12.48695182800293
7320,16.201059341430664
7321,20.599201202392578
7322,18.022260665893555
7323,16.76361083984375
7324,18.831035614013672
7325,20.91102409362793
7326,12.196207046508789
7327,12.130144119262695
7328,11.56632137298584
7329,13.035308837890625
7330,12.423101425170898
7331,10.4222412109375
7332,10.65523624420166
7333,12.806510925292969
7334,12.196352005004883
7335,13.300880432128906
7336,13.643916130065918
7337,11.21837043762207
7338,16.832590103149414
7339,14.209977149963379
7340,18.28156089782715
7341,10.775521278381348
7342,16.754222869873047
7343,14.579598426818848
7344,8.72993278503418
7345,8.481546401977539
7346,10.027933120727539
7347,8.279391288757324
7348,15.02011775970459
7349,11.797831535339355
7350,15.09131908416748
7351,13.030771255493164
7352,17.750125885009766
7353,18.315195083618164
7354,17.021018981933594
7355,18.34623146057129
7356,15.26980972290039
7357,17.42664337158203
7358,6.713833808898926
7359,4.713648319244385
7360,11.78083610534668
7361,7.2944135665893555
7362,9.113694190979004
7363,11.132749557495117
7364,11.129412651062012
7365,12.42341136932373
7366,14.085101127624512
7367,17.170015335083008
7368,19.83363151550293
7369,13.472346305847168
7370,16.02469253540039
7371,17.43185043334961
7372,11.912803649902344
7373,14.825316429138184
7374,9.010544776916504
7375,8.218977928161621
7376,11.850417137145996
7377,8.97087287902832
7378,7.35725212097168
7379,7.951745510101318
7380,10.315980911254883
7381,10.218390464782715
7382,12.959091186523438
7383,15.542155265808105
7384,18.547927856445312
7385,20.07282257080078
7386,21.77927589416504
7387,13.912147521972656
7388,11.762383460998535
7389,16.10850715637207
7390,17.7791805267334
7391,15.039316177368164
7392,15.647645950317383
7393,10.775242805480957
7394,8.868589401245117
7395,9.901385307312012
7396,16.331043243408203
7397,14.26750659942627
7398,13.74525260925293
7399,18.796798706054688
7400,16.33077621459961
7401,23.058067321777344
7402,15.041561126708984
7403,14.423274040222168
7404,13.398239135742188
7405,12.341326713562012
7406,19.65416717529297
7407,15.936644554138184
7408,16.25260353088379
7409,9.778702735900879
7410,9.437047958374023
7411,12.994125366210938
7412,14.219680786132812
7413,10.414475440979004
7414,18.7617244720459
7415,16.341121673583984
7416,18.988405227661133
7417,18.788116455078125
7418,22.33243179321289
7419,19.337825775146484
7420,14.907877922058105
7421,23.28418731689453
7422,19.88018226623535
7423,13.904505729675293
7424,18.92635726928711
7425,17.029935836791992
7426,18.8295955657959
7427,23.363544464111328
7428,28.817707061767578
7429,26.096168518066406
7430,23.998828887939453
7431,18.670700073242188
7432,20.230571746826172
7433,15.893449783325195
7434,15.738317489624023
7435,12.754734992980957
7436,5.589317798614502
7437,10.478668212890625
7438,13.057692527770996
7439,14.573095321655273
7440,20.862348556518555
7441,20.09770393371582
7442,18.704681396484375
7443,16.751325607299805
7444,13.208829879760742
7445,19.201753616333008
7446,14.6039400100708
7447,15.808244705200195
7448,18.2957763671875
7449,12.89030933380127
7450,12.538154602050781
7451,16.414342880249023
7452,12.276129722595215
7453,16.226388931274414
7454,14.140678405761719
7455,11.91876220703125
7456,13.880399703979492
7457,14.492964744567871
7458,14.970566749572754
7459,10.407923698425293
7460,15.935697555541992
7461,18.54730796813965
7462,10.321474075317383
7463,13.364728927612305
7464,9.721693992614746
7465,5.094782829284668
7466,7.018928050994873
7467,7.55686616897583
7468,5.1774067878723145
7469,9.164340019226074
7470,9.112874031066895
7471,15.050908088684082
7472,16.44161033630371
7473,16.910343170166016
7474,16.653047561645508
7475,15.508957862854004
7476,15.293971061706543
7477,15.069792747497559
7478,10.354936599731445
7479,12.579042434692383
7480,11.327840805053711
7481,7.49110221862793
7482,6.493785858154297
7483,9.523265838623047
7484,8.111666679382324
7485,8.507369041442871
7486,10.766544342041016
7487,9.493484497070312
7488,13.170202255249023
7489,12.009495735168457
7490,19.25516700744629
7491,17.762622833251953
7492,16.206266403198242
7493,11.713211059570312
7494,14.02145767211914
7495,17.831443786621094
7496,10.67226791381836
7497,12.456748962402344
7498,9.927091598510742
7499,9.391534805297852
7500,8.835332870483398
7501,13.024260520935059
7502,10.69219970703125
7503,11.70826244354248
7504,10.600509643554688
7505,14.944890022277832
7506,10.61303424835205
7507,11.727059364318848
7508,13.71753978729248
7509,14.683698654174805
7510,12.521700859069824
7511,14.437185287475586
7512,11.751812934875488
7513,16.7109432220459
7514,15.917594909667969
7515,9.347063064575195
7516,13.15185546875
7517,16.187835693359375
7518,17.681621551513672
7519,20.543720245361328
7520,18.022462844848633
7521,18.00291633605957
7522,15.231301307678223
7523,14.93906021118164
7524,12.67106819152832
7525,12.043578147888184
7526,14.569923400878906
7527,18.756908416748047
7528,8.815835952758789
7529,13.294114112854004
7530,18.346586227416992
7531,23.866607666015625
7532,21.69982147216797
7533,18.033485412597656
7534,29.91314697265625
7535,37.26515579223633
7536,28.822786331176758
7537,22.979751586914062
7538,28.648193359375
7539,20.168319702148438
7540,15.754110336303711
7541,12.182353973388672
7542,14.555803298950195
7543,16.060745239257812
7544,9.659283638000488
7545,15.258697509765625
7546,19.984268188476562
7547,17.23786735534668
7548,17.462993621826172
7549,19.536008834838867
7550,29.86136245727539
7551,30.800573348999023
7552,22.94986343383789
7553,19.77322006225586
7554,12.649506568908691
7555,13.048260688781738
7556,6.401670932769775
7557,5.584907531738281
7558,6.976101875305176
7559,5.565964221954346
7560,7.0601019859313965
7561,10.268102645874023
7562,18.705869674682617
7563,18.894479751586914
7564,23.66219139099121
7565,19.083864212036133
7566,22.326007843017578
7567,24.563976287841797
7568,24.435894012451172
7569,25.441499710083008
7570,17.038843154907227
7571,12.571833610534668
7572,17.238052368164062
7573,26.255521774291992
7574,23.1314640045166
7575,10.490256309509277
7576,16.10289764404297
7577,14.644857406616211
7578,16.143545150756836
7579,14.31177043914795
7580,21.411590576171875
7581,19.590959548950195
7582,22.03904914855957
7583,14.0480375289917
7584,18.84619903564453
7585,11.859095573425293
7586,11.807199478149414
7587,13.663422584533691
7588,11.077962875366211
7589,17.27155303955078
7590,13.449923515319824
7591,12.946372032165527
7592,18.355669021606445
7593,19.782142639160156
7594,11.51557445526123
7595,15.904664039611816
7596,19.918352127075195
7597,14.99765682220459
7598,11.429215431213379
7599,8.848278999328613
7600,12.523469924926758
7601,13.95303726196289
7602,16.45989418029785
7603,16.132173538208008
7604,20.474559783935547
7605,17.026479721069336
7606,7.505640506744385
7607,7.322515487670898
7608,8.570837020874023
7609,12.96229076385498
7610,10.395003318786621
7611,12.362607955932617
7612,13.4011812210083
7613,23.33684730529785
7614,11.603471755981445
7615,9.354096412658691
7616,15.334362030029297
7617,8.52806282043457
7618,10.73868465423584
7619,10.58580493927002
7620,12.083789825439453
7621,11.534008026123047
7622,13.566149711608887
7623,10.082681655883789
7624,10.220343589782715
7625,13.889907836914062
7626,18.83669662475586
7627,13.534579277038574
7628,12.848504066467285
7629,13.164009094238281
7630,7.33225154876709
7631,12.739395141601562
7632,14.729398727416992
7633,10.828885078430176
7634,9.335445404052734
7635,11.931118965148926
7636,10.626644134521484
7637,11.910597801208496
7638,15.508600234985352
7639,12.926815032958984
7640,14.511241912841797
7641,17.866703033447266
7642,15.956541061401367
7643,15.349720001220703
7644,14.9723539352417
7645,11.14793586730957
7646,11.192118644714355
7647,12.501516342163086
7648,7.984123229980469
7649,12.645600318908691
7650,10.06645679473877
7651,14.906780242919922
7652,17.74180793762207
7653,21.106657028198242
7654,17.476802825927734
7655,16.112634658813477
7656,15.67113208770752
7657,15.659955024719238
7658,16.26813316345215
7659,11.264394760131836
7660,12.693103790283203
7661,13.056300163269043
7662,11.934340476989746
7663,11.443565368652344
7664,14.288763999938965
7665,12.971675872802734
7666,12.537087440490723
7667,12.745643615722656
7668,14.269231796264648
7669,13.16977310180664
7670,17.311872482299805
7671,12.788558959960938
7672,11.037638664245605
7673,16.471824645996094
7674,20.137632369995117
7675,22.067358016967773
7676,14.041004180908203
7677,10.935083389282227
7678,13.477702140808105
7679,18.108137130737305
7680,9.73752212524414
7681,17.001163482666016
7682,20.909591674804688
7683,18.170391082763672
7684,16.443267822265625
7685,19.290924072265625
7686,16.15601348876953
7687,16.067398071289062
7688,17.014524459838867
7689,14.15267562866211
7690,14.203104019165039
7691,9.959585189819336
7692,9.347451210021973
7693,15.922272682189941
7694,21.910167694091797
7695,19.42908477783203
7696,20.226497650146484
7697,17.689064025878906
7698,30.728729248046875
7699,30.234777450561523
7700,24.68124771118164
7701,25.89519500732422
7702,21.1009464263916
7703,18.67344093322754
7704,15.869552612304688
7705,14.480179786682129
7706,12.17984390258789
7707,11.93658447265625
7708,14.56956958770752
7709,12.650548934936523
7710,12.937576293945312
7711,8.992753028869629
7712,14.390523910522461
7713,14.548369407653809
7714,23.257343292236328
7715,26.08046531677246
7716,26.51966094970703
7717,16.1315975189209
7718,14.91270923614502
7719,11.619277954101562
7720,14.5350980758667
7721,4.6150031089782715
7722,4.413495063781738
7723,6.598477363586426
7724,6.031214714050293
7725,4.911131858825684
7726,8.88897705078125
7727,9.741649627685547
7728,11.554642677307129
7729,11.26513385772705
7730,13.211094856262207
7731,9.996989250183105
7732,5.505093097686768
7733,6.557672023773193
7734,7.986176490783691
7735,11.225513458251953
7736,10.756491661071777
7737,16.85929298400879
7738,14.059549331665039
7739,12.050137519836426
7740,21.470422744750977
7741,22.237829208374023
7742,14.65390396118164
7743,19.792078018188477
7744,10.565662384033203
7745,15.717058181762695
7746,13.921651840209961
7747,8.695267677307129
7748,11.638873100280762
7749,9.567723274230957
7750,18.591825485229492
7751,12.688193321228027
7752,17.95290184020996
7753,15.359797477722168
7754,15.341733932495117
7755,16.147790908813477
7756,14.748588562011719
7757,16.761117935180664
7758,10.731809616088867
7759,14.287789344787598
7760,15.411999702453613
7761,16.949283599853516
7762,17.02542495727539
7763,14.459013938903809
7764,16.772695541381836
7765,15.229875564575195
7766,8.512401580810547
7767,10.216124534606934
7768,18.45430564880371
7769,16.276147842407227
7770,21.439905166625977
7771,19.456167221069336
7772,22.01792335510254
7773,32.458011627197266
7774,26.729122161865234
7775,25.291833877563477
7776,22.766733169555664
7777,15.513677597045898
7778,21.245798110961914
7779,20.29569435119629
7780,17.97865104675293
7781,12.885159492492676
7782,6.445300579071045
7783,7.665116786956787
7784,10.490153312683105
7785,11.080794334411621
7786,11.678284645080566
7787,15.623892784118652
7788,15.519652366638184
7789,20.079246520996094
7790,19.16716766357422
7791,22.399124145507812
7792,25.327810287475586
7793,21.211299896240234
7794,23.27491569519043
7795,29.41654396057129
7796,22.83141326904297
7797,17.80478858947754
7798,6.79628849029541
7799,10.278696060180664
7800,11.62639045715332
7801,8.696990013122559
7802,11.745424270629883
7803,21.24444580078125
7804,21.115516662597656
7805,21.466896057128906
7806,24.549333572387695
7807,24.078372955322266
7808,25.980066299438477
7809,22.82832908630371
7810,16.92526626586914
7811,22.86562728881836
7812,8.516679763793945
7813,6.152120590209961
7814,8.62724494934082
7815,7.84939432144165
7816,14.815948486328125
7817,8.580971717834473
7818,19.87791633605957
7819,13.13555908203125
7820,14.091340065002441
7821,18.824012756347656
7822,15.032795906066895
7823,17.573904037475586
7824,19.441131591796875
7825,17.234832763671875
7826,16.75830078125
7827,12.060226440429688
7828,12.803620338439941
7829,10.643476486206055
7830,9.725318908691406
7831,14.038564682006836
7832,12.804725646972656
7833,14.302130699157715
7834,17.012439727783203
7835,12.759445190429688
7836,18.949501037597656
7837,13.514433860778809
7838,17.92401695251465
7839,15.51590633392334
7840,12.882184028625488
7841,15.23989200592041
7842,13.642364501953125
7843,21.06389808654785
7844,17.211143493652344
7845,13.78019905090332
7846,14.347172737121582
7847,18.55314826965332
7848,17.208280563354492
7849,14.933216094970703
7850,21.221399307250977
7851,13.316511154174805
7852,18.109798431396484
7853,18.322011947631836
7854,11.117935180664062
7855,14.711344718933105
7856,15.428914070129395
7857,18.605506896972656
7858,15.905655860900879
7859,21.922359466552734
7860,12.130419731140137
7861,14.013879776000977
7862,11.745296478271484
7863,13.6637544631958
7864,21.208234786987305
7865,16.06810188293457
7866,16.824892044067383
7867,19.675004959106445
7868,19.674724578857422
7869,16.084753036499023
7870,24.76153564453125
7871,18.200626373291016
7872,13.745821952819824
7873,10.944856643676758
7874,12.353145599365234
7875,12.552593231201172
7876,10.339357376098633
7877,11.914886474609375
7878,12.87906265258789
7879,17.339954376220703
7880,16.371713638305664
7881,13.443857192993164
7882,9.595414161682129
7883,13.979840278625488
7884,17.082151412963867
7885,15.268768310546875
7886,11.505000114440918
7887,11.400078773498535
7888,7.872896194458008
7889,9.590950012207031
7890,8.421699523925781
7891,13.454483985900879
7892,9.085887908935547
7893,4.265814304351807
7894,6.667966842651367
7895,5.945626258850098
7896,9.777894973754883
7897,10.42429256439209
7898,14.143237113952637
7899,13.582328796386719
7900,15.149867057800293
7901,16.990480422973633
7902,9.199742317199707
7903,14.012097358703613
7904,7.341027736663818
7905,6.500939846038818
7906,5.278112888336182
7907,5.728951454162598
7908,9.007905006408691
7909,11.54499626159668
7910,12.430359840393066
7911,18.3834171295166
7912,20.30462646484375
7913,20.505220413208008
7914,16.906225204467773
7915,18.38792610168457
7916,15.52771282196045
7917,17.09519386291504
7918,18.982595443725586
7919,10.90583610534668
7920,12.373786926269531
7921,14.676761627197266
7922,14.656803131103516
7923,17.06865692138672
7924,18.407743453979492
7925,23.914899826049805
7926,25.48179817199707
7927,21.839332580566406
7928,28.35843276977539
7929,29.417091369628906
7930,23.479623794555664
7931,29.165302276611328
7932,24.984407424926758
7933,15.783944129943848
7934,32.00707244873047
7935,16.38069725036621
7936,16.122953414916992
7937,20.099254608154297
7938,17.038644790649414
7939,17.760217666625977
7940,15.167014122009277
7941,14.001747131347656
7942,14.887710571289062
7943,16.83936309814453
7944,17.786962509155273
7945,13.886323928833008
7946,17.50655174255371
7947,14.519462585449219
7948,8.639753341674805
7949,10.136638641357422
7950,10.745501518249512
7951,8.430397033691406
7952,8.611474990844727
7953,7.477038383483887
7954,9.168726921081543
7955,9.305177688598633
7956,7.104803085327148
7957,8.728564262390137
7958,9.126324653625488
7959,12.723780632019043
7960,13.821149826049805
7961,18.00787353515625
7962,16.533811569213867
7963,16.25871467590332
7964,16.42728614807129
7965,18.137662887573242
7966,21.007686614990234
7967,19.534536361694336
7968,21.498531341552734
7969,20.44660186767578
7970,23.220279693603516
7971,23.843244552612305
7972,23.92268943786621
7973,23.35696029663086
7974,22.0457763671875
7975,15.906882286071777
7976,14.328782081604004
7977,10.397189140319824
7978,12.96899127960205
7979,14.309195518493652
7980,14.117734909057617
7981,9.566546440124512
7982,14.020732879638672
7983,9.84074878692627
7984,6.965719699859619
7985,9.931524276733398
7986,9.758502960205078
7987,13.058752059936523
7988,28.411733627319336
7989,19.247867584228516
7990,16.97745132446289
7991,17.755115509033203
7992,13.142382621765137
7993,19.949106216430664
7994,21.529197692871094
7995,11.396638870239258
7996,15.500946998596191
7997,14.189910888671875
7998,16.76611328125
7999,15.474625587463379
8000,14.60689640045166
8001,16.348222732543945
8002,15.625834465026855
8003,11.01862907409668
8004,14.139469146728516
8005,10.51589298248291
8006,7.248269557952881
8007,6.349249362945557
8008,6.716096878051758
8009,4.451737880706787
8010,8.658498764038086
8011,11.22238826751709
8012,14.139203071594238
8013,15.878070831298828
8014,13.094758987426758
8015,19.233285903930664
8016,14.061347007751465
8017,18.34649658203125
8018,12.165509223937988
8019,12.15207576751709
8020,10.727485656738281
8021,13.849063873291016
8022,18.448699951171875
8023,12.222433090209961
8024,15.884373664855957
8025,13.29114055633545
8026,11.107305526733398
8027,11.347606658935547
8028,11.009383201599121
8029,10.339547157287598
8030,10.662476539611816
8031,9.664084434509277
8032,14.20881462097168
8033,19.512290954589844
8034,19.416290283203125
8035,22.174867630004883
8036,19.362442016601562
8037,13.384236335754395
8038,18.694766998291016
8039,16.824039459228516
8040,16.239059448242188
8041,17.313861846923828
8042,15.914904594421387
8043,18.99471092224121
8044,18.980186462402344
8045,19.901826858520508
8046,21.618749618530273
8047,19.315446853637695
8048,22.31268310546875
8049,23.572065353393555
8050,22.717185974121094
8051,18.847715377807617
8052,17.45695686340332
8053,16.782445907592773
8054,13.109395980834961
8055,10.442893981933594
8056,13.174840927124023
8057,16.009048461914062
8058,9.70518684387207
8059,14.568794250488281
8060,15.02442455291748
8061,16.539636611938477
8062,16.264450073242188
8063,15.70177173614502
8064,13.315366744995117
8065,13.488651275634766
8066,18.24262237548828
8067,15.482354164123535
8068,16.110021591186523
8069,15.035510063171387
8070,16.519092559814453
8071,9.154260635375977
8072,5.29664945602417
8073,7.128796100616455
8074,13.99924087524414
8075,16.009464263916016
8076,17.79747200012207
8077,19.104665756225586
8078,12.025431632995605
8079,16.228782653808594
8080,18.469093322753906
8081,16.97869873046875
8082,14.938740730285645
8083,12.104546546936035
8084,13.308072090148926
8085,11.07714557647705
8086,13.136429786682129
8087,9.847576141357422
8088,12.933104515075684
8089,17.86688995361328
8090,20.284955978393555
8091,12.01012134552002
8092,12.925552368164062
8093,17.349037170410156
8094,14.48825740814209
8095,16.622604370117188
8096,15.672849655151367
8097,15.854386329650879
8098,10.924174308776855
8099,8.138818740844727
8100,9.049735069274902
8101,6.7168779373168945
8102,5.129909038543701
8103,6.420398712158203
8104,8.497783660888672
8105,5.677260875701904
8106,12.287646293640137
8107,9.337681770324707
8108,12.80343246459961
8109,17.52542495727539
8110,19.92496681213379
8111,23.65411949157715
8112,18.527114868164062
8113,13.8178129196167
8114,19.800495147705078
8115,16.674955368041992
8116,13.397076606750488
8117,15.202140808105469
8118,12.543582916259766
8119,9.640978813171387
8120,13.533146858215332
8121,7.238180637359619
8122,14.93395709991455
8123,6.894567966461182
8124,12.600166320800781
8125,14.564906120300293
8126,17.169105529785156
8127,15.838313102722168
8128,16.942052841186523
8129,15.3087158203125
8130,14.564149856567383
8131,9.866318702697754
8132,12.502069473266602
8133,11.757512092590332
8134,13.531013488769531
8135,15.055463790893555
8136,10.846240997314453
8137,15.418684005737305
8138,11.547842979431152
8139,10.041886329650879
8140,19.328195571899414
8141,20.93915557861328
8142,15.045775413513184
8143,22.795886993408203
8144,17.565494537353516
8145,21.819406509399414
8146,21.25756072998047
8147,18.59323501586914
8148,16.320205688476562
8149,12.624369621276855
8150,10.658607482910156
8151,13.318506240844727
8152,17.54779815673828
8153,14.681863784790039
8154,17.01495361328125
8155,12.612269401550293
8156,14.295878410339355
8157,15.483132362365723
8158,10.872174263000488
8159,15.703373908996582
8160,17.10177993774414
8161,19.985326766967773
8162,19.624858856201172
8163,15.058472633361816
8164,28.159629821777344
8165,15.93911361694336
8166,19.974716186523438
8167,17.26062774658203
8168,19.483304977416992
8169,21.460426330566406
8170,25.799182891845703
8171,22.626359939575195
8172,17.639280319213867
8173,18.42308807373047
8174,21.249582290649414
8175,25.169763565063477
8176,18.22622299194336
8177,13.588708877563477
8178,17.703283309936523
8179,27.141359329223633
8180,15.992511749267578
8181,14.127731323242188
8182,13.000900268554688
8183,16.986356735229492
8184,14.322470664978027
8185,14.92903995513916
8186,7.982382774353027
8187,8.178537368774414
8188,5.314550876617432
8189,3.43037486076355
8190,5.547772407531738
8191,6.560257434844971
8192,12.573904037475586
8193,10.933677673339844
8194,13.772750854492188
8195,18.3485050201416
8196,21.66079330444336
8197,20.320865631103516
8198,20.68705940246582
8199,19.74700164794922
8200,16.5175724029541
8201,16.336023330688477
8202,15.516554832458496
8203,9.946104049682617
8204,15.76444149017334
8205,22.902929306030273
8206,10.07107925415039
8207,14.631817817687988
8208,15.757568359375
8209,16.397708892822266
8210,10.793489456176758
8211,13.733381271362305
8212,14.076650619506836
8213,21.509557723999023
8214,17.07955551147461
8215,12.641663551330566
8216,11.213127136230469
8217,16.41254234313965
8218,14.930929183959961
8219,12.8898286819458
8220,11.950658798217773
8221,12.49048900604248
8222,13.256929397583008
8223,9.664999961853027
8224,10.39354133605957
8225,11.501898765563965
8226,9.879627227783203
8227,15.872746467590332
8228,16.599056243896484
8229,16.726171493530273
8230,19.448999404907227
8231,19.86589241027832
8232,20.551176071166992
8233,17.391613006591797
8234,11.543968200683594
8235,14.529440879821777
8236,12.663193702697754
8237,16.541250228881836
8238,15.91053295135498
8239,14.682605743408203
8240,9.1703462600708
8241,10.309270858764648
8242,13.112993240356445
8243,11.159041404724121
8244,15.705740928649902
8245,12.422513961791992
8246,12.308319091796875
8247,12.72032356262207
8248,13.9282865524292
8249,15.925679206848145
8250,16.571609497070312
8251,9.877199172973633
8252,13.082316398620605
8253,11.12785530090332
8254,13.287915229797363
8255,11.767863273620605
8256,12.671475410461426
8257,16.04414939880371
8258,11.26257610321045
8259,14.227706909179688
8260,17.137874603271484
8261,11.001179695129395
8262,11.306129455566406
8263,8.306547164916992
8264,10.499696731567383
8265,6.7048468589782715
8266,9.432581901550293
8267,10.988004684448242
8268,13.699694633483887
8269,11.905369758605957
8270,10.360898971557617
8271,9.077219009399414
8272,19.233034133911133
8273,10.375265121459961
8274,12.55396842956543
8275,29.47736167907715
8276,20.531187057495117
8277,20.448333740234375
8278,14.816852569580078
8279,13.013165473937988
8280,18.376054763793945
8281,18.75397300720215
8282,14.776609420776367
8283,7.249477863311768
8284,15.734883308410645
8285,14.777104377746582
8286,15.332351684570312
8287,13.87960147857666
8288,22.868715286254883
8289,25.42177391052246
8290,15.398529052734375
8291,12.970373153686523
8292,20.132064819335938
8293,16.684282302856445
8294,22.087772369384766
8295,14.601476669311523
8296,21.016908645629883
8297,18.060714721679688
8298,23.479490280151367
8299,25.398548126220703
8300,24.396833419799805
8301,27.171361923217773
8302,20.835296630859375
8303,22.17162322998047
8304,17.529830932617188
8305,19.20806884765625
8306,13.484135627746582
8307,18.792455673217773
8308,8.636945724487305
8309,11.826266288757324
8310,3.916705369949341
8311,7.531713962554932
8312,10.643229484558105
8313,10.82768440246582
8314,10.544928550720215
8315,10.384641647338867
8316,15.358616828918457
8317,17.83030891418457
8318,17.20602035522461
8319,13.9528169631958
8320,16.180435180664062
8321,14.873185157775879
8322,19.700368881225586
8323,12.36424446105957
8324,13.653203010559082
8325,9.072831153869629
8326,11.269866943359375
8327,11.164268493652344
8328,14.494551658630371
8329,17.508790969848633
8330,20.907564163208008
8331,15.853233337402344
8332,16.084918975830078
8333,27.49201774597168
8334,21.958152770996094
8335,20.553943634033203
8336,20.009389877319336
8337,20.797422409057617
8338,14.756949424743652
8339,14.137317657470703
8340,11.524087905883789
8341,10.200368881225586
8342,15.730189323425293
8343,9.545896530151367
8344,10.15436840057373
8345,8.670327186584473
8346,12.296588897705078
8347,11.383221626281738
8348,13.068503379821777
8349,12.506949424743652
8350,16.178081512451172
8351,15.657792091369629
8352,15.959346771240234
8353,14.331315994262695
8354,13.842534065246582
8355,15.217941284179688
8356,16.167367935180664
8357,11.321059226989746
8358,13.504461288452148
8359,13.112655639648438
8360,12.846590042114258
8361,8.404122352600098
8362,15.178018569946289
8363,11.29429817199707
8364,10.791924476623535
8365,17.17035675048828
8366,19.55031967163086
8367,18.1859188079834
8368,17.069612503051758
8369,14.905766487121582
8370,8.871199607849121
8371,11.383832931518555
8372,7.912972450256348
8373,9.016393661499023
8374,10.351161003112793
8375,15.335872650146484
8376,15.659908294677734
8377,17.79473876953125
8378,15.071481704711914
8379,14.1199312210083
8380,13.392821311950684
8381,17.33985710144043
8382,17.038278579711914
8383,17.073429107666016
8384,25.07256507873535
8385,13.413933753967285
8386,16.059913635253906
8387,12.942907333374023
8388,5.687436580657959
8389,8.165160179138184
8390,7.913615703582764
8391,13.522381782531738
8392,13.290691375732422
8393,12.788224220275879
8394,11.634652137756348
8395,17.67481231689453
8396,20.629165649414062
8397,16.495140075683594
8398,17.69748878479004
8399,18.125659942626953
8400,10.766153335571289
8401,6.320625305175781
8402,6.810200214385986
8403,6.024158000946045
8404,10.06456184387207
8405,4.945335865020752
8406,11.697059631347656
8407,17.16905403137207
8408,16.79159164428711
8409,20.15174102783203
8410,13.669251441955566
8411,13.278769493103027
8412,19.18985939025879
8413,16.414146423339844
8414,13.965394973754883
8415,11.844234466552734
8416,15.463150024414062
8417,14.554583549499512
8418,10.852078437805176
8419,14.993561744689941
8420,21.999975204467773
8421,13.919694900512695
8422,16.247838973999023
8423,12.044782638549805
8424,15.091282844543457
8425,12.5791654586792
8426,14.74806022644043
8427,14.737119674682617
8428,11.566408157348633
8429,16.672954559326172
8430,19.323171615600586
8431,23.56749725341797
8432,15.886770248413086
8433,13.630154609680176
8434,20.569753646850586
8435,12.040417671203613
8436,8.890755653381348
8437,8.327125549316406
8438,10.216337203979492
8439,13.160399436950684
8440,17.336023330688477
8441,13.871583938598633
8442,14.307084083557129
8443,19.47500991821289
8444,19.44532585144043
8445,17.629589080810547
8446,11.23382568359375
8447,10.264774322509766
8448,11.130864143371582
8449,8.282455444335938
8450,13.187055587768555
8451,13.707189559936523
8452,16.064334869384766
8453,12.0766019821167
8454,14.676644325256348
8455,15.428462028503418
8456,18.813337326049805
8457,20.682771682739258
8458,13.700241088867188
8459,16.456012725830078
8460,15.854016304016113
8461,14.241849899291992
8462,11.531536102294922
8463,10.265461921691895
8464,10.914739608764648
8465,11.850122451782227
8466,13.532238960266113
8467,19.347238540649414
8468,18.69977569580078
8469,14.969684600830078
8470,14.402859687805176
8471,16.402597427368164
8472,24.19609832763672
8473,26.420448303222656
8474,30.051490783691406
8475,18.266677856445312
8476,23.533666610717773
8477,16.708345413208008
8478,19.51532554626465
8479,18.18626594543457
8480,21.4361515045166
8481,14.373027801513672
8482,15.174181938171387
8483,17.450916290283203
8484,21.60904884338379
8485,23.343473434448242
8486,14.880712509155273
8487,18.542078018188477
8488,18.595455169677734
8489,19.546127319335938
8490,15.247319221496582
8491,11.033440589904785
8492,14.351004600524902
8493,12.859509468078613
8494,7.192651748657227
8495,10.158947944641113
8496,8.88840103149414
8497,11.375547409057617
8498,11.924965858459473
8499,5.768331050872803
8500,13.690035820007324
8501,10.883561134338379
8502,20.55257797241211
8503,15.371317863464355
8504,17.599411010742188
8505,16.623424530029297
8506,13.15572738647461
8507,16.48853874206543
8508,20.293405532836914
8509,19.629131317138672
8510,18.519689559936523
8511,22.438018798828125
8512,16.482545852661133
8513,17.063875198364258
8514,19.854740142822266
8515,14.353894233703613
8516,15.356749534606934
8517,16.523670196533203
8518,20.51045036315918
8519,15.209139823913574
8520,15.255915641784668
8521,15.753030776977539
8522,11.936978340148926
8523,11.53907585144043
8524,11.992423057556152
8525,13.16671371459961
8526,12.339695930480957
8527,11.645986557006836
8528,9.83442211151123
8529,8.184674263000488
8530,9.248252868652344
8531,13.741521835327148
8532,16.81401252746582
8533,12.319225311279297
8534,15.834565162658691
8535,18.704530715942383
8536,17.21074676513672
8537,10.746543884277344
8538,15.859606742858887
8539,15.837165832519531
8540,10.868612289428711
8541,14.851512908935547
8542,9.518019676208496
8543,16.752490997314453
8544,11.908989906311035
8545,15.286124229431152
8546,12.58682918548584
8547,13.411650657653809
8548,18.80060577392578
8549,11.178018569946289
8550,15.189370155334473
8551,19.18306541442871
8552,14.175261497497559
8553,15.791852951049805
8554,12.799938201904297
8555,18.895105361938477
8556,24.549287796020508
8557,21.30088996887207
8558,18.949506759643555
8559,13.171308517456055
8560,14.660576820373535
8561,19.694265365600586
8562,17.685239791870117
8563,20.636764526367188
8564,14.40367317199707
8565,21.2075138092041
8566,17.501968383789062
8567,11.889691352844238
8568,10.925727844238281
8569,9.343085289001465
8570,16.144779205322266
8571,12.380602836608887
8572,16.216960906982422
8573,19.800765991210938
8574,15.09597396850586
8575,12.00837516784668
8576,22.722951889038086
8577,20.713586807250977
8578,16.42935562133789
8579,17.32272720336914
8580,15.98416805267334
8581,13.63580322265625
8582,11.065330505371094
8583,7.181074619293213
8584,5.99338436126709
8585,13.536783218383789
8586,7.411595821380615
8587,12.240488052368164
8588,16.994585037231445
8589,19.43494415283203
8590,17.444143295288086
8591,16.599653244018555
8592,19.478466033935547
8593,19.06978416442871
8594,17.978445053100586
8595,21.177152633666992
8596,15.897150993347168
8597,5.810722827911377
8598,9.475377082824707
8599,9.456344604492188
8600,11.72754955291748
8601,9.407492637634277
8602,12.555187225341797
8603,17.1953067779541
8604,20.09811019897461
8605,21.48343276977539
8606,23.014432907104492
8607,18.05010414123535
8608,18.71019744873047
8609,14.794378280639648
8610,13.159429550170898
8611,12.115755081176758
8612,13.455111503601074
8613,9.127583503723145
8614,10.425999641418457
8615,10.56518840789795
8616,13.478250503540039
8617,12.023484230041504
8618,12.067251205444336
8619,11.49189567565918
8620,12.758514404296875
8621,12.828385353088379
8622,13.55801773071289
8623,14.723122596740723
8624,19.95958137512207
8625,20.526796340942383
8626,29.81561279296875
8627,33.30641174316406
8628,27.783288955688477
8629,23.884906768798828
8630,15.930618286132812
8631,15.788409233093262
8632,10.732264518737793
8633,15.972808837890625
8634,11.826492309570312
8635,11.178109169006348
8636,11.48939323425293
8637,10.459160804748535
8638,11.833681106567383
8639,10.40688705444336
8640,10.57663345336914
8641,9.348172187805176
8642,9.146272659301758
8643,14.381163597106934
8644,14.663935661315918
8645,8.043188095092773
8646,7.881466388702393
8647,8.266430854797363
8648,17.1613712310791
8649,21.492881774902344
8650,24.664203643798828
8651,29.537288665771484
8652,30.139610290527344
8653,27.78972053527832
8654,26.539636611938477
8655,22.18256187438965
8656,21.634315490722656
8657,16.779834747314453
8658,18.878711700439453
8659,14.283395767211914
8660,22.621780395507812
8661,20.07154083251953
8662,13.811399459838867
8663,12.560456275939941
8664,16.77253532409668
8665,13.899852752685547
8666,18.93553352355957
8667,20.385652542114258
8668,15.168169975280762
8669,17.303043365478516
8670,23.37897491455078
8671,17.079988479614258
8672,17.706005096435547
8673,17.00969886779785
8674,13.564315795898438
8675,9.476877212524414
8676,11.630972862243652
8677,13.628564834594727
8678,12.77734375
8679,15.670132637023926
8680,13.494592666625977
8681,15.978421211242676
8682,10.405566215515137
8683,16.531951904296875
8684,13.88001823425293
8685,14.3439302444458
8686,16.826608657836914
8687,17.38710594177246
8688,14.927172660827637
8689,14.415687561035156
8690,12.215973854064941
8691,14.267273902893066
8692,17.96991729736328
8693,14.553436279296875
8694,13.080708503723145
8695,14.213168144226074
8696,18.628812789916992
8697,16.959964752197266
8698,24.297264099121094
8699,25.58502769470215
8700,19.0981502532959
8701,15.832706451416016
8702,21.539419174194336
8703,9.247123718261719
8704,14.633633613586426
8705,7.630397319793701
8706,8.120828628540039
8707,13.5107421875
8708,10.709537506103516
8709,15.638906478881836
8710,16.25482177734375
8711,14.642988204956055
8712,29.665184020996094
8713,23.790861129760742
8714,21.843488693237305
8715,16.354122161865234
8716,22.114805221557617
8717,27.066064834594727
8718,24.392576217651367
8719,16.392589569091797
8720,16.32793426513672
8721,10.085508346557617
8722,14.465550422668457
8723,12.837056159973145
8724,16.84844970703125
8725,14.9065523147583
8726,21.335304260253906
8727,19.638357162475586
8728,17.50018310546875
8729,16.42717170715332
8730,20.027851104736328
8731,14.777307510375977
8732,12.131711959838867
8733,12.534764289855957
8734,12.402406692504883
8735,13.09582233428955
8736,17.755414962768555
8737,13.470427513122559
8738,11.27652359008789
8739,15.909953117370605
8740,17.419836044311523
8741,18.27690887451172
8742,19.911481857299805
8743,14.53958797454834
8744,14.190713882446289
8745,18.937685012817383
8746,15.016861915588379
8747,18.096450805664062
8748,16.414730072021484
8749,12.256861686706543
8750,12.921613693237305
8751,9.66563892364502
8752,10.110458374023438
8753,11.18056869506836
8754,9.001243591308594
8755,5.716813087463379
8756,9.61423397064209
8757,11.151350021362305
8758,11.814774513244629
8759,12.25610065460205
8760,9.028711318969727
8761,17.613422393798828
8762,19.601465225219727
8763,27.454513549804688
8764,17.093963623046875
8765,13.064448356628418
8766,11.820104598999023
8767,13.120002746582031
8768,12.342330932617188
8769,18.72714614868164
8770,19.225494384765625
8771,16.101978302001953
8772,22.716127395629883
8773,27.45265007019043
8774,21.093788146972656
8775,27.432838439941406
8776,15.692872047424316
8777,22.331565856933594
8778,17.010892868041992
8779,24.322046279907227
8780,20.913545608520508
8781,19.773792266845703
8782,18.304323196411133
8783,15.390486717224121
8784,11.934314727783203
8785,14.948391914367676
8786,11.100316047668457
8787,12.646377563476562
8788,13.297340393066406
8789,12.748750686645508
8790,14.62534236907959
8791,12.847432136535645
8792,11.938335418701172
8793,16.33626365661621
8794,14.861457824707031
8795,14.137068748474121
8796,16.74859619140625
8797,8.721099853515625
8798,17.832984924316406
8799,21.049325942993164
8800,15.23108196258545
8801,16.693897247314453
8802,21.905675888061523
8803,19.922386169433594
8804,18.201019287109375
8805,15.673247337341309
8806,16.864013671875
8807,18.76852798461914
8808,13.736475944519043
8809,15.490179061889648
8810,12.59709358215332
8811,16.55702018737793
8812,10.715438842773438
8813,9.161698341369629
8814,10.303946495056152
8815,10.46843433380127
8816,14.315400123596191
8817,8.884126663208008
8818,16.221708297729492
8819,9.967920303344727
8820,15.336662292480469
8821,7.75425386428833
8822,12.329047203063965
8823,8.61386489868164
8824,10.78119945526123
8825,10.428971290588379
8826,7.162017822265625
8827,8.782894134521484
8828,7.41106653213501
8829,11.157539367675781
8830,15.975274085998535
8831,14.393294334411621
8832,8.5509033203125
8833,14.92715835571289
8834,16.990093231201172
8835,15.983702659606934
8836,20.465341567993164
8837,20.42180633544922
8838,19.529403686523438
8839,17.984176635742188
8840,14.020212173461914
8841,18.98528480529785
8842,13.409146308898926
8843,18.584829330444336
8844,16.74988555908203
8845,17.75461196899414
8846,18.156667709350586
8847,19.229537963867188
8848,14.327220916748047
8849,14.996188163757324
8850,22.133750915527344
8851,19.47714614868164
8852,18.607391357421875
8853,17.679813385009766
8854,19.674381256103516
8855,17.229433059692383
8856,15.85150146484375
8857,14.700404167175293
8858,9.526250839233398
8859,12.522845268249512
8860,18.175748825073242
8861,11.941091537475586
8862,5.521552562713623
8863,4.843698978424072
8864,10.577256202697754
8865,14.548315048217773
8866,10.761784553527832
8867,12.664504051208496
8868,13.845854759216309
8869,12.513421058654785
8870,18.344547271728516
8871,12.985280990600586
8872,15.3674898147583
8873,17.34422492980957
8874,20.621923446655273
8875,15.333459854125977
8876,13.627490043640137
8877,12.866264343261719
8878,12.957498550415039
8879,21.481630325317383
8880,15.31011962890625
8881,13.646739959716797
8882,12.961809158325195
8883,10.18295955657959
8884,15.149803161621094
8885,20.844623565673828
8886,13.736549377441406
8887,29.38020896911621
8888,21.150978088378906
8889,20.76386833190918
8890,15.067765235900879
8891,6.373724937438965
8892,13.355620384216309
8893,16.218948364257812
8894,16.79790687561035
8895,23.116302490234375
8896,16.58871841430664
8897,15.428747177124023
8898,17.180376052856445
8899,12.859148025512695
8900,10.24976634979248
8901,11.634467124938965
8902,11.04935073852539
8903,13.48172378540039
8904,14.425638198852539
8905,15.558980941772461
8906,19.131669998168945
8907,16.674375534057617
8908,17.028701782226562
8909,15.793231010437012
8910,14.789831161499023
8911,13.30534839630127
8912,13.280726432800293
8913,15.888599395751953
8914,7.112789630889893
8915,15.052177429199219
8916,11.302205085754395
8917,14.337841033935547
8918,11.253833770751953
8919,9.919417381286621
8920,14.377565383911133
8921,15.234865188598633
8922,18.37012481689453
8923,18.845722198486328
8924,14.294743537902832
8925,8.623104095458984
8926,12.443182945251465
8927,14.587407112121582
8928,19.72694969177246
8929,14.988411903381348
8930,12.28236198425293
8931,13.990928649902344
8932,15.60422134399414
8933,16.633516311645508
8934,11.700721740722656
8935,10.103556632995605
8936,12.40654468536377
8937,17.182254791259766
8938,16.104318618774414
8939,24.496583938598633
8940,20.98162269592285
8941,23.185909271240234
8942,17.74434471130371
8943,19.6986026763916
8944,15.604595184326172
8945,17.109540939331055
8946,14.605656623840332
8947,13.974784851074219
8948,14.063997268676758
8949,10.178556442260742
8950,12.653742790222168
8951,9.129454612731934
8952,17.137996673583984
8953,12.30494213104248
8954,10.06259822845459
8955,18.48495101928711
8956,16.424997329711914
8957,23.976167678833008
8958,17.416412353515625
8959,21.478904724121094
8960,16.387237548828125
8961,18.179828643798828
8962,13.413350105285645
8963,15.28077220916748
8964,12.335138320922852
8965,8.959198951721191
8966,15.274765014648438
8967,14.528816223144531
8968,10.354042053222656
8969,15.447443008422852
8970,10.713592529296875
8971,13.580859184265137
8972,18.13613510131836
8973,15.061246871948242
8974,18.96587562561035
8975,18.930789947509766
8976,16.872568130493164
8977,15.608054161071777
8978,17.19404411315918
8979,16.891141891479492
8980,25.871326446533203
8981,17.837169647216797
8982,28.969951629638672
8983,22.27806282043457
8984,20.88902473449707
8985,26.973661422729492
8986,18.64433479309082
8987,16.75520133972168
8988,21.867795944213867
8989,16.154850006103516
8990,17.858667373657227
8991,19.698179244995117
8992,14.120739936828613
8993,15.338569641113281
8994,15.08832836151123
8995,9.1534423828125
8996,11.816579818725586
8997,11.779799461364746
8998,8.213423728942871
8999,7.557963848114014
9000,8.394939422607422
9001,15.537120819091797
9002,13.714698791503906
9003,11.119120597839355
9004,13.29909610748291
9005,8.552136421203613
9006,13.079422950744629
9007,10.291935920715332
9008,11.309762001037598
9009,12.415586471557617
9010,12.666661262512207
9011,9.204010009765625
9012,8.439074516296387
9013,10.703635215759277
9014,15.929970741271973
9015,12.85379695892334
9016,10.646367073059082
9017,20.783233642578125
9018,17.108449935913086
9019,22.237672805786133
9020,12.3479642868042
9021,18.178468704223633
9022,13.358023643493652
9023,15.892417907714844
9024,14.934001922607422
9025,15.942556381225586
9026,11.41879940032959
9027,9.449029922485352
9028,11.73215389251709
9029,9.995970726013184
9030,11.730076789855957
9031,12.709432601928711
9032,7.52849817276001
9033,12.120800018310547
9034,13.003316879272461
9035,11.724743843078613
9036,14.20740795135498
9037,18.197219848632812
9038,15.63553524017334
9039,14.07102108001709
9040,14.707109451293945
9041,10.888946533203125
9042,15.80798625946045
9043,13.878583908081055
9044,14.346579551696777
9045,8.388383865356445
9046,9.818375587463379
9047,8.042141914367676
9048,8.051353454589844
9049,10.810032844543457
9050,4.610952377319336
9051,10.012627601623535
9052,12.776613235473633
9053,14.992409706115723
9054,17.215051651000977
9055,20.39060401916504
9056,24.883996963500977
9057,32.150787353515625
9058,16.490760803222656
9059,23.499757766723633
9060,17.346569061279297
9061,20.034114837646484
9062,14.373104095458984
9063,13.771636962890625
9064,13.687970161437988
9065,12.31816577911377
9066,9.62852668762207
9067,13.071100234985352
9068,15.890003204345703
9069,11.888092041015625
9070,12.363757133483887
9071,14.343711853027344
9072,15.258227348327637
9073,15.072226524353027
9074,27.02113151550293
9075,18.23701286315918
9076,17.865217208862305
9077,19.68783950805664
9078,19.05069923400879
9079,20.277908325195312
9080,21.454965591430664
9081,14.822471618652344
9082,18.313396453857422
9083,16.8554630279541
9084,19.99373435974121
9085,20.040002822875977
9086,15.433143615722656
9087,16.693777084350586
9088,16.239778518676758
9089,16.97369384765625
9090,13.538844108581543
9091,11.843497276306152
9092,10.687819480895996
9093,12.651199340820312
9094,12.704975128173828
9095,8.539949417114258
9096,6.5042524337768555
9097,10.37145709991455
9098,16.881053924560547
9099,22.029621124267578
9100,21.11803436279297
9101,12.338435173034668
9102,18.948062896728516
9103,28.697542190551758
9104,24.16539764404297
9105,17.35442352294922
9106,22.559371948242188
9107,16.095396041870117
9108,16.853029251098633
9109,15.00617790222168
9110,22.463642120361328
9111,29.04062843322754
9112,33.197261810302734
9113,25.49717140197754
9114,19.738990783691406
9115,22.187332153320312
9116,29.15834617614746
9117,24.0529842376709
9118,30.915563583374023
9119,24.821338653564453
9120,31.084861755371094
9121,32.78144073486328
9122,15.595341682434082
9123,14.264071464538574
9124,10.234954833984375
9125,10.354190826416016
9126,11.191153526306152
9127,9.599662780761719
9128,16.154220581054688
9129,15.39139175415039
9130,19.726083755493164
9131,14.181597709655762
9132,19.193927764892578
9133,10.987236022949219
9134,20.792821884155273
9135,19.79407501220703
9136,21.901885986328125
9137,28.101245880126953
9138,22.043415069580078
9139,14.725910186767578
9140,18.696395874023438
9141,16.59056854248047
9142,15.862207412719727
9143,18.77616310119629
9144,14.044339179992676
9145,9.48711109161377
9146,11.49311637878418
9147,11.978047370910645
9148,12.37452507019043
9149,16.804428100585938
9150,23.826677322387695
9151,32.35157012939453
9152,38.17047119140625
9153,14.881851196289062
9154,11.608298301696777
9155,19.316238403320312
9156,18.682680130004883
9157,13.424076080322266
9158,9.300077438354492
9159,13.391539573669434
9160,14.037640571594238
9161,13.578458786010742
9162,17.935209274291992
9163,15.91602897644043
9164,12.61521053314209
9165,17.320755004882812
9166,15.742705345153809
9167,18.856597900390625
9168,10.697662353515625
9169,15.85791015625
9170,21.427865982055664
9171,17.80005645751953
9172,14.007203102111816
9173,17.32839584350586
9174,13.747163772583008
9175,23.57660484313965
9176,23.561626434326172
9177,22.30381202697754
9178,17.392614364624023
9179,17.70804786682129
9180,10.793841361999512
9181,14.899985313415527
9182,10.723787307739258
9183,9.169737815856934
9184,7.850790023803711
9185,11.886404037475586
9186,11.102580070495605
9187,11.429850578308105
9188,13.033720970153809
9189,15.673649787902832
9190,12.91431713104248
9191,17.315217971801758
9192,17.528139114379883
9193,15.405315399169922
9194,14.260136604309082
9195,15.582087516784668
9196,19.587312698364258
9197,13.727919578552246
9198,22.857250213623047
9199,15.59091854095459
9200,18.093557357788086
9201,10.653051376342773
9202,13.605823516845703
9203,8.176562309265137
9204,10.900528907775879
9205,15.886438369750977
9206,14.660975456237793
9207,16.437143325805664
9208,13.42775821685791
9209,18.05938148498535
9210,17.957275390625
9211,18.757610321044922
9212,18.004539489746094
9213,16.955883026123047
9214,13.916617393493652
9215,11.895221710205078
9216,9.135025024414062
9217,12.811016082763672
9218,10.055685997009277
9219,6.889139652252197
9220,7.009294033050537
9221,8.309514045715332
9222,8.4349946975708
9223,5.9967756271362305
9224,10.353326797485352
9225,15.564079284667969
9226,15.027426719665527
9227,14.312707901000977
9228,16.216541290283203
9229,15.193181991577148
9230,22.81082534790039
9231,29.17055320739746
9232,24.844921112060547
9233,29.401260375976562
9234,26.020431518554688
9235,25.4138240814209
9236,23.989648818969727
9237,21.174840927124023
9238,33.41315460205078
9239,24.413663864135742
9240,16.831806182861328
9241,19.809925079345703
9242,11.612744331359863
9243,12.69713306427002
9244,12.64390754699707
9245,17.813058853149414
9246,23.815279006958008
9247,28.837533950805664
9248,30.00266456604004
9249,21.435710906982422
9250,19.84064483642578
9251,19.152748107910156
9252,19.708101272583008
9253,16.347021102905273
9254,19.432390213012695
9255,16.818498611450195
9256,17.704761505126953
9257,13.22569465637207
9258,10.747397422790527
9259,9.638566970825195
9260,12.511707305908203
9261,19.817626953125
9262,18.697202682495117
9263,14.202080726623535
9264,14.767965316772461
9265,15.376910209655762
9266,20.72051429748535
9267,18.408935546875
9268,22.31683349609375
9269,19.64329719543457
9270,13.411484718322754
9271,15.713789939880371
9272,16.107423782348633
9273,16.89475440979004
9274,8.70585823059082
9275,4.709680080413818
9276,11.321416854858398
9277,16.27259063720703
9278,12.087693214416504
9279,14.763415336608887
9280,13.9292631149292
9281,17.103010177612305
9282,16.205110549926758
9283,12.921268463134766
9284,16.5408935546875
9285,20.036603927612305
9286,19.924278259277344
9287,18.311920166015625
9288,18.25557518005371
9289,21.391849517822266
9290,12.126089096069336
9291,6.030472755432129
9292,4.482743740081787
9293,7.449434757232666
9294,7.922605037689209
9295,14.138740539550781
9296,11.9678373336792
9297,8.390684127807617
9298,8.351795196533203
9299,13.895673751831055
9300,16.83028221130371
9301,20.551950454711914
9302,18.126522064208984
9303,12.7223482131958
9304,9.039266586303711
9305,11.272125244140625
9306,9.726481437683105
9307,9.07656192779541
9308,8.18289852142334
9309,6.331277370452881
9310,11.226877212524414
9311,13.732010841369629
9312,15.090925216674805
9313,16.280851364135742
9314,19.82585906982422
9315,17.893522262573242
9316,14.546634674072266
9317,23.752037048339844
9318,12.88863754272461
9319,16.204132080078125
9320,11.372943878173828
9321,15.62759780883789
9322,12.427058219909668
9323,11.52369213104248
9324,11.285268783569336
9325,6.829565048217773
9326,11.631827354431152
9327,8.660782814025879
9328,11.024168968200684
9329,15.26486587524414
9330,19.131559371948242
9331,19.27869987487793
9332,19.927885055541992
9333,23.427623748779297
9334,24.683364868164062
9335,27.77058982849121
9336,14.719820976257324
9337,13.23935317993164
9338,11.095807075500488
9339,14.307686805725098
9340,7.271009922027588
9341,6.225386619567871
9342,10.84814739227295
9343,7.6423563957214355
9344,9.031830787658691
9345,19.483333587646484
9346,25.55577850341797
9347,22.064348220825195
9348,19.981061935424805
9349,17.338171005249023
9350,19.51206398010254
9351,18.699600219726562
9352,14.880655288696289
9353,13.567153930664062
9354,15.414944648742676
9355,15.838404655456543
9356,16.04437255859375
9357,17.185195922851562
9358,18.335065841674805
9359,15.57565689086914
9360,17.14190673828125
9361,20.82455062866211
9362,24.118986129760742
9363,19.295133590698242
9364,18.98092269897461
9365,18.166248321533203
9366,12.548166275024414
9367,12.945281982421875
9368,10.636579513549805
9369,7.715862274169922
9370,5.849912643432617
9371,4.726608753204346
9372,8.78184986114502
9373,8.84097671508789
9374,12.422003746032715
9375,9.852490425109863
9376,18.53303337097168
9377,18.996639251708984
9378,22.112079620361328
9379,21.010456085205078
9380,23.5032958984375
9381,16.644315719604492
9382,24.063411712646484
9383,28.79075813293457
9384,19.864885330200195
9385,15.795575141906738
9386,11.392739295959473
9387,20.391061782836914
9388,17.873920440673828
9389,20.57391929626465
9390,15.887003898620605
9391,15.780811309814453
9392,15.834715843200684
9393,17.98143196105957
9394,16.5480899810791
9395,16.703163146972656
9396,21.020389556884766
9397,12.0797119140625
9398,11.510787010192871
9399,13.819401741027832
9400,14.05707836151123
9401,11.83154010772705
9402,8.83077621459961
9403,12.290689468383789
9404,15.890355110168457
9405,13.798120498657227
9406,11.375382423400879
9407,14.02280330657959
9408,16.01468849182129
9409,15.904656410217285
9410,16.778400421142578
9411,11.496813774108887
9412,10.005144119262695
9413,9.858777046203613
9414,9.994010925292969
9415,9.182952880859375
9416,8.71544075012207
9417,7.7789506912231445
9418,4.310368537902832
9419,18.35525894165039
9420,20.169023513793945
9421,20.21187400817871
9422,13.2825345993042
9423,11.313763618469238
9424,8.968927383422852
9425,17.916563034057617
9426,15.974832534790039
9427,18.136796951293945
9428,18.995912551879883
9429,17.327531814575195
9430,14.543521881103516
9431,14.919387817382812
9432,14.792341232299805
9433,12.731945991516113
9434,14.183984756469727
9435,15.36919116973877
9436,14.631223678588867
9437,11.881438255310059
9438,14.19290542602539
9439,17.18191146850586
9440,22.419559478759766
9441,27.26066017150879
9442,25.4677734375
9443,18.46750259399414
9444,18.795387268066406
9445,17.50864601135254
9446,17.248010635375977
9447,8.952315330505371
9448,12.2365140914917
9449,10.839807510375977
9450,10.605340003967285
9451,14.161964416503906
9452,21.81348419189453
9453,23.445674896240234
9454,23.182771682739258
9455,23.319562911987305
9456,20.509937286376953
9457,17.639453887939453
9458,18.061960220336914
9459,15.137208938598633
9460,10.377492904663086
9461,11.752395629882812
9462,12.934246063232422
9463,8.851569175720215
9464,9.178033828735352
9465,8.535664558410645
9466,11.900432586669922
9467,15.013071060180664
9468,9.706515312194824
9469,14.568198204040527
9470,11.587761878967285
9471,12.458972930908203
9472,19.7521915435791
9473,11.977036476135254
9474,20.96096420288086
9475,14.510039329528809
9476,14.611773490905762
9477,17.5664119720459
9478,17.615694046020508
9479,18.90350914001465
9480,19.51669692993164
9481,22.152324676513672
9482,27.4633846282959
9483,18.654457092285156
9484,16.513383865356445
9485,18.272504806518555
9486,9.597273826599121
9487,9.95815658569336
9488,11.401023864746094
9489,8.970630645751953
9490,7.554288387298584
9491,9.212788581848145
9492,10.28512191772461
9493,8.097465515136719
9494,9.785090446472168
9495,11.650650024414062
9496,5.80853271484375
9497,11.979352951049805
9498,14.169095039367676
9499,13.738383293151855
9500,15.328136444091797
9501,17.158613204956055
9502,16.303871154785156
9503,18.45711898803711
9504,13.310202598571777
9505,17.831026077270508
9506,13.045509338378906
9507,11.835633277893066
9508,12.569380760192871
9509,9.816838264465332
9510,15.949173927307129
9511,16.69947052001953
9512,18.951147079467773
9513,18.926050186157227
9514,10.37421989440918
9515,16.414737701416016
9516,17.65813446044922
9517,11.515243530273438
9518,14.974472999572754
9519,19.083803176879883
9520,18.75934600830078
9521,19.98966407775879
9522,14.612099647521973
9523,14.600995063781738
9524,15.428852081298828
9525,13.160699844360352
9526,19.972551345825195
9527,17.12145233154297
9528,33.161338806152344
9529,21.475982666015625
9530,20.473716735839844
9531,31.006574630737305
9532,23.656694412231445
9533,19.624319076538086
9534,13.275177955627441
9535,14.665626525878906
9536,13.337138175964355
9537,9.051289558410645
9538,8.399006843566895
9539,12.959763526916504
9540,11.675127029418945
9541,12.356229782104492
9542,9.47546100616455
9543,11.9782133102417
9544,7.246616363525391
9545,9.538601875305176
9546,7.86864709854126
9547,6.708925724029541
9548,10.7714262008667
9549,4.079089641571045
9550,3.344099521636963
9551,6.710251808166504
9552,8.04541301727295
9553,12.53169059753418
9554,12.257411003112793
9555,15.78769588470459
9556,25.257740020751953
9557,17.820716857910156
9558,18.608078002929688
9559,16.808631896972656
9560,15.341534614562988
9561,15.142258644104004
9562,18.27044677734375
9563,25.96364974975586
9564,17.593433380126953
9565,17.178443908691406
9566,19.789451599121094
9567,22.574148178100586
9568,13.420289993286133
9569,18.463241577148438
9570,14.021653175354004
9571,12.58304500579834
9572,14.567591667175293
9573,22.316682815551758
9574,19.527681350708008
9575,19.16459846496582
9576,21.931673049926758
9577,27.513891220092773
9578,20.22480583190918
9579,20.01435661315918
9580,21.889493942260742
9581,20.57250213623047
9582,21.133472442626953
9583,16.58917236328125
9584,17.742033004760742
9585,15.03164291381836
9586,17.232131958007812
9587,17.229494094848633
9588,19.85671043395996
9589,10.851153373718262
9590,16.5711669921875
9591,16.35317039489746
9592,15.171675682067871
9593,19.37053680419922
9594,18.384578704833984
9595,20.267900466918945
9596,21.096418380737305
9597,14.631982803344727
9598,15.591574668884277
9599,9.02929973602295
9600,12.876086235046387
9601,11.091850280761719
9602,16.871551513671875
9603,14.015645027160645
9604,15.182550430297852
9605,14.425604820251465
9606,12.69713306427002
9607,15.095803260803223
9608,10.035235404968262
9609,7.627412796020508
9610,7.248887538909912
9611,6.048890113830566
9612,4.651691436767578
9613,4.362818717956543
9614,5.577301979064941
9615,9.216482162475586
9616,16.541662216186523
9617,26.361000061035156
9618,19.958791732788086
9619,22.89984130859375
9620,25.671035766601562
9621,26.642488479614258
9622,24.65352439880371
9623,23.80451202392578
9624,21.22562599182129
9625,19.26263427734375
9626,11.321605682373047
9627,16.2856502532959
9628,10.713573455810547
9629,11.05746841430664
9630,13.200904846191406
9631,16.730592727661133
9632,15.082236289978027
9633,9.479609489440918
9634,11.360172271728516
9635,11.832475662231445
9636,17.247737884521484
9637,15.447998046875
9638,21.54497718811035
9639,16.640954971313477
9640,17.62464714050293
9641,15.460915565490723
9642,14.154877662658691
9643,7.969801425933838
9644,13.913536071777344
9645,19.512144088745117
9646,9.58497142791748
9647,12.550104141235352
9648,13.097414016723633
9649,12.5428466796875
9650,12.898015022277832
9651,13.010540008544922
9652,13.109469413757324
9653,11.274855613708496
9654,7.908063888549805
9655,9.394067764282227
9656,16.546846389770508
9657,9.591364860534668
9658,7.198018550872803
9659,9.37105655670166
9660,12.299673080444336
9661,10.518728256225586
9662,17.47220802307129
9663,18.034181594848633
9664,15.508218765258789
9665,17.71940803527832
9666,20.53165626525879
9667,13.447155952453613
9668,15.50665283203125
9669,14.533294677734375
9670,11.341634750366211
9671,12.93093490600586
9672,7.304081916809082
9673,12.346809387207031
9674,8.495685577392578
9675,10.597094535827637
9676,7.838686466217041
9677,11.486709594726562
9678,6.893791198730469
9679,8.45415210723877
9680,6.125852108001709
9681,8.648269653320312
9682,13.414608001708984
9683,11.981679916381836
9684,12.745295524597168
9685,9.039266586303711
9686,14.641654014587402
9687,11.08810043334961
9688,10.461280822753906
9689,8.430709838867188
9690,12.60286808013916
9691,14.773699760437012
9692,11.912967681884766
9693,16.12912368774414
9694,15.04800033569336
9695,24.680797576904297
9696,16.84016227722168
9697,19.982532501220703
9698,26.617523193359375
9699,22.039844512939453
9700,20.900344848632812
9701,20.80434226989746
9702,22.757007598876953
9703,18.263933181762695
9704,17.008283615112305
9705,19.402576446533203
9706,18.598697662353516
9707,18.888166427612305
9708,17.876203536987305
9709,18.350202560424805
9710,18.02583885192871
9711,21.826526641845703
9712,25.49037742614746
9713,22.976428985595703
9714,35.80048751831055
9715,29.47737693786621
9716,17.796754837036133
9717,28.35578155517578
9718,21.409372329711914
9719,16.81035041809082
9720,18.457653045654297
9721,20.098318099975586
9722,15.132206916809082
9723,13.923222541809082
9724,15.938620567321777
9725,16.704421997070312
9726,26.258068084716797
9727,19.49627685546875
9728,20.354785919189453
9729,21.041566848754883
9730,19.86863136291504
9731,10.482653617858887
9732,10.116658210754395
9733,14.311830520629883
9734,9.702239036560059
9735,7.310243606567383
9736,18.58566665649414
9737,13.955975532531738
9738,13.600513458251953
9739,9.568643569946289
9740,6.915613174438477
9741,10.384133338928223
9742,14.582542419433594
9743,16.525514602661133
9744,13.66234302520752
9745,10.556063652038574
9746,22.304718017578125
9747,17.681867599487305
9748,23.851938247680664
9749,22.059938430786133
9750,22.597421646118164
9751,21.042827606201172
9752,13.105945587158203
9753,15.472070693969727
9754,12.600175857543945
9755,15.648354530334473
9756,11.070939064025879
9757,9.617175102233887
9758,11.169137954711914
9759,15.846611022949219
9760,7.88813591003418
9761,14.217808723449707
9762,24.125539779663086
9763,11.126065254211426
9764,13.886931419372559
9765,16.987194061279297
9766,26.88345718383789
9767,25.07876968383789
9768,18.2523136138916
9769,9.19538688659668
9770,11.653897285461426
9771,13.155353546142578
9772,6.09429407119751
9773,7.279926776885986
9774,7.082511901855469
9775,8.96117877960205
9776,16.046314239501953
9777,22.49519157409668
9778,21.678136825561523
9779,18.09242057800293
9780,16.864580154418945
9781,24.139057159423828
9782,25.336200714111328
9783,32.14015579223633
9784,24.982881546020508
9785,22.24100112915039
9786,28.255491256713867
9787,35.930877685546875
9788,29.83545684814453
9789,31.424293518066406
9790,38.520633697509766
9791,27.01763343811035
9792,17.68623161315918
9793,29.17878532409668
9794,12.329151153564453
9795,15.904147148132324
9796,15.221250534057617
9797,24.35279083251953
9798,20.06110954284668
9799,22.70361328125
9800,27.725210189819336
9801,23.197357177734375
9802,23.9576416015625
9803,23.797632217407227
9804,17.750446319580078
9805,20.449810028076172
9806,19.294063568115234
9807,14.718527793884277
9808,12.10464859008789
9809,15.397629737854004
9810,12.644400596618652
9811,13.722967147827148
9812,15.266945838928223
9813,10.595773696899414
9814,10.805870056152344
9815,18.662731170654297
9816,17.324914932250977
9817,26.674898147583008
9818,22.31529426574707
9819,18.629274368286133
9820,18.08003044128418
9821,18.44312858581543
9822,17.6748046875
9823,17.94915008544922
9824,17.649171829223633
9825,15.688759803771973
9826,10.925982475280762
9827,6.682182788848877
9828,7.564274787902832
9829,15.401596069335938
9830,12.351110458374023
9831,11.841875076293945
9832,14.358253479003906
9833,12.531352996826172
9834,16.692401885986328
9835,10.024304389953613
9836,12.170294761657715
9837,17.132843017578125
9838,20.812992095947266
9839,11.580849647521973
9840,11.606959342956543
9841,14.179040908813477
9842,15.192575454711914
9843,15.339052200317383
9844,13.515111923217773
9845,10.081635475158691
9846,8.894890785217285
9847,8.943458557128906
9848,5.778690338134766
9849,6.653163433074951
9850,3.400418758392334
9851,7.264780044555664
9852,7.372315406799316
9853,12.522453308105469
9854,14.608209609985352
9855,17.584428787231445
9856,21.18400764465332
9857,17.071624755859375
9858,23.09101676940918
9859,13.837608337402344
9860,14.261340141296387
9861,12.755080223083496
9862,17.865478515625
9863,19.201553344726562
9864,17.861331939697266
9865,11.257856369018555
9866,13.04604434967041
9867,11.69402027130127
9868,9.659164428710938
9869,14.733856201171875
9870,17.304359436035156
9871,16.380348205566406
9872,19.284555435180664
9873,14.115367889404297
9874,25.830930709838867
9875,28.441984176635742
9876,21.904497146606445
9877,17.562406539916992
9878,23.655717849731445
9879,13.290030479431152
9880,11.38924503326416
9881,8.576921463012695
9882,6.679955005645752
9883,4.831713676452637
9884,8.837117195129395
9885,12.853863716125488
9886,14.546873092651367
9887,13.253440856933594
9888,13.084613800048828
9889,12.295876502990723
9890,18.482141494750977
9891,20.727405548095703
9892,17.816869735717773
9893,23.31589698791504
9894,22.04057502746582
9895,18.64581871032715
9896,18.28824806213379
9897,13.125189781188965
9898,17.487041473388672
9899,17.114383697509766
9900,16.36666488647461
9901,9.212284088134766
9902,9.125995635986328
9903,6.051832675933838
9904,7.993938446044922
9905,11.038747787475586
9906,8.13354206085205
9907,7.775851249694824
9908,10.467438697814941
9909,10.402630805969238
9910,18.86066436767578
9911,12.440633773803711
9912,13.743664741516113
9913,17.327625274658203
9914,11.563956260681152
9915,9.544215202331543
9916,11.48719596862793
9917,13.43526554107666
9918,11.465840339660645
9919,18.515247344970703
9920,21.732643127441406
9921,24.82375144958496
9922,18.408105850219727
9923,21.056777954101562
9924,20.832746505737305
9925,16.657093048095703
9926,11.87658405303955
9927,13.519562721252441
9928,12.676090240478516
9929,7.210733413696289
9930,7.098077297210693
9931,5.36543083190918
9932,5.743350505828857
9933,8.132978439331055
9934,11.433188438415527
9935,13.405131340026855
9936,15.581598281860352
9937,24.227827072143555
9938,20.764537811279297
9939,21.751266479492188
9940,25.873167037963867
9941,22.2416934967041
9942,23.588104248046875
9943,10.799544334411621
9944,9.246062278747559
9945,6.436196327209473
9946,5.997582912445068
9947,10.967217445373535
9948,11.816158294677734
9949,5.363286972045898
9950,13.651236534118652
9951,23.824695587158203
9952,13.254095077514648
9953,14.64268684387207
9954,13.860801696777344
9955,13.623641967773438
9956,17.554019927978516
9957,18.21626091003418
9958,14.861515045166016
9959,18.272798538208008
9960,15.493477821350098
9961,13.666950225830078
9962,12.509855270385742
9963,10.552221298217773
9964,11.958398818969727
9965,7.9872822761535645
9966,12.788260459899902
9967,22.38273811340332
9968,16.37746238708496
9969,19.294565200805664
9970,17.966585159301758
9971,13.218843460083008
9972,17.703933715820312
9973,19.05069351196289
9974,21.05289077758789
9975,14.331047058105469
9976,10.778385162353516
9977,13.433761596679688
9978,15.198081016540527
9979,13.93989086151123
9980,18.950227737426758
9981,14.192317008972168
9982,13.907439231872559
9983,15.293595314025879
9984,14.362241744995117
9985,12.123966217041016
9986,10.207226753234863
9987,12.561190605163574
9988,7.497282028198242
9989,11.96304702758789
9990,14.412389755249023
9991,14.183652877807617
9992,14.724303245544434
9993,18.0150203704834
9994,16.242473602294922
9995,24.989368438720703
9996,18.887311935424805
9997,16.22150230407715
9998,13.68777084350586
9999,12.575265884399414
