Step,Value
1,0.0
2,0.9904153347015381
3,0.9965870380401611
4,1.0
5,0.0
6,0.9936708807945251
7,1.0
8,1.0
9,0.09677419066429138
10,0.9960474371910095
11,0.9883720874786377
12,0.9965397715568542
13,0.0
14,0.0
15,0.9903537034988403
16,1.0
17,0.5428571701049805
18,0.9964912533760071
19,0.0
20,0.05535055324435234
21,0.5242718458175659
22,1.0
23,0.0
24,0.9838709831237793
25,0.08457711338996887
26,0.0
27,0.991304337978363
28,0.9954751133918762
29,1.0
30,1.0
31,0.9960784316062927
32,1.0
33,0.0
34,0.9583333134651184
35,1.0
36,1.0
37,1.0
38,0.8067484498023987
39,0.0
40,0.0
41,0.0
42,0.0746268630027771
43,0.0
44,0.9954545497894287
45,1.0
46,1.0
47,0.9709543585777283
48,0.9433198571205139
49,0.8376383781433105
50,1.0
51,1.0
52,1.0
53,0.0
54,0.9793103337287903
55,1.0
56,1.0
57,1.0
58,1.0
59,1.0
60,0.9958506226539612
61,1.0
62,0.0
63,0.9703390002250671
64,1.0
65,1.0
66,1.0
67,0.0
68,0.9892857074737549
69,0.996363639831543
70,0.9964413046836853
71,1.0
72,0.08069164305925369
73,1.0
74,1.0
75,0.9829931855201721
76,1.0
77,1.0
78,0.0
79,0.9903225898742676
80,0.14102564752101898
81,0.9788135886192322
82,1.0
83,1.0
84,1.0
85,1.0
86,1.0
87,0.0
88,0.7195945978164673
89,0.9960474371910095
90,0.0
91,0.9711191058158875
92,1.0
93,0.9970059990882874
94,1.0
95,1.0
96,1.0
97,1.0
98,1.0
99,1.0
100,0.0
101,0.99609375
102,0.0
103,0.9959183931350708
104,0.1631799191236496
105,1.0
106,1.0
107,1.0
108,0.996960461139679
109,1.0
110,0.0
111,0.85537189245224
112,0.9962406158447266
113,0.1487603336572647
114,1.0
115,0.1733870953321457
116,1.0
117,0.0
118,0.9957805871963501
119,1.0
120,1.0
121,1.0
122,1.0
123,0.0
124,0.9919354915618896
125,0.9093959927558899
126,0.0
127,1.0
128,1.0
129,1.0
130,1.0
131,1.0
132,0.9963503479957581
133,1.0
134,1.0
135,0.9964285492897034
136,1.0
137,0.9577465057373047
138,1.0
139,0.0
140,0.939828097820282
141,1.0
142,1.0
143,0.5258064270019531
144,0.994397759437561
145,1.0
146,0.83984375
147,1.0
148,0.9724409580230713
149,0.0
150,0.9555555582046509
151,0.1606425642967224
152,1.0
153,1.0
154,1.0
155,0.9274193644523621
156,1.0
157,0.19607843458652496
158,0.0
159,0.9960474371910095
160,0.9599999785423279
161,0.0
162,0.8775510191917419
163,1.0
164,1.0
165,1.0
166,0.13120567798614502
167,0.9962825179100037
168,1.0
169,1.0
170,0.8965517282485962
171,0.12272727489471436
172,0.9959999918937683
173,0.5581395626068115
174,1.0
175,0.9715447425842285
176,0.0
177,0.9855595827102661
178,0.0
179,0.0
180,0.8880866169929504
181,0.15444014966487885
182,1.0
183,1.0
184,0.9506579041481018
185,1.0
186,1.0
187,0.0
188,0.0
189,0.0
190,0.0
191,0.99071204662323
192,0.996666669845581
193,0.9278688430786133
194,0.48184818029403687
195,1.0
196,1.0
197,0.1034482792019844
198,0.15986394882202148
199,0.14179104566574097
200,0.11501597613096237
201,0.9298893213272095
202,1.0
203,0.9962962865829468
204,0.5186567306518555
205,1.0
206,1.0
207,0.0
208,0.996515691280365
209,1.0
210,1.0
211,1.0
212,1.0
213,0.9771863222122192
214,1.0
215,1.0
216,1.0
217,0.15564201772212982
218,1.0
219,1.0
220,1.0
221,0.9961389899253845
222,1.0
223,1.0
224,0.9967845678329468
225,1.0
226,1.0
227,0.8028674125671387
228,0.0
229,0.7292418479919434
230,1.0
231,0.0
232,0.9952830076217651
233,1.0
234,1.0
235,1.0
236,1.0
237,0.0
238,0.6282051205635071
239,0.9238095283508301
240,0.9943661689758301
241,0.0
242,0.989159882068634
243,1.0
244,0.0
245,0.03478260710835457
246,1.0
247,1.0
248,1.0
249,1.0
250,0.9007092118263245
251,1.0
252,0.5153374075889587
253,0.4931506812572479
254,1.0
255,1.0
256,1.0
257,0.0
258,0.996268630027771
259,1.0
260,1.0
261,0.9961685538291931
262,0.0
263,0.9919354915618896
264,0.9894366264343262
265,0.9963898658752441
266,1.0
267,0.9768211841583252
268,1.0
269,1.0
270,0.0
271,0.9964788556098938
272,1.0
273,1.0
274,1.0
275,0.09507042169570923
276,1.0
277,1.0
278,1.0
279,1.0
280,1.0
281,1.0
282,0.4675324559211731
283,0.4485294222831726
284,1.0
285,1.0
286,1.0
287,0.9967637658119202
288,0.510948896408081
289,0.996835470199585
290,1.0
291,1.0
292,0.9968553185462952
293,0.14028777182102203
294,1.0
295,1.0
296,0.9963898658752441
297,1.0
298,1.0
299,1.0
300,0.8380281925201416
301,0.0
302,0.0
303,0.9882352948188782
304,1.0
305,0.8025078177452087
306,0.0
307,0.3959183692932129
308,1.0
309,0.9959677457809448
310,1.0
311,0.9961685538291931
312,1.0
313,1.0
314,0.9966996908187866
315,0.996632993221283
316,1.0
317,1.0
318,1.0
319,1.0
320,1.0
321,1.0
322,0.9131832718849182
323,1.0
324,1.0
325,0.9954338073730469
326,0.992277979850769
327,1.0
328,1.0
329,1.0
330,1.0
331,0.1981566846370697
332,1.0
333,1.0
334,1.0
335,1.0
336,0.45679011940956116
337,1.0
338,0.5481171607971191
339,1.0
340,0.0
341,0.9761092066764832
342,0.0
343,0.06885246187448502
344,0.0
345,0.9819494485855103
346,0.0
347,0.0
348,0.9449541568756104
349,1.0
350,0.12340425699949265
351,1.0
352,1.0
353,0.529644250869751
354,0.83203125
355,1.0
356,0.12758620083332062
357,0.0
358,0.9775280952453613
359,0.8012422323226929
360,0.0
361,0.0416666679084301
362,1.0
363,1.0
364,0.9527027010917664
365,0.0
366,0.9892857074737549
367,1.0
368,1.0
369,1.0
370,1.0
371,0.0
372,0.4455445408821106
373,1.0
374,0.0
375,0.937269389629364
376,1.0
377,0.0
378,0.9921568632125854
379,1.0
380,1.0
381,1.0
382,0.0
383,0.05494505539536476
384,1.0
385,0.14552238583564758
386,1.0
387,0.0
388,0.0
389,0.9379310607910156
390,0.0
391,0.0
392,0.8395904302597046
393,0.12012986838817596
394,0.0
395,0.020057305693626404
396,0.9789156913757324
397,0.17605634033679962
398,0.9831649661064148
399,1.0
400,0.0
401,0.9885931611061096
402,1.0
403,0.0
404,0.9919678568840027
405,1.0
406,1.0
407,0.0
408,0.975944995880127
409,1.0
410,0.918181836605072
411,0.9938837885856628
412,0.17910447716712952
413,1.0
414,1.0
415,1.0
416,1.0
417,1.0
418,1.0
419,0.991253674030304
420,0.9661971926689148
421,1.0
422,1.0
423,1.0
424,0.19665272533893585
425,0.8697317838668823
426,1.0
427,0.9045801758766174
428,0.9962962865829468
429,0.0
430,0.9885057210922241
431,0.4776119291782379
432,1.0
433,0.9905362725257874
434,0.1314285695552826
435,1.0
436,1.0
437,1.0
438,0.5280898809432983
439,0.9965635538101196
440,1.0
441,1.0
442,0.9566929340362549
443,0.4419642984867096
444,0.9953488111495972
445,1.0
446,1.0
447,0.9961089491844177
448,1.0
449,1.0
450,1.0
451,1.0
452,0.0
453,0.9803921580314636
454,0.9967741966247559
455,1.0
456,1.0
457,1.0
458,0.1599999964237213
459,0.7950819730758667
460,1.0
461,1.0
462,0.9788519740104675
463,1.0
464,1.0
465,1.0
466,1.0
467,0.5185185074806213
468,0.0
469,1.0
470,1.0
471,1.0
472,1.0
473,0.9953271150588989
474,0.0
475,0.9820627570152283
476,0.15444014966487885
477,1.0
478,1.0
479,0.9545454382896423
480,0.9968051314353943
481,0.9769230484962463
482,0.139860138297081
483,1.0
484,0.9965870380401611
485,1.0
486,0.9968253970146179
487,1.0
488,1.0
489,1.0
490,1.0
491,0.9961832165718079
492,1.0
493,0.0
494,0.0
495,0.0
496,0.962199330329895
497,1.0
498,0.15530303120613098
499,1.0
500,0.5454545617103577
501,0.14089347422122955
502,1.0
503,0.9729729890823364
504,1.0
505,1.0
506,1.0
507,0.0
508,0.0
509,0.8792569637298584
510,0.08978328108787537
511,1.0
512,1.0
513,1.0
514,1.0
515,1.0
516,0.5050504803657532
517,1.0
518,1.0
519,0.9527272582054138
520,1.0
521,0.987500011920929
522,1.0
523,1.0
524,1.0
525,1.0
526,1.0
527,1.0
528,0.0
529,0.9847328066825867
530,0.14134275913238525
531,1.0
532,1.0
533,1.0
534,0.5610859990119934
535,1.0
536,1.0
537,1.0
538,0.0
539,1.0
540,1.0
541,0.0
542,0.948630154132843
543,1.0
544,0.9967845678329468
545,0.9963369965553284
546,0.7610921263694763
547,1.0
548,0.0
549,0.05244755372405052
550,1.0
551,1.0
552,0.9958677887916565
553,1.0
554,0.8847583532333374
555,0.15705128014087677
556,0.12075471878051758
557,1.0
558,0.0
559,0.0
560,0.987500011920929
561,1.0
562,1.0
563,1.0
564,1.0
565,1.0
566,0.10596026480197906
567,1.0
568,0.0
569,0.8726591467857361
570,0.9964538812637329
571,0.7962382435798645
572,0.9966777563095093
573,0.10000000149011612
574,0.0
575,0.969348669052124
576,0.47985348105430603
577,1.0
578,0.15139442682266235
579,0.1388888955116272
580,1.0
581,0.0
582,0.9832776188850403
583,1.0
584,0.979238748550415
585,0.9965397715568542
586,1.0
587,0.8280254602432251
588,1.0
589,0.0
590,1.0
591,1.0
592,0.1541353315114975
593,1.0
594,0.9961389899253845
595,0.5929203629493713
596,1.0
597,0.15447154641151428
598,1.0
599,1.0
600,0.1921568661928177
601,1.0
602,0.9935483932495117
603,1.0
604,0.7917888760566711
605,1.0
606,1.0
607,1.0
608,1.0
609,1.0
610,0.0
611,0.0
612,0.0
613,0.9821428656578064
614,1.0
615,0.9961240291595459
616,1.0
617,0.9522058963775635
618,1.0
619,1.0
620,1.0
621,1.0
622,1.0
623,0.9968152642250061
624,1.0
625,0.11480362713336945
626,0.9242424368858337
627,1.0
628,1.0
629,0.8139534592628479
630,1.0
631,1.0
632,1.0
633,1.0
634,0.5117056965827942
635,0.5120000243186951
636,0.9927272796630859
637,1.0
638,1.0
639,1.0
640,1.0
641,1.0
642,0.14606741070747375
643,1.0
644,1.0
645,1.0
646,0.9965753555297852
647,1.0
648,1.0
649,0.4763636291027069
650,1.0
651,1.0
652,1.0
653,1.0
654,0.14376996457576752
655,0.9745762944221497
656,0.9501466155052185
657,1.0
658,0.515320360660553
659,1.0
660,1.0
661,1.0
662,1.0
663,0.9958506226539612
664,1.0
665,0.9823943376541138
666,1.0
667,1.0
668,0.0
669,0.9916666746139526
670,1.0
671,1.0
672,0.819727897644043
673,0.9178571701049805
674,1.0
675,1.0
676,1.0
677,1.0
678,1.0
679,1.0
680,1.0
681,1.0
682,1.0
683,0.4888888895511627
684,1.0
685,1.0
686,0.5361701846122742
687,1.0
688,0.9935897588729858
689,0.0
690,0.0
691,0.37154150009155273
692,0.8240000009536743
693,1.0
694,0.9957627058029175
695,0.9267241358757019
696,0.0
697,0.0
698,0.992277979850769
699,0.0
700,0.7894737124443054
701,0.0
702,0.0
703,0.9377162456512451
704,0.9964413046836853
705,0.0
706,0.0
707,0.9901639223098755
708,1.0
709,1.0
710,1.0
711,1.0
712,1.0
713,1.0
714,0.8172042965888977
715,0.0
716,0.8956229090690613
717,1.0
718,1.0
719,1.0
720,0.9964664578437805
721,1.0
722,1.0
723,0.9503546357154846
724,0.9941349029541016
725,0.0
726,0.0
727,0.0
728,0.08154506236314774
729,0.0
730,0.9932432174682617
731,0.9966777563095093
732,0.5543859601020813
733,0.996666669845581
734,0.1858736127614975
735,1.0
736,0.13953489065170288
737,0.11510791629552841
738,0.0
739,0.0
740,0.9924812316894531
741,0.9961538314819336
742,1.0
743,0.0
744,0.9789915680885315
745,1.0
746,0.9959999918937683
747,1.0
748,0.9760273694992065
749,1.0
750,1.0
751,1.0
752,1.0
753,0.8175895810127258
754,0.0
755,0.0
756,0.0
757,0.9629629850387573
758,0.9534050226211548
759,1.0
760,0.543795645236969
761,0.9963099360466003
762,1.0
763,0.10264900326728821
764,1.0
765,1.0
766,0.138364776968956
767,1.0
768,1.0
769,1.0
770,1.0
771,1.0
772,0.0
773,0.0
774,0.0
775,0.970370352268219
776,0.953667938709259
777,1.0
778,0.0
779,0.0
780,1.0
781,0.9928825497627258
782,0.9969512224197388
783,0.0
784,0.9942857027053833
785,1.0
786,1.0
787,0.0
788,0.9938837885856628
789,1.0
790,1.0
791,0.16489361226558685
792,0.9947368502616882
793,1.0
794,0.987500011920929
795,1.0
796,0.9963099360466003
797,1.0
798,0.12544803321361542
799,1.0
800,1.0
801,1.0
802,1.0
803,0.9806950092315674
804,0.9961240291595459
805,0.0
806,0.9959514141082764
807,0.16803278028964996
808,1.0
809,0.8560000061988831
810,0.9819004535675049
811,0.11162790656089783
812,0.13333334028720856
813,0.0
814,0.9873949289321899
815,0.9853479862213135
816,0.0
817,0.07407407462596893
818,0.0
819,0.9382239580154419
820,0.12627986073493958
821,0.9960784316062927
822,0.13533835113048553
823,1.0
824,0.17937219142913818
825,1.0
826,0.4548611044883728
827,1.0
828,1.0
829,1.0
830,1.0
831,1.0
832,1.0
833,1.0
834,1.0
835,1.0
836,0.890489935874939
837,1.0
838,0.4982078969478607
839,0.0
840,0.0
841,0.9885495901107788
842,1.0
843,1.0
844,0.13502109050750732
845,1.0
846,1.0
847,1.0
848,1.0
849,0.0
850,0.11016949266195297
851,1.0
852,1.0
853,0.0
854,0.08396946638822556
855,0.8832684755325317
856,0.4866666793823242
857,1.0
858,0.17869415879249573
859,0.9762712121009827
860,1.0
861,0.9914529919624329
862,1.0
863,1.0
864,0.9936507940292358
865,0.11726384609937668
866,0.9965635538101196
867,1.0
868,0.989830493927002
869,1.0
870,1.0
871,0.0
872,0.9933775067329407
873,1.0
874,0.9958333373069763
875,1.0
876,0.173728808760643
877,1.0
878,0.14181818068027496
879,1.0
880,0.5104895234107971
881,1.0
882,1.0
883,0.15217390656471252
884,1.0
885,0.48456791043281555
886,1.0
887,1.0
888,0.9968944191932678
889,1.0
890,1.0
891,0.09248554706573486
892,1.0
893,0.11746031790971756
894,1.0
895,1.0
896,1.0
897,1.0
898,1.0
899,1.0
900,1.0
901,1.0
902,0.0
903,0.7596899271011353
904,1.0
905,1.0
906,1.0
907,0.8835341334342957
908,1.0
909,1.0
910,1.0
911,1.0
912,0.9686411023139954
913,1.0
914,0.14461538195610046
915,0.14641743898391724
916,1.0
917,0.993630588054657
918,1.0
919,0.7896440029144287
920,0.8493150472640991
921,0.13684210181236267
922,1.0
923,1.0
924,1.0
925,1.0
926,0.0
927,0.9905362725257874
928,0.996610164642334
929,1.0
930,1.0
931,0.9964788556098938
932,0.0
933,0.961403489112854
934,0.8557692170143127
935,1.0
936,0.0
937,0.9484536051750183
938,0.9933333396911621
939,0.996363639831543
940,1.0
941,0.9959999918937683
942,0.0
943,0.9739776849746704
944,1.0
945,0.11705685406923294
946,0.0
947,0.9323943853378296
948,1.0
949,0.0
950,0.6749116778373718
951,0.13818182051181793
952,1.0
953,1.0
954,1.0
955,0.9961685538291931
956,0.15023474395275116
957,0.996363639831543
958,0.9890109896659851
959,1.0
960,1.0
961,1.0
962,1.0
963,0.9963369965553284
964,1.0
965,1.0
966,0.9608938694000244
967,1.0
968,1.0
969,1.0
970,0.14950166642665863
971,0.0
972,0.9962406158447266
973,0.0
974,0.6884058117866516
975,0.8101266026496887
976,0.43922650814056396
977,0.9971428513526917
978,1.0
979,1.0
980,1.0
981,1.0
982,0.5151515007019043
983,1.0
984,0.0
985,0.0833333358168602
986,1.0
987,0.5528846383094788
988,1.0
989,1.0
990,0.9746376872062683
991,1.0
992,1.0
993,1.0
994,0.9964285492897034
995,0.0
996,0.9464285969734192
997,1.0
998,1.0
999,1.0
1000,0.8619247078895569
1001,1.0
1002,0.992337167263031
1003,1.0
1004,0.0
1005,0.9896551966667175
1006,1.0
1007,1.0
1008,0.9969969987869263
1009,1.0
1010,0.9422492384910583
1011,1.0
1012,1.0
1013,1.0
1014,1.0
1015,1.0
1016,1.0
1017,0.0
1018,0.76752769947052
1019,1.0
1020,1.0
1021,1.0
1022,0.0
1023,0.98046875
1024,1.0
1025,1.0
1026,0.8042553067207336
1027,1.0
1028,1.0
1029,0.9953271150588989
1030,0.996363639831543
1031,1.0
1032,1.0
1033,1.0
1034,1.0
1035,0.13754646480083466
1036,1.0
1037,1.0
1038,0.9964538812637329
1039,0.0
1040,0.9735973477363586
1041,0.996515691280365
1042,0.0
1043,0.0
1044,0.9844961166381836
1045,1.0
1046,0.0
1047,0.9885495901107788
1048,0.9963898658752441
1049,0.4568690061569214
1050,1.0
1051,0.11538461595773697
1052,1.0
1053,0.0
1054,0.987730085849762
1055,0.14487633109092712
1056,1.0
1057,0.0
1058,0.9803921580314636
1059,0.8721804618835449
1060,0.9626168012619019
1061,1.0
1062,0.9957805871963501
1063,1.0
1064,1.0
1065,0.99622642993927
1066,1.0
1067,1.0
1068,1.0
1069,1.0
1070,0.0
1071,0.860927164554596
1072,1.0
1073,1.0
1074,1.0
1075,1.0
1076,0.14000000059604645
1077,1.0
1078,1.0
1079,0.995121955871582
1080,0.862500011920929
1081,1.0
1082,1.0
1083,0.5284973978996277
1084,1.0
1085,1.0
1086,1.0
1087,0.0
1088,0.9784946441650391
1089,0.9754385948181152
1090,0.9966555237770081
1091,1.0
1092,0.9967105388641357
1093,1.0
1094,0.49685534834861755
1095,1.0
1096,1.0
1097,0.15000000596046448
1098,1.0
1099,1.0
1100,0.0
1101,0.0
1102,0.9856114983558655
1103,1.0
1104,0.0
1105,0.9861751198768616
1106,1.0
1107,1.0
1108,0.0
1109,0.9918699264526367
1110,0.9961538314819336
1111,1.0
1112,0.5107142925262451
1113,0.0
1114,0.0
1115,0.9731343388557434
1116,0.11445783078670502
1117,1.0
1118,0.0
1119,0.9667896628379822
1120,0.9923076629638672
1121,1.0
1122,1.0
1123,1.0
1124,1.0
1125,1.0
1126,1.0
1127,0.0
1128,1.0
1129,0.0
1130,0.9775280952453613
1131,0.9960784316062927
1132,1.0
1133,1.0
1134,0.5206349492073059
1135,0.9965397715568542
1136,1.0
1137,1.0
1138,1.0
1139,1.0
1140,0.9363057613372803
1141,0.1111111119389534
1142,1.0
1143,0.9968652129173279
1144,1.0
1145,0.9695122241973877
1146,0.8552188277244568
1147,1.0
1148,0.8149465918540955
1149,0.9532374143600464
1150,1.0
1151,0.9730769395828247
1152,0.8264984488487244
1153,1.0
1154,0.9298893213272095
1155,1.0
1156,1.0
1157,0.0
1158,0.39498433470726013
1159,0.0
1160,0.9535518884658813
1161,1.0
1162,0.9759759902954102
1163,0.18412698805332184
1164,1.0
1165,1.0
1166,1.0
1167,0.8373983502388
1168,0.0
1169,0.9905213117599487
1170,0.0
1171,0.9937694668769836
1172,1.0
1173,1.0
1174,1.0
1175,0.49444442987442017
1176,1.0
1177,1.0
1178,0.9961538314819336
1179,0.9488054513931274
1180,1.0
1181,1.0
1182,0.9728682041168213
1183,0.9615384340286255
1184,0.9703390002250671
1185,0.9346153736114502
1186,0.9764309525489807
1187,0.9301470518112183
1188,0.15636363625526428
1189,0.0
1190,0.9889705777168274
1191,0.9969512224197388
1192,1.0
1193,1.0
1194,0.8805969953536987
1195,1.0
1196,0.5600000023841858
1197,1.0
1198,1.0
1199,1.0
1200,1.0
1201,1.0
1202,0.9963768124580383
1203,1.0
1204,0.9965517520904541
1205,1.0
1206,0.9939758777618408
1207,1.0
1208,1.0
1209,0.909699022769928
1210,0.9967319965362549
1211,0.0
1212,0.8617021441459656
1213,1.0
1214,1.0
1215,1.0
1216,0.9768211841583252
1217,0.0
1218,0.0
1219,0.9769585132598877
1220,1.0
1221,1.0
1222,0.8417508602142334
1223,1.0
1224,0.0
1225,0.980327844619751
1226,1.0
1227,0.7850162982940674
1228,1.0
1229,1.0
1230,1.0
1231,1.0
1232,1.0
1233,1.0
1234,0.0
1235,0.8121212124824524
1236,0.11267605423927307
1237,1.0
1238,1.0
1239,0.13523131608963013
1240,1.0
1241,0.0
1242,0.9894366264343262
1243,1.0
1244,1.0
1245,0.18333333730697632
1246,0.800000011920929
1247,1.0
1248,1.0
1249,0.9964912533760071
1250,0.49038460850715637
1251,1.0
1252,1.0
1253,0.9814241528511047
1254,0.8126984238624573
1255,0.9781818389892578
1256,1.0
1257,0.9456067085266113
1258,0.9959016442298889
1259,0.0
1260,0.9919028282165527
1261,1.0
1262,0.8799999952316284
1263,0.9965753555297852
1264,1.0
1265,0.9594095945358276
1266,0.16521738469600677
1267,0.0
1268,0.7354838848114014
1269,0.0
1270,1.0
1271,0.0
1272,0.8410596251487732
1273,0.0
1274,0.97826087474823
1275,0.9968152642250061
1276,1.0
1277,1.0
1278,1.0
1279,0.0
1280,0.9887217879295349
1281,1.0
1282,0.43197280168533325
1283,0.10067114233970642
1284,0.844660222530365
1285,1.0
1286,1.0
1287,1.0
1288,0.0
1289,0.9905063509941101
1290,1.0
1291,0.9659090638160706
1292,1.0
1293,0.9953271150588989
1294,1.0
1295,1.0
1296,1.0
1297,1.0
1298,1.0
1299,1.0
1300,1.0
1301,1.0
1302,1.0
1303,1.0
1304,0.11071428656578064
1305,1.0
1306,0.9950739145278931
1307,0.9698492288589478
1308,1.0
1309,1.0
1310,0.1335877925157547
1311,0.0
1312,0.9957982897758484
1313,0.996666669845581
1314,1.0
1315,0.9963369965553284
1316,1.0
1317,1.0
1318,0.8242424130439758
1319,1.0
1320,0.0
1321,0.9579287767410278
1322,1.0
1323,0.9966443181037903
1324,0.996632993221283
1325,1.0
1326,1.0
1327,1.0
1328,1.0
1329,0.0
1330,0.9863013625144958
1331,1.0
1332,0.17142857611179352
1333,0.996503472328186
1334,1.0
1335,0.5402684807777405
1336,1.0
1337,0.9964413046836853
1338,1.0
1339,0.9611307382583618
1340,1.0
1341,1.0
1342,1.0
1343,0.0
1344,0.9637681245803833
1345,0.9964285492897034
1346,0.8068181872367859
1347,1.0
1348,0.0
1349,0.0
1350,0.9789473414421082
1351,0.9968847632408142
1352,1.0
1353,0.0
1354,0.9903846383094788
1355,1.0
1356,0.12132352590560913
1357,1.0
1358,0.0
1359,0.9724409580230713
1360,1.0
1361,1.0
1362,1.0
1363,0.9962121248245239
1364,0.0
1365,0.9968051314353943
1366,1.0
1367,0.0
1368,0.99622642993927
1369,0.9917012453079224
1370,1.0
1371,1.0
1372,1.0
1373,1.0
1374,1.0
1375,0.12937062978744507
1376,0.0
1377,0.991631805896759
1378,0.7828947305679321
1379,1.0
1380,0.11009174585342407
1381,1.0
1382,0.9962962865829468
1383,1.0
1384,0.0
1385,0.9198312163352966
1386,0.0
1387,0.9966555237770081
1388,0.0
1389,1.0
1390,1.0
1391,1.0
1392,1.0
1393,1.0
1394,0.9040247797966003
1395,0.9967741966247559
1396,0.15789473056793213
1397,0.14935064315795898
1398,1.0
1399,0.99609375
1400,1.0
1401,1.0
1402,0.5107142925262451
1403,0.15331010520458221
1404,0.5090252757072449
1405,0.9218240976333618
1406,0.0
1407,0.9720670580863953
1408,0.11931817978620529
1409,1.0
1410,1.0
1411,1.0
1412,1.0
1413,1.0
1414,1.0
1415,1.0
1416,1.0
1417,1.0
1418,0.11370262503623962
1419,1.0
1420,1.0
1421,0.0
1422,0.9894366264343262
1423,0.17050690948963165
1424,1.0
1425,0.982206404209137
1426,0.9963898658752441
1427,1.0
1428,1.0
1429,0.9971098303794861
1430,1.0
1431,1.0
1432,1.0
1433,1.0
1434,1.0
1435,0.5303030014038086
1436,0.51953125
1437,1.0
1438,1.0
1439,0.0
1440,0.9858657121658325
1441,1.0
1442,0.0
1443,0.3295454680919647
1444,0.9916434288024902
1445,1.0
1446,0.5438596606254578
1447,0.9964157938957214
1448,1.0
1449,1.0
1450,1.0
1451,1.0
1452,1.0
1453,1.0
1454,0.8395522236824036
1455,1.0
1456,1.0
1457,0.9961389899253845
1458,1.0
1459,1.0
1460,1.0
1461,1.0
1462,1.0
1463,1.0
1464,1.0
1465,1.0
1466,1.0
1467,0.0
1468,0.1150442510843277
1469,1.0
1470,1.0
1471,0.9885495901107788
1472,1.0
1473,1.0
1474,0.16194331645965576
1475,0.9781022071838379
1476,1.0
1477,1.0
1478,1.0
1479,1.0
1480,1.0
1481,0.9219858050346375
1482,0.15335462987422943
1483,1.0
1484,0.0
1485,0.9815950989723206
1486,0.483582079410553
1487,1.0
1488,0.9789915680885315
1489,0.0
1490,0.0
1491,0.9917355179786682
1492,1.0
1493,1.0
1494,1.0
1495,1.0
1496,1.0
1497,1.0
1498,1.0
1499,1.0
1500,1.0
1501,1.0
1502,1.0
1503,0.9860627055168152
1504,0.996688723564148
1505,0.9405940771102905
1506,0.9190475940704346
1507,0.9483394622802734
1508,1.0
1509,0.13618676364421844
1510,1.0
1511,0.0
1512,0.03272727131843567
1513,1.0
1514,0.9962546825408936
1515,0.1359773427248001
1516,1.0
1517,1.0
1518,0.0
1519,0.0
1520,1.0
1521,1.0
1522,1.0
1523,0.995726466178894
1524,0.879807710647583
1525,0.0
1526,0.991304337978363
1527,0.15018315613269806
1528,1.0
1529,1.0
1530,1.0
1531,1.0
1532,0.9382239580154419
1533,1.0
1534,1.0
1535,1.0
1536,1.0
1537,1.0
1538,0.0
1539,0.0
1540,0.9958677887916565
1541,0.9317406415939331
1542,0.1388888955116272
1543,0.0
1544,1.0
1545,0.9963898658752441
1546,0.8327974081039429
1547,1.0
1548,1.0
1549,0.9973045587539673
1550,0.9969879388809204
1551,0.9869281053543091
1552,1.0
1553,1.0
1554,1.0
1555,1.0
1556,1.0
1557,0.9086757898330688
1558,1.0
1559,0.9852941036224365
1560,1.0
1561,0.8379446864128113
1562,1.0
1563,1.0
1564,1.0
1565,0.5363321900367737
1566,1.0
1567,1.0
1568,1.0
1569,0.0
1570,0.7838827967643738
1571,0.5479452013969421
1572,0.9965277910232544
1573,0.9929078221321106
1574,1.0
1575,0.1577060967683792
1576,1.0
1577,1.0
1578,0.0
1579,1.0
1580,1.0
1581,1.0
1582,1.0
1583,0.9962825179100037
1584,1.0
1585,0.9955752491950989
1586,0.0
1587,0.9119718074798584
1588,0.0
1589,0.6864111423492432
1590,0.0
1591,0.9730941653251648
1592,0.17692308127880096
1593,0.151162788271904
1594,0.4393063485622406
1595,0.7987805008888245
1596,1.0
1597,1.0
1598,1.0
1599,1.0
1600,0.9932659864425659
1601,1.0
1602,0.9778761267662048
1603,0.0
1604,0.9848484992980957
1605,0.939068078994751
1606,1.0
1607,1.0
1608,0.0
1609,0.9447004795074463
1610,0.9958158731460571
1611,1.0
1612,1.0
1613,1.0
1614,0.8993055820465088
1615,1.0
1616,0.9581748843193054
1617,0.0
1618,0.8793103694915771
1619,1.0
1620,1.0
1621,1.0
1622,0.9969879388809204
1623,1.0
1624,1.0
1625,0.9968051314353943
1626,0.0
1627,0.0
1628,0.9695817232131958
1629,0.9797570705413818
1630,1.0
1631,1.0
1632,0.9959999918937683
1633,0.8479262590408325
1634,0.8888888955116272
1635,1.0
1636,1.0
1637,0.0
1638,0.08802817016839981
1639,1.0
1640,1.0
1641,1.0
1642,1.0
1643,0.1527777761220932
1644,1.0
1645,0.9207921028137207
1646,0.15447154641151428
1647,0.996688723564148
1648,0.0
1649,0.962199330329895
1650,1.0
1651,1.0
1652,1.0
1653,1.0
1654,1.0
1655,0.8087774515151978
1656,0.9697986841201782
1657,0.0
1658,0.9898648858070374
1659,1.0
1660,0.996363639831543
1661,1.0
1662,1.0
1663,0.11210761964321136
1664,1.0
1665,0.812734067440033
1666,1.0
1667,0.9965753555297852
1668,0.0
1669,0.9867549538612366
1670,0.0
1671,0.983818769454956
1672,0.8470947742462158
1673,0.9967741966247559
1674,0.8179190754890442
1675,1.0
1676,1.0
1677,0.9073033928871155
1678,0.7948718070983887
1679,1.0
1680,1.0
1681,1.0
1682,1.0
1683,1.0
1684,0.0
1685,0.4197530746459961
1686,1.0
1687,1.0
1688,0.9317269325256348
1689,1.0
1690,0.8442623019218445
1691,0.7749077677726746
1692,1.0
1693,0.1484098881483078
1694,1.0
1695,0.9964285492897034
1696,1.0
1697,0.13584905862808228
1698,1.0
1699,0.0
1700,0.08979591727256775
1701,1.0
1702,1.0
1703,0.9694656729698181
1704,1.0
1705,0.0
1706,0.9841269850730896
1707,1.0
1708,0.0
1709,0.9873949289321899
1710,0.8211382031440735
1711,1.0
1712,0.0
1713,1.0
1714,0.9763779640197754
1715,0.4864864945411682
1716,1.0
1717,1.0
1718,0.8741722106933594
1719,1.0
1720,0.0
1721,0.9947916865348816
1722,0.4160206615924835
1723,1.0
1724,1.0
1725,0.1683168262243271
1726,0.940559446811676
1727,0.9198606014251709
1728,0.0
1729,0.9894737005233765
1730,1.0
1731,0.13732394576072693
1732,0.16867469251155853
1733,1.0
1734,0.995555579662323
1735,0.9963503479957581
1736,0.16296295821666718
1737,1.0
1738,0.519298255443573
1739,1.0
1740,1.0
1741,1.0
1742,1.0
1743,1.0
1744,1.0
1745,1.0
1746,1.0
1747,1.0
1748,1.0
1749,1.0
1750,0.0
1751,0.8714285492897034
1752,0.12933753430843353
1753,0.0
1754,0.991150438785553
1755,1.0
1756,1.0
1757,0.48051947355270386
1758,0.4810996651649475
1759,1.0
1760,0.0
1761,0.9254237413406372
1762,1.0
1763,1.0
1764,0.15019762516021729
1765,0.9959514141082764
1766,1.0
1767,1.0
1768,0.0
1769,0.9224806427955627
1770,1.0
1771,0.12156862765550613
1772,0.12167300283908844
1773,1.0
1774,1.0
1775,0.6050000190734863
1776,1.0
1777,1.0
1778,1.0
1779,0.4654545485973358
1780,1.0
1781,0.1261538416147232
1782,1.0
1783,1.0
1784,1.0
1785,0.9969788789749146
1786,1.0
1787,0.48620688915252686
1788,1.0
1789,1.0
1790,1.0
1791,1.0
1792,0.11583011597394943
1793,1.0
1794,1.0
1795,1.0
1796,1.0
1797,1.0
1798,1.0
1799,1.0
1800,1.0
1801,0.8269794583320618
1802,0.9970930218696594
1803,1.0
1804,1.0
1805,1.0
1806,1.0
1807,1.0
1808,1.0
1809,1.0
1810,0.0
1811,0.9822695255279541
1812,1.0
1813,1.0
1814,1.0
1815,1.0
1816,0.08517350256443024
1817,1.0
1818,0.9967741966247559
1819,0.1309904158115387
1820,1.0
1821,0.0
1822,0.0
1823,0.07169811427593231
1824,0.9603524208068848
1825,1.0
1826,1.0
1827,1.0
1828,0.9963369965553284
1829,1.0
1830,1.0
1831,0.4839743673801422
1832,0.8333333134651184
1833,0.9436619877815247
1834,1.0
1835,0.9962825179100037
1836,1.0
1837,0.15267175436019897
1838,1.0
1839,0.5
1840,0.0
1841,0.07894736528396606
1842,1.0
1843,0.14444445073604584
1844,1.0
1845,1.0
1846,1.0
1847,1.0
1848,0.7445054650306702
1849,0.0
1850,1.0
1851,1.0
1852,1.0
1853,0.13437500596046448
1854,1.0
1855,0.7869415879249573
1856,1.0
1857,0.9751037359237671
1858,0.5140562057495117
1859,0.5
1860,1.0
1861,1.0
1862,0.8339622616767883
1863,1.0
1864,1.0
1865,0.89552241563797
1866,0.5314465165138245
1867,1.0
1868,1.0
1869,1.0
1870,1.0
1871,0.996610164642334
1872,1.0
1873,1.0
1874,0.9906250238418579
1875,1.0
1876,0.9692307710647583
1877,1.0
1878,1.0
1879,1.0
1880,1.0
1881,0.0
1882,0.9966777563095093
1883,0.9779735803604126
1884,0.14801444113254547
1885,1.0
1886,0.9316239356994629
1887,1.0
1888,0.1735537201166153
1889,1.0
1890,1.0
1891,1.0
1892,0.8200836777687073
1893,0.9961089491844177
1894,1.0
1895,0.2238806039094925
1896,0.9948979616165161
1897,1.0
1898,1.0
1899,0.812734067440033
1900,1.0
1901,0.5196506381034851
1902,1.0
1903,0.996268630027771
1904,1.0
1905,1.0
1906,1.0
1907,1.0
1908,0.9963235259056091
1909,1.0
1910,1.0
1911,0.8715277910232544
1912,0.9655172228813171
1913,1.0
1914,1.0
1915,1.0
1916,1.0
1917,1.0
1918,1.0
1919,1.0
1920,1.0
1921,0.7951807379722595
1922,1.0
1923,1.0
1924,0.9970930218696594
1925,0.9816513657569885
1926,0.4866666793823242
1927,1.0
1928,1.0
1929,1.0
1930,1.0
1931,0.7760736346244812
1932,0.0
1933,0.8263888955116272
1934,0.16151203215122223
1935,0.9968253970146179
1936,1.0
1937,0.9938271641731262
1938,1.0
1939,0.8498402833938599
1940,1.0
1941,1.0
1942,1.0
1943,0.9911110997200012
1944,0.9909502267837524
1945,1.0
1946,1.0
1947,1.0
1948,1.0
1949,0.0
1950,0.9954954981803894
1951,0.4944649338722229
1952,1.0
1953,0.48245614767074585
1954,0.1428571492433548
1955,1.0
1956,0.0
1957,0.0
1958,0.8427672982215881
1959,0.49517685174942017
1960,1.0
1961,0.0
1962,0.09302325546741486
1963,1.0
1964,0.9957447052001953
1965,0.8513513803482056
1966,0.9964028596878052
1967,1.0
1968,1.0
1969,1.0
1970,1.0
1971,0.0
1972,0.960132896900177
1973,1.0
1974,0.08841463178396225
1975,1.0
1976,0.9968454241752625
1977,1.0
1978,1.0
1979,0.8209459185600281
1980,1.0
1981,0.9849624037742615
1982,0.11267605423927307
1983,1.0
1984,1.0
1985,1.0
1986,1.0
1987,0.0
1988,0.9308357238769531
1989,0.0
1990,0.0
1991,0.9489796161651611
1992,1.0
1993,1.0
1994,1.0
1995,1.0
1996,0.9965397715568542
1997,0.09811320900917053
1998,0.0
1999,0.9925650358200073
2000,1.0
2001,0.9953917264938354
2002,0.0
2003,1.0
2004,1.0
2005,1.0
2006,1.0
2007,0.8888888955116272
2008,0.8858267664909363
2009,1.0
2010,0.0
2011,0.0
2012,0.8962655663490295
2013,1.0
2014,1.0
2015,1.0
2016,0.9961977005004883
2017,1.0
2018,1.0
2019,1.0
2020,0.0
2021,0.0
2022,0.9931034445762634
2023,0.9457626938819885
2024,0.20502091944217682
2025,1.0
2026,0.8631578683853149
2027,1.0
2028,1.0
2029,0.9931740760803223
2030,1.0
2031,0.9921875
2032,1.0
2033,0.9647887349128723
2034,1.0
2035,1.0
2036,1.0
2037,1.0
2038,0.9955752491950989
2039,0.18446601927280426
2040,1.0
2041,1.0
2042,1.0
2043,0.7862318754196167
2044,1.0
2045,0.5150501728057861
2046,1.0
2047,1.0
2048,1.0
2049,0.995555579662323
2050,1.0
2051,0.996515691280365
2052,1.0
2053,1.0
2054,1.0
2055,1.0
2056,1.0
2057,1.0
2058,1.0
2059,0.5122807025909424
2060,1.0
2061,0.8464730381965637
2062,0.990867555141449
2063,1.0
2064,1.0
2065,1.0
2066,0.5
2067,1.0
2068,0.15916955471038818
2069,0.9966777563095093
2070,1.0
2071,1.0
2072,1.0
2073,1.0
2074,0.9755244851112366
2075,1.0
2076,0.10980392247438431
2077,0.10982658714056015
2078,1.0
2079,1.0
2080,1.0
2081,0.517110288143158
2082,0.0
2083,0.938524603843689
2084,0.9741697311401367
2085,1.0
2086,1.0
2087,1.0
2088,1.0
2089,0.9968051314353943
2090,1.0
2091,0.4861111044883728
2092,1.0
2093,1.0
2094,0.0
2095,0.9796748161315918
2096,1.0
2097,0.17351597547531128
2098,1.0
2099,1.0
2100,1.0
2101,0.5905172228813171
2102,1.0
2103,0.45588234066963196
2104,1.0
2105,0.9523809552192688
2106,1.0
2107,0.0
2108,1.0
2109,0.0
2110,0.6993243098258972
2111,0.18503937125205994
2112,0.9489051103591919
2113,0.996503472328186
2114,1.0
2115,0.9957627058029175
2116,1.0
2117,0.9962825179100037
2118,0.9018181562423706
2119,0.08620689809322357
2120,0.5841924548149109
2121,1.0
2122,0.19402985274791718
2123,1.0
2124,1.0
2125,0.20472441613674164
2126,1.0
2127,0.9966443181037903
2128,0.13333334028720856
2129,0.9963503479957581
2130,1.0
2131,0.9967105388641357
2132,0.0
2133,0.0
2134,0.9847908616065979
2135,1.0
2136,0.9198312163352966
2137,1.0
2138,1.0
2139,1.0
2140,1.0
2141,0.09941520541906357
2142,1.0
2143,1.0
2144,0.0
2145,0.9737704992294312
2146,1.0
2147,0.9876922965049744
2148,1.0
2149,1.0
2150,1.0
2151,0.8444444537162781
2152,1.0
2153,1.0
2154,0.9963898658752441
2155,0.14181818068027496
2156,1.0
2157,1.0
2158,1.0
2159,1.0
2160,1.0
2161,0.152482271194458
2162,0.9966216087341309
2163,1.0
2164,1.0
2165,1.0
2166,0.4884488582611084
2167,0.0
2168,0.9964664578437805
2169,1.0
2170,1.0
2171,1.0
2172,0.17777778208255768
2173,1.0
2174,0.14666666090488434
2175,1.0
2176,0.9975247383117676
2177,0.9825072884559631
2178,0.9057239294052124
2179,1.0
2180,1.0
2181,1.0
2182,1.0
2183,1.0
2184,1.0
2185,1.0
2186,1.0
2187,0.9632353186607361
2188,1.0
2189,1.0
2190,0.9968152642250061
2191,1.0
2192,0.0
2193,0.9834710955619812
2194,0.9889807105064392
2195,1.0
2196,0.45588234066963196
2197,0.9970414042472839
2198,1.0
2199,0.9801136255264282
2200,0.0
2201,0.970588207244873
2202,1.0
2203,1.0
2204,0.996363639831543
2205,1.0
2206,0.9752650260925293
2207,1.0
2208,0.15807560086250305
2209,1.0
2210,0.9749103784561157
2211,0.5714285969734192
2212,1.0
2213,1.0
2214,1.0
2215,0.8188153505325317
2216,0.46052631735801697
2217,1.0
2218,1.0
2219,1.0
2220,1.0
2221,0.0
2222,0.9738562107086182
2223,0.12903225421905518
2224,1.0
2225,0.541218638420105
2226,1.0
2227,1.0
2228,0.9966216087341309
2229,1.0
2230,0.5735849142074585
2231,0.0
2232,0.8813559412956238
2233,0.9964664578437805
2234,1.0
2235,1.0
2236,1.0
2237,0.9963768124580383
2238,1.0
2239,1.0
2240,1.0
2241,1.0
2242,1.0
2243,0.0
2244,0.9383116960525513
2245,0.0
2246,0.9511111378669739
2247,0.8189300298690796
2248,1.0
2249,1.0
2250,0.48178136348724365
2251,1.0
2252,0.0
2253,0.0
2254,0.9277108311653137
2255,0.9964413046836853
2256,1.0
2257,0.9679999947547913
2258,1.0
2259,1.0
2260,1.0
2261,0.790229856967926
2262,1.0
2263,1.0
2264,0.0
2265,0.0
2266,1.0
2267,1.0
2268,0.9916201233863831
2269,0.4700315594673157
2270,1.0
2271,1.0
2272,1.0
2273,1.0
2274,1.0
2275,0.9900990128517151
2276,1.0
2277,0.0
2278,0.9021739363670349
2279,1.0
2280,1.0
2281,1.0
2282,1.0
2283,0.1541353315114975
2284,1.0
2285,1.0
2286,0.9964538812637329
2287,1.0
2288,0.8032258152961731
2289,1.0
2290,1.0
2291,0.838487982749939
2292,0.966292142868042
2293,0.9954338073730469
2294,1.0
2295,0.9907407164573669
2296,1.0
2297,0.5201612710952759
2298,1.0
2299,1.0
2300,1.0
2301,1.0
2302,1.0
2303,1.0
2304,0.9578313231468201
2305,1.0
2306,0.0
2307,0.9142857193946838
2308,0.9657794833183289
2309,1.0
2310,1.0
2311,1.0
2312,0.9966777563095093
2313,0.9446494579315186
2314,1.0
2315,0.9895470142364502
2316,0.969072163105011
2317,1.0
2318,1.0
2319,0.11340206116437912
2320,1.0
2321,0.9964413046836853
2322,1.0
2323,0.996268630027771
2324,0.9639999866485596
2325,0.9961977005004883
2326,1.0
2327,1.0
2328,1.0
2329,1.0
2330,1.0
2331,0.7870370149612427
2332,1.0
2333,0.13725490868091583
2334,1.0
2335,0.12204724550247192
2336,1.0
2337,0.14468085765838623
2338,0.0
2339,0.9877049326896667
2340,1.0
2341,1.0
2342,0.0
2343,0.9829351305961609
2344,0.13523131608963013
2345,1.0
2346,0.0
2347,0.06730769574642181
2348,0.1428571492433548
2349,0.0
2350,0.987730085849762
2351,1.0
2352,1.0
2353,1.0
2354,1.0
2355,0.9963369965553284
2356,0.8413284420967102
2357,0.8333333134651184
2358,1.0
2359,0.9701492786407471
2360,1.0
2361,0.0
2362,0.4741035997867584
2363,0.9957447052001953
2364,0.0
2365,0.9791666865348816
2366,1.0
2367,0.0
2368,0.9958333373069763
2369,0.9545454382896423
2370,1.0
2371,1.0
2372,1.0
2373,1.0
2374,0.0
2375,0.9931507110595703
2376,0.9969512224197388
2377,1.0
2378,1.0
2379,1.0
2380,1.0
2381,1.0
2382,1.0
2383,0.0
2384,0.9645669460296631
2385,1.0
2386,1.0
2387,0.12893082201480865
2388,0.997032642364502
2389,0.0
2390,0.0
2391,0.7733333110809326
2392,0.9735973477363586
2393,1.0
2394,1.0
2395,1.0
2396,0.4889705777168274
2397,0.5263158082962036
2398,1.0
2399,1.0
2400,1.0
2401,1.0
2402,0.0
2403,0.9675324559211731
2404,1.0
2405,1.0
2406,1.0
2407,1.0
2408,1.0
2409,1.0
2410,1.0
2411,0.16382253170013428
2412,0.0
2413,0.9708333611488342
2414,0.9870689511299133
2415,0.8360655903816223
2416,0.9496644139289856
2417,1.0
2418,1.0
2419,0.15708811581134796
2420,1.0
2421,0.16206896305084229
2422,1.0
2423,1.0
2424,1.0
2425,1.0
2426,1.0
2427,0.0
2428,0.9897260069847107
2429,0.0
2430,0.3290598392486572
2431,1.0
2432,0.13432836532592773
2433,0.9450171589851379
2434,1.0
2435,1.0
2436,1.0
2437,1.0
2438,0.7635135054588318
2439,0.8233215808868408
2440,0.996666669845581
2441,1.0
2442,1.0
2443,1.0
2444,1.0
2445,1.0
2446,0.99609375
2447,0.13716813921928406
2448,1.0
2449,0.0
2450,0.9879153966903687
2451,0.1654929518699646
2452,0.5347431898117065
2453,0.9964912533760071
2454,0.0
2455,0.953177273273468
2456,1.0
2457,0.9971590638160706
2458,0.0
2459,0.0
2460,0.04477611929178238
2461,1.0
2462,0.14705882966518402
2463,1.0
2464,1.0
2465,1.0
2466,1.0
2467,1.0
2468,1.0
2469,0.4951923191547394
2470,1.0
2471,0.7754386067390442
2472,1.0
2473,0.8416988253593445
2474,1.0
2475,1.0
2476,1.0
2477,0.0
2478,0.9616724848747253
2479,1.0
2480,1.0
2481,0.996503472328186
2482,1.0
2483,1.0
2484,0.0
2485,0.407665491104126
2486,0.9965277910232544
2487,1.0
2488,0.8888888955116272
2489,1.0
2490,0.996666669845581
2491,1.0
2492,1.0
2493,1.0
2494,1.0
2495,0.8723404407501221
2496,1.0
2497,1.0
2498,0.8404255509376526
2499,1.0
2500,0.9960317611694336
2501,1.0
2502,1.0
2503,0.10130719095468521
2504,0.9966555237770081
2505,0.0
2506,0.9829351305961609
2507,0.9967741966247559
2508,1.0
2509,0.1654135286808014
2510,0.9969325065612793
2511,0.800000011920929
2512,0.9831932783126831
2513,0.20948617160320282
2514,1.0
2515,1.0
2516,1.0
2517,1.0
2518,1.0
2519,0.47887325286865234
2520,0.46640315651893616
2521,0.8288973569869995
2522,1.0
2523,1.0
2524,1.0
2525,0.9961832165718079
2526,1.0
2527,1.0
2528,0.9961538314819336
2529,1.0
2530,0.15481171011924744
2531,1.0
2532,0.8798283338546753
2533,0.0
2534,0.0
2535,0.0
2536,0.0
2537,0.9734513163566589
2538,1.0
2539,1.0
2540,1.0
2541,1.0
2542,1.0
2543,0.9965870380401611
2544,0.5472440719604492
2545,1.0
2546,0.9610389471054077
2547,1.0
2548,0.9965517520904541
2549,0.0
2550,0.9969969987869263
2551,1.0
2552,0.16199377179145813
2553,1.0
2554,1.0
2555,1.0
2556,1.0
2557,0.0
2558,0.7206896543502808
2559,1.0
2560,1.0
2561,0.9609375
2562,1.0
2563,0.5327869057655334
2564,0.10472972691059113
2565,1.0
2566,0.80756014585495
2567,1.0
2568,0.09183673560619354
2569,0.0
2570,0.9681978821754456
2571,1.0
2572,0.9553571343421936
2573,1.0
2574,0.0
2575,0.9883268475532532
2576,1.0
2577,1.0
2578,0.9966996908187866
2579,1.0
2580,1.0
2581,1.0
2582,0.9966443181037903
2583,0.08267716318368912
2584,1.0
2585,1.0
2586,1.0
2587,1.0
2588,0.99622642993927
2589,0.1595330685377121
2590,0.9962962865829468
2591,0.8371211886405945
2592,1.0
2593,1.0
2594,1.0
2595,1.0
2596,1.0
2597,1.0
2598,0.9238410592079163
2599,0.1875
2600,1.0
2601,1.0
2602,1.0
2603,0.17937219142913818
2604,1.0
2605,1.0
2606,1.0
2607,1.0
2608,1.0
2609,1.0
2610,1.0
2611,1.0
2612,1.0
2613,1.0
2614,0.1733333319425583
2615,1.0
2616,0.996632993221283
2617,1.0
2618,0.99303138256073
2619,0.8406779766082764
2620,1.0
2621,0.0
2622,0.9721254110336304
2623,1.0
2624,1.0
2625,0.9313725233078003
2626,1.0
2627,1.0
2628,0.9728813767433167
2629,1.0
2630,1.0
2631,0.9968152642250061
2632,1.0
2633,1.0
2634,0.8350168466567993
2635,0.4647887349128723
2636,0.9956521987915039
2637,0.0
2638,1.0
2639,0.505660355091095
2640,1.0
2641,0.13983051478862762
2642,0.9959349632263184
2643,1.0
2644,0.8394649028778076
2645,1.0
2646,0.14022140204906464
2647,0.9963898658752441
2648,1.0
2649,1.0
2650,0.125
2651,1.0
2652,1.0
2653,1.0
2654,0.9966996908187866
2655,1.0
2656,1.0
2657,0.0
2658,0.9867549538612366
2659,0.1541353315114975
2660,1.0
2661,1.0
2662,1.0
2663,1.0
2664,0.16923077404499054
2665,0.9762845635414124
2666,1.0
2667,1.0
2668,1.0
2669,1.0
2670,0.9933993220329285
2671,0.9967637658119202
2672,0.43617022037506104
2673,0.9452054500579834
2674,1.0
2675,0.9893617033958435
2676,0.9733840227127075
2677,1.0
2678,1.0
2679,0.0
2680,0.9816513657569885
2681,1.0
2682,0.12969283759593964
2683,1.0
2684,1.0
2685,1.0
2686,0.9966216087341309
2687,0.0
2688,0.9962546825408936
2689,0.9960159659385681
2690,0.9640287756919861
2691,0.9960317611694336
2692,0.8318965435028076
2693,0.0
2694,0.9592592716217041
2695,0.0
2696,0.9659090638160706
2697,1.0
2698,1.0
2699,1.0
2700,0.0
2701,0.9962825179100037
2702,0.0
2703,1.0
2704,1.0
2705,0.1324041783809662
2706,0.9971098303794861
2707,1.0
2708,0.1180555522441864
2709,0.0
2710,0.9874476790428162
2711,0.0
2712,0.9694656729698181
2713,0.4778156876564026
2714,1.0
2715,1.0
2716,0.9957982897758484
2717,1.0
2718,1.0
2719,1.0
2720,1.0
2721,0.9958506226539612
2722,1.0
2723,0.1741071492433548
2724,0.8409090638160706
2725,1.0
2726,0.9950980544090271
2727,1.0
2728,1.0
2729,0.9960784316062927
2730,0.0
2731,0.3980891704559326
2732,1.0
2733,1.0
2734,1.0
2735,0.9399293065071106
2736,0.9366196990013123
2737,0.9963768124580383
2738,1.0
2739,0.12454212456941605
2740,1.0
2741,1.0
2742,0.9956140518188477
2743,0.20476190745830536
2744,1.0
2745,0.13309352099895477
2746,1.0
2747,1.0
2748,0.9655172228813171
2749,1.0
2750,1.0
2751,0.14696486294269562
2752,0.9963369965553284
2753,1.0
2754,0.9055117964744568
2755,1.0
2756,1.0
2757,0.5
2758,0.5169082283973694
2759,1.0
2760,0.996610164642334
2761,1.0
2762,0.9965277910232544
2763,1.0
2764,0.9096385836601257
2765,1.0
2766,1.0
2767,1.0
2768,0.10927152633666992
2769,1.0
2770,1.0
2771,1.0
2772,1.0
2773,0.0
2774,0.9392096996307373
2775,1.0
2776,0.514950156211853
2777,1.0
2778,1.0
2779,0.9964912533760071
2780,1.0
2781,0.4906249940395355
2782,0.9931740760803223
2783,0.9961685538291931
2784,1.0
2785,0.0
2786,0.9631147384643555
2787,1.0
2788,1.0
2789,0.9865471124649048
2790,1.0
2791,0.996363639831543
2792,1.0
2793,1.0
2794,1.0
2795,0.9901639223098755
2796,0.9964413046836853
2797,0.0
2798,1.0
2799,1.0
2800,1.0
2801,0.9786324501037598
2802,1.0
2803,1.0
2804,1.0
2805,1.0
2806,1.0
2807,1.0
2808,1.0
2809,0.1258992850780487
2810,0.9561753273010254
2811,0.0
2812,0.9547038078308105
2813,1.0
2814,1.0
2815,0.9097222089767456
2816,1.0
2817,1.0
2818,1.0
2819,0.9545454382896423
2820,1.0
2821,0.0
2822,0.9719298481941223
2823,0.12912912666797638
2824,0.12418300658464432
2825,1.0
2826,1.0
2827,1.0
2828,1.0
2829,1.0
2830,0.5366795659065247
2831,0.0
2832,0.995555579662323
2833,1.0
2834,1.0
2835,1.0
2836,0.992094874382019
2837,0.1551724076271057
2838,1.0
2839,0.9904153347015381
2840,1.0
2841,0.8338461518287659
2842,0.09495548903942108
2843,1.0
2844,1.0
2845,1.0
2846,1.0
2847,1.0
2848,0.4978165924549103
2849,0.17167381942272186
2850,0.17870722711086273
2851,0.9968253970146179
2852,1.0
2853,1.0
2854,0.9970845580101013
2855,1.0
2856,0.5205047130584717
2857,0.9971510171890259
2858,1.0
2859,0.11746031790971756
2860,1.0
2861,0.9918367266654968
2862,1.0
2863,1.0
2864,0.0
2865,0.98046875
2866,0.0
2867,1.0
2868,0.0
2869,0.9535603523254395
2870,0.5065789222717285
2871,0.15050166845321655
2872,0.9969325065612793
2873,0.9964664578437805
2874,1.0
2875,0.0
2876,0.932721734046936
2877,1.0
2878,0.9739130139350891
2879,0.9960784316062927
2880,0.5213675498962402
2881,0.9959183931350708
2882,1.0
2883,0.9963768124580383
2884,0.9740740656852722
2885,0.0
2886,0.9937304258346558
2887,1.0
2888,1.0
2889,0.9929577708244324
2890,1.0
2891,1.0
2892,0.9964028596878052
2893,0.14035087823867798
2894,1.0
2895,1.0
2896,0.0
2897,0.49166667461395264
2898,0.9960474371910095
2899,0.0
2900,0.9749103784561157
2901,0.9918699264526367
2902,0.0
2903,0.9928825497627258
2904,0.5633333325386047
2905,0.9831081032752991
2906,1.0
2907,1.0
2908,1.0
2909,1.0
2910,1.0
2911,1.0
2912,0.9479166865348816
2913,0.4933774769306183
2914,1.0
2915,0.949999988079071
2916,1.0
2917,1.0
2918,1.0
2919,1.0
2920,1.0
2921,1.0
2922,1.0
2923,0.12621359527111053
2924,0.8510638475418091
2925,1.0
2926,0.0
2927,0.05740181356668472
2928,1.0
2929,0.0
2930,0.9905956387519836
2931,0.9446494579315186
2932,1.0
2933,1.0
2934,0.15808823704719543
2935,1.0
2936,0.0
2937,0.9932885766029358
2938,0.0
2939,0.0
2940,0.9965397715568542
2941,1.0
2942,0.49824562668800354
2943,1.0
2944,1.0
2945,1.0
2946,0.10979228466749191
2947,1.0
2948,0.8233438730239868
2949,1.0
2950,1.0
2951,0.0
2952,0.9957982897758484
2953,0.9954954981803894
2954,1.0
2955,0.9914529919624329
2956,1.0
2957,0.0
2958,0.9880478382110596
2959,1.0
2960,1.0
2961,1.0
2962,1.0
2963,1.0
2964,1.0
2965,1.0
2966,0.0
2967,1.0
2968,1.0
2969,1.0
2970,0.5909090638160706
2971,0.9957982897758484
2972,1.0
2973,0.9962406158447266
2974,1.0
2975,1.0
2976,1.0
2977,1.0
2978,1.0
2979,1.0
2980,1.0
2981,0.0
2982,0.06953642517328262
2983,1.0
2984,0.9967213273048401
2985,0.8515151739120483
2986,1.0
2987,1.0
2988,1.0
2989,1.0
2990,0.0
2991,0.914383590221405
2992,0.4932432472705841
2993,0.5346153974533081
2994,1.0
2995,0.7654321193695068
2996,1.0
2997,1.0
2998,1.0
2999,0.0
3000,0.9862068891525269
3001,1.0
3002,1.0
3003,0.0
3004,0.40614333748817444
3005,0.9860140085220337
3006,1.0
3007,0.5154638886451721
3008,0.0
3009,0.05263157933950424
3010,0.9967741966247559
3011,1.0
3012,0.0
3013,0.9924242496490479
3014,0.8807692527770996
3015,0.0
3016,0.9718875288963318
3017,1.0
3018,1.0
3019,1.0
3020,1.0
3021,1.0
3022,0.996874988079071
3023,1.0
3024,1.0
3025,1.0
3026,1.0
3027,1.0
3028,0.7781690359115601
3029,1.0
3030,0.8775510191917419
3031,1.0
3032,0.17028985917568207
3033,1.0
3034,0.13945578038692474
3035,1.0
3036,1.0
3037,0.1257861703634262
3038,0.5017793774604797
3039,1.0
3040,0.13826367259025574
3041,0.87109375
3042,1.0
3043,1.0
3044,0.0
3045,0.9958847761154175
3046,1.0
3047,0.0
3048,0.996363639831543
3049,0.0
3050,0.6892856955528259
3051,1.0
3052,0.95652174949646
3053,1.0
3054,1.0
3055,1.0
3056,0.9960317611694336
3057,1.0
3058,1.0
3059,0.5655430555343628
3060,0.9836065769195557
3061,1.0
3062,1.0
3063,1.0
3064,1.0
3065,1.0
3066,1.0
3067,0.9169328808784485
3068,1.0
3069,0.0
3070,0.9864406585693359
3071,0.9448052048683167
3072,1.0
3073,1.0
3074,1.0
3075,0.9965277910232544
3076,0.9932885766029358
3077,1.0
3078,1.0
3079,1.0
3080,1.0
3081,1.0
3082,1.0
3083,1.0
3084,1.0
3085,1.0
3086,1.0
3087,0.9962546825408936
3088,1.0
3089,0.0
3090,0.9721361994743347
3091,1.0
3092,1.0
3093,0.9380165338516235
3094,0.5111111402511597
3095,0.16165412962436676
3096,1.0
3097,0.0
3098,0.9864406585693359
3099,0.9964285492897034
3100,0.9964912533760071
3101,0.0
3102,1.0
3103,1.0
3104,0.9911894202232361
3105,0.995555579662323
3106,1.0
3107,0.9532710313796997
3108,0.0
3109,0.0
3110,0.0
3111,0.9868852496147156
3112,1.0
3113,0.0
3114,0.05921052768826485
3115,0.1538461595773697
3116,1.0
3117,1.0
3118,0.10139860212802887
3119,0.8172042965888977
3120,0.0
3121,0.8414633870124817
3122,0.9961832165718079
3123,1.0
3124,1.0
3125,0.9642857313156128
3126,0.15202702581882477
3127,1.0
3128,1.0
3129,1.0
3130,0.0
3131,0.9612675905227661
3132,1.0
3133,1.0
3134,1.0
3135,0.99609375
3136,0.0
3137,0.9793814420700073
3138,0.12890625
3139,1.0
3140,1.0
3141,1.0
3142,1.0
3143,1.0
3144,0.1666666716337204
3145,0.993630588054657
3146,1.0
3147,0.9905956387519836
3148,1.0
3149,0.15734265744686127
3150,1.0
3151,1.0
3152,0.1296830028295517
3153,0.0
3154,0.0
3155,0.9368770718574524
3156,1.0
3157,0.0
3158,0.9777777791023254
3159,1.0
3160,0.0
3161,0.9879518151283264
3162,0.18623481690883636
3163,1.0
3164,0.0
3165,1.0
3166,0.9957805871963501
3167,1.0
3168,1.0
3169,1.0
3170,1.0
3171,0.9745762944221497
3172,1.0
3173,0.8675078749656677
3174,0.996503472328186
3175,1.0
3176,1.0
3177,1.0
3178,0.9969230890274048
3179,1.0
3180,1.0
3181,1.0
3182,1.0
3183,0.8361344337463379
3184,0.1526104360818863
3185,0.9333333373069763
3186,1.0
3187,1.0
3188,0.9442379474639893
3189,1.0
3190,0.48630136251449585
3191,1.0
3192,0.1409395933151245
3193,1.0
3194,1.0
3195,1.0
3196,1.0
3197,0.9964788556098938
3198,1.0
3199,0.12956809997558594
3200,1.0
3201,0.0
3202,0.9966996908187866
3203,1.0
3204,0.9971181750297546
3205,1.0
3206,1.0
3207,1.0
3208,1.0
3209,1.0
3210,1.0
3211,1.0
3212,0.17472119629383087
3213,1.0
3214,1.0
3215,0.0
3216,0.0
3217,0.9805194735527039
3218,1.0
3219,1.0
3220,0.9967105388641357
3221,1.0
3222,0.8562091588973999
3223,0.12377849966287613
3224,0.0
3225,0.9816849827766418
3226,1.0
3227,0.0
3228,0.0
3229,0.9830508232116699
3230,1.0
3231,1.0
3232,1.0
3233,0.9477351903915405
3234,0.0
3235,0.9902912378311157
3236,1.0
3237,1.0
3238,1.0
3239,1.0
3240,0.9140127301216125
3241,0.180887371301651
3242,1.0
3243,0.1268882155418396
3244,0.9925650358200073
3245,0.49000000953674316
3246,1.0
3247,1.0
3248,1.0
3249,1.0
3250,0.9649122953414917
3251,1.0
3252,1.0
3253,0.5352112650871277
3254,0.9172185659408569
3255,1.0
3256,0.11824323982000351
3257,1.0
3258,1.0
3259,1.0
3260,0.08992806077003479
3261,0.9809523820877075
3262,1.0
3263,0.5315789580345154
3264,0.20304568111896515
3265,1.0
3266,1.0
3267,0.8157894611358643
3268,0.8432835936546326
3269,0.46992480754852295
3270,1.0
3271,0.9962546825408936
3272,1.0
3273,0.0
3274,0.4234875440597534
3275,0.996610164642334
3276,1.0
3277,1.0
3278,0.16872428357601166
3279,1.0
3280,0.9208333492279053
3281,1.0
3282,1.0
3283,1.0
3284,0.9919999837875366
3285,0.49814125895500183
3286,0.1942446082830429
3287,0.49822065234184265
3288,1.0
3289,1.0
3290,1.0
3291,0.996515691280365
3292,0.0
3293,0.9792531132698059
3294,1.0
3295,1.0
3296,0.0
3297,0.9850187301635742
3298,0.8532423377037048
3299,1.0
3300,0.9970845580101013
3301,1.0
3302,1.0
3303,0.0
3304,0.9938271641731262
3305,1.0
3306,0.0
3307,0.9964912533760071
3308,0.9963235259056091
3309,1.0
3310,1.0
3311,0.9961389899253845
3312,1.0
3313,1.0
3314,1.0
3315,1.0
3316,0.0
3317,0.7189781069755554
3318,1.0
3319,1.0
3320,1.0
3321,1.0
3322,1.0
3323,0.98828125
3324,1.0
3325,0.0
3326,0.9711934328079224
3327,1.0
3328,0.5313807725906372
3329,1.0
3330,1.0
3331,0.1666666716337204
3332,0.9934640526771545
3333,0.11180124431848526
3334,0.476666659116745
3335,1.0
3336,0.9968152642250061
3337,0.9935691356658936
3338,1.0
3339,1.0
3340,0.9965635538101196
3341,1.0
3342,0.9532710313796997
3343,0.0
3344,0.9921875
3345,1.0
3346,1.0
3347,1.0
3348,0.0
3349,0.09440559148788452
3350,1.0
3351,1.0
3352,1.0
3353,0.0
3354,0.9833333492279053
3355,1.0
3356,1.0
3357,0.9959839582443237
3358,1.0
3359,1.0
3360,0.996666669845581
3361,0.1338289976119995
3362,1.0
3363,1.0
3364,1.0
3365,1.0
3366,1.0
3367,1.0
3368,0.46785715222358704
3369,1.0
3370,1.0
3371,1.0
3372,1.0
3373,0.8333333134651184
3374,0.8345588445663452
3375,1.0
3376,1.0
3377,0.893401026725769
3378,1.0
3379,1.0
3380,1.0
3381,0.9958333373069763
3382,0.9769230484962463
3383,0.8352490663528442
3384,1.0
3385,0.9961977005004883
3386,0.9931034445762634
3387,1.0
3388,1.0
3389,1.0
3390,1.0
3391,0.9906832575798035
3392,0.8695651888847351
3393,0.9963235259056091
3394,0.9100000262260437
3395,1.0
3396,0.1234939768910408
3397,1.0
3398,1.0
3399,0.9957447052001953
3400,1.0
3401,1.0
3402,0.996268630027771
3403,1.0
3404,1.0
3405,0.0
3406,0.9969135522842407
3407,1.0
3408,0.0
3409,0.996835470199585
3410,1.0
3411,0.0
3412,0.8705882430076599
3413,0.9968847632408142
3414,1.0
3415,1.0
3416,0.0
3417,0.9933993220329285
3418,0.11838006228208542
3419,0.0
3420,0.0
3421,0.9847328066825867
3422,0.1794871836900711
3423,0.12043795734643936
3424,1.0
3425,0.8140350580215454
3426,1.0
3427,1.0
3428,1.0
3429,0.8650793433189392
3430,1.0
3431,1.0
3432,1.0
3433,0.0
3434,0.9767441749572754
3435,1.0
3436,0.0
3437,0.04593639448285103
3438,0.12830188870429993
3439,1.0
3440,1.0
3441,0.9591836929321289
3442,1.0
3443,1.0
3444,0.10320284962654114
3445,1.0
3446,0.11614730954170227
3447,1.0
3448,1.0
3449,0.9965277910232544
3450,0.0
3451,0.9888888597488403
3452,0.9784172773361206
3453,1.0
3454,1.0
3455,0.46625766158103943
3456,0.0
3457,1.0
3458,0.49501660466194153
3459,1.0
3460,0.9964538812637329
3461,1.0
3462,1.0
3463,1.0
3464,1.0
3465,1.0
3466,1.0
3467,1.0
3468,1.0
3469,0.989130437374115
3470,1.0
3471,1.0
3472,1.0
3473,1.0
3474,1.0
3475,1.0
3476,1.0
3477,0.957446813583374
3478,0.1349206417798996
3479,1.0
3480,0.0
3481,0.996503472328186
3482,0.1821192055940628
3483,1.0
3484,1.0
3485,0.9217687249183655
3486,1.0
3487,0.80887371301651
3488,1.0
3489,0.0
3490,1.0
3491,1.0
3492,1.0
3493,0.8739495873451233
3494,1.0
3495,0.0
3496,0.9878048896789551
3497,0.5155279636383057
3498,1.0
3499,1.0
3500,0.9971510171890259
3501,0.0
3502,0.9805194735527039
3503,1.0
3504,1.0
3505,1.0
3506,0.9954338073730469
3507,1.0
3508,1.0
3509,1.0
3510,1.0
3511,1.0
3512,1.0
3513,1.0
3514,1.0
3515,0.9956140518188477
3516,1.0
3517,1.0
3518,1.0
3519,1.0
3520,0.21658986806869507
3521,1.0
3522,1.0
3523,1.0
3524,1.0
3525,0.1535087674856186
3526,0.9343629479408264
3527,1.0
3528,1.0
3529,1.0
3530,1.0
3531,0.9087947607040405
3532,1.0
3533,0.518207311630249
3534,0.9939209818840027
3535,1.0
3536,0.8138138055801392
3537,1.0
3538,0.9961389899253845
3539,0.9347826242446899
3540,0.1184210553765297
3541,1.0
3542,1.0
3543,0.9971098303794861
3544,1.0
3545,1.0
3546,1.0
3547,0.900293231010437
3548,1.0
3549,0.12121212482452393
3550,0.985401451587677
3551,1.0
3552,0.9116607904434204
3553,1.0
3554,1.0
3555,0.0
3556,0.9956521987915039
3557,0.1901140660047531
3558,1.0
3559,1.0
3560,1.0
3561,1.0
3562,0.45558738708496094
3563,0.0
3564,0.9938837885856628
3565,0.9970588088035583
3566,1.0
3567,1.0
3568,1.0
3569,1.0
3570,1.0
3571,0.0
3572,0.9968253970146179
3573,0.9968454241752625
3574,1.0
3575,0.7745097875595093
3576,0.5518518686294556
3577,0.15841583907604218
3578,1.0
3579,1.0
3580,1.0
3581,0.9827089309692383
3582,0.8322580456733704
3583,0.89552241563797
3584,0.8379204869270325
3585,0.1535836160182953
3586,0.9566666483879089
3587,0.1388888955116272
3588,1.0
3589,1.0
3590,0.0
3591,0.9911242723464966
3592,0.9963503479957581
3593,1.0
3594,1.0
3595,1.0
3596,0.9959677457809448
3597,0.9883268475532532
3598,1.0
3599,0.9435483813285828
3600,0.9160584211349487
3601,0.8965517282485962
3602,0.12608695030212402
3603,1.0
3604,0.99609375
3605,0.4918566644191742
3606,1.0
3607,0.12580645084381104
3608,0.978723406791687
3609,1.0
3610,0.15568862855434418
3611,1.0
3612,1.0
3613,1.0
3614,1.0
3615,1.0
3616,0.0
3617,1.0
3618,0.9635036587715149
3619,0.10596026480197906
3620,0.9926739931106567
3621,1.0
3622,1.0
3623,0.9932432174682617
3624,1.0
3625,0.8125
3626,0.8240469098091125
3627,1.0
3628,0.0
3629,0.9850187301635742
3630,0.996515691280365
3631,0.9454545378684998
3632,1.0
3633,0.13703703880310059
3634,0.9914893507957458
3635,1.0
3636,0.9962962865829468
3637,1.0
3638,1.0
3639,1.0
3640,1.0
3641,0.4682779312133789
3642,1.0
3643,1.0
3644,1.0
3645,1.0
3646,0.8098360896110535
3647,0.5504587292671204
3648,1.0
3649,1.0
3650,1.0
3651,1.0
3652,1.0
3653,0.9929824471473694
3654,0.9330708384513855
3655,0.14068441092967987
3656,0.0
3657,0.989830493927002
3658,0.10927152633666992
3659,1.0
3660,1.0
3661,1.0
3662,1.0
3663,0.9752650260925293
3664,1.0
3665,1.0
3666,1.0
3667,1.0
3668,1.0
3669,1.0
3670,1.0
3671,1.0
3672,1.0
3673,0.5363321900367737
3674,1.0
3675,0.9578947424888611
3676,1.0
3677,0.995708167552948
3678,1.0
3679,0.9936507940292358
3680,1.0
3681,0.9850187301635742
3682,1.0
3683,0.12871287763118744
3684,1.0
3685,0.9924242496490479
3686,1.0
3687,0.80694979429245
3688,1.0
3689,1.0
3690,0.18400000035762787
3691,0.9962962865829468
3692,0.9575971961021423
3693,0.0
3694,0.9800000190734863
3695,1.0
3696,0.919847309589386
3697,0.1875
3698,1.0
3699,0.15925925970077515
3700,1.0
3701,1.0
3702,1.0
3703,1.0
3704,0.5780141949653625
3705,1.0
3706,0.9900332093238831
3707,1.0
3708,0.5029761791229248
3709,1.0
3710,0.9660377502441406
3711,1.0
3712,0.9970059990882874
3713,0.15666666626930237
3714,0.9970238208770752
3715,1.0
3716,1.0
3717,0.8103975653648376
3718,1.0
3719,0.12734082341194153
3720,0.1171875
3721,1.0
3722,1.0
3723,1.0
3724,0.1358885020017624
3725,0.0
3726,0.9967948794364929
3727,0.0
3728,0.055374592542648315
3729,1.0
3730,0.952531635761261
3731,0.788395881652832
3732,1.0
3733,0.13718411326408386
3734,1.0
3735,0.8624160885810852
3736,1.0
3737,1.0
3738,0.4797687828540802
3739,0.9877675771713257
3740,1.0
3741,1.0
3742,0.0
3743,0.04281345382332802
3744,1.0
3745,0.0
3746,0.9701492786407471
3747,0.5629921555519104
3748,1.0
3749,1.0
3750,0.16296295821666718
3751,1.0
3752,0.9407407641410828
3753,0.9961977005004883
3754,0.1477663218975067
3755,1.0
3756,1.0
3757,1.0
3758,1.0
3759,1.0
3760,1.0
3761,0.9964538812637329
3762,0.8762542009353638
3763,0.9933333396911621
3764,1.0
3765,0.9958158731460571
3766,1.0
3767,1.0
3768,1.0
3769,1.0
3770,0.0
3771,0.9932659864425659
3772,1.0
3773,1.0
3774,0.13131313025951385
3775,1.0
3776,1.0
3777,0.9098837375640869
3778,0.9972826242446899
3779,0.996610164642334
3780,0.8184818625450134
3781,0.0
3782,0.9667773842811584
3783,0.0
3784,0.9941176176071167
3785,1.0
3786,1.0
3787,1.0
3788,0.5490909218788147
3789,1.0
3790,1.0
3791,1.0
3792,1.0
3793,0.0
3794,1.0
3795,1.0
3796,0.9961977005004883
3797,1.0
3798,1.0
3799,0.4545454680919647
3800,1.0
3801,1.0
3802,0.0
3803,0.9964413046836853
3804,0.48417720198631287
3805,1.0
3806,1.0
3807,1.0
3808,1.0
3809,1.0
3810,1.0
3811,0.10000000149011612
3812,0.0
3813,0.4956521689891815
3814,0.5547170042991638
3815,1.0
3816,0.6000000238418579
3817,1.0
3818,0.9831932783126831
3819,0.8199999928474426
3820,1.0
3821,1.0
3822,0.9961977005004883
3823,1.0
3824,0.9957627058029175
3825,0.9960784316062927
3826,1.0
3827,1.0
3828,1.0
3829,1.0
3830,0.0
3831,0.9937304258346558
3832,0.0
3833,1.0
3834,0.9936102032661438
3835,1.0
3836,0.996874988079071
3837,1.0
3838,0.11240310221910477
3839,1.0
3840,1.0
3841,1.0
3842,0.8535565137863159
3843,0.16877637803554535
3844,0.0
3845,0.9841897487640381
3846,1.0
3847,1.0
3848,0.9619883298873901
3849,0.5555555820465088
3850,0.0
3851,0.0
3852,0.04823151230812073
3853,1.0
3854,0.9955357313156128
3855,1.0
3856,1.0
3857,0.9886363744735718
3858,0.0
3859,0.9958333373069763
3860,0.9400749206542969
3861,1.0
3862,0.1082802563905716
3863,1.0
3864,1.0
3865,1.0
3866,1.0
3867,1.0
3868,1.0
3869,0.9926199316978455
3870,0.13857677578926086
3871,0.5098814368247986
3872,0.0
3873,0.984375
3874,0.16260161995887756
3875,1.0
3876,0.0
3877,1.0
3878,0.5360000133514404
3879,1.0
3880,0.9969696998596191
3881,1.0
3882,0.9388889074325562
3883,1.0
3884,1.0
3885,1.0
3886,0.9688581228256226
3887,1.0
3888,0.9965753555297852
3889,1.0
3890,0.197628453373909
3891,1.0
3892,0.9961389899253845
3893,1.0
3894,1.0
3895,1.0
3896,1.0
3897,0.0
3898,0.9825174808502197
3899,1.0
3900,1.0
3901,0.7344262003898621
3902,1.0
3903,1.0
3904,0.09900990128517151
3905,1.0
3906,1.0
3907,1.0
3908,1.0
3909,0.9969788789749146
3910,1.0
3911,0.9874213933944702
3912,1.0
3913,1.0
3914,0.5461254715919495
3915,0.15705128014087677
3916,1.0
3917,1.0
3918,1.0
3919,1.0
3920,0.4819819927215576
3921,1.0
3922,0.12313432991504669
3923,1.0
3924,0.4834437072277069
3925,0.969072163105011
3926,0.0
3927,1.0
3928,1.0
3929,1.0
3930,0.8351648449897766
3931,0.0
3932,0.9288026094436646
3933,1.0
3934,0.91015625
3935,0.0
3936,0.9873949289321899
3937,1.0
3938,0.931506872177124
3939,0.0
3940,0.9748427867889404
3941,1.0
3942,0.0
3943,0.702531635761261
3944,1.0
3945,1.0
3946,1.0
3947,0.987500011920929
3948,1.0
3949,1.0
3950,0.9970501661300659
3951,1.0
3952,1.0
3953,0.0
3954,0.8908450603485107
3955,1.0
3956,1.0
3957,1.0
3958,1.0
3959,0.9954545497894287
3960,0.1160714253783226
3961,0.9954954981803894
3962,1.0
3963,0.9953703880310059
3964,1.0
3965,1.0
3966,0.9933993220329285
3967,1.0
3968,1.0
3969,0.9934853315353394
3970,0.9967105388641357
3971,1.0
3972,1.0
3973,1.0
3974,1.0
3975,1.0
3976,1.0
3977,1.0
3978,0.4724770784378052
3979,1.0
3980,1.0
3981,0.9959514141082764
3982,0.9919354915618896
3983,0.1041666641831398
3984,0.995192289352417
3985,0.8382353186607361
3986,0.8116883039474487
3987,0.17931035161018372
3988,0.0
3989,0.858433723449707
3990,0.0
3991,0.954674243927002
3992,1.0
3993,1.0
3994,0.12956809997558594
3995,1.0
3996,1.0
3997,1.0
3998,0.9861751198768616
3999,1.0
4000,1.0
4001,1.0
4002,0.8767123222351074
4003,0.9972144961357117
4004,1.0
4005,1.0
4006,1.0
4007,1.0
4008,0.43916913866996765
4009,0.4628378450870514
4010,0.5317919254302979
4011,0.0
4012,0.9743589758872986
4013,1.0
4014,1.0
4015,1.0
4016,1.0
4017,1.0
4018,0.5
4019,0.8805309534072876
4020,0.8389830589294434
4021,0.960869550704956
4022,1.0
4023,1.0
4024,0.1367521435022354
4025,1.0
4026,0.0
4027,0.996268630027771
4028,1.0
4029,0.5640000104904175
4030,1.0
4031,1.0
4032,1.0
4033,1.0
4034,0.821529746055603
4035,1.0
4036,1.0
4037,1.0
4038,0.9944444298744202
4039,1.0
4040,1.0
4041,1.0
4042,1.0
4043,0.0
4044,0.9427480697631836
4045,0.8394160866737366
4046,1.0
4047,0.9514563083648682
4048,0.10062892735004425
4049,1.0
4050,0.9548872113227844
4051,1.0
4052,0.16326530277729034
4053,1.0
4054,1.0
4055,0.996363639831543
4056,0.0
4057,0.9696969985961914
4058,1.0
4059,0.20895522832870483
4060,1.0
4061,0.0
4062,0.9363636374473572
4063,0.0
4064,0.9308943152427673
4065,1.0
4066,1.0
4067,1.0
4068,0.881028950214386
4069,0.45724907517433167
4070,1.0
4071,1.0
4072,0.9919028282165527
4073,0.0
4074,0.09652509540319443
4075,0.1631799191236496
4076,1.0
4077,1.0
4078,1.0
4079,0.9960629940032959
4080,1.0
4081,0.9404255151748657
4082,0.0
4083,0.9964413046836853
4084,1.0
4085,1.0
4086,0.8584905862808228
4087,1.0
4088,1.0
4089,0.5600000023841858
4090,1.0
4091,1.0
4092,1.0
4093,0.11158798635005951
4094,0.17619048058986664
4095,0.9918367266654968
4096,0.9031007885932922
4097,1.0
4098,1.0
4099,0.9042904376983643
4100,0.9961538314819336
4101,1.0
4102,1.0
4103,1.0
4104,0.0
4105,0.961904764175415
4106,1.0
4107,0.0
4108,1.0
4109,1.0
4110,0.97826087474823
4111,1.0
4112,1.0
4113,0.9965397715568542
4114,1.0
4115,0.9963768124580383
4116,1.0
4117,1.0
4118,1.0
4119,1.0
4120,1.0
4121,0.9553805589675903
4122,1.0
4123,1.0
4124,1.0
4125,0.996515691280365
4126,0.9771987199783325
4127,1.0
4128,0.5368421077728271
4129,0.0
4130,0.9967948794364929
4131,1.0
4132,1.0
4133,0.8503649830818176
4134,0.0
4135,0.9756097793579102
4136,0.42138364911079407
4137,0.9783950448036194
4138,1.0
4139,0.819571852684021
4140,1.0
4141,0.9967319965362549
4142,1.0
4143,0.9963768124580383
4144,1.0
4145,0.9965870380401611
4146,1.0
4147,1.0
4148,0.0
4149,0.9659090638160706
4150,0.0
4151,0.9721361994743347
4152,0.9959677457809448
4153,1.0
4154,0.9901477694511414
4155,0.9961977005004883
4156,1.0
4157,1.0
4158,0.9966216087341309
4159,0.9461279511451721
4160,1.0
4161,1.0
4162,1.0
4163,1.0
4164,1.0
4165,1.0
4166,0.9928571581840515
4167,1.0
4168,0.525896430015564
4169,0.4907975494861603
4170,0.9739776849746704
4171,1.0
4172,0.9228187799453735
4173,0.18918919563293457
4174,0.5471014380455017
4175,1.0
4176,0.0
4177,0.7182662487030029
4178,0.0
4179,0.9695817232131958
4180,1.0
4181,0.9959999918937683
4182,1.0
4183,0.0
4184,0.9960317611694336
4185,1.0
4186,1.0
4187,0.9955947399139404
4188,1.0
4189,0.44999998807907104
4190,1.0
4191,1.0
4192,1.0
4193,1.0
4194,0.9067796468734741
4195,1.0
4196,1.0
4197,0.9970238208770752
4198,1.0
4199,1.0
4200,1.0
4201,0.15068493783473969
4202,1.0
4203,1.0
4204,1.0
4205,0.0
4206,0.954954981803894
4207,1.0
4208,0.9965870380401611
4209,1.0
4210,1.0
4211,1.0
4212,0.9693877696990967
4213,0.9965986609458923
4214,0.9793103337287903
4215,1.0
4216,1.0
4217,0.9488054513931274
4218,0.1706484705209732
4219,1.0
4220,1.0
4221,1.0
4222,1.0
4223,0.0
4224,0.0
4225,0.922535240650177
4226,0.9481481313705444
4227,0.152482271194458
4228,1.0
4229,0.45318353176116943
4230,0.5635592937469482
4231,0.14224137365818024
4232,1.0
4233,1.0
4234,0.1803278625011444
4235,1.0
4236,0.2288135588169098
4237,1.0
4238,0.5454545617103577
4239,1.0
4240,0.47703179717063904
4241,0.9965986609458923
4242,0.169741690158844
4243,1.0
4244,1.0
4245,0.9961538314819336
4246,1.0
4247,1.0
4248,0.0
4249,0.9967105388641357
4250,1.0
4251,0.7816455960273743
4252,1.0
4253,0.9604316353797913
4254,1.0
4255,0.9314516186714172
4256,1.0
4257,1.0
4258,1.0
4259,1.0
4260,1.0
4261,0.9776119589805603
4262,0.9923954606056213
4263,1.0
4264,0.8561403751373291
4265,1.0
4266,0.0
4267,0.9605262875556946
4268,1.0
4269,1.0
4270,0.8602941036224365
4271,1.0
4272,1.0
4273,0.992277979850769
4274,1.0
4275,1.0
4276,0.0
4277,0.9897959232330322
4278,1.0
4279,1.0
4280,0.10606060922145844
4281,1.0
4282,0.9972299337387085
4283,1.0
4284,1.0
4285,1.0
4286,1.0
4287,1.0
4288,1.0
4289,0.9964157938957214
4290,1.0
4291,0.9888476133346558
4292,1.0
4293,1.0
4294,0.9959183931350708
4295,0.0
4296,0.9772727489471436
4297,1.0
4298,1.0
4299,1.0
4300,1.0
4301,0.16356877982616425
4302,1.0
4303,1.0
4304,0.9213114976882935
4305,0.0
4306,0.6961130499839783
4307,0.14800000190734863
4308,1.0
4309,1.0
4310,1.0
4311,0.13928571343421936
4312,0.8209459185600281
4313,1.0
4314,0.8236842155456543
4315,1.0
4316,1.0
4317,1.0
4318,1.0
4319,1.0
4320,0.9840637445449829
4321,0.9857650995254517
4322,0.8502024412155151
4323,0.5390946269035339
4324,1.0
4325,0.0
4326,0.4471544623374939
4327,0.993220329284668
4328,1.0
4329,1.0
4330,0.9964413046836853
4331,1.0
4332,1.0
4333,0.9971671104431152
4334,1.0
4335,0.9937304258346558
4336,0.46302250027656555
4337,0.9969879388809204
4338,1.0
4339,0.0
4340,0.9813432693481445
4341,1.0
4342,0.9893617033958435
4343,0.4967948794364929
4344,1.0
4345,1.0
4346,0.9852941036224365
4347,1.0
4348,0.125
4349,0.8369565010070801
4350,1.0
4351,1.0
4352,1.0
4353,0.5231481194496155
4354,1.0
4355,1.0
4356,0.0
4357,0.9967637658119202
4358,1.0
4359,1.0
4360,1.0
4361,1.0
4362,0.13003095984458923
4363,0.8518518805503845
4364,0.9322709441184998
4365,0.1750841736793518
4366,1.0
4367,0.9464883208274841
4368,0.9935275316238403
4369,1.0
4370,1.0
4371,1.0
4372,1.0
4373,0.1411764770746231
4374,1.0
4375,1.0
4376,1.0
4377,1.0
4378,0.9937304258346558
4379,0.7435064911842346
4380,1.0
4381,1.0
4382,0.8433333039283752
4383,0.4871794879436493
4384,0.0
4385,0.9895104765892029
4386,1.0
4387,1.0
4388,0.9964157938957214
4389,1.0
4390,1.0
4391,1.0
4392,1.0
4393,1.0
4394,1.0
4395,1.0
4396,1.0
4397,0.982876718044281
4398,1.0
4399,0.0
4400,0.9756097793579102
4401,0.984375
4402,1.0
4403,1.0
4404,1.0
4405,1.0
4406,1.0
4407,1.0
4408,1.0
4409,1.0
4410,1.0
4411,1.0
4412,0.4754098355770111
4413,0.94525545835495
4414,1.0
4415,1.0
4416,1.0
4417,0.5482233762741089
4418,1.0
4419,1.0
4420,0.9760000109672546
4421,0.10423452407121658
4422,1.0
4423,1.0
4424,1.0
4425,1.0
4426,0.9967637658119202
4427,0.9959839582443237
4428,1.0
4429,1.0
4430,1.0
4431,0.0
4432,0.9961685538291931
4433,0.8494983315467834
4434,1.0
4435,0.94017094373703
4436,0.9237805008888245
4437,0.08378378301858902
4438,1.0
4439,0.09552238881587982
4440,1.0
4441,1.0
4442,1.0
4443,0.996666669845581
4444,0.9971910119056702
4445,1.0
4446,0.5509433746337891
4447,0.995726466178894
4448,1.0
4449,1.0
4450,1.0
4451,1.0
4452,1.0
4453,1.0
4454,0.11999999731779099
4455,1.0
4456,0.9937888383865356
4457,0.0
4458,0.8315412402153015
4459,1.0
4460,1.0
4461,0.13333334028720856
4462,0.9961685538291931
4463,1.0
4464,0.18215613067150116
4465,1.0
4466,1.0
4467,0.8876404762268066
4468,0.9840637445449829
4469,0.1433691829442978
4470,1.0
4471,0.9965986609458923
4472,1.0
4473,1.0
4474,1.0
4475,0.13953489065170288
4476,1.0
4477,0.9786477088928223
4478,1.0
4479,1.0
4480,0.9881889820098877
4481,1.0
4482,0.17699114978313446
4483,1.0
4484,0.47804877161979675
4485,1.0
4486,1.0
4487,1.0
4488,1.0
4489,1.0
4490,1.0
4491,0.0991501435637474
4492,1.0
4493,0.9959514141082764
4494,0.5483871102333069
4495,0.9689922332763672
4496,1.0
4497,0.4933774769306183
4498,1.0
4499,1.0
4500,0.18222221732139587
4501,0.0
4502,0.939130425453186
4503,1.0
4504,0.9849624037742615
4505,0.0
4506,0.9714285731315613
4507,1.0
4508,1.0
4509,1.0
4510,1.0
4511,1.0
4512,0.449122816324234
4513,1.0
4514,1.0
4515,1.0
4516,1.0
4517,1.0
4518,1.0
4519,1.0
4520,0.9929078221321106
4521,0.8269230723381042
4522,1.0
4523,0.0
4524,1.0
4525,1.0
4526,1.0
4527,1.0
4528,1.0
4529,1.0
4530,0.1666666716337204
4531,1.0
4532,0.9965397715568542
4533,0.18799999356269836
4534,1.0
4535,0.0
4536,0.9440000057220459
4537,1.0
4538,1.0
4539,0.12987013161182404
4540,1.0
4541,0.9968253970146179
4542,1.0
4543,1.0
4544,0.9712460041046143
4545,0.832713782787323
4546,1.0
4547,1.0
4548,1.0
4549,0.1473684161901474
4550,0.2136363685131073
4551,1.0
4552,0.5186722278594971
4553,0.12237761914730072
4554,1.0
4555,0.9455782175064087
4556,0.0
4557,0.988304078578949
4558,1.0
4559,0.80887371301651
4560,0.1106870248913765
4561,0.9514170289039612
4562,1.0
4563,0.0
4564,0.9532163739204407
4565,0.5502183437347412
4566,1.0
4567,1.0
4568,1.0
4569,1.0
4570,0.9364407062530518
4571,1.0
4572,1.0
4573,1.0
4574,1.0
4575,1.0
4576,0.5575539469718933
4577,0.9960629940032959
4578,1.0
4579,1.0
4580,0.8870967626571655
4581,1.0
4582,0.5444015264511108
4583,0.48083624243736267
4584,1.0
4585,1.0
4586,1.0
4587,1.0
4588,0.996688723564148
4589,1.0
4590,1.0
4591,0.1589404046535492
4592,1.0
4593,0.9846625924110413
4594,0.9962825179100037
4595,1.0
4596,0.19718310236930847
4597,0.9959514141082764
4598,1.0
4599,0.9959999918937683
4600,1.0
4601,0.9465649127960205
4602,0.9968051314353943
4603,0.5669291615486145
4604,0.965753436088562
4605,0.48275861144065857
4606,0.0
4607,0.6878787875175476
4608,1.0
4609,1.0
4610,1.0
4611,1.0
4612,1.0
4613,1.0
4614,0.09375
4615,1.0
4616,0.0
4617,0.9849056601524353
4618,1.0
4619,1.0
4620,1.0
4621,1.0
4622,1.0
4623,0.9965277910232544
4624,1.0
4625,1.0
4626,1.0
4627,0.48163264989852905
4628,0.9914893507957458
4629,0.1551724076271057
4630,1.0
4631,0.5259259343147278
4632,0.1597222238779068
4633,0.20212766528129578
4634,1.0
4635,1.0
4636,1.0
4637,1.0
4638,0.9906976819038391
4639,1.0
4640,1.0
4641,0.5422885417938232
4642,1.0
4643,1.0
4644,0.9776785969734192
4645,1.0
4646,1.0
4647,0.1225806474685669
4648,1.0
4649,1.0
4650,1.0
4651,1.0
4652,1.0
4653,1.0
4654,0.918367326259613
4655,0.0
4656,0.08949416130781174
4657,0.5426008701324463
4658,1.0
4659,1.0
4660,0.9923954606056213
4661,1.0
4662,0.0
4663,0.9847908616065979
4664,1.0
4665,1.0
4666,1.0
4667,0.0
4668,0.9123287796974182
4669,0.9375
4670,1.0
4671,0.0
4672,0.9018181562423706
4673,1.0
4674,1.0
4675,1.0
4676,1.0
4677,0.9950494766235352
4678,1.0
4679,0.18007662892341614
4680,0.9278350472450256
4681,0.996874988079071
4682,1.0
4683,0.1304347813129425
4684,0.18543046712875366
4685,1.0
4686,1.0
4687,1.0
4688,0.996268630027771
4689,1.0
4690,1.0
4691,1.0
4692,1.0
4693,1.0
4694,0.9963369965553284
4695,0.9317406415939331
4696,0.48632219433784485
4697,1.0
4698,1.0
4699,1.0
4700,0.15753424167633057
4701,1.0
4702,1.0
4703,0.9925650358200073
4704,1.0
4705,0.5520362257957458
4706,1.0
4707,1.0
4708,1.0
4709,1.0
4710,1.0
4711,1.0
4712,0.9545454382896423
4713,0.9960784316062927
4714,1.0
4715,1.0
4716,1.0
4717,1.0
4718,1.0
4719,1.0
4720,1.0
4721,1.0
4722,1.0
4723,0.0
4724,0.9890710115432739
4725,1.0
4726,1.0
4727,0.9742646813392639
4728,1.0
4729,1.0
4730,1.0
4731,1.0
4732,1.0
4733,1.0
4734,1.0
4735,1.0
4736,0.4097421169281006
4737,1.0
4738,1.0
4739,1.0
4740,0.8125
4741,1.0
4742,1.0
4743,0.8080229163169861
4744,1.0
4745,1.0
4746,0.996688723564148
4747,0.8519637584686279
4748,0.9969419240951538
4749,1.0
4750,1.0
4751,0.9677419066429138
4752,1.0
4753,0.14785991609096527
4754,1.0
4755,0.996515691280365
4756,1.0
4757,1.0
4758,0.1187739446759224
4759,0.15808823704719543
4760,1.0
4761,1.0
4762,1.0
4763,1.0
4764,1.0
4765,1.0
4766,0.0
4767,0.9522184133529663
4768,1.0
4769,1.0
4770,1.0
4771,1.0
4772,1.0
4773,1.0
4774,1.0
4775,1.0
4776,1.0
4777,0.9845201373100281
4778,0.9343283772468567
4779,1.0
4780,1.0
4781,1.0
4782,1.0
4783,1.0
4784,1.0
4785,0.5387454032897949
4786,0.9360730648040771
4787,1.0
4788,1.0
4789,1.0
4790,1.0
4791,0.8435114622116089
4792,0.9926470518112183
4793,0.49632352590560913
4794,1.0
4795,1.0
4796,0.42038217186927795
4797,0.0
4798,0.9829931855201721
4799,1.0
4800,1.0
4801,1.0
4802,0.4911032021045685
4803,1.0
4804,1.0
4805,0.9963503479957581
4806,1.0
4807,0.0
4808,0.9935691356658936
4809,1.0
4810,1.0
4811,0.0968858152627945
4812,0.14760147035121918
4813,1.0
4814,1.0
4815,1.0
4816,1.0
4817,0.9966777563095093
4818,1.0
4819,1.0
4820,0.9388489127159119
4821,0.1111111119389534
4822,0.9964664578437805
4823,0.0
4824,0.9859648942947388
4825,0.9584774971008301
4826,0.5384615659713745
4827,1.0
4828,1.0
4829,0.0
4830,0.9820895791053772
4831,0.9034090638160706
4832,1.0
4833,0.5060606002807617
4834,0.994397759437561
4835,1.0
4836,1.0
4837,0.17818181216716766
4838,1.0
4839,0.9958506226539612
4840,0.0
4841,0.9959999918937683
4842,1.0
4843,1.0
4844,1.0
4845,0.4822694957256317
4846,1.0
4847,1.0
4848,0.9967948794364929
4849,1.0
4850,0.8478964567184448
4851,0.9667773842811584
4852,1.0
4853,0.9969230890274048
4854,1.0
4855,0.9962825179100037
4856,0.9967213273048401
4857,1.0
4858,1.0
4859,0.0
4860,0.9178571701049805
4861,1.0
4862,1.0
4863,0.1358024626970291
4864,1.0
4865,0.9871794581413269
4866,1.0
4867,1.0
4868,1.0
4869,1.0
4870,1.0
4871,1.0
4872,1.0
4873,0.16326530277729034
4874,0.9964788556098938
4875,1.0
4876,0.9964664578437805
4877,1.0
4878,0.8964143395423889
4879,1.0
4880,1.0
4881,1.0
4882,0.8327272534370422
4883,1.0
4884,1.0
4885,1.0
4886,0.0
4887,0.9259259104728699
4888,0.16225165128707886
4889,1.0
4890,0.9969325065612793
4891,1.0
4892,1.0
4893,1.0
4894,0.933993399143219
4895,0.9399999976158142
4896,0.9898648858070374
4897,0.9888888597488403
4898,0.0
4899,0.9900990128517151
4900,1.0
4901,1.0
4902,1.0
4903,0.15415020287036896
4904,1.0
4905,1.0
4906,1.0
4907,0.0
4908,0.9862542748451233
4909,1.0
4910,1.0
4911,0.4816053509712219
4912,1.0
4913,0.1360759437084198
4914,1.0
4915,1.0
4916,1.0
4917,0.12653061747550964
4918,1.0
4919,0.9397590160369873
4920,0.1547619104385376
4921,0.9961977005004883
4922,1.0
4923,1.0
4924,0.09830508381128311
4925,1.0
4926,0.0
4927,0.9626865386962891
4928,1.0
4929,1.0
4930,1.0
4931,0.5142857432365417
4932,1.0
4933,1.0
4934,0.14695340394973755
4935,1.0
4936,0.9639639854431152
4937,0.18592964112758636
4938,1.0
4939,1.0
4940,1.0
4941,0.46666666865348816
4942,0.0
4943,1.0
4944,1.0
4945,1.0
4946,0.9689655303955078
4947,0.9969325065612793
4948,0.46341463923454285
4949,0.7912458181381226
4950,0.45338982343673706
4951,1.0
4952,1.0
4953,1.0
4954,0.1267605572938919
4955,1.0
4956,1.0
4957,1.0
4958,0.8122743964195251
4959,0.1068965494632721
4960,0.0
4961,0.9968253970146179
4962,0.9318181872367859
4963,0.10000000149011612
4964,1.0
4965,1.0
4966,0.0
4967,0.0992063507437706
4968,0.0
4969,0.375
4970,1.0
4971,1.0
4972,1.0
4973,0.800000011920929
4974,0.9732441306114197
4975,0.11963190138339996
4976,1.0
4977,1.0
4978,1.0
4979,1.0
4980,1.0
4981,0.9934210777282715
4982,0.996503472328186
4983,1.0
4984,1.0
4985,1.0
4986,0.9703947305679321
4987,1.0
4988,0.12386707216501236
4989,0.0
4990,0.9434629082679749
4991,0.9969040155410767
4992,1.0
4993,0.0
4994,0.7474402785301208
4995,1.0
4996,1.0
4997,0.9807074069976807
4998,0.9809160232543945
4999,1.0
5000,1.0
5001,1.0
5002,0.9791666865348816
5003,0.9916666746139526
5004,1.0
5005,0.8295081853866577
5006,1.0
5007,0.9667673707008362
5008,1.0
5009,1.0
5010,0.9925925731658936
5011,1.0
5012,1.0
5013,1.0
5014,1.0
5015,1.0
5016,1.0
5017,1.0
5018,0.844660222530365
5019,1.0
5020,0.49714285135269165
5021,0.9720670580863953
5022,0.0
5023,0.9967105388641357
5024,1.0
5025,0.14042553305625916
5026,0.9328358173370361
5027,1.0
5028,0.9839357137680054
5029,0.1609589010477066
5030,0.0
5031,0.9829351305961609
5032,1.0
5033,1.0
5034,0.9837133288383484
5035,1.0
5036,0.0
5037,0.9929328560829163
5038,1.0
5039,1.0
5040,0.0
5041,0.9460317492485046
5042,1.0
5043,1.0
5044,0.9961685538291931
5045,1.0
5046,1.0
5047,1.0
5048,0.9214876294136047
5049,0.9866666793823242
5050,1.0
5051,0.9828178882598877
5052,1.0
5053,1.0
5054,1.0
5055,1.0
5056,0.0
5057,0.9833887219429016
5058,1.0
5059,1.0
5060,1.0
5061,1.0
5062,1.0
5063,1.0
5064,1.0
5065,1.0
5066,1.0
5067,1.0
5068,1.0
5069,0.9965517520904541
5070,1.0
5071,0.1438596546649933
5072,1.0
5073,1.0
5074,1.0
5075,0.7906249761581421
5076,1.0
5077,1.0
5078,1.0
5079,0.9966443181037903
5080,1.0
5081,0.0
5082,0.8647959232330322
5083,0.11345646530389786
5084,0.0
5085,0.0
5086,0.8909090757369995
5087,0.875
5088,1.0
5089,1.0
5090,0.5577689409255981
5091,1.0
5092,1.0
5093,1.0
5094,1.0
5095,1.0
5096,1.0
5097,1.0
5098,1.0
5099,0.4927007257938385
5100,0.4707692265510559
5101,0.9655172228813171
5102,0.0
5103,0.9906832575798035
5104,1.0
5105,1.0
5106,0.996503472328186
5107,1.0
5108,1.0
5109,1.0
5110,1.0
5111,0.8457943797111511
5112,0.0
5113,0.9694322943687439
5114,0.22264151275157928
5115,1.0
5116,1.0
5117,1.0
5118,0.9968051314353943
5119,1.0
5120,0.10443037748336792
5121,1.0
5122,1.0
5123,0.8275862336158752
5124,1.0
5125,1.0
5126,0.5078740119934082
5127,0.18799999356269836
5128,1.0
5129,0.9956331849098206
5130,1.0
5131,0.9958506226539612
5132,1.0
5133,0.8382353186607361
5134,1.0
5135,1.0
5136,0.9807692170143127
5137,1.0
5138,0.8156028389930725
5139,0.09265175461769104
5140,1.0
5141,1.0
5142,1.0
5143,0.0
5144,0.0
5145,0.0
5146,0.9583333134651184
5147,0.8548387289047241
5148,1.0
5149,1.0
5150,0.1326860785484314
5151,1.0
5152,1.0
5153,1.0
5154,1.0
5155,1.0
5156,0.9966443181037903
5157,1.0
5158,1.0
5159,1.0
5160,1.0
5161,0.9899328947067261
5162,0.0
5163,0.8326848149299622
5164,1.0
5165,1.0
5166,0.996960461139679
5167,1.0
5168,1.0
5169,1.0
5170,1.0
5171,0.921450138092041
5172,1.0
5173,1.0
5174,0.9970674514770508
5175,1.0
5176,1.0
5177,1.0
5178,0.9961977005004883
5179,0.9959349632263184
5180,0.9638009071350098
5181,1.0
5182,1.0
5183,0.9770641922950745
5184,0.0
5185,0.98828125
5186,1.0
5187,0.9632353186607361
5188,1.0
5189,1.0
5190,0.9967741966247559
5191,0.9495267868041992
5192,0.9964028596878052
5193,1.0
5194,1.0
5195,1.0
5196,0.9869706630706787
5197,0.9885931611061096
5198,1.0
5199,1.0
5200,1.0
5201,0.4680134654045105
5202,0.0
5203,0.3790322542190552
5204,0.5205992460250854
5205,1.0
5206,1.0
5207,1.0
5208,0.9607142806053162
5209,1.0
5210,1.0
5211,0.0
5212,0.9927007555961609
5213,0.9914893507957458
5214,0.0
5215,0.9957447052001953
5216,1.0
5217,0.0
5218,0.0
5219,0.9762845635414124
5220,1.0
5221,1.0
5222,1.0
5223,0.9921568632125854
5224,1.0
5225,1.0
5226,1.0
5227,0.1764705926179886
5228,1.0
5229,0.9602888226509094
5230,0.9213114976882935
5231,0.9075907468795776
5232,0.12162162363529205
5233,0.996874988079071
5234,0.9933993220329285
5235,0.9961538314819336
5236,0.0
5237,0.9818840622901917
5238,1.0
5239,1.0
5240,1.0
5241,0.996503472328186
5242,1.0
5243,1.0
5244,1.0
5245,0.9966777563095093
5246,0.49823322892189026
5247,0.9847095012664795
5248,1.0
5249,1.0
5250,1.0
5251,1.0
5252,0.8393442630767822
5253,1.0
5254,0.9418181777000427
5255,0.9925373196601868
5256,1.0
5257,0.5064935088157654
5258,0.0
5259,0.9764705896377563
5260,0.8583691120147705
5261,1.0
5262,0.1515151560306549
5263,1.0
5264,1.0
5265,0.12543554604053497
5266,1.0
5267,1.0
5268,0.0
5269,1.0
5270,1.0
5271,1.0
5272,1.0
5273,0.11331444978713989
5274,1.0
5275,0.9966443181037903
5276,1.0
5277,0.0
5278,1.0
5279,0.9965277910232544
5280,0.9965753555297852
5281,0.9559999704360962
5282,1.0
5283,1.0
5284,1.0
5285,1.0
5286,1.0
5287,1.0
5288,1.0
5289,1.0
5290,0.8720930218696594
5291,1.0
5292,1.0
5293,1.0
5294,1.0
5295,1.0
5296,0.9970059990882874
5297,0.0
5298,0.9839743375778198
5299,1.0
5300,0.9492753744125366
5301,1.0
5302,1.0
5303,0.14801444113254547
5304,1.0
5305,0.9915966391563416
5306,1.0
5307,0.14746543765068054
5308,0.0
5309,0.9308943152427673
5310,1.0
5311,0.9424778819084167
5312,1.0
5313,0.995121955871582
5314,1.0
5315,0.0
5316,0.9011406898498535
5317,0.0
5318,0.989830493927002
5319,1.0
5320,1.0
5321,1.0
5322,0.0
5323,0.9206896424293518
5324,1.0
5325,1.0
5326,1.0
5327,0.9115853905677795
5328,0.9971590638160706
5329,1.0
5330,0.9764309525489807
5331,0.9591836929321289
5332,0.996363639831543
5333,1.0
5334,1.0
5335,0.935943067073822
5336,1.0
5337,1.0
5338,0.0
5339,0.9508196711540222
5340,1.0
5341,1.0
5342,1.0
5343,1.0
5344,1.0
5345,1.0
5346,0.7727272510528564
5347,1.0
5348,0.8459119200706482
5349,1.0
5350,0.15162454545497894
5351,1.0
5352,1.0
5353,0.9965517520904541
5354,0.0
5355,0.9729729890823364
5356,1.0
5357,0.9968253970146179
5358,0.9901960492134094
5359,0.10862620174884796
5360,0.0
5361,0.987261176109314
5362,1.0
5363,0.9420289993286133
5364,1.0
5365,0.9963898658752441
5366,1.0
5367,1.0
5368,1.0
5369,1.0
5370,1.0
5371,1.0
5372,1.0
5373,0.9475655555725098
5374,0.9955752491950989
5375,0.557939887046814
5376,0.847533643245697
5377,0.9958677887916565
5378,1.0
5379,1.0
5380,0.9968553185462952
5381,1.0
5382,0.0
5383,0.9957805871963501
5384,0.5600000023841858
5385,0.5033783912658691
5386,0.9603524208068848
5387,1.0
5388,1.0
5389,1.0
5390,1.0
5391,1.0
5392,0.48627451062202454
5393,1.0
5394,1.0
5395,1.0
5396,1.0
5397,0.9970059990882874
5398,1.0
5399,1.0
5400,1.0
5401,0.5367646813392639
5402,1.0
5403,1.0
5404,0.9966216087341309
5405,1.0
5406,0.9961832165718079
5407,1.0
5408,1.0
5409,1.0
5410,0.982332170009613
5411,1.0
5412,0.9940298795700073
5413,1.0
5414,1.0
5415,0.9972677826881409
5416,1.0
5417,0.9969135522842407
5418,0.1650485396385193
5419,0.9968847632408142
5420,1.0
5421,1.0
5422,1.0
5423,1.0
5424,1.0
5425,0.9629629850387573
5426,0.0
5427,1.0
5428,1.0
5429,0.12949639558792114
5430,1.0
5431,0.9911242723464966
5432,0.7993311285972595
5433,1.0
5434,1.0
5435,0.996960461139679
5436,1.0
5437,0.17627118527889252
5438,1.0
5439,0.9498208165168762
5440,0.9959183931350708
5441,0.9961089491844177
5442,1.0
5443,0.9873417615890503
5444,0.996515691280365
5445,1.0
5446,0.12871287763118744
5447,0.7680251002311707
5448,1.0
5449,0.41304346919059753
5450,1.0
5451,0.98591548204422
5452,1.0
5453,0.9875776171684265
5454,1.0
5455,0.4848484992980957
5456,0.14189189672470093
5457,1.0
5458,0.9965870380401611
5459,1.0
5460,1.0
5461,1.0
5462,0.9201520681381226
5463,1.0
5464,1.0
5465,1.0
5466,1.0
5467,1.0
5468,1.0
5469,1.0
5470,1.0
5471,0.0
5472,0.9843137264251709
5473,0.836448609828949
5474,0.12888889014720917
5475,0.9956896305084229
5476,1.0
5477,0.12107623368501663
5478,0.9961240291595459
5479,1.0
5480,0.0
5481,0.95652174949646
5482,0.12454212456941605
5483,0.0
5484,0.05000000074505806
5485,1.0
5486,1.0
5487,1.0
5488,0.1277955323457718
5489,0.9937694668769836
5490,1.0
5491,1.0
5492,1.0
5493,1.0
5494,0.9958677887916565
5495,0.985981285572052
5496,0.9882352948188782
5497,1.0
5498,0.19742488861083984
5499,1.0
5500,1.0
5501,0.5074626803398132
5502,1.0
5503,0.8280701637268066
5504,1.0
5505,1.0
5506,0.9756944179534912
5507,1.0
5508,1.0
5509,1.0
5510,0.9965635538101196
5511,1.0
5512,1.0
5513,1.0
5514,1.0
5515,1.0
5516,0.9957805871963501
5517,1.0
5518,1.0
5519,1.0
5520,1.0
5521,1.0
5522,0.0
5523,0.07382550090551376
5524,0.9964285492897034
5525,1.0
5526,0.9961089491844177
5527,1.0
5528,0.0
5529,0.9896551966667175
5530,0.1257861703634262
5531,0.429824560880661
5532,0.0
5533,0.03641456738114357
5534,1.0
5535,1.0
5536,1.0
5537,1.0
5538,0.0
5539,0.9961389899253845
5540,1.0
5541,0.9965635538101196
5542,0.9615384340286255
5543,1.0
5544,0.0
5545,0.962199330329895
5546,1.0
5547,1.0
5548,0.0
5549,0.9570956826210022
5550,0.9938271641731262
5551,1.0
5552,1.0
5553,1.0
5554,1.0
5555,1.0
5556,0.9967532753944397
5557,0.9843137264251709
5558,0.9885931611061096
5559,0.995192289352417
5560,0.1606217622756958
5561,1.0
5562,0.4971098303794861
5563,1.0
5564,1.0
5565,1.0
5566,0.9962546825408936
5567,0.1785714328289032
5568,1.0
5569,0.8289855122566223
5570,0.13898305594921112
5571,1.0
5572,1.0
5573,1.0
5574,1.0
5575,1.0
5576,1.0
5577,0.0
5578,0.09160305559635162
5579,1.0
5580,0.9963898658752441
5581,0.8007662892341614
5582,0.996503472328186
5583,1.0
5584,1.0
5585,0.9906832575798035
5586,1.0
5587,0.991253674030304
5588,1.0
5589,1.0
5590,0.9878419637680054
5591,0.9893993139266968
5592,0.9309090971946716
5593,1.0
5594,1.0
5595,1.0
5596,0.9828326106071472
5597,0.9668049812316895
5598,0.9661017060279846
5599,0.12318840622901917
5600,0.13592232763767242
5601,0.9934210777282715
5602,0.9966555237770081
5603,0.0
5604,0.9824047088623047
5605,0.9615384340286255
5606,1.0
5607,1.0
5608,1.0
5609,1.0
5610,0.9853372573852539
5611,1.0
5612,1.0
5613,0.6171003580093384
5614,1.0
5615,0.9741697311401367
5616,1.0
5617,0.0
5618,0.9834437370300293
5619,1.0
5620,0.7948718070983887
5621,0.9968553185462952
5622,0.0
5623,0.8875739574432373
5624,0.9972752332687378
5625,1.0
5626,0.9968454241752625
5627,1.0
5628,1.0
5629,0.4801444113254547
5630,1.0
5631,1.0
5632,1.0
5633,1.0
5634,0.9959349632263184
5635,0.17351597547531128
5636,1.0
5637,1.0
5638,1.0
5639,0.9963898658752441
5640,1.0
5641,0.0
5642,0.9142857193946838
5643,0.850806474685669
5644,1.0
5645,0.9956331849098206
5646,0.9962546825408936
5647,1.0
5648,1.0
5649,1.0
5650,1.0
5651,1.0
5652,0.5045871734619141
5653,1.0
5654,0.9961977005004883
5655,1.0
5656,1.0
5657,1.0
5658,0.43437498807907104
5659,0.9971510171890259
5660,1.0
5661,0.9318885207176208
5662,1.0
5663,1.0
5664,1.0
5665,1.0
5666,1.0
5667,0.9907975196838379
5668,1.0
5669,1.0
5670,0.16254417598247528
5671,1.0
5672,0.16558441519737244
5673,0.5072992444038391
5674,1.0
5675,0.9317406415939331
5676,0.528777003288269
5677,1.0
5678,1.0
5679,0.8309352397918701
5680,0.0
5681,0.43981480598449707
5682,1.0
5683,1.0
5684,1.0
5685,1.0
5686,1.0
5687,0.0
5688,0.3929961025714874
5689,1.0
5690,0.4983818829059601
5691,0.13504822552204132
5692,1.0
5693,1.0
5694,0.0
5695,0.07865168899297714
5696,1.0
5697,1.0
5698,1.0
5699,1.0
5700,1.0
5701,0.18421052396297455
5702,1.0
5703,1.0
5704,0.9700374603271484
5705,1.0
5706,1.0
5707,0.0
5708,0.9831932783126831
5709,0.9756097793579102
5710,0.08529412001371384
5711,0.9972899556159973
5712,1.0
5713,1.0
5714,1.0
5715,0.9959016442298889
5716,1.0
5717,0.8809523582458496
5718,1.0
5719,0.9902912378311157
5720,0.9805825352668762
5721,0.9954545497894287
5722,1.0
5723,1.0
5724,0.9387755393981934
5725,1.0
5726,1.0
5727,0.0791139230132103
5728,0.12621359527111053
5729,0.4680134654045105
5730,1.0
5731,1.0
5732,1.0
5733,0.14233577251434326
5734,0.9404761791229248
5735,1.0
5736,1.0
5737,0.9926739931106567
5738,1.0
5739,1.0
5740,1.0
5741,0.9960317611694336
5742,0.0
5743,0.0
5744,0.949999988079071
5745,0.9854545593261719
5746,0.0
5747,0.9889705777168274
5748,1.0
5749,0.9963369965553284
5750,1.0
5751,0.4642857015132904
5752,0.18518517911434174
5753,1.0
5754,1.0
5755,1.0
5756,1.0
5757,0.9357143044471741
5758,0.5174825191497803
5759,0.5457746386528015
5760,1.0
5761,1.0
5762,1.0
5763,1.0
5764,0.9903846383094788
5765,1.0
5766,0.1417004019021988
5767,0.995555579662323
5768,1.0
5769,0.524163544178009
5770,0.9966996908187866
5771,0.0
5772,0.9849397540092468
5773,1.0
5774,0.9971264600753784
5775,1.0
5776,1.0
5777,1.0
5778,1.0
5779,1.0
5780,1.0
5781,0.0
5782,0.9924812316894531
5783,1.0
5784,0.8713235259056091
5785,1.0
5786,0.9968553185462952
5787,1.0
5788,1.0
5789,0.4781250059604645
5790,1.0
5791,1.0
5792,0.0
5793,0.9730639457702637
5794,0.4866666793823242
5795,0.995192289352417
5796,1.0
5797,1.0
5798,0.0
5799,0.0
5800,0.979899525642395
5801,1.0
5802,0.8243243098258972
5803,0.9933333396911621
5804,1.0
5805,0.9966555237770081
5806,0.4877300560474396
5807,1.0
5808,1.0
5809,0.16734693944454193
5810,1.0
5811,1.0
5812,1.0
5813,1.0
5814,1.0
5815,1.0
5816,0.9955157041549683
5817,0.5232067704200745
5818,0.760869562625885
5819,1.0
5820,0.9178082346916199
5821,0.9973753094673157
5822,1.0
5823,0.9889807105064392
5824,0.4821428656578064
5825,1.0
5826,1.0
5827,1.0
5828,0.9166666865348816
5829,0.0
5830,0.08749999850988388
5831,1.0
5832,1.0
5833,0.14592275023460388
5834,1.0
5835,1.0
5836,0.7744807004928589
5837,1.0
5838,1.0
5839,0.0
5840,0.9927272796630859
5841,0.996515691280365
5842,0.09890110045671463
5843,1.0
5844,0.8322784900665283
5845,1.0
5846,0.8918918967247009
5847,0.8213165998458862
5848,1.0
5849,1.0
5850,1.0
5851,1.0
5852,0.8202247023582458
5853,1.0
5854,0.5611814260482788
5855,1.0
5856,1.0
5857,1.0
5858,1.0
5859,0.9967426657676697
5860,0.9583333134651184
5861,1.0
5862,0.9972066879272461
5863,0.483146071434021
5864,0.07567567378282547
5865,0.08955223858356476
5866,1.0
5867,0.7777777910232544
5868,1.0
5869,0.9892857074737549
5870,0.9603960514068604
5871,0.996503472328186
5872,1.0
5873,0.11148648709058762
5874,0.0
5875,0.9967213273048401
5876,1.0
5877,0.9442508816719055
5878,1.0
5879,1.0
5880,0.9228295683860779
5881,0.09726443886756897
5882,1.0
5883,0.11949685215950012
5884,1.0
5885,1.0
5886,1.0
5887,1.0
5888,0.8325581550598145
5889,1.0
5890,0.8448275923728943
5891,0.18907563388347626
5892,1.0
5893,1.0
5894,1.0
5895,1.0
5896,0.19243986904621124
5897,0.9890909194946289
5898,1.0
5899,1.0
5900,0.9963503479957581
5901,1.0
5902,1.0
5903,0.8809523582458496
5904,0.9693877696990967
5905,0.9457013607025146
5906,1.0
5907,0.9925093650817871
5908,1.0
5909,0.9290322661399841
5910,1.0
5911,1.0
5912,1.0
5913,0.9701492786407471
5914,0.9969325065612793
5915,0.4770992398262024
5916,0.0
5917,0.9696969985961914
5918,0.0
5919,0.9686274528503418
5920,0.9583333134651184
5921,0.995555579662323
5922,0.9793103337287903
5923,1.0
5924,0.9963898658752441
5925,1.0
5926,1.0
5927,0.9970149397850037
5928,1.0
5929,1.0
5930,0.46451613306999207
5931,1.0
5932,0.5121951103210449
5933,0.9964788556098938
5934,1.0
5935,0.9166666865348816
5936,0.08480565249919891
5937,0.8661710023880005
5938,0.9965870380401611
5939,0.4791666567325592
5940,1.0
5941,0.0
5942,0.8834356069564819
5943,1.0
5944,1.0
5945,0.0
5946,0.9808306694030762
5947,1.0
5948,1.0
5949,1.0
5950,0.0
5951,0.9822221994400024
5952,0.8088889122009277
5953,1.0
5954,0.9535714387893677
5955,1.0
5956,0.9931507110595703
5957,0.12749004364013672
5958,0.9965277910232544
5959,1.0
5960,0.959854006767273
5961,1.0
5962,0.0
5963,0.9791666865348816
5964,1.0
5965,0.8620689511299133
5966,1.0
5967,0.9879518151283264
5968,0.5657370686531067
5969,1.0
5970,0.983818769454956
5971,0.5604395866394043
5972,0.0
5973,0.9419795274734497
5974,1.0
5975,0.9726962447166443
5976,1.0
5977,1.0
5978,0.9914893507957458
5979,1.0
5980,1.0
5981,1.0
5982,0.09345794469118118
5983,1.0
5984,0.9306930899620056
5985,0.9193548560142517
5986,1.0
5987,0.9569230675697327
5988,1.0
5989,1.0
5990,1.0
5991,1.0
5992,1.0
5993,1.0
5994,1.0
5995,1.0
5996,0.9683257937431335
5997,1.0
5998,1.0
5999,0.85317462682724
6000,1.0
6001,1.0
6002,1.0
6003,1.0
6004,0.9939576983451843
6005,0.1423841118812561
6006,1.0
6007,1.0
6008,0.5446808338165283
6009,1.0
6010,1.0
6011,1.0
6012,0.9921568632125854
6013,1.0
6014,0.9966555237770081
6015,1.0
6016,1.0
6017,1.0
6018,0.9816849827766418
6019,0.5218977928161621
6020,0.0
6021,0.9534883499145508
6022,1.0
6023,0.1111111119389534
6024,0.14035087823867798
6025,0.9560810923576355
6026,0.993127167224884
6027,1.0
6028,1.0
6029,1.0
6030,1.0
6031,1.0
6032,0.9966996908187866
6033,1.0
6034,1.0
6035,0.9968944191932678
6036,0.11304347962141037
6037,1.0
6038,0.0
6039,0.9873816967010498
6040,1.0
6041,1.0
6042,0.9952380657196045
6043,0.996268630027771
6044,1.0
6045,0.996503472328186
6046,1.0
6047,0.9971751570701599
6048,1.0
6049,0.9971671104431152
6050,0.996874988079071
6051,1.0
6052,1.0
6053,1.0
6054,0.12546125054359436
6055,1.0
6056,1.0
6057,0.0
6058,0.08362369239330292
6059,1.0
6060,1.0
6061,1.0
6062,0.9961977005004883
6063,0.8555956482887268
6064,1.0
6065,1.0
6066,0.5251798629760742
6067,1.0
6068,1.0
6069,0.5927419066429138
6070,0.951724112033844
6071,1.0
6072,1.0
6073,0.9956709742546082
6074,1.0
6075,1.0
6076,1.0
6077,1.0
6078,0.9966443181037903
6079,1.0
6080,0.8164557218551636
6081,1.0
6082,0.9964788556098938
6083,1.0
6084,1.0
6085,0.9751552939414978
6086,1.0
6087,1.0
6088,1.0
6089,0.0
6090,0.6816479563713074
6091,0.1144067794084549
6092,1.0
6093,1.0
6094,1.0
6095,1.0
6096,0.15333333611488342
6097,1.0
6098,1.0
6099,0.9973545074462891
6100,0.9675324559211731
6101,1.0
6102,1.0
6103,0.7979797720909119
6104,1.0
6105,1.0
6106,1.0
6107,1.0
6108,1.0
6109,0.8042168617248535
6110,0.9213836193084717
6111,0.9840764403343201
6112,1.0
6113,1.0
6114,1.0
6115,0.9970674514770508
6116,1.0
6117,0.8736842274665833
6118,1.0
6119,1.0
6120,1.0
6121,1.0
6122,0.12543554604053497
6123,0.0
6124,0.9657794833183289
6125,1.0
6126,0.9781022071838379
6127,1.0
6128,1.0
6129,1.0
6130,1.0
6131,0.996874988079071
6132,1.0
6133,0.0
6134,0.08148147910833359
6135,1.0
6136,1.0
6137,1.0
6138,0.996688723564148
6139,0.0
6140,0.9895470142364502
6141,1.0
6142,1.0
6143,1.0
6144,0.12167300283908844
6145,1.0
6146,0.0
6147,0.9799196720123291
6148,0.0
6149,0.9823788404464722
6150,0.0
6151,0.9863945841789246
6152,0.8474025726318359
6153,1.0
6154,1.0
6155,0.5028735399246216
6156,1.0
6157,1.0
6158,1.0
6159,1.0
6160,1.0
6161,0.9964912533760071
6162,1.0
6163,0.5131086111068726
6164,1.0
6165,1.0
6166,1.0
6167,1.0
6168,1.0
6169,0.1309904158115387
6170,0.10915493220090866
6171,0.9833887219429016
6172,1.0
6173,0.994397759437561
6174,1.0
6175,1.0
6176,1.0
6177,1.0
6178,1.0
6179,0.14915254712104797
6180,1.0
6181,0.971222996711731
6182,1.0
6183,1.0
6184,0.8515625
6185,0.13502109050750732
6186,1.0
6187,0.16544117033481598
6188,0.13970588147640228
6189,1.0
6190,1.0
6191,1.0
6192,0.996632993221283
6193,1.0
6194,0.7721518874168396
6195,1.0
6196,0.7573964595794678
6197,1.0
6198,0.9940828680992126
6199,1.0
6200,1.0
6201,0.12455516308546066
6202,0.14539006352424622
6203,1.0
6204,1.0
6205,1.0
6206,0.9935275316238403
6207,1.0
6208,0.9972375631332397
6209,0.0
6210,0.8895348906517029
6211,0.0
6212,0.9648562073707581
6213,1.0
6214,1.0
6215,1.0
6216,1.0
6217,1.0
6218,0.8626609444618225
6219,1.0
6220,1.0
6221,1.0
6222,0.9917012453079224
6223,1.0
6224,1.0
6225,0.9099099040031433
6226,1.0
6227,0.5038461685180664
6228,1.0
6229,1.0
6230,0.9864864945411682
6231,1.0
6232,1.0
6233,1.0
6234,1.0
6235,0.0
6236,1.0
6237,1.0
6238,0.8976109027862549
6239,0.996610164642334
6240,1.0
6241,1.0
6242,0.0
6243,0.9773585200309753
6244,1.0
6245,0.43493151664733887
6246,1.0
6247,1.0
6248,1.0
6249,1.0
6250,1.0
6251,1.0
6252,1.0
6253,0.9934640526771545
6254,0.13768115639686584
6255,1.0
6256,1.0
6257,0.9407894611358643
6258,0.49640288949012756
6259,0.47311827540397644
6260,0.12012012302875519
6261,0.4961538314819336
6262,1.0
6263,1.0
6264,0.988095223903656
6265,1.0
6266,0.14068441092967987
6267,1.0
6268,1.0
6269,1.0
6270,0.0
6271,0.9508771896362305
6272,0.9942029118537903
6273,1.0
6274,1.0
6275,1.0
6276,1.0
6277,1.0
6278,1.0
6279,0.978723406791687
6280,1.0
6281,1.0
6282,0.5431034564971924
6283,0.1471698135137558
6284,1.0
6285,1.0
6286,0.9547038078308105
6287,1.0
6288,1.0
6289,1.0
6290,1.0
6291,1.0
6292,1.0
6293,0.9843137264251709
6294,1.0
6295,1.0
6296,0.5849056839942932
6297,0.9963369965553284
6298,0.13793103396892548
6299,0.5725806355476379
6300,0.9965635538101196
6301,1.0
6302,0.996835470199585
6303,0.4948805570602417
6304,0.17562724649906158
6305,1.0
6306,1.0
6307,0.1833910048007965
6308,1.0
6309,0.9966996908187866
6310,1.0
6311,0.9959999918937683
6312,0.9958847761154175
6313,0.8666666746139526
6314,1.0
6315,0.0
6316,1.0
6317,1.0
6318,1.0
6319,1.0
6320,0.9967213273048401
6321,1.0
6322,0.14869888126850128
6323,1.0
6324,0.9960784316062927
6325,1.0
6326,0.8333333134651184
6327,1.0
6328,0.9950980544090271
6329,1.0
6330,1.0
6331,0.996610164642334
6332,0.11999999731779099
6333,0.973372757434845
6334,1.0
6335,1.0
6336,1.0
6337,1.0
6338,0.9967426657676697
6339,1.0
6340,0.0
6341,0.9889705777168274
6342,0.996268630027771
6343,0.5405405163764954
6344,1.0
6345,0.9967426657676697
6346,1.0
6347,0.9713375568389893
6348,1.0
6349,0.47311827540397644
6350,0.915032684803009
6351,0.17938931286334991
6352,1.0
6353,1.0
6354,0.8368580341339111
6355,1.0
6356,0.9966777563095093
6357,1.0
6358,1.0
6359,1.0
6360,1.0
6361,1.0
6362,0.9655172228813171
6363,0.13618676364421844
6364,0.9668874144554138
6365,0.16772152483463287
6366,0.961904764175415
6367,1.0
6368,1.0
6369,1.0
6370,1.0
6371,0.4847457706928253
6372,0.981249988079071
6373,1.0
6374,1.0
6375,1.0
6376,1.0
6377,1.0
6378,1.0
6379,0.0
6380,0.9730639457702637
6381,1.0
6382,1.0
6383,1.0
6384,0.7677165269851685
6385,0.985401451587677
6386,0.514598548412323
6387,1.0
6388,0.0
6389,1.0
6390,1.0
6391,0.9949748516082764
6392,1.0
6393,1.0
6394,0.932692289352417
6395,0.9852941036224365
6396,0.0
6397,0.3927272856235504
6398,1.0
6399,1.0
6400,1.0
6401,1.0
6402,0.508474588394165
6403,1.0
6404,1.0
6405,1.0
6406,1.0
6407,1.0
6408,0.9960159659385681
6409,0.9959839582443237
6410,1.0
6411,1.0
6412,1.0
6413,1.0
6414,0.984000027179718
6415,1.0
6416,0.19465649127960205
6417,0.9901639223098755
6418,1.0
6419,0.9919999837875366
6420,0.9969969987869263
6421,1.0
6422,1.0
6423,1.0
6424,1.0
6425,0.975944995880127
6426,1.0
6427,1.0
6428,0.1913357377052307
6429,1.0
6430,1.0
6431,0.469255656003952
6432,1.0
6433,0.0
6434,0.05882352963089943
6435,0.9963898658752441
6436,1.0
6437,0.0
6438,0.956204354763031
6439,1.0
6440,1.0
6441,0.5018726587295532
6442,1.0
6443,1.0
6444,1.0
6445,1.0
6446,0.9217081665992737
6447,1.0
6448,1.0
6449,1.0
6450,1.0
6451,1.0
6452,1.0
6453,0.48708486557006836
6454,0.9960474371910095
6455,1.0
6456,1.0
6457,1.0
6458,1.0
6459,0.12162162363529205
6460,0.961240291595459
6461,1.0
6462,1.0
6463,1.0
6464,1.0
6465,0.0
6466,0.9958847761154175
6467,1.0
6468,0.807881772518158
6469,1.0
6470,1.0
6471,1.0
6472,1.0
6473,1.0
6474,0.14468085765838623
6475,1.0
6476,0.9962546825408936
6477,1.0
6478,1.0
6479,1.0
6480,1.0
6481,1.0
6482,1.0
6483,1.0
6484,0.5271317958831787
6485,0.9663299918174744
6486,1.0
6487,1.0
6488,1.0
6489,1.0
6490,0.9920318722724915
6491,1.0
6492,1.0
6493,1.0
6494,0.9640287756919861
6495,0.8219696879386902
6496,0.9475655555725098
6497,0.0
6498,0.9861751198768616
6499,1.0
6500,0.9962406158447266
6501,1.0
6502,0.9166666865348816
6503,0.9423868060112
6504,1.0
6505,0.9695945978164673
6506,0.0
6507,0.9963099360466003
6508,0.9965277910232544
6509,1.0
6510,1.0
6511,0.9959183931350708
6512,0.9798387289047241
6513,1.0
6514,1.0
6515,1.0
6516,1.0
6517,0.9957447052001953
6518,1.0
6519,1.0
6520,0.9309090971946716
6521,0.0
6522,0.07865168899297714
6523,0.9758620858192444
6524,0.07563025504350662
6525,1.0
6526,0.9973118305206299
6527,1.0
6528,1.0
6529,1.0
6530,1.0
6531,0.8108974099159241
6532,0.8246268630027771
6533,1.0
6534,1.0
6535,1.0
6536,0.5204461216926575
6537,0.49808427691459656
6538,1.0
6539,1.0
6540,0.9963898658752441
6541,1.0
6542,1.0
6543,0.8255033493041992
6544,0.9966443181037903
6545,0.8509091138839722
6546,1.0
6547,1.0
6548,1.0
6549,1.0
6550,1.0
6551,1.0
6552,1.0
6553,0.0
6554,0.7109375
6555,0.1317567527294159
6556,1.0
6557,0.9969135522842407
6558,1.0
6559,1.0
6560,1.0
6561,0.9965517520904541
6562,1.0
6563,0.46830984950065613
6564,1.0
6565,1.0
6566,0.9570815563201904
6567,1.0
6568,1.0
6569,0.9163346886634827
6570,1.0
6571,1.0
6572,1.0
6573,1.0
6574,1.0
6575,1.0
6576,0.17120622098445892
6577,1.0
6578,1.0
6579,0.5648854970932007
6580,1.0
6581,1.0
6582,1.0
6583,1.0
6584,1.0
6585,1.0
6586,1.0
6587,1.0
6588,1.0
6589,1.0
6590,0.9964157938957214
6591,0.0
6592,0.9968051314353943
6593,1.0
6594,1.0
6595,0.09667673707008362
6596,1.0
6597,1.0
6598,1.0
6599,1.0
6600,1.0
6601,1.0
6602,1.0
6603,0.996835470199585
6604,1.0
6605,1.0
6606,1.0
6607,1.0
6608,1.0
6609,1.0
6610,1.0
6611,1.0
6612,0.996666669845581
6613,1.0
6614,0.9970414042472839
6615,1.0
6616,0.9879999756813049
6617,0.5530303120613098
6618,1.0
6619,1.0
6620,1.0
6621,1.0
6622,0.9961977005004883
6623,0.9926470518112183
6624,0.9741697311401367
6625,0.996610164642334
6626,1.0
6627,1.0
6628,1.0
6629,1.0
6630,1.0
6631,0.0
6632,1.0
6633,0.9569892287254333
6634,0.14615385234355927
6635,0.9918367266654968
6636,1.0
6637,0.9850746393203735
6638,1.0
6639,1.0
6640,1.0
6641,0.9968152642250061
6642,1.0
6643,1.0
6644,1.0
6645,1.0
6646,0.09294871985912323
6647,0.9967637658119202
6648,1.0
6649,0.22317597270011902
6650,1.0
6651,0.9958677887916565
6652,0.980988621711731
6653,1.0
6654,1.0
6655,1.0
6656,0.1258741319179535
6657,1.0
6658,0.7934131622314453
6659,1.0
6660,0.7887324094772339
6661,1.0
6662,1.0
6663,0.0
6664,0.9285714030265808
6665,1.0
6666,0.10035842657089233
6667,0.9528985619544983
6668,0.9740740656852722
6669,0.9419087171554565
6670,0.1589147299528122
6671,0.0
6672,0.9795082211494446
6673,0.5673469305038452
6674,0.9927272796630859
6675,1.0
6676,1.0
6677,1.0
6678,0.0
6679,0.9581881761550903
6680,1.0
6681,1.0
6682,0.0
6683,0.994535505771637
6684,1.0
6685,0.9961389899253845
6686,1.0
6687,1.0
6688,0.11513157933950424
6689,1.0
6690,1.0
6691,1.0
6692,1.0
6693,0.9967213273048401
6694,0.955974817276001
6695,0.8235294222831726
6696,0.9458483457565308
6697,1.0
6698,1.0
6699,1.0
6700,1.0
6701,1.0
6702,1.0
6703,1.0
6704,1.0
6705,1.0
6706,1.0
6707,0.503731369972229
6708,0.15409836173057556
6709,0.9723076820373535
6710,1.0
6711,0.12132352590560913
6712,1.0
6713,0.833935022354126
6714,0.9965753555297852
6715,1.0
6716,1.0
6717,1.0
6718,1.0
6719,0.1266375482082367
6720,1.0
6721,1.0
6722,0.9919678568840027
6723,1.0
6724,1.0
6725,1.0
6726,1.0
6727,1.0
6728,1.0
6729,0.0
6730,0.9934425950050354
6731,0.11834319680929184
6732,1.0
6733,0.4476190507411957
6734,0.49508196115493774
6735,1.0
6736,0.1535836160182953
6737,0.47578346729278564
6738,0.9250720739364624
6739,1.0
6740,1.0
6741,0.9970059990882874
6742,1.0
6743,1.0
6744,1.0
6745,1.0
6746,1.0
6747,1.0
6748,1.0
6749,1.0
6750,1.0
6751,1.0
6752,1.0
6753,1.0
6754,0.8343949317932129
6755,0.996503472328186
6756,1.0
6757,1.0
6758,0.9936507940292358
6759,1.0
6760,1.0
6761,1.0
6762,1.0
6763,1.0
6764,1.0
6765,0.0
6766,0.978723406791687
6767,0.13829787075519562
6768,1.0
6769,1.0
6770,1.0
6771,0.0
6772,0.9609929323196411
6773,1.0
6774,1.0
6775,0.17307692766189575
6776,1.0
6777,1.0
6778,1.0
6779,0.9672130942344666
6780,1.0
6781,1.0
6782,1.0
6783,0.9877675771713257
6784,0.14540059864521027
6785,1.0
6786,1.0
6787,0.5181159377098083
6788,1.0
6789,1.0
6790,1.0
6791,1.0
6792,0.9962546825408936
6793,1.0
6794,1.0
6795,1.0
6796,1.0
6797,1.0
6798,0.9358490705490112
6799,1.0
6800,0.9932885766029358
6801,0.12350597977638245
6802,1.0
6803,0.9638554453849792
6804,1.0
6805,0.996688723564148
6806,0.9795918464660645
6807,1.0
6808,0.9317406415939331
6809,0.18045112490653992
6810,1.0
6811,1.0
6812,1.0
6813,1.0
6814,1.0
6815,0.9795918464660645
6816,1.0
6817,1.0
6818,0.0
6819,0.7896679043769836
6820,0.0
6821,0.9713375568389893
6822,1.0
6823,1.0
6824,1.0
6825,0.8495575189590454
6826,1.0
6827,1.0
6828,1.0
6829,1.0
6830,0.9836956262588501
6831,1.0
6832,1.0
6833,1.0
6834,0.9966216087341309
6835,0.99609375
6836,1.0
6837,0.9435736536979675
6838,1.0
6839,0.9966555237770081
6840,0.5081433057785034
6841,1.0
6842,1.0
6843,1.0
6844,0.505415141582489
6845,1.0
6846,1.0
6847,1.0
6848,0.8773234486579895
6849,1.0
6850,1.0
6851,0.0
6852,0.9889298677444458
6853,1.0
6854,0.9955947399139404
6855,1.0
6856,0.9632652997970581
6857,1.0
6858,0.5355648398399353
6859,1.0
6860,1.0
6861,1.0
6862,0.4381271004676819
6863,1.0
6864,1.0
6865,0.8070739507675171
6866,1.0
6867,0.9966555237770081
6868,1.0
6869,1.0
6870,0.7622149586677551
6871,1.0
6872,0.16304348409175873
6873,1.0
6874,1.0
6875,1.0
6876,1.0
6877,1.0
6878,0.0
6879,0.9928825497627258
6880,0.0
6881,0.9815384745597839
6882,1.0
6883,1.0
6884,1.0
6885,1.0
6886,1.0
6887,0.9968652129173279
6888,0.0
6889,0.9781818389892578
6890,0.5098039507865906
6891,1.0
6892,1.0
6893,0.9688581228256226
6894,1.0
6895,1.0
6896,0.5313531160354614
6897,1.0
6898,1.0
6899,1.0
6900,1.0
6901,1.0
6902,1.0
6903,0.9964413046836853
6904,1.0
6905,1.0
6906,0.9958506226539612
6907,1.0
6908,1.0
6909,0.0
6910,0.9925650358200073
6911,1.0
6912,0.0
6913,0.9713375568389893
6914,0.4632587730884552
6915,1.0
6916,0.996515691280365
6917,1.0
6918,0.5083333253860474
6919,0.9961685538291931
6920,0.9553571343421936
6921,0.9740740656852722
6922,1.0
6923,0.0
6924,0.8280701637268066
6925,1.0
6926,1.0
6927,1.0
6928,0.12772585451602936
6929,0.9968253970146179
6930,0.9487179517745972
6931,1.0
6932,0.49146756529808044
6933,0.9818840622901917
6934,1.0
6935,1.0
6936,0.5411764979362488
6937,1.0
6938,1.0
6939,0.4754098355770111
6940,1.0
6941,0.12941177189350128
6942,1.0
6943,0.0
6944,0.9828571677207947
6945,1.0
6946,1.0
6947,1.0
6948,0.0
6949,0.9868420958518982
6950,1.0
6951,0.9964413046836853
6952,1.0
6953,0.944915235042572
6954,0.5539906024932861
6955,1.0
6956,0.9621848464012146
6957,0.935606062412262
6958,1.0
6959,1.0
6960,1.0
6961,0.9727272987365723
6962,0.0
6963,0.07905138283967972
6964,1.0
6965,1.0
6966,0.9945651888847351
6967,0.9940828680992126
6968,1.0
6969,1.0
6970,1.0
6971,1.0
6972,0.9433962106704712
6973,1.0
6974,1.0
6975,0.9835526347160339
6976,0.09248554706573486
6977,0.1651090383529663
6978,1.0
6979,0.9968454241752625
6980,1.0
6981,1.0
6982,1.0
6983,1.0
6984,0.8430493474006653
6985,1.0
6986,0.9426229596138
6987,1.0
6988,1.0
6989,1.0
6990,1.0
6991,1.0
6992,1.0
6993,1.0
6994,1.0
6995,1.0
6996,0.9965517520904541
6997,1.0
6998,1.0
6999,0.8697916865348816
7000,1.0
7001,1.0
7002,1.0
7003,1.0
7004,1.0
7005,1.0
7006,1.0
7007,1.0
7008,1.0
7009,0.1805054098367691
7010,1.0
7011,0.9958506226539612
7012,1.0
7013,1.0
7014,1.0
7015,0.5164473652839661
7016,1.0
7017,1.0
7018,0.13928571343421936
7019,1.0
7020,0.9860627055168152
7021,1.0
7022,1.0
7023,1.0
7024,1.0
7025,1.0
7026,0.498305082321167
7027,1.0
7028,1.0
7029,1.0
7030,0.0
7031,0.9743589758872986
7032,1.0
7033,1.0
7034,1.0
7035,1.0
7036,0.9184290170669556
7037,1.0
7038,1.0
7039,0.18149466812610626
7040,0.9962825179100037
7041,1.0
7042,1.0
7043,0.46886447072029114
7044,1.0
7045,1.0
7046,0.5551331043243408
7047,0.170634925365448
7048,1.0
7049,1.0
7050,0.7837837934494019
7051,1.0
7052,0.0
7053,0.0842490866780281
7054,1.0
7055,0.9956331849098206
7056,1.0
7057,0.13145539164543152
7058,0.5121951103210449
7059,1.0
7060,1.0
7061,0.9453781247138977
7062,1.0
7063,0.8249027132987976
7064,1.0
7065,1.0
7066,1.0
7067,1.0
7068,0.9935064911842346
7069,1.0
7070,1.0
7071,0.9900990128517151
7072,0.9967213273048401
7073,1.0
7074,0.14469453692436218
7075,1.0
7076,1.0
7077,1.0
7078,1.0
7079,1.0
7080,0.5324675440788269
7081,1.0
7082,1.0
7083,1.0
7084,0.9954751133918762
7085,1.0
7086,1.0
7087,0.8712871074676514
7088,1.0
7089,0.5285171270370483
7090,1.0
7091,0.9964788556098938
7092,0.9801980257034302
7093,0.10702341049909592
7094,1.0
7095,1.0
7096,0.9969512224197388
7097,0.8481012582778931
7098,0.9058823585510254
7099,1.0
7100,1.0
7101,1.0
7102,0.9965517520904541
7103,1.0
7104,0.8754717111587524
7105,1.0
7106,1.0
7107,0.9966777563095093
7108,0.8320610523223877
7109,1.0
7110,0.1858736127614975
7111,1.0
7112,0.13225805759429932
7113,0.996688723564148
7114,0.9670329689979553
7115,1.0
7116,1.0
7117,0.9922178983688354
7118,0.9619771838188171
7119,1.0
7120,0.9964912533760071
7121,1.0
7122,0.0
7123,0.9743589758872986
7124,0.0
7125,0.9783950448036194
7126,0.1488095223903656
7127,0.511945366859436
7128,1.0
7129,1.0
7130,0.8536585569381714
7131,0.8897958993911743
7132,1.0
7133,1.0
7134,1.0
7135,0.4904458522796631
7136,1.0
7137,0.9964788556098938
7138,0.9965397715568542
7139,1.0
7140,0.9586206674575806
7141,0.0
7142,0.9834983348846436
7143,1.0
7144,0.9961832165718079
7145,0.16981132328510284
7146,0.9885495901107788
7147,1.0
7148,0.9259259104728699
7149,1.0
7150,1.0
7151,0.8233215808868408
7152,0.9884169697761536
7153,0.9894737005233765
7154,1.0
7155,1.0
7156,0.99622642993927
7157,1.0
7158,1.0
7159,1.0
7160,0.9884615540504456
7161,0.0
7162,0.9593495726585388
7163,1.0
7164,0.8007246255874634
7165,1.0
7166,1.0
7167,0.9964285492897034
7168,0.97826087474823
7169,0.11212120950222015
7170,0.9961832165718079
7171,1.0
7172,1.0
7173,1.0
7174,1.0
7175,1.0
7176,0.5037593841552734
7177,0.9666666388511658
7178,1.0
7179,0.9756097793579102
7180,0.9930555820465088
7181,1.0
7182,0.9968051314353943
7183,1.0
7184,0.9969135522842407
7185,1.0
7186,0.1277955323457718
7187,1.0
7188,1.0
7189,1.0
7190,1.0
7191,0.5222222208976746
7192,0.14159291982650757
7193,0.995555579662323
7194,0.479638010263443
7195,1.0
7196,1.0
7197,0.9971510171890259
7198,0.8080229163169861
7199,1.0
7200,0.0
7201,0.9967426657676697
7202,0.7739130258560181
7203,1.0
7204,1.0
7205,0.9461538195610046
7206,1.0
7207,1.0
7208,1.0
7209,1.0
7210,0.9953703880310059
7211,1.0
7212,1.0
7213,1.0
7214,0.9314516186714172
7215,1.0
7216,1.0
7217,1.0
7218,0.9492753744125366
7219,1.0
7220,0.14977973699569702
7221,0.9958847761154175
7222,0.0
7223,0.8399999737739563
7224,0.9950248599052429
7225,1.0
7226,0.99609375
7227,0.984000027179718
7228,1.0
7229,1.0
7230,1.0
7231,1.0
7232,1.0
7233,1.0
7234,1.0
7235,1.0
7236,0.9970059990882874
7237,0.9966555237770081
7238,1.0
7239,1.0
7240,1.0
7241,0.9958506226539612
7242,0.8097015023231506
7243,1.0
7244,1.0
7245,0.981203019618988
7246,1.0
7247,1.0
7248,0.8169013857841492
7249,1.0
7250,1.0
7251,0.44363635778427124
7252,1.0
7253,0.0
7254,0.09960159659385681
7255,1.0
7256,0.5568627715110779
7257,0.5149253606796265
7258,0.9955357313156128
7259,0.9963235259056091
7260,1.0
7261,0.8650793433189392
7262,1.0
7263,0.0
7264,0.9955752491950989
7265,0.8983050584793091
7266,1.0
7267,0.9960629940032959
7268,1.0
7269,1.0
7270,1.0
7271,1.0
7272,0.9965517520904541
7273,1.0
7274,1.0
7275,1.0
7276,1.0
7277,1.0
7278,0.996835470199585
7279,1.0
7280,1.0
7281,1.0
7282,0.985401451587677
7283,1.0
7284,1.0
7285,0.9960474371910095
7286,0.12274368107318878
7287,1.0
7288,1.0
7289,0.49829351902008057
7290,0.0
7291,0.875
7292,1.0
7293,1.0
7294,1.0
7295,1.0
7296,1.0
7297,1.0
7298,1.0
7299,0.14492753148078918
7300,0.9830508232116699
7301,1.0
7302,0.980861246585846
7303,1.0
7304,1.0
7305,0.9876543283462524
7306,1.0
7307,0.9660056829452515
7308,1.0
7309,1.0
7310,1.0
7311,1.0
7312,1.0
7313,0.1538461595773697
7314,0.96484375
7315,1.0
7316,1.0
7317,0.21454545855522156
7318,0.8406779766082764
7319,1.0
7320,1.0
7321,1.0
7322,1.0
7323,0.9211469292640686
7324,1.0
7325,0.989051103591919
7326,0.7673611044883728
7327,0.0
7328,0.9851301312446594
7329,0.9962825179100037
7330,1.0
7331,1.0
7332,1.0
7333,1.0
7334,1.0
7335,1.0
7336,1.0
7337,1.0
7338,0.802431583404541
7339,1.0
7340,1.0
7341,1.0
7342,1.0
7343,1.0
7344,1.0
7345,1.0
7346,1.0
7347,0.9963099360466003
7348,1.0
7349,1.0
7350,1.0
7351,1.0
7352,1.0
7353,1.0
7354,1.0
7355,0.9760956168174744
7356,1.0
7357,0.9959999918937683
7358,1.0
7359,1.0
7360,0.8541666865348816
7361,0.0
7362,0.9964028596878052
7363,1.0
7364,0.9532163739204407
7365,0.9805194735527039
7366,0.953667938709259
7367,1.0
7368,1.0
7369,0.9969325065612793
7370,0.980663001537323
7371,1.0
7372,1.0
7373,1.0
7374,1.0
7375,1.0
7376,1.0
7377,0.995726466178894
7378,0.8333333134651184
7379,0.9781659245491028
7380,1.0
7381,0.9820144176483154
7382,0.8073394298553467
7383,1.0
7384,1.0
7385,1.0
7386,1.0
7387,1.0
7388,0.99303138256073
7389,1.0
7390,0.529197096824646
7391,0.9587628841400146
7392,0.9811320900917053
7393,1.0
7394,1.0
7395,0.9894737005233765
7396,1.0
7397,0.9863945841789246
7398,0.44918033480644226
7399,0.14801444113254547
7400,1.0
7401,1.0
7402,0.0
7403,0.9603960514068604
7404,0.987730085849762
7405,1.0
7406,0.9966777563095093
7407,1.0
7408,1.0
7409,1.0
7410,0.9650349617004395
7411,1.0
7412,1.0
7413,0.996688723564148
7414,1.0
7415,1.0
7416,0.9964285492897034
7417,0.8808664083480835
7418,1.0
7419,0.9952606558799744
7420,1.0
7421,1.0
7422,1.0
7423,1.0
7424,1.0
7425,1.0
7426,1.0
7427,1.0
7428,1.0
7429,1.0
7430,1.0
7431,0.8918918967247009
7432,1.0
7433,1.0
7434,1.0
7435,1.0
7436,1.0
7437,0.9965277910232544
7438,1.0
7439,1.0
7440,1.0
7441,1.0
7442,0.8767605423927307
7443,1.0
7444,1.0
7445,0.4201183319091797
7446,1.0
7447,1.0
7448,0.9236111044883728
7449,1.0
7450,1.0
7451,0.8448275923728943
7452,1.0
7453,1.0
7454,0.9732441306114197
7455,1.0
7456,0.14242424070835114
7457,0.960606038570404
7458,0.9969325065612793
7459,1.0
7460,1.0
7461,1.0
7462,1.0
7463,1.0
7464,1.0
7465,0.9961977005004883
7466,1.0
7467,1.0
7468,1.0
7469,0.996632993221283
7470,1.0
7471,0.9962546825408936
7472,0.8150943517684937
7473,0.9961977005004883
7474,1.0
7475,1.0
7476,1.0
7477,1.0
7478,0.9967741966247559
7479,1.0
7480,0.996268630027771
7481,1.0
7482,1.0
7483,0.9961832165718079
7484,1.0
7485,0.9964285492897034
7486,1.0
7487,0.1598512977361679
7488,0.9965517520904541
7489,1.0
7490,0.8165137767791748
7491,1.0
7492,1.0
7493,0.9777777791023254
7494,1.0
7495,0.8301886916160583
7496,0.9964028596878052
7497,1.0
7498,1.0
7499,0.49659863114356995
7500,1.0
7501,1.0
7502,0.9829931855201721
7503,1.0
7504,1.0
7505,0.517123281955719
7506,1.0
7507,1.0
7508,1.0
7509,0.7881619930267334
7510,1.0
7511,1.0
7512,1.0
7513,1.0
7514,0.9919999837875366
7515,1.0
7516,1.0
7517,1.0
7518,1.0
7519,1.0
7520,1.0
7521,0.0
7522,0.9797297120094299
7523,1.0
7524,0.9962121248245239
7525,1.0
7526,1.0
7527,0.9953488111495972
7528,0.8663793206214905
7529,0.9911894202232361
7530,1.0
7531,1.0
7532,1.0
7533,1.0
7534,1.0
7535,1.0
7536,0.9962546825408936
7537,1.0
7538,0.16129031777381897
7539,0.5193132758140564
7540,1.0
7541,0.09917355328798294
7542,1.0
7543,1.0
7544,1.0
7545,1.0
7546,0.9971428513526917
7547,1.0
7548,0.11335012316703796
7549,1.0
7550,0.9103448390960693
7551,1.0
7552,0.99609375
7553,1.0
7554,1.0
7555,1.0
7556,0.09913793206214905
7557,1.0
7558,0.4842519760131836
7559,0.9961685538291931
7560,1.0
7561,0.16099071502685547
7562,0.8322981595993042
7563,1.0
7564,0.996960461139679
7565,0.0
7566,0.9567723274230957
7567,1.0
7568,1.0
7569,0.9821428656578064
7570,1.0
7571,1.0
7572,1.0
7573,1.0
7574,0.9965986609458923
7575,1.0
7576,0.982300877571106
7577,0.9960784316062927
7578,0.18333333730697632
7579,1.0
7580,0.989130437374115
7581,1.0
7582,1.0
7583,1.0
7584,0.9963369965553284
7585,1.0
7586,1.0
7587,1.0
7588,1.0
7589,0.9141914248466492
7590,1.0
7591,1.0
7592,1.0
7593,0.8198198080062866
7594,1.0
7595,0.9766666889190674
7596,1.0
7597,1.0
7598,0.48986485600471497
7599,0.9967105388641357
7600,0.8163934350013733
7601,1.0
7602,0.9083094596862793
7603,1.0
7604,1.0
7605,1.0
7606,1.0
7607,1.0
7608,1.0
7609,1.0
7610,1.0
7611,1.0
7612,0.8259109258651733
7613,1.0
7614,0.12260536104440689
7615,1.0
7616,1.0
7617,1.0
7618,0.5157894492149353
7619,1.0
7620,0.12732918560504913
7621,1.0
7622,1.0
7623,0.9971181750297546
7624,0.9877675771713257
7625,1.0
7626,0.9963235259056091
7627,0.18411552906036377
7628,1.0
7629,1.0
7630,0.9929824471473694
7631,1.0
7632,1.0
7633,0.8521126508712769
7634,1.0
7635,1.0
7636,1.0
7637,1.0
7638,1.0
7639,1.0
7640,1.0
7641,0.1373801976442337
7642,1.0
7643,1.0
7644,0.8382353186607361
7645,1.0
7646,0.84765625
7647,1.0
7648,1.0
7649,0.996363639831543
7650,0.8483754396438599
7651,1.0
7652,0.09967845678329468
7653,0.9944598078727722
7654,0.4849397540092468
7655,1.0
7656,1.0
7657,0.9971910119056702
7658,1.0
7659,0.99609375
7660,1.0
7661,1.0
7662,1.0
7663,1.0
7664,0.8097165822982788
7665,0.9954751133918762
7666,1.0
7667,1.0
7668,1.0
7669,1.0
7670,1.0
7671,0.1304347813129425
7672,1.0
7673,1.0
7674,0.15438596904277802
7675,1.0
7676,1.0
7677,0.8037974834442139
7678,1.0
7679,1.0
7680,1.0
7681,1.0
7682,1.0
7683,1.0
7684,1.0
7685,1.0
7686,1.0
7687,0.4791666567325592
7688,1.0
7689,1.0
7690,0.9969135522842407
7691,0.9967426657676697
7692,1.0
7693,1.0
7694,0.9967319965362549
7695,1.0
7696,1.0
7697,0.0
7698,0.45512819290161133
7699,1.0
7700,1.0
7701,1.0
7702,1.0
7703,1.0
7704,1.0
7705,1.0
7706,1.0
7707,1.0
7708,0.9962962865829468
7709,0.9794520735740662
7710,0.9962406158447266
7711,0.9508771896362305
7712,1.0
7713,1.0
7714,0.8610169291496277
7715,0.9517685174942017
7716,1.0
7717,1.0
7718,1.0
7719,1.0
7720,1.0
7721,0.4708029329776764
7722,1.0
7723,1.0
7724,0.969111979007721
7725,0.40199336409568787
7726,0.996874988079071
7727,0.9715302586555481
7728,0.9840764403343201
7729,0.993630588054657
7730,1.0
7731,1.0
7732,1.0
7733,1.0
7734,0.9965397715568542
7735,0.9961832165718079
7736,0.5755395889282227
7737,0.11764705926179886
7738,1.0
7739,0.9746376872062683
7740,0.4699999988079071
7741,0.0
7742,0.9383561611175537
7743,1.0
7744,1.0
7745,0.996632993221283
7746,1.0
7747,1.0
7748,0.9968847632408142
7749,0.9779874086380005
7750,1.0
7751,1.0
7752,1.0
7753,1.0
7754,0.9885495901107788
7755,1.0
7756,0.8379310369491577
7757,0.849397599697113
7758,1.0
7759,0.9498327970504761
7760,0.0
7761,0.4741035997867584
7762,1.0
7763,0.9703390002250671
7764,1.0
7765,1.0
7766,0.8453608155250549
7767,1.0
7768,1.0
7769,0.9392856955528259
7770,1.0
7771,1.0
7772,1.0
7773,1.0
7774,1.0
7775,0.15909090638160706
7776,1.0
7777,1.0
7778,0.15887850522994995
7779,1.0
7780,1.0
7781,0.9949238300323486
7782,1.0
7783,0.4449339210987091
7784,0.9386792182922363
7785,1.0
7786,1.0
7787,1.0
7788,0.9967532753944397
7789,0.985401451587677
7790,1.0
7791,1.0
7792,1.0
7793,0.9741379022598267
7794,0.4567567706108093
7795,1.0
7796,1.0
7797,1.0
7798,0.1456310749053955
7799,1.0
7800,0.9963369965553284
7801,1.0
7802,1.0
7803,0.9768339991569519
7804,1.0
7805,1.0
7806,0.996363639831543
7807,0.959854006767273
7808,1.0
7809,0.9969040155410767
7810,0.1666666716337204
7811,1.0
7812,1.0
7813,1.0
7814,1.0
7815,1.0
7816,0.9775280952453613
7817,1.0
7818,1.0
7819,1.0
7820,1.0
7821,1.0
7822,0.9962825179100037
7823,1.0
7824,1.0
7825,1.0
7826,1.0
7827,1.0
7828,0.0
7829,0.8492307662963867
7830,0.770348846912384
7831,0.9834437370300293
7832,0.13531352579593658
7833,0.9964664578437805
7834,1.0
7835,1.0
7836,1.0
7837,1.0
7838,0.0
7839,0.9928315281867981
7840,1.0
7841,0.7300000190734863
7842,0.961403489112854
7843,0.996835470199585
7844,0.0
7845,0.8458646535873413
7846,1.0
7847,0.9970760345458984
7848,0.9532967209815979
7849,1.0
7850,0.9494949579238892
7851,1.0
7852,1.0
7853,1.0
7854,0.16867469251155853
7855,1.0
7856,0.9957805871963501
7857,1.0
7858,0.0
7859,0.9820144176483154
7860,1.0
7861,1.0
7862,1.0
7863,1.0
7864,1.0
7865,0.9844236969947815
7866,1.0
7867,1.0
7868,0.9704641103744507
7869,1.0
7870,0.9919678568840027
7871,1.0
7872,1.0
7873,1.0
7874,1.0
7875,0.5526315569877625
7876,0.9843260049819946
7877,1.0
7878,1.0
7879,1.0
7880,1.0
7881,0.15438596904277802
7882,0.9036144614219666
7883,1.0
7884,1.0
7885,1.0
7886,0.9960784316062927
7887,1.0
7888,1.0
7889,0.993220329284668
7890,1.0
7891,1.0
7892,0.5613383054733276
7893,0.9814814925193787
7894,1.0
7895,1.0
7896,0.9298245906829834
7897,1.0
7898,1.0
7899,0.5703125
7900,1.0
7901,0.0
7902,0.7236363887786865
7903,1.0
7904,1.0
7905,0.8738317489624023
7906,1.0
7907,0.9966996908187866
7908,1.0
7909,1.0
7910,0.9969135522842407
7911,1.0
7912,0.996874988079071
7913,0.9838709831237793
7914,1.0
7915,1.0
7916,1.0
7917,0.9963768124580383
7918,0.1101190447807312
7919,0.9314516186714172
7920,1.0
7921,0.9965635538101196
7922,1.0
7923,0.9248365759849548
7924,1.0
7925,1.0
7926,1.0
7927,0.9964028596878052
7928,0.12099643796682358
7929,0.9608541131019592
7930,1.0
7931,0.9409593939781189
7932,0.9715447425842285
7933,1.0
7934,0.9939758777618408
7935,1.0
7936,1.0
7937,1.0
7938,1.0
7939,1.0
7940,1.0
7941,0.9960784316062927
7942,1.0
7943,1.0
7944,1.0
7945,0.9876033067703247
7946,1.0
7947,1.0
7948,1.0
7949,1.0
7950,0.9959999918937683
7951,1.0
7952,0.0
7953,0.9965277910232544
7954,1.0
7955,1.0
7956,1.0
7957,1.0
7958,0.5537974834442139
7959,0.7894737124443054
7960,1.0
7961,1.0
7962,1.0
7963,0.8796680569648743
7964,1.0
7965,0.9968152642250061
7966,0.11313868314027786
7967,1.0
7968,1.0
7969,0.9771241545677185
7970,1.0
7971,1.0
7972,1.0
7973,1.0
7974,1.0
7975,1.0
7976,1.0
7977,1.0
7978,1.0
7979,0.17045454680919647
7980,1.0
7981,1.0
7982,1.0
7983,1.0
7984,1.0
7985,1.0
7986,1.0
7987,0.9964028596878052
7988,0.0
7989,0.8834951519966125
7990,1.0
7991,0.5017421841621399
7992,1.0
7993,1.0
7994,1.0
7995,1.0
7996,1.0
7997,1.0
7998,1.0
7999,1.0
8000,1.0
8001,1.0
8002,0.06683804839849472
8003,1.0
8004,1.0
8005,1.0
8006,1.0
8007,0.97265625
8008,1.0
8009,0.9656652212142944
8010,0.8640000224113464
8011,1.0
8012,1.0
8013,0.4884488582611084
8014,0.5320512652397156
8015,0.9970588088035583
8016,1.0
8017,0.9200000166893005
8018,0.9967426657676697
8019,1.0
8020,1.0
8021,1.0
8022,1.0
8023,0.49808427691459656
8024,0.932539701461792
8025,1.0
8026,0.996363639831543
8027,1.0
8028,1.0
8029,1.0
8030,0.996960461139679
8031,1.0
8032,0.9777777791023254
8033,0.9821958541870117
8034,1.0
8035,0.9838709831237793
8036,1.0
8037,0.9933554530143738
8038,1.0
8039,1.0
8040,1.0
8041,0.9699570536613464
8042,0.9698275923728943
8043,0.9961685538291931
8044,0.9964664578437805
8045,1.0
8046,0.7517730593681335
8047,0.996503472328186
8048,0.8593155741691589
8049,0.9962406158447266
8050,1.0
8051,0.19672131538391113
8052,0.5034246444702148
8053,1.0
8054,0.0
8055,0.9961389899253845
8056,1.0
8057,1.0
8058,1.0
8059,1.0
8060,0.9866220951080322
8061,0.99303138256073
8062,0.1339869350194931
8063,1.0
8064,1.0
8065,1.0
8066,1.0
8067,1.0
8068,1.0
8069,0.8823529481887817
8070,1.0
8071,1.0
8072,1.0
8073,0.9803149700164795
8074,0.5395683646202087
8075,0.1773049682378769
8076,0.9969696998596191
8077,0.5335570573806763
8078,1.0
8079,0.9968944191932678
8080,0.9969696998596191
8081,1.0
8082,0.0
8083,0.9868852496147156
8084,0.11254019290208817
8085,1.0
8086,1.0
8087,1.0
8088,1.0
8089,1.0
8090,0.9963369965553284
8091,0.16544117033481598
8092,1.0
8093,0.5036496520042419
8094,1.0
8095,0.9591078162193298
8096,1.0
8097,0.9749216437339783
8098,0.4556574821472168
8099,0.8339100480079651
8100,1.0
8101,1.0
8102,0.9967105388641357
8103,1.0
8104,0.16718266904354095
8105,0.9679715037345886
8106,1.0
8107,0.9936507940292358
8108,1.0
8109,0.996503472328186
8110,1.0
8111,0.9882352948188782
8112,1.0
8113,1.0
8114,1.0
8115,0.19188192486763
8116,0.9233333468437195
8117,1.0
8118,1.0
8119,0.9973045587539673
8120,1.0
8121,1.0
8122,1.0
8123,1.0
8124,0.9624999761581421
8125,1.0
8126,0.9755101799964905
8127,0.9957982897758484
8128,1.0
8129,1.0
8130,1.0
8131,1.0
8132,1.0
8133,0.9967213273048401
8134,0.809374988079071
8135,1.0
8136,0.8763440847396851
8137,0.805111825466156
8138,1.0
8139,0.914826512336731
8140,1.0
8141,1.0
8142,0.9967741966247559
8143,0.4676056206226349
8144,1.0
8145,0.9967741966247559
8146,0.9936102032661438
8147,1.0
8148,0.9384615421295166
8149,1.0
8150,1.0
8151,0.9971751570701599
8152,1.0
8153,0.12732096016407013
8154,1.0
8155,0.9970674514770508
8156,1.0
8157,1.0
8158,1.0
8159,0.9958158731460571
8160,0.5116279125213623
8161,1.0
8162,1.0
8163,0.9963235259056091
8164,0.18390804529190063
8165,1.0
8166,1.0
8167,0.9525547623634338
8168,1.0
8169,0.913223147392273
8170,1.0
8171,1.0
8172,1.0
8173,1.0
8174,0.8063583970069885
8175,0.9967637658119202
8176,1.0
8177,0.9969419240951538
8178,1.0
8179,1.0
8180,1.0
8181,1.0
8182,0.9941691160202026
8183,1.0
8184,1.0
8185,1.0
8186,1.0
8187,1.0
8188,1.0
8189,1.0
8190,0.12786884605884552
8191,0.9850746393203735
8192,0.99609375
8193,1.0
8194,1.0
8195,0.9964028596878052
8196,0.9961389899253845
8197,1.0
8198,1.0
8199,0.9965277910232544
8200,1.0
8201,1.0
8202,1.0
8203,1.0
8204,0.9893993139266968
8205,0.9578543901443481
8206,1.0
8207,0.9960474371910095
8208,0.9409090876579285
8209,1.0
8210,0.9956896305084229
8211,1.0
8212,0.9743589758872986
8213,0.9926470518112183
8214,1.0
8215,1.0
8216,1.0
8217,0.8218749761581421
8218,1.0
8219,0.9655172228813171
8220,0.4921875
8221,0.99245285987854
8222,0.9962406158447266
8223,0.13618676364421844
8224,1.0
8225,1.0
8226,0.9918032884597778
8227,0.5018587112426758
8228,0.9960474371910095
8229,0.0
8230,0.9275362491607666
8231,1.0
8232,0.960698664188385
8233,0.9958506226539612
8234,1.0
8235,1.0
8236,1.0
8237,1.0
8238,1.0
8239,0.9097222089767456
8240,1.0
8241,1.0
8242,0.0
8243,0.9967532753944397
8244,1.0
8245,1.0
8246,1.0
8247,1.0
8248,1.0
8249,1.0
8250,0.11985018849372864
8251,0.9963369965553284
8252,0.4636363685131073
8253,1.0
8254,1.0
8255,1.0
8256,1.0
8257,1.0
8258,1.0
8259,0.17870722711086273
8260,1.0
8261,1.0
8262,0.9653846025466919
8263,1.0
8264,1.0
8265,1.0
8266,1.0
8267,1.0
8268,0.9962406158447266
8269,1.0
8270,0.9806201457977295
8271,1.0
8272,0.9959677457809448
8273,1.0
8274,1.0
8275,0.9809160232543945
8276,1.0
8277,1.0
8278,1.0
8279,0.9964538812637329
8280,1.0
8281,1.0
8282,0.0
8283,0.9879032373428345
8284,0.9631336331367493
8285,1.0
8286,1.0
8287,1.0
8288,0.17624521255493164
8289,0.9413919448852539
8290,1.0
8291,0.9969419240951538
8292,0.9968253970146179
8293,1.0
8294,0.8818897604942322
8295,0.9895470142364502
8296,0.8012422323226929
8297,1.0
8298,1.0
8299,1.0
8300,0.9919028282165527
8301,1.0
8302,0.17894737422466278
8303,0.9940298795700073
8304,1.0
8305,0.9926739931106567
8306,0.9878542423248291
8307,0.8429751992225647
8308,1.0
8309,0.9962121248245239
8310,1.0
8311,0.9787985682487488
8312,1.0
8313,0.170634925365448
8314,0.96138995885849
8315,0.996363639831543
8316,0.9708333611488342
8317,1.0
8318,1.0
8319,0.9958677887916565
8320,1.0
8321,1.0
8322,1.0
8323,0.9964664578437805
8324,0.9862068891525269
8325,1.0
8326,1.0
8327,0.9965986609458923
8328,1.0
8329,1.0
8330,0.5442478060722351
8331,1.0
8332,0.9816513657569885
8333,1.0
8334,1.0
8335,1.0
8336,1.0
8337,0.4444444477558136
8338,1.0
8339,1.0
8340,0.9216710329055786
8341,0.9971014261245728
8342,0.0
8343,0.987261176109314
8344,0.9967845678329468
8345,1.0
8346,0.5741444826126099
8347,1.0
8348,0.9831932783126831
8349,0.9384615421295166
8350,0.9377777576446533
8351,0.9708333611488342
8352,1.0
8353,0.9916666746139526
8354,1.0
8355,0.9222614765167236
8356,1.0
8357,0.10410095006227493
8358,1.0
8359,1.0
8360,0.46081504225730896
8361,1.0
8362,1.0
8363,1.0
8364,1.0
8365,0.5
8366,0.9958506226539612
8367,0.0
8368,0.9742646813392639
8369,0.9913793206214905
8370,0.8609022498130798
8371,1.0
8372,0.546875
8373,1.0
8374,0.5153583884239197
8375,1.0
8376,1.0
8377,0.1527777761220932
8378,1.0
8379,1.0
8380,0.5074074268341064
8381,1.0
8382,1.0
8383,1.0
8384,0.9644128084182739
8385,0.9921568632125854
8386,1.0
8387,1.0
8388,1.0
8389,1.0
8390,1.0
8391,0.13114753365516663
8392,1.0
8393,1.0
8394,1.0
8395,0.9952152967453003
8396,0.12903225421905518
8397,1.0
8398,0.9970149397850037
8399,1.0
8400,0.996960461139679
8401,1.0
8402,1.0
8403,0.8683273792266846
8404,1.0
8405,1.0
8406,0.9509434103965759
8407,0.51408451795578
8408,0.9963503479957581
8409,0.5489510297775269
8410,0.9458333253860474
8411,1.0
8412,1.0
8413,1.0
8414,1.0
8415,1.0
8416,0.9831649661064148
8417,1.0
8418,1.0
8419,1.0
8420,1.0
8421,0.9967948794364929
8422,1.0
8423,1.0
8424,1.0
8425,0.4964788854122162
8426,1.0
8427,1.0
8428,0.9620689749717712
8429,0.9966555237770081
8430,1.0
8431,1.0
8432,1.0
8433,1.0
8434,1.0
8435,1.0
8436,1.0
8437,0.9961240291595459
8438,0.9954338073730469
8439,1.0
8440,0.0
8441,0.9766536951065063
8442,0.9957805871963501
8443,1.0
8444,1.0
8445,0.9420289993286133
8446,1.0
8447,1.0
8448,0.5345454812049866
8449,0.9912280440330505
8450,0.8711110949516296
8451,1.0
8452,1.0
8453,0.5071770548820496
8454,1.0
8455,0.821739137172699
8456,1.0
8457,1.0
8458,1.0
8459,0.9603174328804016
8460,1.0
8461,0.9886792302131653
8462,0.5176848769187927
8463,0.8125
8464,1.0
8465,0.48843929171562195
8466,0.9833333492279053
8467,0.9840637445449829
8468,1.0
8469,1.0
8470,0.9879518151283264
8471,0.9955357313156128
8472,1.0
8473,0.996268630027771
8474,1.0
8475,1.0
8476,0.9967213273048401
8477,0.996835470199585
8478,0.1515151560306549
8479,0.9904761910438538
8480,1.0
8481,1.0
8482,1.0
8483,1.0
8484,1.0
8485,1.0
8486,1.0
8487,1.0
8488,1.0
8489,1.0
8490,1.0
8491,1.0
8492,1.0
8493,0.9970674514770508
8494,0.4736842215061188
8495,1.0
8496,0.9972677826881409
8497,0.9941691160202026
8498,0.7790055274963379
8499,1.0
8500,0.9972375631332397
8501,1.0
8502,0.9815384745597839
8503,1.0
8504,1.0
8505,0.9172185659408569
8506,1.0
8507,0.13090908527374268
8508,0.9965517520904541
8509,0.8154981732368469
8510,1.0
8511,0.996632993221283
8512,1.0
8513,1.0
8514,1.0
8515,1.0
8516,1.0
8517,0.9876033067703247
8518,0.8601694703102112
8519,0.9528985619544983
8520,1.0
8521,1.0
8522,0.99245285987854
8523,0.8275862336158752
8524,0.96875
8525,1.0
8526,1.0
8527,0.9922480583190918
8528,0.9964912533760071
8529,1.0
8530,1.0
8531,1.0
8532,0.4493243098258972
8533,0.8385964632034302
8534,1.0
8535,0.9964413046836853
8536,1.0
8537,1.0
8538,1.0
8539,1.0
8540,1.0
8541,1.0
8542,1.0
8543,0.9929078221321106
8544,1.0
8545,1.0
8546,1.0
8547,1.0
8548,0.9968051314353943
8549,0.4889589846134186
8550,1.0
8551,1.0
8552,0.9970059990882874
8553,0.9459459185600281
8554,0.9860724210739136
8555,1.0
8556,1.0
8557,1.0
8558,0.15068493783473969
8559,0.5745614171028137
8560,0.9541284441947937
8561,0.9963099360466003
8562,0.11808118224143982
8563,0.9936708807945251
8564,0.9440559148788452
8565,1.0
8566,1.0
8567,1.0
8568,0.11403508484363556
8569,0.9940476417541504
8570,0.9470404982566833
8571,0.9969325065612793
8572,0.4536423981189728
8573,1.0
8574,1.0
8575,1.0
8576,0.8583333492279053
8577,1.0
8578,1.0
8579,1.0
8580,0.9965986609458923
8581,1.0
8582,0.9943661689758301
8583,0.9683544039726257
8584,1.0
8585,1.0
8586,1.0
8587,1.0
8588,1.0
8589,1.0
8590,1.0
8591,0.9965753555297852
8592,0.9960159659385681
8593,1.0
8594,0.8091872930526733
8595,0.9966443181037903
8596,1.0
8597,0.8205980062484741
8598,0.9579287767410278
8599,1.0
8600,0.15942029654979706
8601,0.9960629940032959
8602,1.0
8603,0.9863013625144958
8604,1.0
8605,1.0
8606,0.09554140269756317
8607,1.0
8608,0.5387454032897949
8609,1.0
8610,1.0
8611,1.0
8612,0.9297124743461609
8613,1.0
8614,0.9487951993942261
8615,1.0
8616,0.9944289922714233
8617,1.0
8618,1.0
8619,0.9961977005004883
8620,1.0
8621,0.9870689511299133
8622,1.0
8623,1.0
8624,1.0
8625,0.8060606122016907
8626,1.0
8627,1.0
8628,1.0
8629,1.0
8630,1.0
8631,1.0
8632,0.0
8633,0.9826086759567261
8634,1.0
8635,1.0
8636,0.9952380657196045
8637,1.0
8638,0.995555579662323
8639,1.0
8640,1.0
8641,0.13824884593486786
8642,1.0
8643,0.7806451320648193
8644,1.0
8645,0.9971671104431152
8646,1.0
8647,1.0
8648,0.9961240291595459
8649,1.0
8650,1.0
8651,1.0
8652,0.0
8653,1.0
8654,1.0
8655,1.0
8656,0.9658703207969666
8657,0.979522168636322
8658,0.9968454241752625
8659,0.8803418874740601
8660,1.0
8661,0.9966996908187866
8662,1.0
8663,1.0
8664,1.0
8665,1.0
8666,1.0
8667,1.0
8668,1.0
8669,0.5474452376365662
8670,1.0
8671,0.9959999918937683
8672,1.0
8673,1.0
8674,1.0
8675,1.0
8676,1.0
8677,1.0
8678,1.0
8679,1.0
8680,1.0
8681,0.9959349632263184
8682,1.0
8683,1.0
8684,1.0
8685,1.0
8686,1.0
8687,1.0
8688,1.0
8689,1.0
8690,1.0
8691,1.0
8692,1.0
8693,1.0
8694,1.0
8695,1.0
8696,1.0
8697,0.9959514141082764
8698,1.0
8699,0.4923076927661896
8700,0.4749034643173218
8701,1.0
8702,0.95652174949646
8703,1.0
8704,0.9971590638160706
8705,1.0
8706,1.0
8707,0.5275080800056458
8708,1.0
8709,1.0
8710,0.9965986609458923
8711,1.0
8712,0.8503937125205994
8713,1.0
8714,1.0
8715,1.0
8716,1.0
8717,1.0
8718,0.9411764740943909
8719,1.0
8720,0.9967637658119202
8721,1.0
8722,1.0
8723,1.0
8724,1.0
8725,0.9961977005004883
8726,1.0
8727,0.9964285492897034
8728,1.0
8729,0.9962406158447266
8730,1.0
8731,1.0
8732,1.0
8733,1.0
8734,1.0
8735,0.8141025900840759
8736,1.0
8737,1.0
8738,1.0
8739,1.0
8740,0.9386281371116638
8741,1.0
8742,1.0
8743,1.0
8744,1.0
8745,0.6080402135848999
8746,0.8823529481887817
8747,1.0
8748,1.0
8749,1.0
8750,0.9961240291595459
8751,1.0
8752,0.13120567798614502
8753,1.0
8754,1.0
8755,1.0
8756,0.9937304258346558
8757,1.0
8758,0.9400631189346313
8759,1.0
8760,1.0
8761,1.0
8762,0.9958333373069763
8763,1.0
8764,0.8484848737716675
8765,1.0
8766,1.0
8767,1.0
8768,1.0
8769,1.0
8770,1.0
8771,1.0
8772,1.0
8773,0.9858155846595764
8774,1.0
8775,1.0
8776,1.0
8777,0.5112782120704651
8778,1.0
8779,1.0
8780,1.0
8781,1.0
8782,1.0
8783,1.0
8784,1.0
8785,0.125
8786,1.0
8787,1.0
8788,1.0
8789,1.0
8790,1.0
8791,1.0
8792,1.0
8793,0.996632993221283
8794,1.0
8795,1.0
8796,1.0
8797,1.0
8798,0.9829351305961609
8799,1.0
8800,1.0
8801,1.0
8802,0.9952380657196045
8803,0.9710144996643066
8804,1.0
8805,0.5183946490287781
8806,0.8316831588745117
8807,0.8360655903816223
8808,1.0
8809,1.0
8810,1.0
8811,0.9330543875694275
8812,1.0
8813,1.0
8814,0.9879999756813049
8815,1.0
8816,1.0
8817,0.9960159659385681
8818,0.1487603336572647
8819,1.0
8820,1.0
8821,1.0
8822,1.0
8823,1.0
8824,1.0
8825,1.0
8826,0.9035087823867798
8827,0.9970930218696594
8828,1.0
8829,1.0
8830,1.0
8831,1.0
8832,1.0
8833,1.0
8834,1.0
8835,0.9446494579315186
8836,0.99622642993927
8837,1.0
8838,1.0
8839,1.0
8840,0.970370352268219
8841,1.0
8842,0.9959677457809448
8843,1.0
8844,0.12941177189350128
8845,0.9963768124580383
8846,1.0
8847,1.0
8848,0.14800000190734863
8849,1.0
8850,1.0
8851,0.13442623615264893
8852,1.0
8853,0.16722407937049866
8854,1.0
8855,1.0
8856,1.0
8857,0.9589442610740662
8858,0.7843665480613708
8859,1.0
8860,1.0
8861,0.965624988079071
8862,1.0
8863,1.0
8864,0.6106194853782654
8865,1.0
8866,1.0
8867,1.0
8868,1.0
8869,0.98591548204422
8870,1.0
8871,0.967391312122345
8872,0.9323077201843262
8873,0.5143885016441345
8874,1.0
8875,0.9959514141082764
8876,0.9514925479888916
8877,0.7547892928123474
8878,1.0
8879,1.0
8880,1.0
8881,1.0
8882,0.8201892971992493
8883,1.0
8884,1.0
8885,1.0
8886,0.9967637658119202
8887,1.0
8888,1.0
8889,1.0
8890,1.0
8891,0.5042372941970825
8892,1.0
8893,1.0
8894,0.9553903341293335
8895,1.0
8896,1.0
8897,1.0
8898,1.0
8899,1.0
8900,0.9223602414131165
8901,0.5347222089767456
8902,1.0
8903,1.0
8904,0.9926470518112183
8905,0.9572953581809998
8906,0.9962825179100037
8907,1.0
8908,1.0
8909,0.8479999899864197
8910,1.0
8911,1.0
8912,0.5496183037757874
8913,1.0
8914,0.5129151344299316
8915,0.9885057210922241
8916,1.0
8917,1.0
8918,1.0
8919,1.0
8920,0.8942731022834778
8921,1.0
8922,1.0
8923,0.4545454680919647
8924,1.0
8925,1.0
8926,0.9964028596878052
8927,1.0
8928,1.0
8929,0.9966443181037903
8930,1.0
8931,0.9969230890274048
8932,0.9932659864425659
8933,0.996515691280365
8934,1.0
8935,0.996268630027771
8936,1.0
8937,1.0
8938,1.0
8939,1.0
8940,1.0
8941,0.8242811560630798
8942,1.0
8943,1.0
8944,1.0
8945,1.0
8946,1.0
8947,0.9819494485855103
8948,1.0
8949,0.5506607890129089
8950,1.0
8951,0.9960629940032959
8952,1.0
8953,1.0
8954,0.8723404407501221
8955,0.9551020264625549
8956,1.0
8957,1.0
8958,1.0
8959,0.9928315281867981
8960,1.0
8961,1.0
8962,0.9766536951065063
8963,1.0
8964,1.0
8965,0.9964413046836853
8966,1.0
8967,0.9592592716217041
8968,1.0
8969,0.992277979850769
8970,1.0
8971,0.8638297915458679
8972,0.9961685538291931
8973,1.0
8974,1.0
8975,0.16296295821666718
8976,1.0
8977,0.15328466892242432
8978,0.9591078162193298
8979,1.0
8980,0.9956140518188477
8981,1.0
8982,1.0
8983,1.0
8984,1.0
8985,1.0
8986,1.0
8987,1.0
8988,0.8731883764266968
8989,1.0
8990,0.9967948794364929
8991,1.0
8992,0.9659090638160706
8993,1.0
8994,1.0
8995,0.9929328560829163
8996,1.0
8997,1.0
8998,1.0
8999,1.0
9000,1.0
9001,1.0
9002,0.9838056564331055
9003,1.0
9004,0.8801652789115906
9005,1.0
9006,0.9965986609458923
9007,1.0
9008,1.0
9009,1.0
9010,0.9586465954780579
9011,0.9857142567634583
9012,1.0
9013,1.0
9014,0.9377162456512451
9015,1.0
9016,1.0
9017,1.0
9018,0.16030533611774445
9019,1.0
9020,0.9899328947067261
9021,1.0
9022,1.0
9023,1.0
9024,1.0
9025,1.0
9026,1.0
9027,1.0
9028,1.0
9029,1.0
9030,1.0
9031,1.0
9032,1.0
9033,0.9961685538291931
9034,1.0
9035,1.0
9036,1.0
9037,0.4514106512069702
9038,1.0
9039,1.0
9040,0.1342756152153015
9041,1.0
9042,1.0
9043,0.8687258958816528
9044,1.0
9045,1.0
9046,0.8582375645637512
9047,1.0
9048,0.9962962865829468
9049,0.14229248464107513
9050,0.18110236525535583
9051,0.91756272315979
9052,1.0
9053,1.0
9054,0.9971671104431152
9055,1.0
9056,1.0
9057,1.0
9058,0.9905362725257874
9059,1.0
9060,1.0
9061,0.99622642993927
9062,0.996515691280365
9063,1.0
9064,1.0
9065,0.9962962865829468
9066,1.0
9067,0.5196506381034851
9068,1.0
9069,0.9667896628379822
9070,0.4797047972679138
9071,1.0
9072,0.9967845678329468
9073,1.0
9074,0.9964028596878052
9075,1.0
9076,1.0
9077,1.0
9078,1.0
9079,0.9967637658119202
9080,1.0
9081,0.9970501661300659
9082,1.0
9083,0.8201219439506531
9084,0.936170220375061
9085,1.0
9086,1.0
9087,1.0
9088,1.0
9089,1.0
9090,1.0
9091,0.9810126423835754
9092,1.0
9093,0.9969230890274048
9094,1.0
9095,0.9970760345458984
9096,1.0
9097,1.0
9098,0.996666669845581
9099,1.0
9100,1.0
9101,1.0
9102,0.09497206658124924
9103,0.9969969987869263
9104,0.9817629456520081
9105,1.0
9106,0.9970588088035583
9107,1.0
9108,0.9125000238418579
9109,0.9969879388809204
9110,1.0
9111,0.9969135522842407
9112,0.9972144961357117
9113,0.9937499761581421
9114,0.5634328126907349
9115,1.0
9116,1.0
9117,1.0
9118,1.0
9119,1.0
9120,1.0
9121,1.0
9122,1.0
9123,0.4615384638309479
9124,1.0
9125,0.9867549538612366
9126,1.0
9127,0.9907407164573669
9128,1.0
9129,0.9176136255264282
9130,1.0
9131,1.0
9132,0.9967948794364929
9133,1.0
9134,1.0
9135,0.99245285987854
9136,1.0
9137,1.0
9138,1.0
9139,1.0
9140,0.9969325065612793
9141,0.9967948794364929
9142,1.0
9143,0.9960317611694336
9144,0.4937759339809418
9145,0.9686274528503418
9146,0.9959016442298889
9147,1.0
9148,0.9695817232131958
9149,0.8035087585449219
9150,0.9823788404464722
9151,0.995708167552948
9152,1.0
9153,1.0
9154,1.0
9155,1.0
9156,1.0
9157,0.9318996667861938
9158,1.0
9159,1.0
9160,1.0
9161,0.9969879388809204
9162,1.0
9163,1.0
9164,1.0
9165,1.0
9166,0.8070175647735596
9167,0.9307692050933838
9168,1.0
9169,1.0
9170,1.0
9171,0.9958677887916565
9172,1.0
9173,0.9954338073730469
9174,0.9776785969734192
9175,0.5444444417953491
9176,1.0
9177,1.0
9178,1.0
9179,0.9509202241897583
9180,1.0
9181,0.5174825191497803
9182,0.8250728845596313
9183,1.0
9184,0.9939209818840027
9185,1.0
9186,1.0
9187,1.0
9188,1.0
9189,0.9950000047683716
9190,1.0
9191,1.0
9192,1.0
9193,1.0
9194,1.0
9195,0.9266666769981384
9196,1.0
9197,1.0
9198,1.0
9199,1.0
9200,1.0
9201,1.0
9202,1.0
9203,1.0
9204,1.0
9205,1.0
9206,0.985401451587677
9207,0.9958677887916565
9208,1.0
9209,1.0
9210,0.9520000219345093
9211,1.0
9212,0.48821547627449036
9213,0.9961832165718079
9214,0.9554139971733093
9215,1.0
9216,1.0
9217,0.9967637658119202
9218,1.0
9219,1.0
9220,1.0
9221,0.9968652129173279
9222,1.0
9223,0.9963235259056091
9224,1.0
9225,1.0
9226,1.0
9227,1.0
9228,0.5622641444206238
9229,1.0
9230,1.0
9231,1.0
9232,0.551612913608551
9233,0.9937888383865356
9234,1.0
9235,1.0
9236,0.9178082346916199
9237,1.0
9238,0.8307692408561707
9239,1.0
9240,1.0
9241,1.0
9242,0.9960784316062927
9243,0.922535240650177
9244,1.0
9245,1.0
9246,1.0
9247,1.0
9248,1.0
9249,1.0
9250,1.0
9251,1.0
9252,1.0
9253,1.0
9254,1.0
9255,1.0
9256,0.9967741966247559
9257,1.0
9258,1.0
9259,0.9962962865829468
9260,1.0
9261,1.0
9262,0.9498208165168762
9263,1.0
9264,0.4591836631298065
9265,0.9695122241973877
9266,0.9966555237770081
9267,1.0
9268,0.9962962865829468
9269,1.0
9270,1.0
9271,0.943708598613739
9272,1.0
9273,0.9442379474639893
9274,0.9965753555297852
9275,1.0
9276,0.8153846263885498
9277,0.845588207244873
9278,0.9521912336349487
9279,1.0
9280,0.8524590134620667
9281,0.9957627058029175
9282,0.8481012582778931
9283,1.0
9284,0.9959349632263184
9285,1.0
9286,0.996503472328186
9287,0.8163265585899353
9288,1.0
9289,1.0
9290,0.996363639831543
9291,1.0
9292,0.9910714030265808
9293,1.0
9294,0.9969040155410767
9295,1.0
9296,1.0
9297,1.0
9298,1.0
9299,0.8690476417541504
9300,0.9962825179100037
9301,0.828125
9302,1.0
9303,0.811475396156311
9304,1.0
9305,1.0
9306,0.9897611141204834
9307,0.9496644139289856
9308,1.0
9309,1.0
9310,0.9968051314353943
9311,1.0
9312,0.9383116960525513
9313,0.9805194735527039
9314,1.0
9315,1.0
9316,0.9970238208770752
9317,1.0
9318,1.0
9319,0.9485714435577393
9320,1.0
9321,0.9901639223098755
9322,1.0
9323,1.0
9324,1.0
9325,0.4960629940032959
9326,1.0
9327,1.0
9328,0.9959999918937683
9329,0.984674334526062
9330,1.0
9331,0.99609375
9332,1.0
9333,0.9968847632408142
9334,1.0
9335,1.0
9336,1.0
9337,1.0
9338,1.0
9339,0.9969788789749146
9340,1.0
9341,0.9930555820465088
9342,1.0
9343,1.0
9344,1.0
9345,1.0
9346,1.0
9347,1.0
9348,1.0
9349,1.0
9350,1.0
9351,0.9934853315353394
9352,1.0
9353,0.9968152642250061
9354,0.9448275566101074
9355,0.9925373196601868
9356,0.9967213273048401
9357,1.0
9358,1.0
9359,0.9509803652763367
9360,1.0
9361,0.9735848903656006
9362,0.0
9363,1.0
9364,1.0
9365,0.49624061584472656
9366,0.9507575631141663
9367,1.0
9368,1.0
9369,1.0
9370,0.9969512224197388
9371,1.0
9372,1.0
9373,1.0
9374,1.0
9375,0.9468749761581421
9376,1.0
9377,1.0
9378,1.0
9379,1.0
9380,0.9961977005004883
9381,1.0
9382,0.967391312122345
9383,1.0
9384,1.0
9385,1.0
9386,0.8429118990898132
9387,0.4476987421512604
9388,1.0
9389,1.0
9390,0.9954128265380859
9391,1.0
9392,0.1576923131942749
9393,0.9962406158447266
9394,1.0
9395,0.9958677887916565
9396,1.0
9397,1.0
9398,0.9961977005004883
9399,1.0
9400,0.800000011920929
9401,1.0
9402,0.9965517520904541
9403,0.8121387362480164
9404,1.0
9405,0.9689655303955078
9406,1.0
9407,1.0
9408,0.8875969052314758
9409,1.0
9410,1.0
9411,1.0
9412,1.0
9413,1.0
9414,1.0
9415,0.9896193742752075
9416,1.0
9417,1.0
9418,0.9723183512687683
9419,1.0
9420,1.0
9421,1.0
9422,0.9397590160369873
9423,1.0
9424,1.0
9425,0.7560975551605225
9426,0.9741935729980469
9427,1.0
9428,1.0
9429,1.0
9430,1.0
9431,1.0
9432,1.0
9433,1.0
9434,1.0
9435,1.0
9436,0.9625468254089355
9437,0.9610389471054077
9438,0.9800664186477661
9439,0.938144326210022
9440,0.9905063509941101
9441,0.8086419701576233
9442,1.0
9443,0.996874988079071
9444,1.0
9445,0.9919354915618896
9446,1.0
9447,1.0
9448,0.995555579662323
9449,1.0
9450,0.9696969985961914
9451,1.0
9452,1.0
9453,0.7928286790847778
9454,1.0
9455,1.0
9456,1.0
9457,0.1705685555934906
9458,1.0
9459,0.951724112033844
9460,1.0
9461,1.0
9462,1.0
9463,1.0
9464,0.9968553185462952
9465,1.0
9466,0.868852436542511
9467,1.0
9468,0.9682539701461792
9469,1.0
9470,1.0
9471,1.0
9472,1.0
9473,1.0
9474,1.0
9475,0.9961089491844177
9476,1.0
9477,0.9964413046836853
9478,1.0
9479,1.0
9480,1.0
9481,1.0
9482,1.0
9483,0.9261992573738098
9484,1.0
9485,0.9966777563095093
9486,1.0
9487,0.9958506226539612
9488,1.0
9489,0.9959839582443237
9490,1.0
9491,1.0
9492,1.0
9493,1.0
9494,1.0
9495,1.0
9496,0.9957982897758484
9497,1.0
9498,1.0
9499,1.0
9500,1.0
9501,1.0
9502,0.9964285492897034
9503,0.989051103591919
9504,1.0
9505,1.0
9506,1.0
9507,1.0
9508,0.9962546825408936
9509,1.0
9510,1.0
9511,1.0
9512,0.9963768124580383
9513,1.0
9514,0.1582491546869278
9515,1.0
9516,1.0
9517,1.0
9518,1.0
9519,1.0
9520,1.0
9521,1.0
9522,1.0
9523,1.0
9524,1.0
9525,1.0
9526,1.0
9527,1.0
9528,1.0
9529,1.0
9530,1.0
9531,0.455331414937973
9532,0.8082706928253174
9533,0.9429658055305481
9534,1.0
9535,1.0
9536,1.0
9537,0.9948320388793945
9538,0.8184713125228882
9539,1.0
9540,1.0
9541,0.996610164642334
9542,1.0
9543,1.0
9544,0.9966555237770081
9545,1.0
9546,1.0
9547,0.5245901346206665
9548,0.9819819927215576
9549,0.9929328560829163
9550,0.9763513803482056
9551,0.9916666746139526
9552,1.0
9553,0.9961089491844177
9554,1.0
9555,1.0
9556,1.0
9557,0.9413681030273438
9558,0.8227424621582031
9559,1.0
9560,1.0
9561,0.996835470199585
9562,1.0
9563,1.0
9564,0.99609375
9565,0.0
9566,0.9916666746139526
9567,0.9721254110336304
9568,1.0
9569,1.0
9570,0.9826989769935608
9571,1.0
9572,1.0
9573,1.0
9574,1.0
9575,0.9872204661369324
9576,0.9964664578437805
9577,1.0
9578,1.0
9579,1.0
9580,1.0
9581,0.9885931611061096
9582,0.9961685538291931
9583,1.0
9584,1.0
9585,1.0
9586,1.0
9587,0.9912663698196411
9588,1.0
9589,1.0
9590,1.0
9591,1.0
9592,0.996666669845581
9593,1.0
9594,0.9959677457809448
9595,1.0
9596,1.0
9597,1.0
9598,1.0
9599,0.962199330329895
9600,1.0
9601,1.0
9602,1.0
9603,1.0
9604,1.0
9605,1.0
9606,1.0
9607,0.9228295683860779
9608,1.0
9609,1.0
9610,1.0
9611,1.0
9612,0.8576512336730957
9613,1.0
9614,1.0
9615,0.9962962865829468
9616,1.0
9617,1.0
9618,1.0
9619,0.9964538812637329
9620,1.0
9621,1.0
9622,0.9964912533760071
9623,1.0
9624,1.0
9625,0.9937304258346558
9626,0.9679144620895386
9627,1.0
9628,1.0
9629,1.0
9630,1.0
9631,1.0
9632,1.0
9633,1.0
9634,0.9966216087341309
9635,1.0
9636,1.0
9637,0.8006430864334106
9638,1.0
9639,1.0
9640,1.0
9641,0.7963636517524719
9642,1.0
9643,1.0
9644,1.0
9645,1.0
9646,0.9965635538101196
9647,1.0
9648,1.0
9649,1.0
9650,0.9897260069847107
9651,0.9553264379501343
9652,1.0
9653,1.0
9654,0.946768045425415
9655,1.0
9656,0.9831932783126831
9657,0.5543071031570435
9658,1.0
9659,1.0
9660,1.0
9661,1.0
9662,0.9963369965553284
9663,0.9395017623901367
9664,1.0
9665,1.0
9666,1.0
9667,1.0
9668,1.0
9669,0.9906976819038391
9670,1.0
9671,1.0
9672,1.0
9673,1.0
9674,1.0
9675,1.0
9676,1.0
9677,1.0
9678,1.0
9679,0.8928571343421936
9680,1.0
9681,0.9959016442298889
9682,1.0
9683,1.0
9684,1.0
9685,0.996874988079071
9686,0.9968051314353943
9687,1.0
9688,1.0
9689,1.0
9690,0.996363639831543
9691,1.0
9692,0.9870967864990234
9693,1.0
9694,0.9558359384536743
9695,1.0
9696,1.0
9697,0.9968253970146179
9698,1.0
9699,0.8659003973007202
9700,0.9863013625144958
9701,1.0
9702,1.0
9703,0.9419087171554565
9704,1.0
9705,1.0
9706,0.9956521987915039
9707,1.0
9708,1.0
9709,1.0
9710,0.996268630027771
9711,0.9539006948471069
9712,1.0
9713,1.0
9714,0.9956521987915039
9715,0.9635627269744873
9716,0.996503472328186
9717,0.5149253606796265
9718,1.0
9719,1.0
9720,1.0
9721,0.9961977005004883
9722,1.0
9723,1.0
9724,0.9895104765892029
9725,1.0
9726,1.0
9727,0.8453237414360046
9728,1.0
9729,1.0
9730,0.9961538314819336
9731,1.0
9732,0.8458904027938843
9733,1.0
9734,1.0
9735,1.0
9736,0.9187279343605042
9737,1.0
9738,0.9795918464660645
9739,1.0
9740,1.0
9741,0.9921259880065918
9742,1.0
9743,1.0
9744,1.0
9745,0.9925650358200073
9746,1.0
9747,1.0
9748,0.9821428656578064
9749,0.1726907640695572
9750,1.0
9751,1.0
9752,1.0
9753,1.0
9754,0.9962406158447266
9755,0.9962962865829468
9756,1.0
9757,1.0
9758,0.8519999980926514
9759,1.0
9760,1.0
9761,0.9963235259056091
9762,0.44223108887672424
9763,1.0
9764,1.0
9765,1.0
9766,1.0
9767,1.0
9768,0.78899085521698
9769,1.0
9770,1.0
9771,1.0
9772,1.0
9773,0.9714285731315613
9774,1.0
9775,0.9773463010787964
9776,1.0
9777,1.0
9778,1.0
9779,1.0
9780,0.9889298677444458
9781,1.0
9782,1.0
9783,1.0
9784,1.0
9785,1.0
9786,0.9451219439506531
9787,0.9968847632408142
9788,1.0
9789,1.0
9790,0.9927797913551331
9791,1.0
9792,1.0
9793,1.0
9794,1.0
9795,0.8599221706390381
9796,1.0
9797,1.0
9798,0.9480968713760376
9799,0.9931972622871399
9800,1.0
9801,1.0
9802,0.9539006948471069
9803,1.0
9804,0.9965635538101196
9805,1.0
9806,0.8799999952316284
9807,1.0
9808,1.0
9809,1.0
9810,1.0
9811,1.0
9812,1.0
9813,0.9339339137077332
9814,0.9142857193946838
9815,1.0
9816,1.0
9817,1.0
9818,1.0
9819,1.0
9820,1.0
9821,1.0
9822,1.0
9823,0.996363639831543
9824,1.0
9825,1.0
9826,1.0
9827,1.0
9828,1.0
9829,1.0
9830,0.996632993221283
9831,0.9966777563095093
9832,1.0
9833,1.0
9834,0.9901639223098755
9835,0.9937304258346558
9836,1.0
9837,0.9967319965362549
9838,0.9491525292396545
9839,1.0
9840,1.0
9841,1.0
9842,1.0
9843,0.8120300769805908
9844,1.0
9845,1.0
9846,1.0
9847,1.0
9848,0.9883381724357605
9849,1.0
9850,0.9925373196601868
9851,0.9969135522842407
9852,1.0
9853,1.0
9854,0.9921259880065918
9855,1.0
9856,1.0
9857,1.0
9858,0.9503311514854431
9859,0.9784946441650391
9860,1.0
9861,1.0
9862,1.0
9863,0.9345238208770752
9864,1.0
9865,1.0
9866,1.0
9867,0.9914893507957458
9868,1.0
9869,1.0
9870,1.0
9871,1.0
9872,1.0
9873,1.0
9874,1.0
9875,1.0
9876,1.0
9877,1.0
9878,1.0
9879,1.0
9880,0.9962121248245239
9881,0.9238410592079163
9882,1.0
9883,1.0
9884,0.9963369965553284
9885,1.0
9886,0.8024193644523621
9887,1.0
9888,1.0
9889,0.9962121248245239
9890,1.0
9891,1.0
9892,0.5218855142593384
9893,1.0
9894,1.0
9895,0.9968454241752625
9896,1.0
9897,1.0
9898,0.8338870406150818
9899,0.9965870380401611
9900,0.9629629850387573
9901,1.0
9902,0.9538461565971375
9903,1.0
9904,0.996515691280365
9905,0.9911242723464966
9906,0.9974619150161743
9907,1.0
9908,0.9939209818840027
9909,1.0
9910,1.0
9911,1.0
9912,0.9245901703834534
9913,0.9968051314353943
9914,0.996666669845581
9915,1.0
9916,0.9660493731498718
9917,1.0
9918,1.0
9919,1.0
9920,0.99622642993927
9921,1.0
9922,1.0
9923,1.0
9924,0.15845070779323578
9925,1.0
9926,1.0
9927,1.0
9928,0.9960629940032959
9929,1.0
9930,0.9668049812316895
9931,1.0
9932,1.0
9933,1.0
9934,1.0
9935,0.5201465487480164
9936,0.9967948794364929
9937,0.996666669845581
9938,0.7559523582458496
9939,1.0
9940,0.943708598613739
9941,0.8421052694320679
9942,0.8006042242050171
9943,0.9965277910232544
9944,0.8712121248245239
9945,0.8220338821411133
9946,1.0
9947,0.99303138256073
9948,0.9677419066429138
9949,1.0
9950,1.0
9951,1.0
9952,1.0
9953,1.0
9954,1.0
9955,1.0
9956,0.9971264600753784
9957,0.99210524559021
9958,0.5379939079284668
9959,1.0
9960,0.9183006286621094
9961,1.0
9962,0.9966555237770081
9963,1.0
9964,1.0
9965,1.0
9966,1.0
9967,1.0
9968,1.0
9969,1.0
9970,0.9593495726585388
9971,1.0
9972,0.9956896305084229
9973,0.9866071343421936
9974,0.991525411605835
9975,0.9501915574073792
9976,1.0
9977,1.0
9978,1.0
9979,0.8060200810432434
9980,1.0
9981,1.0
9982,1.0
9983,1.0
9984,1.0
9985,0.9969696998596191
9986,0.9885386824607849
9987,1.0
9988,0.9963768124580383
9989,0.996835470199585
9990,1.0
9991,1.0
9992,1.0
9993,1.0
9994,0.9455252885818481
9995,1.0
9996,0.9771863222122192
9997,1.0
9998,1.0
9999,1.0
10000,1.0
