Step,Value
1,428.89141845703125
2,271.28033447265625
3,210.79393005371094
4,441.0993957519531
5,420.4934387207031
6,282.59698486328125
7,218.5400848388672
8,69.45333099365234
9,205.08480834960938
10,291.8701171875
11,199.93125915527344
12,242.3656463623047
13,172.580078125
14,453.24053955078125
15,229.41659545898438
16,282.1880798339844
17,416.9903259277344
18,264.4248352050781
19,77.52523040771484
20,72.34845733642578
21,62.429073333740234
22,64.20672607421875
23,110.94097900390625
24,244.85757446289062
25,424.9010009765625
26,259.86346435546875
27,285.3973083496094
28,338.3443603515625
29,317.75897216796875
30,126.28197479248047
31,223.2494354248047
32,102.77002716064453
33,159.4763641357422
34,166.14968872070312
35,63.140323638916016
36,76.382080078125
37,142.6948699951172
38,162.9686279296875
39,229.89471435546875
40,441.4718017578125
41,55.91769790649414
42,70.41690063476562
43,461.19512939453125
44,58.71696853637695
45,156.23471069335938
46,231.843505859375
47,59.755638122558594
48,423.3019714355469
49,350.1846923828125
50,71.16088104248047
51,251.70318603515625
52,305.11737060546875
53,430.328369140625
54,261.3146667480469
55,73.74264526367188
56,132.45701599121094
57,187.15310668945312
58,438.45916748046875
59,124.24027252197266
60,58.91455841064453
61,135.53012084960938
62,178.3717803955078
63,62.833160400390625
64,187.14620971679688
65,107.67131042480469
66,214.96641540527344
67,447.4226989746094
68,256.9084777832031
69,268.24920654296875
70,280.53472900390625
71,72.18245697021484
72,148.2584228515625
73,138.67250061035156
74,270.4292907714844
75,279.806640625
76,424.46148681640625
77,321.3443603515625
78,215.22021484375
79,73.21113586425781
80,71.44624328613281
81,351.2480163574219
82,75.0029067993164
83,163.97109985351562
84,294.18670654296875
85,65.28740692138672
86,325.0967712402344
87,472.433837890625
88,372.1253967285156
89,238.35337829589844
90,404.1510009765625
91,364.82244873046875
92,213.49734497070312
93,248.7429962158203
94,313.94879150390625
95,185.794921875
96,248.728271484375
97,119.82495880126953
98,117.51244354248047
99,323.7149353027344
100,211.1211395263672
101,68.9519271850586
102,321.8377990722656
103,236.3340301513672
104,439.24395751953125
105,77.90685272216797
106,240.8348846435547
107,185.55084228515625
108,149.9025421142578
109,267.06640625
110,76.83021545410156
111,406.3882141113281
112,138.9760284423828
113,443.6056213378906
114,62.81094741821289
115,211.9357147216797
116,228.8446044921875
117,187.37429809570312
118,96.95136260986328
119,148.989501953125
120,201.1083221435547
121,239.9741668701172
122,124.99755859375
123,468.7009582519531
124,165.0705108642578
125,253.74612426757812
126,237.43016052246094
127,98.34810638427734
128,233.32229614257812
129,178.32432556152344
130,459.2724609375
131,241.86322021484375
132,115.945068359375
133,164.60520935058594
134,97.19970703125
135,253.54898071289062
136,77.86969757080078
137,408.5789489746094
138,195.37991333007812
139,125.85734558105469
140,307.28863525390625
141,227.7886199951172
142,188.47366333007812
143,434.0765686035156
144,81.26293182373047
145,335.3706970214844
146,165.02127075195312
147,338.0672607421875
148,387.6557312011719
149,439.6343078613281
150,320.0674133300781
151,113.47074127197266
152,151.61294555664062
153,233.0464630126953
154,76.95474243164062
155,279.7140197753906
156,221.2913055419922
157,344.30804443359375
158,405.40264892578125
159,269.5859680175781
160,381.6629943847656
161,103.19056701660156
162,345.7124328613281
163,62.432003021240234
164,102.88323974609375
165,65.18158721923828
166,139.25794982910156
167,134.03341674804688
168,214.87722778320312
169,158.7941131591797
170,122.81089782714844
171,425.11175537109375
172,310.1782531738281
173,403.3712463378906
174,218.99685668945312
175,161.48329162597656
176,155.3852996826172
177,187.38600158691406
178,125.12044525146484
179,433.73529052734375
180,414.7908935546875
181,416.37347412109375
182,254.47071838378906
183,209.0984649658203
184,247.62652587890625
185,245.19444274902344
186,158.72259521484375
187,332.35772705078125
188,182.38340759277344
189,356.614501953125
190,372.90618896484375
191,239.83958435058594
192,155.06076049804688
193,436.64739990234375
194,285.55767822265625
195,187.05853271484375
196,105.86627197265625
197,285.46044921875
198,101.32990264892578
199,449.28076171875
200,259.5234069824219
201,426.0230407714844
202,82.42769622802734
203,92.8027114868164
204,277.23809814453125
205,336.8951110839844
206,132.82496643066406
207,431.068603515625
208,184.3637237548828
209,69.33489227294922
210,147.94711303710938
211,103.43785858154297
212,122.4914779663086
213,401.330810546875
214,215.91986083984375
215,158.42059326171875
216,236.90391540527344
217,162.0059051513672
218,58.06962203979492
219,237.13661193847656
220,61.99056625366211
221,147.95716857910156
222,185.64898681640625
223,260.85992431640625
224,126.65904998779297
225,283.8377685546875
226,173.0369873046875
227,210.37632751464844
228,423.2642517089844
229,124.23881530761719
230,162.51837158203125
231,444.59637451171875
232,179.2342987060547
233,210.2759246826172
234,118.54590606689453
235,66.6598892211914
236,255.0540008544922
237,457.963134765625
238,415.90374755859375
239,391.0071105957031
240,153.497802734375
241,423.7802734375
242,88.36687469482422
243,94.68501281738281
244,105.7362060546875
245,408.0596923828125
246,201.47720336914062
247,135.10972595214844
248,71.05036163330078
249,383.52001953125
250,409.1150817871094
251,251.63661193847656
252,364.01300048828125
253,82.60594177246094
254,115.70027160644531
255,285.0191345214844
256,90.1859130859375
257,455.6138000488281
258,102.9958267211914
259,229.9444122314453
260,62.556541442871094
261,222.65635681152344
262,462.4483947753906
263,452.8219299316406
264,98.06086730957031
265,77.07564544677734
266,333.63983154296875
267,361.3905029296875
268,390.6026611328125
269,445.0867614746094
270,61.87690353393555
271,114.28299713134766
272,210.095947265625
273,209.10552978515625
274,431.7938537597656
275,247.36463928222656
276,60.99625778198242
277,285.6091613769531
278,247.04676818847656
279,97.96012115478516
280,106.41329193115234
281,230.4066619873047
282,354.0862731933594
283,446.17431640625
284,69.47982788085938
285,263.15130615234375
286,253.05101013183594
287,71.36941528320312
288,67.2472152709961
289,126.93267822265625
290,131.04098510742188
291,306.87237548828125
292,128.9641571044922
293,132.81460571289062
294,312.93988037109375
295,75.3351821899414
296,451.75189208984375
297,229.32440185546875
298,157.59852600097656
299,203.24098205566406
300,124.93761444091797
301,119.43941497802734
302,371.01580810546875
303,65.77398681640625
304,98.11217498779297
305,281.7503967285156
306,225.59104919433594
307,396.2818908691406
308,178.95191955566406
309,59.70292663574219
310,86.85951232910156
311,157.4444122314453
312,107.00276184082031
313,285.3393249511719
314,93.2092056274414
315,242.11126708984375
316,102.3510971069336
317,262.0225524902344
318,277.05731201171875
319,388.44317626953125
320,147.51953125
321,139.872802734375
322,85.95645141601562
323,66.10784149169922
324,136.47206115722656
325,244.8364715576172
326,327.6662292480469
327,277.3924865722656
328,74.16244506835938
329,184.10325622558594
330,73.72893524169922
331,223.11029052734375
332,129.53440856933594
333,111.7806167602539
334,195.7799835205078
335,255.87098693847656
336,424.0494384765625
337,60.913780212402344
338,355.2069396972656
339,300.2154235839844
340,288.6930236816406
341,297.3495788574219
342,419.3541564941406
343,63.18993377685547
344,132.8624267578125
345,159.4171142578125
346,76.32264709472656
347,469.5233459472656
348,60.02886199951172
349,245.105712890625
350,214.55752563476562
351,94.60848236083984
352,175.17132568359375
353,205.3061065673828
354,305.7118835449219
355,189.04666137695312
356,405.46649169921875
357,447.029052734375
358,172.20697021484375
359,114.63300323486328
360,442.4084777832031
361,354.31781005859375
362,86.49853515625
363,448.89208984375
364,95.3855972290039
365,461.82720947265625
366,205.20797729492188
367,58.69872283935547
368,251.49859619140625
369,194.0070343017578
370,106.39200592041016
371,69.84959411621094
372,426.6835021972656
373,218.35389709472656
374,48.46236801147461
375,426.38165283203125
376,57.17756652832031
377,38.8528938293457
378,155.22531127929688
379,82.84976959228516
380,69.74990844726562
381,312.5155334472656
382,463.4156494140625
383,408.41253662109375
384,288.28387451171875
385,69.90314483642578
386,378.41802978515625
387,400.8914794921875
388,242.1425018310547
389,210.32220458984375
390,339.78460693359375
391,362.0220031738281
392,408.3238830566406
393,153.36416625976562
394,474.7458190917969
395,438.5303955078125
396,366.23876953125
397,323.67803955078125
398,158.27999877929688
399,379.8258361816406
400,77.68136596679688
401,224.4717254638672
402,126.84854125976562
403,373.0571594238281
404,301.83843994140625
405,443.11383056640625
406,109.21383666992188
407,324.886962890625
408,339.1871032714844
409,102.1854476928711
410,381.2439270019531
411,322.7127380371094
412,413.8222961425781
413,101.8545913696289
414,113.12220001220703
415,125.94600677490234
416,275.4266662597656
417,277.74468994140625
418,198.8472137451172
419,161.57260131835938
420,128.36956787109375
421,196.5191192626953
422,183.703125
423,77.52788543701172
424,447.41278076171875
425,244.82948303222656
426,88.23019409179688
427,68.8929214477539
428,386.42376708984375
429,387.4058837890625
430,88.60369873046875
431,218.57066345214844
432,264.5506286621094
433,294.2450866699219
434,107.58541870117188
435,245.8081817626953
436,235.00588989257812
437,85.01799011230469
438,179.2293243408203
439,165.7127685546875
440,61.738502502441406
441,256.67236328125
442,187.61244201660156
443,347.66094970703125
444,70.37970733642578
445,95.18753051757812
446,86.1513671875
447,63.38085174560547
448,259.9233093261719
449,103.37516021728516
450,82.05238342285156
451,158.53651428222656
452,423.4245300292969
453,158.7102508544922
454,97.16788482666016
455,122.46337127685547
456,68.97077941894531
457,80.92948150634766
458,83.00958251953125
459,428.3172607421875
460,320.3426208496094
461,217.77984619140625
462,391.25848388671875
463,114.6351089477539
464,436.0897521972656
465,228.1157989501953
466,325.2837219238281
467,92.8903579711914
468,460.3131103515625
469,238.10568237304688
470,185.04893493652344
471,66.26790618896484
472,104.94253540039062
473,341.96820068359375
474,454.01287841796875
475,88.56454467773438
476,441.9237060546875
477,241.98362731933594
478,107.8249282836914
479,86.07711029052734
480,355.6099853515625
481,400.4048767089844
482,427.8009338378906
483,243.21827697753906
484,185.2954864501953
485,83.33499145507812
486,92.04165649414062
487,86.97293853759766
488,139.03221130371094
489,346.3698425292969
490,84.16336822509766
491,318.77496337890625
492,332.4690856933594
493,439.4031677246094
494,431.8988037109375
495,292.0755920410156
496,124.35279846191406
497,231.75146484375
498,126.21615600585938
499,247.59422302246094
500,438.9587707519531
501,415.6936950683594
502,245.23797607421875
503,71.00370025634766
504,170.7761993408203
505,241.51223754882812
506,244.6564483642578
507,145.74981689453125
508,124.60759735107422
509,127.54651641845703
510,359.90472412109375
511,67.6886978149414
512,117.37977600097656
513,367.9173278808594
514,168.2069854736328
515,248.03578186035156
516,389.2316589355469
517,123.0540771484375
518,180.7296142578125
519,378.1855773925781
520,248.68341064453125
521,91.66743469238281
522,304.0975036621094
523,265.7719421386719
524,67.81800079345703
525,264.6439514160156
526,281.522705078125
527,353.3266296386719
528,53.33424758911133
529,221.87025451660156
530,439.1479797363281
531,70.73145294189453
532,243.78390502929688
533,60.171363830566406
534,353.2937316894531
535,143.08763122558594
536,335.7904052734375
537,239.4436798095703
538,441.363525390625
539,163.14724731445312
540,68.03855895996094
541,450.1846008300781
542,359.0456237792969
543,93.0623779296875
544,130.4787139892578
545,447.71978759765625
546,69.47975158691406
547,244.0987548828125
548,419.33489990234375
549,189.53126525878906
550,231.2874755859375
551,121.80133819580078
552,396.5693054199219
553,74.10575103759766
554,434.5010986328125
555,426.6722717285156
556,50.759151458740234
557,112.01485443115234
558,272.94842529296875
559,215.7080841064453
560,129.8332061767578
561,166.9447479248047
562,420.0613098144531
563,59.80093765258789
564,104.78834533691406
565,85.47135162353516
566,77.00045013427734
567,108.70067596435547
568,455.0569152832031
569,412.1172790527344
570,109.21440124511719
571,136.16790771484375
572,163.79559326171875
573,350.4989318847656
574,120.55157470703125
575,211.90103149414062
576,91.16939544677734
577,116.61577606201172
578,93.45911407470703
579,398.9386291503906
580,288.490234375
581,442.9349060058594
582,113.07999420166016
583,176.25404357910156
584,413.5574035644531
585,377.7145080566406
586,131.92823791503906
587,414.33587646484375
588,160.40826416015625
589,455.86865234375
590,276.7169494628906
591,343.4145202636719
592,263.9078674316406
593,173.18028259277344
594,391.81756591796875
595,440.57537841796875
596,180.08746337890625
597,100.32820892333984
598,109.45345306396484
599,242.8276824951172
600,153.45907592773438
601,342.4339294433594
602,409.612548828125
603,286.6785888671875
604,389.9856262207031
605,107.32373046875
606,265.4731750488281
607,322.6903076171875
608,143.07325744628906
609,142.4907684326172
610,445.6005554199219
611,370.0326843261719
612,303.6219177246094
613,250.10427856445312
614,52.51084518432617
615,83.83003997802734
616,340.8078308105469
617,383.10601806640625
618,392.4627685546875
619,80.96443939208984
620,68.90666961669922
621,445.3107604980469
622,83.88346099853516
623,189.0469512939453
624,341.01953125
625,416.9707946777344
626,335.2936706542969
627,123.79977416992188
628,186.85458374023438
629,182.13221740722656
630,135.65618896484375
631,190.43112182617188
632,68.53529357910156
633,238.24354553222656
634,124.1895751953125
635,426.6200256347656
636,317.9423522949219
637,68.3620376586914
638,152.40176391601562
639,224.14735412597656
640,91.02316284179688
641,65.29041290283203
642,71.65811920166016
643,61.12456130981445
644,151.58702087402344
645,246.05760192871094
646,118.66000366210938
647,262.81890869140625
648,94.62814331054688
649,58.33546447753906
650,273.5000915527344
651,306.43487548828125
652,143.61358642578125
653,252.36329650878906
654,239.63609313964844
655,88.51323699951172
656,391.4309997558594
657,205.10350036621094
658,322.55889892578125
659,98.84605407714844
660,261.5645751953125
661,177.86288452148438
662,94.82472229003906
663,105.03240966796875
664,207.6560516357422
665,261.0817565917969
666,318.6726989746094
667,350.5799865722656
668,286.04510498046875
669,291.1332702636719
670,170.17135620117188
671,92.69528198242188
672,399.82965087890625
673,155.5522918701172
674,61.588436126708984
675,83.06230163574219
676,168.5027313232422
677,303.22637939453125
678,129.7911834716797
679,80.40326690673828
680,95.52574157714844
681,236.6573028564453
682,69.11986541748047
683,439.5946044921875
684,156.36170959472656
685,375.478759765625
686,212.56411743164062
687,237.45558166503906
688,245.21902465820312
689,410.5359191894531
690,452.3909606933594
691,115.2023696899414
692,320.60516357421875
693,165.17152404785156
694,77.08201599121094
695,220.3438720703125
696,61.57395935058594
697,197.4586944580078
698,233.63600158691406
699,307.43438720703125
700,236.54714965820312
701,449.9398498535156
702,361.5841064453125
703,142.61109924316406
704,124.7516098022461
705,192.2445068359375
706,77.83344268798828
707,118.14399719238281
708,252.64466857910156
709,79.37169647216797
710,216.85433959960938
711,86.18769073486328
712,256.3985900878906
713,109.4655990600586
714,219.1916046142578
715,395.90234375
716,194.29798889160156
717,127.41888427734375
718,358.1419677734375
719,245.56451416015625
720,93.27520751953125
721,66.89181518554688
722,383.1336364746094
723,70.85480499267578
724,238.87423706054688
725,412.5816345214844
726,444.8432922363281
727,156.4058837890625
728,401.3226318359375
729,430.69171142578125
730,271.0291748046875
731,434.63604736328125
732,61.4471549987793
733,181.86831665039062
734,94.50894927978516
735,133.0259552001953
736,59.3855094909668
737,92.02784729003906
738,466.6741638183594
739,172.56982421875
740,284.1197509765625
741,247.67626953125
742,295.63836669921875
743,319.40802001953125
744,219.5127716064453
745,116.23428344726562
746,218.71925354003906
747,89.67716979980469
748,435.68878173828125
749,146.44483947753906
750,74.50013732910156
751,91.45225524902344
752,334.4775390625
753,113.3816909790039
754,116.58126068115234
755,253.9610595703125
756,446.3160705566406
757,258.3935546875
758,75.6865005493164
759,296.7421875
760,60.92594528198242
761,286.4900817871094
762,161.143798828125
763,72.02515411376953
764,219.91676330566406
765,70.95631408691406
766,359.401611328125
767,246.59210205078125
768,117.37553405761719
769,201.1137237548828
770,222.9313507080078
771,219.43386840820312
772,330.6466064453125
773,123.5278091430664
774,243.77835083007812
775,85.90857696533203
776,431.3893127441406
777,192.35484313964844
778,54.58925247192383
779,462.0123596191406
780,443.2434997558594
781,103.17022705078125
782,251.94113159179688
783,426.8971862792969
784,195.96214294433594
785,83.64952087402344
786,148.75054931640625
787,64.1493911743164
788,285.5394287109375
789,351.9652099609375
790,123.7756576538086
791,400.67486572265625
792,314.1515808105469
793,232.89244079589844
794,400.0032958984375
795,226.42172241210938
796,91.04931640625
797,124.11421966552734
798,421.9821472167969
799,154.02853393554688
800,83.77532196044922
801,228.15643310546875
802,99.77912139892578
803,171.5350799560547
804,163.360595703125
805,445.3288879394531
806,295.2734680175781
807,70.04672241210938
808,281.0196228027344
809,428.655517578125
810,336.47711181640625
811,150.44398498535156
812,441.31341552734375
813,103.11481475830078
814,223.0108184814453
815,145.1810760498047
816,435.4873352050781
817,68.91210174560547
818,462.2994384765625
819,375.97119140625
820,403.51910400390625
821,122.6103286743164
822,358.1944580078125
823,85.89630126953125
824,440.8690490722656
825,359.1515808105469
826,168.09742736816406
827,111.84916687011719
828,286.6988220214844
829,195.63775634765625
830,64.89249420166016
831,69.88127899169922
832,56.12648010253906
833,391.50384521484375
834,258.8011169433594
835,254.30064392089844
836,140.60079956054688
837,156.931640625
838,331.6274108886719
839,78.05004119873047
840,223.94854736328125
841,83.7991943359375
842,285.3536071777344
843,67.66378784179688
844,280.423828125
845,285.8265686035156
846,82.24444580078125
847,235.4943084716797
848,85.61163330078125
849,161.6802978515625
850,78.12226867675781
851,241.48606872558594
852,86.38728332519531
853,458.5910949707031
854,169.2648162841797
855,358.7720642089844
856,415.16778564453125
857,232.06979370117188
858,228.72547912597656
859,114.07292938232422
860,224.3866424560547
861,108.77412414550781
862,86.51597595214844
863,172.0516815185547
864,90.41089630126953
865,423.9926452636719
866,68.11012268066406
867,78.90690612792969
868,349.9794006347656
869,212.26690673828125
870,315.3136291503906
871,461.3327941894531
872,149.3319854736328
873,95.54197692871094
874,68.63037109375
875,153.27183532714844
876,74.123046875
877,155.83924865722656
878,424.53570556640625
879,79.718994140625
880,127.66722106933594
881,224.4307098388672
882,101.69306182861328
883,131.71226501464844
884,125.81037139892578
885,280.9456481933594
886,85.3667984008789
887,334.3395690917969
888,235.8111114501953
889,105.06427001953125
890,274.859130859375
891,376.3294372558594
892,236.84017944335938
893,256.7430725097656
894,72.06906127929688
895,64.658447265625
896,339.81036376953125
897,145.7030792236328
898,161.03768920898438
899,169.0529327392578
900,432.009521484375
901,237.70240783691406
902,53.35242462158203
903,52.489044189453125
904,142.73289489746094
905,202.55935668945312
906,269.01849365234375
907,129.43087768554688
908,95.28929138183594
909,85.24529266357422
910,185.62464904785156
911,334.4628601074219
912,42.217262268066406
913,244.99893188476562
914,341.0932312011719
915,79.51890563964844
916,311.59808349609375
917,190.68609619140625
918,132.761474609375
919,251.12127685546875
920,79.42923736572266
921,393.22357177734375
922,143.3739471435547
923,107.7264175415039
924,269.83111572265625
925,71.01731872558594
926,425.16986083984375
927,204.2408447265625
928,58.93853759765625
929,224.66981506347656
930,255.147705078125
931,175.5786590576172
932,56.05699157714844
933,96.43465423583984
934,421.49481201171875
935,92.35568237304688
936,56.353214263916016
937,415.4048767089844
938,292.497802734375
939,385.3612976074219
940,224.24349975585938
941,306.28387451171875
942,254.8929443359375
943,344.9211730957031
944,292.78564453125
945,319.13165283203125
946,455.2141418457031
947,108.10481262207031
948,81.16866302490234
949,101.98563385009766
950,345.5328063964844
951,99.49559020996094
952,250.7716522216797
953,285.8830871582031
954,214.2769012451172
955,241.4315643310547
956,325.6117858886719
957,251.3736114501953
958,277.8669128417969
959,248.0023651123047
960,90.63508605957031
961,148.78909301757812
962,89.35562133789062
963,228.2113037109375
964,98.5655288696289
965,125.33106994628906
966,66.8296890258789
967,348.909912109375
968,168.1739501953125
969,92.3338623046875
970,322.7689514160156
971,430.6379089355469
972,89.41282653808594
973,190.86993408203125
974,416.2958068847656
975,114.4728012084961
976,115.17626953125
977,369.0972595214844
978,97.34524536132812
979,133.4999237060547
980,247.02720642089844
981,250.9176025390625
982,262.6550598144531
983,73.7626724243164
984,68.45587158203125
985,82.06918334960938
986,179.94720458984375
987,430.4282531738281
988,75.63280487060547
989,163.59205627441406
990,149.79208374023438
991,215.52517700195312
992,103.58409881591797
993,176.28163146972656
994,149.57290649414062
995,364.04400634765625
996,380.2568359375
997,171.9066619873047
998,55.95750427246094
999,280.281982421875
1000,376.4705810546875
1001,127.67865753173828
1002,228.29762268066406
1003,340.4234924316406
1004,178.6983642578125
1005,103.3667984008789
1006,153.52651977539062
1007,215.68499755859375
1008,115.41046905517578
1009,296.89111328125
1010,389.30035400390625
1011,76.18350982666016
1012,246.0732879638672
1013,153.75723266601562
1014,243.1991424560547
1015,97.68389129638672
1016,110.1125717163086
1017,108.10721588134766
1018,150.82614135742188
1019,104.38326263427734
1020,124.87324523925781
1021,288.7676696777344
1022,158.12802124023438
1023,109.80762481689453
1024,124.49488830566406
1025,65.82203674316406
1026,416.0108337402344
1027,244.88827514648438
1028,59.916961669921875
1029,191.1896209716797
1030,330.15130615234375
1031,340.4295349121094
1032,305.17413330078125
1033,179.31898498535156
1034,255.7539825439453
1035,405.7068176269531
1036,332.35064697265625
1037,186.027587890625
1038,66.44265747070312
1039,118.63780212402344
1040,289.1033020019531
1041,143.28421020507812
1042,360.1937255859375
1043,308.5877990722656
1044,177.39480590820312
1045,66.21586608886719
1046,69.78917694091797
1047,95.02727508544922
1048,324.8575744628906
1049,62.99081039428711
1050,121.47809600830078
1051,330.87518310546875
1052,311.4351501464844
1053,277.6755065917969
1054,231.3261260986328
1055,394.6156005859375
1056,135.58241271972656
1057,142.25885009765625
1058,127.09555053710938
1059,150.2938690185547
1060,96.3402328491211
1061,107.17078399658203
1062,204.68077087402344
1063,77.94824981689453
1064,330.2815246582031
1065,66.94396209716797
1066,172.7801513671875
1067,217.50115966796875
1068,128.37265014648438
1069,290.59356689453125
1070,453.123779296875
1071,429.5762939453125
1072,178.92738342285156
1073,246.4798126220703
1074,360.8059997558594
1075,379.108642578125
1076,96.52196502685547
1077,220.3343505859375
1078,108.55448913574219
1079,276.61407470703125
1080,371.8695068359375
1081,221.33251953125
1082,235.5377197265625
1083,426.3606262207031
1084,118.67382049560547
1085,239.92930603027344
1086,231.45692443847656
1087,429.3285827636719
1088,82.03484344482422
1089,411.4783020019531
1090,397.5522155761719
1091,235.58184814453125
1092,61.24050521850586
1093,200.2014923095703
1094,165.02642822265625
1095,143.548828125
1096,118.82305145263672
1097,116.45109558105469
1098,67.81597137451172
1099,63.173606872558594
1100,400.9414978027344
1101,373.93634033203125
1102,170.07171630859375
1103,236.0409698486328
1104,376.7498474121094
1105,70.12841796875
1106,317.42987060546875
1107,198.60183715820312
1108,310.6261291503906
1109,61.780364990234375
1110,79.99305725097656
1111,71.76036834716797
1112,419.5317687988281
1113,65.8471908569336
1114,443.4344787597656
1115,222.8905792236328
1116,80.94083404541016
1117,224.23944091796875
1118,161.4873504638672
1119,191.79812622070312
1120,353.168212890625
1121,65.8707275390625
1122,256.1388244628906
1123,152.16456604003906
1124,329.2633056640625
1125,115.85306549072266
1126,163.70396423339844
1127,154.51702880859375
1128,432.64239501953125
1129,423.7369384765625
1130,274.7535095214844
1131,326.96759033203125
1132,139.5041046142578
1133,102.0752182006836
1134,206.3477325439453
1135,391.658447265625
1136,116.27368927001953
1137,116.44031524658203
1138,234.13661193847656
1139,275.9204406738281
1140,90.48542785644531
1141,157.465087890625
1142,173.09677124023438
1143,61.6401481628418
1144,168.85250854492188
1145,208.21290588378906
1146,424.400634765625
1147,204.18582153320312
1148,347.4853515625
1149,367.1993103027344
1150,69.21015167236328
1151,384.9414367675781
1152,106.67117309570312
1153,145.37290954589844
1154,63.1634521484375
1155,47.871498107910156
1156,256.9394226074219
1157,72.49535369873047
1158,80.24259185791016
1159,426.97021484375
1160,237.1508026123047
1161,340.782958984375
1162,365.2347106933594
1163,73.39341735839844
1164,91.10681915283203
1165,218.20338439941406
1166,171.1343536376953
1167,378.103515625
1168,85.17814636230469
1169,302.2982177734375
1170,147.592041015625
1171,100.89037322998047
1172,319.09521484375
1173,169.1307830810547
1174,200.8868865966797
1175,64.76336669921875
1176,141.9825439453125
1177,74.22119903564453
1178,400.5141906738281
1179,411.822998046875
1180,253.3065948486328
1181,72.50631713867188
1182,376.6283264160156
1183,139.10745239257812
1184,401.9400329589844
1185,380.21453857421875
1186,114.99363708496094
1187,354.3168640136719
1188,99.71623229980469
1189,417.8765563964844
1190,274.9496765136719
1191,123.59687042236328
1192,310.4701843261719
1193,112.7940444946289
1194,432.62548828125
1195,109.61148071289062
1196,158.38136291503906
1197,251.46434020996094
1198,394.4587097167969
1199,128.19960021972656
1200,425.3951721191406
1201,82.01264953613281
1202,405.6707458496094
1203,89.94966125488281
1204,67.66355895996094
1205,233.8610076904297
1206,298.2485656738281
1207,129.66297912597656
1208,230.8374481201172
1209,389.1797790527344
1210,171.60226440429688
1211,152.94276428222656
1212,96.96463012695312
1213,61.681880950927734
1214,186.84231567382812
1215,103.78141784667969
1216,339.4059143066406
1217,93.37074279785156
1218,136.13482666015625
1219,403.7803039550781
1220,231.3036651611328
1221,166.52346801757812
1222,425.7209777832031
1223,187.34739685058594
1224,129.5959014892578
1225,125.55574035644531
1226,304.0937805175781
1227,325.8450012207031
1228,195.02943420410156
1229,61.46221160888672
1230,64.76781463623047
1231,303.9195251464844
1232,295.1942443847656
1233,68.67719268798828
1234,377.3033447265625
1235,106.1478271484375
1236,94.08149719238281
1237,207.32762145996094
1238,374.25677490234375
1239,91.37372589111328
1240,198.7516326904297
1241,357.65789794921875
1242,288.73992919921875
1243,111.1844482421875
1244,64.84549713134766
1245,89.56985473632812
1246,223.3129119873047
1247,206.60398864746094
1248,181.10479736328125
1249,322.1759948730469
1250,344.467041015625
1251,240.80064392089844
1252,79.95879364013672
1253,425.1742248535156
1254,363.89453125
1255,106.59317779541016
1256,68.84046173095703
1257,157.5059814453125
1258,120.90934753417969
1259,81.07878112792969
1260,214.6990966796875
1261,234.35699462890625
1262,293.8386535644531
1263,104.94280242919922
1264,191.98048400878906
1265,400.1440124511719
1266,409.5551452636719
1267,449.31915283203125
1268,73.6065673828125
1269,423.98681640625
1270,76.02853393554688
1271,79.93146514892578
1272,281.1090087890625
1273,93.12843322753906
1274,116.569580078125
1275,170.74427795410156
1276,106.79801177978516
1277,270.451416015625
1278,357.7710876464844
1279,227.7903289794922
1280,292.8323669433594
1281,235.82366943359375
1282,86.36408996582031
1283,383.6142578125
1284,395.9095764160156
1285,106.5377426147461
1286,78.55288696289062
1287,70.11920928955078
1288,463.3319396972656
1289,277.56488037109375
1290,236.9303741455078
1291,381.1262512207031
1292,243.82472229003906
1293,153.2892608642578
1294,227.7696075439453
1295,345.2974853515625
1296,245.59300231933594
1297,155.42327880859375
1298,277.3128356933594
1299,351.2504577636719
1300,438.9697570800781
1301,96.23451232910156
1302,285.5197448730469
1303,286.9924621582031
1304,193.50340270996094
1305,99.6903305053711
1306,139.54660034179688
1307,90.27836608886719
1308,51.5650749206543
1309,118.68595886230469
1310,88.20670318603516
1311,439.9463195800781
1312,245.409423828125
1313,250.55384826660156
1314,102.8963851928711
1315,131.72042846679688
1316,231.31646728515625
1317,252.81605529785156
1318,84.4616470336914
1319,142.1810302734375
1320,61.5601692199707
1321,167.95538330078125
1322,142.87319946289062
1323,315.62835693359375
1324,178.6023406982422
1325,74.03390502929688
1326,398.6318664550781
1327,83.19951629638672
1328,84.22251892089844
1329,436.51434326171875
1330,129.68504333496094
1331,87.26123809814453
1332,267.88079833984375
1333,69.36272430419922
1334,92.06111907958984
1335,74.42269897460938
1336,71.94422149658203
1337,68.82421875
1338,113.36503601074219
1339,169.33981323242188
1340,246.05319213867188
1341,240.06686401367188
1342,216.1676788330078
1343,427.06658935546875
1344,372.2106628417969
1345,64.13201904296875
1346,319.3605651855469
1347,245.20111083984375
1348,124.09735870361328
1349,171.1051483154297
1350,76.05274963378906
1351,74.23629760742188
1352,386.3738708496094
1353,443.2585144042969
1354,192.01797485351562
1355,148.0514678955078
1356,427.6430358886719
1357,297.9358215332031
1358,196.0409698486328
1359,234.78717041015625
1360,302.0937194824219
1361,63.20222091674805
1362,204.84814453125
1363,63.35713195800781
1364,227.42274475097656
1365,142.29013061523438
1366,99.01680755615234
1367,104.51460266113281
1368,109.56793212890625
1369,388.8387756347656
1370,163.17095947265625
1371,67.31536102294922
1372,384.225830078125
1373,252.8570098876953
1374,257.41357421875
1375,386.15386962890625
1376,410.695556640625
1377,128.25941467285156
1378,99.47662353515625
1379,292.4216613769531
1380,119.98064422607422
1381,239.487060546875
1382,98.20926666259766
1383,67.25770568847656
1384,435.1324157714844
1385,381.22711181640625
1386,263.66986083984375
1387,206.10263061523438
1388,243.2541046142578
1389,183.67465209960938
1390,75.90938568115234
1391,106.6911849975586
1392,218.08737182617188
1393,303.81390380859375
1394,443.3955993652344
1395,119.20635986328125
1396,128.40481567382812
1397,428.8941955566406
1398,66.70819091796875
1399,135.33934020996094
1400,73.87068939208984
1401,344.0728454589844
1402,140.80416870117188
1403,262.71490478515625
1404,240.29129028320312
1405,241.94671630859375
1406,108.20951080322266
1407,330.8194274902344
1408,75.9478759765625
1409,102.2597885131836
1410,84.17115020751953
1411,362.6479187011719
1412,247.47142028808594
1413,60.15742874145508
1414,334.9139709472656
1415,67.36458587646484
1416,294.7455139160156
1417,264.1497497558594
1418,157.4842987060547
1419,67.6142578125
1420,195.5408477783203
1421,402.5220642089844
1422,319.9966735839844
1423,78.98876953125
1424,109.73666381835938
1425,404.6548156738281
1426,100.61700439453125
1427,262.456787109375
1428,105.68353271484375
1429,161.43084716796875
1430,246.86314392089844
1431,235.7761688232422
1432,151.9696807861328
1433,320.1119384765625
1434,89.50961303710938
1435,211.1755828857422
1436,404.3206787109375
1437,135.5382843017578
1438,95.2028579711914
1439,444.8312072753906
1440,254.91212463378906
1441,190.82057189941406
1442,84.18201446533203
1443,372.63861083984375
1444,306.5786437988281
1445,115.18768310546875
1446,235.8491973876953
1447,76.58145904541016
1448,397.6376037597656
1449,221.738037109375
1450,329.9042663574219
1451,399.1965026855469
1452,262.35260009765625
1453,174.15357971191406
1454,432.6683654785156
1455,61.975589752197266
1456,244.53822326660156
1457,409.2712707519531
1458,315.87310791015625
1459,241.93800354003906
1460,113.03340911865234
1461,107.506103515625
1462,64.56654357910156
1463,299.5596923828125
1464,228.347900390625
1465,240.2847900390625
1466,101.21649932861328
1467,437.7842102050781
1468,333.4459533691406
1469,214.0482635498047
1470,81.83740997314453
1471,235.55889892578125
1472,152.5356903076172
1473,239.0032501220703
1474,346.73150634765625
1475,395.55487060546875
1476,339.8504333496094
1477,184.16278076171875
1478,176.22850036621094
1479,90.99102020263672
1480,341.95867919921875
1481,304.8764343261719
1482,418.4119567871094
1483,283.0511169433594
1484,416.7044677734375
1485,88.74526977539062
1486,144.33180236816406
1487,171.1245880126953
1488,100.890869140625
1489,452.6499328613281
1490,232.185546875
1491,245.2450714111328
1492,237.44061279296875
1493,279.6408996582031
1494,301.16357421875
1495,85.69559478759766
1496,93.58548736572266
1497,199.4495086669922
1498,111.05946350097656
1499,93.81922149658203
1500,309.78753662109375
1501,344.62701416015625
1502,83.3072509765625
1503,76.50273132324219
1504,98.57238006591797
1505,366.37591552734375
1506,433.2494201660156
1507,110.84684753417969
1508,152.32083129882812
1509,190.69009399414062
1510,196.19265747070312
1511,348.7415771484375
1512,372.2168884277344
1513,149.0147247314453
1514,132.15008544921875
1515,105.09261322021484
1516,191.2369384765625
1517,99.63215637207031
1518,81.84756469726562
1519,182.34107971191406
1520,167.37283325195312
1521,249.90187072753906
1522,127.33599853515625
1523,147.6480712890625
1524,243.7822723388672
1525,417.06365966796875
1526,67.74703216552734
1527,251.75225830078125
1528,125.02302551269531
1529,90.62469482421875
1530,71.37777709960938
1531,328.46746826171875
1532,416.54345703125
1533,445.5223388671875
1534,119.27145385742188
1535,141.03713989257812
1536,168.08738708496094
1537,250.80369567871094
1538,452.48016357421875
1539,88.23566436767578
1540,107.67835235595703
1541,423.0876159667969
1542,246.83438110351562
1543,242.711181640625
1544,249.08938598632812
1545,273.0615234375
1546,129.31686401367188
1547,77.37466430664062
1548,297.2662658691406
1549,250.78353881835938
1550,382.9069519042969
1551,186.78506469726562
1552,259.8569030761719
1553,400.50653076171875
1554,311.2113342285156
1555,63.14531707763672
1556,177.15200805664062
1557,426.769775390625
1558,218.63043212890625
1559,211.3955841064453
1560,93.15318298339844
1561,416.5840759277344
1562,67.406005859375
1563,269.9192810058594
1564,128.99827575683594
1565,405.93121337890625
1566,66.5619125366211
1567,113.97411346435547
1568,219.87245178222656
1569,153.8573455810547
1570,145.0851287841797
1571,79.68977355957031
1572,240.52536010742188
1573,366.7409973144531
1574,347.3866882324219
1575,169.88885498046875
1576,241.96762084960938
1577,218.19076538085938
1578,57.264923095703125
1579,63.3333740234375
1580,194.96652221679688
1581,137.66046142578125
1582,269.5425720214844
1583,65.9539794921875
1584,195.38511657714844
1585,298.53375244140625
1586,70.35404205322266
1587,91.34539794921875
1588,454.1532897949219
1589,129.44552612304688
1590,464.7432861328125
1591,105.80225372314453
1592,82.05227661132812
1593,341.2704162597656
1594,392.992919921875
1595,88.67288970947266
1596,169.33494567871094
1597,235.7100372314453
1598,308.9152526855469
1599,75.9434585571289
1600,198.5261993408203
1601,96.52837371826172
1602,108.99351501464844
1603,349.4010009765625
1604,148.40057373046875
1605,423.9734802246094
1606,71.19132995605469
1607,219.5078582763672
1608,216.14305114746094
1609,203.63363647460938
1610,215.44776916503906
1611,73.66649627685547
1612,243.6155242919922
1613,201.739990234375
1614,70.02265930175781
1615,189.69371032714844
1616,79.55059814453125
1617,422.65057373046875
1618,422.8728332519531
1619,102.60993194580078
1620,162.4104461669922
1621,70.07255554199219
1622,242.89794921875
1623,264.2385559082031
1624,146.98751831054688
1625,107.06307983398438
1626,282.6229248046875
1627,74.6767578125
1628,201.7823028564453
1629,124.94903564453125
1630,244.49899291992188
1631,138.02598571777344
1632,238.48709106445312
1633,338.9941711425781
1634,311.71148681640625
1635,279.05474853515625
1636,73.9106216430664
1637,107.28289794921875
1638,448.1482849121094
1639,60.893775939941406
1640,222.356689453125
1641,104.46566772460938
1642,291.5284729003906
1643,437.3686218261719
1644,204.04840087890625
1645,424.0641784667969
1646,424.31134033203125
1647,299.7169494628906
1648,441.76129150390625
1649,411.5539855957031
1650,201.2869873046875
1651,297.20050048828125
1652,76.71051788330078
1653,160.0233917236328
1654,67.74866485595703
1655,167.1095428466797
1656,350.7416076660156
1657,374.6949462890625
1658,161.69920349121094
1659,85.4201889038086
1660,249.97708129882812
1661,369.39508056640625
1662,237.0470733642578
1663,208.52874755859375
1664,209.7043914794922
1665,402.7292785644531
1666,112.71709442138672
1667,182.699462890625
1668,455.90679931640625
1669,193.5628204345703
1670,198.57752990722656
1671,336.67999267578125
1672,415.27862548828125
1673,146.65016174316406
1674,284.5095520019531
1675,78.65105438232422
1676,149.4093475341797
1677,139.34848022460938
1678,54.50111389160156
1679,274.01043701171875
1680,171.5219268798828
1681,366.8606872558594
1682,135.44203186035156
1683,213.8063507080078
1684,442.31134033203125
1685,433.49774169921875
1686,57.25569534301758
1687,255.2377166748047
1688,361.6783447265625
1689,328.8111572265625
1690,163.51251220703125
1691,379.2461853027344
1692,138.93235778808594
1693,462.0140686035156
1694,300.14678955078125
1695,445.4158020019531
1696,122.36648559570312
1697,443.4132385253906
1698,164.13198852539062
1699,79.35606384277344
1700,354.2476806640625
1701,199.85267639160156
1702,196.36990356445312
1703,425.69158935546875
1704,124.52991485595703
1705,173.45387268066406
1706,84.32617950439453
1707,65.0943374633789
1708,64.40331268310547
1709,80.75647735595703
1710,84.80097961425781
1711,323.8834228515625
1712,341.0344543457031
1713,56.266571044921875
1714,342.8944091796875
1715,379.7671203613281
1716,115.88145446777344
1717,134.07965087890625
1718,92.43788146972656
1719,241.9138946533203
1720,390.8836364746094
1721,452.2283020019531
1722,410.1744079589844
1723,104.13851928710938
1724,105.88065338134766
1725,88.84940338134766
1726,98.82335662841797
1727,341.5895080566406
1728,83.98509216308594
1729,101.36829376220703
1730,203.64476013183594
1731,415.2015075683594
1732,89.18850708007812
1733,215.63462829589844
1734,147.43447875976562
1735,182.76425170898438
1736,222.0548858642578
1737,311.34515380859375
1738,102.38263702392578
1739,100.51665496826172
1740,240.01416015625
1741,184.13681030273438
1742,345.325439453125
1743,305.5322265625
1744,107.56399536132812
1745,252.16781616210938
1746,225.22702026367188
1747,246.45970153808594
1748,233.90684509277344
1749,142.7389678955078
1750,455.6274108886719
1751,92.94143676757812
1752,107.07240295410156
1753,166.66490173339844
1754,169.69107055664062
1755,245.25332641601562
1756,361.37249755859375
1757,311.4599609375
1758,134.161865234375
1759,112.90681457519531
1760,399.2867736816406
1761,338.9500732421875
1762,74.15904235839844
1763,113.7262191772461
1764,427.8401184082031
1765,293.8858947753906
1766,78.14132690429688
1767,341.9736328125
1768,457.96051025390625
1769,127.04529571533203
1770,379.8776550292969
1771,392.8717956542969
1772,120.36027526855469
1773,83.93035888671875
1774,68.1218490600586
1775,443.840087890625
1776,123.04383850097656
1777,92.88862609863281
1778,67.86283874511719
1779,436.6229553222656
1780,61.349422454833984
1781,428.4559326171875
1782,181.88018798828125
1783,98.87960052490234
1784,266.4078063964844
1785,214.28750610351562
1786,177.00234985351562
1787,80.89141082763672
1788,226.55130004882812
1789,336.6507568359375
1790,223.3279571533203
1791,65.46277618408203
1792,399.01043701171875
1793,55.408721923828125
1794,97.73389434814453
1795,209.8309783935547
1796,137.31907653808594
1797,337.9237365722656
1798,286.42095947265625
1799,126.38257598876953
1800,233.2594451904297
1801,358.3622741699219
1802,121.67839050292969
1803,78.5517578125
1804,85.64891052246094
1805,107.90747833251953
1806,111.22978210449219
1807,79.93611145019531
1808,72.35399627685547
1809,226.9170684814453
1810,451.0144958496094
1811,299.0445861816406
1812,74.99694061279297
1813,372.343505859375
1814,69.998291015625
1815,88.64144134521484
1816,459.0634765625
1817,272.2275085449219
1818,72.15630340576172
1819,457.47265625
1820,257.0350646972656
1821,433.4111633300781
1822,468.93646240234375
1823,273.252685546875
1824,441.832763671875
1825,340.0304260253906
1826,86.70341491699219
1827,103.85626220703125
1828,319.3881530761719
1829,83.93109893798828
1830,282.0633544921875
1831,446.0019226074219
1832,374.13824462890625
1833,367.029052734375
1834,328.4624938964844
1835,127.33433532714844
1836,141.1151123046875
1837,227.38890075683594
1838,110.33108520507812
1839,109.96227264404297
1840,435.5718994140625
1841,431.9483947753906
1842,324.33587646484375
1843,438.1235656738281
1844,413.6703796386719
1845,320.5800476074219
1846,312.9563903808594
1847,303.4440612792969
1848,309.0575866699219
1849,213.15628051757812
1850,222.07725524902344
1851,228.4935302734375
1852,253.28468322753906
1853,189.3224639892578
1854,336.9996337890625
1855,78.33865356445312
1856,324.5606689453125
1857,417.2760009765625
1858,118.69173431396484
1859,445.134765625
1860,403.560302734375
1861,228.5733642578125
1862,235.22930908203125
1863,86.83114624023438
1864,101.5735092163086
1865,271.238037109375
1866,402.440185546875
1867,292.5896301269531
1868,66.0251235961914
1869,160.18008422851562
1870,92.58834838867188
1871,249.83644104003906
1872,106.6941146850586
1873,249.57464599609375
1874,385.9200439453125
1875,316.7989807128906
1876,429.3485412597656
1877,202.2486572265625
1878,76.6591567993164
1879,238.5634307861328
1880,317.7760314941406
1881,54.5715446472168
1882,123.20185852050781
1883,353.854248046875
1884,80.65977478027344
1885,162.5197296142578
1886,418.2646179199219
1887,160.1260528564453
1888,262.4220275878906
1889,94.43274688720703
1890,227.55723571777344
1891,339.07470703125
1892,151.1206512451172
1893,224.4220733642578
1894,82.91499328613281
1895,68.7643814086914
1896,272.4787292480469
1897,95.1972427368164
1898,124.64757537841797
1899,343.4739685058594
1900,261.956298828125
1901,390.6683349609375
1902,217.345947265625
1903,94.65608215332031
1904,90.7951431274414
1905,122.4496841430664
1906,220.70138549804688
1907,100.85599517822266
1908,238.1141815185547
1909,230.26747131347656
1910,448.9545593261719
1911,122.29914093017578
1912,411.2906494140625
1913,96.78443145751953
1914,365.18414306640625
1915,96.51386260986328
1916,106.56552124023438
1917,83.5060806274414
1918,175.4471435546875
1919,123.36528778076172
1920,131.96641540527344
1921,411.0141906738281
1922,242.1283416748047
1923,329.90606689453125
1924,314.6904296875
1925,70.48375701904297
1926,346.6438903808594
1927,282.09552001953125
1928,153.86329650878906
1929,66.48397827148438
1930,128.6879119873047
1931,423.0221252441406
1932,263.2146301269531
1933,63.78605651855469
1934,134.49496459960938
1935,155.47787475585938
1936,113.12757873535156
1937,193.49008178710938
1938,351.4674987792969
1939,382.0196228027344
1940,157.4989013671875
1941,223.97024536132812
1942,310.0030822753906
1943,279.7776794433594
1944,392.2233581542969
1945,376.7886657714844
1946,56.97340774536133
1947,50.15483093261719
1948,56.6626091003418
1949,439.0328369140625
1950,55.876304626464844
1951,401.1687927246094
1952,101.82787322998047
1953,435.19866943359375
1954,432.1226501464844
1955,101.21363830566406
1956,327.8705749511719
1957,416.2360534667969
1958,152.47103881835938
1959,202.7044219970703
1960,90.70992279052734
1961,194.52731323242188
1962,312.3125305175781
1963,260.7994079589844
1964,77.87220001220703
1965,429.3932189941406
1966,209.05844116210938
1967,113.66705322265625
1968,298.6730041503906
1969,248.09642028808594
1970,89.77716827392578
1971,389.9476013183594
1972,287.5613708496094
1973,206.3588104248047
1974,353.3688049316406
1975,225.28590393066406
1976,331.1231994628906
1977,154.18833923339844
1978,75.87567901611328
1979,233.85374450683594
1980,262.5038146972656
1981,405.398681640625
1982,403.2229919433594
1983,184.18765258789062
1984,154.99191284179688
1985,66.65234375
1986,78.5538558959961
1987,448.5021057128906
1988,392.9537658691406
1989,424.9557189941406
1990,366.5748596191406
1991,82.86431884765625
1992,98.44969940185547
1993,132.03346252441406
1994,109.34117126464844
1995,357.6966247558594
1996,273.80322265625
1997,123.07110595703125
1998,119.33548736572266
1999,81.16152954101562
2000,98.46488952636719
2001,192.37417602539062
2002,102.3774185180664
2003,69.48656463623047
2004,327.6321105957031
2005,277.4400329589844
2006,282.169921875
2007,151.11965942382812
2008,95.54251098632812
2009,312.8540344238281
2010,427.5838317871094
2011,70.32588195800781
2012,423.16278076171875
2013,215.6024169921875
2014,255.53131103515625
2015,80.17859649658203
2016,190.87229919433594
2017,69.93482208251953
2018,205.56663513183594
2019,157.5604705810547
2020,103.26388549804688
2021,336.1493835449219
2022,242.19850158691406
2023,103.56463623046875
2024,202.5892791748047
2025,79.40849304199219
2026,174.47564697265625
2027,94.19453430175781
2028,96.91529846191406
2029,383.38226318359375
2030,259.1729736328125
2031,148.08929443359375
2032,146.5878143310547
2033,371.5572509765625
2034,87.97139739990234
2035,276.87225341796875
2036,239.25909423828125
2037,229.30738830566406
2038,58.819156646728516
2039,79.22000122070312
2040,62.888301849365234
2041,248.8727264404297
2042,91.3479232788086
2043,138.2064208984375
2044,313.9361572265625
2045,211.9690399169922
2046,246.6254119873047
2047,124.26705169677734
2048,197.34571838378906
2049,100.11528778076172
2050,77.20684051513672
2051,77.44670867919922
2052,256.89215087890625
2053,83.7965087890625
2054,99.09077453613281
2055,107.28980255126953
2056,81.00122833251953
2057,251.84603881835938
2058,166.347900390625
2059,436.4127502441406
2060,123.08366394042969
2061,138.42245483398438
2062,390.8533020019531
2063,147.603515625
2064,104.84225463867188
2065,75.64163208007812
2066,439.119873046875
2067,410.72723388671875
2068,448.3389892578125
2069,145.9159698486328
2070,270.8335876464844
2071,75.31439208984375
2072,76.9769058227539
2073,271.9474792480469
2074,128.6639862060547
2075,62.695640563964844
2076,342.5382080078125
2077,404.9488830566406
2078,81.64417266845703
2079,70.56136322021484
2080,122.29972839355469
2081,113.67012786865234
2082,467.7814636230469
2083,60.341705322265625
2084,66.44083404541016
2085,74.67234802246094
2086,168.5100555419922
2087,201.98416137695312
2088,224.75697326660156
2089,81.45187377929688
2090,270.1069641113281
2091,371.6326904296875
2092,245.66102600097656
2093,60.14896011352539
2094,451.57220458984375
2095,169.78408813476562
2096,255.571533203125
2097,400.9984130859375
2098,376.4999694824219
2099,229.5110321044922
2100,292.691650390625
2101,195.45172119140625
2102,365.73358154296875
2103,338.7305908203125
2104,91.54261016845703
2105,196.84146118164062
2106,118.82585906982422
2107,336.3675231933594
2108,122.71441650390625
2109,466.0986328125
2110,128.21885681152344
2111,114.45008850097656
2112,410.9538269042969
2113,102.27483367919922
2114,88.63011169433594
2115,137.56155395507812
2116,362.3393249511719
2117,108.7087631225586
2118,416.5763244628906
2119,428.28314208984375
2120,145.2909393310547
2121,142.99441528320312
2122,94.81733703613281
2123,282.2173156738281
2124,109.10406494140625
2125,119.4715576171875
2126,214.39955139160156
2127,183.92156982421875
2128,214.74740600585938
2129,126.5568618774414
2130,259.8779602050781
2131,214.6537322998047
2132,447.2720031738281
2133,353.92034912109375
2134,108.45857238769531
2135,175.11314392089844
2136,393.75921630859375
2137,77.60314178466797
2138,225.47410583496094
2139,117.52998352050781
2140,233.78334045410156
2141,427.7574462890625
2142,63.7379264831543
2143,262.2731018066406
2144,87.37158966064453
2145,326.544921875
2146,80.46817016601562
2147,429.2269592285156
2148,364.8864440917969
2149,226.91009521484375
2150,326.9373779296875
2151,241.1246795654297
2152,57.80955505371094
2153,177.9094696044922
2154,326.23175048828125
2155,388.2015380859375
2156,117.5748519897461
2157,270.9456481933594
2158,91.7786636352539
2159,328.0048828125
2160,260.5909423828125
2161,90.90801239013672
2162,81.89039611816406
2163,226.5632781982422
2164,219.66676330566406
2165,75.01829528808594
2166,430.79058837890625
2167,168.88270568847656
2168,137.44992065429688
2169,241.73818969726562
2170,174.50592041015625
2171,229.04931640625
2172,273.41766357421875
2173,127.9482650756836
2174,261.6907958984375
2175,186.24671936035156
2176,242.0672607421875
2177,411.05340576171875
2178,102.04786682128906
2179,340.34442138671875
2180,85.2409896850586
2181,181.5296630859375
2182,134.0568389892578
2183,129.78773498535156
2184,332.4624328613281
2185,292.69610595703125
2186,198.02085876464844
2187,97.99097442626953
2188,391.77484130859375
2189,119.74993133544922
2190,395.4463806152344
2191,162.7653350830078
2192,453.2209777832031
2193,145.99147033691406
2194,161.03338623046875
2195,157.87222290039062
2196,256.45050048828125
2197,365.72509765625
2198,70.53960418701172
2199,179.34947204589844
2200,70.96873474121094
2201,87.58356475830078
2202,184.91476440429688
2203,65.2316665649414
2204,97.98128509521484
2205,176.292724609375
2206,273.76885986328125
2207,195.42210388183594
2208,407.2728271484375
2209,108.70155334472656
2210,171.96743774414062
2211,425.4269714355469
2212,202.55775451660156
2213,352.002685546875
2214,63.78782653808594
2215,448.3716125488281
2216,379.86383056640625
2217,394.66351318359375
2218,213.13076782226562
2219,216.95591735839844
2220,178.38636779785156
2221,262.43572998046875
2222,276.7727966308594
2223,255.86175537109375
2224,374.382568359375
2225,423.8710632324219
2226,171.79812622070312
2227,232.8550262451172
2228,266.79840087890625
2229,58.54355239868164
2230,364.6345520019531
2231,67.3550796508789
2232,431.0356140136719
2233,168.83236694335938
2234,243.09371948242188
2235,317.2984924316406
2236,140.45970153808594
2237,141.1927490234375
2238,85.50521087646484
2239,76.3880844116211
2240,278.92913818359375
2241,243.79945373535156
2242,124.65513610839844
2243,107.43397521972656
2244,169.46786499023438
2245,245.7604522705078
2246,277.5391540527344
2247,132.63121032714844
2248,109.72034454345703
2249,72.06462860107422
2250,98.0863265991211
2251,199.67074584960938
2252,290.89794921875
2253,188.9241180419922
2254,115.2705307006836
2255,306.75054931640625
2256,163.7278594970703
2257,84.49951171875
2258,71.089599609375
2259,235.43577575683594
2260,166.45423889160156
2261,147.3404541015625
2262,71.35958862304688
2263,71.6583480834961
2264,434.6236267089844
2265,373.1822814941406
2266,104.88202667236328
2267,215.0308837890625
2268,103.51365661621094
2269,81.78244018554688
2270,157.34132385253906
2271,69.51654815673828
2272,242.43028259277344
2273,177.30764770507812
2274,99.48729705810547
2275,140.5908966064453
2276,124.39340209960938
2277,431.2694091796875
2278,396.5785217285156
2279,74.46098327636719
2280,98.99866485595703
2281,103.13848876953125
2282,348.3432922363281
2283,95.36702728271484
2284,244.77606201171875
2285,228.89010620117188
2286,262.1235656738281
2287,83.03416442871094
2288,160.4119415283203
2289,211.7814483642578
2290,76.60870361328125
2291,59.34410858154297
2292,380.87322998046875
2293,372.0416259765625
2294,97.8243408203125
2295,398.46136474609375
2296,179.41351318359375
2297,88.17803955078125
2298,359.9045715332031
2299,67.93762969970703
2300,118.66671752929688
2301,168.15664672851562
2302,127.998291015625
2303,172.85877990722656
2304,180.71575927734375
2305,192.18069458007812
2306,321.1876220703125
2307,274.2921142578125
2308,429.47857666015625
2309,184.5394287109375
2310,237.01107788085938
2311,155.32241821289062
2312,159.17588806152344
2313,94.83100128173828
2314,111.9041519165039
2315,165.27157592773438
2316,64.88373565673828
2317,67.42607879638672
2318,64.9800796508789
2319,115.38606262207031
2320,441.30780029296875
2321,222.13812255859375
2322,120.61511993408203
2323,273.461181640625
2324,402.0222473144531
2325,288.1714172363281
2326,205.46011352539062
2327,342.199462890625
2328,261.46026611328125
2329,248.28146362304688
2330,254.91860961914062
2331,174.5482940673828
2332,140.43792724609375
2333,426.2012634277344
2334,364.80389404296875
2335,376.6963195800781
2336,110.59388732910156
2337,85.17155456542969
2338,474.005859375
2339,308.4369812011719
2340,293.86474609375
2341,123.57933044433594
2342,240.0587158203125
2343,106.53327941894531
2344,152.94834899902344
2345,106.34780883789062
2346,172.43695068359375
2347,436.4764404296875
2348,89.01710510253906
2349,457.67193603515625
2350,229.32289123535156
2351,120.13623809814453
2352,253.73497009277344
2353,253.22816467285156
2354,125.37345123291016
2355,224.49180603027344
2356,388.39501953125
2357,340.44635009765625
2358,56.77354431152344
2359,393.5487365722656
2360,58.453121185302734
2361,439.1214599609375
2362,229.4335174560547
2363,261.3057556152344
2364,334.5657043457031
2365,365.88958740234375
2366,195.79486083984375
2367,120.14261627197266
2368,62.73199462890625
2369,426.69171142578125
2370,91.16612243652344
2371,394.26226806640625
2372,91.417724609375
2373,103.01144409179688
2374,437.796142578125
2375,210.74053955078125
2376,108.83975982666016
2377,123.9137191772461
2378,124.45342254638672
2379,76.92066192626953
2380,158.86659240722656
2381,94.55603790283203
2382,68.19774627685547
2383,455.0302734375
2384,408.9471130371094
2385,83.19109344482422
2386,136.8863525390625
2387,350.8374328613281
2388,69.30357360839844
2389,436.0247802734375
2390,438.1460876464844
2391,97.31319427490234
2392,352.7329406738281
2393,75.823974609375
2394,71.97992706298828
2395,140.93475341796875
2396,318.5806579589844
2397,183.6757354736328
2398,92.5813217163086
2399,136.52256774902344
2400,59.30671691894531
2401,75.76744842529297
2402,78.28646850585938
2403,371.7781982421875
2404,66.36065673828125
2405,204.06671142578125
2406,116.8720932006836
2407,188.6271209716797
2408,97.33718872070312
2409,281.21209716796875
2410,221.05674743652344
2411,177.08151245117188
2412,435.71099853515625
2413,119.89752960205078
2414,399.33966064453125
2415,415.9830627441406
2416,392.74652099609375
2417,400.6085205078125
2418,158.7509002685547
2419,408.2567138671875
2420,184.96788024902344
2421,62.60871505737305
2422,106.36891174316406
2423,199.24789428710938
2424,73.58264923095703
2425,240.64967346191406
2426,155.04379272460938
2427,115.7770004272461
2428,293.73016357421875
2429,437.5499267578125
2430,298.8692626953125
2431,124.69070434570312
2432,288.9449768066406
2433,311.37158203125
2434,246.77197265625
2435,196.39845275878906
2436,316.14764404296875
2437,253.59864807128906
2438,421.4631042480469
2439,327.1393127441406
2440,70.98175811767578
2441,115.47113800048828
2442,194.50169372558594
2443,274.5375061035156
2444,69.49639892578125
2445,131.49351501464844
2446,97.16476440429688
2447,233.22511291503906
2448,240.4768829345703
2449,443.8784484863281
2450,349.39739990234375
2451,96.58732604980469
2452,64.57096099853516
2453,348.03765869140625
2454,259.57049560546875
2455,65.36372375488281
2456,113.67855834960938
2457,105.04841613769531
2458,436.62445068359375
2459,388.33013916015625
2460,317.7061767578125
2461,363.54571533203125
2462,66.82640838623047
2463,162.35218811035156
2464,368.1319885253906
2465,417.0821228027344
2466,196.45645141601562
2467,105.59806060791016
2468,320.4488220214844
2469,222.40480041503906
2470,295.8964538574219
2471,430.3607177734375
2472,313.3251953125
2473,201.42738342285156
2474,231.66213989257812
2475,165.86886596679688
2476,254.3637237548828
2477,71.34375
2478,238.29986572265625
2479,161.36705017089844
2480,167.7313232421875
2481,247.9337615966797
2482,323.161865234375
2483,259.4926452636719
2484,267.308349609375
2485,376.2510681152344
2486,239.32168579101562
2487,276.473388671875
2488,78.49788665771484
2489,334.2547607421875
2490,390.2049865722656
2491,181.13021850585938
2492,76.92845153808594
2493,116.54592895507812
2494,78.4532470703125
2495,183.14459228515625
2496,247.02981567382812
2497,300.0865783691406
2498,143.59564208984375
2499,312.0201416015625
2500,82.11861419677734
2501,219.9627685546875
2502,121.75862884521484
2503,387.7840576171875
2504,138.2378692626953
2505,418.1185607910156
2506,240.79080200195312
2507,147.04908752441406
2508,279.2607421875
2509,107.48892211914062
2510,72.85507202148438
2511,391.1844482421875
2512,171.28628540039062
2513,422.9429626464844
2514,67.91375732421875
2515,189.59645080566406
2516,322.37188720703125
2517,116.11856842041016
2518,118.09879302978516
2519,169.11166381835938
2520,260.98663330078125
2521,418.8154296875
2522,61.70438766479492
2523,89.92945098876953
2524,239.76417541503906
2525,62.18571853637695
2526,182.9672393798828
2527,148.3351593017578
2528,169.01475524902344
2529,265.77044677734375
2530,443.55181884765625
2531,319.1000061035156
2532,318.5010681152344
2533,460.39495849609375
2534,475.44183349609375
2535,78.53343963623047
2536,462.9317626953125
2537,235.057373046875
2538,185.05035400390625
2539,247.80172729492188
2540,69.26058959960938
2541,293.00872802734375
2542,128.1095733642578
2543,88.97472381591797
2544,439.2145690917969
2545,124.72396087646484
2546,192.76246643066406
2547,438.9107666015625
2548,202.27574157714844
2549,250.0302276611328
2550,88.61178588867188
2551,115.44361877441406
2552,349.27081298828125
2553,135.47726440429688
2554,237.7702178955078
2555,111.40589141845703
2556,396.3504333496094
2557,463.37152099609375
2558,417.5516662597656
2559,83.05156707763672
2560,66.7765884399414
2561,240.85195922851562
2562,124.47777557373047
2563,431.65069580078125
2564,100.04052734375
2565,82.21100616455078
2566,410.2333068847656
2567,248.21136474609375
2568,397.573974609375
2569,198.7833251953125
2570,183.3260498046875
2571,202.1683349609375
2572,90.1039047241211
2573,220.9086151123047
2574,338.4341125488281
2575,173.17428588867188
2576,145.26422119140625
2577,94.10746765136719
2578,305.2048645019531
2579,177.17442321777344
2580,76.7080078125
2581,67.27483367919922
2582,104.83394622802734
2583,161.76451110839844
2584,137.58111572265625
2585,244.2623748779297
2586,94.78324890136719
2587,64.89933013916016
2588,235.31629943847656
2589,421.74871826171875
2590,345.5012512207031
2591,272.5497741699219
2592,119.71490478515625
2593,72.01192474365234
2594,182.45997619628906
2595,279.5049743652344
2596,210.75555419921875
2597,322.2835998535156
2598,265.4085388183594
2599,114.63655853271484
2600,143.11671447753906
2601,77.4223861694336
2602,150.08985900878906
2603,210.73297119140625
2604,152.28897094726562
2605,204.23995971679688
2606,124.83940887451172
2607,290.1832580566406
2608,97.8786392211914
2609,239.56275939941406
2610,71.051025390625
2611,169.04598999023438
2612,337.54693603515625
2613,353.4053955078125
2614,433.90496826171875
2615,122.98646545410156
2616,167.11358642578125
2617,201.12936401367188
2618,80.6932601928711
2619,89.04754638671875
2620,105.05069732666016
2621,447.4454040527344
2622,219.35479736328125
2623,204.5022735595703
2624,222.5526885986328
2625,88.75202941894531
2626,71.72992706298828
2627,95.11016845703125
2628,393.6884460449219
2629,297.17523193359375
2630,80.51346588134766
2631,229.93125915527344
2632,61.579315185546875
2633,113.01629638671875
2634,219.82882690429688
2635,121.68805694580078
2636,75.02533721923828
2637,152.9145050048828
2638,98.07721710205078
2639,201.11318969726562
2640,246.67677307128906
2641,287.13128662109375
2642,193.23411560058594
2643,243.1874542236328
2644,425.45440673828125
2645,243.2724151611328
2646,219.20339965820312
2647,184.03041076660156
2648,84.747314453125
2649,120.72921752929688
2650,159.0491180419922
2651,283.31207275390625
2652,349.3091125488281
2653,148.76370239257812
2654,228.25796508789062
2655,354.7467346191406
2656,87.59523010253906
2657,456.4681701660156
2658,351.3360595703125
2659,295.4983215332031
2660,346.1545104980469
2661,382.8248291015625
2662,227.48890686035156
2663,94.06884002685547
2664,417.585205078125
2665,205.65403747558594
2666,312.539306640625
2667,227.68820190429688
2668,345.9130859375
2669,291.1551208496094
2670,419.5166015625
2671,73.52336883544922
2672,439.6445617675781
2673,393.78851318359375
2674,378.55078125
2675,412.42333984375
2676,174.22508239746094
2677,370.7470703125
2678,159.59512329101562
2679,71.59992218017578
2680,236.09690856933594
2681,268.544189453125
2682,359.62615966796875
2683,139.57333374023438
2684,77.95156860351562
2685,204.7278594970703
2686,344.8188781738281
2687,465.3023681640625
2688,66.46934509277344
2689,170.44566345214844
2690,428.57781982421875
2691,60.50572967529297
2692,313.1353759765625
2693,453.6296691894531
2694,365.2184753417969
2695,406.0849609375
2696,171.9241180419922
2697,254.3002166748047
2698,173.77406311035156
2699,200.3972625732422
2700,165.95370483398438
2701,256.43145751953125
2702,127.27425384521484
2703,110.05162811279297
2704,261.1190185546875
2705,259.4018859863281
2706,220.5220184326172
2707,140.2974853515625
2708,286.5821533203125
2709,196.82821655273438
2710,283.7798156738281
2711,454.2098083496094
2712,188.89817810058594
2713,53.2801628112793
2714,246.6570281982422
2715,75.52593994140625
2716,205.45921325683594
2717,97.43994140625
2718,186.7598114013672
2719,149.59872436523438
2720,131.7490234375
2721,93.32537841796875
2722,78.96321868896484
2723,385.4479675292969
2724,257.4311218261719
2725,99.7656021118164
2726,140.3824005126953
2727,59.98859786987305
2728,80.53101348876953
2729,100.7298812866211
2730,440.9409484863281
2731,381.5578308105469
2732,65.1055908203125
2733,153.73434448242188
2734,94.49635314941406
2735,413.36236572265625
2736,432.5247497558594
2737,157.32650756835938
2738,332.187744140625
2739,108.54673767089844
2740,183.26329040527344
2741,294.68597412109375
2742,321.9372863769531
2743,440.9246520996094
2744,70.47600555419922
2745,262.2049865722656
2746,312.064208984375
2747,94.10493469238281
2748,396.22052001953125
2749,166.86740112304688
2750,214.07249450683594
2751,425.9111022949219
2752,199.99380493164062
2753,232.2128143310547
2754,227.6043243408203
2755,94.3144302368164
2756,297.22406005859375
2757,402.71087646484375
2758,434.4460754394531
2759,168.62484741210938
2760,70.56088256835938
2761,72.0494384765625
2762,436.90814208984375
2763,189.501953125
2764,254.32852172851562
2765,238.39944458007812
2766,111.236328125
2767,96.25917053222656
2768,327.4273376464844
2769,70.93468475341797
2770,196.87893676757812
2771,69.6092758178711
2772,67.7772216796875
2773,202.50674438476562
2774,176.4560546875
2775,66.87239074707031
2776,417.20306396484375
2777,189.8894500732422
2778,66.87198638916016
2779,305.8027038574219
2780,299.23699951171875
2781,194.22975158691406
2782,175.50228881835938
2783,170.93763732910156
2784,191.4944305419922
2785,427.6396789550781
2786,370.2506408691406
2787,103.74092864990234
2788,64.8955307006836
2789,411.0377502441406
2790,293.82318115234375
2791,316.58221435546875
2792,273.86810302734375
2793,368.9218444824219
2794,205.35948181152344
2795,142.29080200195312
2796,128.2999267578125
2797,270.1033935546875
2798,183.61459350585938
2799,360.552001953125
2800,254.5202178955078
2801,428.7281188964844
2802,70.05812072753906
2803,84.82137298583984
2804,177.4961395263672
2805,278.704833984375
2806,68.56319427490234
2807,167.22628784179688
2808,272.5965270996094
2809,267.7773132324219
2810,228.0747833251953
2811,186.18064880371094
2812,98.66222381591797
2813,214.73399353027344
2814,71.69892883300781
2815,60.788299560546875
2816,208.97573852539062
2817,306.56195068359375
2818,59.189361572265625
2819,214.8439178466797
2820,83.49130249023438
2821,154.6629180908203
2822,333.7541198730469
2823,419.25927734375
2824,276.15106201171875
2825,172.8317413330078
2826,72.54756927490234
2827,359.5731201171875
2828,245.18565368652344
2829,63.24631881713867
2830,429.98052978515625
2831,458.2901916503906
2832,58.32133865356445
2833,264.63470458984375
2834,74.2750015258789
2835,337.0191345214844
2836,173.37803649902344
2837,348.5177917480469
2838,359.96588134765625
2839,365.8963317871094
2840,194.42300415039062
2841,307.5292053222656
2842,426.19390869140625
2843,215.6736297607422
2844,315.9833068847656
2845,132.20237731933594
2846,225.05282592773438
2847,197.38763427734375
2848,209.2434844970703
2849,127.58907318115234
2850,257.9107971191406
2851,93.58708190917969
2852,202.17251586914062
2853,90.5754623413086
2854,119.34516906738281
2855,194.96499633789062
2856,78.01132202148438
2857,240.22158813476562
2858,173.97970581054688
2859,153.2054901123047
2860,67.77203369140625
2861,394.8240966796875
2862,160.05859375
2863,214.6618194580078
2864,286.2613830566406
2865,65.12711334228516
2866,297.7478942871094
2867,100.16865539550781
2868,120.62586975097656
2869,415.9692077636719
2870,422.53326416015625
2871,80.88685607910156
2872,134.11512756347656
2873,87.03152465820312
2874,82.86209106445312
2875,71.87342071533203
2876,232.64830017089844
2877,184.8129425048828
2878,328.6896057128906
2879,220.0081024169922
2880,106.89434051513672
2881,313.798828125
2882,309.50732421875
2883,284.88323974609375
2884,159.73641967773438
2885,451.6383361816406
2886,248.74375915527344
2887,170.9208984375
2888,125.54560089111328
2889,80.66914367675781
2890,190.6816864013672
2891,255.4513702392578
2892,81.45501708984375
2893,425.9749755859375
2894,71.12377166748047
2895,86.65657806396484
2896,433.7689208984375
2897,271.9511413574219
2898,62.805660247802734
2899,468.4677734375
2900,164.2605743408203
2901,415.4356689453125
2902,159.80429077148438
2903,170.6181182861328
2904,370.84661865234375
2905,245.70057678222656
2906,178.33425903320312
2907,146.83340454101562
2908,76.53668975830078
2909,106.8677978515625
2910,210.9580535888672
2911,337.3555603027344
2912,217.83804321289062
2913,136.89588928222656
2914,221.71929931640625
2915,359.37774658203125
2916,111.20219421386719
2917,112.09918975830078
2918,122.9005355834961
2919,395.5674133300781
2920,172.94094848632812
2921,171.28814697265625
2922,306.5931701660156
2923,137.00682067871094
2924,81.05451965332031
2925,67.935302734375
2926,478.5165100097656
2927,257.7372131347656
2928,288.3690185546875
2929,403.1452331542969
2930,203.99658203125
2931,388.0047607421875
2932,244.88040161132812
2933,93.7038803100586
2934,64.27304077148438
2935,261.0540771484375
2936,468.4010009765625
2937,105.10661315917969
2938,432.39056396484375
2939,459.5127258300781
2940,100.25576782226562
2941,312.7291259765625
2942,272.3891296386719
2943,144.60684204101562
2944,67.73767852783203
2945,184.66140747070312
2946,70.14045715332031
2947,435.4895935058594
2948,374.89666748046875
2949,87.05851745605469
2950,163.15838623046875
2951,461.25732421875
2952,113.14276123046875
2953,88.31354522705078
2954,64.56700897216797
2955,415.68304443359375
2956,179.78585815429688
2957,436.5572814941406
2958,241.59078979492188
2959,233.16273498535156
2960,177.6918182373047
2961,193.5405731201172
2962,119.17139434814453
2963,123.07891845703125
2964,94.01881408691406
2965,111.55384826660156
2966,163.90321350097656
2967,106.80590057373047
2968,265.9557189941406
2969,103.91300964355469
2970,358.0760498046875
2971,58.87491226196289
2972,254.52169799804688
2973,376.85784912109375
2974,277.1622009277344
2975,208.23927307128906
2976,57.376373291015625
2977,225.53616333007812
2978,149.18850708007812
2979,212.07093811035156
2980,85.0685043334961
2981,443.44287109375
2982,165.98231506347656
2983,118.00752258300781
2984,70.99362182617188
2985,171.6301727294922
2986,65.59941101074219
2987,238.6354522705078
2988,107.61810302734375
2989,70.09996032714844
2990,130.23208618164062
2991,289.6121826171875
2992,397.6853332519531
2993,387.809326171875
2994,243.9562225341797
2995,424.9351806640625
2996,250.62298583984375
2997,89.18171691894531
2998,171.07037353515625
2999,462.6189880371094
3000,279.4067077636719
3001,211.49514770507812
3002,384.1783447265625
3003,364.6944580078125
3004,190.07147216796875
3005,328.370849609375
3006,84.15479278564453
3007,303.0864562988281
3008,422.62255859375
3009,272.8592224121094
3010,98.01182556152344
3011,352.64422607421875
3012,466.95001220703125
3013,86.71886444091797
3014,363.6465148925781
3015,107.51123809814453
3016,380.5624084472656
3017,65.6414794921875
3018,244.67672729492188
3019,75.740478515625
3020,106.42659759521484
3021,80.8221435546875
3022,76.4408187866211
3023,98.12234497070312
3024,278.9609069824219
3025,295.9193420410156
3026,66.32939147949219
3027,70.66435241699219
3028,116.65940856933594
3029,119.52073669433594
3030,58.27277374267578
3031,96.51565551757812
3032,83.51240539550781
3033,303.7176208496094
3034,442.65338134765625
3035,183.09938049316406
3036,92.552001953125
3037,411.759033203125
3038,66.35091400146484
3039,122.66985321044922
3040,422.0768737792969
3041,127.89097595214844
3042,380.1896057128906
3043,293.01806640625
3044,51.84599685668945
3045,160.8582000732422
3046,366.89959716796875
3047,213.98544311523438
3048,115.53082275390625
3049,338.8542175292969
3050,330.4916076660156
3051,157.08770751953125
3052,56.49480056762695
3053,336.0956115722656
3054,85.53744506835938
3055,90.95214080810547
3056,300.4937744140625
3057,119.86019134521484
3058,223.220947265625
3059,394.15399169921875
3060,227.14198303222656
3061,319.1135559082031
3062,263.2947082519531
3063,258.14117431640625
3064,76.3939437866211
3065,182.89576721191406
3066,317.9576416015625
3067,425.4756164550781
3068,87.07365417480469
3069,167.85272216796875
3070,270.53326416015625
3071,182.20578002929688
3072,52.177921295166016
3073,237.7985076904297
3074,324.945068359375
3075,384.7102355957031
3076,378.7557678222656
3077,155.27452087402344
3078,116.23456573486328
3079,217.2135467529297
3080,102.02469635009766
3081,291.51702880859375
3082,93.07017517089844
3083,323.2245788574219
3084,120.17436218261719
3085,154.8968048095703
3086,70.78153228759766
3087,244.56600952148438
3088,268.712646484375
3089,440.7427062988281
3090,339.0253601074219
3091,228.4222412109375
3092,298.79364013671875
3093,163.83058166503906
3094,432.00030517578125
3095,397.49774169921875
3096,78.79736328125
3097,455.49822998046875
3098,166.63514709472656
3099,66.11467742919922
3100,351.5728759765625
3101,435.8317565917969
3102,104.33907318115234
3103,168.5832977294922
3104,329.0496520996094
3105,219.5415802001953
3106,212.21682739257812
3107,351.01763916015625
3108,473.4818115234375
3109,309.4766540527344
3110,435.65283203125
3111,240.75042724609375
3112,247.00119018554688
3113,388.46533203125
3114,418.897216796875
3115,108.60204315185547
3116,238.39471435546875
3117,431.3722839355469
3118,370.66864013671875
3119,235.4630584716797
3120,209.8293914794922
3121,203.73785400390625
3122,226.359375
3123,97.13297271728516
3124,171.249755859375
3125,389.9031066894531
3126,102.13969421386719
3127,435.8387756347656
3128,255.06797790527344
3129,206.83111572265625
3130,467.9136657714844
3131,346.6427307128906
3132,91.21400451660156
3133,115.32947540283203
3134,247.6719207763672
3135,157.665283203125
3136,173.25328063964844
3137,213.66265869140625
3138,419.2127380371094
3139,69.17346954345703
3140,134.14724731445312
3141,238.2869873046875
3142,94.13667297363281
3143,93.83081817626953
3144,367.8263244628906
3145,378.58929443359375
3146,263.6102294921875
3147,109.00064086914062
3148,253.296142578125
3149,343.2011413574219
3150,244.07191467285156
3151,198.0161590576172
3152,264.5875549316406
3153,450.9538269042969
3154,318.22998046875
3155,107.53876495361328
3156,180.367919921875
3157,174.79656982421875
3158,66.66769409179688
3159,190.74453735351562
3160,234.31227111816406
3161,128.87466430664062
3162,314.2597961425781
3163,54.72236251831055
3164,124.35851287841797
3165,59.342689514160156
3166,283.7164611816406
3167,343.61102294921875
3168,119.08956909179688
3169,151.03311157226562
3170,138.49502563476562
3171,412.33709716796875
3172,371.919189453125
3173,406.7366027832031
3174,260.60479736328125
3175,256.20989990234375
3176,59.964698791503906
3177,66.04817962646484
3178,86.15974426269531
3179,365.4593811035156
3180,75.97813415527344
3181,227.89358520507812
3182,194.61949157714844
3183,94.60420989990234
3184,423.69866943359375
3185,356.4595947265625
3186,245.16734313964844
3187,272.8121032714844
3188,406.7572937011719
3189,437.0105895996094
3190,361.26544189453125
3191,281.5439453125
3192,79.83734130859375
3193,96.66716766357422
3194,240.59165954589844
3195,377.34393310546875
3196,85.92674255371094
3197,141.01101684570312
3198,71.16709899902344
3199,456.4377746582031
3200,129.57958984375
3201,70.96051788330078
3202,270.1973571777344
3203,293.50640869140625
3204,76.08660125732422
3205,155.74510192871094
3206,140.64773559570312
3207,59.74850082397461
3208,298.0370178222656
3209,214.27810668945312
3210,117.27130889892578
3211,328.7759704589844
3212,60.56836700439453
3213,278.08587646484375
3214,288.23822021484375
3215,82.66539764404297
3216,449.5131530761719
3217,269.8235168457031
3218,251.35890197753906
3219,194.87109375
3220,79.40980529785156
3221,348.18896484375
3222,211.1026611328125
3223,319.886474609375
3224,135.86911010742188
3225,296.8951721191406
3226,240.9650115966797
3227,457.9994201660156
3228,201.82273864746094
3229,386.5098571777344
3230,321.4725646972656
3231,241.11094665527344
3232,148.16494750976562
3233,205.73086547851562
3234,460.7323303222656
3235,103.51280975341797
3236,256.21746826171875
3237,144.2068328857422
3238,242.95675659179688
3239,126.51057434082031
3240,407.5187683105469
3241,320.059326171875
3242,82.37911224365234
3243,96.65827178955078
3244,74.08509826660156
3245,310.7723388671875
3246,312.43841552734375
3247,69.56645202636719
3248,240.8596649169922
3249,285.2502746582031
3250,242.4480438232422
3251,219.79151916503906
3252,121.60476684570312
3253,272.499267578125
3254,93.35408020019531
3255,188.7656707763672
3256,454.0520324707031
3257,88.81096649169922
3258,364.73370361328125
3259,228.51893615722656
3260,131.68333435058594
3261,353.7917175292969
3262,220.1583709716797
3263,345.3684997558594
3264,436.33111572265625
3265,131.82537841796875
3266,77.94784545898438
3267,396.67864990234375
3268,402.1420593261719
3269,380.5045166015625
3270,228.40097045898438
3271,271.6506042480469
3272,176.45343017578125
3273,442.8955078125
3274,294.19671630859375
3275,386.8355712890625
3276,114.13072204589844
3277,70.45050048828125
3278,219.4541015625
3279,401.3725891113281
3280,202.1239471435547
3281,210.3209228515625
3282,169.47445678710938
3283,217.301025390625
3284,131.89047241210938
3285,254.18475341796875
3286,102.85398864746094
3287,188.68739318847656
3288,88.57499694824219
3289,175.82369995117188
3290,146.2637481689453
3291,68.32008361816406
3292,324.0433654785156
3293,342.8027038574219
3294,193.4105224609375
3295,82.42221069335938
3296,322.5013427734375
3297,165.97003173828125
3298,404.1653747558594
3299,350.6434631347656
3300,331.4464416503906
3301,188.71495056152344
3302,266.21234130859375
3303,436.48492431640625
3304,86.52928161621094
3305,65.8151626586914
3306,61.926307678222656
3307,251.3721923828125
3308,139.3148193359375
3309,132.86279296875
3310,134.16885375976562
3311,98.56280517578125
3312,237.26156616210938
3313,167.39297485351562
3314,141.1256561279297
3315,74.82470703125
3316,121.8387680053711
3317,414.52294921875
3318,64.96155548095703
3319,259.09649658203125
3320,206.1741943359375
3321,129.214599609375
3322,138.8829345703125
3323,361.13446044921875
3324,186.69842529296875
3325,441.57232666015625
3326,51.54514694213867
3327,72.78498077392578
3328,103.01954650878906
3329,258.3751525878906
3330,283.91741943359375
3331,102.10479736328125
3332,91.69720458984375
3333,75.47807312011719
3334,58.107765197753906
3335,236.02284240722656
3336,273.0711364746094
3337,247.2873992919922
3338,144.92864990234375
3339,74.42223358154297
3340,224.31202697753906
3341,328.7690734863281
3342,86.56985473632812
3343,449.3566589355469
3344,73.14246368408203
3345,59.84063720703125
3346,96.38152313232422
3347,237.952392578125
3348,458.78570556640625
3349,66.7415542602539
3350,158.12060546875
3351,152.51795959472656
3352,188.4532012939453
3353,150.1664581298828
3354,183.35020446777344
3355,311.8837890625
3356,78.6402816772461
3357,316.5767517089844
3358,110.32957458496094
3359,208.00018310546875
3360,225.84237670898438
3361,94.1510009765625
3362,99.67666625976562
3363,229.81051635742188
3364,176.72222900390625
3365,252.2200164794922
3366,94.24823760986328
3367,201.33604431152344
3368,65.10851287841797
3369,106.94950103759766
3370,94.31092071533203
3371,68.4576644897461
3372,88.96450805664062
3373,215.13510131835938
3374,343.0526428222656
3375,63.979068756103516
3376,71.82925415039062
3377,150.55502319335938
3378,164.967529296875
3379,109.09505462646484
3380,236.97988891601562
3381,339.02789306640625
3382,370.91351318359375
3383,77.57051086425781
3384,98.88166809082031
3385,61.26884460449219
3386,354.02813720703125
3387,110.8257064819336
3388,323.7165832519531
3389,364.74951171875
3390,162.541748046875
3391,168.48648071289062
3392,430.5535888671875
3393,82.5835952758789
3394,79.38648223876953
3395,256.2919616699219
3396,442.2425537109375
3397,203.43934631347656
3398,182.359375
3399,337.671630859375
3400,79.67684173583984
3401,176.25852966308594
3402,85.08067321777344
3403,349.5306701660156
3404,106.8150405883789
3405,70.9484634399414
3406,93.54621887207031
3407,110.40850830078125
3408,303.034423828125
3409,193.31211853027344
3410,138.32582092285156
3411,291.7253112792969
3412,295.6571960449219
3413,233.98443603515625
3414,125.51482391357422
3415,74.29399871826172
3416,364.49053955078125
3417,151.7538299560547
3418,417.43414306640625
3419,238.15786743164062
3420,70.82410430908203
3421,317.3196105957031
3422,419.6683044433594
3423,436.3980712890625
3424,91.71957397460938
3425,414.48297119140625
3426,310.2529296875
3427,169.82437133789062
3428,154.01222229003906
3429,150.0701446533203
3430,247.54481506347656
3431,70.03014373779297
3432,204.96359252929688
3433,72.61840057373047
3434,82.25669860839844
3435,319.9947204589844
3436,409.9654235839844
3437,429.305419921875
3438,438.05657958984375
3439,233.907958984375
3440,149.9948272705078
3441,216.8017120361328
3442,246.07135009765625
3443,138.9608612060547
3444,339.5407409667969
3445,81.03340911865234
3446,413.3134765625
3447,296.8643493652344
3448,98.8279800415039
3449,399.6704406738281
3450,187.25808715820312
3451,151.33961486816406
3452,428.521484375
3453,277.3279724121094
3454,89.5969009399414
3455,362.3160705566406
3456,442.4406433105469
3457,95.12627410888672
3458,76.49480438232422
3459,226.57350158691406
3460,95.35768127441406
3461,312.6346435546875
3462,75.86463165283203
3463,71.87508392333984
3464,401.21685791015625
3465,99.1843490600586
3466,208.03233337402344
3467,311.2371520996094
3468,173.49252319335938
3469,123.8740234375
3470,347.9934387207031
3471,382.79034423828125
3472,328.49420166015625
3473,182.35977172851562
3474,99.04051971435547
3475,46.626373291015625
3476,63.3669548034668
3477,336.5556335449219
3478,152.44776916503906
3479,163.994873046875
3480,146.06398010253906
3481,443.568359375
3482,263.2427673339844
3483,241.88192749023438
3484,245.03445434570312
3485,179.17684936523438
3486,258.8296813964844
3487,358.92144775390625
3488,253.2363739013672
3489,76.42698669433594
3490,67.80428314208984
3491,248.50340270996094
3492,68.72270965576172
3493,142.89434814453125
3494,133.48280334472656
3495,157.38882446289062
3496,288.0574035644531
3497,121.04826354980469
3498,141.31539916992188
3499,217.0643768310547
3500,141.134521484375
3501,359.2267150878906
3502,165.32086181640625
3503,317.1546630859375
3504,250.73239135742188
3505,135.38084411621094
3506,146.52015686035156
3507,102.75775909423828
3508,277.93316650390625
3509,65.89774322509766
3510,271.0152893066406
3511,90.8002700805664
3512,169.3678741455078
3513,140.4652557373047
3514,272.45123291015625
3515,213.24815368652344
3516,138.50450134277344
3517,79.84455108642578
3518,114.1093978881836
3519,213.3007049560547
3520,310.9259338378906
3521,201.91371154785156
3522,84.37452697753906
3523,294.2973327636719
3524,62.164337158203125
3525,445.0948791503906
3526,222.5607452392578
3527,225.7408905029297
3528,146.002197265625
3529,107.23049926757812
3530,74.54938507080078
3531,350.1302490234375
3532,215.62452697753906
3533,83.17473602294922
3534,376.7992248535156
3535,155.5597686767578
3536,419.1129150390625
3537,209.64710998535156
3538,118.64429473876953
3539,114.06597900390625
3540,112.52801513671875
3541,390.9269714355469
3542,76.66595458984375
3543,315.7056884765625
3544,128.71115112304688
3545,327.6920166015625
3546,76.30364227294922
3547,236.79981994628906
3548,366.78033447265625
3549,446.021240234375
3550,337.39404296875
3551,81.39436340332031
3552,373.63165283203125
3553,362.0454406738281
3554,331.8202209472656
3555,467.7394104003906
3556,62.453712463378906
3557,94.53788757324219
3558,313.5226745605469
3559,69.67606353759766
3560,91.72198486328125
3561,176.3253936767578
3562,326.4749450683594
3563,376.919189453125
3564,124.14549255371094
3565,175.77496337890625
3566,123.43965911865234
3567,284.5550842285156
3568,186.54931640625
3569,295.74237060546875
3570,154.365966796875
3571,457.7523498535156
3572,243.53622436523438
3573,207.00624084472656
3574,155.90203857421875
3575,137.94871520996094
3576,408.2120666503906
3577,446.5361328125
3578,150.7481689453125
3579,229.1234130859375
3580,345.7277526855469
3581,384.9040222167969
3582,292.02178955078125
3583,407.9824523925781
3584,407.51031494140625
3585,362.322265625
3586,424.1847229003906
3587,266.6866455078125
3588,118.61965942382812
3589,122.5953140258789
3590,359.2175598144531
3591,197.1761932373047
3592,194.03663635253906
3593,286.5265808105469
3594,71.54894256591797
3595,282.7926025390625
3596,174.88485717773438
3597,62.74674987792969
3598,93.8101806640625
3599,387.5521240234375
3600,342.0873107910156
3601,76.49465942382812
3602,392.1101379394531
3603,378.9972229003906
3604,65.2039566040039
3605,254.0218048095703
3606,83.20783996582031
3607,162.83401489257812
3608,308.3902282714844
3609,72.47342681884766
3610,407.5706481933594
3611,132.5492706298828
3612,111.88716888427734
3613,117.1263198852539
3614,76.31564331054688
3615,391.8761291503906
3616,231.76239013671875
3617,162.76893615722656
3618,344.5374450683594
3619,237.25193786621094
3620,94.92369842529297
3621,240.0846710205078
3622,108.26490783691406
3623,328.1584777832031
3624,93.20008087158203
3625,294.5240783691406
3626,285.12677001953125
3627,111.54849243164062
3628,97.54821014404297
3629,159.40347290039062
3630,68.90961456298828
3631,97.13308715820312
3632,172.84906005859375
3633,331.3296813964844
3634,363.7707214355469
3635,65.80855560302734
3636,86.1518783569336
3637,209.3709716796875
3638,285.6907653808594
3639,148.4774932861328
3640,81.28263854980469
3641,418.8870544433594
3642,234.22003173828125
3643,98.32122802734375
3644,447.99249267578125
3645,185.27191162109375
3646,439.0588073730469
3647,431.2652587890625
3648,96.13196563720703
3649,91.6727523803711
3650,124.8825454711914
3651,443.8139343261719
3652,184.6320343017578
3653,357.3254089355469
3654,392.24432373046875
3655,67.97042846679688
3656,382.8677978515625
3657,219.377197265625
3658,134.2726287841797
3659,91.30333709716797
3660,136.6966552734375
3661,132.7832794189453
3662,175.30841064453125
3663,62.89423751831055
3664,73.3876724243164
3665,160.6714324951172
3666,62.34910583496094
3667,215.76515197753906
3668,160.50747680664062
3669,113.88855743408203
3670,70.8902359008789
3671,208.14678955078125
3672,132.48260498046875
3673,66.66459655761719
3674,277.0068054199219
3675,159.39187622070312
3676,416.5625915527344
3677,130.7401580810547
3678,98.67739868164062
3679,270.6924743652344
3680,311.1780090332031
3681,185.964111328125
3682,245.27464294433594
3683,136.447998046875
3684,139.55563354492188
3685,88.69364929199219
3686,127.35076141357422
3687,364.86846923828125
3688,337.503662109375
3689,244.69223022460938
3690,78.98775482177734
3691,172.70974731445312
3692,241.71803283691406
3693,170.48406982421875
3694,262.6946105957031
3695,179.65525817871094
3696,381.9237060546875
3697,304.8308410644531
3698,193.22203063964844
3699,426.3914489746094
3700,140.55210876464844
3701,65.5677719116211
3702,334.2008972167969
3703,97.21747589111328
3704,200.12252807617188
3705,348.8956298828125
3706,355.1198425292969
3707,144.01914978027344
3708,104.55159759521484
3709,329.0107116699219
3710,149.950439453125
3711,66.40493774414062
3712,238.0521240234375
3713,92.69664764404297
3714,155.90184020996094
3715,145.563720703125
3716,227.8396759033203
3717,394.3565979003906
3718,110.49601745605469
3719,219.07705688476562
3720,229.63723754882812
3721,66.76687622070312
3722,133.3426513671875
3723,208.87850952148438
3724,207.1758270263672
3725,439.96856689453125
3726,133.9056854248047
3727,433.2034912109375
3728,108.84194946289062
3729,234.33412170410156
3730,302.8417663574219
3731,421.364013671875
3732,322.7950134277344
3733,442.9809265136719
3734,107.35055541992188
3735,168.39517211914062
3736,94.3070297241211
3737,75.90692901611328
3738,402.41143798828125
3739,173.53704833984375
3740,128.6532745361328
3741,281.09320068359375
3742,73.03194427490234
3743,347.71295166015625
3744,63.49457550048828
3745,226.48989868164062
3746,120.38361358642578
3747,149.25640869140625
3748,169.8409423828125
3749,86.29360961914062
3750,110.83162689208984
3751,118.59129333496094
3752,73.44004821777344
3753,235.57333374023438
3754,225.36245727539062
3755,212.13882446289062
3756,143.49899291992188
3757,303.4886474609375
3758,332.8460388183594
3759,87.06401824951172
3760,245.92356872558594
3761,388.8290100097656
3762,198.0870361328125
3763,131.50831604003906
3764,240.35020446777344
3765,121.40304565429688
3766,130.37179565429688
3767,258.5449523925781
3768,97.54326629638672
3769,310.36773681640625
3770,433.2405090332031
3771,202.3896942138672
3772,205.57882690429688
3773,70.21442413330078
3774,222.98341369628906
3775,361.2261962890625
3776,289.0098876953125
3777,413.8309631347656
3778,307.0537414550781
3779,387.6625061035156
3780,69.22522735595703
3781,456.2422790527344
3782,383.01202392578125
3783,442.0438537597656
3784,143.52671813964844
3785,378.2414855957031
3786,89.83406066894531
3787,252.08026123046875
3788,423.39288330078125
3789,172.3079071044922
3790,220.61917114257812
3791,207.3004150390625
3792,249.28213500976562
3793,281.08929443359375
3794,177.31509399414062
3795,254.8961944580078
3796,261.28607177734375
3797,259.27691650390625
3798,392.2695617675781
3799,438.0810852050781
3800,188.21803283691406
3801,95.20443725585938
3802,303.34490966796875
3803,237.43907165527344
3804,61.87641525268555
3805,73.65837860107422
3806,67.53160858154297
3807,155.21047973632812
3808,90.66124725341797
3809,98.23912811279297
3810,148.9707489013672
3811,330.7613830566406
3812,309.979248046875
3813,227.7731475830078
3814,68.85498046875
3815,195.6211700439453
3816,376.9126892089844
3817,114.31282043457031
3818,283.8912353515625
3819,427.7268981933594
3820,64.1471939086914
3821,112.7639389038086
3822,98.31863403320312
3823,101.60234832763672
3824,307.9481201171875
3825,237.69549560546875
3826,357.5434265136719
3827,231.91146850585938
3828,75.75910949707031
3829,139.6307830810547
3830,442.0139465332031
3831,125.95772552490234
3832,276.6893615722656
3833,134.38406372070312
3834,143.7970733642578
3835,240.90513610839844
3836,214.40379333496094
3837,272.4971923828125
3838,152.73831176757812
3839,241.76077270507812
3840,121.34523010253906
3841,136.8238525390625
3842,413.6212463378906
3843,375.2756652832031
3844,368.86151123046875
3845,238.54672241210938
3846,80.57955932617188
3847,180.59375
3848,420.9642639160156
3849,445.70794677734375
3850,433.6025085449219
3851,442.3249206542969
3852,281.0696716308594
3853,347.1270446777344
3854,122.63118743896484
3855,241.85214233398438
3856,378.3980712890625
3857,334.1317138671875
3858,452.33251953125
3859,206.7310791015625
3860,300.9776916503906
3861,71.91554260253906
3862,401.8490905761719
3863,150.41099548339844
3864,72.1333999633789
3865,448.8287353515625
3866,113.42408752441406
3867,259.69793701171875
3868,349.4010314941406
3869,395.75323486328125
3870,418.50067138671875
3871,264.6792297363281
3872,261.6825256347656
3873,185.01063537597656
3874,103.61636352539062
3875,148.34378051757812
3876,248.11669921875
3877,256.4932861328125
3878,227.2496337890625
3879,332.4059753417969
3880,108.37782287597656
3881,180.38519287109375
3882,442.717529296875
3883,209.5740966796875
3884,110.91043853759766
3885,119.71774291992188
3886,174.24954223632812
3887,294.5293884277344
3888,349.8509216308594
3889,157.55081176757812
3890,128.45834350585938
3891,341.3222351074219
3892,84.26235961914062
3893,233.17091369628906
3894,68.10763549804688
3895,108.70438385009766
3896,292.7619934082031
3897,68.88611602783203
3898,130.36990356445312
3899,92.9072265625
3900,377.6062927246094
3901,153.4403839111328
3902,105.59428405761719
3903,284.8977966308594
3904,278.5425109863281
3905,113.80809783935547
3906,259.13372802734375
3907,298.4014892578125
3908,245.281494140625
3909,116.88013458251953
3910,233.68614196777344
3911,393.5308837890625
3912,232.1011505126953
3913,141.26731872558594
3914,430.9067687988281
3915,409.6737976074219
3916,295.0614318847656
3917,135.94407653808594
3918,105.9852523803711
3919,235.76332092285156
3920,443.0371398925781
3921,82.7879638671875
3922,190.3765869140625
3923,159.6608123779297
3924,422.3541259765625
3925,64.78224182128906
3926,95.67791748046875
3927,103.1059341430664
3928,259.9657897949219
3929,108.449462890625
3930,417.9412536621094
3931,337.92242431640625
3932,413.31011962890625
3933,396.5615539550781
3934,92.62505340576172
3935,316.88671875
3936,82.04743194580078
3937,276.41845703125
3938,394.5167236328125
3939,445.83868408203125
3940,296.0947570800781
3941,336.2695007324219
3942,447.97979736328125
3943,329.2616271972656
3944,206.69577026367188
3945,94.04025268554688
3946,167.35414123535156
3947,363.32940673828125
3948,310.5592956542969
3949,102.19530487060547
3950,286.2000732421875
3951,87.76054382324219
3952,286.4883728027344
3953,394.7433776855469
3954,51.812400817871094
3955,269.3188781738281
3956,105.09949493408203
3957,133.52870178222656
3958,66.33061218261719
3959,182.7350311279297
3960,142.7428741455078
3961,256.88848876953125
3962,381.710693359375
3963,405.97076416015625
3964,266.4771728515625
3965,205.64683532714844
3966,170.72665405273438
3967,64.02581024169922
3968,195.2862548828125
3969,405.72979736328125
3970,237.26712036132812
3971,135.94442749023438
3972,336.3165283203125
3973,79.80180358886719
3974,71.34491729736328
3975,107.36396026611328
3976,245.1571044921875
3977,172.58148193359375
3978,246.81463623046875
3979,64.18846130371094
3980,49.44668960571289
3981,176.4763946533203
3982,414.8421325683594
3983,345.3341979980469
3984,369.6058349609375
3985,361.968017578125
3986,227.15342712402344
3987,435.9170837402344
3988,375.1395568847656
3989,330.5683288574219
3990,423.3054504394531
3991,362.5539855957031
3992,188.3724822998047
3993,212.35693359375
3994,114.17766571044922
3995,61.72941970825195
3996,253.19204711914062
3997,100.44086456298828
3998,58.14305877685547
3999,439.9681701660156
4000,240.59071350097656
4001,154.5240020751953
4002,435.4363708496094
4003,265.9771728515625
4004,256.1180725097656
4005,271.95892333984375
4006,295.7030334472656
4007,372.1798095703125
4008,309.4693298339844
4009,439.1200866699219
4010,439.75
4011,362.0653991699219
4012,164.9279327392578
4013,63.61121368408203
4014,256.22442626953125
4015,69.60957336425781
4016,358.8574523925781
4017,266.22119140625
4018,205.38345336914062
4019,146.9729766845703
4020,341.2462463378906
4021,426.4334716796875
4022,110.53102111816406
4023,244.53407287597656
4024,442.0102844238281
4025,245.85687255859375
4026,117.97205352783203
4027,78.50878143310547
4028,304.25909423828125
4029,288.1250305175781
4030,64.45455932617188
4031,89.67897033691406
4032,150.57081604003906
4033,92.62969970703125
4034,359.1102294921875
4035,211.54098510742188
4036,112.5333251953125
4037,95.9867172241211
4038,234.9355010986328
4039,73.83987426757812
4040,123.41606903076172
4041,154.75271606445312
4042,119.3536376953125
4043,385.9080810546875
4044,378.6259460449219
4045,134.2675323486328
4046,145.46908569335938
4047,279.0978698730469
4048,189.30197143554688
4049,173.83241271972656
4050,107.13554382324219
4051,86.791015625
4052,274.9848937988281
4053,338.01361083984375
4054,77.2854995727539
4055,161.6249237060547
4056,97.05587005615234
4057,272.0190734863281
4058,81.17158508300781
4059,453.71600341796875
4060,298.74652099609375
4061,293.574462890625
4062,322.727294921875
4063,103.76837158203125
4064,424.6160888671875
4065,105.04301452636719
4066,74.74337005615234
4067,128.1234893798828
4068,421.25421142578125
4069,403.11407470703125
4070,72.32048034667969
4071,142.81199645996094
4072,78.84969329833984
4073,179.72303771972656
4074,102.65448760986328
4075,175.3240203857422
4076,62.27392578125
4077,125.81255340576172
4078,157.17849731445312
4079,129.9738311767578
4080,145.9626922607422
4081,117.73995208740234
4082,237.789794921875
4083,107.28642272949219
4084,136.23306274414062
4085,177.2554931640625
4086,172.4076385498047
4087,249.19334411621094
4088,274.6449890136719
4089,346.85888671875
4090,222.75003051757812
4091,71.70348358154297
4092,135.59344482421875
4093,97.06725311279297
4094,422.8200988769531
4095,419.004638671875
4096,349.3044128417969
4097,204.31143188476562
4098,66.15904998779297
4099,340.1528015136719
4100,249.72145080566406
4101,394.5571594238281
4102,239.40284729003906
4103,244.28065490722656
4104,261.30657958984375
4105,382.57244873046875
4106,359.4854736328125
4107,416.8285827636719
4108,162.13214111328125
4109,119.75533294677734
4110,375.74456787109375
4111,233.59423828125
4112,374.01055908203125
4113,214.3423309326172
4114,331.7129821777344
4115,75.8580551147461
4116,122.62016296386719
4117,81.62040710449219
4118,383.6824645996094
4119,169.62521362304688
4120,64.64320373535156
4121,396.9717102050781
4122,274.21380615234375
4123,304.1275939941406
4124,356.0562744140625
4125,211.4698028564453
4126,389.6884765625
4127,289.46343994140625
4128,92.86932373046875
4129,163.6376190185547
4130,128.83746337890625
4131,276.9289245605469
4132,74.19071197509766
4133,354.4680480957031
4134,448.3343505859375
4135,70.11885070800781
4136,409.7301940917969
4137,218.31980895996094
4138,147.3625946044922
4139,416.5477294921875
4140,132.5324249267578
4141,151.36805725097656
4142,395.6200256347656
4143,157.91969299316406
4144,101.75889587402344
4145,157.7206268310547
4146,240.4771728515625
4147,70.73110961914062
4148,427.3937072753906
4149,361.5235595703125
4150,438.0467529296875
4151,153.58287048339844
4152,241.30352783203125
4153,223.1288299560547
4154,399.58892822265625
4155,183.9176483154297
4156,251.84317016601562
4157,225.0945587158203
4158,205.09913635253906
4159,85.88782501220703
4160,156.56134033203125
4161,259.3828125
4162,91.06733703613281
4163,240.94723510742188
4164,108.9239501953125
4165,214.5015106201172
4166,247.84803771972656
4167,92.4490966796875
4168,419.5594177246094
4169,418.5720520019531
4170,214.26593017578125
4171,244.015869140625
4172,404.6025390625
4173,418.90594482421875
4174,356.34112548828125
4175,295.0406188964844
4176,449.17828369140625
4177,286.25634765625
4178,186.545166015625
4179,334.1047668457031
4180,189.7830047607422
4181,136.45877075195312
4182,57.18104934692383
4183,444.4231872558594
4184,185.08396911621094
4185,248.2729034423828
4186,182.6995849609375
4187,340.8731994628906
4188,81.07083892822266
4189,339.1061706542969
4190,159.4076385498047
4191,194.49386596679688
4192,231.4379119873047
4193,78.9099349975586
4194,162.72686767578125
4195,244.53732299804688
4196,310.363037109375
4197,177.79615783691406
4198,316.44500732421875
4199,71.04096984863281
4200,202.8228302001953
4201,428.1093444824219
4202,182.30413818359375
4203,284.0666809082031
4204,129.19345092773438
4205,414.2239990234375
4206,85.81995391845703
4207,135.5586700439453
4208,70.56892395019531
4209,207.66001892089844
4210,299.1761779785156
4211,246.8311309814453
4212,82.83139038085938
4213,351.427734375
4214,435.85308837890625
4215,73.27225494384766
4216,387.58636474609375
4217,263.522216796875
4218,423.29345703125
4219,114.01421356201172
4220,269.25238037109375
4221,76.59651947021484
4222,82.66765594482422
4223,241.39854431152344
4224,407.6204528808594
4225,151.91989135742188
4226,124.5340347290039
4227,369.09088134765625
4228,241.3023681640625
4229,416.7363586425781
4230,101.05791473388672
4231,152.45632934570312
4232,72.03356170654297
4233,89.1761245727539
4234,207.42625427246094
4235,223.7975311279297
4236,225.53005981445312
4237,71.52486419677734
4238,436.075439453125
4239,175.25775146484375
4240,384.999755859375
4241,110.96068572998047
4242,104.12400817871094
4243,154.25672912597656
4244,207.7200469970703
4245,94.64759826660156
4246,122.63943481445312
4247,228.1526336669922
4248,444.4195861816406
4249,197.7646484375
4250,434.5949401855469
4251,111.76156616210938
4252,273.0165710449219
4253,396.029296875
4254,104.43791961669922
4255,128.65907287597656
4256,396.8708190917969
4257,368.41448974609375
4258,120.92794036865234
4259,154.2163848876953
4260,325.385986328125
4261,385.81732177734375
4262,283.92425537109375
4263,224.53802490234375
4264,298.200439453125
4265,64.80411529541016
4266,452.9280090332031
4267,330.2784423828125
4268,159.01332092285156
4269,81.91374969482422
4270,183.43136596679688
4271,275.69586181640625
4272,60.09642028808594
4273,239.58743286132812
4274,187.8861541748047
4275,219.02830505371094
4276,386.5984802246094
4277,124.25728607177734
4278,78.74269104003906
4279,252.3577880859375
4280,306.43572998046875
4281,89.58309173583984
4282,101.98355102539062
4283,86.60997772216797
4284,155.65689086914062
4285,207.16339111328125
4286,189.12954711914062
4287,355.5114440917969
4288,195.0882110595703
4289,68.84991455078125
4290,238.61376953125
4291,90.25587463378906
4292,388.5053405761719
4293,113.8236083984375
4294,113.45780944824219
4295,442.50714111328125
4296,372.787353515625
4297,245.90182495117188
4298,221.9095458984375
4299,100.11687469482422
4300,109.81742858886719
4301,436.8959045410156
4302,321.5644836425781
4303,230.67037963867188
4304,246.9357452392578
4305,462.49212646484375
4306,121.03619384765625
4307,451.52410888671875
4308,237.4645538330078
4309,78.62339782714844
4310,251.85484313964844
4311,89.8477554321289
4312,88.75350189208984
4313,149.57542419433594
4314,144.7925262451172
4315,368.03631591796875
4316,133.04884338378906
4317,81.80992889404297
4318,238.0109405517578
4319,172.30206298828125
4320,116.80665588378906
4321,401.4969177246094
4322,386.7213134765625
4323,82.3235092163086
4324,310.6490478515625
4325,445.4034423828125
4326,142.99172973632812
4327,229.8562469482422
4328,341.8611755371094
4329,293.0515441894531
4330,190.64488220214844
4331,143.7880401611328
4332,246.94776916503906
4333,316.13531494140625
4334,162.3369903564453
4335,299.0791931152344
4336,436.9852600097656
4337,76.03014373779297
4338,104.23206329345703
4339,339.10626220703125
4340,225.10781860351562
4341,340.14013671875
4342,392.4586486816406
4343,206.47250366210938
4344,69.02523040771484
4345,146.01083374023438
4346,165.11598205566406
4347,168.3256378173828
4348,260.17486572265625
4349,218.8056640625
4350,345.3168029785156
4351,68.30632781982422
4352,81.66053009033203
4353,357.1769714355469
4354,249.2804412841797
4355,233.26336669921875
4356,103.01606750488281
4357,102.80376434326172
4358,121.46800994873047
4359,104.67070007324219
4360,446.0523681640625
4361,131.93569946289062
4362,99.011962890625
4363,247.56832885742188
4364,387.5299072265625
4365,437.8205871582031
4366,133.84642028808594
4367,67.99136352539062
4368,121.63897705078125
4369,168.92007446289062
4370,72.71957397460938
4371,132.78076171875
4372,399.6185607910156
4373,435.0882263183594
4374,279.4788818359375
4375,331.8607482910156
4376,179.8906707763672
4377,386.1763916015625
4378,389.9769287109375
4379,204.60064697265625
4380,79.4580307006836
4381,370.5701904296875
4382,435.1813049316406
4383,74.87854766845703
4384,448.1879577636719
4385,281.65924072265625
4386,192.17457580566406
4387,334.552734375
4388,178.15606689453125
4389,77.85625457763672
4390,282.8358154296875
4391,197.67083740234375
4392,93.09043884277344
4393,139.4644317626953
4394,129.22308349609375
4395,166.51925659179688
4396,298.94580078125
4397,115.11042022705078
4398,445.5442199707031
4399,70.1024169921875
4400,253.89932250976562
4401,394.17669677734375
4402,343.7073669433594
4403,361.8347473144531
4404,317.4561462402344
4405,61.42282485961914
4406,223.98919677734375
4407,266.6160583496094
4408,293.3108825683594
4409,184.08929443359375
4410,310.20770263671875
4411,74.18057250976562
4412,437.319091796875
4413,160.76760864257812
4414,84.51494598388672
4415,219.72201538085938
4416,112.79837036132812
4417,337.845458984375
4418,220.58848571777344
4419,380.7320861816406
4420,101.58071899414062
4421,454.5683288574219
4422,112.05416870117188
4423,70.24496459960938
4424,140.41407775878906
4425,275.3885803222656
4426,195.57325744628906
4427,60.52222442626953
4428,313.7305908203125
4429,135.3731231689453
4430,61.68030548095703
4431,390.9179382324219
4432,66.25556945800781
4433,391.8359069824219
4434,184.9652862548828
4435,117.28868103027344
4436,419.4021911621094
4437,75.1577377319336
4438,154.1478271484375
4439,433.9299621582031
4440,255.83290100097656
4441,92.8171615600586
4442,233.75579833984375
4443,139.90725708007812
4444,276.28363037109375
4445,176.55282592773438
4446,400.94580078125
4447,248.68443298339844
4448,328.54656982421875
4449,125.94740295410156
4450,249.1109161376953
4451,225.98342895507812
4452,87.66547393798828
4453,133.0500946044922
4454,287.8902587890625
4455,92.74871826171875
4456,75.21131896972656
4457,438.4815368652344
4458,69.61676025390625
4459,116.40499877929688
4460,247.1104736328125
4461,102.45674896240234
4462,106.5133285522461
4463,152.21795654296875
4464,174.98239135742188
4465,225.04019165039062
4466,213.28041076660156
4467,387.18426513671875
4468,143.16632080078125
4469,424.251708984375
4470,187.93206787109375
4471,82.49618530273438
4472,148.55319213867188
4473,109.80244445800781
4474,127.65848541259766
4475,236.36268615722656
4476,63.546600341796875
4477,314.4823913574219
4478,104.67523956298828
4479,321.56707763671875
4480,362.8789367675781
4481,248.80538940429688
4482,246.75473022460938
4483,298.39349365234375
4484,367.56890869140625
4485,92.41822814941406
4486,337.6216735839844
4487,300.8170471191406
4488,128.4015350341797
4489,231.97061157226562
4490,90.39662170410156
4491,93.72126770019531
4492,151.22279357910156
4493,246.51036071777344
4494,388.37103271484375
4495,70.50907897949219
4496,168.83433532714844
4497,125.14041137695312
4498,71.93107604980469
4499,319.49261474609375
4500,407.20294189453125
4501,420.29656982421875
4502,385.40008544921875
4503,221.40811157226562
4504,342.0881652832031
4505,219.43275451660156
4506,83.12824249267578
4507,305.03082275390625
4508,320.6444396972656
4509,278.6136779785156
4510,124.74846649169922
4511,135.9365234375
4512,93.5241928100586
4513,196.5044708251953
4514,308.91180419921875
4515,203.66542053222656
4516,135.41311645507812
4517,324.2899169921875
4518,182.26316833496094
4519,184.2901153564453
4520,167.6385040283203
4521,382.3805847167969
4522,161.97450256347656
4523,143.15988159179688
4524,83.59432983398438
4525,240.86749267578125
4526,162.85397338867188
4527,70.68560028076172
4528,238.44749450683594
4529,290.5827331542969
4530,445.31011962890625
4531,393.65057373046875
4532,67.34219360351562
4533,330.4404296875
4534,189.13905334472656
4535,444.1982116699219
4536,395.4071350097656
4537,149.39413452148438
4538,244.88046264648438
4539,292.9147644042969
4540,240.104736328125
4541,248.18014526367188
4542,244.28497314453125
4543,369.63433837890625
4544,410.79290771484375
4545,399.1412353515625
4546,98.99739074707031
4547,66.55382537841797
4548,201.58518981933594
4549,234.95314025878906
4550,347.11090087890625
4551,316.9441223144531
4552,336.63818359375
4553,401.09722900390625
4554,243.2503204345703
4555,350.6082763671875
4556,129.73231506347656
4557,197.78379821777344
4558,385.64935302734375
4559,330.7236022949219
4560,73.23931121826172
4561,409.0428466796875
4562,233.47836303710938
4563,449.4638366699219
4564,345.87139892578125
4565,433.76446533203125
4566,131.19786071777344
4567,359.3183898925781
4568,198.4192352294922
4569,275.7776184082031
4570,377.294189453125
4571,70.52986145019531
4572,88.67130279541016
4573,103.75763702392578
4574,82.65150451660156
4575,384.4794616699219
4576,373.10443115234375
4577,352.1698303222656
4578,65.83948516845703
4579,243.53350830078125
4580,119.68083190917969
4581,326.4083557128906
4582,77.61236572265625
4583,433.0928649902344
4584,246.08209228515625
4585,273.8260498046875
4586,178.5438690185547
4587,80.61188507080078
4588,390.4477233886719
4589,80.8368911743164
4590,89.07814025878906
4591,384.5454406738281
4592,150.4849090576172
4593,108.68363952636719
4594,345.03558349609375
4595,61.597412109375
4596,124.00248718261719
4597,96.83218383789062
4598,203.29286193847656
4599,128.8531951904297
4600,264.2188415527344
4601,279.3093566894531
4602,82.08080291748047
4603,424.1483154296875
4604,414.61083984375
4605,430.0213623046875
4606,284.7137756347656
4607,108.34098052978516
4608,128.71002197265625
4609,117.97295379638672
4610,118.6993179321289
4611,277.93426513671875
4612,219.79808044433594
4613,247.6419219970703
4614,398.2489013671875
4615,429.07977294921875
4616,430.0523986816406
4617,256.45489501953125
4618,284.4648132324219
4619,160.0646514892578
4620,436.24188232421875
4621,69.31375122070312
4622,128.86489868164062
4623,248.8476104736328
4624,146.72152709960938
4625,305.18743896484375
4626,53.93938064575195
4627,342.5209045410156
4628,141.20724487304688
4629,413.8576965332031
4630,162.02798461914062
4631,231.8010711669922
4632,284.27642822265625
4633,81.73880767822266
4634,78.78166961669922
4635,242.90652465820312
4636,165.80184936523438
4637,197.5044708251953
4638,258.7734069824219
4639,184.81134033203125
4640,80.3917465209961
4641,440.24957275390625
4642,236.26870727539062
4643,154.32420349121094
4644,414.2218322753906
4645,102.74384307861328
4646,69.08287811279297
4647,419.1963806152344
4648,70.84220886230469
4649,228.31227111816406
4650,75.31510925292969
4651,233.099853515625
4652,146.76104736328125
4653,386.15850830078125
4654,407.3137512207031
4655,325.91790771484375
4656,405.16973876953125
4657,420.8453369140625
4658,233.80210876464844
4659,206.54937744140625
4660,135.4491729736328
4661,100.465576171875
4662,330.0641174316406
4663,248.95947265625
4664,68.82466125488281
4665,289.38616943359375
4666,272.71270751953125
4667,134.49386596679688
4668,311.80950927734375
4669,87.51025390625
4670,250.0646514892578
4671,442.8882141113281
4672,409.1015930175781
4673,237.35702514648438
4674,180.99310302734375
4675,136.4864501953125
4676,341.6213073730469
4677,106.52224731445312
4678,272.1764831542969
4679,402.4429016113281
4680,191.9667510986328
4681,71.57782745361328
4682,381.6024169921875
4683,89.51968383789062
4684,201.69879150390625
4685,87.8939437866211
4686,119.29414367675781
4687,238.5831756591797
4688,170.22850036621094
4689,322.3523254394531
4690,308.27386474609375
4691,204.04141235351562
4692,372.54620361328125
4693,259.862548828125
4694,311.51873779296875
4695,410.44268798828125
4696,438.26800537109375
4697,263.2367858886719
4698,367.4609680175781
4699,80.51022338867188
4700,466.72271728515625
4701,75.3341293334961
4702,95.46920013427734
4703,138.82626342773438
4704,361.0608825683594
4705,158.03172302246094
4706,248.02540588378906
4707,122.54922485351562
4708,87.2764892578125
4709,296.3443908691406
4710,99.43436431884766
4711,300.7991027832031
4712,242.52108764648438
4713,112.69343566894531
4714,120.03907775878906
4715,89.80227661132812
4716,337.0219421386719
4717,85.7635498046875
4718,106.99543762207031
4719,232.37548828125
4720,115.36676025390625
4721,384.74407958984375
4722,65.73201751708984
4723,200.76190185546875
4724,236.69094848632812
4725,230.447998046875
4726,214.79420471191406
4727,63.300479888916016
4728,189.7857208251953
4729,238.71534729003906
4730,206.4962615966797
4731,106.0704116821289
4732,169.47955322265625
4733,120.09556579589844
4734,319.2074279785156
4735,108.23036193847656
4736,413.5293273925781
4737,172.82110595703125
4738,289.1658630371094
4739,83.96961975097656
4740,149.67626953125
4741,125.28895568847656
4742,208.01136779785156
4743,280.41998291015625
4744,328.2962951660156
4745,184.51528930664062
4746,318.94158935546875
4747,146.11593627929688
4748,83.40435028076172
4749,97.40530395507812
4750,185.75025939941406
4751,205.0908966064453
4752,194.35247802734375
4753,433.6479187011719
4754,93.53668975830078
4755,228.88856506347656
4756,362.1197509765625
4757,247.95965576171875
4758,327.45556640625
4759,391.8728942871094
4760,229.05975341796875
4761,73.7107925415039
4762,117.5868911743164
4763,85.62599182128906
4764,267.28680419921875
4765,392.1502685546875
4766,341.74468994140625
4767,82.83904266357422
4768,182.46348571777344
4769,91.02323913574219
4770,58.133079528808594
4771,189.11453247070312
4772,174.8622589111328
4773,86.70011138916016
4774,227.86976623535156
4775,94.68157958984375
4776,136.11412048339844
4777,376.3719482421875
4778,109.06681823730469
4779,77.79408264160156
4780,174.96957397460938
4781,76.53240966796875
4782,329.7699890136719
4783,188.5153350830078
4784,244.4152374267578
4785,327.38140869140625
4786,426.3274841308594
4787,233.6634063720703
4788,102.09688568115234
4789,62.068687438964844
4790,67.767333984375
4791,392.21795654296875
4792,74.52099609375
4793,95.17552947998047
4794,233.60494995117188
4795,272.7611999511719
4796,423.095947265625
4797,430.8052673339844
4798,266.7117919921875
4799,93.85057830810547
4800,133.55734252929688
4801,190.2406005859375
4802,71.751708984375
4803,113.84503173828125
4804,72.79471588134766
4805,175.42965698242188
4806,271.4881591796875
4807,377.79974365234375
4808,342.00775146484375
4809,200.02357482910156
4810,118.36691284179688
4811,443.4927673339844
4812,439.2961120605469
4813,293.25811767578125
4814,292.3420104980469
4815,88.4024658203125
4816,189.7431182861328
4817,143.89068603515625
4818,222.77304077148438
4819,309.1907043457031
4820,204.8880615234375
4821,205.22528076171875
4822,78.21170043945312
4823,441.6316833496094
4824,90.10365295410156
4825,406.4480895996094
4826,172.8325653076172
4827,351.3769226074219
4828,202.24729919433594
4829,318.850830078125
4830,69.385986328125
4831,309.30340576171875
4832,403.6852722167969
4833,195.09661865234375
4834,63.68437576293945
4835,232.6855010986328
4836,136.2816162109375
4837,95.39002227783203
4838,259.8113098144531
4839,68.2017822265625
4840,84.22979736328125
4841,302.8729553222656
4842,193.42520141601562
4843,244.24038696289062
4844,178.94937133789062
4845,414.6611328125
4846,312.1898193359375
4847,73.14208984375
4848,376.8326110839844
4849,220.33412170410156
4850,406.8890075683594
4851,297.43829345703125
4852,281.71319580078125
4853,155.5052947998047
4854,438.225830078125
4855,96.50858306884766
4856,90.39854431152344
4857,85.08575439453125
4858,110.12093353271484
4859,288.87109375
4860,160.84320068359375
4861,157.70767211914062
4862,316.46478271484375
4863,96.93067932128906
4864,74.44886779785156
4865,87.17385864257812
4866,187.75863647460938
4867,256.3793640136719
4868,166.7359619140625
4869,344.7783203125
4870,165.37026977539062
4871,98.99571228027344
4872,123.89750671386719
4873,135.92843627929688
4874,100.94363403320312
4875,262.2895202636719
4876,199.27578735351562
4877,260.1777038574219
4878,330.4852600097656
4879,392.26318359375
4880,288.2792663574219
4881,174.78614807128906
4882,415.0495910644531
4883,456.3490905761719
4884,195.24114990234375
4885,190.14816284179688
4886,409.93121337890625
4887,112.91841888427734
4888,422.9257507324219
4889,102.10453033447266
4890,73.01856231689453
4891,260.47021484375
4892,173.30789184570312
4893,137.18997192382812
4894,192.52552795410156
4895,413.44561767578125
4896,364.2072448730469
4897,320.4704284667969
4898,290.1194152832031
4899,267.2703552246094
4900,236.8542022705078
4901,93.90868377685547
4902,117.22500610351562
4903,431.8914794921875
4904,109.22591400146484
4905,379.9002380371094
4906,130.8346405029297
4907,280.8401184082031
4908,316.5409240722656
4909,105.95682525634766
4910,187.61276245117188
4911,230.8275146484375
4912,343.41448974609375
4913,257.2991943359375
4914,126.5682373046875
4915,302.3435363769531
4916,119.44754028320312
4917,322.0932312011719
4918,55.87622833251953
4919,269.0476989746094
4920,403.2239685058594
4921,170.4897003173828
4922,136.6144256591797
4923,97.55194854736328
4924,323.6184387207031
4925,187.31871032714844
4926,350.1058044433594
4927,124.15565490722656
4928,70.30841827392578
4929,112.3531494140625
4930,348.7232971191406
4931,112.50885009765625
4932,68.4594955444336
4933,242.68409729003906
4934,125.58068084716797
4935,101.96571350097656
4936,72.66056060791016
4937,436.5247802734375
4938,239.5676727294922
4939,116.18140411376953
4940,314.2572937011719
4941,125.12537384033203
4942,295.1784973144531
4943,74.42922973632812
4944,318.3034362792969
4945,261.4987487792969
4946,426.443359375
4947,380.47998046875
4948,417.1435852050781
4949,392.62591552734375
4950,420.7571105957031
4951,59.837162017822266
4952,94.47206115722656
4953,173.13894653320312
4954,65.10574340820312
4955,231.9873046875
4956,64.76376342773438
4957,124.72422790527344
4958,189.57620239257812
4959,78.92699432373047
4960,372.959716796875
4961,308.52630615234375
4962,153.76553344726562
4963,390.1977844238281
4964,92.1971664428711
4965,317.0087585449219
4966,140.00390625
4967,295.3245544433594
4968,152.2958984375
4969,132.59495544433594
4970,376.1874084472656
4971,402.2027893066406
4972,352.6912841796875
4973,84.9732894897461
4974,388.75592041015625
4975,381.3591613769531
4976,288.6624755859375
4977,253.27943420410156
4978,136.35890197753906
4979,368.3179931640625
4980,77.99246215820312
4981,166.097412109375
4982,370.3287353515625
4983,310.4145812988281
4984,377.9112548828125
4985,250.1587371826172
4986,412.8653869628906
4987,146.8592071533203
4988,387.6723937988281
4989,434.19659423828125
4990,101.28746795654297
4991,358.7757263183594
4992,226.4535675048828
4993,55.63276672363281
4994,446.12451171875
4995,79.11277770996094
4996,209.06455993652344
4997,147.64414978027344
4998,119.96871948242188
4999,73.3684310913086
5000,172.1444091796875
5001,152.91664123535156
5002,64.80005645751953
5003,91.67687225341797
5004,287.99566650390625
5005,421.8831787109375
5006,257.9611511230469
5007,340.5951232910156
5008,180.66268920898438
5009,110.82823944091797
5010,357.1434020996094
5011,113.91888427734375
5012,124.98306274414062
5013,63.562828063964844
5014,59.93989181518555
5015,97.79833984375
5016,83.18418884277344
5017,239.60101318359375
5018,414.69635009765625
5019,224.9813995361328
5020,439.2762756347656
5021,380.5570373535156
5022,70.07466888427734
5023,95.47948455810547
5024,248.4696502685547
5025,442.8536682128906
5026,95.4577407836914
5027,245.27537536621094
5028,141.7593231201172
5029,299.2586975097656
5030,465.3464050292969
5031,84.94817352294922
5032,206.14144897460938
5033,99.51905059814453
5034,242.42466735839844
5035,248.85023498535156
5036,80.31946563720703
5037,239.62391662597656
5038,244.5115966796875
5039,278.7740173339844
5040,346.8006896972656
5041,231.6278533935547
5042,233.7361602783203
5043,281.7071228027344
5044,95.13636779785156
5045,77.28804016113281
5046,109.3255615234375
5047,158.91867065429688
5048,177.9775390625
5049,111.28353118896484
5050,354.7550048828125
5051,346.521728515625
5052,195.6091766357422
5053,106.6446762084961
5054,129.56329345703125
5055,370.8326721191406
5056,85.85657501220703
5057,278.0057067871094
5058,212.8559112548828
5059,392.6824951171875
5060,107.91925811767578
5061,278.35614013671875
5062,313.1337585449219
5063,52.47642135620117
5064,389.59588623046875
5065,123.2286605834961
5066,261.6414489746094
5067,338.8126220703125
5068,396.71697998046875
5069,143.96295166015625
5070,91.42086791992188
5071,459.00653076171875
5072,177.7599639892578
5073,85.76277160644531
5074,257.156982421875
5075,330.18408203125
5076,165.46884155273438
5077,77.8642349243164
5078,132.41729736328125
5079,86.00567626953125
5080,104.48395538330078
5081,145.87289428710938
5082,419.66033935546875
5083,110.4988021850586
5084,67.34358978271484
5085,427.4792175292969
5086,419.8404235839844
5087,349.34906005859375
5088,218.4576416015625
5089,130.06529235839844
5090,121.02359008789062
5091,83.68235778808594
5092,282.88671875
5093,160.84791564941406
5094,58.855648040771484
5095,205.89271545410156
5096,65.00993347167969
5097,104.1744155883789
5098,311.2908630371094
5099,393.1045227050781
5100,107.24894714355469
5101,384.1877746582031
5102,448.9443054199219
5103,214.7787628173828
5104,343.6617126464844
5105,299.48480224609375
5106,135.90423583984375
5107,192.3468780517578
5108,251.11932373046875
5109,202.54063415527344
5110,50.786808013916016
5111,162.02505493164062
5112,388.6498107910156
5113,107.99369049072266
5114,378.39019775390625
5115,219.19712829589844
5116,224.8076171875
5117,69.79916381835938
5118,92.92015838623047
5119,141.9585418701172
5120,431.9831848144531
5121,118.31360626220703
5122,119.20079803466797
5123,93.28618621826172
5124,58.26795196533203
5125,366.2403259277344
5126,443.9388122558594
5127,450.9029541015625
5128,184.23568725585938
5129,427.54229736328125
5130,80.13988494873047
5131,306.25579833984375
5132,285.270751953125
5133,254.2534637451172
5134,247.74269104003906
5135,350.2434997558594
5136,390.0954284667969
5137,415.6233825683594
5138,404.45330810546875
5139,259.1016845703125
5140,214.8288116455078
5141,235.06088256835938
5142,84.45348358154297
5143,450.5166931152344
5144,455.8648681640625
5145,432.155517578125
5146,316.3773193359375
5147,96.82881927490234
5148,197.25233459472656
5149,149.77406311035156
5150,425.12188720703125
5151,262.5765380859375
5152,134.1453399658203
5153,161.0371856689453
5154,143.8409881591797
5155,316.06549072265625
5156,181.45761108398438
5157,64.17253875732422
5158,292.97161865234375
5159,159.46365356445312
5160,275.81488037109375
5161,124.74050903320312
5162,468.5567626953125
5163,117.2568359375
5164,320.60870361328125
5165,61.827552795410156
5166,175.28067016601562
5167,163.8679656982422
5168,254.0295867919922
5169,83.5509033203125
5170,113.40279388427734
5171,166.6936492919922
5172,83.49988555908203
5173,238.2255401611328
5174,152.1422576904297
5175,81.041259765625
5176,330.248291015625
5177,78.55514526367188
5178,99.50942993164062
5179,382.28948974609375
5180,387.1874694824219
5181,102.92323303222656
5182,416.14471435546875
5183,233.75991821289062
5184,461.0098876953125
5185,126.4509048461914
5186,362.4001159667969
5187,67.53741455078125
5188,273.87176513671875
5189,247.12574768066406
5190,75.16507720947266
5191,355.49603271484375
5192,374.6722106933594
5193,311.78094482421875
5194,110.76393127441406
5195,387.87469482421875
5196,356.5624084472656
5197,382.55157470703125
5198,74.58311462402344
5199,183.95948791503906
5200,186.1783447265625
5201,443.16424560546875
5202,432.1400451660156
5203,249.34658813476562
5204,211.673828125
5205,223.67608642578125
5206,244.25570678710938
5207,363.3026123046875
5208,351.7908935546875
5209,295.7088317871094
5210,94.69554901123047
5211,452.6662292480469
5212,311.4621276855469
5213,272.77899169921875
5214,436.9345397949219
5215,63.35695266723633
5216,81.3278579711914
5217,102.37763977050781
5218,433.5357360839844
5219,324.9836730957031
5220,387.2724304199219
5221,74.35150909423828
5222,150.0712432861328
5223,88.9926528930664
5224,139.7431182861328
5225,321.04632568359375
5226,364.5896911621094
5227,389.365966796875
5228,355.8850402832031
5229,89.33396911621094
5230,402.74603271484375
5231,165.70217895507812
5232,84.35340118408203
5233,349.686767578125
5234,331.8332824707031
5235,393.6698913574219
5236,458.3692932128906
5237,224.71298217773438
5238,84.85719299316406
5239,73.43399047851562
5240,96.5010757446289
5241,76.52519989013672
5242,191.80258178710938
5243,206.36746215820312
5244,263.0736083984375
5245,138.4309844970703
5246,287.93212890625
5247,386.0805358886719
5248,167.32070922851562
5249,80.00640869140625
5250,331.370361328125
5251,343.69805908203125
5252,111.96227264404297
5253,108.05645751953125
5254,401.761962890625
5255,373.2073974609375
5256,202.6684112548828
5257,193.19796752929688
5258,365.41363525390625
5259,122.36306762695312
5260,445.1344299316406
5261,170.7082061767578
5262,418.9380798339844
5263,278.1046447753906
5264,109.56973266601562
5265,287.5216979980469
5266,271.5247497558594
5267,79.90718841552734
5268,427.3855285644531
5269,82.78413391113281
5270,156.50640869140625
5271,86.76353454589844
5272,114.61195373535156
5273,148.84564208984375
5274,387.304931640625
5275,267.18524169921875
5276,245.9775848388672
5277,281.5809020996094
5278,233.5029296875
5279,157.34762573242188
5280,359.03131103515625
5281,92.40705871582031
5282,326.5348815917969
5283,70.18091583251953
5284,216.4978485107422
5285,385.8016052246094
5286,239.02122497558594
5287,79.09394836425781
5288,78.88188171386719
5289,100.3821029663086
5290,337.26806640625
5291,201.252685546875
5292,242.03707885742188
5293,318.4547424316406
5294,446.2165832519531
5295,96.20614624023438
5296,129.3668975830078
5297,468.5440979003906
5298,206.67405700683594
5299,208.19876098632812
5300,254.5198211669922
5301,170.60166931152344
5302,182.34719848632812
5303,450.75494384765625
5304,78.30905151367188
5305,209.900390625
5306,148.4166717529297
5307,128.3166961669922
5308,408.641357421875
5309,88.6551284790039
5310,192.13247680664062
5311,367.6451110839844
5312,62.869712829589844
5313,233.49269104003906
5314,151.6012725830078
5315,233.08522033691406
5316,250.77613830566406
5317,475.4338684082031
5318,122.83943176269531
5319,185.9781951904297
5320,85.16866302490234
5321,367.4892578125
5322,470.82757568359375
5323,194.4727020263672
5324,66.09526062011719
5325,112.57011413574219
5326,159.6192169189453
5327,148.22146606445312
5328,151.93067932128906
5329,163.74119567871094
5330,343.49908447265625
5331,111.0433349609375
5332,123.65528869628906
5333,195.2709197998047
5334,206.55120849609375
5335,345.09002685546875
5336,93.49117279052734
5337,189.54339599609375
5338,427.0411071777344
5339,109.64935302734375
5340,172.02700805664062
5341,187.90504455566406
5342,56.011234283447266
5343,60.835792541503906
5344,53.77403259277344
5345,171.83396911621094
5346,425.85302734375
5347,107.69966888427734
5348,416.6408996582031
5349,244.4143829345703
5350,228.3144989013672
5351,208.0323486328125
5352,115.04794311523438
5353,171.2145538330078
5354,374.7860107421875
5355,63.46969985961914
5356,82.25933074951172
5357,228.69764709472656
5358,387.60113525390625
5359,264.9747619628906
5360,423.9258117675781
5361,301.62408447265625
5362,362.7004699707031
5363,383.9374084472656
5364,67.59695434570312
5365,177.04672241210938
5366,324.6477966308594
5367,169.69451904296875
5368,61.75260925292969
5369,99.08680725097656
5370,95.34161376953125
5371,72.53983306884766
5372,146.55447387695312
5373,276.7070617675781
5374,61.440059661865234
5375,67.70722198486328
5376,383.8971252441406
5377,198.75177001953125
5378,123.63661193847656
5379,242.49081420898438
5380,308.5673828125
5381,77.21820068359375
5382,202.81275939941406
5383,454.03948974609375
5384,189.4571990966797
5385,148.69412231445312
5386,90.54374694824219
5387,224.08453369140625
5388,63.56071853637695
5389,328.1185302734375
5390,231.4715118408203
5391,153.74717712402344
5392,83.55632781982422
5393,308.684326171875
5394,387.7286071777344
5395,354.2002258300781
5396,90.31171417236328
5397,77.9931869506836
5398,111.66010284423828
5399,214.6895751953125
5400,227.16954040527344
5401,121.18025970458984
5402,316.21307373046875
5403,281.57586669921875
5404,98.74942016601562
5405,257.6279296875
5406,131.93182373046875
5407,122.69139099121094
5408,105.49617767333984
5409,99.09918975830078
5410,263.21197509765625
5411,123.8163833618164
5412,88.05977630615234
5413,108.49410247802734
5414,102.8555679321289
5415,200.33973693847656
5416,235.7808074951172
5417,83.30265808105469
5418,391.1566467285156
5419,200.75070190429688
5420,86.70909118652344
5421,237.49053955078125
5422,74.16679382324219
5423,140.38160705566406
5424,143.76370239257812
5425,331.8851623535156
5426,172.63706970214844
5427,145.72406005859375
5428,140.58375549316406
5429,412.3619079589844
5430,122.57520294189453
5431,156.64596557617188
5432,430.52557373046875
5433,139.15098571777344
5434,449.06927490234375
5435,117.85633850097656
5436,247.9359588623047
5437,307.9103088378906
5438,122.4030532836914
5439,346.5100402832031
5440,399.52545166015625
5441,105.80206298828125
5442,256.8372497558594
5443,205.93606567382812
5444,89.91239929199219
5445,143.0421142578125
5446,425.10345458984375
5447,452.5884704589844
5448,240.30242919921875
5449,162.91488647460938
5450,407.8819885253906
5451,393.9254455566406
5452,154.13368225097656
5453,411.79119873046875
5454,384.65386962890625
5455,402.49896240234375
5456,411.5666809082031
5457,198.6334686279297
5458,80.88429260253906
5459,184.0262908935547
5460,329.16192626953125
5461,109.4502182006836
5462,398.3216857910156
5463,136.58282470703125
5464,349.36749267578125
5465,354.1741943359375
5466,134.97952270507812
5467,105.20911407470703
5468,322.3665771484375
5469,323.875244140625
5470,79.51042938232422
5471,417.8318176269531
5472,209.0132598876953
5473,252.88705444335938
5474,138.20278930664062
5475,75.069580078125
5476,87.84149932861328
5477,454.025390625
5478,263.2618408203125
5479,312.5111389160156
5480,336.4157409667969
5481,105.84783935546875
5482,244.04837036132812
5483,458.5308837890625
5484,400.8816833496094
5485,122.09994506835938
5486,109.0869140625
5487,72.17221069335938
5488,418.63079833984375
5489,221.43345642089844
5490,340.1986999511719
5491,181.8759765625
5492,98.24980163574219
5493,185.5204315185547
5494,195.2136688232422
5495,288.8998107910156
5496,75.1236801147461
5497,198.04522705078125
5498,87.22630310058594
5499,129.57183837890625
5500,241.22972106933594
5501,435.4804382324219
5502,223.90762329101562
5503,101.79792785644531
5504,367.0863342285156
5505,244.99334716796875
5506,417.62890625
5507,382.8985595703125
5508,173.6562042236328
5509,151.87472534179688
5510,216.73681640625
5511,363.0021057128906
5512,390.8020324707031
5513,113.70752716064453
5514,132.41322326660156
5515,177.79519653320312
5516,134.42669677734375
5517,111.76446533203125
5518,58.66928482055664
5519,73.8941421508789
5520,249.0189666748047
5521,68.92176818847656
5522,58.83080291748047
5523,250.7443389892578
5524,149.07345581054688
5525,325.2250061035156
5526,360.4043884277344
5527,88.277099609375
5528,388.8918151855469
5529,332.9113464355469
5530,291.5694580078125
5531,327.2547912597656
5532,381.1253967285156
5533,351.139892578125
5534,190.73248291015625
5535,180.90745544433594
5536,81.38272857666016
5537,290.4931945800781
5538,108.71772003173828
5539,77.09219360351562
5540,67.1081314086914
5541,355.9532165527344
5542,334.5552673339844
5543,232.14149475097656
5544,449.36151123046875
5545,167.4698028564453
5546,131.71786499023438
5547,207.81912231445312
5548,430.47393798828125
5549,75.85855865478516
5550,206.7614288330078
5551,198.01376342773438
5552,80.03426361083984
5553,333.5500183105469
5554,101.9876937866211
5555,172.0603485107422
5556,223.81764221191406
5557,418.0319519042969
5558,378.3865661621094
5559,134.60687255859375
5560,418.7873229980469
5561,223.41000366210938
5562,282.1232604980469
5563,221.51235961914062
5564,337.1004333496094
5565,99.40055847167969
5566,116.96829223632812
5567,286.08782958984375
5568,356.3375549316406
5569,447.39581298828125
5570,145.68923950195312
5571,114.30760955810547
5572,98.28424072265625
5573,240.14068603515625
5574,205.59275817871094
5575,267.51824951171875
5576,90.03166198730469
5577,118.5107650756836
5578,437.2062683105469
5579,236.43533325195312
5580,113.51116943359375
5581,346.1968078613281
5582,390.5843505859375
5583,98.76387786865234
5584,387.2090759277344
5585,371.64056396484375
5586,93.56733703613281
5587,411.2263488769531
5588,103.74739074707031
5589,72.69273376464844
5590,404.20849609375
5591,154.2054443359375
5592,229.52305603027344
5593,346.6552734375
5594,406.7084045410156
5595,95.634033203125
5596,75.8959732055664
5597,423.33917236328125
5598,86.12806701660156
5599,422.4836120605469
5600,442.23101806640625
5601,370.0163269042969
5602,116.25238800048828
5603,449.0542297363281
5604,141.02944946289062
5605,416.6088562011719
5606,251.11074829101562
5607,109.7674789428711
5608,115.19677734375
5609,161.76242065429688
5610,358.3088684082031
5611,436.45867919921875
5612,112.1730728149414
5613,398.06719970703125
5614,208.1025390625
5615,388.04437255859375
5616,61.86808395385742
5617,467.72662353515625
5618,279.7453308105469
5619,347.06268310546875
5620,188.09869384765625
5621,213.09664916992188
5622,416.5457763671875
5623,417.5500183105469
5624,242.3397216796875
5625,113.82179260253906
5626,188.28359985351562
5627,194.93228149414062
5628,83.2718505859375
5629,208.42440795898438
5630,273.1114196777344
5631,438.66766357421875
5632,109.4786376953125
5633,336.99505615234375
5634,268.2483825683594
5635,151.27426147460938
5636,256.5115966796875
5637,59.60243606567383
5638,237.7903289794922
5639,185.13949584960938
5640,235.63365173339844
5641,350.301025390625
5642,163.11900329589844
5643,436.04486083984375
5644,70.38920593261719
5645,249.08787536621094
5646,199.53883361816406
5647,134.33984375
5648,89.35446166992188
5649,311.8567199707031
5650,90.15657806396484
5651,347.8700256347656
5652,129.5279083251953
5653,194.55194091796875
5654,83.56426239013672
5655,343.1452941894531
5656,242.12229919433594
5657,70.23384857177734
5658,449.6100769042969
5659,159.71810913085938
5660,145.9103546142578
5661,193.8425750732422
5662,195.3558349609375
5663,131.41677856445312
5664,104.0991439819336
5665,300.93157958984375
5666,87.25865936279297
5667,312.70233154296875
5668,129.25314331054688
5669,227.95556640625
5670,90.20980834960938
5671,190.74400329589844
5672,278.2410888671875
5673,427.88970947265625
5674,115.84129333496094
5675,366.53369140625
5676,416.6806640625
5677,249.17095947265625
5678,121.19276428222656
5679,365.76983642578125
5680,114.92988586425781
5681,241.15321350097656
5682,192.66470336914062
5683,235.22055053710938
5684,351.6213073730469
5685,83.28678131103516
5686,304.3208312988281
5687,377.6312561035156
5688,311.1220397949219
5689,384.77459716796875
5690,133.14443969726562
5691,427.1495666503906
5692,222.4685516357422
5693,180.4794158935547
5694,468.1779479980469
5695,78.13550567626953
5696,241.98931884765625
5697,402.78570556640625
5698,100.52552032470703
5699,113.55023193359375
5700,343.5111999511719
5701,137.90992736816406
5702,108.60456085205078
5703,148.15736389160156
5704,415.0891418457031
5705,179.20777893066406
5706,105.22447967529297
5707,445.5912170410156
5708,76.00492858886719
5709,191.18450927734375
5710,282.3731689453125
5711,74.07540130615234
5712,103.8670883178711
5713,248.61180114746094
5714,248.67930603027344
5715,231.617431640625
5716,108.7703857421875
5717,311.8247375488281
5718,247.425537109375
5719,352.8774108886719
5720,204.70648193359375
5721,339.7257080078125
5722,114.77960205078125
5723,309.1615905761719
5724,131.22142028808594
5725,356.5496520996094
5726,75.78414916992188
5727,351.33984375
5728,309.7727966308594
5729,431.6360778808594
5730,81.655517578125
5731,230.6989288330078
5732,69.44425964355469
5733,235.3162841796875
5734,348.4130554199219
5735,80.50617980957031
5736,183.58494567871094
5737,380.0355529785156
5738,313.2126159667969
5739,307.699462890625
5740,82.3905029296875
5741,265.150146484375
5742,233.43508911132812
5743,279.8561706542969
5744,102.8384780883789
5745,415.52142333984375
5746,470.0420837402344
5747,166.60787963867188
5748,110.19751739501953
5749,391.3834533691406
5750,70.46514892578125
5751,71.85712432861328
5752,86.81411743164062
5753,108.18441772460938
5754,129.53280639648438
5755,195.17047119140625
5756,149.21481323242188
5757,370.4592590332031
5758,161.31231689453125
5759,275.28094482421875
5760,66.90631103515625
5761,353.5181884765625
5762,230.39486694335938
5763,182.5443878173828
5764,397.7991943359375
5765,143.0266571044922
5766,336.7934875488281
5767,75.68138122558594
5768,121.52019500732422
5769,79.83262634277344
5770,221.49163818359375
5771,359.43170166015625
5772,116.55350494384766
5773,152.0172576904297
5774,276.676513671875
5775,353.2184753417969
5776,63.106300354003906
5777,193.716552734375
5778,78.10033416748047
5779,341.1455078125
5780,228.4716033935547
5781,416.1435241699219
5782,151.21971130371094
5783,262.969482421875
5784,233.83860778808594
5785,99.00259399414062
5786,376.3478698730469
5787,248.79476928710938
5788,293.0388488769531
5789,97.11498260498047
5790,84.00132751464844
5791,100.3717269897461
5792,330.0902099609375
5793,294.1663513183594
5794,436.05462646484375
5795,234.4857635498047
5796,183.18490600585938
5797,102.53045654296875
5798,447.5262145996094
5799,116.35363006591797
5800,235.96507263183594
5801,194.9670867919922
5802,438.99261474609375
5803,83.45867919921875
5804,275.2632751464844
5805,175.9330291748047
5806,442.5317077636719
5807,81.10091400146484
5808,86.00138092041016
5809,86.07106018066406
5810,128.9832305908203
5811,52.089805603027344
5812,155.46644592285156
5813,95.2440414428711
5814,57.47956085205078
5815,88.83386993408203
5816,62.3677864074707
5817,302.45953369140625
5818,395.34039306640625
5819,126.60276794433594
5820,263.0668640136719
5821,119.20057678222656
5822,233.97750854492188
5823,307.4079895019531
5824,75.20962524414062
5825,297.4599609375
5826,141.6011199951172
5827,159.52688598632812
5828,413.34722900390625
5829,461.61053466796875
5830,144.20944213867188
5831,228.66305541992188
5832,62.33078384399414
5833,414.7117004394531
5834,212.08950805664062
5835,165.68115234375
5836,386.867431640625
5837,74.08126068115234
5838,357.3193359375
5839,354.9848937988281
5840,88.77604675292969
5841,76.1470947265625
5842,281.773681640625
5843,105.42646026611328
5844,347.8626708984375
5845,312.37921142578125
5846,193.00502014160156
5847,275.8948059082031
5848,133.12838745117188
5849,154.37513732910156
5850,82.32318115234375
5851,173.3759307861328
5852,414.4765930175781
5853,270.4836120605469
5854,420.8828125
5855,185.93667602539062
5856,286.75323486328125
5857,237.6075439453125
5858,146.71389770507812
5859,115.32907104492188
5860,392.2611389160156
5861,73.67488861083984
5862,247.90318298339844
5863,345.8243713378906
5864,374.6659240722656
5865,183.0948486328125
5866,370.9332580566406
5867,296.3813781738281
5868,85.75733184814453
5869,204.05224609375
5870,125.34728240966797
5871,349.8062744140625
5872,211.46194458007812
5873,379.433349609375
5874,432.19580078125
5875,93.4997329711914
5876,124.08788299560547
5877,263.96112060546875
5878,94.01835632324219
5879,208.85562133789062
5880,74.92655944824219
5881,347.3343200683594
5882,290.1612854003906
5883,440.35699462890625
5884,256.7337951660156
5885,156.87451171875
5886,331.85302734375
5887,179.91134643554688
5888,184.2230224609375
5889,325.9598693847656
5890,390.63690185546875
5891,248.7813262939453
5892,286.2821044921875
5893,158.8405303955078
5894,94.07252502441406
5895,134.9944610595703
5896,284.72137451171875
5897,409.15704345703125
5898,261.74114990234375
5899,87.69328308105469
5900,74.65571594238281
5901,81.91856384277344
5902,199.3887939453125
5903,373.2678527832031
5904,243.33961486816406
5905,322.47991943359375
5906,122.19471740722656
5907,183.8226318359375
5908,327.7765197753906
5909,305.9982604980469
5910,250.11045837402344
5911,206.6468963623047
5912,257.0980529785156
5913,401.45562744140625
5914,329.3539123535156
5915,251.65768432617188
5916,281.491455078125
5917,321.12255859375
5918,246.4741973876953
5919,391.1283264160156
5920,190.43382263183594
5921,56.93037796020508
5922,404.3984375
5923,200.91929626464844
5924,74.3385009765625
5925,79.3828125
5926,368.76690673828125
5927,106.68177032470703
5928,313.8969421386719
5929,117.68107604980469
5930,432.52838134765625
5931,197.31996154785156
5932,280.247314453125
5933,330.5240783691406
5934,69.54853057861328
5935,397.9381408691406
5936,388.0395812988281
5937,216.9706573486328
5938,95.2929458618164
5939,422.42352294921875
5940,244.78822326660156
5941,327.5206298828125
5942,192.51841735839844
5943,85.5489730834961
5944,71.79988861083984
5945,442.07061767578125
5946,272.84625244140625
5947,76.7375259399414
5948,90.9652328491211
5949,192.1717071533203
5950,244.92523193359375
5951,267.92010498046875
5952,169.6073455810547
5953,375.771728515625
5954,198.57412719726562
5955,260.57818603515625
5956,188.587646484375
5957,62.43885803222656
5958,99.69385528564453
5959,132.935302734375
5960,190.12542724609375
5961,284.0965270996094
5962,207.91043090820312
5963,93.504150390625
5964,188.02847290039062
5965,383.7170104980469
5966,88.43309783935547
5967,70.00938415527344
5968,239.10475158691406
5969,257.4472961425781
5970,365.32049560546875
5971,376.55303955078125
5972,117.57318878173828
5973,96.23756408691406
5974,250.47499084472656
5975,93.713623046875
5976,434.961181640625
5977,58.2691764831543
5978,107.99703216552734
5979,373.7252197265625
5980,79.78761291503906
5981,236.47434997558594
5982,105.50131225585938
5983,92.1539535522461
5984,334.0426330566406
5985,370.9640808105469
5986,277.3839111328125
5987,139.94314575195312
5988,84.64379119873047
5989,152.8726348876953
5990,114.16375732421875
5991,68.02794647216797
5992,209.79454040527344
5993,169.32566833496094
5994,59.96604537963867
5995,268.17181396484375
5996,143.80662536621094
5997,273.7888488769531
5998,329.1086730957031
5999,215.8015899658203
6000,283.63970947265625
6001,293.366943359375
6002,146.81944274902344
6003,218.44039916992188
6004,391.069580078125
6005,154.6037139892578
6006,313.42156982421875
6007,188.68801879882812
6008,422.1294250488281
6009,306.0827331542969
6010,154.82986450195312
6011,335.8125
6012,413.5129089355469
6013,139.57382202148438
6014,183.00094604492188
6015,229.7065887451172
6016,217.4544219970703
6017,215.2855224609375
6018,100.78567504882812
6019,416.8551025390625
6020,359.3045959472656
6021,107.06230163574219
6022,194.65545654296875
6023,346.4666442871094
6024,119.58134460449219
6025,297.53857421875
6026,130.43014526367188
6027,240.91893005371094
6028,174.3785400390625
6029,237.79112243652344
6030,88.34465789794922
6031,71.31217956542969
6032,102.07041931152344
6033,359.70562744140625
6034,198.66943359375
6035,227.6041259765625
6036,344.2185974121094
6037,150.14285278320312
6038,471.04534912109375
6039,238.25111389160156
6040,386.8169250488281
6041,337.806640625
6042,219.245849609375
6043,117.37744903564453
6044,69.71886444091797
6045,173.77586364746094
6046,285.500732421875
6047,105.78276062011719
6048,188.27220153808594
6049,321.8659973144531
6050,242.61190795898438
6051,126.56094360351562
6052,193.37002563476562
6053,130.16441345214844
6054,438.2107238769531
6055,246.25189208984375
6056,98.83621978759766
6057,445.2364196777344
6058,144.4748077392578
6059,80.1208724975586
6060,184.4639434814453
6061,218.1486053466797
6062,350.4463806152344
6063,150.78433227539062
6064,339.8846435546875
6065,132.19061279296875
6066,450.3001708984375
6067,288.22503662109375
6068,132.87820434570312
6069,328.5537109375
6070,352.89532470703125
6071,117.40868377685547
6072,248.17950439453125
6073,58.59498596191406
6074,151.1283416748047
6075,73.73241424560547
6076,331.3015441894531
6077,114.1828384399414
6078,259.5078430175781
6079,91.76964569091797
6080,227.62867736816406
6081,176.2930145263672
6082,97.67400360107422
6083,232.62020874023438
6084,118.4576416015625
6085,360.2827453613281
6086,93.97592163085938
6087,200.4707794189453
6088,349.56170654296875
6089,433.5714111328125
6090,321.0749206542969
6091,169.0414276123047
6092,326.3026123046875
6093,225.87156677246094
6094,111.35771179199219
6095,238.3335418701172
6096,105.15319061279297
6097,231.06204223632812
6098,216.6971893310547
6099,180.94839477539062
6100,411.04901123046875
6101,114.26981353759766
6102,184.0165557861328
6103,376.4851379394531
6104,125.61302947998047
6105,96.30844116210938
6106,189.8311004638672
6107,93.32666778564453
6108,171.04931640625
6109,332.39727783203125
6110,411.5895690917969
6111,402.049072265625
6112,311.9678649902344
6113,284.9617004394531
6114,99.87671661376953
6115,203.84005737304688
6116,243.11390686035156
6117,418.9231262207031
6118,212.44448852539062
6119,64.51895904541016
6120,260.9335021972656
6121,203.25509643554688
6122,334.7908020019531
6123,84.63580322265625
6124,354.3121032714844
6125,87.19206237792969
6126,417.58935546875
6127,70.66429901123047
6128,135.47760009765625
6129,251.54440307617188
6130,210.68930053710938
6131,124.67662048339844
6132,255.93016052246094
6133,242.34918212890625
6134,410.843505859375
6135,253.220458984375
6136,156.90895080566406
6137,193.19937133789062
6138,232.35609436035156
6139,393.843505859375
6140,342.0523376464844
6141,317.4819030761719
6142,339.8849792480469
6143,358.8985595703125
6144,428.838134765625
6145,296.9693298339844
6146,197.84962463378906
6147,125.76908874511719
6148,377.0365905761719
6149,198.93310546875
6150,444.2149658203125
6151,438.8699951171875
6152,352.7305908203125
6153,162.79275512695312
6154,57.606964111328125
6155,370.55352783203125
6156,86.84891510009766
6157,197.12033081054688
6158,125.8095932006836
6159,250.97169494628906
6160,233.8706817626953
6161,98.4791259765625
6162,195.26170349121094
6163,216.42701721191406
6164,81.29119873046875
6165,93.66207122802734
6166,89.50774383544922
6167,140.285400390625
6168,94.14925384521484
6169,337.52423095703125
6170,94.39374542236328
6171,344.4130859375
6172,140.02621459960938
6173,391.1973876953125
6174,133.73455810546875
6175,273.2156066894531
6176,247.56060791015625
6177,163.99249267578125
6178,344.0336608886719
6179,266.5859680175781
6180,236.36196899414062
6181,137.7010040283203
6182,218.14080810546875
6183,208.1033477783203
6184,353.2804260253906
6185,447.5083923339844
6186,127.02510833740234
6187,184.58053588867188
6188,177.47842407226562
6189,324.53076171875
6190,232.6239013671875
6191,247.2325897216797
6192,357.863525390625
6193,262.6283874511719
6194,366.8004455566406
6195,207.09738159179688
6196,413.81292724609375
6197,178.17185974121094
6198,293.9493408203125
6199,348.991943359375
6200,286.33447265625
6201,221.9240264892578
6202,143.54380798339844
6203,376.94403076171875
6204,222.44174194335938
6205,101.49811553955078
6206,345.0616760253906
6207,118.62359619140625
6208,82.86106872558594
6209,432.3420715332031
6210,134.1147918701172
6211,438.5411376953125
6212,192.57882690429688
6213,115.04981231689453
6214,274.2165832519531
6215,243.53846740722656
6216,165.37484741210938
6217,254.6840057373047
6218,441.00091552734375
6219,370.42486572265625
6220,158.81617736816406
6221,376.5879821777344
6222,62.867713928222656
6223,167.78196716308594
6224,77.25284576416016
6225,294.8074035644531
6226,266.8287658691406
6227,99.36693572998047
6228,201.1136474609375
6229,162.24496459960938
6230,250.3123321533203
6231,346.46148681640625
6232,209.08013916015625
6233,122.18806457519531
6234,250.4747314453125
6235,287.25506591796875
6236,196.42555236816406
6237,68.48664093017578
6238,418.3658447265625
6239,177.45338439941406
6240,105.21814727783203
6241,276.66192626953125
6242,260.8850402832031
6243,87.74702453613281
6244,59.03769302368164
6245,385.9828186035156
6246,229.4238739013672
6247,187.389892578125
6248,303.26409912109375
6249,62.90916061401367
6250,250.28057861328125
6251,308.1985168457031
6252,59.620086669921875
6253,154.25599670410156
6254,298.75140380859375
6255,241.41458129882812
6256,74.54571533203125
6257,430.3688659667969
6258,254.93624877929688
6259,369.6211853027344
6260,344.04779052734375
6261,448.4552917480469
6262,418.8753356933594
6263,278.3726806640625
6264,109.35775756835938
6265,58.466224670410156
6266,308.43798828125
6267,62.01558303833008
6268,285.08843994140625
6269,93.48915100097656
6270,395.29046630859375
6271,154.058349609375
6272,81.13720703125
6273,201.34423828125
6274,312.3699951171875
6275,166.23468017578125
6276,105.77705383300781
6277,210.6533203125
6278,328.0964050292969
6279,75.58072662353516
6280,151.391845703125
6281,78.123046875
6282,344.6390075683594
6283,402.8443298339844
6284,139.0771484375
6285,123.88804626464844
6286,415.7467346191406
6287,173.5844268798828
6288,224.2224884033203
6289,214.1602020263672
6290,208.82156372070312
6291,275.9315490722656
6292,296.763671875
6293,418.7723083496094
6294,134.59127807617188
6295,246.5841827392578
6296,153.00262451171875
6297,67.80176544189453
6298,429.7074890136719
6299,425.1890869140625
6300,135.8899688720703
6301,404.9721984863281
6302,261.53704833984375
6303,336.0562744140625
6304,378.7643737792969
6305,168.6410675048828
6306,142.55699157714844
6307,289.9170227050781
6308,138.0242919921875
6309,304.6595764160156
6310,310.8226318359375
6311,299.4723205566406
6312,401.1214294433594
6313,433.6071472167969
6314,264.4322814941406
6315,322.84832763671875
6316,110.30743408203125
6317,136.43101501464844
6318,196.43174743652344
6319,252.95899963378906
6320,138.20639038085938
6321,89.79730987548828
6322,418.4695129394531
6323,332.5937805175781
6324,364.6687927246094
6325,364.7000427246094
6326,423.8690185546875
6327,128.53358459472656
6328,99.93633270263672
6329,102.90927124023438
6330,223.8224639892578
6331,80.10189819335938
6332,430.6771545410156
6333,344.3681640625
6334,266.34454345703125
6335,350.03564453125
6336,172.67666625976562
6337,73.88541412353516
6338,81.75552368164062
6339,81.8317642211914
6340,452.621337890625
6341,250.48245239257812
6342,102.9811782836914
6343,79.54139709472656
6344,71.55469512939453
6345,95.85982513427734
6346,326.5375061035156
6347,167.60597229003906
6348,126.78080749511719
6349,407.4189147949219
6350,251.32418823242188
6351,164.22715759277344
6352,247.56307983398438
6353,215.23915100097656
6354,344.46429443359375
6355,332.84820556640625
6356,224.4884796142578
6357,364.8085632324219
6358,113.00411987304688
6359,69.35257720947266
6360,173.1658477783203
6361,225.10177612304688
6362,89.36101531982422
6363,199.88279724121094
6364,430.3282470703125
6365,268.3666076660156
6366,412.9335632324219
6367,308.713623046875
6368,73.21162414550781
6369,272.953125
6370,243.53977966308594
6371,341.0620422363281
6372,242.95376586914062
6373,231.565185546875
6374,266.5130920410156
6375,237.538330078125
6376,314.7431640625
6377,175.07745361328125
6378,82.5906982421875
6379,445.8728942871094
6380,369.1195373535156
6381,64.13184356689453
6382,72.93683624267578
6383,115.02305603027344
6384,424.42633056640625
6385,385.6746826171875
6386,65.28382873535156
6387,289.7569580078125
6388,445.4671325683594
6389,74.43457794189453
6390,308.27386474609375
6391,283.3622131347656
6392,61.334632873535156
6393,91.14674377441406
6394,157.69837951660156
6395,175.73997497558594
6396,102.91498565673828
6397,105.90030670166016
6398,258.19073486328125
6399,227.45437622070312
6400,173.62066650390625
6401,242.1240692138672
6402,347.83026123046875
6403,198.55824279785156
6404,88.31583404541016
6405,297.5552673339844
6406,195.2742156982422
6407,273.9598693847656
6408,419.3160705566406
6409,83.36827850341797
6410,228.07325744628906
6411,173.55482482910156
6412,228.2581024169922
6413,143.84768676757812
6414,327.78924560546875
6415,258.9776611328125
6416,173.96327209472656
6417,389.5923156738281
6418,282.3088073730469
6419,231.9793701171875
6420,289.2948303222656
6421,399.2662048339844
6422,255.66510009765625
6423,107.96124267578125
6424,346.0177917480469
6425,260.526611328125
6426,75.98644256591797
6427,257.01861572265625
6428,452.15716552734375
6429,184.20843505859375
6430,235.72189331054688
6431,359.1172180175781
6432,370.91998291015625
6433,424.64117431640625
6434,224.28167724609375
6435,317.07989501953125
6436,378.7599792480469
6437,309.75384521484375
6438,344.5829162597656
6439,177.7421112060547
6440,106.6103744506836
6441,408.8096618652344
6442,180.96263122558594
6443,147.37913513183594
6444,297.3429260253906
6445,115.4398422241211
6446,132.40428161621094
6447,122.66358184814453
6448,165.9103240966797
6449,287.0844421386719
6450,85.31269073486328
6451,127.42892456054688
6452,241.92698669433594
6453,193.46827697753906
6454,313.73858642578125
6455,170.054931640625
6456,123.56446838378906
6457,119.53544616699219
6458,157.80564880371094
6459,399.12420654296875
6460,433.65533447265625
6461,201.42555236816406
6462,309.3508605957031
6463,152.94039916992188
6464,377.7237243652344
6465,149.3599090576172
6466,356.9081115722656
6467,101.57780456542969
6468,281.2869873046875
6469,290.0284423828125
6470,201.6366424560547
6471,203.2513885498047
6472,197.12252807617188
6473,133.90977478027344
6474,394.9865417480469
6475,210.96778869628906
6476,66.2796401977539
6477,328.71417236328125
6478,249.14414978027344
6479,193.0101318359375
6480,119.7923355102539
6481,144.19741821289062
6482,184.58181762695312
6483,266.29254150390625
6484,434.2839050292969
6485,74.23930358886719
6486,217.75775146484375
6487,275.65740966796875
6488,128.33154296875
6489,370.28271484375
6490,367.2181091308594
6491,350.2956237792969
6492,317.1882019042969
6493,80.22769165039062
6494,307.7168884277344
6495,389.60430908203125
6496,302.12640380859375
6497,472.9530944824219
6498,338.2707824707031
6499,251.6563720703125
6500,285.3811950683594
6501,332.5951232910156
6502,433.4119873046875
6503,401.111328125
6504,327.28302001953125
6505,399.07122802734375
6506,269.16754150390625
6507,86.60844421386719
6508,342.74896240234375
6509,369.057373046875
6510,160.03530883789062
6511,216.76856994628906
6512,368.41644287109375
6513,66.99629211425781
6514,272.6087646484375
6515,91.77713775634766
6516,145.01478576660156
6517,208.58871459960938
6518,254.6264190673828
6519,336.4306945800781
6520,226.41798400878906
6521,303.18267822265625
6522,442.2469482421875
6523,412.1809387207031
6524,421.01025390625
6525,196.26780700683594
6526,127.50041961669922
6527,116.28015899658203
6528,84.73075103759766
6529,245.5068359375
6530,289.19073486328125
6531,410.8331298828125
6532,429.5650939941406
6533,125.7397689819336
6534,116.17524719238281
6535,238.6343994140625
6536,434.09130859375
6537,404.2597351074219
6538,346.6174621582031
6539,90.3119125366211
6540,132.4715118408203
6541,300.41302490234375
6542,85.57160186767578
6543,90.67858123779297
6544,262.5591735839844
6545,287.0209045410156
6546,154.64370727539062
6547,103.9135513305664
6548,314.60205078125
6549,276.88018798828125
6550,229.0278778076172
6551,164.15184020996094
6552,95.64901733398438
6553,451.9659118652344
6554,234.1033172607422
6555,82.691650390625
6556,248.12503051757812
6557,390.99017333984375
6558,361.78106689453125
6559,129.80177307128906
6560,134.2174072265625
6561,141.97808837890625
6562,135.52085876464844
6563,424.589599609375
6564,79.6190414428711
6565,107.20112609863281
6566,162.55630493164062
6567,243.8943634033203
6568,105.043212890625
6569,281.329833984375
6570,200.7247772216797
6571,66.98051452636719
6572,149.24383544921875
6573,281.13568115234375
6574,151.08168029785156
6575,323.06494140625
6576,416.2771301269531
6577,75.93756103515625
6578,222.416259765625
6579,361.7398376464844
6580,335.4154052734375
6581,277.52532958984375
6582,77.73066711425781
6583,157.86041259765625
6584,235.08572387695312
6585,180.88714599609375
6586,179.79708862304688
6587,92.55683135986328
6588,106.11986541748047
6589,147.8258819580078
6590,85.03924560546875
6591,117.50831604003906
6592,224.0385284423828
6593,350.9443664550781
6594,295.37451171875
6595,442.4414367675781
6596,155.33486938476562
6597,358.7667541503906
6598,346.865478515625
6599,367.69989013671875
6600,125.97803497314453
6601,222.09228515625
6602,356.2942199707031
6603,325.8540954589844
6604,274.9567565917969
6605,158.8628387451172
6606,171.5595703125
6607,96.6241683959961
6608,132.2167510986328
6609,127.61979675292969
6610,99.86046600341797
6611,330.9720764160156
6612,295.70501708984375
6613,126.34339904785156
6614,384.779541015625
6615,140.61680603027344
6616,159.8504180908203
6617,356.0314636230469
6618,249.7701416015625
6619,93.04804992675781
6620,166.5704803466797
6621,349.5383605957031
6622,222.39076232910156
6623,423.31427001953125
6624,235.68748474121094
6625,383.5762634277344
6626,84.29010009765625
6627,235.58164978027344
6628,337.2892761230469
6629,248.03749084472656
6630,169.39642333984375
6631,450.3040466308594
6632,198.5628662109375
6633,63.317779541015625
6634,437.5017395019531
6635,68.12568664550781
6636,88.44886016845703
6637,220.63848876953125
6638,276.7779541015625
6639,207.5550537109375
6640,197.7886962890625
6641,163.69451904296875
6642,194.97216796875
6643,101.3166275024414
6644,71.57372283935547
6645,361.0941467285156
6646,441.12713623046875
6647,121.78863525390625
6648,87.9653091430664
6649,149.77783203125
6650,207.9842529296875
6651,320.6932678222656
6652,407.7907409667969
6653,215.65200805664062
6654,385.098388671875
6655,308.15924072265625
6656,378.3255920410156
6657,80.74163055419922
6658,111.90747833251953
6659,100.59752655029297
6660,363.7569885253906
6661,202.75091552734375
6662,392.5659484863281
6663,454.9895324707031
6664,127.59088134765625
6665,345.75390625
6666,434.9610290527344
6667,179.6479034423828
6668,258.9399108886719
6669,328.9472961425781
6670,218.50146484375
6671,408.9180603027344
6672,172.83384704589844
6673,404.1548767089844
6674,372.5754089355469
6675,395.4590148925781
6676,81.9426040649414
6677,108.00405883789062
6678,213.00180053710938
6679,181.9733123779297
6680,397.58831787109375
6681,310.85040283203125
6682,126.17633819580078
6683,209.5275115966797
6684,175.28289794921875
6685,206.6409149169922
6686,111.4277114868164
6687,197.0327911376953
6688,83.60530090332031
6689,263.8307800292969
6690,221.74354553222656
6691,220.88157653808594
6692,111.03849029541016
6693,100.7962417602539
6694,285.0289611816406
6695,324.09521484375
6696,400.6234436035156
6697,310.0391845703125
6698,70.91751861572266
6699,358.8010559082031
6700,75.68467712402344
6701,170.7655792236328
6702,169.4803466796875
6703,214.21856689453125
6704,84.38221740722656
6705,125.78801727294922
6706,174.0664825439453
6707,428.4571228027344
6708,449.8958740234375
6709,415.09930419921875
6710,265.5916442871094
6711,420.9729309082031
6712,244.52296447753906
6713,324.5943603515625
6714,112.2347640991211
6715,100.71621704101562
6716,169.75106811523438
6717,116.87786102294922
6718,215.68960571289062
6719,170.50421142578125
6720,195.6692352294922
6721,221.75253295898438
6722,368.9299621582031
6723,315.713134765625
6724,77.29944610595703
6725,125.40507507324219
6726,248.5281524658203
6727,106.293701171875
6728,88.892333984375
6729,168.70867919921875
6730,155.81150817871094
6731,422.4324035644531
6732,227.92030334472656
6733,128.49374389648438
6734,395.33160400390625
6735,272.3943176269531
6736,106.49240112304688
6737,382.1305236816406
6738,176.819580078125
6739,111.9901351928711
6740,257.90997314453125
6741,199.22061157226562
6742,74.4739761352539
6743,154.43881225585938
6744,286.61016845703125
6745,116.09662628173828
6746,144.01808166503906
6747,106.09908294677734
6748,135.9637451171875
6749,66.23831939697266
6750,355.01220703125
6751,95.33562469482422
6752,334.6009216308594
6753,249.61099243164062
6754,108.12425231933594
6755,259.0589294433594
6756,342.47576904296875
6757,221.1007080078125
6758,266.08319091796875
6759,335.3394775390625
6760,304.2214050292969
6761,200.54171752929688
6762,138.34153747558594
6763,132.4474639892578
6764,307.4150390625
6765,450.9390869140625
6766,321.534423828125
6767,362.1570129394531
6768,360.53021240234375
6769,136.32000732421875
6770,357.3733215332031
6771,328.2925109863281
6772,304.8503112792969
6773,301.99237060546875
6774,77.5659408569336
6775,81.36518096923828
6776,64.06932067871094
6777,143.6904296875
6778,223.4061737060547
6779,424.3769836425781
6780,311.38824462890625
6781,132.2053680419922
6782,98.33757019042969
6783,232.41590881347656
6784,262.4688415527344
6785,167.34600830078125
6786,124.37617492675781
6787,320.4299621582031
6788,361.8570861816406
6789,176.75694274902344
6790,190.8209228515625
6791,157.7581787109375
6792,312.75640869140625
6793,267.1417236328125
6794,272.9275207519531
6795,304.1771240234375
6796,336.4314880371094
6797,68.91189575195312
6798,155.0067596435547
6799,317.8735656738281
6800,277.1555480957031
6801,454.6251525878906
6802,373.16119384765625
6803,422.4477233886719
6804,341.9117431640625
6805,168.52462768554688
6806,327.64129638671875
6807,96.32635498046875
6808,259.98284912109375
6809,296.7837219238281
6810,198.2121124267578
6811,255.49984741210938
6812,112.7497329711914
6813,309.4956970214844
6814,263.9229736328125
6815,424.1570129394531
6816,306.2056884765625
6817,378.2778625488281
6818,347.9037170410156
6819,436.333251953125
6820,292.0816955566406
6821,187.62440490722656
6822,76.72515106201172
6823,169.40870666503906
6824,148.94723510742188
6825,386.53509521484375
6826,408.43017578125
6827,194.71978759765625
6828,162.600341796875
6829,355.926025390625
6830,358.90594482421875
6831,348.6057434082031
6832,349.3426513671875
6833,260.727294921875
6834,120.20330810546875
6835,326.92132568359375
6836,173.46023559570312
6837,99.8478012084961
6838,69.22489929199219
6839,310.7411804199219
6840,95.00821685791016
6841,240.11106872558594
6842,235.60525512695312
6843,164.84376525878906
6844,416.5707092285156
6845,298.0439758300781
6846,119.69164276123047
6847,185.76853942871094
6848,395.6847229003906
6849,76.84797668457031
6850,195.1809844970703
6851,462.76141357421875
6852,85.51779174804688
6853,190.18470764160156
6854,356.8800354003906
6855,75.47926330566406
6856,417.2724914550781
6857,397.8245849609375
6858,400.8147277832031
6859,278.2955322265625
6860,407.1305236816406
6861,89.06600952148438
6862,131.98353576660156
6863,233.75291442871094
6864,379.60540771484375
6865,297.5019226074219
6866,113.82501220703125
6867,277.1900634765625
6868,375.82666015625
6869,190.05398559570312
6870,161.50685119628906
6871,61.30783462524414
6872,68.67939758300781
6873,103.38707733154297
6874,104.10308074951172
6875,104.25263977050781
6876,153.40109252929688
6877,359.303466796875
6878,391.2117004394531
6879,311.9735412597656
6880,383.66796875
6881,156.7463836669922
6882,97.36457061767578
6883,168.21331787109375
6884,331.8597717285156
6885,73.06609344482422
6886,249.38255310058594
6887,103.31636810302734
6888,455.36712646484375
6889,337.36639404296875
6890,101.35685729980469
6891,114.74290466308594
6892,243.64242553710938
6893,425.2789001464844
6894,97.43858337402344
6895,281.1316833496094
6896,269.8701171875
6897,335.802978515625
6898,199.41543579101562
6899,411.0059814453125
6900,144.7628631591797
6901,72.40913391113281
6902,327.8149108886719
6903,97.57286834716797
6904,114.32447052001953
6905,229.01852416992188
6906,158.87893676757812
6907,273.76904296875
6908,180.2461395263672
6909,89.23210906982422
6910,79.27474975585938
6911,121.3313217163086
6912,335.473388671875
6913,325.4996643066406
6914,404.9219055175781
6915,379.0512390136719
6916,94.96614837646484
6917,255.91409301757812
6918,222.50596618652344
6919,366.01763916015625
6920,418.5177001953125
6921,163.28240966796875
6922,242.88401794433594
6923,314.4608154296875
6924,357.226806640625
6925,224.30902099609375
6926,159.1070556640625
6927,85.49090576171875
6928,428.2539978027344
6929,72.04499816894531
6930,385.1009521484375
6931,74.62247467041016
6932,444.36181640625
6933,362.78546142578125
6934,345.171142578125
6935,205.85610961914062
6936,71.5797119140625
6937,80.58006286621094
6938,189.87152099609375
6939,440.8181457519531
6940,245.2998504638672
6941,249.70840454101562
6942,170.12648010253906
6943,423.1069030761719
6944,100.49103546142578
6945,123.78482055664062
6946,129.20516967773438
6947,268.4175720214844
6948,425.6007385253906
6949,328.63702392578125
6950,149.5817108154297
6951,330.0224304199219
6952,210.23487854003906
6953,425.61871337890625
6954,441.7964172363281
6955,259.04931640625
6956,407.047119140625
6957,382.7125244140625
6958,178.87985229492188
6959,111.0529556274414
6960,343.8444519042969
6961,353.2788391113281
6962,432.72125244140625
6963,274.5826416015625
6964,110.00120544433594
6965,171.72750854492188
6966,130.28665161132812
6967,56.95699691772461
6968,367.561279296875
6969,279.9325256347656
6970,190.822265625
6971,236.21775817871094
6972,242.86737060546875
6973,247.2596893310547
6974,198.968505859375
6975,239.8484344482422
6976,332.3968200683594
6977,429.3560791015625
6978,87.16870880126953
6979,286.5376281738281
6980,146.634033203125
6981,69.10163879394531
6982,339.9352111816406
6983,304.4925537109375
6984,322.7138977050781
6985,78.51112365722656
6986,363.9556884765625
6987,171.85427856445312
6988,302.5529479980469
6989,141.13034057617188
6990,204.4658966064453
6991,351.33282470703125
6992,288.699462890625
6993,110.11164855957031
6994,227.38626098632812
6995,176.6691131591797
6996,229.8446502685547
6997,280.6344299316406
6998,329.34637451171875
6999,436.03277587890625
7000,357.18084716796875
7001,106.61890411376953
7002,154.1298828125
7003,61.79378890991211
7004,188.46006774902344
7005,174.95582580566406
7006,127.16572570800781
7007,249.48802185058594
7008,327.8752746582031
7009,413.5101013183594
7010,387.0477600097656
7011,132.71485900878906
7012,136.31387329101562
7013,139.30447387695312
7014,193.57315063476562
7015,257.3555908203125
7016,105.977783203125
7017,90.2000732421875
7018,382.8144226074219
7019,188.16470336914062
7020,89.67462158203125
7021,337.3638610839844
7022,368.24542236328125
7023,330.60321044921875
7024,276.9959411621094
7025,244.34725952148438
7026,444.6312255859375
7027,86.61314392089844
7028,317.8841552734375
7029,234.3644256591797
7030,128.0472412109375
7031,227.90841674804688
7032,207.9929962158203
7033,170.66000366210938
7034,77.73027038574219
7035,313.7684631347656
7036,169.50685119628906
7037,306.00982666015625
7038,364.2618408203125
7039,82.17198944091797
7040,179.5975341796875
7041,182.66937255859375
7042,214.45391845703125
7043,207.92686462402344
7044,195.28379821777344
7045,221.3550262451172
7046,171.4386749267578
7047,418.4795837402344
7048,227.0184783935547
7049,314.2528991699219
7050,102.91893768310547
7051,144.0232391357422
7052,353.5260009765625
7053,405.96124267578125
7054,244.73553466796875
7055,211.5454864501953
7056,322.6421203613281
7057,452.31365966796875
7058,351.36968994140625
7059,133.05130004882812
7060,66.89156341552734
7061,387.1963806152344
7062,356.7186584472656
7063,426.8035583496094
7064,320.62640380859375
7065,381.30029296875
7066,177.11441040039062
7067,191.4245147705078
7068,367.8692932128906
7069,102.00110626220703
7070,112.28309631347656
7071,139.6908721923828
7072,130.7131805419922
7073,254.54563903808594
7074,358.25439453125
7075,81.6921157836914
7076,73.64086151123047
7077,231.00518798828125
7078,223.7391357421875
7079,60.98306655883789
7080,271.6506042480469
7081,300.43109130859375
7082,311.1050720214844
7083,257.7549743652344
7084,413.8117980957031
7085,237.68630981445312
7086,199.5820770263672
7087,427.9363098144531
7088,187.8355255126953
7089,344.7793884277344
7090,375.7406005859375
7091,370.1283264160156
7092,322.3063049316406
7093,136.13941955566406
7094,253.73768615722656
7095,313.6379089355469
7096,128.19349670410156
7097,67.18640899658203
7098,195.90890502929688
7099,286.7733459472656
7100,355.12744140625
7101,118.60348510742188
7102,148.7278594970703
7103,134.1080780029297
7104,371.9067077636719
7105,137.34774780273438
7106,236.49229431152344
7107,88.73548126220703
7108,414.6152648925781
7109,386.09954833984375
7110,443.0714416503906
7111,202.55767822265625
7112,158.93405151367188
7113,163.19595336914062
7114,427.7036437988281
7115,268.0285339355469
7116,223.8531951904297
7117,387.59326171875
7118,414.6965637207031
7119,102.22510528564453
7120,201.2294464111328
7121,112.80986022949219
7122,459.2805480957031
7123,356.32135009765625
7124,441.5536804199219
7125,273.4030456542969
7126,450.5483703613281
7127,446.35430908203125
7128,170.29217529296875
7129,71.19713592529297
7130,394.7733459472656
7131,401.0779113769531
7132,94.51673889160156
7133,280.1217041015625
7134,121.31544494628906
7135,409.8363952636719
7136,142.12266540527344
7137,297.93603515625
7138,188.32041931152344
7139,280.146728515625
7140,378.9054260253906
7141,237.2329559326172
7142,153.30625915527344
7143,323.12896728515625
7144,184.6211700439453
7145,399.3119812011719
7146,332.8224792480469
7147,88.32738494873047
7148,243.5692901611328
7149,338.5059814453125
7150,159.27178955078125
7151,371.32598876953125
7152,377.2995910644531
7153,266.3121032714844
7154,286.0966491699219
7155,205.1682586669922
7156,162.6670379638672
7157,231.100341796875
7158,324.0059509277344
7159,156.15476989746094
7160,332.60638427734375
7161,366.15789794921875
7162,344.26556396484375
7163,348.1692810058594
7164,189.67266845703125
7165,254.72491455078125
7166,102.64289093017578
7167,387.7828063964844
7168,397.3333435058594
7169,83.35582733154297
7170,379.0372009277344
7171,153.88006591796875
7172,108.6051254272461
7173,272.27618408203125
7174,270.9931335449219
7175,239.91653442382812
7176,180.17715454101562
7177,152.51364135742188
7178,143.84739685058594
7179,355.7080993652344
7180,405.244384765625
7181,95.139404296875
7182,107.9712142944336
7183,144.39012145996094
7184,289.1593017578125
7185,250.24444580078125
7186,221.8397674560547
7187,135.25070190429688
7188,115.82591247558594
7189,277.1659851074219
7190,130.42550659179688
7191,255.49111938476562
7192,236.33192443847656
7193,255.7389373779297
7194,326.16552734375
7195,298.1793212890625
7196,253.16566467285156
7197,181.9628143310547
7198,278.4012145996094
7199,125.71981048583984
7200,284.3858337402344
7201,271.1790771484375
7202,406.0384216308594
7203,299.7475891113281
7204,123.57678985595703
7205,398.799560546875
7206,66.63337707519531
7207,157.83990478515625
7208,335.1065979003906
7209,377.8860778808594
7210,56.00868225097656
7211,60.250953674316406
7212,280.3504943847656
7213,238.9987030029297
7214,96.87273406982422
7215,170.6457061767578
7216,238.34202575683594
7217,102.08234405517578
7218,431.3651428222656
7219,170.93724060058594
7220,436.49786376953125
7221,176.31187438964844
7222,474.2353210449219
7223,393.11767578125
7224,86.0442123413086
7225,200.94842529296875
7226,66.49097442626953
7227,391.04608154296875
7228,159.50857543945312
7229,229.39149475097656
7230,239.63902282714844
7231,157.45855712890625
7232,129.1066131591797
7233,369.7481384277344
7234,106.32486724853516
7235,107.3758773803711
7236,374.90020751953125
7237,395.1507568359375
7238,172.23809814453125
7239,96.8261489868164
7240,183.54283142089844
7241,274.9255676269531
7242,80.3212890625
7243,358.63140869140625
7244,180.04150390625
7245,313.4573669433594
7246,107.24053192138672
7247,350.2733459472656
7248,298.20086669921875
7249,309.6671142578125
7250,294.9241638183594
7251,74.39735412597656
7252,403.9678955078125
7253,294.55169677734375
7254,207.46627807617188
7255,139.3920440673828
7256,105.73823547363281
7257,429.31939697265625
7258,377.43829345703125
7259,235.36094665527344
7260,212.74237060546875
7261,421.5915222167969
7262,163.02459716796875
7263,431.479248046875
7264,126.42573547363281
7265,144.6710662841797
7266,82.07127380371094
7267,210.52467346191406
7268,125.58125305175781
7269,117.53681182861328
7270,234.91775512695312
7271,384.26934814453125
7272,389.04974365234375
7273,259.8617248535156
7274,63.055416107177734
7275,111.01362609863281
7276,109.1360092163086
7277,69.64148712158203
7278,333.1878967285156
7279,390.50775146484375
7280,94.19119262695312
7281,123.04635620117188
7282,424.3198547363281
7283,142.28054809570312
7284,60.24401092529297
7285,240.1900634765625
7286,198.0013427734375
7287,96.73745727539062
7288,373.8566589355469
7289,127.21717834472656
7290,441.80126953125
7291,146.39675903320312
7292,174.10623168945312
7293,168.12420654296875
7294,202.55361938476562
7295,120.56510162353516
7296,281.111328125
7297,71.30977630615234
7298,386.5986633300781
7299,446.5513916015625
7300,297.6692199707031
7301,162.49554443359375
7302,377.3471984863281
7303,330.000732421875
7304,422.4983825683594
7305,324.2790832519531
7306,153.62351989746094
7307,294.83880615234375
7308,324.4732360839844
7309,128.47154235839844
7310,182.80908203125
7311,91.43769073486328
7312,106.98275756835938
7313,426.53759765625
7314,396.3486633300781
7315,160.81072998046875
7316,158.7098388671875
7317,428.0596008300781
7318,304.8096923828125
7319,386.7946472167969
7320,184.9398651123047
7321,254.478759765625
7322,119.61223602294922
7323,301.7138977050781
7324,125.52162170410156
7325,229.74212646484375
7326,365.0992431640625
7327,379.89715576171875
7328,230.50698852539062
7329,305.9522399902344
7330,358.36358642578125
7331,399.4126281738281
7332,137.22535705566406
7333,192.09486389160156
7334,62.71586608886719
7335,85.22754669189453
7336,75.91992950439453
7337,310.4117431640625
7338,420.8645324707031
7339,303.2684020996094
7340,191.7254638671875
7341,215.69044494628906
7342,350.3426818847656
7343,253.31956481933594
7344,211.68984985351562
7345,369.1773376464844
7346,97.47850036621094
7347,381.0087890625
7348,115.625732421875
7349,216.39364624023438
7350,85.2870864868164
7351,187.88328552246094
7352,113.031494140625
7353,262.6072998046875
7354,316.9103088378906
7355,79.22272491455078
7356,105.6942138671875
7357,122.9807357788086
7358,140.99366760253906
7359,247.14402770996094
7360,88.3642578125
7361,452.6913146972656
7362,142.06936645507812
7363,63.78506088256836
7364,335.52838134765625
7365,289.33251953125
7366,425.39788818359375
7367,302.4561767578125
7368,85.08253479003906
7369,282.38037109375
7370,399.9214782714844
7371,363.5577087402344
7372,218.56771850585938
7373,344.38446044921875
7374,226.6951141357422
7375,389.3482971191406
7376,352.1104431152344
7377,76.12797546386719
7378,410.53662109375
7379,432.7575988769531
7380,163.24005126953125
7381,177.63722229003906
7382,394.42877197265625
7383,133.69200134277344
7384,245.53057861328125
7385,83.1822509765625
7386,209.12478637695312
7387,216.77105712890625
7388,210.74819946289062
7389,77.10444641113281
7390,201.01055908203125
7391,179.10882568359375
7392,365.25830078125
7393,89.06072235107422
7394,113.07048034667969
7395,401.8561096191406
7396,176.57789611816406
7397,60.498905181884766
7398,396.722412109375
7399,444.182373046875
7400,136.3902130126953
7401,191.15541076660156
7402,449.8119812011719
7403,398.72894287109375
7404,367.6528625488281
7405,68.6366195678711
7406,386.12408447265625
7407,62.630550384521484
7408,190.65753173828125
7409,366.8603820800781
7410,398.276123046875
7411,331.5931091308594
7412,181.641357421875
7413,409.06842041015625
7414,340.931640625
7415,184.60009765625
7416,132.7080535888672
7417,155.89743041992188
7418,152.79800415039062
7419,91.99227142333984
7420,228.13519287109375
7421,272.2565002441406
7422,317.3099365234375
7423,181.436279296875
7424,184.4620819091797
7425,152.1474609375
7426,120.83570861816406
7427,356.8028564453125
7428,150.10604858398438
7429,108.71479034423828
7430,313.38861083984375
7431,412.39630126953125
7432,170.0836944580078
7433,329.1692199707031
7434,206.15362548828125
7435,345.76873779296875
7436,93.73771667480469
7437,329.14788818359375
7438,103.52276611328125
7439,92.42742919921875
7440,358.36492919921875
7441,163.48680114746094
7442,371.6965637207031
7443,243.34866333007812
7444,298.9343566894531
7445,412.6314392089844
7446,199.29212951660156
7447,288.43597412109375
7448,93.18775939941406
7449,262.7696838378906
7450,274.4225158691406
7451,435.42681884765625
7452,93.08428955078125
7453,189.6345672607422
7454,101.31727600097656
7455,309.5500793457031
7456,439.8423156738281
7457,290.3800354003906
7458,122.12886810302734
7459,136.34056091308594
7460,314.7102355957031
7461,69.87789154052734
7462,68.0771713256836
7463,82.57188415527344
7464,74.69205474853516
7465,373.7317810058594
7466,159.30531311035156
7467,151.272705078125
7468,196.65296936035156
7469,379.9436950683594
7470,261.2657775878906
7471,182.8251953125
7472,427.6251525878906
7473,224.84344482421875
7474,256.5008544921875
7475,307.3046875
7476,140.58563232421875
7477,202.7166748046875
7478,98.46762084960938
7479,140.4119110107422
7480,113.96331787109375
7481,358.8826599121094
7482,126.78907775878906
7483,157.3137969970703
7484,398.82574462890625
7485,377.2315979003906
7486,203.79827880859375
7487,447.7660217285156
7488,355.5888366699219
7489,367.5625305175781
7490,120.42464447021484
7491,130.64889526367188
7492,315.8343200683594
7493,307.8163146972656
7494,113.0001449584961
7495,436.2909851074219
7496,224.7266082763672
7497,222.7041778564453
7498,207.73374938964844
7499,410.8272399902344
7500,69.9531478881836
7501,259.4259033203125
7502,408.1798095703125
7503,126.4564437866211
7504,313.8921203613281
7505,183.23272705078125
7506,232.31683349609375
7507,364.986083984375
7508,122.82011413574219
7509,410.3701171875
7510,129.4725799560547
7511,102.106201171875
7512,61.25871276855469
7513,370.7116394042969
7514,278.8718566894531
7515,322.60772705078125
7516,217.15524291992188
7517,341.4334716796875
7518,107.69837951660156
7519,177.94862365722656
7520,122.0880126953125
7521,463.65911865234375
7522,270.3757019042969
7523,236.89932250976562
7524,62.78742599487305
7525,235.62591552734375
7526,64.43573760986328
7527,230.19898986816406
7528,210.51412963867188
7529,386.6587829589844
7530,84.72972106933594
7531,319.3968811035156
7532,175.209716796875
7533,271.5002746582031
7534,275.94036865234375
7535,346.90869140625
7536,211.62130737304688
7537,276.2169494628906
7538,433.1144104003906
7539,389.9620361328125
7540,91.29095458984375
7541,433.8086242675781
7542,200.0337371826172
7543,326.2201843261719
7544,384.49603271484375
7545,299.1308288574219
7546,325.2269592285156
7547,116.99952697753906
7548,312.57342529296875
7549,220.90330505371094
7550,295.6747131347656
7551,277.85723876953125
7552,277.173095703125
7553,151.62136840820312
7554,319.52142333984375
7555,281.7694091796875
7556,448.35345458984375
7557,327.7651672363281
7558,432.4228820800781
7559,146.8843231201172
7560,321.2935791015625
7561,241.14633178710938
7562,354.312744140625
7563,228.8890380859375
7564,138.6499786376953
7565,418.7377624511719
7566,366.14886474609375
7567,103.51686096191406
7568,181.87753295898438
7569,336.7132263183594
7570,113.77842712402344
7571,348.2158508300781
7572,234.22885131835938
7573,286.4822082519531
7574,237.91342163085938
7575,209.69285583496094
7576,376.44122314453125
7577,195.34402465820312
7578,377.0218811035156
7579,329.97119140625
7580,419.1190185546875
7581,344.057373046875
7582,242.48150634765625
7583,129.02743530273438
7584,325.81231689453125
7585,392.8894958496094
7586,100.70568084716797
7587,114.75126647949219
7588,78.1115951538086
7589,101.85450744628906
7590,120.13812255859375
7591,109.56121826171875
7592,148.12037658691406
7593,436.9461975097656
7594,276.73046875
7595,136.10069274902344
7596,90.5738754272461
7597,325.3190612792969
7598,435.1247253417969
7599,431.4659118652344
7600,436.6756896972656
7601,397.951171875
7602,233.8406982421875
7603,249.7026824951172
7604,369.5752868652344
7605,306.361572265625
7606,92.67632293701172
7607,293.51910400390625
7608,64.5530776977539
7609,86.39983367919922
7610,402.6719665527344
7611,333.1162109375
7612,93.07300567626953
7613,218.80499267578125
7614,431.1956481933594
7615,86.3395767211914
7616,257.0309753417969
7617,248.7430419921875
7618,421.7672119140625
7619,177.9591522216797
7620,340.71087646484375
7621,135.30734252929688
7622,322.2378234863281
7623,305.04022216796875
7624,303.1376953125
7625,209.9512176513672
7626,237.05059814453125
7627,404.6773376464844
7628,270.9599914550781
7629,263.19635009765625
7630,260.0401306152344
7631,164.220947265625
7632,238.0606231689453
7633,241.4952392578125
7634,152.56011962890625
7635,173.05111694335938
7636,349.622314453125
7637,177.4205780029297
7638,229.62705993652344
7639,315.9507141113281
7640,167.52394104003906
7641,404.8791809082031
7642,128.68905639648438
7643,166.23910522460938
7644,239.1120147705078
7645,145.77081298828125
7646,429.85595703125
7647,215.45785522460938
7648,284.8974609375
7649,350.189453125
7650,412.0492858886719
7651,95.28658294677734
7652,429.7940368652344
7653,278.2352600097656
7654,311.3838195800781
7655,337.5216064453125
7656,90.73289489746094
7657,164.94854736328125
7658,212.3754425048828
7659,279.54888916015625
7660,240.3580322265625
7661,237.92286682128906
7662,367.6315612792969
7663,175.7458038330078
7664,201.56185913085938
7665,359.91436767578125
7666,96.0048599243164
7667,64.7386474609375
7668,242.093505859375
7669,161.16334533691406
7670,229.30697631835938
7671,452.8483581542969
7672,345.36224365234375
7673,246.6594696044922
7674,443.15478515625
7675,85.59647369384766
7676,106.61170959472656
7677,434.46240234375
7678,372.6672668457031
7679,289.8684997558594
7680,327.533203125
7681,114.3783950805664
7682,153.36965942382812
7683,162.13027954101562
7684,259.6021728515625
7685,261.92657470703125
7686,88.42516326904297
7687,418.9440612792969
7688,270.2188415527344
7689,288.6220703125
7690,353.16217041015625
7691,86.8170166015625
7692,163.59036254882812
7693,214.16192626953125
7694,375.7357177734375
7695,348.6820373535156
7696,195.1336212158203
7697,356.8486633300781
7698,150.17698669433594
7699,197.60824584960938
7700,131.4412384033203
7701,385.7203674316406
7702,104.71260070800781
7703,374.132080078125
7704,169.5654754638672
7705,349.7292785644531
7706,173.57882690429688
7707,219.00582885742188
7708,284.76641845703125
7709,238.40673828125
7710,303.36285400390625
7711,413.6911315917969
7712,146.050537109375
7713,381.48577880859375
7714,227.38546752929688
7715,207.1651611328125
7716,129.9580841064453
7717,231.51792907714844
7718,281.1421813964844
7719,297.5979919433594
7720,360.9117431640625
7721,275.66119384765625
7722,242.96253967285156
7723,209.93194580078125
7724,240.0726776123047
7725,449.3545227050781
7726,286.69525146484375
7727,413.9317321777344
7728,405.7054748535156
7729,270.8642578125
7730,376.8525390625
7731,96.80448913574219
7732,334.7162780761719
7733,154.11654663085938
7734,291.3819580078125
7735,156.89154052734375
7736,431.08282470703125
7737,347.20233154296875
7738,315.5470886230469
7739,426.95697021484375
7740,387.13873291015625
7741,372.1738586425781
7742,267.23529052734375
7743,156.55076599121094
7744,269.48358154296875
7745,300.2581787109375
7746,252.59988403320312
7747,273.1629333496094
7748,331.8780212402344
7749,405.84527587890625
7750,356.8017578125
7751,217.49090576171875
7752,94.80575561523438
7753,246.380859375
7754,371.7064208984375
7755,240.3041534423828
7756,179.8876953125
7757,435.1993713378906
7758,197.77224731445312
7759,433.508056640625
7760,345.50634765625
7761,283.9039001464844
7762,284.51995849609375
7763,129.20101928710938
7764,338.9698486328125
7765,132.87643432617188
7766,331.5811462402344
7767,186.82923889160156
7768,295.0197448730469
7769,256.45025634765625
7770,363.8443298339844
7771,211.65281677246094
7772,370.40460205078125
7773,365.1318054199219
7774,176.9657440185547
7775,228.1455078125
7776,206.50537109375
7777,129.5632781982422
7778,312.9963073730469
7779,146.4683074951172
7780,264.17755126953125
7781,329.287353515625
7782,263.4774169921875
7783,213.32310485839844
7784,84.77244567871094
7785,223.09652709960938
7786,234.74264526367188
7787,195.73399353027344
7788,184.33230590820312
7789,412.845947265625
7790,83.75774383544922
7791,284.28411865234375
7792,368.6441955566406
7793,298.9295349121094
7794,381.3096618652344
7795,256.5136413574219
7796,139.136962890625
7797,112.98380279541016
7798,440.18682861328125
7799,186.4957733154297
7800,333.8328857421875
7801,144.3818359375
7802,383.7079772949219
7803,215.102294921875
7804,211.4281768798828
7805,254.34019470214844
7806,397.7589111328125
7807,141.47337341308594
7808,246.6036834716797
7809,145.4232940673828
7810,418.35919189453125
7811,183.34507751464844
7812,185.0255126953125
7813,388.4036865234375
7814,96.7721939086914
7815,338.5709228515625
7816,202.25506591796875
7817,229.71087646484375
7818,146.80963134765625
7819,139.46046447753906
7820,346.3203125
7821,401.1417236328125
7822,141.4979705810547
7823,185.9210968017578
7824,320.1606140136719
7825,156.36285400390625
7826,167.7137451171875
7827,327.3991394042969
7828,461.39581298828125
7829,432.5059814453125
7830,324.949462890625
7831,92.71773529052734
7832,123.46952819824219
7833,286.41717529296875
7834,325.3990783691406
7835,222.0823974609375
7836,264.566650390625
7837,188.35142517089844
7838,398.2327880859375
7839,205.440185546875
7840,334.8402099609375
7841,435.9184875488281
7842,428.68878173828125
7843,221.3692626953125
7844,277.1619567871094
7845,321.0849304199219
7846,206.31520080566406
7847,280.8050537109375
7848,395.69769287109375
7849,97.87788391113281
7850,189.1105499267578
7851,346.73870849609375
7852,400.2196350097656
7853,219.0576629638672
7854,421.2596130371094
7855,357.1364440917969
7856,287.52740478515625
7857,120.88543701171875
7858,341.9904479980469
7859,187.3609161376953
7860,223.39462280273438
7861,337.1507873535156
7862,118.17533874511719
7863,154.51394653320312
7864,268.2303771972656
7865,408.2361755371094
7866,158.22036743164062
7867,336.8489074707031
7868,399.9046325683594
7869,139.9531707763672
7870,406.40557861328125
7871,94.4976577758789
7872,96.11204528808594
7873,383.6376037597656
7874,221.89285278320312
7875,203.04617309570312
7876,289.74932861328125
7877,107.23997497558594
7878,226.30030822753906
7879,295.76025390625
7880,219.11843872070312
7881,385.3041076660156
7882,130.47897338867188
7883,185.1445770263672
7884,330.77069091796875
7885,89.62578582763672
7886,391.2388610839844
7887,140.0153045654297
7888,158.5729217529297
7889,215.12489318847656
7890,378.45758056640625
7891,221.72898864746094
7892,442.17120361328125
7893,410.6727294921875
7894,304.7590026855469
7895,251.1272735595703
7896,336.2955322265625
7897,117.84171295166016
7898,254.9005126953125
7899,383.8459777832031
7900,67.31539154052734
7901,166.1470184326172
7902,417.6564025878906
7903,196.61166381835938
7904,325.0524597167969
7905,353.32720947265625
7906,121.6924819946289
7907,186.45518493652344
7908,372.9723815917969
7909,301.9039001464844
7910,93.59505462646484
7911,210.4956817626953
7912,243.06552124023438
7913,327.6943664550781
7914,100.12677001953125
7915,312.1714172363281
7916,263.05963134765625
7917,206.67250061035156
7918,435.8410339355469
7919,423.4167785644531
7920,75.22144317626953
7921,254.37135314941406
7922,142.993896484375
7923,213.16140747070312
7924,189.97727966308594
7925,97.03656005859375
7926,338.0591735839844
7927,188.9827880859375
7928,397.31341552734375
7929,395.9169006347656
7930,296.3160400390625
7931,308.2598876953125
7932,359.09539794921875
7933,200.3805694580078
7934,118.41023254394531
7935,243.9400177001953
7936,79.17449951171875
7937,393.1700439453125
7938,217.03208923339844
7939,229.17320251464844
7940,271.7840881347656
7941,208.47674560546875
7942,70.71353149414062
7943,142.68865966796875
7944,259.8833923339844
7945,77.47972869873047
7946,245.49884033203125
7947,110.52127838134766
7948,244.6389617919922
7949,88.73693084716797
7950,243.988037109375
7951,276.3526611328125
7952,454.087890625
7953,183.00624084472656
7954,180.47396850585938
7955,311.66143798828125
7956,278.72332763671875
7957,297.898193359375
7958,431.2262878417969
7959,417.1441955566406
7960,365.7035217285156
7961,186.08750915527344
7962,159.99220275878906
7963,127.81228637695312
7964,309.2198791503906
7965,340.9149475097656
7966,357.7001037597656
7967,177.7410125732422
7968,131.2362518310547
7969,391.7630920410156
7970,330.7969665527344
7971,130.76947021484375
7972,395.1870422363281
7973,175.11587524414062
7974,345.41522216796875
7975,247.84188842773438
7976,236.0318603515625
7977,350.1113586425781
7978,110.07933044433594
7979,408.574951171875
7980,142.7494354248047
7981,180.47386169433594
7982,300.19354248046875
7983,217.17886352539062
7984,146.94190979003906
7985,352.71484375
7986,317.5370178222656
7987,411.3173522949219
7988,418.4770202636719
7989,415.2616882324219
7990,180.0495147705078
7991,406.82061767578125
7992,238.63067626953125
7993,179.70738220214844
7994,185.05995178222656
7995,353.86846923828125
7996,164.62315368652344
7997,192.43344116210938
7998,348.9253845214844
7999,81.34638214111328
8000,154.9842987060547
8001,124.01299285888672
8002,82.90059661865234
8003,368.4723205566406
8004,370.2394714355469
8005,172.78652954101562
8006,341.1162414550781
8007,386.7372131347656
8008,116.25296020507812
8009,194.03970336914062
8010,51.845577239990234
8011,103.94470977783203
8012,134.31190490722656
8013,431.11956787109375
8014,422.3642272949219
8015,102.60224151611328
8016,103.14884185791016
8017,407.6991271972656
8018,351.2301940917969
8019,138.88912963867188
8020,137.08987426757812
8021,286.53155517578125
8022,312.9291076660156
8023,148.59054565429688
8024,405.703125
8025,237.289794921875
8026,115.25438690185547
8027,63.847625732421875
8028,144.24819946289062
8029,235.0467071533203
8030,74.59223175048828
8031,231.7987823486328
8032,366.2118835449219
8033,384.6080017089844
8034,236.17269897460938
8035,197.66929626464844
8036,109.06787109375
8037,379.685791015625
8038,323.7999267578125
8039,253.5007781982422
8040,72.02007293701172
8041,398.1634826660156
8042,322.1524658203125
8043,230.11349487304688
8044,133.5655059814453
8045,149.6959686279297
8046,221.0109100341797
8047,259.51922607421875
8048,413.3523864746094
8049,226.9453582763672
8050,331.81927490234375
8051,441.544921875
8052,167.69686889648438
8053,324.0434875488281
8054,265.2495422363281
8055,203.7876434326172
8056,83.43782043457031
8057,209.39028930664062
8058,338.5549621582031
8059,323.32958984375
8060,98.96830749511719
8061,408.8504333496094
8062,440.08740234375
8063,103.94081115722656
8064,389.3933410644531
8065,198.94876098632812
8066,317.2541809082031
8067,269.2788391113281
8068,94.8268814086914
8069,416.41357421875
8070,233.49684143066406
8071,328.76336669921875
8072,108.58087921142578
8073,395.7070617675781
8074,405.4911193847656
8075,428.21807861328125
8076,197.4357452392578
8077,413.0062255859375
8078,287.9407043457031
8079,225.21389770507812
8080,362.9999694824219
8081,248.06185913085938
8082,287.320556640625
8083,294.2663879394531
8084,352.8804626464844
8085,360.6798095703125
8086,120.44761657714844
8087,190.6612091064453
8088,253.6158905029297
8089,137.67103576660156
8090,67.78585052490234
8091,177.62652587890625
8092,260.3566589355469
8093,422.9667053222656
8094,252.6974639892578
8095,409.0724792480469
8096,338.5052185058594
8097,239.18841552734375
8098,329.5718994140625
8099,409.4332580566406
8100,256.5956726074219
8101,359.6328125
8102,265.3460998535156
8103,262.1091613769531
8104,270.8236083984375
8105,272.6996154785156
8106,349.6551818847656
8107,384.96136474609375
8108,312.9727783203125
8109,165.1979522705078
8110,91.90023040771484
8111,348.7645263671875
8112,182.58425903320312
8113,90.6106948852539
8114,309.2453308105469
8115,367.81097412109375
8116,446.85443115234375
8117,207.5450897216797
8118,108.48314666748047
8119,385.38739013671875
8120,310.76226806640625
8121,238.3038787841797
8122,78.44853210449219
8123,255.89439392089844
8124,420.3117370605469
8125,112.52348327636719
8126,410.6789245605469
8127,132.4611358642578
8128,290.21124267578125
8129,371.4747619628906
8130,127.08088684082031
8131,102.59513092041016
8132,174.48764038085938
8133,344.2010803222656
8134,393.4193420410156
8135,343.9965515136719
8136,426.3906555175781
8137,424.7705993652344
8138,245.65211486816406
8139,432.3251953125
8140,388.38909912109375
8141,119.56314849853516
8142,269.8419189453125
8143,433.37237548828125
8144,367.5577697753906
8145,227.5447235107422
8146,398.7813415527344
8147,189.93284606933594
8148,408.34100341796875
8149,111.15309143066406
8150,376.8992004394531
8151,338.6181640625
8152,86.22676849365234
8153,146.0037384033203
8154,310.6443786621094
8155,100.72663116455078
8156,321.3460388183594
8157,127.37359619140625
8158,89.25675201416016
8159,161.7571563720703
8160,185.23519897460938
8161,201.7654266357422
8162,234.3622589111328
8163,268.1781005859375
8164,191.1929931640625
8165,332.2857360839844
8166,179.24176025390625
8167,270.19793701171875
8168,196.99891662597656
8169,95.10639190673828
8170,295.80377197265625
8171,318.30255126953125
8172,224.2468719482422
8173,303.92315673828125
8174,405.6788330078125
8175,391.4913024902344
8176,226.40451049804688
8177,178.52635192871094
8178,386.259033203125
8179,205.68362426757812
8180,380.48590087890625
8181,297.512939453125
8182,57.70669937133789
8183,193.754150390625
8184,316.03009033203125
8185,384.3460998535156
8186,151.90489196777344
8187,251.59298706054688
8188,220.47634887695312
8189,292.76666259765625
8190,431.17230224609375
8191,431.836669921875
8192,68.8753433227539
8193,205.8191680908203
8194,99.31211853027344
8195,261.8130187988281
8196,188.6892852783203
8197,216.77426147460938
8198,159.96241760253906
8199,188.97213745117188
8200,232.670166015625
8201,287.4532775878906
8202,125.80261993408203
8203,323.3703918457031
8204,287.703857421875
8205,353.07794189453125
8206,192.95101928710938
8207,359.82098388671875
8208,363.24786376953125
8209,269.3411865234375
8210,283.3426513671875
8211,258.5545654296875
8212,365.52862548828125
8213,237.36642456054688
8214,165.6150665283203
8215,291.2121276855469
8216,147.0144500732422
8217,447.02789306640625
8218,179.42813110351562
8219,344.66094970703125
8220,254.19290161132812
8221,406.67950439453125
8222,382.529052734375
8223,316.5569152832031
8224,362.4686279296875
8225,251.7423553466797
8226,384.15875244140625
8227,314.33990478515625
8228,285.43646240234375
8229,373.42059326171875
8230,283.54559326171875
8231,382.8883361816406
8232,392.9510803222656
8233,226.91632080078125
8234,182.01089477539062
8235,234.64125061035156
8236,305.4006652832031
8237,151.08558654785156
8238,78.86131286621094
8239,393.913818359375
8240,184.84841918945312
8241,337.8871765136719
8242,423.7776184082031
8243,84.14225769042969
8244,216.82444763183594
8245,239.77638244628906
8246,194.8399200439453
8247,292.29931640625
8248,151.70077514648438
8249,216.79067993164062
8250,374.8154296875
8251,238.77923583984375
8252,374.02447509765625
8253,110.35369110107422
8254,256.2458190917969
8255,322.4095764160156
8256,321.71820068359375
8257,381.4942932128906
8258,279.9917297363281
8259,390.48065185546875
8260,232.27464294433594
8261,366.806884765625
8262,330.4159851074219
8263,397.5245666503906
8264,323.00775146484375
8265,341.9278259277344
8266,155.71755981445312
8267,99.6348876953125
8268,178.48110961914062
8269,216.9793701171875
8270,383.2019958496094
8271,131.05441284179688
8272,273.4305114746094
8273,236.7626953125
8274,160.52542114257812
8275,364.093994140625
8276,289.3050842285156
8277,236.08851623535156
8278,158.3215789794922
8279,127.45989227294922
8280,360.6877746582031
8281,315.4315490722656
8282,448.7228698730469
8283,108.70491790771484
8284,392.5111389160156
8285,222.20980834960938
8286,93.21182250976562
8287,101.27423858642578
8288,184.3135223388672
8289,418.0370788574219
8290,114.80821228027344
8291,179.75830078125
8292,134.34727478027344
8293,275.7248229980469
8294,421.9346923828125
8295,301.91973876953125
8296,167.71170043945312
8297,190.7664031982422
8298,226.25621032714844
8299,271.5289001464844
8300,391.82586669921875
8301,206.76751708984375
8302,121.267578125
8303,294.42138671875
8304,270.39923095703125
8305,361.9882507324219
8306,182.2696990966797
8307,429.6253662109375
8308,405.65460205078125
8309,187.14295959472656
8310,139.66139221191406
8311,431.5528869628906
8312,248.33616638183594
8313,381.720703125
8314,401.8154602050781
8315,351.1263732910156
8316,388.498291015625
8317,383.46185302734375
8318,311.52276611328125
8319,301.52789306640625
8320,213.82203674316406
8321,152.50921630859375
8322,220.8336944580078
8323,182.08177185058594
8324,132.63926696777344
8325,146.4433135986328
8326,229.23193359375
8327,86.08868408203125
8328,384.8531188964844
8329,360.29833984375
8330,417.2073059082031
8331,386.0174865722656
8332,359.4779968261719
8333,204.15255737304688
8334,248.08448791503906
8335,94.81822967529297
8336,160.3343963623047
8337,396.9914855957031
8338,115.7183609008789
8339,135.66116333007812
8340,389.67584228515625
8341,268.4644775390625
8342,209.97372436523438
8343,136.41693115234375
8344,200.0459747314453
8345,239.9535675048828
8346,346.755859375
8347,286.8427429199219
8348,388.51190185546875
8349,364.2865905761719
8350,362.73638916015625
8351,422.5917663574219
8352,147.50062561035156
8353,205.8023223876953
8354,125.10173797607422
8355,185.20726013183594
8356,120.27424621582031
8357,237.02406311035156
8358,163.9326934814453
8359,310.0749206542969
8360,439.67071533203125
8361,125.38370513916016
8362,244.8365020751953
8363,200.34117126464844
8364,361.9342956542969
8365,240.3370819091797
8366,321.68896484375
8367,447.495361328125
8368,355.3205261230469
8369,257.7511291503906
8370,417.13885498046875
8371,147.15237426757812
8372,454.0003662109375
8373,278.7072448730469
8374,452.2673645019531
8375,336.7398681640625
8376,300.80316162109375
8377,317.8865051269531
8378,302.60888671875
8379,357.2208251953125
8380,423.19482421875
8381,104.22966003417969
8382,143.95835876464844
8383,58.19704818725586
8384,397.39990234375
8385,379.5037841796875
8386,371.7570495605469
8387,323.2879333496094
8388,349.8088073730469
8389,151.49163818359375
8390,294.6736145019531
8391,407.89263916015625
8392,377.00018310546875
8393,224.5601348876953
8394,177.4842071533203
8395,343.27734375
8396,373.053955078125
8397,302.6929016113281
8398,366.91888427734375
8399,213.75250244140625
8400,399.220703125
8401,337.1819763183594
8402,124.1634292602539
8403,444.99169921875
8404,228.0516357421875
8405,379.321533203125
8406,425.67620849609375
8407,436.97637939453125
8408,388.4672546386719
8409,425.6454162597656
8410,264.6356201171875
8411,256.0484924316406
8412,210.232177734375
8413,90.81138610839844
8414,352.96807861328125
8415,242.81842041015625
8416,234.17440795898438
8417,241.52149963378906
8418,190.3678436279297
8419,199.44447326660156
8420,314.5089111328125
8421,152.944580078125
8422,117.42167663574219
8423,196.48410034179688
8424,352.3778076171875
8425,387.65240478515625
8426,269.9112854003906
8427,304.8487548828125
8428,225.92974853515625
8429,243.7465362548828
8430,289.8351745605469
8431,219.03128051757812
8432,346.2129821777344
8433,194.11929321289062
8434,358.1747131347656
8435,84.74320220947266
8436,319.7429504394531
8437,365.1856384277344
8438,244.13722229003906
8439,102.65058135986328
8440,412.45361328125
8441,263.559326171875
8442,127.04312133789062
8443,115.91246032714844
8444,191.65545654296875
8445,351.51446533203125
8446,320.71234130859375
8447,99.22037506103516
8448,432.08026123046875
8449,404.7065124511719
8450,297.5057678222656
8451,332.2689208984375
8452,218.3899383544922
8453,409.04327392578125
8454,82.18994903564453
8455,257.6275939941406
8456,280.7493591308594
8457,223.1404266357422
8458,236.96983337402344
8459,189.2472686767578
8460,298.6227111816406
8461,424.64678955078125
8462,430.807373046875
8463,386.31805419921875
8464,118.06190490722656
8465,335.7823486328125
8466,380.7172546386719
8467,228.5342254638672
8468,329.82855224609375
8469,127.22897338867188
8470,320.82098388671875
8471,197.16653442382812
8472,131.2812042236328
8473,364.8869934082031
8474,343.34576416015625
8475,321.06787109375
8476,247.93846130371094
8477,288.3870849609375
8478,360.4302978515625
8479,367.6582336425781
8480,374.81500244140625
8481,254.33030700683594
8482,259.8817138671875
8483,290.53125
8484,255.52261352539062
8485,375.4298400878906
8486,88.02339935302734
8487,96.00314331054688
8488,197.0899200439453
8489,265.2743225097656
8490,305.0555725097656
8491,177.72007751464844
8492,290.0589294433594
8493,103.84357452392578
8494,414.56964111328125
8495,262.1167907714844
8496,381.1291809082031
8497,362.0589599609375
8498,399.3808898925781
8499,177.67453002929688
8500,208.71481323242188
8501,273.8560485839844
8502,402.8143310546875
8503,301.8852233886719
8504,300.527099609375
8505,178.92808532714844
8506,231.65280151367188
8507,188.0860137939453
8508,80.06585693359375
8509,429.7028503417969
8510,347.4340515136719
8511,199.2460174560547
8512,171.67860412597656
8513,325.604248046875
8514,313.4949951171875
8515,212.00091552734375
8516,307.5882873535156
8517,402.51190185546875
8518,396.70391845703125
8519,426.12957763671875
8520,393.850830078125
8521,322.6154479980469
8522,276.4065856933594
8523,413.69952392578125
8524,403.4322814941406
8525,289.85882568359375
8526,85.3282699584961
8527,405.83251953125
8528,327.2591552734375
8529,304.0913391113281
8530,222.14064025878906
8531,269.3646240234375
8532,437.8994445800781
8533,446.3485107421875
8534,363.68182373046875
8535,107.03341674804688
8536,424.180419921875
8537,208.3262939453125
8538,203.02268981933594
8539,232.4155731201172
8540,287.0126953125
8541,145.74867248535156
8542,89.87093353271484
8543,357.4611511230469
8544,119.92515563964844
8545,222.39613342285156
8546,159.9502410888672
8547,216.63955688476562
8548,231.10150146484375
8549,412.2982177734375
8550,113.53535461425781
8551,105.46087646484375
8552,294.32952880859375
8553,298.9013977050781
8554,367.89007568359375
8555,135.90606689453125
8556,351.5942077636719
8557,223.77330017089844
8558,274.3167419433594
8559,422.3279113769531
8560,409.636962890625
8561,354.8612060546875
8562,304.8463439941406
8563,318.5005798339844
8564,375.9363098144531
8565,206.27523803710938
8566,197.8338165283203
8567,323.2481689453125
8568,450.20703125
8569,322.89947509765625
8570,389.9568786621094
8571,199.1013641357422
8572,394.31964111328125
8573,387.1805419921875
8574,142.64524841308594
8575,320.84185791015625
8576,259.5274963378906
8577,210.93292236328125
8578,106.02556610107422
8579,333.4470520019531
8580,249.94180297851562
8581,284.54302978515625
8582,257.91064453125
8583,375.61248779296875
8584,369.1285095214844
8585,334.0553283691406
8586,295.734130859375
8587,309.3980407714844
8588,336.742431640625
8589,261.23016357421875
8590,305.45404052734375
8591,399.0295104980469
8592,239.19918823242188
8593,290.3258056640625
8594,174.0131378173828
8595,269.6858825683594
8596,408.5664978027344
8597,383.8569030761719
8598,426.8710632324219
8599,282.5811462402344
8600,214.95565795898438
8601,211.4218292236328
8602,256.63836669921875
8603,397.7929382324219
8604,148.70376586914062
8605,281.7434997558594
8606,225.68002319335938
8607,190.08323669433594
8608,417.6081237792969
8609,170.19900512695312
8610,137.76251220703125
8611,355.3261413574219
8612,363.59356689453125
8613,306.14276123046875
8614,218.70957946777344
8615,252.09999084472656
8616,214.07333374023438
8617,289.1921691894531
8618,102.32337188720703
8619,368.1589050292969
8620,357.1228332519531
8621,109.62654113769531
8622,377.0368347167969
8623,297.7462463378906
8624,145.77734375
8625,444.4122619628906
8626,145.6754913330078
8627,234.94100952148438
8628,199.09129333496094
8629,172.09149169921875
8630,389.2798767089844
8631,138.2410888671875
8632,190.1367950439453
8633,333.9918518066406
8634,342.926025390625
8635,353.5315246582031
8636,371.4368896484375
8637,67.93046569824219
8638,115.14179229736328
8639,192.1545867919922
8640,94.07561492919922
8641,128.09140014648438
8642,378.0966796875
8643,258.41436767578125
8644,301.3858947753906
8645,325.59539794921875
8646,203.0283660888672
8647,382.1654968261719
8648,294.41558837890625
8649,319.05975341796875
8650,202.3523406982422
8651,266.72027587890625
8652,436.06939697265625
8653,127.59354400634766
8654,347.7370300292969
8655,303.9399719238281
8656,367.3183898925781
8657,396.91357421875
8658,226.97738647460938
8659,384.83648681640625
8660,368.0438537597656
8661,384.4734802246094
8662,331.20758056640625
8663,360.4028625488281
8664,252.49298095703125
8665,227.138427734375
8666,128.72467041015625
8667,147.12600708007812
8668,180.59788513183594
8669,414.66461181640625
8670,108.06334686279297
8671,106.25410461425781
8672,169.35008239746094
8673,264.3302307128906
8674,224.88230895996094
8675,241.25108337402344
8676,202.18276977539062
8677,253.758056640625
8678,404.4200439453125
8679,139.94778442382812
8680,275.3186340332031
8681,133.65289306640625
8682,347.40374755859375
8683,375.2081298828125
8684,180.1869354248047
8685,211.31680297851562
8686,330.0505676269531
8687,250.07325744628906
8688,80.38500213623047
8689,153.93869018554688
8690,246.03167724609375
8691,315.3985900878906
8692,186.4789581298828
8693,314.4476318359375
8694,238.18467712402344
8695,286.6871032714844
8696,139.27520751953125
8697,100.12882232666016
8698,220.03305053710938
8699,355.2793884277344
8700,208.15586853027344
8701,100.6114273071289
8702,406.5443420410156
8703,289.2354736328125
8704,316.514404296875
8705,184.90142822265625
8706,376.6034851074219
8707,414.8921203613281
8708,109.37100219726562
8709,123.12420654296875
8710,237.79676818847656
8711,354.4301452636719
8712,369.54302978515625
8713,247.28895568847656
8714,403.2735595703125
8715,368.6793518066406
8716,182.93373107910156
8717,379.048583984375
8718,262.2690124511719
8719,180.22802734375
8720,173.2057647705078
8721,264.3878173828125
8722,202.3353271484375
8723,232.8297119140625
8724,257.2516174316406
8725,231.33624267578125
8726,129.69712829589844
8727,376.6537780761719
8728,338.15155029296875
8729,369.4711608886719
8730,251.81930541992188
8731,178.5985107421875
8732,179.83465576171875
8733,256.4170227050781
8734,151.8739013671875
8735,327.38433837890625
8736,250.27772521972656
8737,270.9100341796875
8738,141.26284790039062
8739,228.70138549804688
8740,413.9242858886719
8741,313.78369140625
8742,347.9582214355469
8743,97.45883178710938
8744,371.8953552246094
8745,158.85032653808594
8746,421.15179443359375
8747,268.04388427734375
8748,147.5506134033203
8749,313.5434875488281
8750,315.30291748046875
8751,287.4659118652344
8752,220.49838256835938
8753,191.01654052734375
8754,161.69212341308594
8755,317.11865234375
8756,352.6058349609375
8757,144.70298767089844
8758,281.01422119140625
8759,282.47711181640625
8760,151.2472381591797
8761,282.0110168457031
8762,280.6338195800781
8763,305.54852294921875
8764,384.01580810546875
8765,195.6219482421875
8766,335.04754638671875
8767,365.8715515136719
8768,309.8699951171875
8769,92.8233413696289
8770,287.7657165527344
8771,297.67730712890625
8772,352.2184753417969
8773,387.5923767089844
8774,200.8726043701172
8775,126.89335632324219
8776,236.17857360839844
8777,356.44384765625
8778,167.0286865234375
8779,220.22654724121094
8780,138.39231872558594
8781,306.4167785644531
8782,117.99549865722656
8783,202.9274139404297
8784,89.88533782958984
8785,397.3797302246094
8786,352.5171813964844
8787,134.0909423828125
8788,263.70098876953125
8789,164.569580078125
8790,367.5620422363281
8791,179.81309509277344
8792,331.6918029785156
8793,411.1506042480469
8794,249.50901794433594
8795,105.6451416015625
8796,196.27406311035156
8797,244.424072265625
8798,166.83489990234375
8799,381.0494384765625
8800,180.2691650390625
8801,357.1222839355469
8802,362.1412353515625
8803,413.1443176269531
8804,220.9600830078125
8805,422.2765808105469
8806,398.52178955078125
8807,61.54928970336914
8808,327.6521301269531
8809,137.31126403808594
8810,295.8654479980469
8811,420.3145751953125
8812,229.27349853515625
8813,403.8020324707031
8814,396.4241638183594
8815,288.1105041503906
8816,273.2467041015625
8817,147.8921356201172
8818,444.81256103515625
8819,337.087646484375
8820,331.62432861328125
8821,235.65835571289062
8822,356.1557312011719
8823,244.93470764160156
8824,268.3665466308594
8825,245.99563598632812
8826,403.0943603515625
8827,370.71435546875
8828,110.14868927001953
8829,180.2060546875
8830,358.15625
8831,259.49517822265625
8832,252.95938110351562
8833,275.0788269042969
8834,268.3026428222656
8835,383.8565368652344
8836,251.7548370361328
8837,96.51689147949219
8838,294.74005126953125
8839,170.55172729492188
8840,417.2037353515625
8841,380.5951843261719
8842,226.65179443359375
8843,200.33164978027344
8844,334.8330383300781
8845,397.28790283203125
8846,218.15499877929688
8847,241.33370971679688
8848,451.9577331542969
8849,151.98675537109375
8850,213.80043029785156
8851,299.35699462890625
8852,366.56683349609375
8853,439.194091796875
8854,392.44488525390625
8855,282.7983703613281
8856,181.34988403320312
8857,350.1878967285156
8858,438.4124450683594
8859,313.7650146484375
8860,295.75579833984375
8861,346.0570373535156
8862,366.2935485839844
8863,286.1901550292969
8864,438.8067932128906
8865,253.98072814941406
8866,170.56463623046875
8867,223.73748779296875
8868,146.4277801513672
8869,377.3138732910156
8870,312.5428771972656
8871,379.54571533203125
8872,422.9012145996094
8873,428.9841613769531
8874,247.2362823486328
8875,288.2059020996094
8876,417.9073791503906
8877,416.5307312011719
8878,292.2440490722656
8879,253.24356079101562
8880,296.11614990234375
8881,146.49462890625
8882,426.2343444824219
8883,258.65191650390625
8884,151.9268035888672
8885,247.25660705566406
8886,347.3711242675781
8887,292.46514892578125
8888,208.79078674316406
8889,131.79676818847656
8890,192.6246337890625
8891,446.8428039550781
8892,179.23333740234375
8893,347.5713195800781
8894,382.8316345214844
8895,387.9487609863281
8896,149.9711151123047
8897,327.1028137207031
8898,175.8513946533203
8899,305.6673583984375
8900,394.84320068359375
8901,326.55950927734375
8902,183.11492919921875
8903,254.88381958007812
8904,267.0726013183594
8905,420.64483642578125
8906,371.4312438964844
8907,257.67901611328125
8908,222.94151306152344
8909,411.99871826171875
8910,251.90054321289062
8911,277.63446044921875
8912,321.8428039550781
8913,274.35638427734375
8914,176.55535888671875
8915,313.5574951171875
8916,306.31591796875
8917,153.5326385498047
8918,327.5517578125
8919,159.8463592529297
8920,69.04967498779297
8921,133.85105895996094
8922,337.5784606933594
8923,406.4869384765625
8924,294.3747863769531
8925,346.9619140625
8926,258.1651306152344
8927,119.70802307128906
8928,296.3840026855469
8929,215.832275390625
8930,115.2357406616211
8931,279.52777099609375
8932,381.9832763671875
8933,155.88812255859375
8934,203.40087890625
8935,203.11514282226562
8936,345.8298034667969
8937,232.56321716308594
8938,181.38157653808594
8939,278.2126770019531
8940,374.8935852050781
8941,357.0486145019531
8942,299.0978088378906
8943,182.66592407226562
8944,374.83984375
8945,300.2265930175781
8946,182.0069580078125
8947,386.0197448730469
8948,220.8871307373047
8949,172.36196899414062
8950,309.72991943359375
8951,142.5218963623047
8952,184.9270782470703
8953,151.01974487304688
8954,321.1484375
8955,417.4272155761719
8956,299.33258056640625
8957,364.2506103515625
8958,229.5216064453125
8959,255.0710906982422
8960,311.5198059082031
8961,253.43238830566406
8962,424.11737060546875
8963,137.50039672851562
8964,364.5686340332031
8965,249.86288452148438
8966,104.99951171875
8967,428.8436279296875
8968,209.7383575439453
8969,389.5644226074219
8970,246.83157348632812
8971,224.81825256347656
8972,301.7906799316406
8973,199.68055725097656
8974,382.1619567871094
8975,355.58294677734375
8976,218.42494201660156
8977,231.05209350585938
8978,270.6172180175781
8979,236.20704650878906
8980,286.01751708984375
8981,179.68035888671875
8982,103.76535034179688
8983,293.9214172363281
8984,280.4147644042969
8985,295.8045654296875
8986,160.21026611328125
8987,167.868408203125
8988,301.1424255371094
8989,143.5150604248047
8990,231.9730682373047
8991,248.0916748046875
8992,405.78863525390625
8993,254.3759307861328
8994,391.8199157714844
8995,285.9345703125
8996,222.2684326171875
8997,157.68370056152344
8998,256.6788024902344
8999,290.8642883300781
9000,265.2371826171875
9001,307.2398681640625
9002,158.72694396972656
9003,249.05923461914062
9004,412.8641052246094
9005,314.056640625
9006,245.25379943847656
9007,244.8317108154297
9008,309.85760498046875
9009,292.7409973144531
9010,406.3943176269531
9011,382.55926513671875
9012,331.5674743652344
9013,192.41957092285156
9014,197.63165283203125
9015,297.8034973144531
9016,324.1973571777344
9017,259.97686767578125
9018,403.6960144042969
9019,231.88131713867188
9020,382.66583251953125
9021,201.466796875
9022,101.71160888671875
9023,295.6896057128906
9024,379.3509521484375
9025,270.3887023925781
9026,110.65261840820312
9027,99.67036437988281
9028,360.87286376953125
9029,364.9980773925781
9030,315.8601379394531
9031,271.21197509765625
9032,371.49481201171875
9033,268.7010192871094
9034,309.367431640625
9035,138.91830444335938
9036,378.3348083496094
9037,405.902587890625
9038,275.1528625488281
9039,163.32611083984375
9040,390.0569152832031
9041,346.61138916015625
9042,160.21571350097656
9043,402.76202392578125
9044,243.2753448486328
9045,104.16101837158203
9046,157.14453125
9047,168.6195068359375
9048,297.14697265625
9049,396.23919677734375
9050,355.64276123046875
9051,427.36474609375
9052,318.0496520996094
9053,246.22996520996094
9054,158.92308044433594
9055,197.99392700195312
9056,120.46916198730469
9057,206.24349975585938
9058,411.65435791015625
9059,353.8927001953125
9060,212.81570434570312
9061,394.2445373535156
9062,185.47067260742188
9063,282.3396301269531
9064,205.3745574951172
9065,154.56956481933594
9066,320.2254638671875
9067,166.1502227783203
9068,325.3614501953125
9069,376.35711669921875
9070,135.5468292236328
9071,205.15567016601562
9072,314.27587890625
9073,210.34683227539062
9074,357.8375549316406
9075,185.95806884765625
9076,189.39393615722656
9077,217.91763305664062
9078,363.90576171875
9079,236.05738830566406
9080,364.5043029785156
9081,177.05413818359375
9082,366.719482421875
9083,396.7466125488281
9084,392.361328125
9085,333.0281677246094
9086,214.0421905517578
9087,310.93695068359375
9088,279.6507263183594
9089,300.5194091796875
9090,265.0885009765625
9091,382.8565368652344
9092,375.1396484375
9093,82.25337219238281
9094,215.81903076171875
9095,140.78562927246094
9096,342.0424499511719
9097,386.54132080078125
9098,133.28671264648438
9099,328.0422668457031
9100,151.31192016601562
9101,222.6366729736328
9102,366.7823181152344
9103,338.0760498046875
9104,240.410888671875
9105,143.23939514160156
9106,276.9694519042969
9107,230.64488220214844
9108,199.64816284179688
9109,148.9019012451172
9110,316.513916015625
9111,121.81595611572266
9112,282.0768737792969
9113,132.5684814453125
9114,412.27728271484375
9115,154.41073608398438
9116,215.2964324951172
9117,284.2140197753906
9118,281.0164489746094
9119,368.7676086425781
9120,220.80104064941406
9121,319.4256591796875
9122,343.5719299316406
9123,243.54763793945312
9124,153.1202850341797
9125,275.1031799316406
9126,183.77735900878906
9127,376.2583923339844
9128,254.16351318359375
9129,394.1305847167969
9130,330.5310363769531
9131,272.81146240234375
9132,324.2746887207031
9133,336.85711669921875
9134,310.43994140625
9135,374.8787841796875
9136,201.72865295410156
9137,274.85797119140625
9138,369.8840026855469
9139,202.50389099121094
9140,161.98170471191406
9141,365.7826843261719
9142,178.46737670898438
9143,396.91583251953125
9144,448.50482177734375
9145,321.7789611816406
9146,125.012451171875
9147,375.1416015625
9148,231.93594360351562
9149,361.54400634765625
9150,413.1286926269531
9151,230.46168518066406
9152,329.50897216796875
9153,338.1595153808594
9154,137.4912872314453
9155,382.8528137207031
9156,315.31707763671875
9157,230.95277404785156
9158,283.5713195800781
9159,262.8133239746094
9160,200.81829833984375
9161,266.39862060546875
9162,199.77049255371094
9163,160.45101928710938
9164,190.6723175048828
9165,344.03594970703125
9166,422.21075439453125
9167,407.59466552734375
9168,181.30154418945312
9169,183.460205078125
9170,268.9161071777344
9171,348.7676086425781
9172,88.21047973632812
9173,315.155029296875
9174,385.1775817871094
9175,409.68048095703125
9176,110.34365844726562
9177,295.506103515625
9178,307.7974548339844
9179,396.6910095214844
9180,150.06568908691406
9181,430.9561462402344
9182,415.9570007324219
9183,157.23721313476562
9184,248.0133056640625
9185,323.86553955078125
9186,198.79208374023438
9187,333.98638916015625
9188,267.5772705078125
9189,228.66207885742188
9190,289.7774963378906
9191,285.29150390625
9192,341.1700134277344
9193,151.8715362548828
9194,267.64031982421875
9195,303.0052490234375
9196,291.4911193847656
9197,380.0886535644531
9198,299.6754455566406
9199,198.04779052734375
9200,363.38470458984375
9201,193.00326538085938
9202,214.21864318847656
9203,364.11407470703125
9204,211.2653350830078
9205,287.7043151855469
9206,384.84222412109375
9207,359.62261962890625
9208,220.15362548828125
9209,385.3460998535156
9210,247.54249572753906
9211,310.99786376953125
9212,423.0452575683594
9213,272.2314758300781
9214,420.9647521972656
9215,338.7319030761719
9216,319.0711364746094
9217,185.06385803222656
9218,197.5328369140625
9219,193.60516357421875
9220,243.8427734375
9221,277.7025451660156
9222,219.95445251464844
9223,346.9373474121094
9224,351.88214111328125
9225,317.2492980957031
9226,128.8843536376953
9227,309.14178466796875
9228,401.51287841796875
9229,242.2829132080078
9230,231.37257385253906
9231,180.08541870117188
9232,435.2336120605469
9233,341.4094543457031
9234,383.217529296875
9235,268.66217041015625
9236,206.02902221679688
9237,397.1715087890625
9238,434.4312744140625
9239,178.00758361816406
9240,321.9282531738281
9241,260.1242370605469
9242,278.69183349609375
9243,406.492431640625
9244,173.0459442138672
9245,351.1167907714844
9246,249.5629119873047
9247,149.31968688964844
9248,217.53807067871094
9249,401.7391357421875
9250,322.28399658203125
9251,316.40057373046875
9252,188.1064910888672
9253,289.9192810058594
9254,340.918701171875
9255,343.4784240722656
9256,345.3205261230469
9257,267.8019714355469
9258,207.3329315185547
9259,284.09515380859375
9260,275.6967468261719
9261,276.6319885253906
9262,97.08984375
9263,395.7131652832031
9264,113.86638641357422
9265,309.0490417480469
9266,128.53773498535156
9267,304.66912841796875
9268,391.31549072265625
9269,380.3313903808594
9270,238.05242919921875
9271,277.330078125
9272,135.440185546875
9273,400.0113220214844
9274,198.86328125
9275,292.805908203125
9276,417.3407897949219
9277,254.29849243164062
9278,274.9132080078125
9279,144.392333984375
9280,414.955322265625
9281,403.67987060546875
9282,367.34552001953125
9283,181.2032470703125
9284,315.1418151855469
9285,287.6611633300781
9286,154.65994262695312
9287,441.77703857421875
9288,283.6479187011719
9289,202.87855529785156
9290,85.86327362060547
9291,363.4737243652344
9292,395.4226379394531
9293,233.79148864746094
9294,285.706787109375
9295,185.1692657470703
9296,214.21688842773438
9297,248.583251953125
9298,214.08348083496094
9299,416.9223327636719
9300,237.49557495117188
9301,289.6974182128906
9302,391.4717712402344
9303,408.29888916015625
9304,248.65020751953125
9305,218.1546173095703
9306,386.4244079589844
9307,281.6808776855469
9308,205.20033264160156
9309,171.4969482421875
9310,205.7351837158203
9311,229.21588134765625
9312,381.8638610839844
9313,159.73550415039062
9314,176.00979614257812
9315,338.5806884765625
9316,364.7088928222656
9317,239.96853637695312
9318,186.91612243652344
9319,382.5892333984375
9320,234.259521484375
9321,320.4060974121094
9322,403.6171569824219
9323,246.70962524414062
9324,228.83619689941406
9325,436.043701171875
9326,272.7979736328125
9327,315.9188537597656
9328,190.4853973388672
9329,394.7880859375
9330,211.81333923339844
9331,402.24273681640625
9332,368.4803161621094
9333,133.1628875732422
9334,204.9331817626953
9335,219.13763427734375
9336,343.5863342285156
9337,123.82073211669922
9338,164.9017791748047
9339,238.63873291015625
9340,308.22784423828125
9341,373.7825927734375
9342,280.0418701171875
9343,250.51809692382812
9344,163.4837646484375
9345,127.41109466552734
9346,234.52859497070312
9347,150.25238037109375
9348,313.1874694824219
9349,269.6028747558594
9350,341.1596984863281
9351,205.89401245117188
9352,221.1101531982422
9353,321.32061767578125
9354,422.1501159667969
9355,392.2619934082031
9356,405.80426025390625
9357,273.6517028808594
9358,356.23419189453125
9359,113.3045654296875
9360,374.1938781738281
9361,394.0245056152344
9362,82.9294662475586
9363,262.7396545410156
9364,315.2943420410156
9365,433.8269348144531
9366,370.4755859375
9367,333.1649169921875
9368,257.11846923828125
9369,159.6753692626953
9370,252.884033203125
9371,134.4173126220703
9372,261.41046142578125
9373,132.9051513671875
9374,131.38731384277344
9375,420.1660461425781
9376,220.83065795898438
9377,218.3922119140625
9378,262.7408142089844
9379,332.8200378417969
9380,274.5118103027344
9381,192.0813751220703
9382,373.2248229980469
9383,296.3262634277344
9384,365.2066955566406
9385,382.5656433105469
9386,88.46025085449219
9387,405.46307373046875
9388,351.3381652832031
9389,143.83511352539062
9390,116.82975006103516
9391,361.6761474609375
9392,438.7059326171875
9393,386.52294921875
9394,273.66644287109375
9395,174.6142578125
9396,311.6369934082031
9397,266.5282897949219
9398,283.83221435546875
9399,350.38726806640625
9400,425.6498107910156
9401,270.95257568359375
9402,382.044921875
9403,357.7184143066406
9404,184.8741455078125
9405,320.9688720703125
9406,328.1401062011719
9407,249.60745239257812
9408,406.3117980957031
9409,288.4017333984375
9410,354.435791015625
9411,399.69635009765625
9412,233.3061981201172
9413,322.1307678222656
9414,256.8377380371094
9415,348.409912109375
9416,311.3650817871094
9417,188.13031005859375
9418,356.8238220214844
9419,208.5381622314453
9420,279.1103210449219
9421,296.10650634765625
9422,409.8561096191406
9423,202.56068420410156
9424,252.83370971679688
9425,426.2811584472656
9426,371.3092956542969
9427,395.7377624511719
9428,277.26055908203125
9429,107.43452453613281
9430,333.4291076660156
9431,135.91026306152344
9432,247.22134399414062
9433,405.77374267578125
9434,389.0743103027344
9435,282.66827392578125
9436,169.9769287109375
9437,400.82159423828125
9438,388.78277587890625
9439,408.803955078125
9440,274.5107421875
9441,405.51409912109375
9442,273.15216064453125
9443,378.6846923828125
9444,215.9288330078125
9445,285.52471923828125
9446,191.28274536132812
9447,104.56022644042969
9448,339.6866455078125
9449,291.0782470703125
9450,254.26296997070312
9451,279.54425048828125
9452,364.9748229980469
9453,360.6730041503906
9454,285.4291687011719
9455,138.7028045654297
9456,318.9128723144531
9457,181.12635803222656
9458,264.1479797363281
9459,409.95111083984375
9460,262.31695556640625
9461,399.4433898925781
9462,325.80914306640625
9463,306.9031982421875
9464,276.0262756347656
9465,212.70042419433594
9466,425.7961120605469
9467,361.2286071777344
9468,378.029541015625
9469,345.7555847167969
9470,195.57998657226562
9471,210.0548858642578
9472,236.55882263183594
9473,334.3107604980469
9474,124.98149871826172
9475,357.4307861328125
9476,287.2895202636719
9477,390.3032531738281
9478,193.25648498535156
9479,357.9260559082031
9480,213.18789672851562
9481,216.96617126464844
9482,192.6924285888672
9483,396.4976501464844
9484,313.70257568359375
9485,293.5412292480469
9486,358.63055419921875
9487,186.39474487304688
9488,103.19434356689453
9489,254.32147216796875
9490,238.77272033691406
9491,358.120849609375
9492,212.43846130371094
9493,357.0780334472656
9494,192.52061462402344
9495,345.3158264160156
9496,167.7498321533203
9497,169.13314819335938
9498,103.04962921142578
9499,339.92596435546875
9500,158.83912658691406
9501,392.9449157714844
9502,221.56793212890625
9503,372.0173645019531
9504,206.70603942871094
9505,331.6566162109375
9506,247.9398956298828
9507,362.90899658203125
9508,251.7775421142578
9509,257.9021301269531
9510,185.97947692871094
9511,262.2510681152344
9512,226.18211364746094
9513,350.8544921875
9514,167.2704315185547
9515,288.9111328125
9516,376.5238037109375
9517,344.96630859375
9518,166.87786865234375
9519,401.05401611328125
9520,347.2145690917969
9521,243.16261291503906
9522,345.8789367675781
9523,165.42752075195312
9524,365.7752380371094
9525,299.5184020996094
9526,222.72683715820312
9527,184.6109619140625
9528,156.28273010253906
9529,253.28746032714844
9530,126.27655792236328
9531,440.4608459472656
9532,429.66961669921875
9533,288.7613830566406
9534,379.5015563964844
9535,371.64764404296875
9536,208.2152099609375
9537,384.9731140136719
9538,396.7291564941406
9539,273.4886779785156
9540,410.4486999511719
9541,325.1104736328125
9542,159.39578247070312
9543,317.58905029296875
9544,187.75088500976562
9545,173.99769592285156
9546,330.7130126953125
9547,221.3528289794922
9548,408.87237548828125
9549,354.9501037597656
9550,372.8663024902344
9551,264.7020568847656
9552,198.53204345703125
9553,356.3099365234375
9554,172.39479064941406
9555,214.36683654785156
9556,339.53240966796875
9557,387.5369873046875
9558,154.29391479492188
9559,172.5189971923828
9560,214.0284881591797
9561,394.6966247558594
9562,175.06199645996094
9563,320.7972412109375
9564,145.03404235839844
9565,237.0688018798828
9566,270.6517639160156
9567,112.39823913574219
9568,304.024658203125
9569,277.97454833984375
9570,138.26177978515625
9571,205.53419494628906
9572,264.81695556640625
9573,212.05419921875
9574,352.4175720214844
9575,404.2303771972656
9576,328.42047119140625
9577,252.9583282470703
9578,306.2439880371094
9579,367.1297302246094
9580,267.4502868652344
9581,245.78428649902344
9582,204.83941650390625
9583,113.1346664428711
9584,297.99676513671875
9585,272.46710205078125
9586,136.11997985839844
9587,294.11285400390625
9588,347.1240539550781
9589,256.7482604980469
9590,122.02538299560547
9591,346.2575378417969
9592,356.3922424316406
9593,135.85572814941406
9594,220.10267639160156
9595,342.2657775878906
9596,374.5288391113281
9597,229.31106567382812
9598,282.96063232421875
9599,394.8175354003906
9600,340.0142822265625
9601,131.44216918945312
9602,370.0831604003906
9603,291.7296447753906
9604,389.3670349121094
9605,356.9160461425781
9606,192.5092010498047
9607,94.14545440673828
9608,267.4564514160156
9609,355.27886962890625
9610,362.98565673828125
9611,285.93157958984375
9612,426.7803039550781
9613,301.1461486816406
9614,232.0990447998047
9615,312.1779479980469
9616,283.51593017578125
9617,255.89332580566406
9618,344.71575927734375
9619,221.07037353515625
9620,285.28924560546875
9621,353.72113037109375
9622,403.1569519042969
9623,316.5787048339844
9624,198.14976501464844
9625,379.31591796875
9626,408.65301513671875
9627,320.0918273925781
9628,220.43760681152344
9629,178.89308166503906
9630,242.752685546875
9631,269.0545959472656
9632,278.1769104003906
9633,333.3937072753906
9634,312.341552734375
9635,312.5229797363281
9636,321.9747314453125
9637,417.43511962890625
9638,304.4329833984375
9639,293.9189453125
9640,319.147705078125
9641,409.8798828125
9642,178.6586151123047
9643,298.6797180175781
9644,278.6782531738281
9645,197.78109741210938
9646,149.28407287597656
9647,274.0233459472656
9648,280.3360900878906
9649,172.98521423339844
9650,383.9203186035156
9651,405.24285888671875
9652,328.51055908203125
9653,338.281005859375
9654,428.6959533691406
9655,183.83941650390625
9656,386.030029296875
9657,316.874267578125
9658,352.4449157714844
9659,259.9874267578125
9660,378.54913330078125
9661,227.2559051513672
9662,383.2210693359375
9663,398.92205810546875
9664,190.18310546875
9665,274.736572265625
9666,281.962890625
9667,249.2540740966797
9668,205.40736389160156
9669,102.92169952392578
9670,166.6999053955078
9671,322.68316650390625
9672,304.67486572265625
9673,149.58157348632812
9674,269.3497009277344
9675,239.7978973388672
9676,243.5148162841797
9677,178.70904541015625
9678,243.6881103515625
9679,406.94354248046875
9680,138.02285766601562
9681,366.5027770996094
9682,351.5079650878906
9683,272.4100341796875
9684,192.03514099121094
9685,318.3835754394531
9686,177.41017150878906
9687,263.2763366699219
9688,253.8599395751953
9689,340.5101623535156
9690,367.7519836425781
9691,290.823974609375
9692,379.68255615234375
9693,302.2514343261719
9694,331.47503662109375
9695,382.61712646484375
9696,176.68096923828125
9697,265.1956787109375
9698,328.70947265625
9699,367.44866943359375
9700,154.2633819580078
9701,329.4595031738281
9702,171.3962860107422
9703,395.218505859375
9704,217.13026428222656
9705,281.4775695800781
9706,404.4535217285156
9707,236.78736877441406
9708,367.1243896484375
9709,115.08160400390625
9710,342.4236145019531
9711,367.1539001464844
9712,225.57455444335938
9713,282.5882873535156
9714,274.9075927734375
9715,332.5612487792969
9716,201.61940002441406
9717,437.6833801269531
9718,260.0528869628906
9719,370.3607177734375
9720,357.09869384765625
9721,270.7383728027344
9722,150.87086486816406
9723,285.8895568847656
9724,207.6436767578125
9725,365.0095520019531
9726,218.59796142578125
9727,417.599609375
9728,233.0314483642578
9729,279.622314453125
9730,117.18843841552734
9731,129.20028686523438
9732,425.41015625
9733,334.646728515625
9734,237.09027099609375
9735,328.7043762207031
9736,381.10052490234375
9737,387.87493896484375
9738,339.0810546875
9739,186.92434692382812
9740,287.78546142578125
9741,140.19000244140625
9742,400.6858825683594
9743,219.1310272216797
9744,146.46804809570312
9745,284.5813903808594
9746,204.8565673828125
9747,268.993408203125
9748,366.6952819824219
9749,419.0244140625
9750,330.6368713378906
9751,179.5812530517578
9752,260.0246276855469
9753,283.36212158203125
9754,374.399169921875
9755,242.0804901123047
9756,370.6021423339844
9757,250.7290496826172
9758,422.78668212890625
9759,282.8529052734375
9760,198.87017822265625
9761,395.43072509765625
9762,420.7712707519531
9763,174.14251708984375
9764,372.69000244140625
9765,292.4825439453125
9766,193.75082397460938
9767,358.4566955566406
9768,420.6753234863281
9769,180.5322265625
9770,314.52899169921875
9771,338.7332458496094
9772,357.0509948730469
9773,423.0066223144531
9774,222.5593719482422
9775,350.8712158203125
9776,158.18917846679688
9777,167.2819061279297
9778,192.14247131347656
9779,296.2772216796875
9780,385.05230712890625
9781,392.9119567871094
9782,227.60003662109375
9783,286.8099365234375
9784,154.4058837890625
9785,131.61068725585938
9786,380.7464294433594
9787,350.2957458496094
9788,137.4818572998047
9789,195.29525756835938
9790,408.9071350097656
9791,160.64605712890625
9792,130.3234405517578
9793,354.74371337890625
9794,225.73641967773438
9795,421.3646240234375
9796,242.67530822753906
9797,353.21466064453125
9798,274.08905029296875
9799,294.2868347167969
9800,207.3491973876953
9801,383.9725341796875
9802,368.1688537597656
9803,362.2568054199219
9804,396.7889404296875
9805,272.6820983886719
9806,385.2411193847656
9807,370.1795959472656
9808,371.4412841796875
9809,278.4107971191406
9810,217.59259033203125
9811,157.14437866210938
9812,232.53477478027344
9813,368.3412170410156
9814,407.3609924316406
9815,153.048583984375
9816,338.10040283203125
9817,109.61441040039062
9818,164.9858856201172
9819,162.3776397705078
9820,274.4722900390625
9821,152.42562866210938
9822,220.99264526367188
9823,379.0015869140625
9824,273.5307312011719
9825,396.4836730957031
9826,168.8922119140625
9827,243.10520935058594
9828,344.82635498046875
9829,315.2418518066406
9830,139.46546936035156
9831,350.0659484863281
9832,270.4676513671875
9833,220.8447265625
9834,362.21307373046875
9835,269.3868408203125
9836,312.934326171875
9837,292.7080993652344
9838,423.90325927734375
9839,284.4446105957031
9840,339.54412841796875
9841,186.79278564453125
9842,125.88024139404297
9843,417.6763610839844
9844,239.33705139160156
9845,140.54232788085938
9846,240.2706756591797
9847,351.5211181640625
9848,218.52496337890625
9849,324.31341552734375
9850,399.5534973144531
9851,297.70770263671875
9852,171.17510986328125
9853,388.2620544433594
9854,302.1852722167969
9855,377.747802734375
9856,206.1827392578125
9857,343.4543151855469
9858,195.46665954589844
9859,408.3636169433594
9860,349.9898376464844
9861,301.95611572265625
9862,373.1756591796875
9863,436.17169189453125
9864,340.43499755859375
9865,287.231201171875
9866,301.3790283203125
9867,383.622314453125
9868,360.4582824707031
9869,252.03782653808594
9870,229.41221618652344
9871,294.5998840332031
9872,236.23011779785156
9873,304.8656921386719
9874,293.54437255859375
9875,297.7333984375
9876,208.95843505859375
9877,337.2542419433594
9878,367.06597900390625
9879,295.14483642578125
9880,200.28013610839844
9881,131.82623291015625
9882,316.9967956542969
9883,345.95050048828125
9884,339.10809326171875
9885,179.4466094970703
9886,420.133056640625
9887,222.64498901367188
9888,262.7608337402344
9889,264.015380859375
9890,369.6922607421875
9891,335.62786865234375
9892,435.2425537109375
9893,363.4947509765625
9894,368.66015625
9895,240.12606811523438
9896,335.48724365234375
9897,373.8828430175781
9898,358.2865295410156
9899,342.58026123046875
9900,406.01361083984375
9901,328.09271240234375
9902,408.318359375
9903,307.7688293457031
9904,118.4339828491211
9905,404.8213806152344
9906,185.29844665527344
9907,137.16567993164062
9908,405.2464599609375
9909,287.3285827636719
9910,381.6196594238281
9911,395.2290954589844
9912,382.9831237792969
9913,279.6112060546875
9914,227.5751953125
9915,389.0158386230469
9916,260.16729736328125
9917,341.3327941894531
9918,238.72897338867188
9919,354.9745788574219
9920,328.1599426269531
9921,227.93096923828125
9922,181.58859252929688
9923,292.388427734375
9924,335.80029296875
9925,366.15899658203125
9926,309.7872009277344
9927,386.2900085449219
9928,283.6405334472656
9929,188.87652587890625
9930,195.63192749023438
9931,350.7834167480469
9932,306.6705017089844
9933,231.94664001464844
9934,231.0032958984375
9935,374.0106201171875
9936,336.8283386230469
9937,335.1789245605469
9938,353.9593200683594
9939,343.5963134765625
9940,399.5797424316406
9941,399.0765075683594
9942,411.25067138671875
9943,152.02005004882812
9944,353.7787170410156
9945,339.968017578125
9946,293.5215759277344
9947,189.56298828125
9948,418.45562744140625
9949,113.22914123535156
9950,191.7535858154297
9951,309.7520751953125
9952,249.86033630371094
9953,338.8453369140625
9954,200.3574676513672
9955,224.2405242919922
9956,370.2534484863281
9957,400.4350280761719
9958,440.806640625
9959,339.77703857421875
9960,389.2051696777344
9961,286.4184265136719
9962,337.6734924316406
9963,327.3064270019531
9964,287.3899841308594
9965,356.15435791015625
9966,196.90902709960938
9967,310.9756164550781
9968,174.97145080566406
9969,290.7045593261719
9970,412.2496032714844
9971,232.9351806640625
9972,334.9338684082031
9973,333.93682861328125
9974,362.16912841796875
9975,413.35638427734375
9976,339.0653381347656
9977,187.35011291503906
9978,209.97329711914062
9979,373.08135986328125
9980,229.07554626464844
9981,322.0878601074219
9982,385.7550048828125
9983,353.81982421875
9984,191.13182067871094
9985,369.7676086425781
9986,232.6263885498047
9987,240.32916259765625
9988,378.9828186035156
9989,317.6366882324219
9990,305.34332275390625
9991,175.8970947265625
9992,330.26776123046875
9993,290.9659423828125
9994,400.80224609375
9995,292.02276611328125
9996,391.4086608886719
9997,344.3789978027344
9998,328.5508728027344
9999,263.5258483886719
10000,357.3402404785156
