Step,Value
95,0.6192164421081543
96,0.8754793405532837
97,1.0958869457244873
98,0.5515145659446716
99,0.6924406886100769
100,0.8224976658821106
101,0.6230171918869019
102,0.6863209009170532
103,0.5116650462150574
104,0.5872065424919128
105,0.8614530563354492
106,0.9859375357627869
107,0.94767165184021
108,0.6599038243293762
109,1.3762962818145752
110,1.2099350690841675
111,0.998898446559906
112,1.2347187995910645
113,1.4003920555114746
114,1.6360838413238525
115,1.2829643487930298
116,1.1321014165878296
117,0.954162061214447
118,1.4372448921203613
119,1.2199243307113647
120,1.8062626123428345
121,1.1535611152648926
122,1.8115882873535156
123,1.2986844778060913
124,2.1186838150024414
125,2.3177928924560547
126,2.0079116821289062
127,1.8895100355148315
128,2.331629753112793
129,1.6787306070327759
130,2.152282953262329
131,2.202033281326294
132,3.188941240310669
133,2.9900827407836914
134,2.470946788787842
135,1.5249648094177246
136,1.879206895828247
137,1.7291923761367798
138,4.118575096130371
139,4.65581750869751
140,4.783604621887207
141,5.220980644226074
142,4.373149871826172
143,4.188368320465088
144,4.890597343444824
145,3.066033124923706
146,3.1702513694763184
147,2.7856764793395996
148,3.68931245803833
149,3.9661500453948975
150,7.583806037902832
151,5.918736934661865
152,5.449824333190918
153,2.4740231037139893
154,2.5335168838500977
155,3.5121798515319824
156,3.174286365509033
157,7.300551891326904
158,9.491028785705566
159,8.765243530273438
160,7.323504447937012
161,3.8145949840545654
162,3.6605300903320312
163,5.28153657913208
164,6.268322467803955
165,8.475605964660645
166,6.542562484741211
167,3.164053201675415
168,2.727276086807251
169,2.9030609130859375
170,5.061635971069336
171,9.427813529968262
172,8.452685356140137
173,5.914660453796387
174,4.478013038635254
175,5.588183879852295
176,8.094167709350586
177,9.649328231811523
178,11.678241729736328
179,9.40978717803955
180,7.378261089324951
181,6.049477577209473
182,2.2925498485565186
183,4.49613094329834
184,6.8633012771606445
185,9.378880500793457
186,7.623752593994141
187,5.664803504943848
188,3.634330987930298
189,3.7640020847320557
190,3.9845802783966064
191,3.29301118850708
192,3.8102760314941406
193,4.729617118835449
194,3.7121939659118652
195,4.066346168518066
196,4.9942708015441895
197,3.6650967597961426
198,2.508134126663208
199,5.077817440032959
200,3.8007514476776123
201,3.812584638595581
202,2.4602293968200684
203,4.36449670791626
204,2.3481998443603516
205,4.373208045959473
206,5.574669361114502
207,5.584526538848877
208,4.463348388671875
209,6.5859222412109375
210,3.771803140640259
211,6.04900598526001
212,8.21420669555664
213,9.57164478302002
214,8.55136489868164
215,7.9236931800842285
216,6.168055057525635
217,3.6319680213928223
218,2.5540919303894043
219,3.1441452503204346
220,4.681887149810791
221,6.147993087768555
222,9.22655963897705
223,7.668596267700195
224,6.9093804359436035
225,4.407883644104004
226,2.209747791290283
227,4.122597694396973
228,5.9683098793029785
229,8.042424201965332
230,7.492580413818359
231,7.785188674926758
232,5.022013187408447
233,3.8072571754455566
234,5.447094917297363
235,6.603051662445068
236,5.8524370193481445
237,6.4988555908203125
238,7.32936954498291
239,7.697195529937744
240,6.748889923095703
241,4.586105823516846
242,3.298546552658081
243,1.7917996644973755
244,2.956570863723755
245,4.759334087371826
246,6.142773628234863
247,6.346151828765869
248,5.886030197143555
249,5.444458484649658
250,2.7077524662017822
251,1.5321612358093262
252,4.119378566741943
253,4.491944313049316
254,4.957111358642578
255,3.4208710193634033
256,4.5715460777282715
257,2.8723840713500977
258,2.6599183082580566
259,3.992382287979126
260,5.456506252288818
261,4.912018299102783
262,4.5005669593811035
263,3.3188974857330322
264,3.2572038173675537
265,1.7199708223342896
266,1.2547694444656372
267,2.093339204788208
268,2.0146071910858154
269,4.944399356842041
270,2.7459254264831543
271,1.5699498653411865
272,2.9580602645874023
273,5.8006205558776855
274,2.9416513442993164
275,1.076796531677246
276,4.886227607727051
277,6.8903093338012695
278,7.54124116897583
279,6.353476047515869
280,5.297853469848633
281,1.983489751815796
282,2.963109016418457
283,3.460287570953369
284,2.134272575378418
285,0.9517430067062378
286,2.7111847400665283
287,3.4896202087402344
288,3.386707305908203
289,1.4568012952804565
290,3.9029452800750732
291,5.8279805183410645
292,4.943052768707275
293,2.976158857345581
294,2.4292452335357666
295,3.276928663253784
296,4.0431694984436035
297,1.7539373636245728
298,1.5463138818740845
299,2.6607120037078857
300,2.7753376960754395
301,3.187178134918213
302,1.723819375038147
303,1.1930084228515625
304,3.3636720180511475
305,2.121203660964966
306,2.3873918056488037
307,2.0798251628875732
308,2.7716562747955322
309,2.951768398284912
310,1.9571456909179688
311,3.243899345397949
312,2.4552268981933594
313,2.3918914794921875
314,2.3120317459106445
315,1.9891914129257202
316,2.158210039138794
317,3.569643974304199
318,3.8951821327209473
319,4.058996200561523
320,2.912149429321289
321,2.101231336593628
322,1.9597548246383667
323,2.163494110107422
324,4.708450794219971
325,2.991171360015869
326,2.294221878051758
327,3.0809526443481445
328,4.410999774932861
329,2.5965301990509033
330,1.9502930641174316
331,1.5694537162780762
332,1.0516304969787598
333,1.381426453590393
334,1.6884760856628418
335,1.004020094871521
336,1.5247526168823242
337,1.9080495834350586
338,2.3287832736968994
339,1.4608819484710693
340,1.0345052480697632
341,0.5291624665260315
342,2.311499834060669
343,3.3777177333831787
344,2.142108678817749
345,1.621644377708435
346,1.9771010875701904
347,4.086856842041016
348,3.285327434539795
349,2.532142400741577
350,2.6634719371795654
351,3.545675277709961
352,3.4443562030792236
353,4.176412105560303
354,3.4739789962768555
355,2.899996519088745
356,2.0529823303222656
357,3.389883518218994
358,3.4837169647216797
359,3.2545042037963867
360,3.757199287414551
361,3.8313369750976562
362,3.368957757949829
363,3.9259350299835205
364,3.9200077056884766
365,4.237357139587402
366,3.6987175941467285
367,3.4998035430908203
368,3.3648104667663574
369,2.866096019744873
370,2.302957057952881
371,1.022470235824585
372,0.637510359287262
373,1.476931095123291
374,1.7598942518234253
375,2.8393938541412354
376,3.250936985015869
377,3.835318088531494
378,3.0010769367218018
379,2.044769763946533
380,1.6020352840423584
381,0.9516441226005554
382,1.0082709789276123
383,1.965975046157837
384,2.1377856731414795
385,1.6529359817504883
386,1.870388150215149
387,2.6271843910217285
388,2.3964860439300537
389,2.1403849124908447
390,1.9378994703292847
391,1.948116660118103
392,1.3318170309066772
393,3.4731433391571045
394,2.6663002967834473
395,1.3645612001419067
396,1.1741746664047241
397,3.0837860107421875
398,2.6911771297454834
399,2.268510580062866
400,1.8543156385421753
401,1.719773769378662
402,1.3709795475006104
403,1.949836254119873
404,1.4270164966583252
405,1.1354458332061768
406,1.501865267753601
407,1.1715563535690308
408,0.5472968816757202
409,1.8923494815826416
410,1.1563820838928223
411,0.9228490591049194
412,0.8462648987770081
413,0.7747071981430054
414,1.3556780815124512
415,1.0171198844909668
416,0.3188035190105438
417,1.3360620737075806
418,1.2994188070297241
419,1.4331508874893188
420,0.7863935828208923
421,1.8918806314468384
422,1.7275986671447754
423,1.6402013301849365
424,2.3164989948272705
425,1.7678861618041992
426,1.5842018127441406
427,1.7517343759536743
428,1.1304295063018799
429,1.1000022888183594
430,0.9847778081893921
431,0.8446704745292664
432,0.6325016617774963
433,0.4260002374649048
434,0.7003730535507202
435,1.113680362701416
436,0.6680363416671753
437,1.0371845960617065
438,0.6908949613571167
439,1.0517075061798096
440,1.9586126804351807
441,2.485495090484619
442,1.9533716440200806
443,1.1404175758361816
444,0.8551257848739624
445,1.0503522157669067
446,1.8253090381622314
447,1.9759970903396606
448,1.4657843112945557
449,1.4545177221298218
450,2.3277745246887207
451,2.1005194187164307
452,1.6699631214141846
453,1.8935060501098633
454,1.1216826438903809
455,1.2034164667129517
456,1.5715787410736084
457,1.6086323261260986
458,1.4632140398025513
459,1.2601351737976074
460,1.7609869241714478
461,0.6419194936752319
462,1.008953332901001
463,1.2465213537216187
464,1.310049295425415
465,0.5893878936767578
466,0.9159302711486816
467,1.2320867776870728
468,2.1996238231658936
469,1.2695790529251099
470,2.018254518508911
471,0.6732065081596375
472,1.1440808773040771
473,2.121037006378174
474,1.3503210544586182
475,0.8461887836456299
476,0.9106974601745605
477,1.3704969882965088
478,1.3722859621047974
479,0.49955427646636963
480,0.8236593008041382
481,0.9785255789756775
482,1.3143736124038696
483,0.9650691747665405
484,0.37624165415763855
485,0.806462824344635
486,0.47748374938964844
487,0.8913198709487915
488,0.755466103553772
489,1.373138189315796
490,1.4735912084579468
491,1.1810353994369507
492,0.8812699317932129
493,2.058932304382324
494,1.941819667816162
495,0.7085105776786804
496,1.4808447360992432
497,0.8687742948532104
498,1.0867873430252075
499,1.3391573429107666
500,1.3160991668701172
501,0.5069220662117004
502,1.949781894683838
503,1.6961950063705444
504,1.3270256519317627
505,1.4177706241607666
506,2.026993751525879
507,2.1346638202667236
508,2.313011407852173
509,3.5162694454193115
510,2.787719249725342
511,1.7173203229904175
512,0.5707457661628723
513,1.6886909008026123
514,1.729461431503296
515,0.7922020554542542
516,1.8936588764190674
517,1.7365429401397705
518,0.8755027651786804
519,0.6096928715705872
520,1.4702881574630737
521,2.353764057159424
522,0.7327236533164978
523,0.6922898292541504
524,1.911655068397522
525,1.2478431463241577
526,0.8352732062339783
527,1.2772377729415894
528,1.5306872129440308
529,0.9060498476028442
530,0.7978588342666626
531,1.341690182685852
532,1.8805278539657593
533,2.285374641418457
534,1.6256123781204224
535,0.7726610898971558
536,1.4506624937057495
537,0.6228063106536865
538,1.4170386791229248
539,0.449577659368515
540,0.9890362024307251
541,0.5165097713470459
542,1.1737933158874512
543,1.0149760246276855
544,0.6437858939170837
545,0.965714693069458
546,1.259277582168579
547,1.3809473514556885
548,0.6672707796096802
549,0.5982016921043396
550,0.9452547430992126
551,1.2380167245864868
552,0.7159853577613831
553,0.48685169219970703
554,1.0993820428848267
555,1.9658260345458984
556,1.8483785390853882
557,2.4285881519317627
558,1.3634806871414185
559,0.9529910087585449
560,1.300071120262146
561,1.6360785961151123
562,1.4363675117492676
563,1.2608318328857422
564,1.551550269126892
565,0.7723881006240845
566,1.073030948638916
567,0.6905408501625061
568,0.9783519506454468
569,0.5944804549217224
570,1.1443448066711426
571,1.4067835807800293
572,0.7668716907501221
573,0.9511869549751282
574,1.5089977979660034
575,1.2427465915679932
576,1.3445528745651245
577,1.086289882659912
578,1.4841457605361938
579,1.3483781814575195
580,1.2682254314422607
581,0.7673560976982117
582,1.6691652536392212
583,1.1691800355911255
584,1.0255680084228516
585,2.3708925247192383
586,2.3788061141967773
587,3.2969064712524414
588,2.3513412475585938
589,2.057114362716675
590,2.382906436920166
591,3.0710573196411133
592,2.640422821044922
593,2.558279514312744
594,2.218801498413086
595,3.091376304626465
596,3.45940899848938
597,3.496391534805298
598,3.239640951156616
599,2.688957691192627
600,3.207005262374878
601,2.829509973526001
602,3.839261531829834
603,3.902688503265381
604,3.8161275386810303
605,4.059567451477051
606,4.194579601287842
607,4.480006217956543
608,4.63492488861084
609,5.192736625671387
610,5.1599531173706055
611,4.711247444152832
612,3.8703699111938477
613,2.576261520385742
614,2.2796216011047363
615,2.112074851989746
616,0.8390207290649414
617,0.642211377620697
618,1.11348295211792
619,1.522670030593872
620,1.3347761631011963
621,0.7413303256034851
622,0.5148165822029114
623,0.6894514560699463
624,1.0521701574325562
625,1.0016632080078125
626,0.9206458926200867
627,0.7754068374633789
628,0.9463964104652405
629,1.5810439586639404
630,2.3129019737243652
631,1.9416227340698242
632,1.2751437425613403
633,1.1498643159866333
634,1.0889230966567993
635,1.3841900825500488
636,1.233436942100525
637,1.084923267364502
638,0.898213803768158
639,1.7904776334762573
640,1.2440121173858643
641,1.361521601676941
642,1.9891998767852783
643,1.8316516876220703
644,1.5486881732940674
645,1.5227900743484497
646,1.6114907264709473
647,1.085483193397522
648,1.4263783693313599
649,1.1075866222381592
650,0.9767968058586121
651,0.46013137698173523
652,0.6407456994056702
653,0.7566955089569092
654,0.6578797101974487
655,0.8960353136062622
656,1.3119615316390991
657,1.4100805521011353
658,1.4180808067321777
659,1.3542765378952026
660,1.3210546970367432
661,1.3139526844024658
662,1.5561126470565796
663,1.542833924293518
664,1.0678833723068237
665,0.966919481754303
666,0.9314845204353333
667,1.0532031059265137
668,1.124743103981018
669,0.8774052262306213
670,1.0497074127197266
671,0.4820133447647095
672,0.6020820140838623
673,0.752617359161377
674,0.6167481541633606
675,0.7074324488639832
676,0.8671214580535889
677,1.0030723810195923
678,0.6185259222984314
679,1.7984105348587036
680,2.1475346088409424
681,1.8520137071609497
682,1.5764110088348389
683,1.216122031211853
684,1.0847651958465576
685,1.2873780727386475
686,0.9520807266235352
687,0.7768809199333191
688,0.6041116118431091
689,1.1020090579986572
690,1.1838319301605225
691,1.0518381595611572
692,1.2325886487960815
693,0.918189525604248
694,0.6058536171913147
695,1.2886186838150024
696,0.6159857511520386
697,0.45091715455055237
698,0.8299185037612915
699,0.9103508591651917
700,1.3174426555633545
701,1.313859224319458
702,0.8894983530044556
703,0.8753975629806519
704,0.8902002573013306
705,0.4398539662361145
706,0.547443151473999
707,0.6129604578018188
708,0.7375638484954834
709,0.45169416069984436
710,0.5798285603523254
711,0.9638731479644775
712,1.3380316495895386
713,0.9666566252708435
714,0.7673681378364563
715,1.0392465591430664
716,0.8267890810966492
717,1.0749878883361816
718,0.8080596327781677
719,0.8539513945579529
720,0.8337258100509644
721,0.9574854373931885
722,0.7871158719062805
723,0.9898717403411865
724,0.5959515571594238
725,0.7294808030128479
726,0.8065076470375061
727,1.043576955795288
728,1.5739147663116455
729,0.8697139024734497
730,0.9012051820755005
731,0.48788511753082275
732,0.543747067451477
733,1.1464112997055054
734,1.17680823802948
735,1.0480494499206543
736,0.7901989817619324
737,0.5788386464118958
738,1.0133525133132935
739,0.787548840045929
740,0.5147566795349121
741,0.5180551409721375
742,0.6350893378257751
743,1.2696201801300049
744,1.159775733947754
745,1.1776789426803589
746,0.46832600235939026
747,0.3035677373409271
748,0.8009958863258362
749,1.040565848350525
750,0.9664870500564575
751,1.040400743484497
752,0.8593531847000122
753,0.8639552593231201
754,0.8115980625152588
755,1.1595196723937988
756,1.4194107055664062
757,1.4495984315872192
758,0.5901889801025391
759,0.7050285339355469
760,0.7139480113983154
761,0.6541573405265808
762,0.8642642498016357
763,0.4537070393562317
764,0.5835556387901306
765,1.0838476419448853
766,0.9158665537834167
767,0.28694143891334534
768,0.8600196242332458
769,0.9600406885147095
770,0.674111008644104
771,0.7329639792442322
772,0.5204116702079773
773,0.578959047794342
774,0.7137526273727417
775,0.5693041086196899
776,0.5348000526428223
777,0.32204365730285645
778,0.27792978286743164
779,0.6461949348449707
780,0.8522356748580933
781,0.3732042908668518
782,0.6226221919059753
783,0.6692407131195068
784,0.9047455191612244
785,0.8480228185653687
786,0.7505980134010315
787,0.16281282901763916
788,0.479554146528244
789,0.6377050876617432
790,0.8893364071846008
791,0.41332659125328064
792,0.4100494086742401
793,0.268932968378067
794,0.34682002663612366
795,0.5320812463760376
796,0.6282602548599243
797,0.7640296220779419
798,1.214707851409912
799,0.47520533204078674
800,1.0244848728179932
801,1.1547646522521973
802,1.273972511291504
803,0.6259867548942566
804,0.9121866822242737
805,0.8872998952865601
806,0.2736510634422302
807,0.3118969798088074
808,0.4070749580860138
809,0.5971965789794922
810,0.890798807144165
811,0.4201439917087555
812,0.49466320872306824
813,0.6640781164169312
814,1.0067046880722046
815,0.8936589360237122
816,0.2592977285385132
817,0.6133253574371338
818,0.6955232620239258
819,0.41483086347579956
820,0.6336978673934937
821,0.3986484408378601
822,0.9067211151123047
823,0.8592888116836548
824,0.9246962070465088
825,0.5481876134872437
826,0.638409435749054
827,0.32387736439704895
828,0.529988169670105
829,0.65301513671875
830,0.8038209080696106
831,0.35319361090660095
832,0.41729220747947693
833,0.6898218393325806
834,0.6295135021209717
835,0.6639201045036316
836,0.2032499611377716
837,0.19485101103782654
838,0.9878696799278259
839,0.7886859178543091
840,0.7418980598449707
841,0.2956203818321228
842,0.3954785168170929
843,0.45082470774650574
844,0.4365553557872772
845,0.6920987367630005
846,0.6465502977371216
847,0.7651549577713013
848,0.939659059047699
849,0.46113473176956177
850,0.20479539036750793
851,0.9406986236572266
852,0.6391751170158386
853,0.5533865690231323
854,0.36652660369873047
855,0.5803233981132507
856,0.6262223124504089
857,0.2955973148345947
858,0.6956263184547424
859,0.7540463209152222
860,1.0383247137069702
861,0.7827843427658081
862,0.5406591296195984
863,0.30306461453437805
864,0.5727807879447937
865,0.8856289982795715
866,1.0911537408828735
867,0.7308139801025391
868,0.43065181374549866
869,0.2210703045129776
870,0.5578140616416931
871,0.8848302364349365
872,0.8745477795600891
873,0.6636260747909546
874,0.4357116222381592
875,0.8742137551307678
876,0.8443916440010071
877,0.519683301448822
878,0.8531472682952881
879,0.7893245816230774
880,0.8293319344520569
881,0.5447249412536621
882,0.7254294157028198
883,0.5244013667106628
884,0.38820862770080566
885,0.47645118832588196
886,0.7425634264945984
887,0.9554219245910645
888,1.0045028924942017
889,0.7132560610771179
890,0.6795408129692078
891,0.6491826176643372
892,0.46337762475013733
893,0.6193142533302307
894,0.8749840259552002
895,0.8750171065330505
896,0.5887436270713806
897,0.7105648517608643
898,0.9161400198936462
899,0.49340030550956726
900,0.6360851526260376
901,0.8681407570838928
902,1.156707525253296
903,0.7102870941162109
904,0.3597930371761322
905,0.41014206409454346
906,0.3324136734008789
907,0.558793842792511
908,0.4753543734550476
909,0.4790158271789551
910,0.3464970886707306
911,0.34887197613716125
912,0.39328551292419434
913,0.7371170520782471
914,0.6978554725646973
915,0.9249730110168457
916,0.531681478023529
917,0.4186305105686188
918,0.2867748737335205
919,0.7493963241577148
920,0.9495155215263367
921,0.8821505308151245
922,0.5095977187156677
923,0.3459239900112152
924,0.5519901514053345
925,0.6387439370155334
926,0.4613083600997925
927,0.5726850628852844
928,0.855052649974823
929,1.0923950672149658
930,1.3508495092391968
931,0.8175695538520813
932,0.8174288272857666
933,0.8417556285858154
934,0.7902276515960693
935,0.7971952557563782
936,1.2529821395874023
937,1.2646450996398926
938,1.3375219106674194
939,1.7041757106781006
940,1.8340564966201782
941,1.6087052822113037
942,1.2173340320587158
943,1.382413625717163
944,1.2433338165283203
945,1.1898505687713623
946,0.8894185423851013
947,0.9422651529312134
948,0.6760466694831848
949,0.6345455050468445
950,0.8178739547729492
951,0.6885098218917847
952,0.9355353713035583
953,0.7885796427726746
954,0.38327786326408386
955,0.5198719501495361
956,0.3630843162536621
957,0.1589139997959137
958,0.5105592608451843
959,0.9262563586235046
960,0.8314447402954102
961,0.8754529356956482
962,1.083143949508667
963,1.0726182460784912
964,1.2546848058700562
965,1.0078200101852417
966,0.6724346280097961
967,0.5730606317520142
968,0.5974875688552856
969,0.48686185479164124
970,0.7403489947319031
971,0.7981403470039368
972,0.7744230628013611
973,0.7522584795951843
974,1.0037137269973755
975,1.1495779752731323
976,0.9194497466087341
977,0.8624139428138733
978,0.6816813945770264
979,0.7955288290977478
980,0.6875358819961548
981,0.5772814750671387
982,0.29878321290016174
983,0.38270461559295654
984,0.29805251955986023
985,0.3461763560771942
986,0.8125961422920227
987,0.6660548448562622
988,0.878616213798523
989,0.564818799495697
990,0.42612624168395996
991,0.5214250683784485
992,0.6531422734260559
993,0.9369924068450928
994,0.5358908772468567
995,0.5567161440849304
996,0.4610415995121002
997,0.5606794357299805
998,0.625901997089386
999,0.557370126247406
1000,0.42354923486709595
1001,0.5120502710342407
1002,0.7267679572105408
1003,0.5371977090835571
1004,0.5015155673027039
1005,0.5108510851860046
1006,0.35059604048728943
1007,0.40078678727149963
1008,0.3715279698371887
1009,0.4302520453929901
1010,0.5300569534301758
1011,0.2798333466053009
1012,0.3533608913421631
1013,0.5213301181793213
1014,0.6145510673522949
1015,0.40097764134407043
1016,0.5959586501121521
1017,0.5529980063438416
1018,0.687871515750885
1019,0.5129623413085938
1020,0.3143332302570343
1021,0.3752788305282593
1022,0.5082510709762573
1023,0.5024022459983826
1024,0.5187434554100037
1025,0.6415127515792847
1026,0.4717748761177063
1027,0.3621169924736023
1028,0.6745027303695679
1029,0.5435907244682312
1030,0.7102254033088684
1031,0.5745291113853455
1032,0.6034526824951172
1033,0.524874746799469
1034,0.8570915460586548
1035,0.7592936754226685
1036,0.6695611476898193
1037,0.5023738145828247
1038,0.5098292827606201
1039,0.3981614112854004
1040,0.6058981418609619
1041,0.41185399889945984
1042,0.2915973961353302
1043,0.306643009185791
1044,0.33608368039131165
1045,0.24744102358818054
1046,0.41216176748275757
1047,0.4777795970439911
1048,0.3924601674079895
1049,0.43126851320266724
1050,0.43926379084587097
1051,0.41247445344924927
1052,0.4123859107494354
1053,0.3558677136898041
1054,0.4463154673576355
1055,0.6662518382072449
1056,0.4095234274864197
1057,0.1921561062335968
1058,0.4361230134963989
1059,0.34110215306282043
1060,0.4297184646129608
1061,0.42191439867019653
1062,0.3551236689090729
1063,0.4522402882575989
1064,0.5543740391731262
1065,0.45416364073753357
1066,0.28636085987091064
1067,0.34355732798576355
1068,0.26427584886550903
1069,0.5219406485557556
1070,0.6409353017807007
1071,0.9213294982910156
1072,1.0255779027938843
1073,0.7195765376091003
1074,0.28090324997901917
1075,0.27096229791641235
1076,0.37914687395095825
1077,0.533150315284729
1078,0.5550451278686523
1079,0.5837195515632629
1080,0.6021686792373657
1081,0.3438064754009247
1082,0.47574999928474426
1083,0.17337581515312195
1084,0.3902534246444702
1085,0.6821527481079102
1086,0.44024115800857544
1087,0.4732939302921295
1088,0.4283360242843628
1089,0.24675776064395905
1090,0.47710755467414856
1091,0.44863489270210266
1092,0.45858094096183777
1093,0.6140830516815186
1094,0.3062782883644104
1095,0.3407593369483948
1096,0.2575158476829529
1097,0.5460276007652283
1098,0.3954729735851288
1099,0.5365329384803772
1100,0.37674200534820557
1101,0.4105103015899658
1102,0.2675204575061798
1103,0.4900585412979126
1104,0.7051908373832703
1105,0.6149155497550964
1106,0.3559682369232178
1107,0.5217412114143372
1108,0.5714027881622314
1109,0.5005120635032654
1110,0.2981073558330536
1111,0.17063020169734955
1112,0.2778453230857849
1113,0.26187166571617126
1114,0.5154101848602295
1115,0.5231541991233826
1116,0.21162758767604828
1117,0.39858919382095337
1118,0.33343666791915894
1119,0.4871332347393036
1120,0.6473898887634277
1121,0.4229811131954193
1122,0.2281905561685562
1123,0.3978205919265747
1124,0.4198148250579834
1125,0.6105755567550659
1126,0.5088048577308655
1127,0.5169811844825745
1128,0.5974659323692322
1129,0.23576092720031738
1130,0.2826208472251892
1131,0.3260917663574219
1132,0.2492392659187317
1133,0.43749111890792847
1134,0.6447157859802246
1135,0.4666081368923187
1136,0.7391160130500793
1137,0.28012269735336304
1138,0.6068950295448303
1139,0.502068281173706
1140,0.7503679990768433
1141,0.6025573015213013
1142,0.47546133399009705
1143,0.4564787447452545
1144,0.6458768248558044
1145,0.49165794253349304
1146,0.3622201681137085
1147,0.410127729177475
1148,0.2926018536090851
1149,0.20265837013721466
1150,0.2189445197582245
1151,0.5381913185119629
1152,0.3512108325958252
1153,0.3002745509147644
1154,0.2837904691696167
1155,0.34856054186820984
1156,0.41928550601005554
1157,0.42363205552101135
1158,0.22215382754802704
1159,0.44680216908454895
1160,0.621727466583252
1161,0.41554778814315796
1162,0.3462691605091095
1163,0.24430900812149048
1164,0.28476694226264954
1165,0.30200326442718506
1166,0.2981891334056854
1167,0.5311693549156189
1168,0.42537951469421387
1169,0.34930071234703064
1170,0.18153388798236847
1171,0.386913537979126
1172,0.4025883674621582
1173,0.4108629822731018
1174,0.6831153631210327
1175,0.2581106722354889
1176,0.29265835881233215
1177,0.42481881380081177
1178,0.4303443431854248
1179,0.48738956451416016
1180,0.468503475189209
1181,0.5581169724464417
1182,0.3873787522315979
1183,0.39788928627967834
1184,0.3632025420665741
1185,0.49769917130470276
1186,0.3961518704891205
1187,0.44985300302505493
1188,0.4907342195510864
1189,0.2087598443031311
1190,0.6188715100288391
1191,0.37102580070495605
1192,0.2595478594303131
1193,0.26345738768577576
1194,0.18315809965133667
1195,0.1890735626220703
1196,0.30180859565734863
1197,0.4763806462287903
1198,0.3903767168521881
1199,0.4384259581565857
1200,0.45395156741142273
1201,0.42898327112197876
1202,0.3783293068408966
1203,0.48135024309158325
1204,0.3953295052051544
1205,0.46123799681663513
1206,0.18922750651836395
1207,0.12677213549613953
1208,0.3244595229625702
1209,0.5177379250526428
1210,0.5978418588638306
1211,0.35471150279045105
1212,0.4442586898803711
1213,0.3623124659061432
1214,0.36847108602523804
1215,0.4305076003074646
1216,0.4134495258331299
1217,0.38980633020401
1218,0.4242258667945862
1219,0.30782365798950195
1220,0.315728098154068
1221,0.2059623748064041
1222,0.2496948391199112
1223,0.31870952248573303
1224,0.4830983281135559
1225,0.38197168707847595
1226,0.25521713495254517
1227,0.2773303985595703
1228,0.29021698236465454
1229,0.46023622155189514
1230,0.4241032898426056
1231,0.3791019320487976
1232,0.24859097599983215
1233,0.20638656616210938
1234,0.44512757658958435
1235,0.36219581961631775
1236,0.45608261227607727
1237,0.3238532841205597
1238,0.3332752287387848
1239,0.47499239444732666
1240,0.3609547019004822
1241,0.6385100483894348
1242,0.262119323015213
1243,0.21066118776798248
1244,0.41819217801094055
1245,0.6101139187812805
1246,0.5773489475250244
1247,0.6561223268508911
1248,0.5727776288986206
1249,0.5103049278259277
1250,0.3268555998802185
1251,0.26569220423698425
1252,0.20710445940494537
1253,0.3952234983444214
1254,0.3287651538848877
1255,0.45270368456840515
1256,0.3916148841381073
1257,0.23720519244670868
1258,0.4431822896003723
1259,0.553978443145752
1260,0.37031641602516174
1261,0.4073568284511566
1262,0.48894602060317993
1263,0.277792751789093
1264,0.16281935572624207
1265,0.12702858448028564
1266,0.1580965220928192
1267,0.3650915324687958
1268,0.30518099665641785
1269,0.40662115812301636
1270,0.4205854833126068
1271,0.38564518094062805
1272,0.42344021797180176
1273,0.42032942175865173
1274,0.2169535905122757
1275,0.3011631667613983
1276,0.24838565289974213
1277,0.3028443157672882
1278,0.49717798829078674
1279,0.482328325510025
1280,0.318587988615036
1281,0.386168897151947
1282,0.3572928011417389
1283,0.33426904678344727
1284,0.4719774127006531
1285,0.4320119619369507
1286,0.3249906301498413
1287,0.19615046679973602
1288,0.20013433694839478
1289,0.21511250734329224
1290,0.3211883008480072
1291,0.31057050824165344
1292,0.19861839711666107
1293,0.13349983096122742
1294,0.4225338101387024
1295,0.3566953241825104
1296,0.5552905201911926
1297,0.5550452470779419
1298,0.6958759427070618
1299,0.4947713017463684
1300,0.48774832487106323
1301,0.6011459827423096
1302,0.7401960492134094
1303,0.689950704574585
1304,0.612134575843811
1305,0.44927626848220825
1306,0.4548419713973999
1307,0.439699649810791
1308,0.6187856793403625
1309,0.39150843024253845
1310,0.31983399391174316
1311,0.36697980761528015
1312,0.2336176335811615
1313,0.27973321080207825
1314,0.17934133112430573
1315,0.1776074320077896
1316,0.2826140224933624
1317,0.3308776319026947
1318,0.32671844959259033
1319,0.2360699474811554
1320,0.25031012296676636
1321,0.3041503429412842
1322,0.3644772469997406
1323,0.4081215262413025
1324,0.2721194326877594
1325,0.21905994415283203
1326,0.4811919331550598
1327,0.36238792538642883
1328,0.231273353099823
1329,0.18378135561943054
1330,0.22892479598522186
1331,0.3895130455493927
1332,0.24018120765686035
1333,0.4780622720718384
1334,0.30725377798080444
1335,0.3197786509990692
1336,0.29990845918655396
1337,0.19565241038799286
1338,0.21889981627464294
1339,0.31175363063812256
1340,0.2576599419116974
1341,0.30719706416130066
1342,0.3464260995388031
1343,0.4027767479419708
1344,0.21239618957042694
1345,0.5471280217170715
1346,0.26066043972969055
1347,0.22817689180374146
1348,0.22704795002937317
1349,0.32168206572532654
1350,0.23808439075946808
1351,0.19715799391269684
1352,0.3349588215351105
1353,0.2369680106639862
1354,0.309508740901947
1355,0.40122121572494507
1356,0.3598569929599762
1357,0.2516918182373047
1358,0.32215026021003723
1359,0.3626633584499359
1360,0.43874290585517883
1361,0.3489473760128021
1362,0.2689254581928253
1363,0.16353179514408112
1364,0.25882795453071594
1365,0.4100240468978882
1366,0.2974698841571808
1367,0.5333747267723083
1368,0.3470732271671295
1369,0.4326349198818207
1370,0.2073039561510086
1371,0.36952126026153564
1372,0.2895374298095703
1373,0.4222649335861206
1374,0.2655494213104248
1375,0.38911810517311096
1376,0.35435593128204346
1377,0.434146910905838
1378,0.5623793005943298
1379,0.3624139428138733
1380,0.39757710695266724
1381,0.20786364376544952
1382,0.4281300902366638
1383,0.4187661111354828
1384,0.4709845185279846
1385,0.26137763261795044
1386,0.2895382046699524
1387,0.15760961174964905
1388,0.2493324875831604
1389,0.19087953865528107
1390,0.14997370541095734
1391,0.28541380167007446
1392,0.4504449665546417
1393,0.2978927791118622
1394,0.31235799193382263
1395,0.20757053792476654
1396,0.1887136548757553
1397,0.19391684234142303
1398,0.4847661256790161
1399,0.38498276472091675
1400,0.3637181222438812
1401,0.2362048178911209
1402,0.17667901515960693
1403,0.1542002558708191
1404,0.15970095992088318
1405,0.17178012430667877
1406,0.12841717898845673
1407,0.2709294855594635
1408,0.3296910226345062
1409,0.4911431670188904
1410,0.3872513473033905
1411,0.4013640582561493
1412,0.3268042504787445
1413,0.313961386680603
1414,0.3312097489833832
1415,0.5942723155021667
1416,0.331813782453537
1417,0.2906630337238312
1418,0.3298717439174652
1419,0.3311465382575989
1420,0.3421648144721985
1421,0.46597105264663696
1422,0.4680858552455902
1423,0.35104766488075256
1424,0.31831881403923035
1425,0.2467557191848755
1426,0.151587575674057
1427,0.1477312594652176
1428,0.09659621864557266
1429,0.2041570097208023
1430,0.3950956165790558
1431,0.4144284427165985
1432,0.3719366788864136
1433,0.424359530210495
1434,0.41335204243659973
1435,0.46186667680740356
1436,0.30772271752357483
1437,0.3350837528705597
1438,0.3989444971084595
1439,0.36370277404785156
1440,0.37707316875457764
1441,0.3636021912097931
1442,0.3665596842765808
1443,0.21045301854610443
1444,0.3333072066307068
1445,0.40931519865989685
1446,0.17365212738513947
1447,0.18692782521247864
1448,0.16811123490333557
1449,0.3308582007884979
1450,0.26660722494125366
1451,0.17755787074565887
1452,0.09128455817699432
1453,0.10382881760597229
1454,0.20946845412254333
1455,0.1869811862707138
1456,0.14772824943065643
1457,0.19497913122177124
1458,0.3109455704689026
1459,0.1963101327419281
1460,0.1991816759109497
1461,0.21472086012363434
1462,0.38512730598449707
1463,0.3967805504798889
1464,0.1819058507680893
1465,0.12297080457210541
1466,0.24759820103645325
1467,0.07682483643293381
1468,0.21797271072864532
1469,0.19752536714076996
1470,0.24147330224514008
1471,0.21088743209838867
1472,0.16016240417957306
1473,0.18763963878154755
1474,0.27307772636413574
1475,0.13232117891311646
1476,0.13470476865768433
1477,0.19142131507396698
1478,0.29264289140701294
1479,0.25593167543411255
1480,0.26300257444381714
1481,0.29235321283340454
1482,0.12920071184635162
1483,0.164686918258667
1484,0.38374215364456177
1485,0.3317018449306488
1486,0.3030358850955963
1487,0.33018261194229126
1488,0.22807738184928894
1489,0.21025660634040833
1490,0.2932271659374237
1491,0.2988685667514801
1492,0.43100523948669434
1493,0.19698205590248108
1494,0.4095926284790039
1495,0.20407360792160034
1496,0.1504315882921219
1497,0.19900232553482056
1498,0.20039190351963043
1499,0.2911539673805237
1500,0.1845332384109497
1501,0.24324415624141693
1502,0.3952793776988983
1503,0.21297641098499298
1504,0.2960595488548279
1505,0.18637104332447052
1506,0.46881282329559326
1507,0.27154919505119324
1508,0.3961820900440216
1509,0.3814915418624878
1510,0.24845881760120392
1511,0.2679199278354645
1512,0.2959138751029968
1513,0.3586598038673401
1514,0.2806350886821747
1515,0.35755589604377747
1516,0.21974265575408936
1517,0.21017293632030487
1518,0.21758192777633667
1519,0.24294301867485046
1520,0.15525560081005096
1521,0.26827216148376465
1522,0.18977971374988556
1523,0.20098744332790375
1524,0.138368159532547
1525,0.11108820885419846
1526,0.14354410767555237
1527,0.13626816868782043
1528,0.179024800658226
1529,0.13582177460193634
1530,0.14046938717365265
1531,0.18062885105609894
1532,0.13448458909988403
1533,0.28757035732269287
1534,0.25243693590164185
1535,0.28459805250167847
1536,0.29229405522346497
1537,0.2213631272315979
1538,0.08238255977630615
1539,0.1510489135980606
1540,0.2009989470243454
1541,0.1952000856399536
1542,0.2599775493144989
1543,0.2595252990722656
1544,0.19415061175823212
1545,0.1434875875711441
1546,0.14044441282749176
1547,0.20169465243816376
1548,0.2068372666835785
1549,0.2277040034532547
1550,0.23767820000648499
1551,0.3418245017528534
1552,0.16320660710334778
1553,0.05763748288154602
1554,0.16379855573177338
1555,0.21112996339797974
1556,0.31318965554237366
1557,0.13778871297836304
1558,0.19024203717708588
1559,0.16945573687553406
1560,0.19883859157562256
1561,0.2086620330810547
1562,0.3011360764503479
1563,0.23756788671016693
1564,0.2953537404537201
1565,0.29201650619506836
1566,0.17673787474632263
1567,0.3768749237060547
1568,0.29762399196624756
1569,0.25697824358940125
1570,0.15580032765865326
1571,0.25892576575279236
1572,0.3509082794189453
1573,0.24308457970619202
1574,0.20313459634780884
1575,0.20755676925182343
1576,0.165223628282547
1577,0.18254250288009644
1578,0.13747042417526245
1579,0.14741525053977966
1580,0.24502059817314148
1581,0.1994669884443283
1582,0.1787157952785492
1583,0.3340679109096527
1584,0.4482547640800476
1585,0.3253779709339142
1586,0.28735318779945374
1587,0.517687201499939
1588,0.2949798107147217
1589,0.23748669028282166
1590,0.18735721707344055
1591,0.31472909450531006
1592,0.2891511619091034
1593,0.14331386983394623
1594,0.3183565139770508
1595,0.15730489790439606
1596,0.2573809325695038
1597,0.17558161914348602
1598,0.23009781539440155
1599,0.20326575636863708
1600,0.18985484540462494
1601,0.23850923776626587
1602,0.15709657967090607
1603,0.09139268845319748
1604,0.1957395225763321
1605,0.21612215042114258
1606,0.2211683839559555
1607,0.2924537658691406
1608,0.28189992904663086
1609,0.18416990339756012
1610,0.13127370178699493
1611,0.26088330149650574
1612,0.19678333401679993
1613,0.208945170044899
1614,0.16592605412006378
1615,0.20175933837890625
1616,0.2625653147697449
1617,0.14472776651382446
1618,0.2223331481218338
1619,0.20750989019870758
1620,0.28971341252326965
1621,0.15987980365753174
1622,0.15417417883872986
1623,0.24218128621578217
1624,0.10752398520708084
1625,0.2165854126214981
1626,0.17683979868888855
1627,0.17224933207035065
1628,0.1523931473493576
1629,0.2513050138950348
1630,0.20993590354919434
1631,0.3006458282470703
1632,0.15080823004245758
1633,0.21051165461540222
1634,0.30433619022369385
1635,0.21717704832553864
1636,0.2964128851890564
1637,0.11006903648376465
1638,0.20455168187618256
1639,0.20842361450195312
1640,0.2144956886768341
1641,0.19970658421516418
1642,0.23548313975334167
1643,0.2029651701450348
1644,0.23468990623950958
1645,0.13988791406154633
1646,0.10841386765241623
1647,0.09593474119901657
1648,0.17339575290679932
1649,0.17519578337669373
1650,0.18008050322532654
1651,0.16610555350780487
1652,0.44817936420440674
1653,0.1403551548719406
1654,0.19953694939613342
1655,0.11132975667715073
1656,0.08932029455900192
1657,0.13442635536193848
1658,0.15498770773410797
1659,0.18202750384807587
1660,0.1922903209924698
1661,0.14401136338710785
1662,0.11387595534324646
1663,0.3760463297367096
1664,0.10125794261693954
1665,0.18669162690639496
1666,0.21854108572006226
1667,0.1541386991739273
1668,0.1724991649389267
1669,0.29093137383461
1670,0.165476456284523
1671,0.16558760404586792
1672,0.21666604280471802
1673,0.2863085865974426
1674,0.15702888369560242
1675,0.29025939106941223
1676,0.16044974327087402
1677,0.2667824625968933
1678,0.2631286680698395
1679,0.2151714563369751
1680,0.16644564270973206
1681,0.36860936880111694
1682,0.21977001428604126
1683,0.1261538863182068
1684,0.3048191964626312
1685,0.16004887223243713
1686,0.24360373616218567
1687,0.1738787740468979
1688,0.343924343585968
1689,0.250871866941452
1690,0.2599605917930603
1691,0.21022427082061768
1692,0.14525875449180603
1693,0.12447192519903183
1694,0.09268711507320404
1695,0.2777124345302582
1696,0.1288314163684845
1697,0.10906928032636642
1698,0.09220591187477112
1699,0.12210582196712494
1700,0.10599715262651443
1701,0.057908788323402405
1702,0.1889009326696396
1703,0.5286402106285095
1704,0.2643330991268158
1705,0.22421538829803467
1706,0.28085967898368835
1707,0.39388418197631836
1708,0.24539336562156677
1709,0.25432753562927246
1710,0.2579900026321411
1711,0.28327059745788574
1712,0.3070773482322693
1713,0.1917164921760559
1714,0.2954618036746979
1715,0.17379845678806305
1716,0.25154802203178406
1717,0.235213965177536
1718,0.28170058131217957
1719,0.2613780200481415
1720,0.26799798011779785
1721,0.2538606822490692
1722,0.1524733006954193
1723,0.21834638714790344
1724,0.2062849998474121
1725,0.23453335464000702
1726,0.1923970729112625
1727,0.16420553624629974
1728,0.21625515818595886
1729,0.09135347604751587
1730,0.1322130262851715
1731,0.2866927683353424
1732,0.22403006255626678
1733,0.22354836761951447
1734,0.18984076380729675
1735,0.2323692888021469
1736,0.26828205585479736
1737,0.33904796838760376
1738,0.3144843280315399
1739,0.46168315410614014
1740,0.23875460028648376
1741,0.16689492762088776
1742,0.13915804028511047
1743,0.1665666550397873
1744,0.21537353098392487
1745,0.17335350811481476
1746,0.19645905494689941
1747,0.13787734508514404
1748,0.14663347601890564
1749,0.16104114055633545
1750,0.2575737237930298
1751,0.22122281789779663
1752,0.18883946537971497
1753,0.15163646638393402
1754,0.2264402061700821
1755,0.16192609071731567
1756,0.10879344493150711
1757,0.11958319693803787
1758,0.13097429275512695
1759,0.09682367742061615
1760,0.22587628662586212
1761,0.08589356392621994
1762,0.15481938421726227
1763,0.17107954621315002
1764,0.15772156417369843
1765,0.22394892573356628
1766,0.2055906057357788
1767,0.2957858145236969
1768,0.22132131457328796
1769,0.11372639238834381
1770,0.1657857596874237
1771,0.17862334847450256
1772,0.20862628519535065
1773,0.1619098037481308
1774,0.18589040637016296
1775,0.3552934229373932
1776,0.3357662260532379
1777,0.3956979811191559
1778,0.17336928844451904
1779,0.08026479929685593
1780,0.21969421207904816
1781,0.20704910159111023
1782,0.3093525171279907
1783,0.21814903616905212
1784,0.24664334952831268
1785,0.363687664270401
1786,0.3786449730396271
1787,0.2641049027442932
1788,0.2668021023273468
1789,0.2071409374475479
1790,0.2256453037261963
1791,0.27241629362106323
1792,0.2651643753051758
1793,0.25962504744529724
1794,0.26745274662971497
1795,0.16291674971580505
1796,0.09117768704891205
1797,0.18593831360340118
1798,0.18204639852046967
1799,0.27042439579963684
1800,0.24939295649528503
1801,0.19748716056346893
1802,0.17300064861774445
1803,0.22850967943668365
1804,0.31634262204170227
1805,0.436433881521225
1806,0.37310853600502014
1807,0.4356763958930969
1808,0.2956507205963135
1809,0.4078979194164276
1810,0.42909950017929077
1811,0.47120344638824463
1812,0.47588303685188293
1813,0.24097785353660583
1814,0.2694030702114105
1815,0.3566873371601105
1816,0.391706645488739
1817,0.3316703736782074
1818,0.2799255847930908
1819,0.2134573608636856
1820,0.16818656027317047
1821,0.17737847566604614
1822,0.1763300895690918
1823,0.16284221410751343
1824,0.2144317924976349
1825,0.15541724860668182
1826,0.17227937281131744
1827,0.24070332944393158
1828,0.3157731592655182
1829,0.30985942482948303
1830,0.21160399913787842
1831,0.3395991623401642
1832,0.20242297649383545
1833,0.24353227019309998
1834,0.285506010055542
1835,0.3057987689971924
1836,0.33323681354522705
1837,0.3012280762195587
1838,0.35565340518951416
1839,0.3211146295070648
1840,0.3988100290298462
1841,0.3804526627063751
1842,0.4067632555961609
1843,0.3736148476600647
1844,0.31528905034065247
1845,0.20129653811454773
1846,0.1961665153503418
1847,0.10447084158658981
1848,0.09073825180530548
1849,0.06944118440151215
1850,0.2404249906539917
1851,0.16891036927700043
1852,0.24694113433361053
1853,0.2747335433959961
1854,0.2955409288406372
1855,0.3188445568084717
1856,0.2319653183221817
1857,0.18002842366695404
1858,0.10096605122089386
1859,0.20193573832511902
1860,0.21480043232440948
1861,0.1868956834077835
1862,0.1394256055355072
1863,0.18964235484600067
1864,0.30393895506858826
1865,0.26626288890838623
1866,0.1776387095451355
1867,0.19476507604122162
1868,0.18374672532081604
1869,0.14897748827934265
1870,0.145962193608284
1871,0.14707905054092407
1872,0.1508026272058487
1873,0.1249731183052063
1874,0.11076092720031738
1875,0.16483335196971893
1876,0.15583445131778717
1877,0.14325344562530518
1878,0.1367131918668747
1879,0.1185046061873436
1880,0.12048304080963135
1881,0.22501462697982788
1882,0.07619031518697739
1883,0.11343070864677429
1884,0.16345246136188507
1885,0.3536943793296814
1886,0.3485630452632904
1887,0.3884594440460205
1888,0.37877655029296875
1889,0.3711022734642029
1890,0.30133190751075745
1891,0.4208011329174042
1892,0.34648504853248596
1893,0.38191258907318115
1894,0.430778443813324
1895,0.31334373354911804
1896,0.356842041015625
1897,0.15489839017391205
1898,0.13700397312641144
1899,0.15750563144683838
1900,0.0597536675632
1901,0.17088960111141205
1902,0.16818206012248993
1903,0.20784306526184082
1904,0.1788543462753296
1905,0.2168765813112259
1906,0.1325603872537613
1907,0.1896844208240509
1908,0.2293645292520523
1909,0.16762550175189972
1910,0.17914794385433197
1911,0.2640531659126282
1912,0.20439958572387695
1913,0.24936236441135406
1914,0.28066501021385193
1915,0.2656289339065552
1916,0.19949528574943542
1917,0.18847431242465973
1918,0.19837437570095062
1919,0.2953774929046631
1920,0.18612009286880493
1921,0.2412155717611313
1922,0.20245683193206787
1923,0.24008357524871826
1924,0.26881664991378784
1925,0.19567349553108215
1926,0.1128842756152153
1927,0.17315608263015747
1928,0.1066666841506958
1929,0.18896834552288055
1930,0.17303527891635895
1931,0.15475408732891083
1932,0.20154321193695068
1933,0.11265061050653458
1934,0.14368852972984314
1935,0.10095995664596558
1936,0.1611943393945694
1937,0.19320468604564667
1938,0.16778156161308289
1939,0.15807923674583435
1940,0.14759142696857452
1941,0.23611101508140564
1942,0.1976267397403717
1943,0.2126985788345337
1944,0.38895389437675476
1945,0.20617932081222534
1946,0.33683398365974426
1947,0.24756138026714325
1948,0.2826232314109802
1949,0.09866482764482498
1950,0.14793187379837036
1951,0.14054882526397705
1952,0.19854386150836945
1953,0.2539474070072174
1954,0.20023804903030396
1955,0.1219603642821312
1956,0.1268039047718048
1957,0.29304367303848267
1958,0.16909322142601013
1959,0.2307654768228531
1960,0.22045627236366272
1961,0.2377866804599762
1962,0.18485881388187408
1963,0.135495126247406
1964,0.20099857449531555
1965,0.2145562320947647
1966,0.16839800775051117
1967,0.31920555233955383
1968,0.23096662759780884
1969,0.26929494738578796
1970,0.29406049847602844
1971,0.20450067520141602
1972,0.22755064070224762
1973,0.20643845200538635
1974,0.18436194956302643
1975,0.10228884965181351
1976,0.16173985600471497
1977,0.132547989487648
1978,0.17163464426994324
1979,0.16386541724205017
1980,0.12141768634319305
1981,0.26123496890068054
1982,0.13420885801315308
1983,0.16954202950000763
1984,0.057763464748859406
1985,0.15446831285953522
1986,0.08409317582845688
1987,0.17791838943958282
1988,0.26715755462646484
1989,0.17834270000457764
1990,0.10132439434528351
1991,0.21070091426372528
1992,0.15781521797180176
1993,0.18725697696208954
1994,0.06584355980157852
1995,0.0827634334564209
1996,0.07121213525533676
1997,0.1608279049396515
1998,0.2453269213438034
1999,0.21511150896549225
2000,0.2521323561668396
2001,0.10468538850545883
2002,0.09650615602731705
2003,0.132968470454216
2004,0.22679246962070465
2005,0.09427593648433685
2006,0.07700283825397491
2007,0.236190527677536
2008,0.20170047879219055
2009,0.20514842867851257
2010,0.43049895763397217
2011,0.2826877236366272
2012,0.3547637462615967
2013,0.27901491522789
2014,0.3065129220485687
2015,0.30787599086761475
2016,0.31756412982940674
2017,0.3518308401107788
2018,0.30890870094299316
2019,0.4706610441207886
2020,0.32836782932281494
2021,0.2260058969259262
2022,0.16731083393096924
2023,0.12802742421627045
2024,0.15054497122764587
2025,0.08010029047727585
2026,0.16741284728050232
2027,0.12829771637916565
2028,0.08926297724246979
2029,0.17146563529968262
2030,0.23092813789844513
2031,0.09414255619049072
2032,0.11730573326349258
2033,0.11866509914398193
2034,0.1122678890824318
2035,0.14968189597129822
2036,0.24766020476818085
2037,0.2531832158565521
2038,0.2471705675125122
2039,0.1430537849664688
2040,0.11667724698781967
2041,0.14319738745689392
2042,0.28620103001594543
2043,0.2522904872894287
2044,0.16519011557102203
2045,0.09932321310043335
2046,0.11431904137134552
2047,0.17361529171466827
2048,0.14671356976032257
2049,0.08210238814353943
2050,0.09591655433177948
2051,0.10512616485357285
2052,0.2188936471939087
2053,0.14119376242160797
2054,0.1335451453924179
2055,0.14706742763519287
2056,0.16467255353927612
2057,0.16776110231876373
2058,0.20676960051059723
2059,0.09507068991661072
2060,0.08933053910732269
2061,0.08156921714544296
2062,0.14113712310791016
2063,0.15851230919361115
2064,0.13728179037570953
2065,0.1598392277956009
2066,0.2937750220298767
2067,0.24450097978115082
2068,0.3614135682582855
2069,0.3003852665424347
2070,0.33512094616889954
2071,0.35474660992622375
2072,0.2880437672138214
2073,0.33545786142349243
2074,0.32063937187194824
2075,0.3395923972129822
2076,0.2700223922729492
2077,0.2928304076194763
2078,0.32596448063850403
2079,0.21604543924331665
2080,0.27759110927581787
2081,0.25752151012420654
2082,0.32771819829940796
2083,0.24010556936264038
2084,0.2805786728858948
2085,0.27380478382110596
2086,0.35784751176834106
2087,0.26882442831993103
2088,0.19496865570545197
2089,0.20628882944583893
2090,0.18943320214748383
2091,0.32079431414604187
2092,0.21144302189350128
2093,0.1798955202102661
2094,0.1252269595861435
2095,0.16932037472724915
2096,0.13019630312919617
2097,0.08366154134273529
2098,0.1871928870677948
2099,0.1262085884809494
2100,0.24784648418426514
2101,0.20391319692134857
2102,0.16722314059734344
2103,0.1769189089536667
2104,0.16976496577262878
2105,0.13137246668338776
2106,0.12002601474523544
2107,0.19984449446201324
2108,0.13880522549152374
2109,0.17023439705371857
2110,0.0821172222495079
2111,0.07425163686275482
2112,0.1672947257757187
2113,0.07651064544916153
2114,0.1718553751707077
2115,0.14829951524734497
2116,0.10799873620271683
2117,0.14367571473121643
2118,0.19149188697338104
2119,0.1834636926651001
2120,0.18775202333927155
2121,0.17156748473644257
2122,0.2175983041524887
2123,0.18507538735866547
2124,0.13023918867111206
2125,0.16225385665893555
2126,0.22983992099761963
2127,0.16889098286628723
2128,0.22435615956783295
2129,0.07960351556539536
2130,0.18555915355682373
2131,0.29132214188575745
2132,0.2899131178855896
2133,0.43040731549263
2134,0.41499677300453186
2135,0.43573763966560364
2136,0.4347887933254242
2137,0.3611035645008087
2138,0.3040943443775177
2139,0.26848018169403076
2140,0.4077647924423218
2141,0.4463641345500946
2142,0.3611893653869629
2143,0.3456372916698456
2144,0.21860124170780182
2145,0.33456018567085266
2146,0.3107530474662781
2147,0.21335764229297638
2148,0.28791487216949463
2149,0.2565344274044037
2150,0.317605197429657
2151,0.20077413320541382
2152,0.2566601634025574
2153,0.2566358745098114
2154,0.16054892539978027
2155,0.13794757425785065
2156,0.19615499675273895
2157,0.14518365263938904
2158,0.18644239008426666
2159,0.20151843130588531
2160,0.12725166976451874
2161,0.24688775837421417
2162,0.3706934154033661
2163,0.3017570376396179
2164,0.11930648982524872
2165,0.11432692408561707
2166,0.18679295480251312
2167,0.18511949479579926
2168,0.1857757568359375
2169,0.1519463062286377
2170,0.17614178359508514
2171,0.20531053841114044
2172,0.11685119569301605
2173,0.27675649523735046
2174,0.1869492083787918
2175,0.18484152853488922
2176,0.13470670580863953
2177,0.09126771986484528
2178,0.06610602885484695
2179,0.24029433727264404
2180,0.09450700879096985
2181,0.203139066696167
2182,0.2145184427499771
2183,0.1151484027504921
2184,0.2239672988653183
2185,0.208485409617424
2186,0.11253727972507477
2187,0.126254603266716
2188,0.23223944008350372
2189,0.2788464426994324
2190,0.21847617626190186
2191,0.17961448431015015
2192,0.2787521779537201
2193,0.1759669929742813
2194,0.1775200515985489
2195,0.17400087416172028
2196,0.20843304693698883
2197,0.15665657818317413
2198,0.09046269953250885
2199,0.1104583814740181
2200,0.1785813570022583
2201,0.15909293293952942
2202,0.11890511959791183
2203,0.15229535102844238
2204,0.19740235805511475
2205,0.1754089593887329
2206,0.12001420557498932
2207,0.098039910197258
2208,0.09304343909025192
2209,0.25183165073394775
2210,0.119754858314991
2211,0.0780579075217247
2212,0.11123313754796982
2213,0.24827653169631958
2214,0.23977993428707123
2215,0.21744295954704285
2216,0.14777839183807373
2217,0.2925468683242798
2218,0.22930139303207397
2219,0.3259059488773346
2220,0.20604874193668365
2221,0.36723190546035767
2222,0.2024233341217041
2223,0.2734678089618683
2224,0.16396702826023102
2225,0.15200017392635345
2226,0.3190082609653473
2227,0.24012763798236847
2228,0.13736525177955627
2229,0.0921289473772049
2230,0.18565738201141357
2231,0.11997490376234055
2232,0.18808923661708832
2233,0.25300315022468567
2234,0.26756998896598816
2235,0.1767500638961792
2236,0.2303723394870758
2237,0.20425070822238922
2238,0.2217680960893631
2239,0.2016190141439438
2240,0.2641393542289734
2241,0.23857812583446503
2242,0.24523469805717468
2243,0.2795318365097046
2244,0.23874029517173767
2245,0.19587396085262299
2246,0.23213283717632294
2247,0.2477027028799057
2248,0.1608685404062271
2249,0.2490791231393814
2250,0.23993374407291412
2251,0.13532401621341705
2252,0.15901753306388855
2253,0.17385977506637573
2254,0.14863841235637665
2255,0.16273915767669678
2256,0.15034915506839752
2257,0.24381078779697418
2258,0.16255678236484528
2259,0.13773274421691895
2260,0.2549850344657898
2261,0.2191300243139267
2262,0.14780043065547943
2263,0.23209922015666962
2264,0.2585565447807312
2265,0.25802403688430786
2266,0.2308674454689026
2267,0.16302801668643951
2268,0.27498766779899597
2269,0.21730442345142365
2270,0.12695199251174927
2271,0.20253890752792358
2272,0.2071528285741806
2273,0.14126065373420715
2274,0.18414656817913055
2275,0.2312294840812683
2276,0.15811234712600708
2277,0.15706767141819
2278,0.1320750117301941
2279,0.15862831473350525
2280,0.12614138424396515
2281,0.1687375009059906
2282,0.16106176376342773
2283,0.07412279397249222
2284,0.23114599287509918
2285,0.1616414189338684
2286,0.22909505665302277
2287,0.15968096256256104
2288,0.2817895710468292
2289,0.15210475027561188
2290,0.19536779820919037
2291,0.1252710223197937
2292,0.17959599196910858
2293,0.23154863715171814
2294,0.25140780210494995
2295,0.1557164192199707
2296,0.2081509530544281
2297,0.11971849948167801
2298,0.1857474446296692
2299,0.12205862253904343
2300,0.2648409605026245
2301,0.18693338334560394
2302,0.18389825522899628
2303,0.15234103798866272
2304,0.2027432769536972
2305,0.1191897988319397
2306,0.15892471373081207
2307,0.16559134423732758
2308,0.2037675380706787
2309,0.11757710576057434
2310,0.14409154653549194
2311,0.0875970795750618
2312,0.15923455357551575
2313,0.1584203839302063
2314,0.1701900064945221
2315,0.18968604505062103
2316,0.06993142515420914
2317,0.07180395722389221
2318,0.08040675520896912
2319,0.20512954890727997
2320,0.27703380584716797
2321,0.1039644181728363
2322,0.1114451065659523
2323,0.1594678908586502
2324,0.11647357791662216
2325,0.1273723691701889
2326,0.15539726614952087
2327,0.12491468340158463
2328,0.11041945964097977
2329,0.113287054002285
2330,0.14347220957279205
2331,0.14012505114078522
2332,0.10232475399971008
2333,0.12961888313293457
2334,0.12128926068544388
2335,0.12287366390228271
2336,0.2031276971101761
2337,0.10366779565811157
2338,0.11749348789453506
2339,0.1646113246679306
2340,0.12109523266553879
2341,0.0961083322763443
2342,0.06479165703058243
2343,0.0795455351471901
2344,0.15548081696033478
2345,0.22895850241184235
2346,0.28143030405044556
2347,0.22290921211242676
2348,0.18864493072032928
2349,0.10247936099767685
2350,0.16116277873516083
2351,0.12373969703912735
2352,0.06388451904058456
2353,0.096131831407547
2354,0.21807727217674255
2355,0.08373104780912399
2356,0.0736946240067482
2357,0.09850563853979111
2358,0.07485190033912659
2359,0.09817780554294586
2360,0.149680957198143
2361,0.18982447683811188
2362,0.1357041597366333
2363,0.16070277988910675
2364,0.0832354873418808
2365,0.0930747240781784
2366,0.09167531877756119
2367,0.1399397999048233
2368,0.08480304479598999
2369,0.13091641664505005
2370,0.13525758683681488
2371,0.17564497888088226
2372,0.1295057237148285
2373,0.16392870247364044
2374,0.16360396146774292
2375,0.1455240100622177
2376,0.16668701171875
2377,0.15322887897491455
2378,0.15113584697246552
2379,0.1901479959487915
2380,0.10218305140733719
2381,0.07302939146757126
2382,0.156442791223526
2383,0.23469369113445282
2384,0.13946227729320526
2385,0.2688981294631958
2386,0.14940911531448364
2387,0.1643163561820984
2388,0.2159881889820099
2389,0.23080746829509735
2390,0.13220880925655365
2391,0.16560114920139313
2392,0.2239033579826355
2393,0.20528025925159454
2394,0.2192320078611374
2395,0.08689583837985992
2396,0.05405208095908165
2397,0.14026451110839844
2398,0.11672988533973694
2399,0.09450419247150421
2400,0.052376639097929
2401,0.09617036581039429
2402,0.14101578295230865
2403,0.23604077100753784
2404,0.16828250885009766
2405,0.18560439348220825
2406,0.11327292770147324
2407,0.1277705281972885
2408,0.16283641755580902
2409,0.12675611674785614
2410,0.130612313747406
2411,0.13206548988819122
2412,0.13561055064201355
2413,0.0620916523039341
2414,0.09561624377965927
2415,0.21053378283977509
2416,0.21051208674907684
2417,0.20857922732830048
2418,0.17830009758472443
2419,0.15061090886592865
2420,0.16268539428710938
2421,0.17169427871704102
2422,0.11641496419906616
2423,0.24127143621444702
2424,0.17915497720241547
2425,0.13734079897403717
2426,0.057414621114730835
2427,0.1380568891763687
2428,0.05071185156702995
2429,0.08578646928071976
2430,0.07171515375375748
2431,0.08992761373519897
2432,0.17693357169628143
2433,0.11832822859287262
2434,0.25005441904067993
2435,0.15068407356739044
2436,0.06574154645204544
2437,0.18049274384975433
2438,0.1686423420906067
2439,0.18819376826286316
2440,0.23857718706130981
2441,0.13540320098400116
2442,0.12237237393856049
2443,0.23936927318572998
2444,0.04937899485230446
2445,0.15100640058517456
2446,0.10710447281599045
2447,0.10541177541017532
2448,0.21784189343452454
2449,0.18707701563835144
2450,0.1802241951227188
2451,0.2654096484184265
2452,0.1456146240234375
2453,0.10807079821825027
2454,0.178007110953331
2455,0.2626022696495056
2456,0.18381312489509583
2457,0.2717890441417694
2458,0.1846274733543396
2459,0.12695921957492828
2460,0.16000454127788544
2461,0.2949735224246979
2462,0.19664990901947021
2463,0.17728234827518463
2464,0.14745528995990753
2465,0.12483128905296326
2466,0.10270064324140549
2467,0.22620844841003418
2468,0.0982125774025917
2469,0.2516366243362427
2470,0.16200287640094757
2471,0.0883861631155014
2472,0.14731469750404358
2473,0.09437548369169235
2474,0.24290728569030762
2475,0.10010792315006256
2476,0.077665776014328
2477,0.09319812059402466
2478,0.14685434103012085
2479,0.08331931382417679
2480,0.11059640347957611
2481,0.17986774444580078
2482,0.1278902292251587
2483,0.149061381816864
2484,0.2284371554851532
2485,0.20031002163887024
2486,0.28218117356300354
2487,0.24323569238185883
2488,0.21561050415039062
2489,0.2866663634777069
2490,0.2920745313167572
2491,0.29693883657455444
2492,0.3001638650894165
2493,0.293349027633667
2494,0.25577011704444885
2495,0.26186323165893555
2496,0.2064608931541443
2497,0.17962336540222168
2498,0.1942412555217743
2499,0.24878640472888947
2500,0.1845284253358841
2501,0.1497134119272232
2502,0.11412200331687927
2503,0.10908160358667374
2504,0.22297874093055725
2505,0.1039893850684166
2506,0.18613320589065552
2507,0.14269393682479858
2508,0.0730040892958641
2509,0.19205063581466675
2510,0.22015759348869324
2511,0.231374591588974
2512,0.17638294398784637
2513,0.18231035768985748
2514,0.14025522768497467
2515,0.12758927047252655
2516,0.2938036322593689
2517,0.16841691732406616
2518,0.1710989624261856
2519,0.17097458243370056
2520,0.13568924367427826
2521,0.2734060287475586
2522,0.2242862582206726
2523,0.1256277859210968
2524,0.1673915684223175
2525,0.24551594257354736
2526,0.09348674863576889
2527,0.18101650476455688
2528,0.15432323515415192
2529,0.1190340667963028
2530,0.12344863265752792
2531,0.17751215398311615
2532,0.10908625274896622
2533,0.12962917983531952
2534,0.23592665791511536
2535,0.13795550167560577
2536,0.13686101138591766
2537,0.15828809142112732
2538,0.11339782923460007
2539,0.13267061114311218
2540,0.18799079954624176
2541,0.2851257622241974
2542,0.21502521634101868
2543,0.11806486546993256
2544,0.10445741564035416
2545,0.13659682869911194
2546,0.18733170628547668
2547,0.18893380463123322
2548,0.12175481766462326
2549,0.2242651730775833
2550,0.21748287975788116
2551,0.23662090301513672
2552,0.22882623970508575
2553,0.24225811660289764
2554,0.1815854012966156
2555,0.20035338401794434
2556,0.19189715385437012
2557,0.19624865055084229
2558,0.17871291935443878
2559,0.2544895112514496
2560,0.26762130856513977
2561,0.18507590889930725
2562,0.11808621138334274
2563,0.17648454010486603
2564,0.25037989020347595
2565,0.11099410057067871
2566,0.15063022077083588
2567,0.12878379225730896
2568,0.1967969387769699
2569,0.16226959228515625
2570,0.1204867884516716
2571,0.18719206750392914
2572,0.14129233360290527
2573,0.12556807696819305
2574,0.12608490884304047
2575,0.1586439311504364
2576,0.10938232392072678
2577,0.11220262199640274
2578,0.13509000837802887
2579,0.1284388303756714
2580,0.15061166882514954
2581,0.12501050531864166
2582,0.26919323205947876
2583,0.1711578667163849
2584,0.18252769112586975
2585,0.20427538454532623
2586,0.12033620476722717
2587,0.0813140869140625
2588,0.203301340341568
2589,0.09911376982927322
2590,0.1410141885280609
2591,0.16546504199504852
2592,0.21882686018943787
2593,0.2661714553833008
2594,0.09355518221855164
2595,0.10800658911466599
2596,0.17056365311145782
2597,0.13768629729747772
2598,0.12545107305049896
2599,0.13862375915050507
2600,0.13175536692142487
2601,0.1199783906340599
2602,0.19967062771320343
2603,0.2554497718811035
2604,0.15245160460472107
2605,0.12485431879758835
2606,0.2664865553379059
2607,0.2163078933954239
2608,0.1320890635251999
2609,0.2473534494638443
2610,0.25568658113479614
2611,0.17120391130447388
2612,0.18827615678310394
2613,0.12654073536396027
2614,0.1335839331150055
2615,0.09326358884572983
2616,0.13010026514530182
2617,0.10601653158664703
2618,0.18389494717121124
2619,0.06257181614637375
2620,0.22411760687828064
2621,0.2495715618133545
2622,0.1614021509885788
2623,0.06962060928344727
2624,0.11388114839792252
2625,0.122860848903656
2626,0.09722357988357544
2627,0.15812601149082184
2628,0.12548553943634033
2629,0.1346442699432373
2630,0.13382531702518463
2631,0.14794254302978516
2632,0.11572817713022232
2633,0.1837485432624817
2634,0.13182613253593445
2635,0.11953417956829071
2636,0.15158577263355255
2637,0.15595722198486328
2638,0.16012713313102722
2639,0.13979485630989075
2640,0.08778192847967148
2641,0.0908985361456871
2642,0.14987486600875854
2643,0.1859559714794159
2644,0.1710187792778015
2645,0.18590418994426727
2646,0.17097437381744385
2647,0.20363394916057587
2648,0.09854240715503693
2649,0.0971156656742096
2650,0.1411036252975464
2651,0.13193006813526154
2652,0.09120235592126846
2653,0.12725253403186798
2654,0.16734009981155396
2655,0.11850938946008682
2656,0.15273356437683105
2657,0.19885967671871185
2658,0.1288301944732666
2659,0.10487514734268188
2660,0.13438522815704346
2661,0.07860120385885239
2662,0.1361057013273239
2663,0.10765186697244644
2664,0.07436440140008926
2665,0.1939103603363037
2666,0.22307831048965454
2667,0.1322147250175476
2668,0.1791728436946869
2669,0.10285652428865433
2670,0.17639541625976562
2671,0.16791515052318573
2672,0.1887708306312561
2673,0.16824808716773987
2674,0.1673123687505722
2675,0.16963261365890503
2676,0.166342630982399
2677,0.11391525715589523
2678,0.14400465786457062
2679,0.2568989396095276
2680,0.2574397623538971
2681,0.20874860882759094
2682,0.19595691561698914
2683,0.19842427968978882
2684,0.2252357453107834
2685,0.21709886193275452
2686,0.21480564773082733
2687,0.16560907661914825
2688,0.20327630639076233
2689,0.20841097831726074
2690,0.22478319704532623
2691,0.2333116978406906
2692,0.2122785449028015
2693,0.20370039343833923
2694,0.1688953936100006
2695,0.1589428335428238
2696,0.15327680110931396
2697,0.22208905220031738
2698,0.12363360077142715
2699,0.19516053795814514
2700,0.1454664021730423
2701,0.14184226095676422
2702,0.11851923912763596
2703,0.17045412957668304
2704,0.11374075710773468
2705,0.09840499609708786
2706,0.08560001850128174
2707,0.11967592686414719
2708,0.06568282097578049
2709,0.13098302483558655
2710,0.14823801815509796
2711,0.10483187437057495
2712,0.21596293151378632
2713,0.14242368936538696
2714,0.16969142854213715
2715,0.19798867404460907
2716,0.1475757509469986
2717,0.16069713234901428
2718,0.17355407774448395
2719,0.20584575831890106
2720,0.12540608644485474
2721,0.09268590807914734
2722,0.10852871090173721
2723,0.13690686225891113
2724,0.1255342960357666
2725,0.09496895968914032
2726,0.0951966866850853
2727,0.1689874827861786
2728,0.22694769501686096
2729,0.09398332238197327
2730,0.14690445363521576
2731,0.12271182239055634
2732,0.18222375214099884
2733,0.15932360291481018
2734,0.17532141506671906
2735,0.1756277233362198
2736,0.21836917102336884
2737,0.2926750183105469
2738,0.2130396068096161
2739,0.1086391806602478
2740,0.12368494272232056
2741,0.09288263320922852
2742,0.12676803767681122
2743,0.1589522510766983
2744,0.13424599170684814
2745,0.17156782746315002
2746,0.125871479511261
2747,0.250789076089859
2748,0.0952191948890686
2749,0.0881432592868805
2750,0.08491764217615128
2751,0.0697222575545311
2752,0.129667267203331
2753,0.18378427624702454
2754,0.06227702647447586
2755,0.10863293707370758
2756,0.1043444275856018
2757,0.1679057627916336
2758,0.12330829352140427
2759,0.11002597212791443
2760,0.17225629091262817
2761,0.2474207878112793
2762,0.1705118864774704
2763,0.09998113662004471
2764,0.19650191068649292
2765,0.07739626616239548
2766,0.13843902945518494
2767,0.2340654879808426
2768,0.16882555186748505
2769,0.194627046585083
2770,0.1618446260690689
2771,0.05433414876461029
2772,0.09775684773921967
2773,0.10855979472398758
2774,0.08451274782419205
2775,0.0984606221318245
2776,0.11716997623443604
2777,0.06691580265760422
2778,0.10349643975496292
2779,0.09822725504636765
2780,0.12377024441957474
2781,0.09474867582321167
2782,0.13661199808120728
2783,0.15642738342285156
2784,0.15346524119377136
2785,0.17346973717212677
2786,0.1547822803258896
2787,0.1679592728614807
2788,0.15837126970291138
2789,0.1340431123971939
2790,0.14432170987129211
2791,0.11149923503398895
2792,0.14789412915706635
2793,0.10410799086093903
2794,0.12570269405841827
2795,0.18476399779319763
2796,0.11890579760074615
2797,0.07082365453243256
2798,0.18050065636634827
2799,0.17472298443317413
2800,0.12264765053987503
2801,0.142134889960289
2802,0.16411900520324707
2803,0.10196094959974289
2804,0.13375581800937653
2805,0.11146292090415955
2806,0.12990500032901764
2807,0.1408996880054474
2808,0.15203985571861267
2809,0.15824228525161743
2810,0.11723847687244415
2811,0.19950807094573975
2812,0.1482798010110855
2813,0.06650780886411667
2814,0.10723048448562622
2815,0.09534023702144623
2816,0.14663590490818024
2817,0.0791536346077919
2818,0.08700059354305267
2819,0.08291583508253098
2820,0.05531436949968338
2821,0.07297522574663162
2822,0.06527988612651825
2823,0.17583903670310974
2824,0.15259945392608643
2825,0.13095298409461975
2826,0.11071761697530746
2827,0.18226972222328186
2828,0.14044702053070068
2829,0.10969448834657669
2830,0.09282226115465164
2831,0.11106069386005402
2832,0.11377251148223877
2833,0.085654117166996
2834,0.08173570781946182
2835,0.15498776733875275
2836,0.0846712589263916
2837,0.14545230567455292
2838,0.0809040293097496
2839,0.10982295125722885
2840,0.15002292394638062
2841,0.16872143745422363
2842,0.19866125285625458
2843,0.21718427538871765
2844,0.1309584230184555
2845,0.1371462196111679
2846,0.10612423717975616
2847,0.18771271407604218
2848,0.1157507449388504
2849,0.1335153430700302
2850,0.16964945197105408
2851,0.1512516289949417
2852,0.14421604573726654
2853,0.17497844994068146
2854,0.14618168771266937
2855,0.13538424670696259
2856,0.08891698718070984
2857,0.08414405584335327
2858,0.17656922340393066
2859,0.07625087350606918
2860,0.11068861186504364
2861,0.11245505511760712
2862,0.04469200596213341
2863,0.08921602368354797
2864,0.08706801384687424
2865,0.09992168843746185
2866,0.09403908997774124
2867,0.049018923193216324
2868,0.14747194945812225
2869,0.11323945969343185
2870,0.10633645206689835
2871,0.08055847138166428
2872,0.1662053018808365
2873,0.152753084897995
2874,0.10958385467529297
2875,0.11737364530563354
2876,0.16670270264148712
2877,0.18883630633354187
2878,0.2288273572921753
2879,0.09227257966995239
2880,0.18735554814338684
2881,0.12336725741624832
2882,0.1500227451324463
2883,0.1490054726600647
2884,0.1226869598031044
2885,0.09874465316534042
2886,0.18440642952919006
2887,0.11148786544799805
2888,0.039740804582834244
2889,0.06278315931558609
2890,0.09891640394926071
2891,0.0449196919798851
2892,0.11681827157735825
2893,0.1449538916349411
2894,0.10868142545223236
2895,0.12211456894874573
2896,0.10513266921043396
2897,0.09223116189241409
2898,0.1384432017803192
2899,0.20091092586517334
2900,0.14877070486545563
2901,0.15423057973384857
2902,0.144260972738266
2903,0.13777773082256317
2904,0.13346853852272034
2905,0.17596539855003357
2906,0.18956543505191803
2907,0.1578378528356552
2908,0.09560060501098633
2909,0.09291737526655197
2910,0.0688919648528099
2911,0.1162736639380455
2912,0.1026725322008133
2913,0.10746980458498001
2914,0.09801946580410004
2915,0.09688814729452133
2916,0.20494748651981354
2917,0.08636892586946487
2918,0.16147691011428833
2919,0.09925343841314316
2920,0.11330214887857437
2921,0.11289229989051819
2922,0.14922362565994263
2923,0.1219574511051178
2924,0.1552116572856903
2925,0.13597072660923004
2926,0.1123693659901619
2927,0.1501239538192749
2928,0.10212460160255432
2929,0.13785405457019806
2930,0.11644689738750458
2931,0.1163981631398201
2932,0.18049752712249756
2933,0.1367834508419037
2934,0.1242794468998909
2935,0.17750775814056396
2936,0.08639801293611526
2937,0.10311208665370941
2938,0.14026060700416565
2939,0.0873957946896553
2940,0.19888928532600403
2941,0.0875982865691185
2942,0.1301572620868683
2943,0.14637362957000732
2944,0.16617454588413239
2945,0.10458726435899734
2946,0.121824711561203
2947,0.13621476292610168
2948,0.15574029088020325
2949,0.150613933801651
2950,0.13795556128025055
2951,0.16229763627052307
2952,0.22183871269226074
2953,0.19594313204288483
2954,0.08688724786043167
2955,0.06388520449399948
2956,0.08754545450210571
2957,0.12277977168560028
2958,0.13049517571926117
2959,0.08804085105657578
2960,0.10806682705879211
2961,0.17978662252426147
2962,0.2479146271944046
2963,0.12873613834381104
2964,0.15830668807029724
2965,0.11259940266609192
2966,0.15062910318374634
2967,0.2999914884567261
2968,0.27454379200935364
2969,0.27003681659698486
2970,0.21828125417232513
2971,0.19338423013687134
2972,0.22554300725460052
2973,0.2952719032764435
2974,0.28887513279914856
2975,0.24059581756591797
2976,0.19722342491149902
2977,0.17967447638511658
2978,0.18607644736766815
2979,0.16340972483158112
2980,0.15922462940216064
2981,0.22067387402057648
2982,0.1571168154478073
2983,0.24892161786556244
2984,0.2584514319896698
2985,0.20455585420131683
2986,0.10742782056331635
2987,0.08757752180099487
2988,0.14056727290153503
2989,0.16222694516181946
2990,0.16054947674274445
2991,0.19175606966018677
2992,0.09838850051164627
2993,0.11674382537603378
2994,0.12047231942415237
2995,0.1427915245294571
2996,0.20187312364578247
2997,0.09747246652841568
2998,0.13074548542499542
2999,0.08714669942855835
3000,0.16219353675842285
3001,0.17785026133060455
3002,0.06561469286680222
3003,0.12341290712356567
3004,0.1355598121881485
3005,0.1009729728102684
3006,0.24177870154380798
3007,0.19676296412944794
3008,0.14890460669994354
3009,0.18773148953914642
3010,0.1189841479063034
3011,0.15387631952762604
3012,0.14962732791900635
3013,0.24329812824726105
3014,0.14159990847110748
3015,0.18243354558944702
3016,0.2127222865819931
3017,0.11383078992366791
3018,0.1409396529197693
3019,0.10831748694181442
3020,0.17634329199790955
3021,0.16542409360408783
3022,0.14654196798801422
3023,0.1904699057340622
3024,0.11974918842315674
3025,0.1943899244070053
3026,0.16484114527702332
3027,0.1722361296415329
3028,0.1094355434179306
3029,0.09111405164003372
3030,0.12625592947006226
3031,0.15011203289031982
3032,0.1981484591960907
3033,0.18062825500965118
3034,0.13541816174983978
3035,0.19237448275089264
3036,0.13090462982654572
3037,0.15162909030914307
3038,0.14207877218723297
3039,0.297860324382782
3040,0.07117098569869995
3041,0.10511285811662674
3042,0.1655123382806778
3043,0.13229727745056152
3044,0.07154461741447449
3045,0.07934615015983582
3046,0.15156258642673492
3047,0.16013802587985992
3048,0.12735065817832947
3049,0.14754661917686462
3050,0.24744649231433868
3051,0.2231006771326065
3052,0.22003085911273956
3053,0.18690034747123718
3054,0.24503324925899506
3055,0.15475961565971375
3056,0.16221950948238373
3057,0.11580381542444229
3058,0.11693119257688522
3059,0.1328440010547638
3060,0.20068785548210144
3061,0.18997421860694885
3062,0.16050967574119568
3063,0.15110570192337036
3064,0.11490223556756973
3065,0.10005474090576172
3066,0.2358594387769699
3067,0.2520963251590729
3068,0.25776711106300354
3069,0.15552808344364166
3070,0.1684710681438446
3071,0.19726188480854034
3072,0.19334153831005096
3073,0.17857173085212708
3074,0.2644919455051422
3075,0.1661844700574875
3076,0.15718698501586914
3077,0.149003267288208
3078,0.15679104626178741
3079,0.1815585196018219
3080,0.24712026119232178
3081,0.19374443590641022
3082,0.17715312540531158
3083,0.24658843874931335
3084,0.2945391535758972
3085,0.2415124475955963
3086,0.25236865878105164
3087,0.27463698387145996
3088,0.18115268647670746
3089,0.10217452049255371
3090,0.14759373664855957
3091,0.12302573770284653
3092,0.231821671128273
3093,0.2817501425743103
3094,0.2301594465970993
3095,0.1809246689081192
3096,0.24102462828159332
3097,0.15870647132396698
3098,0.1453285962343216
3099,0.061733048409223557
3100,0.12230393290519714
3101,0.16472679376602173
3102,0.13628321886062622
3103,0.07848824560642242
3104,0.06084498018026352
3105,0.06636840850114822
3106,0.14635638892650604
3107,0.07608149200677872
3108,0.14568272233009338
3109,0.0872679054737091
3110,0.15393824875354767
3111,0.04495789483189583
3112,0.13540810346603394
3113,0.1508788913488388
3114,0.11152896285057068
3115,0.11306223273277283
3116,0.12801721692085266
3117,0.07766727358102798
3118,0.08022592961788177
3119,0.06056239455938339
3120,0.061783112585544586
3121,0.09105771034955978
3122,0.06853260844945908
3123,0.07796657085418701
3124,0.102852962911129
3125,0.16113980114459991
3126,0.07149478048086166
3127,0.16502949595451355
3128,0.1706976443529129
3129,0.07273555546998978
3130,0.1573646366596222
3131,0.099886454641819
3132,0.13975097239017487
3133,0.17054389417171478
3134,0.12322807312011719
3135,0.2515244781970978
3136,0.137851744890213
3137,0.14988088607788086
3138,0.11035111546516418
3139,0.08286319673061371
3140,0.09145094454288483
3141,0.05201113224029541
3142,0.16077104210853577
3143,0.05563363805413246
3144,0.08753030747175217
3145,0.10766899585723877
3146,0.12508706748485565
3147,0.10670814663171768
3148,0.1152082085609436
3149,0.05500401183962822
3150,0.06006740406155586
3151,0.1157686710357666
3152,0.1427678018808365
3153,0.088260717689991
3154,0.18589472770690918
3155,0.2294836938381195
3156,0.17842872440814972
3157,0.12588009238243103
3158,0.23859405517578125
3159,0.19236351549625397
3160,0.1444871872663498
3161,0.3019159734249115
3162,0.136940136551857
3163,0.22662794589996338
3164,0.21385520696640015
3165,0.16937094926834106
3166,0.21525907516479492
3167,0.24712009727954865
3168,0.21164759993553162
3169,0.18635070323944092
3170,0.18659624457359314
3171,0.14960670471191406
3172,0.13776154816150665
3173,0.1854170560836792
3174,0.08609489351511002
3175,0.09414050728082657
3176,0.17928539216518402
3177,0.13609428703784943
3178,0.16722163558006287
3179,0.14960946142673492
3180,0.15837301313877106
3181,0.15049442648887634
3182,0.1410333812236786
3183,0.129023015499115
3184,0.17715290188789368
3185,0.1592497080564499
3186,0.2271396368741989
3187,0.15934990346431732
3188,0.22668015956878662
3189,0.1518978327512741
3190,0.09119672328233719
3191,0.10373159497976303
3192,0.1550339162349701
3193,0.14573276042938232
3194,0.16225318610668182
3195,0.14945249259471893
3196,0.1995552033185959
3197,0.09945846349000931
3198,0.12309205532073975
3199,0.0910797119140625
3200,0.1485041081905365
3201,0.1887398511171341
3202,0.13648644089698792
3203,0.16465872526168823
3204,0.1367722451686859
3205,0.2100086510181427
3206,0.15993423759937286
3207,0.08588706701993942
3208,0.20150786638259888
3209,0.10990837961435318
3210,0.06699860841035843
3211,0.11028353124856949
3212,0.1115473285317421
3213,0.10707028210163116
3214,0.13911154866218567
3215,0.07888628542423248
3216,0.0995994284749031
3217,0.06730398535728455
3218,0.06325395405292511
3219,0.05720924958586693
3220,0.09551513195037842
3221,0.061593182384967804
3222,0.10578132420778275
3223,0.06325069069862366
3224,0.18628689646720886
3225,0.131932333111763
3226,0.11967784911394119
3227,0.09754376113414764
3228,0.07266891747713089
3229,0.08228383213281631
3230,0.07977927476167679
3231,0.14094305038452148
3232,0.2150379866361618
3233,0.10720986127853394
3234,0.11285687237977982
3235,0.18893103301525116
3236,0.1061549261212349
3237,0.15235359966754913
3238,0.05534103885293007
3239,0.06727826595306396
3240,0.11537178605794907
3241,0.14370600879192352
3242,0.13669449090957642
3243,0.0903620719909668
3244,0.14861837029457092
3245,0.09543521702289581
3246,0.14283756911754608
3247,0.0833512619137764
3248,0.1043727919459343
3249,0.11266853660345078
3250,0.07803323864936829
3251,0.13044913113117218
3252,0.10013612359762192
3253,0.07071083784103394
3254,0.13667242228984833
3255,0.07896221429109573
3256,0.10129962116479874
3257,0.10775119811296463
3258,0.12956583499908447
3259,0.18588921427726746
3260,0.15181992948055267
3261,0.0962982103228569
3262,0.07572954148054123
3263,0.08404252678155899
3264,0.0718424841761589
3265,0.14764735102653503
3266,0.09231378883123398
3267,0.1292227804660797
3268,0.07523567974567413
3269,0.0797598734498024
3270,0.08650850504636765
3271,0.10617852956056595
3272,0.2215595692396164
3273,0.07319416850805283
3274,0.1505977362394333
3275,0.15946070849895477
3276,0.1267063170671463
3277,0.05765482038259506
3278,0.15275856852531433
3279,0.0959622710943222
3280,0.12343849241733551
3281,0.1465769112110138
3282,0.10787878930568695
3283,0.13135850429534912
3284,0.16804221272468567
3285,0.204145610332489
3286,0.1835901439189911
3287,0.10405656695365906
3288,0.21210132539272308
3289,0.09135095775127411
3290,0.07320453971624374
3291,0.17355577647686005
3292,0.09623757749795914
3293,0.1322103887796402
3294,0.18897464871406555
3295,0.16534151136875153
3296,0.08572178333997726
3297,0.1729210466146469
3298,0.11988211423158646
3299,0.20595861971378326
3300,0.18375329673290253
3301,0.10190337151288986
3302,0.11794407665729523
3303,0.10062366724014282
3304,0.23552271723747253
3305,0.14085695147514343
3306,0.1274895817041397
3307,0.09420882165431976
3308,0.11958837509155273
3309,0.06639407575130463
3310,0.19251035153865814
3311,0.15133269131183624
3312,0.10825178027153015
3313,0.06971592456102371
3314,0.07601357996463776
3315,0.13260306417942047
3316,0.15050549805164337
3317,0.0708991289138794
3318,0.1490018218755722
3319,0.22697463631629944
3320,0.10014138370752335
3321,0.08812691271305084
3322,0.1219974160194397
3323,0.1354694366455078
3324,0.10484316945075989
3325,0.13320989906787872
3326,0.103694848716259
3327,0.06168024241924286
3328,0.07442638278007507
3329,0.060246873646974564
3330,0.08326895534992218
3331,0.06874480098485947
3332,0.08039436489343643
3333,0.14570781588554382
3334,0.1420336365699768
3335,0.10529062151908875
3336,0.09559399634599686
3337,0.08210880309343338
3338,0.13551463186740875
3339,0.12498604506254196
3340,0.05167265608906746
3341,0.20000463724136353
3342,0.10430864244699478
3343,0.1693132072687149
3344,0.1488725244998932
3345,0.06853842735290527
3346,0.09677586704492569
3347,0.045919883996248245
3348,0.06465300172567368
3349,0.08597724139690399
3350,0.056374989449977875
3351,0.05751653388142586
3352,0.12067506462335587
3353,0.15520796179771423
3354,0.07148631662130356
3355,0.06575086712837219
3356,0.07571788877248764
3357,0.07137178629636765
3358,0.12292306870222092
3359,0.11348175257444382
3360,0.12115425616502762
3361,0.09487511962652206
3362,0.06429979205131531
3363,0.10472257435321808
3364,0.09439735114574432
3365,0.055032406002283096
3366,0.15349677205085754
3367,0.09457465261220932
3368,0.047644585371017456
3369,0.12514713406562805
3370,0.1551671326160431
3371,0.06684037297964096
3372,0.21553079783916473
3373,0.09783149510622025
3374,0.15709315240383148
3375,0.13170374929904938
3376,0.11195571720600128
3377,0.14731763303279877
3378,0.1678009033203125
3379,0.1745736002922058
3380,0.22316960990428925
3381,0.20734688639640808
3382,0.11604342609643936
3383,0.1107809841632843
3384,0.12652476131916046
3385,0.15302501618862152
3386,0.08077419549226761
3387,0.10335317254066467
3388,0.07141052186489105
3389,0.10097398608922958
3390,0.10593964904546738
3391,0.09423893690109253
3392,0.09176463633775711
3393,0.08211293816566467
3394,0.11860978603363037
3395,0.16238737106323242
3396,0.13223817944526672
3397,0.05666818842291832
3398,0.08955583721399307
3399,0.1602662205696106
3400,0.14542508125305176
3401,0.19694611430168152
3402,0.21326449513435364
3403,0.18871144950389862
3404,0.09906237572431564
3405,0.1521441787481308
3406,0.16933505237102509
3407,0.14687861502170563
3408,0.19786594808101654
3409,0.21762646734714508
3410,0.13702833652496338
3411,0.20917464792728424
3412,0.08468489348888397
3413,0.11903215944766998
3414,0.0976218581199646
3415,0.11520538479089737
3416,0.0811026319861412
3417,0.1473558098077774
3418,0.09788526594638824
3419,0.1479642391204834
3420,0.08832792937755585
3421,0.07772461324930191
3422,0.10687990486621857
3423,0.1522289216518402
3424,0.12252127379179001
3425,0.1016378179192543
3426,0.07443311810493469
3427,0.08004157245159149
3428,0.09496217966079712
3429,0.10689055174589157
3430,0.14663009345531464
3431,0.09042809903621674
3432,0.12358306348323822
3433,0.18116295337677002
3434,0.23197698593139648
3435,0.35536864399909973
3436,0.2554209530353546
3437,0.2740730941295624
3438,0.2968710660934448
3439,0.22592191398143768
3440,0.158065065741539
3441,0.26565685868263245
3442,0.28254184126853943
3443,0.2752198576927185
3444,0.2509596347808838
3445,0.2144559919834137
3446,0.19027771055698395
3447,0.14636743068695068
3448,0.21057206392288208
3449,0.2748192548751831
3450,0.26288625597953796
3451,0.19640569388866425
3452,0.14837907254695892
3453,0.15512600541114807
3454,0.10751331597566605
3455,0.14613445103168488
3456,0.15475770831108093
3457,0.16898255050182343
3458,0.16837479174137115
3459,0.13587640225887299
3460,0.07648582011461258
3461,0.14422522485256195
3462,0.17051851749420166
3463,0.10156457126140594
3464,0.1527378261089325
3465,0.12983110547065735
3466,0.17441993951797485
3467,0.10030908137559891
3468,0.15365928411483765
3469,0.1385408639907837
3470,0.08883757889270782
3471,0.2155238687992096
3472,0.1507863998413086
3473,0.12358961254358292
3474,0.09303822368383408
3475,0.13142865896224976
3476,0.21740153431892395
3477,0.12127397209405899
3478,0.09336772561073303
3479,0.06499887257814407
3480,0.08765944093465805
3481,0.12832939624786377
3482,0.11391374468803406
3483,0.1161506399512291
3484,0.13522286713123322
3485,0.1514071375131607
3486,0.12882845103740692
3487,0.11135925352573395
3488,0.1419396996498108
3489,0.2107521891593933
3490,0.12920928001403809
3491,0.19654107093811035
3492,0.16252078115940094
3493,0.1612454205751419
3494,0.16504091024398804
3495,0.1311766505241394
3496,0.10462827980518341
3497,0.14613021910190582
3498,0.1050667017698288
3499,0.06663215160369873
3500,0.08048519492149353
3501,0.17516295611858368
3502,0.13694241642951965
3503,0.09222705662250519
3504,0.1290178745985031
3505,0.13283628225326538
3506,0.14204049110412598
3507,0.15695679187774658
3508,0.17997293174266815
3509,0.111322782933712
3510,0.09936313331127167
3511,0.1537049412727356
3512,0.17562423646450043
3513,0.1147996038198471
3514,0.09888976812362671
3515,0.1004696935415268
3516,0.17167207598686218
3517,0.20057110488414764
3518,0.10855765640735626
3519,0.20297405123710632
3520,0.08189687132835388
3521,0.12193216383457184
3522,0.16839277744293213
3523,0.12445828318595886
3524,0.1199357658624649
3525,0.151162788271904
3526,0.11732228100299835
3527,0.24986012279987335
3528,0.07928018271923065
3529,0.10620655864477158
3530,0.13012634217739105
3531,0.08144941926002502
3532,0.13700611889362335
3533,0.10211167484521866
3534,0.13386361300945282
3535,0.13836248219013214
3536,0.09580720216035843
3537,0.0934787318110466
3538,0.09282739460468292
3539,0.07966475188732147
3540,0.09223301708698273
3541,0.054200828075408936
3542,0.17670919001102448
3543,0.07918456196784973
3544,0.07552403211593628
3545,0.08175060153007507
3546,0.05084442347288132
3547,0.04965999722480774
3548,0.1562928408384323
3549,0.29265162348747253
3550,0.22942249476909637
3551,0.10867812484502792
3552,0.07487978786230087
3553,0.10361821204423904
3554,0.16318857669830322
3555,0.12566408514976501
3556,0.14328421652317047
3557,0.3345972001552582
3558,0.20983541011810303
3559,0.292456716299057
3560,0.18733927607536316
3561,0.1854759305715561
3562,0.3340710699558258
3563,0.17379412055015564
3564,0.20325182378292084
3565,0.1973925679922104
3566,0.19565075635910034
3567,0.1565406173467636
3568,0.2558880150318146
3569,0.2009969800710678
3570,0.1288326531648636
3571,0.1829124093055725
3572,0.18296703696250916
3573,0.18137279152870178
3574,0.16138334572315216
3575,0.16683630645275116
3576,0.20576706528663635
3577,0.08150873333215714
3578,0.09505248814821243
3579,0.1171901673078537
3580,0.11199105530977249
3581,0.12500156462192535
3582,0.15160028636455536
3583,0.07946179062128067
3584,0.1919352263212204
3585,0.0665665715932846
3586,0.11142677813768387
3587,0.16145586967468262
3588,0.135347381234169
3589,0.105866938829422
3590,0.12848755717277527
3591,0.11571867763996124
3592,0.09399617463350296
3593,0.16851940751075745
3594,0.12852048873901367
3595,0.06490768492221832
3596,0.12614314258098602
3597,0.09206555038690567
3598,0.10483504086732864
3599,0.08194291591644287
3600,0.11417176574468613
3601,0.09405887126922607
3602,0.10081285983324051
3603,0.059962257742881775
3604,0.09529019892215729
3605,0.06322108209133148
3606,0.1923648864030838
3607,0.051661305129528046
3608,0.06336365640163422
3609,0.088407501578331
3610,0.14953435957431793
3611,0.04948071390390396
3612,0.07788928598165512
3613,0.06332972645759583
3614,0.09447003155946732
3615,0.13703078031539917
3616,0.107503741979599
3617,0.12697474658489227
3618,0.06848800927400589
3619,0.0692472830414772
3620,0.1410379558801651
3621,0.09011319279670715
3622,0.0786769911646843
3623,0.1611628234386444
3624,0.0992991104722023
3625,0.09937551617622375
3626,0.17458920180797577
3627,0.13262739777565002
3628,0.141409769654274
3629,0.14722660183906555
3630,0.19996438920497894
3631,0.17206409573554993
3632,0.20607180893421173
3633,0.18020877242088318
3634,0.24208806455135345
3635,0.3107978105545044
3636,0.13103826344013214
3637,0.09328633546829224
3638,0.10053640604019165
3639,0.10540779680013657
3640,0.15130698680877686
3641,0.11814253777265549
3642,0.1335219442844391
3643,0.07609593123197556
3644,0.13869816064834595
3645,0.07863156497478485
3646,0.09709291905164719
3647,0.11033344268798828
3648,0.09913334250450134
3649,0.12668897211551666
3650,0.14565253257751465
3651,0.13937999308109283
3652,0.05679755285382271
3653,0.09718633443117142
3654,0.1353776901960373
3655,0.04845235496759415
3656,0.09706363826990128
3657,0.04431931674480438
3658,0.06419100612401962
3659,0.037485186010599136
3660,0.1088753417134285
3661,0.08528880774974823
3662,0.07077576965093613
3663,0.0784747302532196
3664,0.04315889626741409
3665,0.026171790435910225
3666,0.04346661642193794
3667,0.08123525977134705
3668,0.0657106414437294
3669,0.0776410922408104
3670,0.0831010565161705
3671,0.13414599001407623
3672,0.11846834421157837
3673,0.0717272236943245
3674,0.1049623116850853
3675,0.172858327627182
3676,0.13796041905879974
3677,0.1088939905166626
3678,0.1257151961326599
3679,0.09115316718816757
3680,0.1235753744840622
3681,0.08283376693725586
3682,0.12642022967338562
3683,0.10813295096158981
3684,0.14650958776474
3685,0.05665859580039978
3686,0.13268999755382538
3687,0.1156938299536705
3688,0.12541793286800385
3689,0.1395300030708313
3690,0.17500045895576477
3691,0.1379990130662918
3692,0.1975439488887787
3693,0.16790486872196198
3694,0.07000870257616043
3695,0.1393425613641739
3696,0.08010547608137131
3697,0.05159439519047737
3698,0.10446129739284515
3699,0.09469370543956757
3700,0.11737752705812454
3701,0.1235373318195343
3702,0.1696227788925171
3703,0.09296751767396927
3704,0.11330314725637436
3705,0.11486244201660156
3706,0.07401707768440247
3707,0.1251337230205536
3708,0.08176255971193314
3709,0.09016305208206177
3710,0.058030758053064346
3711,0.07744331657886505
3712,0.07388105243444443
3713,0.08169282972812653
3714,0.08431785553693771
3715,0.0987275242805481
3716,0.12050333619117737
3717,0.1823243796825409
3718,0.13418251276016235
3719,0.13163238763809204
3720,0.17011688649654388
3721,0.10824339091777802
3722,0.10875020921230316
3723,0.13784435391426086
3724,0.1067156121134758
3725,0.08997081220149994
3726,0.1427186131477356
3727,0.1097402349114418
3728,0.14927086234092712
3729,0.1307215690612793
3730,0.11490468680858612
3731,0.13735723495483398
3732,0.039460279047489166
3733,0.13715647161006927
3734,0.11426674574613571
3735,0.07022277265787125
3736,0.1048169732093811
3737,0.1729367971420288
3738,0.18427881598472595
3739,0.16860781610012054
3740,0.12411370128393173
3741,0.095603346824646
3742,0.1422136127948761
3743,0.2364671230316162
3744,0.13181506097316742
3745,0.17779433727264404
3746,0.21223431825637817
3747,0.13028794527053833
3748,0.06534168869256973
3749,0.09172701090574265
3750,0.13564532995224
3751,0.04557495936751366
3752,0.105476014316082
3753,0.07879942655563354
3754,0.08962702006101608
3755,0.15318502485752106
3756,0.1183038204908371
3757,0.20623373985290527
3758,0.2213326096534729
3759,0.1366633027791977
3760,0.12923316657543182
3761,0.11891163140535355
3762,0.12888692319393158
3763,0.11954676359891891
3764,0.08620359003543854
3765,0.17598645389080048
3766,0.22748403251171112
3767,0.0496201366186142
3768,0.09835374355316162
3769,0.12046615779399872
3770,0.08319054543972015
3771,0.07806774228811264
3772,0.11884358525276184
3773,0.09731603413820267
3774,0.06974843144416809
3775,0.0957568809390068
3776,0.20240111649036407
3777,0.04949304461479187
3778,0.11670880019664764
3779,0.11564581096172333
3780,0.13053040206432343
3781,0.07122297585010529
3782,0.14032235741615295
3783,0.24553154408931732
3784,0.12900474667549133
3785,0.09707657992839813
3786,0.06381901353597641
3787,0.09237040579319
3788,0.10993821918964386
3789,0.14284245669841766
3790,0.08911657333374023
3791,0.11986257135868073
3792,0.10350371897220612
3793,0.15979763865470886
3794,0.13010823726654053
3795,0.08552706986665726
3796,0.17957596480846405
3797,0.05797236040234566
3798,0.11170951277017593
3799,0.09015046060085297
3800,0.11908277124166489
3801,0.12152910977602005
3802,0.11930420249700546
3803,0.16349190473556519
3804,0.10881226509809494
3805,0.11189808696508408
3806,0.0999530479311943
3807,0.08351816236972809
3808,0.11691538989543915
3809,0.1333766132593155
3810,0.14678524434566498
3811,0.14573357999324799
3812,0.08800152689218521
3813,0.08707725256681442
3814,0.11791983991861343
3815,0.14925092458724976
3816,0.12186038494110107
3817,0.2654981017112732
3818,0.11277870088815689
3819,0.13815462589263916
3820,0.057955022901296616
3821,0.07548870891332626
3822,0.07980630546808243
3823,0.10721799731254578
3824,0.1484995037317276
3825,0.09245458990335464
3826,0.11060409247875214
3827,0.15224815905094147
3828,0.04486212879419327
3829,0.257548987865448
3830,0.15251833200454712
3831,0.1430642455816269
3832,0.11964941024780273
3833,0.1119036078453064
3834,0.06383226811885834
3835,0.09314700961112976
3836,0.09931263327598572
3837,0.10208272188901901
3838,0.08070198446512222
3839,0.08418577164411545
3840,0.21077950298786163
3841,0.13935381174087524
3842,0.14555880427360535
3843,0.10569393634796143
3844,0.1089724749326706
3845,0.13191848993301392
3846,0.11371768265962601
3847,0.10491634905338287
3848,0.11951613426208496
3849,0.11296401917934418
3850,0.11459846049547195
3851,0.12867379188537598
3852,0.13130654394626617
3853,0.1374482810497284
3854,0.23917268216609955
3855,0.15976643562316895
3856,0.13882051408290863
3857,0.12227725982666016
3858,0.09867054969072342
3859,0.11580357700586319
3860,0.15528911352157593
3861,0.14234644174575806
3862,0.18206335604190826
3863,0.14570118486881256
3864,0.0924752950668335
3865,0.05748536437749863
3866,0.0823434516787529
3867,0.04377306252717972
3868,0.07406014204025269
3869,0.10635117441415787
3870,0.14167942106723785
3871,0.11242540925741196
3872,0.08472911268472672
3873,0.1068376675248146
3874,0.12984958291053772
3875,0.10079218447208405
3876,0.1397482305765152
3877,0.12764011323451996
3878,0.21416635811328888
3879,0.09995360672473907
3880,0.13105683028697968
3881,0.18745484948158264
3882,0.11768580228090286
3883,0.14160668849945068
3884,0.12064235657453537
3885,0.23910395801067352
3886,0.2111043483018875
3887,0.15409044921398163
3888,0.08416373282670975
3889,0.12588369846343994
3890,0.08920137584209442
3891,0.09662528336048126
3892,0.06754012405872345
3893,0.0693221241235733
3894,0.17458364367485046
3895,0.07491116970777512
3896,0.13948588073253632
3897,0.10742957890033722
3898,0.11545839160680771
3899,0.07591788470745087
3900,0.12735024094581604
3901,0.10904417186975479
3902,0.10283194482326508
3903,0.08222154527902603
3904,0.15268012881278992
3905,0.1801886260509491
3906,0.17826464772224426
3907,0.13412196934223175
3908,0.19642925262451172
3909,0.1386871337890625
3910,0.1652224361896515
3911,0.17473845183849335
3912,0.13133278489112854
3913,0.11872231215238571
3914,0.16571767628192902
3915,0.07389428466558456
3916,0.10415876656770706
3917,0.0856630727648735
3918,0.1319538950920105
3919,0.12930674850940704
3920,0.1028929129242897
3921,0.06450879573822021
3922,0.08840937167406082
3923,0.1335485875606537
3924,0.08627980947494507
3925,0.14890031516551971
3926,0.1338542103767395
3927,0.08162164688110352
3928,0.11697770655155182
3929,0.09279200434684753
3930,0.1044396385550499
3931,0.19829529523849487
3932,0.10464341193437576
3933,0.07751850038766861
3934,0.02919517457485199
3935,0.17289480566978455
3936,0.05823379009962082
3937,0.06761860102415085
3938,0.11263754963874817
3939,0.10732731223106384
3940,0.11451303213834763
3941,0.11162247508764267
3942,0.16603559255599976
3943,0.1413174420595169
3944,0.22115306556224823
3945,0.10232298076152802
3946,0.09475155919790268
3947,0.1891883909702301
3948,0.06061337888240814
3949,0.09806926548480988
3950,0.14855432510375977
3951,0.1922268569469452
3952,0.10183529555797577
3953,0.09399416297674179
3954,0.09414379298686981
3955,0.1747456192970276
3956,0.0886550322175026
3957,0.09047792106866837
3958,0.1386987417936325
3959,0.12525522708892822
3960,0.13456504046916962
3961,0.12240191549062729
3962,0.198222815990448
3963,0.18103770911693573
3964,0.10691129416227341
3965,0.12622667849063873
3966,0.17419841885566711
3967,0.1747685670852661
3968,0.1734590083360672
3969,0.21989330649375916
3970,0.1715845763683319
3971,0.15589237213134766
3972,0.12928031384944916
3973,0.142659530043602
3974,0.15212583541870117
3975,0.19026820361614227
3976,0.159247487783432
3977,0.13444426655769348
3978,0.17424523830413818
3979,0.08580862730741501
3980,0.08838634192943573
3981,0.1014445424079895
3982,0.10514193773269653
3983,0.11279191821813583
3984,0.21986886858940125
3985,0.10468662530183792
3986,0.10832333564758301
3987,0.10557706654071808
3988,0.17988494038581848
3989,0.06716270744800568
3990,0.0582306869328022
3991,0.08344366401433945
3992,0.27143993973731995
3993,0.12117872387170792
3994,0.11013730615377426
3995,0.08939910680055618
3996,0.06344345211982727
3997,0.10619600117206573
3998,0.054405685514211655
3999,0.12291739135980606
4000,0.09455309808254242
4001,0.11004803329706192
4002,0.10454469174146652
4003,0.07360264658927917
4004,0.11779610812664032
4005,0.10152356326580048
4006,0.10700274258852005
4007,0.06151046231389046
4008,0.11019907891750336
4009,0.05633808672428131
4010,0.0784432664513588
4011,0.06435921043157578
4012,0.07955096662044525
4013,0.09907063841819763
4014,0.08915844559669495
4015,0.10030677169561386
4016,0.08572598546743393
4017,0.06068935990333557
4018,0.13641056418418884
4019,0.10877128690481186
4020,0.15183642506599426
4021,0.1050024926662445
4022,0.07611501216888428
4023,0.1016891598701477
4024,0.03530719131231308
4025,0.08824560791254044
4026,0.17242205142974854
4027,0.2273624837398529
4028,0.2971648871898651
4029,0.25612691044807434
4030,0.24126645922660828
4031,0.3216799795627594
4032,0.28414708375930786
4033,0.24846746027469635
4034,0.18909847736358643
4035,0.1550835818052292
4036,0.1765531450510025
4037,0.0925777330994606
4038,0.1536508947610855
4039,0.1769278198480606
4040,0.17126254737377167
4041,0.1966462880373001
4042,0.2385992407798767
4043,0.13226348161697388
4044,0.14382272958755493
4045,0.1790897250175476
4046,0.12374085187911987
4047,0.09979335963726044
4048,0.11730089783668518
4049,0.15581876039505005
4050,0.07441740483045578
4051,0.08016552031040192
4052,0.20943450927734375
4053,0.11494430899620056
4054,0.1855892390012741
4055,0.2159978151321411
4056,0.1319720596075058
4057,0.16291682422161102
4058,0.12506332993507385
4059,0.1198197528719902
4060,0.15140441060066223
4061,0.1519371122121811
4062,0.1346788853406906
4063,0.17945460975170135
4064,0.1502751260995865
4065,0.16702361404895782
4066,0.17865607142448425
4067,0.17806802690029144
4068,0.1707492172718048
4069,0.13442997634410858
4070,0.23113808035850525
4071,0.17518973350524902
4072,0.16410444676876068
4073,0.15704120695590973
4074,0.22736813127994537
4075,0.1248440146446228
4076,0.08784248679876328
4077,0.16050095856189728
4078,0.14830294251441956
4079,0.14449258148670197
4080,0.19946889579296112
4081,0.10459459573030472
4082,0.10429305583238602
4083,0.09165382385253906
4084,0.12753145396709442
4085,0.048874616622924805
4086,0.13659338653087616
4087,0.11474435031414032
4088,0.17670555412769318
4089,0.16493193805217743
4090,0.11621043086051941
4091,0.06808160990476608
4092,0.10691867768764496
4093,0.18061362206935883
4094,0.29856041073799133
4095,0.15955886244773865
4096,0.19673621654510498
4097,0.16263636946678162
4098,0.1094256117939949
4099,0.1097678542137146
4100,0.09863858669996262
4101,0.14941345155239105
4102,0.08869648724794388
4103,0.06713805347681046
4104,0.13185317814350128
4105,0.17325398325920105
4106,0.1765509843826294
4107,0.1551409810781479
4108,0.17105066776275635
4109,0.13453447818756104
4110,0.12317748367786407
4111,0.10989265143871307
4112,0.12632644176483154
4113,0.18094393610954285
4114,0.17601341009140015
4115,0.23417717218399048
4116,0.20197473466396332
4117,0.14922446012496948
4118,0.10656354576349258
4119,0.13722895085811615
4120,0.13602609932422638
4121,0.1674008071422577
4122,0.07686575502157211
4123,0.07541456073522568
4124,0.06802871078252792
4125,0.09973137080669403
4126,0.10034802556037903
4127,0.09558888524770737
4128,0.12318204343318939
4129,0.04292357340455055
4130,0.10933469980955124
4131,0.10586337000131607
4132,0.08412375301122665
4133,0.10051431506872177
4134,0.09943205118179321
4135,0.18269748985767365
4136,0.07835004478693008
4137,0.1389232873916626
4138,0.11262115091085434
4139,0.09852307289838791
4140,0.13009068369865417
4141,0.11221130937337875
4142,0.11304239928722382
4143,0.08479402959346771
4144,0.1689041703939438
4145,0.10753300040960312
4146,0.07871609926223755
4147,0.11353930085897446
4148,0.08716662973165512
4149,0.11158355325460434
4150,0.09119672328233719
4151,0.13754165172576904
4152,0.137359157204628
4153,0.12461099773645401
4154,0.08177785575389862
4155,0.1048971489071846
4156,0.12062904983758926
4157,0.12095054984092712
4158,0.14910888671875
4159,0.13472184538841248
4160,0.11196175962686539
4161,0.07084986567497253
4162,0.19581863284111023
4163,0.14427338540554047
4164,0.0949137955904007
4165,0.12545061111450195
4166,0.1254902482032776
4167,0.10523677617311478
4168,0.07928744703531265
4169,0.0666053369641304
4170,0.052638813853263855
4171,0.05152644217014313
4172,0.06619762629270554
4173,0.08119229227304459
4174,0.09234515577554703
4175,0.0892970860004425
4176,0.07388733327388763
4177,0.07603678107261658
4178,0.045265961438417435
4179,0.058650847524404526
4180,0.0820271372795105
4181,0.1435943841934204
4182,0.11157257854938507
4183,0.15424835681915283
4184,0.08321595937013626
4185,0.13938815891742706
4186,0.13340823352336884
4187,0.08875113725662231
4188,0.18302753567695618
4189,0.15133321285247803
4190,0.14850644767284393
4191,0.09495165199041367
4192,0.13157275319099426
4193,0.08855299651622772
4194,0.09907079488039017
4195,0.15583902597427368
4196,0.07093431055545807
4197,0.09665414690971375
4198,0.07486595958471298
4199,0.05536699667572975
4200,0.07480872422456741
4201,0.06395670771598816
4202,0.07720550149679184
4203,0.06816581636667252
4204,0.12822629511356354
4205,0.09068667888641357
4206,0.18926499783992767
4207,0.1278439462184906
4208,0.10810121893882751
4209,0.06788026541471481
4210,0.06500903517007828
4211,0.17782194912433624
4212,0.1830156296491623
4213,0.12501710653305054
4214,0.14370939135551453
4215,0.07756984978914261
4216,0.2392198145389557
4217,0.11681132018566132
4218,0.1505948156118393
4219,0.10548430681228638
4220,0.12381928414106369
4221,0.11561796814203262
4222,0.08485130965709686
4223,0.14341217279434204
4224,0.18170851469039917
4225,0.1701751947402954
4226,0.14649814367294312
4227,0.1979997158050537
4228,0.17383791506290436
4229,0.1461692750453949
4230,0.16612307727336884
4231,0.16311119496822357
4232,0.14467650651931763
4233,0.2401593178510666
4234,0.18580275774002075
4235,0.1167016252875328
4236,0.11128098517656326
4237,0.10296151041984558
4238,0.0828186646103859
4239,0.10033353418111801
4240,0.14224864542484283
4241,0.17507579922676086
4242,0.1230686753988266
4243,0.12703189253807068
4244,0.08889104425907135
4245,0.11249636858701706
4246,0.13316287100315094
4247,0.13158030807971954
4248,0.12903699278831482
4249,0.14277200400829315
4250,0.18051426112651825
4251,0.19087935984134674
4252,0.15858881175518036
4253,0.15340641140937805
4254,0.14103347063064575
4255,0.20586450397968292
4256,0.19047458469867706
4257,0.1547420471906662
4258,0.12191801518201828
4259,0.1484602838754654
4260,0.12500424683094025
4261,0.10913562029600143
4262,0.10377106070518494
4263,0.13677729666233063
4264,0.07621607929468155
4265,0.09000809490680695
4266,0.09536897391080856
4267,0.11689842492341995
4268,0.12960553169250488
4269,0.15397825837135315
4270,0.08222348988056183
4271,0.12080035358667374
4272,0.12189648300409317
4273,0.09525515139102936
4274,0.06838837265968323
4275,0.08132968842983246
4276,0.06463076174259186
4277,0.07584529370069504
4278,0.13689158856868744
4279,0.137558713555336
4280,0.11405381560325623
4281,0.20469751954078674
4282,0.16214527189731598
4283,0.18901348114013672
4284,0.16965803503990173
4285,0.13318929076194763
4286,0.1314464509487152
4287,0.09569764137268066
4288,0.11485345661640167
4289,0.11494041234254837
4290,0.13610289990901947
4291,0.10559749603271484
4292,0.08037199825048447
4293,0.12390884757041931
4294,0.09699318557977676
4295,0.0546007975935936
4296,0.09432932734489441
4297,0.11318609118461609
4298,0.05475735664367676
4299,0.1668391078710556
4300,0.12753193080425262
4301,0.0661713257431984
4302,0.06884972751140594
4303,0.10742685943841934
4304,0.12065356969833374
4305,0.10672709345817566
4306,0.13487079739570618
4307,0.11400812864303589
4308,0.18037718534469604
4309,0.14297057688236237
4310,0.08894406259059906
4311,0.1615573763847351
4312,0.0941932201385498
4313,0.10799391567707062
4314,0.10376981645822525
4315,0.1157432571053505
4316,0.09436547011137009
4317,0.14529989659786224
4318,0.06129798665642738
4319,0.10487194359302521
4320,0.05206068605184555
4321,0.09515586495399475
4322,0.08675992488861084
4323,0.08888521790504456
4324,0.14030291140079498
4325,0.13163605332374573
4326,0.0936565101146698
4327,0.07369678467512131
4328,0.09869762510061264
4329,0.07185500115156174
4330,0.19636571407318115
4331,0.11631666868925095
4332,0.090785913169384
4333,0.08084525913000107
4334,0.034123726189136505
4335,0.14114074409008026
4336,0.11612959951162338
4337,0.0768771693110466
4338,0.09946222603321075
4339,0.09283397346735
4340,0.12902800738811493
4341,0.07917409390211105
4342,0.04765813797712326
4343,0.046964578330516815
4344,0.04637613892555237
4345,0.053106456995010376
4346,0.06040380150079727
4347,0.05073004588484764
4348,0.030395640060305595
4349,0.05517405644059181
4350,0.041521914303302765
4351,0.07192548364400864
4352,0.07103004306554794
4353,0.05763500928878784
4354,0.03694270923733711
4355,0.07290174067020416
4356,0.11412815749645233
4357,0.11332906782627106
4358,0.1252286285161972
4359,0.07051700353622437
4360,0.07587312161922455
4361,0.05066097900271416
4362,0.06651521474123001
4363,0.08351801335811615
4364,0.12693798542022705
4365,0.1429850310087204
4366,0.1470203548669815
4367,0.15318968892097473
4368,0.07627622038125992
4369,0.13031013309955597
4370,0.16177739202976227
4371,0.22299574315547943
4372,0.24397259950637817
4373,0.17891336977481842
4374,0.12528184056282043
4375,0.10951036959886551
4376,0.08605334907770157
4377,0.0916186049580574
4378,0.1267668753862381
4379,0.123325414955616
4380,0.1002160906791687
4381,0.12314599007368088
4382,0.1535404473543167
4383,0.1426444798707962
4384,0.09933178126811981
4385,0.17835265398025513
4386,0.13358570635318756
4387,0.14758174121379852
4388,0.07175146043300629
4389,0.08030588924884796
4390,0.07399792224168777
4391,0.07052309811115265
4392,0.08223935961723328
4393,0.06485863029956818
4394,0.09757417440414429
4395,0.062385547906160355
4396,0.14791317284107208
4397,0.057721205055713654
4398,0.09504299610853195
4399,0.10421121120452881
4400,0.14362753927707672
4401,0.13481827080249786
4402,0.1333087682723999
4403,0.18082211911678314
4404,0.11095606535673141
4405,0.1444101780653
4406,0.09146647900342941
4407,0.12729601562023163
4408,0.16435939073562622
4409,0.09846685081720352
4410,0.10230046510696411
4411,0.1388026922941208
4412,0.12611162662506104
4413,0.21157777309417725
4414,0.17303064465522766
4415,0.2109903246164322
4416,0.24219784140586853
4417,0.23134183883666992
4418,0.1975594311952591
4419,0.17026185989379883
4420,0.13024669885635376
4421,0.11673039197921753
4422,0.13486237823963165
4423,0.1707916259765625
4424,0.20148198306560516
4425,0.13336899876594543
4426,0.12110922485589981
4427,0.1515585482120514
4428,0.14057683944702148
4429,0.14261135458946228
4430,0.1559460461139679
4431,0.17269738018512726
4432,0.18331167101860046
4433,0.19045045971870422
4434,0.13754330575466156
4435,0.12147457152605057
4436,0.10838480293750763
4437,0.11605934053659439
4438,0.110760897397995
4439,0.08668024092912674
4440,0.15843889117240906
4441,0.06058812886476517
4442,0.09201187640428543
4443,0.1741391122341156
4444,0.1557057648897171
4445,0.127033069729805
4446,0.12668362259864807
4447,0.09932441264390945
4448,0.07755442708730698
4449,0.13828745484352112
4450,0.08226437121629715
4451,0.09881321340799332
4452,0.15086695551872253
4453,0.13042308390140533
4454,0.12084910273551941
4455,0.1400631219148636
4456,0.1349819004535675
4457,0.10632455348968506
4458,0.1257765144109726
4459,0.07131191343069077
4460,0.12291526049375534
4461,0.05769249051809311
4462,0.15151077508926392
4463,0.11465553194284439
4464,0.1148320734500885
4465,0.07762789726257324
4466,0.04667447507381439
4467,0.08482378721237183
4468,0.20253196358680725
4469,0.25346559286117554
4470,0.15724019706249237
4471,0.12501421570777893
4472,0.1753634214401245
4473,0.10838237404823303
4474,0.08227851241827011
4475,0.08374736458063126
4476,0.1873341202735901
4477,0.13474923372268677
4478,0.2047169953584671
4479,0.10324224829673767
4480,0.17057566344738007
4481,0.12434467673301697
4482,0.1967126727104187
4483,0.12877418100833893
4484,0.09014545381069183
4485,0.09025313705205917
4486,0.10200295597314835
4487,0.1571136862039566
4488,0.2343994826078415
4489,0.19549766182899475
4490,0.1862594485282898
4491,0.1826649308204651
4492,0.13081952929496765
4493,0.12631437182426453
4494,0.09236454963684082
4495,0.12469693273305893
4496,0.11633380502462387
4497,0.10574757307767868
4498,0.07218234241008759
4499,0.0800645723938942
4500,0.11328069120645523
4501,0.14367423951625824
4502,0.152582585811615
4503,0.1361394077539444
4504,0.10057690739631653
4505,0.10814119875431061
4506,0.057138293981552124
4507,0.13713952898979187
4508,0.08243224024772644
4509,0.07905454933643341
4510,0.1012299582362175
4511,0.10934782773256302
4512,0.0895656943321228
4513,0.09425393491983414
4514,0.15310165286064148
4515,0.10180466622114182
4516,0.08584504574537277
4517,0.1882917284965515
4518,0.13429397344589233
4519,0.1749293953180313
4520,0.11169426888227463
4521,0.11346957832574844
4522,0.1398840844631195
4523,0.10501953214406967
4524,0.08886750042438507
4525,0.12073584645986557
4526,0.15982195734977722
4527,0.1475340574979782
4528,0.12370489537715912
4529,0.1604021042585373
4530,0.16116489470005035
4531,0.12812654674053192
4532,0.12434912472963333
4533,0.11435350030660629
4534,0.10281764715909958
4535,0.13749071955680847
4536,0.1470271199941635
4537,0.12488055229187012
4538,0.11259276419878006
4539,0.07297962158918381
4540,0.09442588686943054
4541,0.0642274022102356
4542,0.11232860386371613
4543,0.0807478129863739
4544,0.10336459428071976
4545,0.0712709128856659
4546,0.11410286277532578
4547,0.10472892224788666
4548,0.18316802382469177
4549,0.15343615412712097
4550,0.13935188949108124
4551,0.16324886679649353
4552,0.15858764946460724
4553,0.14498591423034668
4554,0.17789912223815918
4555,0.15444429218769073
4556,0.14299605786800385
4557,0.22684429585933685
4558,0.17430074512958527
4559,0.18767768144607544
4560,0.12411372363567352
4561,0.12315492331981659
4562,0.07647810131311417
4563,0.10359792411327362
4564,0.123741015791893
4565,0.11780610680580139
4566,0.09751536697149277
4567,0.0998762771487236
4568,0.0761730745434761
4569,0.0744844600558281
4570,0.09013975411653519
4571,0.08938256651163101
4572,0.0634695291519165
4573,0.07028135657310486
4574,0.18345318734645844
4575,0.10116010904312134
4576,0.08230879157781601
4577,0.11096082627773285
4578,0.10967173427343369
4579,0.12692396342754364
4580,0.12092643231153488
4581,0.08140906691551208
4582,0.10523594915866852
4583,0.07553336769342422
4584,0.1014394760131836
4585,0.08917304873466492
4586,0.08948363363742828
4587,0.14365321397781372
4588,0.10115092992782593
4589,0.15880292654037476
4590,0.12570102512836456
4591,0.05774904042482376
4592,0.14457941055297852
4593,0.06620369851589203
4594,0.07861560583114624
4595,0.07841379195451736
4596,0.11092708259820938
4597,0.08404388278722763
4598,0.08138615638017654
4599,0.08466710150241852
4600,0.07359863817691803
4601,0.07868761569261551
4602,0.058015719056129456
4603,0.09303521364927292
4604,0.07745039463043213
4605,0.09662388265132904
4606,0.0880109965801239
4607,0.14757022261619568
4608,0.18466199934482574
4609,0.14510753750801086
4610,0.17108221352100372
4611,0.09453900903463364
4612,0.1062968298792839
4613,0.13908766210079193
4614,0.08888519555330276
4615,0.1143815889954567
4616,0.08011390268802643
4617,0.11657066643238068
4618,0.09078414738178253
4619,0.07000674307346344
4620,0.12993891537189484
4621,0.09140364825725555
4622,0.10128622502088547
4623,0.1916937530040741
4624,0.08599729835987091
4625,0.05986452475190163
4626,0.07281068712472916
4627,0.0967511534690857
4628,0.11963159590959549
4629,0.07948186248540878
4630,0.14474469423294067
4631,0.07110537588596344
4632,0.14015722274780273
4633,0.09469020366668701
4634,0.0768790990114212
4635,0.06872468441724777
4636,0.10660022497177124
4637,0.11603356152772903
4638,0.13807900249958038
4639,0.12319563329219818
4640,0.0735449343919754
4641,0.0980687066912651
4642,0.1652214527130127
4643,0.14748059213161469
4644,0.10530120879411697
4645,0.07889632135629654
4646,0.07782617211341858
4647,0.09700576215982437
4648,0.09575073421001434
4649,0.13844099640846252
4650,0.11344581842422485
4651,0.19399739801883698
4652,0.13961197435855865
4653,0.1360977739095688
4654,0.12508940696716309
4655,0.1519051492214203
4656,0.11134159564971924
4657,0.09886867552995682
4658,0.13580097258090973
4659,0.15379108488559723
4660,0.123804971575737
4661,0.10577854514122009
4662,0.15767720341682434
4663,0.1900583654642105
4664,0.09449763596057892
4665,0.08918722718954086
4666,0.08764567971229553
4667,0.07355082035064697
4668,0.09532986581325531
4669,0.07858406752347946
4670,0.0528951920568943
4671,0.1316901594400406
4672,0.11142685264348984
4673,0.11481621861457825
4674,0.0722343698143959
4675,0.09639149159193039
4676,0.10057608038187027
4677,0.19065749645233154
4678,0.1081584021449089
4679,0.14484167098999023
4680,0.17578361928462982
4681,0.09468242526054382
4682,0.06814520806074142
4683,0.06596579402685165
4684,0.12671419978141785
4685,0.10538188368082047
4686,0.0942746251821518
4687,0.13015133142471313
4688,0.07957196980714798
4689,0.07954392582178116
4690,0.09836136549711227
4691,0.1419740468263626
4692,0.044700704514980316
4693,0.060341883450746536
4694,0.10127833485603333
4695,0.07397483289241791
4696,0.09971717745065689
4697,0.08868876844644547
4698,0.21620753407478333
4699,0.155025914311409
4700,0.16265955567359924
4701,0.09952214360237122
4702,0.11758924275636673
4703,0.11430245637893677
4704,0.12216537445783615
4705,0.13918375968933105
4706,0.12174719572067261
4707,0.14186865091323853
4708,0.13751673698425293
4709,0.0938040241599083
4710,0.19053992629051208
4711,0.10526922345161438
4712,0.12220583856105804
4713,0.1399911642074585
4714,0.09972643107175827
4715,0.09157180041074753
4716,0.10933168232440948
4717,0.1179303228855133
4718,0.12458645552396774
4719,0.10630601644515991
4720,0.09115514159202576
4721,0.09915708005428314
4722,0.13397455215454102
4723,0.13636785745620728
4724,0.08255478739738464
4725,0.04248090833425522
4726,0.11216215789318085
4727,0.19056035578250885
4728,0.06442351639270782
4729,0.1976960301399231
4730,0.08701373636722565
4731,0.12872079014778137
4732,0.08516693115234375
4733,0.07549852132797241
4734,0.08004795014858246
4735,0.09567607194185257
4736,0.2020970731973648
4737,0.08936221152544022
4738,0.09861572086811066
4739,0.0752916932106018
4740,0.07331328094005585
4741,0.15328729152679443
4742,0.10388949513435364
4743,0.09436600655317307
4744,0.11721660196781158
4745,0.08155311644077301
4746,0.11202432215213776
4747,0.09260867536067963
4748,0.1304830014705658
4749,0.16337576508522034
4750,0.10144415497779846
4751,0.09450435638427734
4752,0.13599638640880585
4753,0.15589363873004913
4754,0.15839938819408417
4755,0.1698400378227234
4756,0.1360619068145752
4757,0.21450453996658325
4758,0.17243735492229462
4759,0.0999491810798645
4760,0.1343660056591034
4761,0.10230980068445206
4762,0.21297837793827057
4763,0.1497097611427307
4764,0.14373581111431122
4765,0.10389113426208496
4766,0.11345703899860382
4767,0.07418716698884964
4768,0.10743515193462372
4769,0.16195257008075714
4770,0.14938192069530487
4771,0.08244265615940094
4772,0.07989318668842316
4773,0.10252571105957031
4774,0.07109975814819336
4775,0.11575378477573395
4776,0.062344666570425034
4777,0.07844968140125275
4778,0.08804529160261154
4779,0.13717597723007202
4780,0.1379098892211914
4781,0.09794272482395172
4782,0.08091410249471664
4783,0.07292427867650986
4784,0.10794740915298462
4785,0.05563332885503769
4786,0.05800826475024223
4787,0.06065372750163078
4788,0.1133524626493454
4789,0.13581927120685577
4790,0.0841112732887268
4791,0.1076720729470253
4792,0.10115893185138702
4793,0.09995671361684799
4794,0.1078873872756958
4795,0.06520742923021317
4796,0.0836658850312233
4797,0.14067459106445312
4798,0.1181802749633789
4799,0.06575097143650055
4800,0.08762748539447784
4801,0.10467611998319626
4802,0.09404729306697845
4803,0.10956571251153946
4804,0.11993980407714844
4805,0.2410183995962143
4806,0.10797515511512756
4807,0.12367792427539825
4808,0.08999404311180115
4809,0.14927156269550323
4810,0.0989743322134018
4811,0.11859944462776184
4812,0.2206651270389557
4813,0.18550913035869598
4814,0.20344357192516327
4815,0.11898035556077957
4816,0.13365645706653595
4817,0.16944611072540283
4818,0.17971697449684143
4819,0.09435174614191055
4820,0.10797940194606781
4821,0.07433506846427917
4822,0.12035369873046875
4823,0.09959723800420761
4824,0.20797987282276154
4825,0.11344025284051895
4826,0.11540618538856506
4827,0.11587734520435333
4828,0.09935206919908524
4829,0.10332275182008743
4830,0.17634494602680206
4831,0.17932729423046112
4832,0.1701541244983673
4833,0.15325772762298584
4834,0.15389218926429749
4835,0.107851043343544
4836,0.11201383918523788
4837,0.15974397957324982
4838,0.1513112187385559
4839,0.13850417733192444
4840,0.12492858618497849
4841,0.15170563757419586
4842,0.1640530824661255
4843,0.154655322432518
4844,0.11118319630622864
4845,0.05542982369661331
4846,0.09317072480916977
4847,0.054964639246463776
4848,0.1188398152589798
4849,0.12732821702957153
4850,0.0879468321800232
4851,0.1808791160583496
4852,0.19685207307338715
4853,0.20667046308517456
4854,0.1676355004310608
4855,0.15265566110610962
4856,0.17713125050067902
4857,0.12143748998641968
4858,0.07785912603139877
4859,0.0665116086602211
4860,0.11287884414196014
4861,0.11117469519376755
4862,0.14425767958164215
4863,0.13242872059345245
4864,0.09244690835475922
4865,0.05124817043542862
4866,0.07346075773239136
4867,0.0695200264453888
4868,0.15590950846672058
4869,0.12287741899490356
4870,0.1750517338514328
4871,0.06829200685024261
4872,0.12699855864048004
4873,0.10295087844133377
4874,0.04842682182788849
4875,0.1218385323882103
4876,0.09779699146747589
4877,0.060896359384059906
4878,0.09378917515277863
4879,0.11218409240245819
4880,0.11979424953460693
4881,0.13494935631752014
4882,0.13768912851810455
4883,0.12101724743843079
4884,0.14044104516506195
4885,0.09926989674568176
4886,0.13139545917510986
4887,0.1032245084643364
4888,0.083576999604702
4889,0.13904686272144318
4890,0.10278885811567307
4891,0.08717284351587296
4892,0.08177018165588379
4893,0.13067978620529175
4894,0.0873786211013794
4895,0.13509535789489746
4896,0.14681419730186462
4897,0.10398513823747635
4898,0.1568833589553833
4899,0.33239445090293884
4900,0.2920513153076172
4901,0.13611692190170288
4902,0.3108595907688141
4903,0.1650763750076294
4904,0.23266825079917908
4905,0.1960451900959015
4906,0.1555541753768921
4907,0.22654160857200623
4908,0.202785462141037
4909,0.17334318161010742
4910,0.20024345815181732
4911,0.15026284754276276
4912,0.24560357630252838
4913,0.15024569630622864
4914,0.15978676080703735
4915,0.11636023968458176
4916,0.13248074054718018
4917,0.09720592945814133
4918,0.08546463400125504
4919,0.07787016034126282
4920,0.15711382031440735
4921,0.08285310119390488
4922,0.10142950713634491
4923,0.10331480205059052
4924,0.07851599156856537
4925,0.08318058401346207
4926,0.12358789891004562
4927,0.1567421406507492
4928,0.16410605609416962
4929,0.1990486979484558
4930,0.17305997014045715
4931,0.18617860972881317
4932,0.17427150905132294
4933,0.12643906474113464
4934,0.10298769921064377
4935,0.11388326436281204
4936,0.14579123258590698
4937,0.22009369730949402
4938,0.1620643585920334
4939,0.17478054761886597
4940,0.20392070710659027
4941,0.15636633336544037
4942,0.15795102715492249
4943,0.1049100011587143
4944,0.1432993859052658
4945,0.14588314294815063
4946,0.14093716442584991
4947,0.1649562269449234
4948,0.13933655619621277
4949,0.1956157386302948
4950,0.2136063128709793
4951,0.203865185379982
4952,0.23311451077461243
4953,0.21646328270435333
4954,0.17725704610347748
4955,0.10656798630952835
4956,0.09707667678594589
4957,0.14951620995998383
4958,0.07090351730585098
4959,0.11994758993387222
4960,0.061042290180921555
4961,0.11138997226953506
4962,0.10139282792806625
4963,0.08508365601301193
4964,0.12148374319076538
4965,0.12209450453519821
4966,0.11648538708686829
4967,0.06908512115478516
4968,0.1103096604347229
4969,0.10696325451135635
4970,0.17700038850307465
4971,0.1482989490032196
4972,0.14310912787914276
4973,0.16785065829753876
4974,0.23556703329086304
4975,0.09782205522060394
4976,0.14149928092956543
4977,0.2073473334312439
4978,0.18123462796211243
4979,0.12365800142288208
4980,0.12077219784259796
4981,0.11633653938770294
4982,0.13888339698314667
4983,0.1378321647644043
4984,0.08748894929885864
4985,0.18113449215888977
4986,0.1424543857574463
4987,0.09145396202802658
4988,0.08272204548120499
4989,0.10954504460096359
4990,0.10679672658443451
4991,0.06316348165273666
4992,0.09817873686552048
4993,0.08128131181001663
4994,0.08590316772460938
4995,0.06756126880645752
4996,0.06866906583309174
4997,0.1101289689540863
4998,0.06094622611999512
4999,0.16980230808258057
5000,0.134841650724411
5001,0.055534183979034424
5002,0.12891948223114014
5003,0.15938091278076172
5004,0.12424510717391968
5005,0.13560406863689423
5006,0.18858884274959564
5007,0.1118246540427208
5008,0.16470102965831757
5009,0.12831227481365204
5010,0.16887211799621582
5011,0.2369382530450821
5012,0.15037080645561218
5013,0.21602170169353485
5014,0.17323437333106995
5015,0.12906673550605774
5016,0.11096032708883286
5017,0.13465678691864014
5018,0.112521231174469
5019,0.268749475479126
5020,0.18002291023731232
5021,0.1499354988336563
5022,0.07048837095499039
5023,0.093170166015625
5024,0.08193385601043701
5025,0.09279482066631317
5026,0.11206326633691788
5027,0.07916723191738129
5028,0.16059444844722748
5029,0.1087012067437172
5030,0.10589826852083206
5031,0.11929240822792053
5032,0.12325721234083176
5033,0.11549609154462814
5034,0.16822542250156403
5035,0.17684297263622284
5036,0.11108401417732239
5037,0.15666364133358002
5038,0.1427217274904251
5039,0.13764101266860962
5040,0.10002335160970688
5041,0.06437362730503082
5042,0.1776161640882492
5043,0.15419049561023712
5044,0.12292344868183136
5045,0.17129947245121002
5046,0.1145092323422432
5047,0.07433300465345383
5048,0.10933808237314224
5049,0.10772474110126495
5050,0.1508641391992569
5051,0.09452444314956665
5052,0.1282055675983429
5053,0.11338837444782257
5054,0.08830206841230392
5055,0.07586109638214111
5056,0.11572321504354477
5057,0.11061802506446838
5058,0.1227341964840889
5059,0.11124049127101898
5060,0.1304103285074234
5061,0.08997807651758194
5062,0.06489155441522598
5063,0.08662204444408417
5064,0.08750760555267334
5065,0.13835926353931427
5066,0.08743438869714737
5067,0.12382124364376068
5068,0.151163250207901
5069,0.08721860498189926
5070,0.12481266260147095
5071,0.11463613063097
5072,0.11985545605421066
5073,0.1370229721069336
5074,0.12279735505580902
5075,0.09729383140802383
5076,0.11460735648870468
5077,0.1861235499382019
5078,0.12219765782356262
5079,0.19572463631629944
5080,0.15485474467277527
5081,0.12141764909029007
5082,0.08793005347251892
5083,0.20277836918830872
5084,0.08958368003368378
5085,0.12507696449756622
5086,0.12618432939052582
5087,0.09680745005607605
5088,0.10368309915065765
5089,0.14209303259849548
5090,0.13772052526474
5091,0.165591761469841
5092,0.12566664814949036
5093,0.11481226235628128
5094,0.11421611905097961
5095,0.07460597902536392
5096,0.09869877994060516
5097,0.08607789129018784
5098,0.08981230854988098
5099,0.1362852156162262
5100,0.10876516252756119
5101,0.13747690618038177
5102,0.095500148832798
5103,0.08374202996492386
5104,0.16236315667629242
5105,0.1214970275759697
5106,0.12462638318538666
5107,0.1718364804983139
5108,0.16786830127239227
5109,0.14604993164539337
5110,0.11194641888141632
5111,0.11342958360910416
5112,0.1740105003118515
5113,0.14993758499622345
5114,0.1784576177597046
5115,0.1349976509809494
5116,0.17214757204055786
5117,0.1440456658601761
5118,0.11214128881692886
5119,0.08896766602993011
5120,0.08331744372844696
5121,0.11132781952619553
5122,0.10911344736814499
5123,0.12484976649284363
5124,0.0692162737250328
5125,0.16625991463661194
5126,0.17084228992462158
5127,0.09131453186273575
5128,0.09022749215364456
5129,0.10750777274370193
5130,0.10132092237472534
5131,0.12513591349124908
5132,0.10892422497272491
5133,0.10305517166852951
5134,0.09137410670518875
5135,0.1479775309562683
5136,0.10924705117940903
5137,0.1468689888715744
5138,0.12565895915031433
5139,0.07072823494672775
5140,0.06018747016787529
5141,0.07234559953212738
5142,0.12746009230613708
5143,0.09846413880586624
5144,0.0956135168671608
5145,0.13238725066184998
5146,0.1547466516494751
5147,0.13747161626815796
5148,0.1285533607006073
5149,0.13002687692642212
5150,0.13843806087970734
5151,0.08858728408813477
5152,0.10911538451910019
5153,0.15738125145435333
5154,0.08482138812541962
5155,0.09041954576969147
5156,0.1097707599401474
5157,0.15742851793766022
5158,0.13717195391654968
5159,0.22979508340358734
5160,0.18417738378047943
5161,0.14999885857105255
5162,0.1266000121831894
5163,0.10091487318277359
5164,0.07570937275886536
5165,0.14301861822605133
5166,0.09304402768611908
5167,0.09536001831293106
5168,0.111424021422863
5169,0.16549676656723022
5170,0.1594974398612976
5171,0.15624763071537018
5172,0.1031007170677185
5173,0.08861900120973587
5174,0.09978169947862625
5175,0.09108895808458328
5176,0.12717297673225403
5177,0.1058700904250145
5178,0.15135669708251953
5179,0.11306481063365936
5180,0.1114593967795372
5181,0.12594561278820038
5182,0.12618330121040344
5183,0.09170310944318771
5184,0.11034606397151947
5185,0.11491303890943527
5186,0.07646367698907852
5187,0.10203743726015091
5188,0.119710773229599
5189,0.06723629683256149
5190,0.08942355960607529
5191,0.08685304969549179
5192,0.07090883702039719
5193,0.09590435773134232
5194,0.0747009739279747
5195,0.11392805725336075
5196,0.07666463404893875
5197,0.1271776407957077
5198,0.10918746888637543
5199,0.08157698810100555
5200,0.062356963753700256
5201,0.07998663187026978
5202,0.11651143431663513
5203,0.11813480406999588
5204,0.20298588275909424
5205,0.12639036774635315
5206,0.09805705398321152
5207,0.13561636209487915
5208,0.20551320910453796
5209,0.09682495892047882
5210,0.21295814216136932
5211,0.10333576798439026
5212,0.0957862064242363
5213,0.08190420269966125
5214,0.12930072844028473
5215,0.1910063624382019
5216,0.17733198404312134
5217,0.06943638622760773
5218,0.07535296678543091
5219,0.1083042249083519
5220,0.155196413397789
5221,0.10237539559602737
5222,0.17118774354457855
5223,0.19100452959537506
5224,0.1812543123960495
5225,0.09744156152009964
5226,0.16048666834831238
5227,0.11596095561981201
5228,0.12985767424106598
5229,0.15731050074100494
5230,0.20502720773220062
5231,0.4030953347682953
5232,0.24547721445560455
5233,0.3045322895050049
5234,0.20597177743911743
5235,0.2760656476020813
5236,0.30953967571258545
5237,0.2546151876449585
5238,0.21231681108474731
5239,0.24449092149734497
5240,0.27589717507362366
5241,0.36455249786376953
5242,0.4890943765640259
5243,0.45924049615859985
5244,0.3601912260055542
5245,0.22611190378665924
5246,0.16872431337833405
5247,0.19010302424430847
5248,0.20825591683387756
5249,0.19815264642238617
5250,0.2609712481498718
5251,0.23621417582035065
5252,0.31829002499580383
5253,0.28832340240478516
5254,0.25062504410743713
5255,0.16426223516464233
5256,0.13912717998027802
5257,0.15212345123291016
5258,0.15415877103805542
5259,0.19714166224002838
5260,0.16777369379997253
5261,0.12025053054094315
5262,0.1597684621810913
5263,0.16831059753894806
5264,0.1772654950618744
5265,0.07209408283233643
5266,0.08228456228971481
5267,0.059764377772808075
5268,0.08663751929998398
5269,0.10620857030153275
5270,0.10454923659563065
5271,0.07260466367006302
5272,0.11971281468868256
5273,0.11145325005054474
5274,0.14313393831253052
5275,0.13056567311286926
5276,0.10497889667749405
5277,0.12383663654327393
5278,0.15971282124519348
5279,0.09788423776626587
5280,0.16041256487369537
5281,0.13068018853664398
5282,0.13729773461818695
5283,0.15669947862625122
5284,0.16206268966197968
5285,0.1433563530445099
5286,0.17035697400569916
5287,0.14256344735622406
5288,0.1910250037908554
5289,0.17692697048187256
5290,0.13626261055469513
5291,0.10705025494098663
5292,0.1194930300116539
5293,0.07977498322725296
5294,0.1290249526500702
5295,0.11903166025876999
5296,0.1224856823682785
5297,0.1344425529241562
5298,0.1114305704832077
5299,0.13698674738407135
5300,0.14006085693836212
5301,0.1507711410522461
5302,0.1657944917678833
5303,0.16865001618862152
5304,0.13845045864582062
5305,0.19580084085464478
5306,0.21776072680950165
5307,0.1895597130060196
5308,0.14956675469875336
5309,0.17823179066181183
5310,0.17718759179115295
5311,0.19082826375961304
5312,0.1732616126537323
5313,0.24644283950328827
5314,0.13483689725399017
5315,0.1963413655757904
5316,0.14864856004714966
5317,0.1289711743593216
5318,0.12191997468471527
5319,0.14355836808681488
5320,0.1228877604007721
5321,0.20621357858181
5322,0.1525217741727829
5323,0.10713169723749161
5324,0.1128985583782196
5325,0.08411499857902527
5326,0.14798913896083832
5327,0.07707341760396957
5328,0.10056374222040176
5329,0.05837661400437355
5330,0.058968521654605865
5331,0.11221751570701599
5332,0.11677645891904831
5333,0.08832470327615738
5334,0.1316075474023819
5335,0.13024690747261047
5336,0.13724371790885925
5337,0.13276880979537964
5338,0.20818036794662476
5339,0.1672137975692749
5340,0.142835795879364
5341,0.14094045758247375
5342,0.15090756118297577
5343,0.11367730051279068
5344,0.09213414043188095
5345,0.13056756556034088
5346,0.09058041870594025
5347,0.0768098309636116
5348,0.11198591440916061
5349,0.09698531776666641
5350,0.12247318774461746
5351,0.14849525690078735
5352,0.07193013280630112
5353,0.10969360917806625
5354,0.07984546571969986
5355,0.11084084212779999
5356,0.12584812939167023
5357,0.19974194467067719
5358,0.11780852824449539
5359,0.09750041365623474
5360,0.10040304809808731
5361,0.15505753457546234
5362,0.2104443609714508
5363,0.08967123925685883
5364,0.1809428632259369
5365,0.11034391075372696
5366,0.10264401137828827
5367,0.10720406472682953
5368,0.1312549114227295
5369,0.15604069828987122
5370,0.12529946863651276
5371,0.0877334475517273
5372,0.15113726258277893
5373,0.0817980244755745
5374,0.13360907137393951
5375,0.1677251160144806
5376,0.15192213654518127
5377,0.1514870822429657
5378,0.13387970626354218
5379,0.15845340490341187
5380,0.16667155921459198
5381,0.11304813623428345
5382,0.09119068086147308
5383,0.15803857147693634
5384,0.1536160111427307
5385,0.13471032679080963
5386,0.06821752339601517
5387,0.10198567062616348
5388,0.14297457039356232
5389,0.15745127201080322
5390,0.13614234328269958
5391,0.17657499015331268
5392,0.1466665416955948
5393,0.1612773984670639
5394,0.19517573714256287
5395,0.1475619673728943
5396,0.10979664325714111
5397,0.139026939868927
5398,0.13534680008888245
5399,0.08530038595199585
5400,0.13150915503501892
5401,0.11469017714262009
5402,0.0842832550406456
5403,0.10521251708269119
5404,0.08340557664632797
5405,0.09741126000881195
5406,0.1094648689031601
5407,0.12064730376005173
5408,0.1010000929236412
5409,0.11976207792758942
5410,0.07285332679748535
5411,0.10849127173423767
5412,0.09376205503940582
5413,0.0944778323173523
5414,0.08510097116231918
5415,0.09317848831415176
5416,0.0668981596827507
5417,0.1428491473197937
5418,0.1287594437599182
5419,0.1362939327955246
5420,0.054755084216594696
5421,0.12521164119243622
5422,0.12691335380077362
5423,0.08457966893911362
5424,0.1280059665441513
5425,0.1350846141576767
5426,0.19923514127731323
5427,0.20131446421146393
5428,0.20059746503829956
5429,0.1662919521331787
5430,0.1567789763212204
5431,0.14300334453582764
5432,0.1629449874162674
5433,0.21022680401802063
5434,0.14392945170402527
5435,0.13658498227596283
5436,0.09804793447256088
5437,0.11928704380989075
5438,0.15841586887836456
5439,0.1450098156929016
5440,0.15755997598171234
5441,0.12558050453662872
5442,0.15208026766777039
5443,0.18188977241516113
5444,0.1374644637107849
5445,0.1718687266111374
5446,0.1777222752571106
5447,0.12311714887619019
5448,0.14823363721370697
5449,0.11013680696487427
5450,0.11610139906406403
5451,0.11622698605060577
5452,0.12450820952653885
5453,0.11976543068885803
5454,0.14766064286231995
5455,0.12181461602449417
5456,0.11188048869371414
5457,0.0618906132876873
5458,0.1874609887599945
5459,0.13263055682182312
5460,0.13193067908287048
5461,0.178364098072052
5462,0.14201876521110535
5463,0.1139114648103714
5464,0.129124715924263
5465,0.09988829493522644
5466,0.14198291301727295
5467,0.1499035805463791
5468,0.150085911154747
5469,0.1485406905412674
5470,0.13297118246555328
5471,0.09460057318210602
5472,0.12557001411914825
5473,0.0957551896572113
5474,0.08407550305128098
5475,0.088481105864048
5476,0.12408977001905441
5477,0.19039146602153778
5478,0.10510168969631195
5479,0.0971943661570549
5480,0.14212848246097565
5481,0.0742240771651268
5482,0.09242857247591019
5483,0.11059366911649704
5484,0.1443937122821808
5485,0.14867325127124786
5486,0.14260999858379364
5487,0.14829425513744354
5488,0.1737230271100998
5489,0.12442787736654282
5490,0.12905922532081604
5491,0.1308005452156067
5492,0.15569664537906647
5493,0.16647401452064514
5494,0.25115811824798584
5495,0.2841838002204895
5496,0.27458980679512024
5497,0.2350381761789322
5498,0.19405388832092285
5499,0.21393994987010956
5500,0.13663488626480103
5501,0.176431804895401
5502,0.19120870530605316
5503,0.16915883123874664
5504,0.1782589852809906
5505,0.18218427896499634
5506,0.18158003687858582
5507,0.1821373850107193
5508,0.20576336979866028
5509,0.16433066129684448
5510,0.17088983952999115
5511,0.1670375019311905
5512,0.15660731494426727
5513,0.16136664152145386
5514,0.12927338480949402
5515,0.14811672270298004
5516,0.14570561051368713
5517,0.21715398132801056
5518,0.1975216567516327
5519,0.13373783230781555
5520,0.1134880930185318
5521,0.14084169268608093
5522,0.13305771350860596
5523,0.15589313209056854
5524,0.22837987542152405
5525,0.1275128871202469
5526,0.19103622436523438
5527,0.19550956785678864
5528,0.18638068437576294
5529,0.1201794221997261
5530,0.19425250589847565
5531,0.07849504798650742
5532,0.1279366910457611
5533,0.1484132558107376
5534,0.14938150346279144
5535,0.13793373107910156
5536,0.08246105909347534
5537,0.1322222501039505
5538,0.1121416762471199
5539,0.04739680141210556
5540,0.1284259408712387
5541,0.1517377495765686
5542,0.15609772503376007
5543,0.16020509600639343
5544,0.1743696630001068
5545,0.13455353677272797
5546,0.16314052045345306
5547,0.11859039217233658
5548,0.14140048623085022
5549,0.204702690243721
5550,0.16816197335720062
5551,0.1661001741886139
5552,0.08460583537817001
5553,0.10449358075857162
5554,0.10126307606697083
5555,0.18763524293899536
5556,0.18008935451507568
5557,0.1085226982831955
5558,0.1018899604678154
5559,0.11907657235860825
5560,0.1308545023202896
5561,0.1280614137649536
5562,0.1184234470129013
5563,0.2176728993654251
5564,0.2955510914325714
5565,0.30672577023506165
5566,0.38656529784202576
5567,0.30455002188682556
5568,0.25715523958206177
5569,0.30294790863990784
5570,0.2859577536582947
5571,0.305012047290802
5572,0.3064509332180023
5573,0.27148765325546265
5574,0.28516820073127747
5575,0.28772780299186707
5576,0.35610127449035645
5577,0.2827586531639099
5578,0.2481544464826584
5579,0.24665696918964386
5580,0.28320130705833435
5581,0.1866699755191803
5582,0.2395123541355133
5583,0.3175976872444153
5584,0.2922123074531555
5585,0.3610820174217224
5586,0.3102966845035553
5587,0.23991698026657104
5588,0.18863607943058014
5589,0.13925769925117493
5590,0.1463324874639511
5591,0.23313094675540924
5592,0.19061703979969025
5593,0.24420100450515747
5594,0.16336384415626526
5595,0.20633938908576965
5596,0.12804391980171204
5597,0.10573520511388779
5598,0.15864509344100952
5599,0.16439609229564667
5600,0.15925198793411255
5601,0.17450878024101257
5602,0.13826340436935425
5603,0.16121038794517517
5604,0.17206627130508423
5605,0.13100188970565796
5606,0.13854029774665833
5607,0.14024366438388824
5608,0.1837889403104782
5609,0.17529474198818207
5610,0.19848038256168365
5611,0.13290484249591827
5612,0.13347885012626648
5613,0.09277099370956421
5614,0.1906033456325531
5615,0.18835586309432983
5616,0.1313856989145279
5617,0.14047162234783173
5618,0.17294126749038696
5619,0.19005486369132996
5620,0.16944274306297302
5621,0.1615293025970459
5622,0.22720275819301605
5623,0.23983067274093628
5624,0.23542921245098114
5625,0.1861373782157898
5626,0.22412031888961792
5627,0.1941727101802826
5628,0.23468104004859924
5629,0.25313350558280945
5630,0.22179333865642548
5631,0.18243074417114258
5632,0.19044920802116394
5633,0.18951457738876343
5634,0.19961319863796234
5635,0.18014664947986603
5636,0.2387763261795044
5637,0.1439693570137024
5638,0.1621822714805603
5639,0.0917542576789856
5640,0.12433990836143494
5641,0.19181932508945465
5642,0.22898636758327484
5643,0.14285708963871002
5644,0.22661635279655457
5645,0.13265641033649445
5646,0.1620749831199646
5647,0.1677994430065155
5648,0.09803029894828796
5649,0.0803794413805008
5650,0.11865821480751038
5651,0.11732645332813263
5652,0.10480871796607971
5653,0.1430058777332306
5654,0.1507609635591507
5655,0.08468881249427795
5656,0.12730920314788818
5657,0.14919334650039673
5658,0.17504680156707764
5659,0.16437236964702606
5660,0.15780898928642273
5661,0.12183576077222824
5662,0.13528335094451904
5663,0.11979108303785324
5664,0.112969771027565
5665,0.13246849179267883
5666,0.18457983434200287
5667,0.0858992412686348
5668,0.17259261012077332
5669,0.11805333942174911
5670,0.23168236017227173
5671,0.1515030413866043
5672,0.20767967402935028
5673,0.18593917787075043
5674,0.23041290044784546
5675,0.24304015934467316
5676,0.09024150669574738
5677,0.1397085338830948
5678,0.16571857035160065
5679,0.11965200304985046
5680,0.16022799909114838
5681,0.16618207097053528
5682,0.1471322476863861
5683,0.12944430112838745
5684,0.12979291379451752
5685,0.11551658809185028
5686,0.15070019662380219
5687,0.16234704852104187
5688,0.14737437665462494
5689,0.12956154346466064
5690,0.183376744389534
5691,0.18112137913703918
5692,0.21032565832138062
5693,0.14853103458881378
5694,0.14418722689151764
5695,0.15703828632831573
5696,0.20657342672348022
5697,0.1698891520500183
5698,0.21495741605758667
5699,0.24264201521873474
5700,0.16803815960884094
5701,0.19604988396167755
5702,0.1837845891714096
5703,0.16597606241703033
5704,0.1766035556793213
5705,0.1702457219362259
5706,0.12396787106990814
5707,0.11203306913375854
5708,0.12419253587722778
5709,0.15855063498020172
5710,0.18114282190799713
5711,0.1728125810623169
5712,0.11196840554475784
5713,0.13683627545833588
5714,0.14251597225666046
5715,0.1586354523897171
5716,0.13718567788600922
5717,0.08268594741821289
5718,0.15184536576271057
5719,0.12463930249214172
5720,0.1260114163160324
5721,0.12474153935909271
5722,0.1620250940322876
5723,0.13600949943065643
5724,0.15333226323127747
5725,0.21223773062229156
5726,0.1589144915342331
5727,0.09385602176189423
5728,0.09899816662073135
5729,0.17035572230815887
5730,0.09899680316448212
5731,0.17084859311580658
5732,0.09651517122983932
5733,0.10039396584033966
5734,0.11147786676883698
5735,0.13118495047092438
5736,0.17302386462688446
5737,0.17500357329845428
5738,0.12371042370796204
5739,0.11893464624881744
5740,0.11975064128637314
5741,0.13048553466796875
5742,0.13811899721622467
5743,0.12526459991931915
5744,0.13303543627262115
5745,0.19629211723804474
5746,0.10696995258331299
5747,0.11439540237188339
5748,0.16338077187538147
5749,0.21458089351654053
5750,0.11905412375926971
5751,0.11565016955137253
5752,0.11650753766298294
5753,0.17102834582328796
5754,0.1989508867263794
5755,0.17533861100673676
5756,0.13327635824680328
5757,0.15369580686092377
5758,0.14704440534114838
5759,0.1304098218679428
5760,0.0947122797369957
5761,0.14668725430965424
5762,0.16674724221229553
5763,0.13490773737430573
5764,0.10575058311223984
5765,0.1531977355480194
5766,0.19632190465927124
5767,0.10442216694355011
5768,0.20363886654376984
5769,0.1576043665409088
5770,0.21396709978580475
5771,0.18448689579963684
5772,0.19486762583255768
5773,0.21272318065166473
5774,0.17606225609779358
5775,0.18476802110671997
5776,0.17719349265098572
5777,0.1437416970729828
5778,0.1926245391368866
5779,0.1895582377910614
5780,0.21575219929218292
5781,0.24413280189037323
5782,0.24024832248687744
5783,0.19293606281280518
5784,0.20495696365833282
5785,0.1654200553894043
5786,0.1300121396780014
5787,0.19484052062034607
5788,0.14983133971691132
5789,0.1859331727027893
5790,0.167870432138443
5791,0.15214090049266815
5792,0.13557547330856323
5793,0.2750437557697296
5794,0.15923482179641724
5795,0.19403065741062164
5796,0.14893488585948944
5797,0.14682233333587646
5798,0.07970266789197922
5799,0.11701340228319168
5800,0.13092759251594543
5801,0.16077405214309692
5802,0.17320522665977478
5803,0.1400497555732727
5804,0.08802998065948486
5805,0.16766321659088135
5806,0.12264956533908844
5807,0.09892266243696213
5808,0.08939538151025772
5809,0.10221494734287262
5810,0.13754208385944366
5811,0.19020046293735504
5812,0.1373913288116455
5813,0.14226926863193512
5814,0.13770847022533417
5815,0.11824388056993484
5816,0.15093719959259033
5817,0.09707362204790115
5818,0.14624662697315216
5819,0.12573465704917908
5820,0.09398894757032394
5821,0.11854750663042068
5822,0.17340347170829773
5823,0.1931988000869751
5824,0.20806971192359924
5825,0.21096064150333405
5826,0.21725954115390778
5827,0.13562338054180145
5828,0.1729421764612198
5829,0.21341456472873688
5830,0.149967759847641
5831,0.27787402272224426
5832,0.174850732088089
5833,0.18343596160411835
5834,0.21901796758174896
5835,0.21133552491664886
5836,0.17857961356639862
5837,0.17013025283813477
5838,0.15613006055355072
5839,0.1478642374277115
5840,0.13927428424358368
5841,0.12287063896656036
5842,0.13594749569892883
5843,0.17581979930400848
5844,0.1466197371482849
5845,0.117185577750206
5846,0.1270817369222641
5847,0.1722964197397232
5848,0.1393977254629135
5849,0.2609001398086548
5850,0.13831472396850586
5851,0.13034409284591675
5852,0.1717226207256317
5853,0.16086901724338531
5854,0.1448087990283966
5855,0.09868155419826508
5856,0.1131153330206871
5857,0.0927942544221878
5858,0.13768796622753143
5859,0.12745539844036102
5860,0.1562882959842682
5861,0.12351381778717041
5862,0.08577601611614227
5863,0.12291847169399261
5864,0.08161181956529617
5865,0.2467106133699417
5866,0.1256496012210846
5867,0.11995359510183334
5868,0.07572836428880692
5869,0.06841927021741867
5870,0.0901976227760315
5871,0.1302514523267746
5872,0.09172550588846207
5873,0.08572395145893097
5874,0.10961475223302841
5875,0.12961271405220032
5876,0.14224541187286377
5877,0.14459551870822906
5878,0.13131703436374664
5879,0.11945043504238129
5880,0.19921733438968658
5881,0.124254509806633
5882,0.19932453334331512
5883,0.17165696620941162
5884,0.19335207343101501
5885,0.172796368598938
5886,0.19490626454353333
5887,0.20050889253616333
5888,0.20220112800598145
5889,0.1884932518005371
5890,0.223764568567276
5891,0.19226589798927307
5892,0.19707520306110382
5893,0.16869071125984192
5894,0.10189983248710632
5895,0.07808705419301987
5896,0.15254850685596466
5897,0.13542158901691437
5898,0.09273936599493027
5899,0.08988983929157257
5900,0.0938844233751297
5901,0.10074649006128311
5902,0.1058342456817627
5903,0.17690351605415344
5904,0.19217605888843536
5905,0.10097701102495193
5906,0.07263980805873871
5907,0.10552741587162018
5908,0.06418616324663162
5909,0.09011712670326233
5910,0.11989440768957138
5911,0.1970793455839157
5912,0.22736279666423798
5913,0.21680326759815216
5914,0.19953113794326782
5915,0.1562933474779129
5916,0.13946197926998138
5917,0.1511911004781723
5918,0.19288811087608337
5919,0.16656813025474548
5920,0.126536563038826
5921,0.15794637799263
5922,0.1772095412015915
5923,0.13529498875141144
5924,0.08617453277111053
5925,0.07144222408533096
5926,0.14401406049728394
5927,0.16798405349254608
5928,0.13280527293682098
5929,0.19760917127132416
5930,0.1519530862569809
5931,0.18044669926166534
5932,0.12223941087722778
5933,0.11213168501853943
5934,0.09979467839002609
5935,0.1693768948316574
5936,0.15105539560317993
5937,0.13458427786827087
5938,0.18199074268341064
5939,0.1314152479171753
5940,0.17047923803329468
5941,0.21544143557548523
5942,0.11838594079017639
5943,0.18635718524456024
5944,0.1763174682855606
5945,0.18812371790409088
5946,0.2970438301563263
5947,0.16174477338790894
5948,0.2053258866071701
5949,0.15111850202083588
5950,0.1699276864528656
5951,0.24950136244297028
5952,0.2212042510509491
5953,0.2774483859539032
5954,0.2207857370376587
5955,0.1834973394870758
5956,0.22769606113433838
5957,0.2314969003200531
5958,0.16134507954120636
5959,0.21587137877941132
5960,0.1451682448387146
5961,0.1904204785823822
5962,0.15168608725070953
5963,0.262012243270874
5964,0.3216245472431183
5965,0.3505171239376068
5966,0.2558503746986389
5967,0.18625938892364502
5968,0.12367460131645203
5969,0.13695909082889557
5970,0.12013423442840576
5971,0.21491855382919312
5972,0.2270900011062622
5973,0.22364689409732819
5974,0.17395472526550293
5975,0.20811358094215393
5976,0.24559573829174042
5977,0.18750429153442383
5978,0.21479499340057373
5979,0.12401651591062546
5980,0.14546096324920654
5981,0.15756218135356903
5982,0.21556293964385986
5983,0.2760285437107086
5984,0.15818366408348083
5985,0.09855853021144867
5986,0.10350392758846283
5987,0.15529973804950714
5988,0.15754424035549164
5989,0.12769201397895813
5990,0.10312330722808838
5991,0.09729912132024765
5992,0.15031036734580994
5993,0.1535639464855194
5994,0.11016613245010376
5995,0.14998480677604675
5996,0.20317445695400238
5997,0.20540855824947357
5998,0.19448597729206085
5999,0.1364937275648117
6000,0.1270534247159958
6001,0.13998228311538696
6002,0.13557086884975433
6003,0.11817336082458496
6004,0.13252617418766022
6005,0.18164123594760895
6006,0.15757159888744354
6007,0.17443867027759552
6008,0.15546371042728424
6009,0.1805237978696823
6010,0.15993110835552216
6011,0.1790398359298706
6012,0.20363160967826843
6013,0.16976606845855713
6014,0.16079121828079224
6015,0.13680601119995117
6016,0.20056213438510895
6017,0.18077495694160461
6018,0.19206503033638
6019,0.16475576162338257
6020,0.14685459434986115
6021,0.13235120475292206
6022,0.11560869216918945
6023,0.08857672661542892
6024,0.09624447673559189
6025,0.12131691724061966
6026,0.1134989857673645
6027,0.1123100221157074
6028,0.17563162744045258
6029,0.09895996004343033
6030,0.15161564946174622
6031,0.09410266578197479
6032,0.1876944750547409
6033,0.13242307305335999
6034,0.08712517470121384
6035,0.1054941937327385
6036,0.15455646812915802
6037,0.15069445967674255
6038,0.11916439235210419
6039,0.14516592025756836
6040,0.1930828094482422
6041,0.1566878706216812
6042,0.1538156270980835
6043,0.21057699620723724
6044,0.1697394996881485
6045,0.17152442038059235
6046,0.18522882461547852
6047,0.12280590832233429
6048,0.1816120594739914
6049,0.22287695109844208
6050,0.20323936641216278
6051,0.22279766201972961
6052,0.18661680817604065
6053,0.10866859555244446
6054,0.1731625646352768
6055,0.11993349343538284
6056,0.20052236318588257
6057,0.16905555129051208
6058,0.18970434367656708
6059,0.12226293236017227
6060,0.09466645866632462
6061,0.14493697881698608
6062,0.11267291754484177
6063,0.13694998621940613
6064,0.10840916633605957
6065,0.1185520738363266
6066,0.1113775223493576
6067,0.13273924589157104
6068,0.09830096364021301
6069,0.112474724650383
6070,0.13134819269180298
6071,0.12497570365667343
6072,0.17092573642730713
6073,0.11680722236633301
6074,0.09237171709537506
6075,0.11497518420219421
6076,0.16153007745742798
6077,0.13360771536827087
6078,0.12882356345653534
6079,0.1195417270064354
6080,0.11849845200777054
6081,0.10621580481529236
6082,0.16142340004444122
6083,0.148040309548378
6084,0.17690226435661316
6085,0.09513179957866669
6086,0.1542942076921463
6087,0.15809158980846405
6088,0.17116016149520874
6089,0.11967536062002182
6090,0.15592369437217712
6091,0.11400007456541061
6092,0.15900763869285583
6093,0.1971844583749771
6094,0.21178801357746124
6095,0.173518568277359
6096,0.18580350279808044
6097,0.17915073037147522
6098,0.227139413356781
6099,0.16464054584503174
6100,0.21716037392616272
6101,0.15028774738311768
6102,0.15496164560317993
6103,0.1590002328157425
6104,0.2057795226573944
6105,0.11012673377990723
6106,0.15334203839302063
6107,0.17406664788722992
6108,0.10020480304956436
6109,0.11888721585273743
6110,0.15693382918834686
6111,0.1115192174911499
6112,0.09792536497116089
6113,0.10594698041677475
6114,0.18234695494174957
6115,0.1606351137161255
6116,0.13730287551879883
6117,0.1596331000328064
6118,0.15529128909111023
6119,0.13454866409301758
6120,0.18771100044250488
6121,0.20356474816799164
6122,0.1534656584262848
6123,0.10452966392040253
6124,0.1269131600856781
6125,0.11574435979127884
6126,0.11234701424837112
6127,0.1106586754322052
6128,0.160620778799057
6129,0.1741609424352646
6130,0.2128671556711197
6131,0.1592351794242859
6132,0.1257648468017578
6133,0.16278238594532013
6134,0.20664082467556
6135,0.15100142359733582
6136,0.15434733033180237
6137,0.1307537704706192
6138,0.11122578382492065
6139,0.13594244420528412
6140,0.14663909375667572
6141,0.1536974459886551
6142,0.17341159284114838
6143,0.11012553423643112
6144,0.12162318825721741
6145,0.13294059038162231
6146,0.11666891723871231
6147,0.17051498591899872
6148,0.15166455507278442
6149,0.13520841300487518
6150,0.1998499035835266
6151,0.14557908475399017
6152,0.09679321944713593
6153,0.113326296210289
6154,0.0842897966504097
6155,0.09803562611341476
6156,0.06784398853778839
6157,0.13742557168006897
6158,0.15269114077091217
6159,0.11443515866994858
6160,0.08401979506015778
6161,0.14001944661140442
6162,0.1419074386358261
6163,0.09442634880542755
6164,0.16278645396232605
6165,0.1376265436410904
6166,0.10952974855899811
6167,0.1095864474773407
6168,0.11540330201387405
6169,0.11508312076330185
6170,0.14315609633922577
6171,0.10896199196577072
6172,0.1751357764005661
6173,0.1427820473909378
6174,0.0970357283949852
6175,0.11683949083089828
6176,0.15292122960090637
6177,0.1346278339624405
6178,0.0856289491057396
6179,0.12039117515087128
6180,0.1167352944612503
6181,0.07626640051603317
6182,0.138662189245224
6183,0.11803106218576431
6184,0.09173355251550674
6185,0.11997278779745102
6186,0.08408407866954803
6187,0.1518559455871582
6188,0.189266636967659
6189,0.1793891340494156
6190,0.13878858089447021
6191,0.17816898226737976
6192,0.1666366308927536
6193,0.1715315282344818
6194,0.19363345205783844
6195,0.1983417421579361
6196,0.20204055309295654
6197,0.16642923653125763
6198,0.14710575342178345
6199,0.1547866016626358
6200,0.1948755383491516
6201,0.1670072376728058
6202,0.12139620631933212
6203,0.15022550523281097
6204,0.08002360910177231
6205,0.08230645209550858
6206,0.08762260526418686
6207,0.1477561593055725
6208,0.09997113794088364
6209,0.12906982004642487
6210,0.14167417585849762
6211,0.13481958210468292
6212,0.1414962112903595
6213,0.13788074254989624
6214,0.12945228815078735
6215,0.09809625893831253
6216,0.11675827950239182
6217,0.11042945086956024
6218,0.1800205111503601
6219,0.09162130206823349
6220,0.12804952263832092
6221,0.18223446607589722
6222,0.1546412706375122
6223,0.18138201534748077
6224,0.21111945807933807
6225,0.26605257391929626
6226,0.32200464606285095
6227,0.3549725413322449
6228,0.445741206407547
6229,0.41847750544548035
6230,0.3366495966911316
6231,0.27223217487335205
6232,0.2101396769285202
6233,0.17664705216884613
6234,0.1713641881942749
6235,0.09283207356929779
6236,0.21676820516586304
6237,0.2387915551662445
6238,0.15153047442436218
6239,0.17166024446487427
6240,0.2501937448978424
6241,0.2483838051557541
6242,0.1570741832256317
6243,0.18374468386173248
6244,0.18809011578559875
6245,0.15403904020786285
6246,0.21620617806911469
6247,0.20099365711212158
6248,0.1674179583787918
6249,0.17509645223617554
6250,0.2551286220550537
6251,0.31579333543777466
6252,0.30159708857536316
6253,0.14409711956977844
6254,0.1892765909433365
6255,0.3229578733444214
6256,0.23842035233974457
6257,0.16683515906333923
6258,0.1621483415365219
6259,0.1362450271844864
6260,0.21916544437408447
6261,0.2219449132680893
6262,0.17891563475131989
6263,0.17566849291324615
6264,0.23397237062454224
6265,0.21531392633914948
6266,0.1373690664768219
6267,0.15851972997188568
6268,0.16017840802669525
6269,0.1309550553560257
6270,0.0964120402932167
6271,0.21097201108932495
6272,0.13439008593559265
6273,0.1527014523744583
6274,0.14861540496349335
6275,0.1421014368534088
6276,0.10722070187330246
6277,0.21453487873077393
6278,0.19968284666538239
6279,0.10615649819374084
6280,0.1802091747522354
6281,0.1821848452091217
6282,0.11492816358804703
6283,0.11387380957603455
6284,0.21035125851631165
6285,0.1137426421046257
6286,0.18556110560894012
6287,0.17996618151664734
6288,0.21414847671985626
6289,0.15477606654167175
6290,0.21638920903205872
6291,0.14577817916870117
6292,0.1575482338666916
6293,0.2108980268239975
6294,0.16663634777069092
6295,0.2254844456911087
6296,0.2501235008239746
6297,0.18148773908615112
6298,0.19942788779735565
6299,0.17461538314819336
6300,0.21514111757278442
6301,0.15709950029850006
6302,0.20967690646648407
6303,0.1715027391910553
6304,0.18798118829727173
6305,0.1645166277885437
6306,0.23286627233028412
6307,0.22589537501335144
6308,0.2333136647939682
6309,0.12039372324943542
6310,0.21113331615924835
6311,0.2265619933605194
6312,0.14855509996414185
6313,0.19482463598251343
6314,0.14540357887744904
6315,0.13205492496490479
6316,0.18608543276786804
6317,0.17372943460941315
6318,0.18365591764450073
6319,0.21369712054729462
6320,0.19088709354400635
6321,0.24054573476314545
6322,0.2378777116537094
6323,0.2041701078414917
6324,0.1286405324935913
6325,0.16773125529289246
6326,0.16182038187980652
6327,0.13737697899341583
6328,0.1383950561285019
6329,0.1559169441461563
6330,0.20086771249771118
6331,0.28745362162590027
6332,0.1300121247768402
6333,0.14994442462921143
6334,0.16707967221736908
6335,0.22719524800777435
6336,0.14815384149551392
6337,0.17107123136520386
6338,0.09105455875396729
6339,0.1683587282896042
6340,0.1220441684126854
6341,0.12026197463274002
6342,0.19488513469696045
6343,0.15601412951946259
6344,0.10992472618818283
6345,0.20437563955783844
6346,0.1487482190132141
6347,0.21528276801109314
6348,0.16087456047534943
6349,0.08463156223297119
6350,0.1569075733423233
6351,0.17297717928886414
6352,0.19009149074554443
6353,0.18849444389343262
6354,0.2635495364665985
6355,0.17505469918251038
6356,0.23126229643821716
6357,0.15131254494190216
6358,0.23892007768154144
6359,0.22030194103717804
6360,0.1479308307170868
6361,0.18513497710227966
6362,0.13615146279335022
6363,0.18965554237365723
6364,0.24147944152355194
6365,0.28712978959083557
6366,0.16980446875095367
6367,0.19949832558631897
6368,0.19006137549877167
6369,0.1628965586423874
6370,0.14277511835098267
6371,0.12936852872371674
6372,0.14096161723136902
6373,0.1242961585521698
6374,0.15452329814434052
6375,0.15215139091014862
6376,0.1631709188222885
6377,0.156225323677063
6378,0.17543630301952362
6379,0.12031026929616928
6380,0.19961465895175934
6381,0.22250522673130035
6382,0.18905313313007355
6383,0.2707015872001648
6384,0.14036396145820618
6385,0.24197013676166534
6386,0.17379885911941528
6387,0.18377430737018585
6388,0.11052631586790085
6389,0.20551835000514984
6390,0.17473389208316803
6391,0.10311692208051682
6392,0.1488947570323944
6393,0.2131843864917755
6394,0.22530966997146606
6395,0.16564509272575378
6396,0.1990307867527008
6397,0.29045966267585754
6398,0.3191450536251068
6399,0.3673531115055084
6400,0.2613968253135681
6401,0.2683022916316986
6402,0.2600163221359253
6403,0.30910027027130127
6404,0.2784556746482849
6405,0.33162370324134827
6406,0.2790457010269165
6407,0.23207102715969086
6408,0.20553797483444214
6409,0.26043519377708435
6410,0.2666515111923218
6411,0.26908376812934875
6412,0.26294049620628357
6413,0.2262580543756485
6414,0.19638819992542267
6415,0.12318263947963715
6416,0.11198072135448456
6417,0.12584637105464935
6418,0.16168931126594543
6419,0.2825091779232025
6420,0.36002084612846375
6421,0.3862549960613251
6422,0.45506519079208374
6423,0.33233311772346497
6424,0.28050586581230164
6425,0.20075468719005585
6426,0.3321560025215149
6427,0.213899627327919
6428,0.30538293719291687
6429,0.275835782289505
6430,0.33343616127967834
6431,0.2397385537624359
6432,0.24460099637508392
6433,0.26342618465423584
6434,0.16673973202705383
6435,0.2954829931259155
6436,0.29138022661209106
6437,0.23166292905807495
6438,0.17205385863780975
6439,0.14054520428180695
6440,0.16163387894630432
6441,0.13276223838329315
6442,0.15289835631847382
6443,0.15122053027153015
6444,0.1350679099559784
6445,0.17086860537528992
6446,0.2117132842540741
6447,0.20061130821704865
6448,0.16230812668800354
6449,0.2090410441160202
6450,0.20031511783599854
6451,0.1490347534418106
6452,0.1445392668247223
6453,0.21451438963413239
6454,0.26118338108062744
6455,0.34464704990386963
6456,0.37917834520339966
6457,0.380673885345459
6458,0.28280267119407654
6459,0.3050038516521454
6460,0.22479242086410522
6461,0.2822125554084778
6462,0.17884482443332672
6463,0.2055477648973465
6464,0.12372402101755142
6465,0.18880026042461395
6466,0.23717100918293
6467,0.2602367103099823
6468,0.3291567265987396
6469,0.3046186864376068
6470,0.16590715944766998
6471,0.1114281564950943
6472,0.19325675070285797
6473,0.20626713335514069
6474,0.3248838186264038
6475,0.18718543648719788
6476,0.24305352568626404
6477,0.1947672814130783
6478,0.14299412071704865
6479,0.18163084983825684
6480,0.20065845549106598
6481,0.20755112171173096
6482,0.13410526514053345
6483,0.13965241611003876
6484,0.18489909172058105
6485,0.16772045195102692
6486,0.14215898513793945
6487,0.150261789560318
6488,0.1663438081741333
6489,0.12556079030036926
6490,0.13274037837982178
6491,0.1688002645969391
6492,0.2052513211965561
6493,0.10987376421689987
6494,0.20271611213684082
6495,0.17877157032489777
6496,0.17403286695480347
6497,0.16255870461463928
6498,0.14909543097019196
6499,0.17300854623317719
6500,0.2159629613161087
6501,0.2072044312953949
6502,0.1950044184923172
6503,0.19488820433616638
6504,0.23249554634094238
6505,0.24838557839393616
6506,0.2558935284614563
6507,0.1753517985343933
6508,0.2309211790561676
6509,0.28030693531036377
6510,0.2720511555671692
6511,0.20061825215816498
6512,0.2744535803794861
6513,0.20204898715019226
6514,0.2389022558927536
6515,0.20613959431648254
6516,0.19213923811912537
6517,0.19482450187206268
6518,0.20856060087680817
6519,0.09158513695001602
6520,0.1278817355632782
6521,0.14006254076957703
6522,0.24980691075325012
6523,0.3386673629283905
6524,0.4416045844554901
6525,0.44780027866363525
6526,0.4524613916873932
6527,0.3780917823314667
6528,0.34789103269577026
6529,0.3562099039554596
6530,0.2559077739715576
6531,0.27514907717704773
6532,0.1946420967578888
6533,0.2517721951007843
6534,0.26275143027305603
6535,0.28105324506759644
6536,0.370836466550827
6537,0.300121545791626
6538,0.3580358028411865
6539,0.3087845742702484
6540,0.3464285731315613
6541,0.3224310576915741
6542,0.2580094039440155
6543,0.250085711479187
6544,0.15990149974822998
6545,0.2053661346435547
6546,0.1819583922624588
6547,0.1907251477241516
6548,0.2096026986837387
6549,0.27063891291618347
6550,0.27662935853004456
6551,0.3678723871707916
6552,0.2710828185081482
6553,0.2868691086769104
6554,0.2773788869380951
6555,0.29766786098480225
6556,0.2428235411643982
6557,0.2980773150920868
6558,0.22562624514102936
6559,0.1849762499332428
6560,0.15895727276802063
6561,0.17896601557731628
6562,0.15283076465129852
6563,0.17624951899051666
6564,0.1474248468875885
6565,0.19147449731826782
6566,0.1905311644077301
6567,0.22534286975860596
6568,0.29783275723457336
6569,0.33043912053108215
6570,0.2535335123538971
6571,0.25654301047325134
6572,0.18608848750591278
6573,0.1785428673028946
6574,0.20435316860675812
6575,0.19052012264728546
6576,0.273023396730423
6577,0.1963430643081665
6578,0.19821451604366302
6579,0.19724401831626892
6580,0.134525328874588
6581,0.14477570354938507
6582,0.22247087955474854
6583,0.1719057708978653
6584,0.19187624752521515
6585,0.1766178011894226
6586,0.20075415074825287
6587,0.24320927262306213
6588,0.23812668025493622
6589,0.21411041915416718
6590,0.23606960475444794
6591,0.1998574435710907
6592,0.17535071074962616
6593,0.17902013659477234
6594,0.1727106273174286
6595,0.1664373278617859
6596,0.11383144557476044
6597,0.1735093742609024
6598,0.24799630045890808
6599,0.09465397894382477
6600,0.31727755069732666
6601,0.2660852074623108
6602,0.197328582406044
6603,0.26473307609558105
6604,0.148171067237854
6605,0.17689363658428192
6606,0.246622696518898
6607,0.2602708339691162
6608,0.17548274993896484
6609,0.15202465653419495
6610,0.19770406186580658
6611,0.20857228338718414
6612,0.14672450721263885
6613,0.17386487126350403
6614,0.20764575898647308
6615,0.1484024077653885
6616,0.2063552439212799
6617,0.197895810008049
6618,0.13281185925006866
6619,0.1780133992433548
6620,0.17205089330673218
6621,0.16152094304561615
6622,0.17586305737495422
6623,0.144257590174675
6624,0.19438974559307098
6625,0.18120557069778442
6626,0.1842379868030548
6627,0.16557587683200836
6628,0.24279212951660156
6629,0.16898976266384125
6630,0.16257472336292267
6631,0.1668555587530136
6632,0.2696877121925354
6633,0.17617760598659515
6634,0.23112836480140686
6635,0.20490992069244385
6636,0.23457437753677368
6637,0.21694150567054749
6638,0.14590969681739807
6639,0.17397648096084595
6640,0.2315140664577484
6641,0.1614951640367508
6642,0.23472155630588531
6643,0.14148209989070892
6644,0.16732464730739594
6645,0.1925293356180191
6646,0.19008083641529083
6647,0.2532888948917389
6648,0.22675932943820953
6649,0.17920851707458496
6650,0.24561981856822968
6651,0.21039624512195587
6652,0.19007597863674164
6653,0.18326646089553833
6654,0.22892186045646667
6655,0.2672135829925537
6656,0.22512026131153107
6657,0.1988213062286377
6658,0.16628268361091614
6659,0.1770240217447281
6660,0.11353552341461182
6661,0.1613164097070694
6662,0.14851468801498413
6663,0.2531168758869171
6664,0.18481005728244781
6665,0.17293158173561096
6666,0.2769452929496765
6667,0.17180708050727844
6668,0.18963634967803955
6669,0.1426650434732437
6670,0.16268283128738403
6671,0.18456071615219116
6672,0.17896808683872223
6673,0.18532192707061768
6674,0.16812102496623993
6675,0.23154450953006744
6676,0.1868702918291092
6677,0.2418537735939026
6678,0.21645653247833252
6679,0.1433919072151184
6680,0.14900584518909454
6681,0.23154018819332123
6682,0.21846222877502441
6683,0.21458882093429565
6684,0.1986846774816513
6685,0.18325263261795044
6686,0.22509385645389557
6687,0.18752959370613098
6688,0.22485612332820892
6689,0.1459139734506607
6690,0.16038939356803894
6691,0.1576319932937622
6692,0.18179231882095337
6693,0.14390629529953003
6694,0.2118917852640152
6695,0.15872648358345032
6696,0.13222603499889374
6697,0.21818552911281586
6698,0.13490013778209686
6699,0.22163358330726624
6700,0.19535689055919647
6701,0.21388348937034607
6702,0.1800195276737213
6703,0.13892781734466553
6704,0.23119816184043884
6705,0.21238644421100616
6706,0.15331502258777618
6707,0.1679254025220871
6708,0.21498027443885803
6709,0.218797966837883
6710,0.3259470462799072
6711,0.28032711148262024
6712,0.3504044711589813
6713,0.3588504195213318
6714,0.3655412793159485
6715,0.380169540643692
6716,0.2236911505460739
6717,0.17080433666706085
6718,0.14259667694568634
6719,0.16748657822608948
6720,0.196705624461174
6721,0.23862005770206451
6722,0.25460055470466614
6723,0.3290865123271942
6724,0.3338913917541504
6725,0.37654444575309753
6726,0.3198951780796051
6727,0.48719796538352966
6728,0.40329527854919434
6729,0.39040279388427734
6730,0.4210178256034851
6731,0.34951987862586975
6732,0.4091641306877136
6733,0.512596607208252
6734,0.4746221899986267
6735,0.47586914896965027
6736,0.4250815808773041
6737,0.42548489570617676
6738,0.33475568890571594
6739,0.15421302616596222
6740,0.18528379499912262
6741,0.2778332531452179
6742,0.2879984378814697
6743,0.35263389348983765
6744,0.3795124590396881
6745,0.48346975445747375
6746,0.44892868399620056
6747,0.501412034034729
6748,0.4864840507507324
6749,0.5220370888710022
6750,0.5397050380706787
6751,0.5568501353263855
6752,0.581558108329773
6753,0.5823498368263245
6754,0.6006898880004883
6755,0.5672165155410767
6756,0.6027218103408813
6757,0.5761087536811829
6758,0.5563675761222839
6759,0.5449441075325012
6760,0.5542525053024292
6761,0.5421687960624695
6762,0.5387108325958252
6763,0.502937376499176
6764,0.4763999581336975
6765,0.4758211374282837
6766,0.41894304752349854
6767,0.402298241853714
6768,0.37635648250579834
6769,0.35765379667282104
6770,0.369075208902359
6771,0.3306565284729004
6772,0.34801697731018066
6773,0.3110268712043762
6774,0.28816094994544983
6775,0.28042298555374146
6776,0.2913348376750946
6777,0.277802437543869
6778,0.26832547783851624
6779,0.24357599020004272
6780,0.23473747074604034
6781,0.23067471385002136
6782,0.20684587955474854
6783,0.19098955392837524
6784,0.18893232941627502
6785,0.12419652193784714
6786,0.09673339873552322
6787,0.1270512491464615
6788,0.14111091196537018
6789,0.14735326170921326
6790,0.07814232259988785
6791,0.10895504802465439
6792,0.13220901787281036
6793,0.1311410665512085
6794,0.1151425838470459
6795,0.11323372274637222
6796,0.12306498736143112
6797,0.12547467648983002
6798,0.14166408777236938
6799,0.08954976499080658
6800,0.11788330972194672
6801,0.1227835863828659
6802,0.16156406700611115
6803,0.08945177495479584
6804,0.09099234640598297
6805,0.11207186430692673
6806,0.10980931669473648
6807,0.1008191928267479
6808,0.1309899091720581
6809,0.15618591010570526
6810,0.1747545450925827
6811,0.2680671513080597
6812,0.22985829412937164
6813,0.2816419303417206
6814,0.29292261600494385
6815,0.29953840374946594
6816,0.25286921858787537
6817,0.2408035546541214
6818,0.25023216009140015
6819,0.24760791659355164
6820,0.3061694800853729
6821,0.29353758692741394
6822,0.2870764136314392
6823,0.3197551965713501
6824,0.2887325882911682
6825,0.2990192770957947
6826,0.36108478903770447
6827,0.3374381363391876
6828,0.33681583404541016
6829,0.3182404339313507
6830,0.32110777497291565
6831,0.3356509208679199
6832,0.3201047480106354
6833,0.2796907126903534
6834,0.30938053131103516
6835,0.32089605927467346
6836,0.34060925245285034
6837,0.361562579870224
6838,0.40581732988357544
6839,0.40718740224838257
6840,0.38227203488349915
6841,0.3170471489429474
6842,0.250906765460968
6843,0.2572689354419708
6844,0.22910933196544647
6845,0.22112786769866943
6846,0.21208997070789337
6847,0.1441590040922165
6848,0.1413538008928299
6849,0.1290239691734314
6850,0.11157087981700897
6851,0.11496400088071823
6852,0.11996366828680038
6853,0.0778016448020935
6854,0.12569770216941833
6855,0.10083077847957611
6856,0.10135047882795334
6857,0.08299852907657623
6858,0.06652580201625824
6859,0.07275596261024475
6860,0.06942897289991379
6861,0.04504680633544922
6862,0.14633306860923767
6863,0.13469596207141876
6864,0.11124137789011002
6865,0.12175598740577698
6866,0.07280772924423218
6867,0.07741544395685196
6868,0.12890224158763885
6869,0.05554341897368431
6870,0.1217968612909317
6871,0.1099938228726387
6872,0.07031267881393433
6873,0.06425575911998749
6874,0.09069124609231949
6875,0.08845457434654236
6876,0.07906071841716766
6877,0.05677461251616478
6878,0.09156398475170135
6879,0.061575159430503845
6880,0.12990953028202057
6881,0.11403391510248184
6882,0.12092045694589615
6883,0.10693810880184174
6884,0.16794803738594055
6885,0.12629841268062592
6886,0.14624479413032532
6887,0.12230990082025528
6888,0.07455320656299591
6889,0.09038062393665314
6890,0.11294444650411606
6891,0.08510949462652206
6892,0.12473355978727341
6893,0.12586113810539246
6894,0.09841571003198624
6895,0.16592472791671753
6896,0.07830864191055298
6897,0.07501382380723953
6898,0.09973859041929245
6899,0.12523433566093445
6900,0.12275484204292297
6901,0.11545808613300323
6902,0.09226637333631516
6903,0.13372522592544556
6904,0.1357855498790741
6905,0.17621862888336182
6906,0.1802360713481903
6907,0.125210240483284
6908,0.13448165357112885
6909,0.1810525804758072
6910,0.18756356835365295
6911,0.1660839319229126
6912,0.12189427018165588
6913,0.14792422950267792
6914,0.16842032968997955
6915,0.15945127606391907
6916,0.16156300902366638
6917,0.17143480479717255
6918,0.18217971920967102
6919,0.2024950087070465
6920,0.17485949397087097
6921,0.13068564236164093
6922,0.1607338786125183
6923,0.18128368258476257
6924,0.18713930249214172
6925,0.19745546579360962
6926,0.1430726796388626
6927,0.15584500133991241
6928,0.20657816529273987
6929,0.20238567888736725
6930,0.15576735138893127
6931,0.22334225475788116
6932,0.1677473485469818
6933,0.15964719653129578
6934,0.1575077772140503
6935,0.1601269543170929
6936,0.21681411564350128
6937,0.1709812730550766
6938,0.1661664843559265
6939,0.1685256063938141
6940,0.18953531980514526
6941,0.17059242725372314
6942,0.2156974822282791
6943,0.16459514200687408
6944,0.19249962270259857
6945,0.1495646834373474
6946,0.20755216479301453
6947,0.15224896371364594
6948,0.16663476824760437
6949,0.13539741933345795
6950,0.2006400227546692
6951,0.1542256772518158
6952,0.19851204752922058
6953,0.18709883093833923
6954,0.2198706567287445
6955,0.1792263239622116
6956,0.222001314163208
6957,0.21968437731266022
6958,0.24032387137413025
6959,0.20273679494857788
6960,0.18537716567516327
6961,0.1791577786207199
6962,0.17265920341014862
6963,0.21289555728435516
6964,0.21878032386302948
6965,0.19985809922218323
6966,0.2324381172657013
6967,0.1941331923007965
6968,0.20237712562084198
6969,0.1763664335012436
6970,0.22729888558387756
6971,0.1830766797065735
6972,0.178171306848526
6973,0.3099901080131531
6974,0.2035723775625229
6975,0.1735239326953888
6976,0.2185506969690323
6977,0.2351865917444229
6978,0.19703854620456696
6979,0.17625240981578827
6980,0.17719654738903046
6981,0.17487642168998718
6982,0.1483045518398285
6983,0.14284050464630127
6984,0.13375180959701538
6985,0.14132733643054962
6986,0.13145513832569122
6987,0.12089505046606064
6988,0.15445812046527863
6989,0.1523352712392807
6990,0.1889352798461914
6991,0.1893124133348465
6992,0.07831396162509918
6993,0.12362377345561981
6994,0.1691485494375229
6995,0.19284753501415253
6996,0.17958849668502808
6997,0.22647659480571747
6998,0.20725291967391968
6999,0.21814458072185516
7000,0.25055667757987976
7001,0.20824596285820007
7002,0.23098310828208923
7003,0.24303627014160156
7004,0.24523046612739563
7005,0.19996364414691925
7006,0.3631366193294525
7007,0.2508985698223114
7008,0.30729612708091736
7009,0.30329418182373047
7010,0.2610075771808624
7011,0.24251103401184082
7012,0.26339757442474365
7013,0.2518269121646881
7014,0.29283326864242554
7015,0.24870814383029938
7016,0.25743067264556885
7017,0.2636459171772003
7018,0.2371160089969635
7019,0.2785891890525818
7020,0.2595949172973633
7021,0.25447091460227966
7022,0.25823888182640076
7023,0.28629302978515625
7024,0.31020718812942505
7025,0.2722722291946411
7026,0.31246843934059143
7027,0.29623180627822876
7028,0.24965733289718628
7029,0.2487756758928299
7030,0.34491100907325745
7031,0.2579149603843689
7032,0.2574775218963623
7033,0.36565858125686646
7034,0.2661481499671936
7035,0.20644383132457733
7036,0.26813632249832153
7037,0.26287171244621277
7038,0.21140842139720917
7039,0.21133370697498322
7040,0.2572193443775177
7041,0.23176899552345276
7042,0.2931444048881531
7043,0.20670603215694427
7044,0.2045329064130783
7045,0.22696149349212646
7046,0.21779277920722961
7047,0.22273491322994232
7048,0.14743654429912567
7049,0.19331561028957367
7050,0.17458638548851013
7051,0.1870366930961609
7052,0.1544879674911499
7053,0.2325941026210785
7054,0.21008168160915375
7055,0.1860508769750595
7056,0.23704159259796143
7057,0.21557429432868958
7058,0.2016131430864334
7059,0.17948508262634277
7060,0.12177757918834686
7061,0.17817339301109314
7062,0.09212365746498108
7063,0.12915576994419098
7064,0.14487959444522858
7065,0.19523531198501587
7066,0.1350812464952469
7067,0.1947270780801773
7068,0.18047469854354858
7069,0.18175336718559265
7070,0.17322582006454468
7071,0.18716156482696533
7072,0.29344651103019714
7073,0.1474010944366455
7074,0.16701637208461761
7075,0.14232583343982697
7076,0.18354682624340057
7077,0.15827825665473938
7078,0.27357128262519836
7079,0.2087564319372177
7080,0.21446551382541656
7081,0.1749301701784134
7082,0.13572412729263306
7083,0.17400158941745758
7084,0.15223243832588196
7085,0.2053515762090683
7086,0.19141793251037598
7087,0.21105119585990906
7088,0.20239892601966858
7089,0.21608984470367432
7090,0.22292719781398773
7091,0.26020365953445435
7092,0.24276453256607056
7093,0.3051946759223938
7094,0.32278919219970703
7095,0.24194981157779694
7096,0.3321591019630432
7097,0.21388612687587738
7098,0.27692538499832153
7099,0.19489632546901703
7100,0.23837397992610931
7101,0.1890297681093216
7102,0.1322445571422577
7103,0.2911946177482605
7104,0.16734744608402252
7105,0.17328095436096191
7106,0.17044056951999664
7107,0.17481005191802979
7108,0.128462016582489
7109,0.1439141482114792
7110,0.15851515531539917
7111,0.15210099518299103
7112,0.1273609697818756
7113,0.15805813670158386
7114,0.14500144124031067
7115,0.13370583951473236
7116,0.2060694545507431
7117,0.22317667305469513
7118,0.19746510684490204
7119,0.15422125160694122
7120,0.17274430394172668
7121,0.17425599694252014
7122,0.18674378097057343
7123,0.19291457533836365
7124,0.16426189243793488
7125,0.22609731554985046
7126,0.2441202998161316
7127,0.3337249457836151
7128,0.33983322978019714
7129,0.3190593123435974
7130,0.4229333698749542
7131,0.48614874482154846
7132,0.45588570833206177
7133,0.4606725573539734
7134,0.38868850469589233
7135,0.41382062435150146
7136,0.4032536447048187
7137,0.42593875527381897
7138,0.3487614095211029
7139,0.3408840298652649
7140,0.3417116403579712
7141,0.41529902815818787
7142,0.32103410363197327
7143,0.3170568645000458
7144,0.3308299481868744
7145,0.3538914918899536
7146,0.28971683979034424
7147,0.30372053384780884
7148,0.3066408932209015
7149,0.21616196632385254
7150,0.2724761962890625
7151,0.22364981472492218
7152,0.23428411781787872
7153,0.21680979430675507
7154,0.1977459341287613
7155,0.2582537829875946
7156,0.2629949450492859
7157,0.20857255160808563
7158,0.2227243334054947
7159,0.20195338129997253
7160,0.2121867835521698
7161,0.2845018804073334
7162,0.3036295175552368
7163,0.23874077200889587
7164,0.35114702582359314
7165,0.2516438364982605
7166,0.2388736605644226
7167,0.18439359962940216
7168,0.28818637132644653
7169,0.24976253509521484
7170,0.17992451786994934
7171,0.2058907449245453
7172,0.23533019423484802
7173,0.20342044532299042
7174,0.24939028918743134
7175,0.20486603677272797
7176,0.18560095131397247
7177,0.26369157433509827
7178,0.22202274203300476
7179,0.21430793404579163
7180,0.21540512144565582
7181,0.21486392617225647
7182,0.26163074374198914
7183,0.15787585079669952
7184,0.13295738399028778
7185,0.18754227459430695
7186,0.22555536031723022
7187,0.1428239643573761
7188,0.18301664292812347
7189,0.2056027054786682
7190,0.25450989603996277
7191,0.22138215601444244
7192,0.25482988357543945
7193,0.20794422924518585
7194,0.2790544927120209
7195,0.28669920563697815
7196,0.205146923661232
7197,0.20685139298439026
7198,0.21461324393749237
7199,0.22426669299602509
7200,0.21762306988239288
7201,0.2283438891172409
7202,0.2504992187023163
7203,0.3271053433418274
7204,0.31505706906318665
7205,0.3328056335449219
7206,0.27129384875297546
7207,0.23714017868041992
7208,0.2086460292339325
7209,0.2557466924190521
7210,0.2550301253795624
7211,0.19564467668533325
7212,0.22917307913303375
7213,0.2665497660636902
7214,0.13345611095428467
7215,0.2153157889842987
7216,0.1649075597524643
7217,0.23711925745010376
7218,0.2701459228992462
7219,0.23510222136974335
7220,0.20865720510482788
7221,0.15594230592250824
7222,0.21320931613445282
7223,0.15868385136127472
7224,0.1574501097202301
7225,0.12501822412014008
7226,0.17118266224861145
7227,0.1688111126422882
7228,0.14446380734443665
7229,0.13631996512413025
7230,0.09785162657499313
7231,0.12177257984876633
7232,0.11280493438243866
7233,0.2049427628517151
7234,0.13620907068252563
7235,0.18236027657985687
7236,0.11476948857307434
7237,0.17404165863990784
7238,0.21201804280281067
7239,0.2098143845796585
7240,0.13825492560863495
7241,0.12445314973592758
7242,0.10918089747428894
7243,0.1593833863735199
7244,0.12968705594539642
7245,0.191350057721138
7246,0.10330341756343842
7247,0.15558581054210663
7248,0.2584404945373535
7249,0.16028530895709991
7250,0.17348450422286987
7251,0.16295769810676575
7252,0.3155559003353119
7253,0.14378634095191956
7254,0.24006029963493347
7255,0.1966036558151245
7256,0.13930867612361908
7257,0.24728991091251373
7258,0.11872337758541107
7259,0.21380043029785156
7260,0.14684529602527618
7261,0.18616925179958344
7262,0.29862189292907715
7263,0.14223141968250275
7264,0.17100441455841064
7265,0.2852588891983032
7266,0.21570950746536255
7267,0.22466295957565308
7268,0.1365364044904709
7269,0.21905772387981415
7270,0.12387072294950485
7271,0.16510632634162903
7272,0.14345039427280426
7273,0.13673481345176697
7274,0.09583252668380737
7275,0.15390312671661377
7276,0.08244024217128754
7277,0.10793231427669525
7278,0.13389167189598083
7279,0.08247406035661697
7280,0.09731695801019669
7281,0.08220571279525757
7282,0.10560741275548935
7283,0.16217775642871857
7284,0.12120356410741806
7285,0.12357370555400848
7286,0.08700727671384811
7287,0.14944852888584137
7288,0.1494610607624054
7289,0.12369250506162643
7290,0.1362895518541336
7291,0.15650710463523865
7292,0.12491755932569504
7293,0.1465250849723816
7294,0.12995052337646484
7295,0.19840465486049652
7296,0.16272880136966705
7297,0.14122475683689117
7298,0.26077792048454285
7299,0.231229767203331
7300,0.15561240911483765
7301,0.1859411597251892
7302,0.308860182762146
7303,0.2737177610397339
7304,0.2901274859905243
7305,0.30293574929237366
7306,0.31232529878616333
7307,0.2987663447856903
7308,0.2797565162181854
7309,0.282938152551651
7310,0.21857696771621704
7311,0.23479671776294708
7312,0.21654139459133148
7313,0.23670262098312378
7314,0.19492432475090027
7315,0.189073383808136
7316,0.23205827176570892
7317,0.23916363716125488
7318,0.22261610627174377
7319,0.20650002360343933
7320,0.19909286499023438
7321,0.12709884345531464
7322,0.1561732143163681
7323,0.17318949103355408
7324,0.19333529472351074
7325,0.1264847069978714
7326,0.18158063292503357
7327,0.1420300006866455
7328,0.14796581864356995
7329,0.21039482951164246
7330,0.10656196624040604
7331,0.16752946376800537
7332,0.1958976835012436
7333,0.12509994208812714
7334,0.15749727189540863
7335,0.17563867568969727
7336,0.13957391679286957
7337,0.14996232092380524
7338,0.1991139054298401
7339,0.08681605756282806
7340,0.1360744684934616
7341,0.17441649734973907
7342,0.17099730670452118
7343,0.15773218870162964
7344,0.11524304747581482
7345,0.1289592981338501
7346,0.1788456290960312
7347,0.16008052229881287
7348,0.1330922245979309
7349,0.19682522118091583
7350,0.10674308240413666
7351,0.14882272481918335
7352,0.11074189841747284
7353,0.16097041964530945
7354,0.09986867010593414
7355,0.21673758327960968
7356,0.131722554564476
7357,0.11031841486692429
7358,0.18851642310619354
7359,0.164394348859787
7360,0.1778334677219391
7361,0.22696146368980408
7362,0.2601887881755829
7363,0.2624233067035675
7364,0.232864648103714
7365,0.18251042068004608
7366,0.19275492429733276
7367,0.17292238771915436
7368,0.19091057777404785
7369,0.13001634180545807
7370,0.13828511536121368
7371,0.13035786151885986
7372,0.10742945224046707
7373,0.12666738033294678
7374,0.11266125738620758
7375,0.16476017236709595
7376,0.11404648423194885
7377,0.15436361730098724
7378,0.11692248284816742
7379,0.09047456830739975
7380,0.09273139387369156
7381,0.15017414093017578
7382,0.13288024067878723
7383,0.1437927931547165
7384,0.10556115955114365
7385,0.08281406760215759
7386,0.07838316261768341
7387,0.1292201429605484
7388,0.14979001879692078
7389,0.10421780496835709
7390,0.16693109273910522
7391,0.21178176999092102
7392,0.12410137802362442
7393,0.13096825778484344
7394,0.12251152098178864
7395,0.08971180766820908
7396,0.1257503479719162
7397,0.10011707991361618
7398,0.17722396552562714
7399,0.07757414877414703
7400,0.2130095511674881
7401,0.10614334046840668
7402,0.11917230486869812
7403,0.21782958507537842
7404,0.11620611697435379
7405,0.25666433572769165
7406,0.20311713218688965
7407,0.19891107082366943
7408,0.13031677901744843
7409,0.1976766288280487
7410,0.1692315936088562
7411,0.19314426183700562
7412,0.16223786771297455
7413,0.23496966063976288
7414,0.1911284178495407
7415,0.18383264541625977
7416,0.13187089562416077
7417,0.1682022213935852
7418,0.0816737562417984
7419,0.1479434370994568
7420,0.11887533962726593
7421,0.09442292898893356
7422,0.16032904386520386
7423,0.1264009177684784
7424,0.14606314897537231
7425,0.1803084760904312
7426,0.2096816599369049
7427,0.1102103441953659
7428,0.15018822252750397
7429,0.16775821149349213
7430,0.2174266278743744
7431,0.10010700672864914
7432,0.10811382532119751
7433,0.12150800973176956
7434,0.2113279551267624
7435,0.08267951756715775
7436,0.16541723906993866
7437,0.17717379331588745
7438,0.19347362220287323
7439,0.15829434990882874
7440,0.25232258439064026
7441,0.18351636826992035
7442,0.1889294683933258
7443,0.16566871106624603
7444,0.2850465774536133
7445,0.21120905876159668
7446,0.16547925770282745
7447,0.17484036087989807
7448,0.17474360764026642
7449,0.14467594027519226
7450,0.2153700292110443
7451,0.21796095371246338
7452,0.1965138018131256
7453,0.18158262968063354
7454,0.2861161530017853
7455,0.26023223996162415
7456,0.2281271517276764
7457,0.24209372699260712
7458,0.2235872596502304
7459,0.2887246012687683
7460,0.2880000174045563
7461,0.1886826604604721
7462,0.18811126053333282
7463,0.13850727677345276
7464,0.17095345258712769
7465,0.15585973858833313
7466,0.1785389482975006
7467,0.17144285142421722
7468,0.14022091031074524
7469,0.20691999793052673
7470,0.261831670999527
7471,0.3291081190109253
7472,0.40699028968811035
7473,0.2976696491241455
7474,0.2919466197490692
7475,0.2215760052204132
7476,0.27606794238090515
7477,0.2703309655189514
7478,0.18172433972358704
7479,0.13786958158016205
7480,0.11753800511360168
7481,0.17110322415828705
7482,0.19927345216274261
7483,0.18255355954170227
7484,0.18997745215892792
7485,0.1531066596508026
7486,0.11543069779872894
7487,0.13901259005069733
7488,0.1692955642938614
7489,0.11708487570285797
7490,0.18852239847183228
7491,0.15327252447605133
7492,0.20289501547813416
7493,0.12797534465789795
7494,0.11171643435955048
7495,0.17205119132995605
7496,0.11489199101924896
7497,0.14934448897838593
7498,0.13130594789981842
7499,0.12018126994371414
7500,0.15358856320381165
7501,0.1618434488773346
7502,0.1636696755886078
7503,0.1518285572528839
7504,0.1684701144695282
7505,0.18039867281913757
7506,0.11434651911258698
7507,0.14691157639026642
7508,0.1886775940656662
7509,0.14913570880889893
7510,0.17067866027355194
7511,0.1812373697757721
7512,0.1285138726234436
7513,0.15290839970111847
7514,0.24064116179943085
7515,0.15333683788776398
7516,0.10874085873365402
7517,0.1238240897655487
7518,0.11611390858888626
7519,0.13577766716480255
7520,0.11129214614629745
7521,0.14670297503471375
7522,0.10734687000513077
7523,0.2096940279006958
7524,0.14235176146030426
7525,0.1101124957203865
7526,0.12441376596689224
7527,0.18468855321407318
7528,0.15469390153884888
7529,0.20804889500141144
7530,0.1276017278432846
7531,0.1499326378107071
7532,0.16989311575889587
7533,0.14283381402492523
7534,0.20036529004573822
7535,0.18053050339221954
7536,0.12909890711307526
7537,0.2109459787607193
7538,0.14798961579799652
7539,0.12021823972463608
7540,0.12990905344486237
7541,0.15592442452907562
7542,0.21060103178024292
7543,0.12950974702835083
7544,0.1430625021457672
7545,0.10111557692289352
7546,0.12862181663513184
7547,0.14121566712856293
7548,0.1542012095451355
7549,0.1666276752948761
7550,0.16977590322494507
7551,0.17525000870227814
7552,0.1375856101512909
7553,0.19620062410831451
7554,0.20128461718559265
7555,0.1701563447713852
7556,0.2968076765537262
7557,0.24378390610218048
7558,0.21256108582019806
7559,0.2087930589914322
7560,0.15982910990715027
7561,0.22023631632328033
7562,0.2008497267961502
7563,0.1433417797088623
7564,0.15264780819416046
7565,0.22124841809272766
7566,0.12382641434669495
7567,0.12437732517719269
7568,0.17856885492801666
7569,0.20142172276973724
7570,0.2025454044342041
7571,0.2886033058166504
7572,0.29748350381851196
7573,0.21036246418952942
7574,0.2295161336660385
7575,0.20951960980892181
7576,0.1622898429632187
7577,0.1721840798854828
7578,0.17053070664405823
7579,0.11449459940195084
7580,0.17624622583389282
7581,0.211299866437912
7582,0.1649971753358841
7583,0.10915087908506393
7584,0.18568827211856842
7585,0.17858508229255676
7586,0.1357237845659256
7587,0.15506333112716675
7588,0.19097380340099335
7589,0.1546710729598999
7590,0.1791021078824997
7591,0.15321245789527893
7592,0.29560887813568115
7593,0.17851530015468597
7594,0.17670844495296478
7595,0.22322319447994232
7596,0.20348140597343445
7597,0.18686804175376892
7598,0.262724369764328
7599,0.2187110334634781
7600,0.15831349790096283
7601,0.1299784928560257
7602,0.09729833900928497
7603,0.20552392303943634
7604,0.16135521233081818
7605,0.17195560038089752
7606,0.21399366855621338
7607,0.2666172683238983
7608,0.18505729734897614
7609,0.16338373720645905
7610,0.1414768546819687
7611,0.23176410794258118
7612,0.20037741959095
7613,0.19134701788425446
7614,0.21688485145568848
7615,0.19772663712501526
7616,0.1486976444721222
7617,0.1992603987455368
7618,0.22822007536888123
7619,0.1478133350610733
7620,0.17725221812725067
7621,0.11396155506372452
7622,0.10383927077054977
7623,0.10348355025053024
7624,0.16383914649486542
7625,0.14903362095355988
7626,0.14285032451152802
7627,0.12112008780241013
7628,0.11981437355279922
7629,0.10211624950170517
7630,0.16072610020637512
7631,0.13526950776576996
7632,0.17077188193798065
7633,0.24564054608345032
7634,0.3070860505104065
7635,0.2853431701660156
7636,0.2594603896141052
7637,0.16075462102890015
7638,0.19989201426506042
7639,0.23396910727024078
7640,0.3305255174636841
7641,0.36569568514823914
7642,0.29665136337280273
7643,0.3943711221218109
7644,0.3452747166156769
7645,0.38755112886428833
7646,0.4283069670200348
7647,0.38082531094551086
7648,0.4718170762062073
7649,0.4527224898338318
7650,0.3760194182395935
7651,0.38814517855644226
7652,0.48397913575172424
7653,0.4080040752887726
7654,0.3982107937335968
7655,0.6357662677764893
7656,0.4925537109375
7657,0.48149847984313965
7658,0.40643933415412903
7659,0.320270299911499
7660,0.5050923228263855
7661,0.4193135201931
7662,0.35693326592445374
7663,0.377443790435791
7664,0.4043099284172058
7665,0.3201531171798706
7666,0.3528013527393341
7667,0.3242012560367584
7668,0.2779591977596283
7669,0.22259831428527832
7670,0.3598589301109314
7671,0.28740307688713074
7672,0.26110467314720154
7673,0.2835943400859833
7674,0.2705099582672119
7675,0.24381521344184875
7676,0.1581004559993744
7677,0.17703652381896973
7678,0.14040952920913696
7679,0.18522909283638
7680,0.11046657711267471
7681,0.14585767686367035
7682,0.1991860419511795
7683,0.2584749758243561
7684,0.31878578662872314
7685,0.3579119145870209
7686,0.4544909596443176
7687,0.4532206356525421
7688,0.3793395757675171
7689,0.31244227290153503
7690,0.27576836943626404
7691,0.3491077125072479
7692,0.29045426845550537
7693,0.3421083092689514
7694,0.2727380096912384
7695,0.2924489676952362
7696,0.21004341542720795
7697,0.20153723657131195
7698,0.2089928537607193
7699,0.15972815454006195
7700,0.10086803883314133
7701,0.10165403038263321
7702,0.13434842228889465
7703,0.1466570645570755
7704,0.10621257871389389
7705,0.15716306865215302
7706,0.20324936509132385
7707,0.19691011309623718
7708,0.2355467528104782
7709,0.3300308287143707
7710,0.3477778136730194
7711,0.3277967870235443
7712,0.3376939296722412
7713,0.2916652262210846
7714,0.3052561283111572
7715,0.21591876447200775
7716,0.28111064434051514
7717,0.25644195079803467
7718,0.24437949061393738
7719,0.2775249779224396
7720,0.2994237542152405
7721,0.2580879032611847
7722,0.2131437510251999
7723,0.2150638997554779
7724,0.21789759397506714
7725,0.1849917769432068
7726,0.1381557285785675
7727,0.14812062680721283
7728,0.13124454021453857
7729,0.19731615483760834
7730,0.14265766739845276
7731,0.18263910710811615
7732,0.1929883509874344
7733,0.18311281502246857
7734,0.13033133745193481
7735,0.09112177044153214
7736,0.09325426071882248
7737,0.10746913403272629
7738,0.12770824134349823
7739,0.1032172366976738
7740,0.10090416669845581
7741,0.1522531509399414
7742,0.11697067320346832
7743,0.09138742089271545
7744,0.1377880871295929
7745,0.1053091362118721
7746,0.08390741795301437
7747,0.15058329701423645
7748,0.10867541283369064
7749,0.08694204688072205
7750,0.09229645133018494
7751,0.14886565506458282
7752,0.10822714865207672
7753,0.06767039000988007
7754,0.10157342255115509
7755,0.12147127836942673
7756,0.13851875066757202
7757,0.12029271572828293
7758,0.14144736528396606
7759,0.1263858824968338
7760,0.1056460365653038
7761,0.14658959209918976
7762,0.1550411581993103
7763,0.10631589591503143
7764,0.10942821204662323
7765,0.047458890825510025
7766,0.09880084544420242
7767,0.10369282960891724
7768,0.10494058579206467
7769,0.0710999071598053
7770,0.12846477329730988
7771,0.1377207487821579
7772,0.11999247223138809
7773,0.16244257986545563
7774,0.14555123448371887
7775,0.11781469732522964
7776,0.14647887647151947
7777,0.13664200901985168
7778,0.11522626876831055
7779,0.1124049574136734
7780,0.07638651132583618
7781,0.15604843199253082
7782,0.11458311229944229
7783,0.17431798577308655
7784,0.1431533396244049
7785,0.20221395790576935
7786,0.14546701312065125
7787,0.15561231970787048
7788,0.13106629252433777
7789,0.14574305713176727
7790,0.17802157998085022
7791,0.10113605111837387
7792,0.12666167318820953
7793,0.07708137482404709
7794,0.13151267170906067
7795,0.12334790825843811
7796,0.09400926530361176
7797,0.1370534598827362
7798,0.09371849149465561
7799,0.10475160926580429
7800,0.17540936172008514
7801,0.1225656047463417
7802,0.12637192010879517
7803,0.1739063858985901
7804,0.08623139560222626
7805,0.1300794929265976
7806,0.14016802608966827
7807,0.08868047595024109
7808,0.12551705539226532
7809,0.11081075668334961
7810,0.11673574149608612
7811,0.13727088272571564
7812,0.08974475413560867
7813,0.11033568531274796
7814,0.16308346390724182
7815,0.10394734889268875
7816,0.09791705757379532
7817,0.09570528566837311
7818,0.14271552860736847
7819,0.1322574019432068
7820,0.11120741069316864
7821,0.18446196615695953
7822,0.15863104164600372
7823,0.19027942419052124
7824,0.23901747167110443
7825,0.20125187933444977
7826,0.2100127637386322
7827,0.21793188154697418
7828,0.1538587361574173
7829,0.1805897355079651
7830,0.14098776876926422
7831,0.19913966953754425
7832,0.17526544630527496
7833,0.19305920600891113
7834,0.20517365634441376
7835,0.2696213126182556
7836,0.2643734812736511
7837,0.29496029019355774
7838,0.23805266618728638
7839,0.22040976583957672
7840,0.22759854793548584
7841,0.23112444579601288
7842,0.1876077800989151
7843,0.23848219215869904
7844,0.3469696640968323
7845,0.39039552211761475
7846,0.34436842799186707
7847,0.4233115613460541
7848,0.41165411472320557
7849,0.38740628957748413
7850,0.37520790100097656
7851,0.5620225071907043
7852,0.6150017380714417
7853,0.5561274886131287
7854,0.748725175857544
7855,0.6298938989639282
7856,0.5016704797744751
7857,0.6260342597961426
7858,0.6028645634651184
7859,0.6544063091278076
7860,0.5842593908309937
7861,0.5029035210609436
7862,0.39349308609962463
7863,0.3490408957004547
7864,0.21465285122394562
7865,0.18775907158851624
7866,0.20530258119106293
7867,0.17896032333374023
7868,0.3088095486164093
7869,0.2470187246799469
7870,0.24503563344478607
7871,0.2064620554447174
7872,0.2017461359500885
7873,0.2555719017982483
7874,0.20349615812301636
7875,0.2325412780046463
7876,0.17469418048858643
7877,0.22534969449043274
7878,0.2604999840259552
7879,0.15178421139717102
7880,0.21727301180362701
7881,0.2836984097957611
7882,0.14057110249996185
7883,0.17300206422805786
7884,0.14907348155975342
7885,0.1995081603527069
7886,0.15094120800495148
7887,0.1776442676782608
7888,0.08731897920370102
7889,0.13892318308353424
7890,0.14425848424434662
7891,0.11965952068567276
7892,0.10970883816480637
7893,0.13015276193618774
7894,0.15291553735733032
7895,0.17943380773067474
7896,0.25757691264152527
7897,0.16850624978542328
7898,0.15741382539272308
7899,0.15477648377418518
7900,0.17842286825180054
7901,0.13759687542915344
7902,0.16033966839313507
7903,0.15224650502204895
7904,0.14127759635448456
7905,0.10276719182729721
7906,0.18752148747444153
7907,0.18980582058429718
7908,0.16446636617183685
7909,0.1510162204504013
7910,0.16200366616249084
7911,0.15177249908447266
7912,0.12515777349472046
7913,0.11958521604537964
7914,0.157169371843338
7915,0.18384960293769836
7916,0.183592289686203
7917,0.13740761578083038
7918,0.12167127430438995
7919,0.11116189509630203
7920,0.13688835501670837
7921,0.18601053953170776
7922,0.10307204723358154
7923,0.07992894947528839
7924,0.10570508241653442
7925,0.11160613596439362
7926,0.1424809843301773
7927,0.12852230668067932
7928,0.11917796730995178
7929,0.15833933651447296
7930,0.09873005002737045
7931,0.17320793867111206
7932,0.10968087613582611
7933,0.1290031373500824
7934,0.19584666192531586
7935,0.18718364834785461
7936,0.15933869779109955
7937,0.23557545244693756
7938,0.19320543110370636
7939,0.16815544664859772
7940,0.26086366176605225
7941,0.17942869663238525
7942,0.17767223715782166
7943,0.1926259547472
7944,0.20039288699626923
7945,0.19089366495609283
7946,0.2090262919664383
7947,0.19807250797748566
7948,0.164351686835289
7949,0.21904654800891876
7950,0.10306090116500854
7951,0.12529698014259338
7952,0.202558696269989
7953,0.19687627255916595
7954,0.13112859427928925
7955,0.14636313915252686
7956,0.1494116336107254
7957,0.09322411566972733
7958,0.14512531459331512
7959,0.11649645119905472
7960,0.08272410184144974
7961,0.17444530129432678
7962,0.10852751135826111
7963,0.12231050431728363
7964,0.21018262207508087
7965,0.14312593638896942
7966,0.1647532731294632
7967,0.19433055818080902
7968,0.12329120188951492
7969,0.17033949494361877
7970,0.12746964395046234
7971,0.0984334945678711
7972,0.13286900520324707
7973,0.1734762191772461
7974,0.14510904252529144
7975,0.21377252042293549
7976,0.10949595272541046
7977,0.14034470915794373
7978,0.15261521935462952
7979,0.16743434965610504
7980,0.13097265362739563
7981,0.18888309597969055
7982,0.18244494497776031
7983,0.14586874842643738
7984,0.13970410823822021
7985,0.1162794679403305
7986,0.14492076635360718
7987,0.09292899817228317
7988,0.15528784692287445
7989,0.13832180202007294
7990,0.11162693053483963
7991,0.18990372121334076
7992,0.1504971981048584
7993,0.12426925450563431
7994,0.19116806983947754
7995,0.13543616235256195
7996,0.15651749074459076
7997,0.12567858397960663
7998,0.17055614292621613
7999,0.16180677711963654
8000,0.16438329219818115
8001,0.10970158874988556
8002,0.17844460904598236
8003,0.126058891415596
8004,0.21732480823993683
8005,0.12609001994132996
8006,0.21626390516757965
8007,0.18552516400814056
8008,0.23685331642627716
8009,0.1734815239906311
8010,0.2516055703163147
8011,0.16892962157726288
8012,0.20926886796951294
8013,0.25122812390327454
8014,0.24183985590934753
8015,0.4035933315753937
8016,0.4269131124019623
8017,0.39153069257736206
8018,0.3424157202243805
8019,0.3847547173500061
8020,0.2929263412952423
8021,0.17814889550209045
8022,0.19567836821079254
8023,0.20210209488868713
8024,0.10346756130456924
8025,0.2210669368505478
8026,0.13586896657943726
8027,0.16213876008987427
8028,0.13802973926067352
8029,0.2035861611366272
8030,0.13556188344955444
8031,0.13729827105998993
8032,0.21650844812393188
8033,0.17400327324867249
8034,0.19748063385486603
8035,0.19905835390090942
8036,0.1957157552242279
8037,0.22316806018352509
8038,0.23185904324054718
8039,0.2944318354129791
8040,0.182470440864563
8041,0.17308388650417328
8042,0.20975574851036072
8043,0.14102643728256226
8044,0.10032281279563904
8045,0.11751329153776169
8046,0.22720091044902802
8047,0.1759105771780014
8048,0.2224990427494049
8049,0.1658233404159546
8050,0.19784030318260193
8051,0.24681100249290466
8052,0.204437717795372
8053,0.24905984103679657
8054,0.19052615761756897
8055,0.15760906040668488
8056,0.22596563398838043
8057,0.18493400514125824
8058,0.19262979924678802
8059,0.2051059901714325
8060,0.3089942932128906
8061,0.3041391968727112
8062,0.33839574456214905
8063,0.36793753504753113
8064,0.307172030210495
8065,0.3403514623641968
8066,0.3328942358493805
8067,0.4160628616809845
8068,0.3857192397117615
8069,0.33743515610694885
8070,0.3719318211078644
8071,0.33860573172569275
8072,0.3647226095199585
8073,0.4384278357028961
8074,0.40813517570495605
8075,0.3702854514122009
8076,0.3527080714702606
8077,0.24386250972747803
8078,0.25300687551498413
8079,0.24502277374267578
8080,0.21088577806949615
8081,0.22423388063907623
8082,0.24319155514240265
8083,0.21370857954025269
8084,0.2989632785320282
8085,0.2521109879016876
8086,0.21459203958511353
8087,0.2205982208251953
8088,0.22598811984062195
8089,0.24382565915584564
8090,0.17828640341758728
8091,0.18822073936462402
8092,0.17285887897014618
8093,0.17860950529575348
8094,0.12832768261432648
8095,0.1949509084224701
8096,0.2021295130252838
8097,0.24066822230815887
8098,0.18564002215862274
8099,0.15645205974578857
8100,0.10809307545423508
8101,0.10955419391393661
8102,0.11641678959131241
8103,0.19527287781238556
8104,0.19057431817054749
8105,0.18457961082458496
8106,0.16655988991260529
8107,0.13282252848148346
8108,0.1588614135980606
8109,0.17931944131851196
8110,0.17742834985256195
8111,0.1638384759426117
8112,0.2382572889328003
8113,0.2584435045719147
8114,0.2150517702102661
8115,0.22595198452472687
8116,0.1615365594625473
8117,0.19729268550872803
8118,0.22502301633358002
8119,0.18689210712909698
8120,0.267696350812912
8121,0.23729737102985382
8122,0.25304755568504333
8123,0.22871309518814087
8124,0.12741103768348694
8125,0.22194567322731018
8126,0.20873412489891052
8127,0.23715566098690033
8128,0.20715369284152985
8129,0.2507801353931427
8130,0.2606367766857147
8131,0.20597964525222778
8132,0.2569815218448639
8133,0.2520284056663513
8134,0.3318030536174774
8135,0.1785564422607422
8136,0.222910076379776
8137,0.1406235545873642
8138,0.20232416689395905
8139,0.2645520567893982
8140,0.2634319067001343
8141,0.21717679500579834
8142,0.1922207772731781
8143,0.21280831098556519
8144,0.1843011975288391
8145,0.20782022178173065
8146,0.19043461978435516
8147,0.2243836224079132
8148,0.2751801908016205
8149,0.24272793531417847
8150,0.19171853363513947
8151,0.20096683502197266
8152,0.23277778923511505
8153,0.25676223635673523
8154,0.2931337058544159
8155,0.23987849056720734
8156,0.19154338538646698
8157,0.27534884214401245
8158,0.22031740844249725
8159,0.24084195494651794
8160,0.19022607803344727
8161,0.25257548689842224
8162,0.25557562708854675
8163,0.22413259744644165
8164,0.17228461802005768
8165,0.15463295578956604
8166,0.23020412027835846
8167,0.19948789477348328
8168,0.2151932418346405
8169,0.18887440860271454
8170,0.21570329368114471
8171,0.21461212635040283
8172,0.19408543407917023
8173,0.21840915083885193
8174,0.2960130572319031
8175,0.23765963315963745
8176,0.2306995689868927
8177,0.30029788613319397
8178,0.3163386285305023
8179,0.25110188126564026
8180,0.25191730260849
8181,0.2758042514324188
8182,0.24911153316497803
8183,0.21197311580181122
8184,0.2700774669647217
8185,0.3318982720375061
8186,0.2197646200656891
8187,0.23966103792190552
8188,0.23886145651340485
8189,0.17406117916107178
8190,0.28004977107048035
8191,0.29264017939567566
8192,0.2634940445423126
8193,0.2555594742298126
8194,0.2864338159561157
8195,0.2728976309299469
8196,0.316919207572937
8197,0.2839963436126709
8198,0.2098657786846161
8199,0.2800903022289276
8200,0.1756916344165802
8201,0.40047353506088257
8202,0.39427992701530457
8203,0.34276333451271057
8204,0.2838824689388275
8205,0.2180837094783783
8206,0.20899520814418793
8207,0.2649800777435303
8208,0.3037562966346741
8209,0.23869134485721588
8210,0.2388569563627243
8211,0.21531805396080017
8212,0.223322793841362
8213,0.2883235216140747
8214,0.2145439237356186
8215,0.21218615770339966
8216,0.20732131600379944
8217,0.18655826151371002
8218,0.1789032369852066
8219,0.3014753758907318
8220,0.2952767014503479
8221,0.19212275743484497
8222,0.20846693217754364
8223,0.21093501150608063
8224,0.26660439372062683
8225,0.2440391480922699
8226,0.1799817532300949
8227,0.2198752760887146
8228,0.20024731755256653
8229,0.2800586521625519
8230,0.2728101909160614
8231,0.19353438913822174
8232,0.35236310958862305
8233,0.19969472289085388
8234,0.28584131598472595
8235,0.20537663996219635
8236,0.29017940163612366
8237,0.3018338680267334
8238,0.29053807258605957
8239,0.2886801064014435
8240,0.26479029655456543
8241,0.2934412956237793
8242,0.2742879092693329
8243,0.3718908429145813
8244,0.2496713101863861
8245,0.2670052945613861
8246,0.24384602904319763
8247,0.2362368255853653
8248,0.2874866724014282
8249,0.18666034936904907
8250,0.2454250454902649
8251,0.17482589185237885
8252,0.21455061435699463
8253,0.310089111328125
8254,0.18917149305343628
8255,0.2579953670501709
8256,0.2640085816383362
8257,0.16897137463092804
8258,0.21808862686157227
8259,0.20603953301906586
8260,0.21638570725917816
8261,0.2811034321784973
8262,0.272382915019989
8263,0.2053995430469513
8264,0.21893835067749023
8265,0.27161911129951477
8266,0.170456200838089
8267,0.215889573097229
8268,0.21053731441497803
8269,0.285064160823822
8270,0.26176610589027405
8271,0.33357682824134827
8272,0.21030856668949127
8273,0.2934987246990204
8274,0.28186362981796265
8275,0.30502426624298096
8276,0.28853774070739746
8277,0.2954154312610626
8278,0.3551311492919922
8279,0.37328821420669556
8280,0.25148412585258484
8281,0.29950597882270813
8282,0.29292476177215576
8283,0.2838924527168274
8284,0.2512545883655548
8285,0.31270483136177063
8286,0.20481576025485992
8287,0.320445716381073
8288,0.3725428879261017
8289,0.3359590470790863
8290,0.24950958788394928
8291,0.23195147514343262
8292,0.2751738727092743
8293,0.269764244556427
8294,0.2597362697124481
8295,0.20645771920681
8296,0.17824068665504456
8297,0.24437092244625092
8298,0.3145258128643036
8299,0.18006020784378052
8300,0.24461586773395538
8301,0.17681410908699036
8302,0.22840344905853271
8303,0.19783981144428253
8304,0.25523415207862854
8305,0.10433360189199448
8306,0.1435718834400177
8307,0.25626233220100403
8308,0.24596276879310608
8309,0.16131459176540375
8310,0.2660331130027771
8311,0.271633505821228
8312,0.2656482458114624
8313,0.2116653025150299
8314,0.2035885900259018
8315,0.2216159999370575
8316,0.22174003720283508
8317,0.24991381168365479
8318,0.22785818576812744
8319,0.2936609387397766
8320,0.19573374092578888
8321,0.2854883372783661
8322,0.1965651959180832
8323,0.233866348862648
8324,0.2711038291454315
8325,0.3142808675765991
8326,0.24376624822616577
8327,0.26028063893318176
8328,0.2349071353673935
8329,0.3237707018852234
8330,0.36074545979499817
8331,0.33465221524238586
8332,0.28164219856262207
8333,0.38853687047958374
8334,0.29402536153793335
8335,0.2520318329334259
8336,0.3049033582210541
8337,0.3525887429714203
8338,0.2702485918998718
8339,0.3386821448802948
8340,0.27156761288642883
8341,0.29757025837898254
8342,0.2519908845424652
8343,0.31556472182273865
8344,0.2537229657173157
8345,0.48222729563713074
8346,0.45586201548576355
8347,0.3141293227672577
8348,0.2982909381389618
8349,0.23041874170303345
8350,0.2431693971157074
8351,0.3457859456539154
8352,0.22612054646015167
8353,0.38680580258369446
8354,0.38640037178993225
8355,0.337948739528656
8356,0.33902204036712646
8357,0.26682573556900024
8358,0.27919575572013855
8359,0.3088761568069458
8360,0.23348566889762878
8361,0.22384843230247498
8362,0.26448994874954224
8363,0.33537954092025757
8364,0.21521928906440735
8365,0.25464367866516113
8366,0.29011788964271545
8367,0.26291248202323914
8368,0.21132725477218628
8369,0.259518563747406
8370,0.25911787152290344
8371,0.2657915949821472
8372,0.37314358353614807
8373,0.33904558420181274
8374,0.32087385654449463
8375,0.24131160974502563
8376,0.28418877720832825
8377,0.2954312860965729
8378,0.3176606595516205
8379,0.3855326175689697
8380,0.23968394100666046
8381,0.25231871008872986
8382,0.2854580879211426
8383,0.31749412417411804
8384,0.354287713766098
8385,0.17824384570121765
8386,0.30180320143699646
8387,0.20313790440559387
8388,0.18730227649211884
8389,0.25781404972076416
8390,0.23600412905216217
8391,0.21600931882858276
8392,0.39458146691322327
8393,0.2211448848247528
8394,0.1328304260969162
8395,0.18309392035007477
8396,0.1368384063243866
8397,0.2687220275402069
8398,0.21664486825466156
8399,0.30551978945732117
8400,0.2498360425233841
8401,0.24294337630271912
8402,0.2023969292640686
8403,0.323760449886322
8404,0.2049843668937683
8405,0.2946680188179016
8406,0.18359003961086273
8407,0.290643572807312
8408,0.31169989705085754
8409,0.19532957673072815
8410,0.2114478200674057
8411,0.18133966624736786
8412,0.2903921604156494
8413,0.26134192943573
8414,0.25827664136886597
8415,0.28579458594322205
8416,0.2866116166114807
8417,0.3382461369037628
8418,0.27223190665245056
8419,0.26545971632003784
8420,0.3380257487297058
8421,0.23775678873062134
8422,0.2939012348651886
8423,0.3247610032558441
8424,0.3035413920879364
8425,0.2438601404428482
8426,0.28966134786605835
8427,0.2940559983253479
8428,0.24376961588859558
8429,0.28251752257347107
8430,0.29412636160850525
8431,0.2791997194290161
8432,0.21481738984584808
8433,0.28734177350997925
8434,0.35755959153175354
8435,0.20958927273750305
8436,0.23483067750930786
8437,0.31808748841285706
8438,0.18458010256290436
8439,0.2849048376083374
8440,0.24596938490867615
8441,0.1745728701353073
8442,0.2495114803314209
8443,0.22400929033756256
8444,0.19817781448364258
8445,0.26902416348457336
8446,0.28497055172920227
8447,0.1698302924633026
8448,0.18826398253440857
8449,0.18919901549816132
8450,0.21338093280792236
8451,0.1185295581817627
8452,0.1977289617061615
8453,0.2766905725002289
8454,0.28830182552337646
8455,0.24214079976081848
8456,0.21724888682365417
8457,0.22082839906215668
8458,0.29367688298225403
8459,0.2512890696525574
8460,0.19147060811519623
8461,0.25154799222946167
8462,0.28438302874565125
8463,0.23962636291980743
8464,0.2891688346862793
8465,0.2512468993663788
8466,0.36093899607658386
8467,0.22064998745918274
8468,0.25878098607063293
8469,0.28167635202407837
8470,0.17936407029628754
8471,0.1922248899936676
8472,0.1750127226114273
8473,0.1093885749578476
8474,0.14099445939064026
8475,0.18721777200698853
8476,0.22910374402999878
8477,0.23347912728786469
8478,0.2909564673900604
8479,0.18616268038749695
8480,0.1508377641439438
8481,0.19732710719108582
8482,0.11648999154567719
8483,0.3346593677997589
8484,0.21320731937885284
8485,0.27696558833122253
8486,0.1740563064813614
8487,0.12348227947950363
8488,0.3135169446468353
8489,0.32753002643585205
8490,0.306060791015625
8491,0.18903157114982605
8492,0.22586891055107117
8493,0.1845463365316391
8494,0.27889472246170044
8495,0.2979028820991516
8496,0.2686253786087036
8497,0.1929011046886444
8498,0.26269128918647766
8499,0.28446143865585327
8500,0.309501975774765
8501,0.3320973217487335
8502,0.2249603271484375
8503,0.29982998967170715
8504,0.21386386454105377
8505,0.2816307246685028
8506,0.2263260781764984
8507,0.46952003240585327
8508,0.14655083417892456
8509,0.3465547561645508
8510,0.32632941007614136
8511,0.368780255317688
8512,0.2555902600288391
8513,0.27185341715812683
8514,0.22959868609905243
8515,0.2696860730648041
8516,0.22794941067695618
8517,0.29661959409713745
8518,0.19949491322040558
8519,0.15733352303504944
8520,0.30103743076324463
8521,0.24893277883529663
8522,0.29629048705101013
8523,0.23551785945892334
8524,0.2927356958389282
8525,0.3118511140346527
8526,0.2162609100341797
8527,0.2166789174079895
8528,0.25074419379234314
8529,0.30344530940055847
8530,0.36021512746810913
8531,0.24168159067630768
8532,0.26611408591270447
8533,0.37408435344696045
8534,0.2882961630821228
8535,0.23068027198314667
8536,0.16645273566246033
8537,0.31082236766815186
8538,0.29168158769607544
8539,0.388079434633255
8540,0.2958785891532898
8541,0.3330844044685364
8542,0.38384726643562317
8543,0.5655314326286316
8544,0.49779441952705383
8545,0.45426449179649353
8546,0.34857407212257385
8547,0.5509563684463501
8548,0.6522552371025085
8549,0.7260562181472778
8550,0.681003749370575
8551,0.7615649104118347
8552,0.5821375846862793
8553,0.5660054683685303
8554,0.5896763801574707
8555,0.6669830083847046
8556,0.7595364451408386
8557,0.5414222478866577
8558,0.6633374094963074
8559,0.6163660287857056
8560,0.7106888890266418
8561,0.6049569249153137
8562,0.42219260334968567
8563,0.48426735401153564
8564,0.3096672594547272
8565,0.45930275321006775
8566,0.435657799243927
8567,0.4492197632789612
8568,0.42172130942344666
8569,0.23984025418758392
8570,0.24193713068962097
8571,0.297158420085907
8572,0.3339901864528656
8573,0.43998298048973083
8574,0.35221704840660095
8575,0.2801228165626526
8576,0.1663641631603241
8577,0.16674257814884186
8578,0.1445838063955307
8579,0.17789898812770844
8580,0.14453639090061188
8581,0.1619483083486557
8582,0.2184440940618515
8583,0.40135326981544495
8584,0.3832710385322571
8585,0.4723970293998718
8586,0.40926292538642883
8587,0.47908148169517517
8588,0.473534494638443
8589,0.5080161094665527
8590,0.5934966802597046
8591,0.6830853819847107
8592,0.4521968364715576
8593,0.7161852717399597
8594,0.5143275856971741
8595,0.558703601360321
8596,0.5111631155014038
8597,0.4781574308872223
8598,0.5194469690322876
8599,0.42246943712234497
8600,0.4286118149757385
8601,0.25956493616104126
8602,0.4902167022228241
8603,0.32551708817481995
8604,0.3985029458999634
8605,0.29689860343933105
8606,0.23694024980068207
8607,0.2792311906814575
8608,0.33540576696395874
8609,0.42681795358657837
8610,0.33941832184791565
8611,0.2442242056131363
8612,0.16778691112995148
8613,0.20368579030036926
8614,0.16865386068820953
8615,0.1611374169588089
8616,0.15824571251869202
8617,0.1965867429971695
8618,0.19037792086601257
8619,0.18672239780426025
8620,0.1906134933233261
8621,0.14192944765090942
8622,0.14136053621768951
8623,0.14012248814105988
8624,0.14710833132266998
8625,0.2072134166955948
8626,0.24290303885936737
8627,0.19982390105724335
8628,0.1106334775686264
8629,0.09644509106874466
8630,0.10416101664304733
8631,0.164445161819458
8632,0.13695597648620605
8633,0.22348636388778687
8634,0.2337595820426941
8635,0.3389066159725189
8636,0.3783138394355774
8637,0.40040579438209534
8638,0.3905714452266693
8639,0.43205708265304565
8640,0.38667675852775574
8641,0.4681008756160736
8642,0.3281141519546509
8643,0.5273212790489197
8644,0.4821341037750244
8645,0.5545957684516907
8646,0.51376873254776
8647,0.4596913754940033
8648,0.3724363446235657
8649,0.4933682978153229
8650,0.3594730794429779
8651,0.36574333906173706
8652,0.5004919767379761
8653,0.43557673692703247
8654,0.43750593066215515
8655,0.44285720586776733
8656,0.2801733911037445
8657,0.3243832290172577
8658,0.30104079842567444
8659,0.43928253650665283
8660,0.38466620445251465
8661,0.34375762939453125
8662,0.33336153626441956
8663,0.4084206819534302
8664,0.3290521502494812
8665,0.29130280017852783
8666,0.2743355333805084
8667,0.2505733072757721
8668,0.30146458745002747
8669,0.40565285086631775
8670,0.3303755521774292
8671,0.28682181239128113
8672,0.22086429595947266
8673,0.32796013355255127
8674,0.29023435711860657
8675,0.407071053981781
8676,0.3022644817829132
8677,0.2393880933523178
8678,0.20115253329277039
8679,0.19250215590000153
8680,0.3703329861164093
8681,0.2822308838367462
8682,0.19992993772029877
8683,0.3072517514228821
8684,0.20696330070495605
8685,0.2501826882362366
8686,0.24907414615154266
8687,0.22219589352607727
8688,0.20263449847698212
8689,0.15797920525074005
8690,0.1908290982246399
8691,0.22966966032981873
8692,0.1722925454378128
8693,0.2805044651031494
8694,0.18880045413970947
8695,0.22521696984767914
8696,0.18713748455047607
8697,0.18103091418743134
8698,0.40721890330314636
8699,0.2879813015460968
8700,0.16151900589466095
8701,0.1745396852493286
8702,0.121087945997715
8703,0.3095702528953552
8704,0.2577715814113617
8705,0.3837410807609558
8706,0.26359331607818604
8707,0.2814231216907501
8708,0.28944531083106995
8709,0.3008473217487335
8710,0.42021653056144714
8711,0.41712746024131775
8712,0.5184699892997742
8713,0.3536621630191803
8714,0.3565059006214142
8715,0.3496912121772766
8716,0.3795130252838135
8717,0.22983509302139282
8718,0.2595260441303253
8719,0.3014982342720032
8720,0.3160344958305359
8721,0.2944992482662201
8722,0.27335938811302185
8723,0.26900044083595276
8724,0.22908002138137817
8725,0.17766565084457397
8726,0.16803669929504395
8727,0.13949009776115417
8728,0.18440012633800507
8729,0.17401334643363953
8730,0.15873824059963226
8731,0.22428295016288757
8732,0.206720769405365
8733,0.2599625289440155
8734,0.20815783739089966
8735,0.2106703519821167
8736,0.09662853181362152
8737,0.21107760071754456
8738,0.10474592447280884
8739,0.1236228346824646
8740,0.21265670657157898
8741,0.1793764978647232
8742,0.16661536693572998
8743,0.2381126433610916
8744,0.14068879187107086
8745,0.2880406975746155
8746,0.3448331952095032
8747,0.3164485692977905
8748,0.33205926418304443
8749,0.4155251383781433
8750,0.38307255506515503
8751,0.40295588970184326
8752,0.3649483323097229
8753,0.4637748599052429
8754,0.5050911903381348
8755,0.48195645213127136
8756,0.35612455010414124
8757,0.394327849149704
8758,0.43661051988601685
8759,0.36276066303253174
8760,0.40432941913604736
8761,0.3921182453632355
8762,0.3939153552055359
8763,0.47478967905044556
8764,0.507727861404419
8765,0.41348087787628174
8766,0.5041681528091431
8767,0.47922101616859436
8768,0.4579896628856659
8769,0.39192891120910645
8770,0.34977957606315613
8771,0.4000709354877472
8772,0.3630865514278412
8773,0.27068400382995605
8774,0.38966912031173706
8775,0.38428857922554016
8776,0.2631351947784424
8777,0.3377833962440491
8778,0.323215514421463
8779,0.30766746401786804
8780,0.30633360147476196
8781,0.348261296749115
8782,0.19360187649726868
8783,0.21715907752513885
8784,0.23432286083698273
8785,0.20261287689208984
8786,0.26831871271133423
8787,0.2561422884464264
8788,0.1922260969877243
8789,0.2097347378730774
8790,0.24247345328330994
8791,0.19705983996391296
8792,0.1398276537656784
8793,0.15162351727485657
8794,0.150138258934021
8795,0.18585234880447388
8796,0.24817174673080444
8797,0.191736102104187
8798,0.1794205754995346
8799,0.23176315426826477
8800,0.18209245800971985
8801,0.18344798684120178
8802,0.26861679553985596
8803,0.26343128085136414
8804,0.19391323626041412
8805,0.22121301293373108
8806,0.2688787877559662
8807,0.2104194611310959
8808,0.21379275619983673
8809,0.27220404148101807
8810,0.2445821911096573
8811,0.272440105676651
8812,0.278072327375412
8813,0.22018679976463318
8814,0.19233378767967224
8815,0.21811944246292114
8816,0.16492794454097748
8817,0.24878846108913422
8818,0.19085656106472015
8819,0.16185566782951355
8820,0.2543184161186218
8821,0.24934834241867065
8822,0.21726495027542114
8823,0.18884384632110596
8824,0.16157706081867218
8825,0.13847149908542633
8826,0.30534613132476807
8827,0.18030041456222534
8828,0.2149476408958435
8829,0.20015308260917664
8830,0.2146536409854889
8831,0.1807820051908493
8832,0.20528295636177063
8833,0.171732097864151
8834,0.2008095383644104
8835,0.11671112477779388
8836,0.1615411639213562
8837,0.17655932903289795
8838,0.23170165717601776
8839,0.1464623510837555
8840,0.1541719287633896
8841,0.24009333550930023
8842,0.17708730697631836
8843,0.2156541794538498
8844,0.2912188172340393
8845,0.382529616355896
8846,0.15458843111991882
8847,0.1766366958618164
8848,0.18809229135513306
8849,0.16271832585334778
8850,0.19429397583007812
8851,0.16537214815616608
8852,0.19759151339530945
8853,0.20161907374858856
8854,0.14752553403377533
8855,0.23400099575519562
8856,0.15603454411029816
8857,0.10864277184009552
8858,0.12722201645374298
8859,0.15204556286334991
8860,0.1931983083486557
8861,0.11985355615615845
8862,0.1250600665807724
8863,0.1805122047662735
8864,0.2776482403278351
8865,0.13759765028953552
8866,0.1259799301624298
8867,0.17275260388851166
8868,0.11592578142881393
8869,0.19830404222011566
8870,0.2198064923286438
8871,0.13417081534862518
8872,0.1644069105386734
8873,0.12529581785202026
8874,0.1751222461462021
8875,0.20197813212871552
8876,0.20692579448223114
8877,0.20292557775974274
8878,0.16189901530742645
8879,0.20624835789203644
8880,0.32779112458229065
8881,0.19975556433200836
8882,0.2182360738515854
8883,0.22445151209831238
8884,0.17240920662879944
8885,0.2065664827823639
8886,0.18302807211875916
8887,0.2088598608970642
8888,0.24300041794776917
8889,0.15622979402542114
8890,0.22541484236717224
8891,0.3173895478248596
8892,0.18728743493556976
8893,0.22438685595989227
8894,0.337091863155365
8895,0.340741902589798
8896,0.2667387127876282
8897,0.3400387763977051
8898,0.24763734638690948
8899,0.40781089663505554
8900,0.3711569309234619
8901,0.36929845809936523
8902,0.2851244807243347
8903,0.3125882148742676
8904,0.4183221459388733
8905,0.40721720457077026
8906,0.3568263351917267
8907,0.3956702649593353
8908,0.3210807144641876
8909,0.4050954282283783
8910,0.31106680631637573
8911,0.21578994393348694
8912,0.27251484990119934
8913,0.2764374911785126
8914,0.26772409677505493
8915,0.2298591583967209
8916,0.28272393345832825
8917,0.4518777132034302
8918,0.30963441729545593
8919,0.300624281167984
8920,0.3956158459186554
8921,0.36102181673049927
8922,0.41106295585632324
8923,0.3506864309310913
8924,0.3513597846031189
8925,0.34682580828666687
8926,0.39596712589263916
8927,0.32864680886268616
8928,0.3668542206287384
8929,0.2663775384426117
8930,0.27778804302215576
8931,0.25582098960876465
8932,0.15759482979774475
8933,0.285992294549942
8934,0.27882418036460876
8935,0.23620310425758362
8936,0.3516492545604706
8937,0.2748045027256012
8938,0.2533537447452545
8939,0.12938815355300903
8940,0.1798182725906372
8941,0.12594963610172272
8942,0.2235965132713318
8943,0.21893708407878876
8944,0.09155666083097458
8945,0.11064571142196655
8946,0.15722446143627167
8947,0.21217302978038788
8948,0.18527843058109283
8949,0.14487148821353912
8950,0.13459326326847076
8951,0.09476881474256516
8952,0.1628173291683197
8953,0.16441534459590912
8954,0.11956775188446045
8955,0.22337153553962708
8956,0.1671442687511444
8957,0.1846190243959427
8958,0.24772630631923676
8959,0.12592850625514984
8960,0.26318711042404175
8961,0.31848669052124023
8962,0.16157223284244537
8963,0.2666547894477844
8964,0.20189575850963593
8965,0.1990552693605423
8966,0.21540839970111847
8967,0.19252735376358032
8968,0.2791133224964142
8969,0.2602561414241791
8970,0.18676801025867462
8971,0.15774787962436676
8972,0.2613034248352051
8973,0.31031534075737
8974,0.22076064348220825
8975,0.23475772142410278
8976,0.2797709107398987
8977,0.17471523582935333
8978,0.2241334468126297
8979,0.2507863938808441
8980,0.2222539484500885
8981,0.30343854427337646
8982,0.13687825202941895
8983,0.1508684754371643
8984,0.23473361134529114
8985,0.23606283962726593
8986,0.33085912466049194
8987,0.23523642122745514
8988,0.27849116921424866
8989,0.2845565378665924
8990,0.33481642603874207
8991,0.21864792704582214
8992,0.34787723422050476
8993,0.2532453238964081
8994,0.23507435619831085
8995,0.2022726684808731
8996,0.3030070662498474
8997,0.20733293890953064
8998,0.24904397130012512
8999,0.24764326214790344
9000,0.28736042976379395
9001,0.24262738227844238
9002,0.3111734688282013
9003,0.21619433164596558
9004,0.3259805738925934
9005,0.3573525547981262
9006,0.22128082811832428
9007,0.2837301194667816
9008,0.36126354336738586
9009,0.23957164585590363
9010,0.2534729540348053
9011,0.25382184982299805
9012,0.19038338959217072
9013,0.27087661623954773
9014,0.28652840852737427
9015,0.27526038885116577
9016,0.24781271815299988
9017,0.1835961490869522
9018,0.3000777065753937
9019,0.2520886957645416
9020,0.3444806635379791
9021,0.18481332063674927
9022,0.18457764387130737
9023,0.24832290410995483
9024,0.1641497164964676
9025,0.12514205276966095
9026,0.29322168231010437
9027,0.2534295916557312
9028,0.2466915100812912
9029,0.12925434112548828
9030,0.18435192108154297
9031,0.16539621353149414
9032,0.17305220663547516
9033,0.16254152357578278
9034,0.1925581991672516
9035,0.15527567267417908
9036,0.22710475325584412
9037,0.15135757625102997
9038,0.24464762210845947
9039,0.2582106292247772
9040,0.12129800766706467
9041,0.1483248770236969
9042,0.2687647342681885
9043,0.13158521056175232
9044,0.22363461554050446
9045,0.13219137489795685
9046,0.16739827394485474
9047,0.17816121876239777
9048,0.20221005380153656
9049,0.3109809458255768
9050,0.25829917192459106
9051,0.1604769080877304
9052,0.31313130259513855
9053,0.2619513273239136
9054,0.22870896756649017
9055,0.25650307536125183
9056,0.21786992251873016
9057,0.2554912567138672
9058,0.36417365074157715
9059,0.2789324223995209
9060,0.23919278383255005
9061,0.27276095747947693
9062,0.19678166508674622
9063,0.38644009828567505
9064,0.20773620903491974
9065,0.2812822461128235
9066,0.2501901686191559
9067,0.38702675700187683
9068,0.35361623764038086
9069,0.26164788007736206
9070,0.23489175736904144
9071,0.30367526412010193
9072,0.21938566863536835
9073,0.2467615157365799
9074,0.2800552546977997
9075,0.37383243441581726
9076,0.2587984502315521
9077,0.3258095681667328
9078,0.16518373787403107
9079,0.3589579164981842
9080,0.25488966703414917
9081,0.23237201571464539
9082,0.2335509955883026
9083,0.2288011908531189
9084,0.24145950376987457
9085,0.26143476366996765
9086,0.20969271659851074
9087,0.23966597020626068
9088,0.23520225286483765
9089,0.2487487941980362
9090,0.27949848771095276
9091,0.24230708181858063
9092,0.36154353618621826
9093,0.3885573446750641
9094,0.23355379700660706
9095,0.28300538659095764
9096,0.1850317418575287
9097,0.1274189054965973
9098,0.2176486700773239
9099,0.21643324196338654
9100,0.13261187076568604
9101,0.25557950139045715
9102,0.2338409721851349
9103,0.2052984982728958
9104,0.1410839557647705
9105,0.2580051124095917
9106,0.2985346019268036
9107,0.1917603462934494
9108,0.2065071016550064
9109,0.19995473325252533
9110,0.14697375893592834
9111,0.18949149549007416
9112,0.23290102183818817
9113,0.15228065848350525
9114,0.19936442375183105
9115,0.17424117028713226
9116,0.20276594161987305
9117,0.21761146187782288
9118,0.31729856133461
9119,0.22403216361999512
9120,0.12774813175201416
9121,0.17322172224521637
9122,0.1584778130054474
9123,0.20010147988796234
9124,0.3148037791252136
9125,0.1794390082359314
9126,0.25167280435562134
9127,0.12232176959514618
9128,0.22382421791553497
9129,0.13791079819202423
9130,0.23710285127162933
9131,0.1351785510778427
9132,0.1133059710264206
9133,0.134714275598526
9134,0.30724233388900757
9135,0.14779438078403473
9136,0.307696133852005
9137,0.20988766849040985
9138,0.17042674124240875
9139,0.13683901727199554
9140,0.15724623203277588
9141,0.15263581275939941
9142,0.19952626526355743
9143,0.17593137919902802
9144,0.298448771238327
9145,0.2206825464963913
9146,0.19518619775772095
9147,0.1552060842514038
9148,0.14788980782032013
9149,0.242860808968544
9150,0.16922900080680847
9151,0.22017283737659454
9152,0.16061341762542725
9153,0.15746836364269257
9154,0.19648601114749908
9155,0.23241651058197021
9156,0.2747191786766052
9157,0.4039943218231201
9158,0.6119585037231445
9159,0.6714597344398499
9160,0.7708382606506348
9161,0.7606586217880249
9162,0.49424654245376587
9163,0.4625230133533478
9164,0.43976742029190063
9165,0.4311469793319702
9166,0.3294248580932617
9167,0.391579806804657
9168,0.3567126393318176
9169,0.349962443113327
9170,0.3611868917942047
9171,0.41982898116111755
9172,0.36246323585510254
9173,0.309230238199234
9174,0.27697423100471497
9175,0.2156655639410019
9176,0.32532525062561035
9177,0.3120482265949249
9178,0.24749056994915009
9179,0.3928120732307434
9180,0.3854261636734009
9181,0.262876957654953
9182,0.4340546429157257
9183,0.46887198090553284
9184,0.4230998456478119
9185,0.6080329418182373
9186,0.5619743466377258
9187,0.48174169659614563
9188,0.6037783622741699
9189,0.38727015256881714
9190,0.4176538288593292
9191,0.5048542618751526
9192,0.46527740359306335
9193,0.4982740879058838
9194,0.4098128080368042
9195,0.49734774231910706
9196,0.48745197057724
9197,0.4282890260219574
9198,0.35401320457458496
9199,0.4040529429912567
9200,0.30794838070869446
9201,0.23319202661514282
9202,0.33890530467033386
9203,0.2817201614379883
9204,0.3087533414363861
9205,0.22670312225818634
9206,0.31030774116516113
9207,0.208182692527771
9208,0.32267919182777405
9209,0.2981645464897156
9210,0.34583649039268494
9211,0.2827446460723877
9212,0.22750119864940643
9213,0.20905731618404388
9214,0.2335599958896637
9215,0.2754119634628296
9216,0.2843228280544281
9217,0.2154054492712021
9218,0.20228858292102814
9219,0.2797134220600128
9220,0.13913443684577942
9221,0.1637309491634369
9222,0.26230478286743164
9223,0.2422567754983902
9224,0.21926374733448029
9225,0.1468658745288849
9226,0.12741094827651978
9227,0.26242727041244507
9228,0.23029159009456635
9229,0.22376249730587006
9230,0.2418045550584793
9231,0.15601037442684174
9232,0.14054152369499207
9233,0.13844630122184753
9234,0.1735072135925293
9235,0.21349824965000153
9236,0.1211765855550766
9237,0.1752275675535202
9238,0.14511039853096008
9239,0.1296752691268921
9240,0.1725814789533615
9241,0.15736690163612366
9242,0.10317520052194595
9243,0.23216882348060608
9244,0.15910370647907257
9245,0.15403492748737335
9246,0.19116827845573425
9247,0.16568537056446075
9248,0.2098681479692459
9249,0.26650211215019226
9250,0.21459582448005676
9251,0.17215019464492798
9252,0.13967138528823853
9253,0.224731907248497
9254,0.181435227394104
9255,0.16351410746574402
9256,0.15491753816604614
9257,0.21289576590061188
9258,0.32406851649284363
9259,0.2543160319328308
9260,0.3507939577102661
9261,0.18966855108737946
9262,0.19258885085582733
9263,0.24284140765666962
9264,0.22083163261413574
9265,0.22021768987178802
9266,0.2455851435661316
9267,0.2966731786727905
9268,0.14535585045814514
9269,0.24106274545192719
9270,0.19242456555366516
9271,0.22561359405517578
9272,0.19428764283657074
9273,0.1879533976316452
9274,0.16345617175102234
9275,0.2268112748861313
9276,0.2041345238685608
9277,0.18188096582889557
9278,0.20268820226192474
9279,0.19599144160747528
9280,0.18946291506290436
9281,0.1980445832014084
9282,0.18962286412715912
9283,0.21482941508293152
9284,0.16000384092330933
9285,0.2104921042919159
9286,0.24881276488304138
9287,0.13336557149887085
9288,0.14289796352386475
9289,0.15215036273002625
9290,0.13194210827350616
9291,0.2923080027103424
9292,0.16408580541610718
9293,0.2275329977273941
9294,0.28140220046043396
9295,0.33082833886146545
9296,0.31964728236198425
9297,0.36542192101478577
9298,0.30999407172203064
9299,0.2744026780128479
9300,0.26324841380119324
9301,0.26533353328704834
9302,0.2494611144065857
9303,0.20994332432746887
9304,0.19990414381027222
9305,0.1915006935596466
9306,0.1618831306695938
9307,0.17877300083637238
9308,0.1461227387189865
9309,0.11390075832605362
9310,0.20633088052272797
9311,0.18525654077529907
9312,0.22890707850456238
9313,0.11972258239984512
9314,0.10235270857810974
9315,0.14905047416687012
9316,0.17369626462459564
9317,0.12511582672595978
9318,0.12485707551240921
9319,0.20467406511306763
9320,0.23463119566440582
9321,0.2112969607114792
9322,0.134042888879776
9323,0.1574784368276596
9324,0.14763471484184265
9325,0.15709605813026428
9326,0.14267924427986145
9327,0.1455073058605194
9328,0.17639456689357758
9329,0.15770204365253448
9330,0.12519876658916473
9331,0.14773690700531006
9332,0.11438816040754318
9333,0.1285673826932907
9334,0.17177510261535645
9335,0.18798144161701202
9336,0.18006892502307892
9337,0.13523419201374054
9338,0.14513222873210907
9339,0.16773363947868347
9340,0.17088033258914948
9341,0.2271091192960739
9342,0.22531385719776154
9343,0.1770164668560028
9344,0.1548280417919159
9345,0.2077185958623886
9346,0.14830328524112701
9347,0.14343732595443726
9348,0.12537838518619537
9349,0.24395106732845306
9350,0.16822795569896698
9351,0.125626802444458
9352,0.1298234909772873
9353,0.1980891078710556
9354,0.23142951726913452
9355,0.16868862509727478
9356,0.14107301831245422
9357,0.1190514862537384
9358,0.20721377432346344
9359,0.22269390523433685
9360,0.12063555419445038
9361,0.20808997750282288
9362,0.1564941108226776
9363,0.19543276727199554
9364,0.21895179152488708
9365,0.19506558775901794
9366,0.19133815169334412
9367,0.2329467535018921
9368,0.20188401639461517
9369,0.12513607740402222
9370,0.10259927809238434
9371,0.22219786047935486
9372,0.13300810754299164
9373,0.17843998968601227
9374,0.2163393348455429
9375,0.17448607087135315
9376,0.10707232356071472
9377,0.19847288727760315
9378,0.16510029137134552
9379,0.20217439532279968
9380,0.12900519371032715
9381,0.14886316657066345
9382,0.14628008008003235
9383,0.16925038397312164
9384,0.18104596436023712
9385,0.1783258318901062
9386,0.11549609154462814
9387,0.17874497175216675
9388,0.18993104994297028
9389,0.22683554887771606
9390,0.16726826131343842
9391,0.14948523044586182
9392,0.11477554589509964
9393,0.15899862349033356
9394,0.16331574320793152
9395,0.19167011976242065
9396,0.17791421711444855
9397,0.22395049035549164
9398,0.24055084586143494
9399,0.31440141797065735
9400,0.2830657958984375
9401,0.31073006987571716
9402,0.258890837430954
9403,0.25433290004730225
9404,0.2677576541900635
9405,0.2879621982574463
9406,0.31909555196762085
9407,0.264299213886261
9408,0.23625436425209045
9409,0.32299554347991943
9410,0.2664944529533386
9411,0.2936444878578186
9412,0.34696391224861145
9413,0.19752073287963867
9414,0.24048161506652832
9415,0.23879998922348022
9416,0.3133879005908966
9417,0.2908139228820801
9418,0.3487347364425659
9419,0.42765143513679504
9420,0.3744891881942749
9421,0.469373881816864
9422,0.459116131067276
9423,0.5088170170783997
9424,0.3845197558403015
9425,0.3582301139831543
9426,0.22761666774749756
9427,0.1545659303665161
9428,0.18611189723014832
9429,0.21063002943992615
9430,0.1761099249124527
9431,0.24550150334835052
9432,0.39177078008651733
9433,0.32728150486946106
9434,0.40770411491394043
9435,0.4937608242034912
9436,0.4759136736392975
9437,0.483093798160553
9438,0.30352386832237244
9439,0.4011215269565582
9440,0.26854264736175537
9441,0.2901281714439392
9442,0.19412857294082642
9443,0.23295921087265015
9444,0.16089101135730743
9445,0.12256841361522675
9446,0.17891985177993774
9447,0.1574249267578125
9448,0.20508955419063568
9449,0.13563011586666107
9450,0.1624714881181717
9451,0.15648789703845978
9452,0.07769318670034409
9453,0.1474694311618805
9454,0.15893206000328064
9455,0.10528525710105896
9456,0.13113850355148315
9457,0.12031576782464981
9458,0.11653123050928116
9459,0.09867823123931885
9460,0.11420309543609619
9461,0.09766796976327896
9462,0.1280563920736313
9463,0.1509162038564682
9464,0.11667106300592422
9465,0.07457619905471802
9466,0.12192784994840622
9467,0.1262136697769165
9468,0.14045359194278717
9469,0.1612987518310547
9470,0.13110914826393127
9471,0.1925281435251236
9472,0.1508202999830246
9473,0.1295025646686554
9474,0.10045088082551956
9475,0.16945704817771912
9476,0.13690754771232605
9477,0.14376559853553772
9478,0.17616479098796844
9479,0.1644412875175476
9480,0.18495666980743408
9481,0.20638878643512726
9482,0.1331932097673416
9483,0.1765175312757492
9484,0.19125042855739594
9485,0.15514841675758362
9486,0.19270551204681396
9487,0.21273112297058105
9488,0.22955045104026794
9489,0.17255911231040955
9490,0.19353853166103363
9491,0.223444402217865
9492,0.1601111739873886
9493,0.17895817756652832
9494,0.16731537878513336
9495,0.25212475657463074
9496,0.22812195122241974
9497,0.34978482127189636
9498,0.31629109382629395
9499,0.32633402943611145
9500,0.23859038949012756
9501,0.26950299739837646
9502,0.28875523805618286
9503,0.14992913603782654
9504,0.24081720411777496
9505,0.24362455308437347
9506,0.13267429172992706
9507,0.2133699506521225
9508,0.24601779878139496
9509,0.21401211619377136
9510,0.19417035579681396
9511,0.17092150449752808
9512,0.2409854233264923
9513,0.23627185821533203
9514,0.3161240518093109
9515,0.19211065769195557
9516,0.30427712202072144
9517,0.19834335148334503
9518,0.26114213466644287
9519,0.18465469777584076
9520,0.16899274289608002
9521,0.21743014454841614
9522,0.17809627950191498
9523,0.2411804348230362
9524,0.21102459728717804
9525,0.25424015522003174
9526,0.32563725113868713
9527,0.3304670453071594
9528,0.2501107156276703
9529,0.25734981894493103
9530,0.28414738178253174
9531,0.2386806458234787
9532,0.3217428922653198
9533,0.22530561685562134
9534,0.21236874163150787
9535,0.27495089173316956
9536,0.2150842398405075
9537,0.2170039862394333
9538,0.19571426510810852
9539,0.1992536038160324
9540,0.21424445509910583
9541,0.1680494099855423
9542,0.2830783724784851
9543,0.34527477622032166
9544,0.21400593221187592
9545,0.3429858088493347
9546,0.26174214482307434
9547,0.23182624578475952
9548,0.13950282335281372
9549,0.14747034013271332
9550,0.16485154628753662
9551,0.24685099720954895
9552,0.16935092210769653
9553,0.18938705325126648
9554,0.23252275586128235
9555,0.1806243509054184
9556,0.11080466955900192
9557,0.18844902515411377
9558,0.1934317797422409
9559,0.15988340973854065
9560,0.15840210020542145
9561,0.15168088674545288
9562,0.14865460991859436
9563,0.25420594215393066
9564,0.11635376513004303
9565,0.07340767979621887
9566,0.2018735408782959
9567,0.1805073767900467
9568,0.24663373827934265
9569,0.15936395525932312
9570,0.1846172958612442
9571,0.2310527116060257
9572,0.21521516144275665
9573,0.15849994122982025
9574,0.2404782772064209
9575,0.1103648692369461
9576,0.18188054859638214
9577,0.12866337597370148
9578,0.14166142046451569
9579,0.16907188296318054
9580,0.18150389194488525
9581,0.12671315670013428
9582,0.1703285276889801
9583,0.15707029402256012
9584,0.12149995565414429
9585,0.1286381483078003
9586,0.15756827592849731
9587,0.143027663230896
9588,0.12242350727319717
9589,0.15973925590515137
9590,0.14930620789527893
9591,0.12864844501018524
9592,0.13121281564235687
9593,0.10290844738483429
9594,0.10204234719276428
9595,0.22801770269870758
9596,0.254559189081192
9597,0.1821906417608261
9598,0.18205390870571136
9599,0.32669657468795776
9600,0.19646449387073517
9601,0.21880899369716644
9602,0.2294495850801468
9603,0.15202981233596802
9604,0.1549621969461441
9605,0.1906212866306305
9606,0.25256869196891785
9607,0.2720377743244171
9608,0.24446913599967957
9609,0.25593841075897217
9610,0.2823488712310791
9611,0.31037187576293945
9612,0.49677160382270813
9613,0.5318200588226318
9614,0.40937745571136475
9615,0.3949830234050751
9616,0.3901335895061493
9617,0.28322097659111023
9618,0.30500832200050354
9619,0.3117038607597351
9620,0.35250523686408997
9621,0.20934419333934784
9622,0.22373391687870026
9623,0.2660861909389496
9624,0.2479909211397171
9625,0.30282190442085266
9626,0.2567172348499298
9627,0.22807978093624115
9628,0.17213138937950134
9629,0.1664414256811142
9630,0.16568593680858612
9631,0.16239053010940552
9632,0.23091520369052887
9633,0.2167121320962906
9634,0.21430587768554688
9635,0.18274760246276855
9636,0.2591535151004791
9637,0.20099873840808868
9638,0.17627903819084167
9639,0.16602297127246857
9640,0.2273692786693573
9641,0.2900814116001129
9642,0.1549353450536728
9643,0.17615191638469696
9644,0.2130306214094162
9645,0.1684628427028656
9646,0.12775346636772156
9647,0.12649860978126526
9648,0.18262140452861786
9649,0.24287202954292297
9650,0.18366414308547974
9651,0.14901894330978394
9652,0.16822321712970734
9653,0.21084138751029968
9654,0.29427576065063477
9655,0.27134668827056885
9656,0.2615714967250824
9657,0.33921128511428833
9658,0.19635070860385895
9659,0.24221912026405334
9660,0.30674615502357483
9661,0.29065608978271484
9662,0.24864061176776886
9663,0.20543524622917175
9664,0.20682966709136963
9665,0.20120468735694885
9666,0.32030999660491943
9667,0.2475568950176239
9668,0.24637986719608307
9669,0.16818886995315552
9670,0.18233104050159454
9671,0.18842144310474396
9672,0.2207576185464859
9673,0.21678526699543
9674,0.1821691393852234
9675,0.16918690502643585
9676,0.20069994032382965
9677,0.31188130378723145
9678,0.2913896441459656
9679,0.16241034865379333
9680,0.17959600687026978
9681,0.19322903454303741
9682,0.20318789780139923
9683,0.2875901162624359
9684,0.1991647332906723
9685,0.16186180710792542
9686,0.10552766919136047
9687,0.21879419684410095
9688,0.14123903214931488
9689,0.1643325537443161
9690,0.16408784687519073
9691,0.13858671486377716
9692,0.1532958298921585
9693,0.1424882411956787
9694,0.18680378794670105
9695,0.21555262804031372
9696,0.21673890948295593
9697,0.19872981309890747
9698,0.2665802538394928
9699,0.2399418205022812
9700,0.19981636106967926
9701,0.13599979877471924
9702,0.16815724968910217
9703,0.13460898399353027
9704,0.11112292855978012
9705,0.1714337319135666
9706,0.1284349113702774
9707,0.1554621160030365
9708,0.1746629774570465
9709,0.13756896555423737
9710,0.10125589370727539
9711,0.17467473447322845
9712,0.15914751589298248
9713,0.11979620903730392
9714,0.14145781099796295
9715,0.11947230994701385
9716,0.09869074821472168
9717,0.12262559682130814
9718,0.1089753732085228
9719,0.16392073035240173
9720,0.12640328705310822
9721,0.17086519300937653
9722,0.10974055528640747
9723,0.10741584002971649
9724,0.1336091309785843
9725,0.135713130235672
9726,0.11007913202047348
9727,0.09172650426626205
9728,0.11808013170957565
9729,0.11433014273643494
9730,0.12594184279441833
9731,0.14790308475494385
9732,0.13807205855846405
9733,0.1046280711889267
9734,0.11864401400089264
9735,0.12613743543624878
9736,0.14988332986831665
9737,0.16217921674251556
9738,0.10359788686037064
9739,0.12195160239934921
9740,0.14240653812885284
9741,0.08827044069766998
9742,0.16270343959331512
9743,0.14162889122962952
9744,0.1270800083875656
9745,0.1456911861896515
9746,0.1651555597782135
9747,0.1436057984828949
9748,0.15876729786396027
9749,0.20644405484199524
9750,0.14364688098430634
9751,0.13673031330108643
9752,0.14234037697315216
9753,0.09541445225477219
9754,0.0963233932852745
9755,0.11343761533498764
9756,0.17129196226596832
9757,0.13106797635555267
9758,0.09470157325267792
9759,0.11265619844198227
9760,0.14545530080795288
9761,0.11133038252592087
9762,0.10846761614084244
9763,0.12900087237358093
9764,0.15349996089935303
9765,0.10175725817680359
9766,0.14647847414016724
9767,0.16081200540065765
9768,0.14096376299858093
9769,0.1723288893699646
9770,0.12307797372341156
9771,0.12637081742286682
9772,0.16673722863197327
9773,0.12666064500808716
9774,0.1289810985326767
9775,0.12866796553134918
9776,0.1474320888519287
9777,0.15400047600269318
9778,0.12373273819684982
9779,0.08971671015024185
9780,0.13833893835544586
9781,0.10330470651388168
9782,0.11706887930631638
9783,0.10553361475467682
9784,0.10979696363210678
9785,0.11255721002817154
9786,0.17594656348228455
9787,0.08310985565185547
9788,0.08684390038251877
9789,0.12224672734737396
9790,0.1311439573764801
9791,0.08628390729427338
9792,0.16260439157485962
9793,0.18769314885139465
9794,0.1741841435432434
9795,0.2137984335422516
9796,0.1901351362466812
9797,0.15654252469539642
9798,0.15328921377658844
9799,0.16931726038455963
9800,0.13443109393119812
9801,0.18020614981651306
9802,0.18784846365451813
9803,0.1756506860256195
9804,0.18648265302181244
9805,0.17212601006031036
9806,0.2042623907327652
9807,0.1423449069261551
9808,0.1618122160434723
9809,0.22324493527412415
9810,0.18656711280345917
9811,0.1774558275938034
9812,0.19734898209571838
9813,0.21630828082561493
9814,0.21963848173618317
9815,0.1594054251909256
9816,0.2135872095823288
9817,0.2383757084608078
9818,0.20209917426109314
9819,0.22747598588466644
9820,0.24838197231292725
9821,0.332127183675766
9822,0.21921099722385406
9823,0.233170747756958
9824,0.23652395606040955
9825,0.27732110023498535
9826,0.19969695806503296
9827,0.20939423143863678
9828,0.1798495501279831
9829,0.18242157995700836
9830,0.1914314478635788
9831,0.17213670909404755
9832,0.19717314839363098
9833,0.20699699223041534
9834,0.3255099952220917
9835,0.257012277841568
9836,0.28137466311454773
9837,0.32634997367858887
9838,0.27630794048309326
9839,0.2550593912601471
9840,0.2431749403476715
9841,0.27637267112731934
9842,0.2564085125923157
9843,0.31285908818244934
9844,0.2339598685503006
9845,0.21729831397533417
9846,0.20160000026226044
9847,0.20481352508068085
9848,0.18994159996509552
9849,0.2748178541660309
9850,0.1899087131023407
9851,0.19613665342330933
9852,0.1950804740190506
9853,0.13888108730316162
9854,0.08981417119503021
9855,0.15996353328227997
9856,0.11082164943218231
9857,0.11829283088445663
9858,0.09278281778097153
9859,0.1067691519856453
9860,0.10352692753076553
9861,0.16560356318950653
9862,0.139469176530838
9863,0.1285880208015442
9864,0.0900694876909256
9865,0.1304485946893692
9866,0.121460922062397
9867,0.10928960144519806
9868,0.1375291496515274
9869,0.1608104258775711
9870,0.11356527358293533
9871,0.07274174690246582
9872,0.12410803884267807
9873,0.12328092008829117
9874,0.18177832663059235
9875,0.19224070012569427
9876,0.13929063081741333
9877,0.12229225784540176
9878,0.13555562496185303
9879,0.13508030772209167
9880,0.1307430863380432
9881,0.1739937961101532
9882,0.1798686683177948
9883,0.17558567225933075
9884,0.1377812922000885
9885,0.14826396107673645
9886,0.20128151774406433
9887,0.15958164632320404
9888,0.1830119788646698
9889,0.19439423084259033
9890,0.13550907373428345
9891,0.09833059459924698
9892,0.17274001240730286
9893,0.17242419719696045
9894,0.1389235109090805
9895,0.19486530125141144
9896,0.16032637655735016
9897,0.08311938494443893
9898,0.14251668751239777
9899,0.16085457801818848
9900,0.11495955288410187
9901,0.16683337092399597
9902,0.1724284291267395
9903,0.18451327085494995
9904,0.16132713854312897
9905,0.14570946991443634
9906,0.12065479904413223
9907,0.17426563799381256
9908,0.18966953456401825
9909,0.21357378363609314
9910,0.23027613759040833
9911,0.2325473427772522
9912,0.24186420440673828
9913,0.17001836001873016
9914,0.23424449563026428
9915,0.2031894326210022
9916,0.16355344653129578
9917,0.156133770942688
9918,0.24982914328575134
9919,0.19011864066123962
9920,0.17583374679088593
9921,0.20629967749118805
9922,0.25004974007606506
9923,0.15403202176094055
9924,0.2340250313282013
9925,0.16317115724086761
9926,0.123478002846241
9927,0.16588899493217468
9928,0.16457641124725342
9929,0.13226406276226044
9930,0.16025103628635406
9931,0.0978473499417305
9932,0.15046511590480804
9933,0.18476074934005737
9934,0.14560820162296295
9935,0.1612711250782013
9936,0.22382742166519165
9937,0.16269592940807343
9938,0.18073511123657227
9939,0.13419558107852936
9940,0.2420976608991623
9941,0.2369450032711029
9942,0.19792518019676208
9943,0.20803651213645935
9944,0.21542085707187653
9945,0.2124951183795929
9946,0.21283607184886932
9947,0.20375165343284607
9948,0.24485638737678528
9949,0.21702967584133148
9950,0.2433973103761673
9951,0.229385107755661
9952,0.21753351390361786
9953,0.21592068672180176
9954,0.1564345508813858
9955,0.1311798095703125
9956,0.19296526908874512
9957,0.15205107629299164
9958,0.24844513833522797
9959,0.19553405046463013
9960,0.16581852734088898
9961,0.21325978636741638
9962,0.19932293891906738
9963,0.15631939470767975
9964,0.2586202323436737
9965,0.27648454904556274
9966,0.1643747091293335
9967,0.2366580218076706
9968,0.1690114289522171
9969,0.19934457540512085
9970,0.24022354185581207
9971,0.20440223813056946
9972,0.21112960577011108
9973,0.21032506227493286
9974,0.17339104413986206
9975,0.16598021984100342
9976,0.24528886377811432
9977,0.1943836510181427
9978,0.2566532790660858
9979,0.1677522510290146
9980,0.20183590054512024
9981,0.20293015241622925
9982,0.10048631578683853
9983,0.24716228246688843
9984,0.21578937768936157
9985,0.1790066659450531
9986,0.11658001691102982
9987,0.1246642917394638
9988,0.18044982850551605
9989,0.1297648698091507
9990,0.1796659678220749
9991,0.14082160592079163
9992,0.19008560478687286
9993,0.2337663471698761
9994,0.2405328005552292
9995,0.2562377452850342
9996,0.2893200218677521
9997,0.281015545129776
9998,0.2169000208377838
9999,0.19956578314304352
