Step,Value
1,216245.703125
2,216245.703125
3,8677.41015625
4,3279852.25
5,3114945.25
6,3303839.25
7,3453189.25
8,3545506.25
9,3673667.0
10,3793788.5
11,3757974.25
12,99761.1015625
13,15204.6796875
14,3304830.5
15,98184.171875
16,3633621.5
17,105448.6015625
18,3383.2734375
19,3426053.25
20,4198921.5
21,140623.0
22,3790.5673828125
23,4280765.5
24,5085023.0
25,5483202.5
26,5045389.0
27,5090062.0
28,5080263.5
29,158142.65625
30,4624763.0
31,4850810.5
32,4925178.0
33,4800933.5
34,5118731.0
35,4539482.0
36,4454905.5
37,4932634.5
38,4192470.5
39,3999048.0
40,4072624.5
41,4437802.5
42,4279414.5
43,4167319.25
44,4940385.5
45,4720686.5
46,4539330.5
47,4557989.5
48,4320766.5
49,4439601.0
50,133270.75
51,3660969.25
52,4599877.0
53,151905.9375
54,4268894.0
55,4770209.5
56,5007227.0
57,5067212.5
58,5349530.5
59,5462912.0
60,5579949.5
61,5423466.5
62,152960.5625
63,4353992.0
64,4807708.0
65,4649184.5
66,4569930.5
67,4336107.0
68,3780263.5
69,4201396.5
70,4932201.0
71,4497442.0
72,4438132.5
73,4029872.5
74,4423193.5
75,4724453.0
76,4618866.5
77,4679672.0
78,4961771.0
79,5160084.0
80,5245610.0
81,4817030.0
82,4744192.0
83,150836.96875
84,4401805.5
85,4725707.0
86,5135874.5
87,5082636.0
88,5659408.0
89,5571067.5
90,5969021.0
91,5313991.0
92,160155.171875
93,4212314.0
94,132317.65625
95,3934014.0
96,4361751.5
97,4034808.25
98,3679823.25
99,3601026.25
100,3639729.5
101,3920078.5
102,3939291.25
103,3898450.75
104,3374801.5
105,4080257.5
106,4480010.0
107,4733667.0
108,4589508.5
109,5118553.5
110,143853.9375
111,4207778.0
112,120193.7421875
113,3331336.5
114,3904183.25
115,4104232.0
116,118238.4140625
117,3227209.0
118,3792740.0
119,4274612.5
120,140662.875
121,4542054.5
122,4767015.5
123,4695412.5
124,4514521.0
125,4788276.5
126,4838699.5
127,5010741.5
128,152417.75
129,5202978.5
130,4925912.0
131,5167051.5
132,4858653.5
133,4759647.0
134,4985295.5
135,4789338.5
136,5497862.5
137,5797455.0
138,5485977.5
139,5313806.0
140,5238917.5
141,161659.96875
142,4261655.0
143,5417531.0
144,5733358.5
145,5577823.5
146,5724079.5
147,5593213.5
148,5733131.5
149,5693084.0
150,5916443.0
151,6240970.5
152,6353145.0
153,5835910.0
154,168770.53125
155,4146997.25
156,172174.34375
157,4387179.5
158,4684554.5
159,4389729.5
160,4379306.5
161,4444642.0
162,151727.265625
163,4069062.75
164,4504785.5
165,4192311.5
166,4213624.5
167,4373677.0
168,4795093.0
169,4816169.5
170,4877308.5
171,4976061.5
172,5235131.0
173,5485061.5
174,5890560.0
175,5767318.0
176,5763867.5
177,164124.359375
178,12353.0458984375
179,5448457.5
180,5623892.5
181,6205640.5
182,6087165.0
183,176868.78125
184,4400534.5
185,5032427.0
186,4627813.0
187,4924662.0
188,4893978.5
189,4921039.5
190,4646710.5
191,4166244.0
192,3802631.25
193,3741658.75
194,3608670.5
195,3644500.75
196,4699766.0
197,4492691.5
198,4058477.0
199,4056773.25
200,4164643.25
201,4200940.5
202,4671251.5
203,5021736.5
204,5200862.5
205,4726741.5
206,5193884.0
207,4917909.0
208,5244467.0
209,5924344.5
210,181095.953125
211,5271225.0
212,6065373.5
213,6065806.0
214,164093.625
215,4087709.5
216,3944860.25
217,4108057.25
218,4012938.0
219,3893172.75
220,4547659.5
221,4057735.0
222,4716133.5
223,4575996.5
224,4681068.5
225,4061356.75
226,4439291.0
227,4266976.5
228,3820593.0
229,3549364.25
230,3713339.5
231,3111689.5
232,3649207.5
233,3953014.25
234,4122067.25
235,4417040.0
236,139592.375
237,3779988.25
238,4208112.5
239,4135163.75
240,4732459.5
241,4916235.0
242,4911527.0
243,4997065.0
244,5045164.5
245,5111307.5
246,5620028.5
247,5708633.0
248,5621917.5
249,5347365.0
250,5437209.0
251,5546249.5
252,5117516.5
253,5022296.5
254,4954124.0
255,183549.296875
256,4896064.5
257,4938870.0
258,4857735.0
259,5161174.5
260,144929.734375
261,0.0
262,14997.3427734375
263,4459803.5
264,4937502.0
265,5341404.0
266,4745839.0
267,5258450.0
268,4804817.0
269,4267744.0
270,4711447.0
271,5001871.0
272,5024652.5
273,4855500.0
274,5206111.0
275,5371388.5
276,5539510.5
277,5868937.0
278,6158768.0
279,6148984.5
280,6160731.5
281,5376757.0
282,5392768.0
283,4809216.0
284,5001197.0
285,4753301.5
286,4822505.5
287,5374980.0
288,5091999.5
289,5452563.0
290,5739989.5
291,5389163.5
292,5203495.5
293,170866.1875
294,4500237.0
295,4973867.5
296,5463274.0
297,5541370.0
298,4980669.0
299,5274461.0
300,5008509.0
301,5134452.0
302,5082367.0
303,4980848.5
304,165100.484375
305,3753871.25
306,4148333.0
307,4676158.5
308,4901887.5
309,4820310.0
310,4953504.0
311,4596988.5
312,4473228.0
313,4550205.0
314,4302501.0
315,4944491.0
316,4966161.5
317,5199143.5
318,4797491.5
319,5176714.0
320,5121441.5
321,5091805.0
322,162781.921875
323,4133558.25
324,5021652.5
325,4868965.5
326,4363889.0
327,4559935.0
328,4677883.5
329,146303.453125
330,3940564.0
331,4531764.5
332,4702493.5
333,4858017.0
334,4379116.0
335,4061961.25
336,3938335.25
337,112560.9921875
338,3411189.5
339,3592140.75
340,3552096.0
341,3929381.75
342,3961074.5
343,3650968.0
344,3974286.25
345,4066621.25
346,4294819.5
347,4697551.0
348,5136672.5
349,4583343.0
350,128986.8828125
351,3543769.0
352,3878387.75
353,4133824.0
354,111156.890625
355,3524520.75
356,3672908.75
357,3292377.25
358,4095999.75
359,4671800.0
360,4454565.0
361,130853.28125
362,4331766.0
363,139738.90625
364,3575.5859375
365,3669747.25
366,4330717.0
367,4071803.5
368,4331538.0
369,3873078.5
370,4450239.0
371,4766944.5
372,4769041.5
373,5360745.0
374,5763431.0
375,5629805.5
376,5862895.0
377,5309248.0
378,4664306.5
379,4832877.5
380,4949847.5
381,4933630.5
382,5311107.5
383,5740035.0
384,5527177.5
385,163243.828125
386,4668735.5
387,5495753.0
388,5193072.0
389,4585460.0
390,112206.640625
391,12060.833984375
392,2654.616455078125
393,2608.02587890625
394,2636117.0
395,3749673.25
396,4350496.5
397,4318818.5
398,4468297.5
399,128186.6640625
400,3865377.75
401,4351918.0
402,4174980.25
403,4024295.0
404,3572932.25
405,4453363.0
406,4141263.25
407,4436053.0
408,4726963.5
409,137558.421875
410,3528299.0
411,3990561.0
412,4652421.0
413,5044701.5
414,4967992.5
415,5056012.0
416,4670120.5
417,5207315.5
418,5123395.0
419,5186854.5
420,5556536.5
421,4745610.5
422,4272461.5
423,4080505.0
424,4278078.0
425,4440056.0
426,4817637.5
427,4844323.0
428,5081253.0
429,5284066.5
430,161897.578125
431,3798633.5
432,5118613.5
433,4916806.5
434,5101331.5
435,4894481.0
436,5886138.0
437,5577991.5
438,6250341.5
439,6583007.5
440,5995229.5
441,190561.125
442,4322745.0
443,4828680.0
444,4989088.5
445,160142.5625
446,4456374.0
447,5092402.5
448,5348747.5
449,4945282.0
450,4922256.5
451,4320015.5
452,4606761.5
453,4620863.5
454,4878708.0
455,4493082.0
456,4498450.0
457,4787881.0
458,4782856.0
459,4893422.0
460,4864855.5
461,4904717.0
462,133110.75
463,4128129.0
464,3819053.5
465,4479767.0
466,4787813.5
467,5527890.5
468,5931701.0
469,6041880.0
470,6364985.5
471,6724689.0
472,6739858.5
473,6298848.0
474,5666574.5
475,6614327.0
476,6970973.5
477,7142512.5
478,6993002.5
479,202987.984375
480,0.0
481,4867135.5
482,5563143.5
483,5272390.5
484,5030454.0
485,4801117.0
486,4865931.5
487,5258921.5
488,4941009.5
489,4502888.0
490,4338212.5
491,4497635.5
492,4379206.0
493,4169898.25
494,3928730.25
495,3437835.75
496,3351526.0
497,3499633.75
498,3854057.0
499,3683411.5
500,3998912.0
501,4256959.0
502,4311779.0
503,3800789.0
504,3527622.75
505,3732571.75
506,4133542.75
507,4059373.75
508,4213530.0
509,4167156.75
510,4096423.5
511,4519590.5
512,4780660.0
513,137445.71875
514,4175884.75
515,4749512.5
516,4663752.0
517,102207.9140625
518,4303780.5
519,4597870.5
520,4885643.0
521,5456987.0
522,5368777.5
523,5883605.0
524,5663604.5
525,5675954.5
526,195715.15625
527,4189281.75
528,4475047.0
529,5078961.5
530,4712329.0
531,5465168.0
532,5427458.0
533,176180.359375
534,5013.7451171875
535,3877338.5
536,4704149.5
537,4249888.5
538,4261369.0
539,4776524.5
540,148813.265625
541,4469225.0
542,155895.359375
543,4204342.5
544,4782319.0
545,4875291.5
546,4779784.0
547,5323956.0
548,5584210.0
549,5188307.5
550,5438968.0
551,5048241.0
552,4774535.0
553,4981618.0
554,4890397.5
555,5086961.5
556,5281758.5
557,5802514.0
558,5600358.5
559,5472682.5
560,5738839.5
561,5224382.0
562,5365521.0
563,5351865.5
564,5587429.0
565,5341378.0
566,5679838.5
567,4892470.5
568,4875373.5
569,4426690.0
570,3842170.25
571,4068067.5
572,4618672.5
573,4046999.0
574,117955.9453125
575,3128791.0
576,3517747.0
577,3776181.5
578,4537671.0
579,4857270.5
580,4952643.5
581,5491181.5
582,162211.265625
583,3774428.25
584,4854354.0
585,5330148.5
586,5422242.5
587,5507778.5
588,5586820.5
589,6020732.0
590,5981263.5
591,6619593.0
592,6173377.0
593,5951112.0
594,5603488.0
595,5488426.5
596,5466003.0
597,5064756.0
598,5356458.0
599,5967541.5
600,5594572.0
601,6011062.0
602,5735107.5
603,5012500.0
604,4781822.0
605,4635052.0
606,4912028.5
607,4530154.0
608,4137788.75
609,3681381.0
610,3975685.0
611,3801311.25
612,4517809.5
613,4981662.0
614,4982444.0
615,5070735.5
616,5092082.5
617,5382252.5
618,5244272.0
619,5197662.5
620,4450422.0
621,4948048.0
622,4640006.5
623,4559736.5
624,4606748.0
625,4488837.0
626,4607309.0
627,4984927.5
628,4896681.0
629,4540911.0
630,4968821.0
631,4752534.5
632,4995646.0
633,4450717.0
634,4262478.0
635,4096045.5
636,4050354.5
637,127158.984375
638,3941268.0
639,131391.3125
640,4400.7294921875
641,3250259.0
642,4422312.0
643,4864186.5
644,4972973.5
645,4835001.0
646,4894789.5
647,5117730.5
648,4632958.5
649,5573330.5
650,5139681.5
651,4878894.0
652,4577748.5
653,4699787.0
654,4709111.5
655,4947161.0
656,5132207.5
657,5297221.0
658,5083783.5
659,4902026.5
660,5205073.0
661,5319265.0
662,5117174.0
663,4581061.5
664,4924836.0
665,136480.1875
666,4057380.5
667,4731156.5
668,4322774.5
669,4358531.5
670,5197616.0
671,5402981.5
672,4728542.5
673,5060002.0
674,5062737.0
675,5233691.5
676,4802542.0
677,107587.875
678,4352404.5
679,5155580.0
680,4854701.0
681,4773951.5
682,139219.921875
683,4820593.5
684,5638074.0
685,5716243.5
686,5630891.5
687,5865993.5
688,5254551.0
689,5355620.5
690,5136665.0
691,169141.796875
692,4850072.5
693,5391042.5
694,5054253.5
695,4939849.0
696,5012931.0
697,152127.96875
698,4817137.0
699,5283519.5
700,5452196.5
701,5201180.5
702,5853063.0
703,5680494.5
704,5345090.0
705,5647588.5
706,5141714.0
707,5477553.0
708,5402340.5
709,4829357.5
710,5020074.5
711,5077902.5
712,5605813.0
713,6045145.0
714,5937444.5
715,5628388.5
716,168788.6875
717,3966865.25
718,4493686.5
719,142640.53125
720,3441035.5
721,4078587.25
722,4218823.5
723,4541832.5
724,4867536.0
725,4845323.5
726,4977879.0
727,148309.796875
728,3334390.0
729,3696133.75
730,4465668.5
731,4651912.0
732,4444513.5
733,151183.65625
734,3242451.0
735,4315491.0
736,4258852.0
737,136065.453125
738,3337951.0
739,4755401.5
740,4865357.5
741,5457264.0
742,5007444.5
743,5162600.0
744,4799371.0
745,4420271.0
746,4373904.5
747,4208469.5
748,4480876.5
749,4474805.0
750,4485580.5
751,125620.4296875
752,3796507.75
753,4596496.0
754,4609575.0
755,4327524.5
756,4606209.5
757,4422838.5
758,4516892.0
759,3944237.5
760,126464.0625
761,3882847.75
762,4658899.5
763,4765741.5
764,4981866.5
765,5866156.5
766,5830591.5
767,192525.1875
768,5285108.5
769,5876227.0
770,5895445.0
771,5872173.0
772,5663864.0
773,5956844.5
774,6158003.0
775,6450250.5
776,6410295.5
777,6442368.5
778,5886856.5
779,6270431.0
780,5886249.5
781,5302386.5
782,5092280.0
783,5072191.5
784,4783821.0
785,4362435.5
786,3994449.75
787,4318682.0
788,88160.328125
789,3025732.75
790,3865756.25
791,3857366.0
792,4432836.5
793,4405093.5
794,4527856.0
795,4763145.5
796,119217.7109375
797,4800193.0
798,5232547.0
799,181278.96875
800,5272593.5
801,5959913.0
802,5632244.0
803,5647818.0
804,5568356.0
805,5380970.5
806,5433728.5
807,4449238.5
808,4950917.5
809,5106827.5
810,5589634.5
811,4893753.0
812,4422383.5
813,4212957.5
814,3728508.5
815,3750798.75
816,3629200.75
817,3367814.75
818,3377892.75
819,3431042.25
820,3690751.25
821,128843.6796875
822,3081473.0
823,3772260.5
824,141014.140625
825,4020248.5
826,4293209.5
827,4750262.0
828,4535172.0
829,4740946.5
830,4703795.5
831,5325077.5
832,4800973.0
833,5230099.5
834,4789166.5
835,4994234.0
836,5311046.0
837,5146429.0
838,139829.28125
839,3784884.25
840,4382446.0
841,4495387.0
842,149188.953125
843,4051665.75
844,4816222.0
845,4868239.0
846,4554886.5
847,4506205.5
848,4589550.5
849,4651859.0
850,4284067.0
851,3993377.25
852,3697469.5
853,4021444.75
854,118656.609375
855,3298282.5
856,4374170.0
857,4669251.0
858,157394.34375
859,6931.6044921875
860,8355.1904296875
861,3678155.5
862,4612645.5
863,4728984.5
864,142103.6875
865,4010198.75
866,4817364.0
867,5286556.5
868,5322339.5
869,5386476.5
870,5490768.5
871,4885261.5
872,5411994.0
873,6287715.0
874,5407092.5
875,5347094.0
876,5719096.5
877,5642782.0
878,172778.03125
879,4637492.0
880,159713.5
881,4354356.5
882,4877406.0
883,5227196.5
884,5112728.0
885,5196406.0
886,5508518.5
887,5157398.5
888,5032900.0
889,4662817.0
890,4790301.0
891,145828.296875
892,3475652.5
893,4261647.0
894,4448495.5
895,4487846.5
896,4848413.0
897,4890219.5
898,4933676.5
899,4812308.5
900,4944609.0
901,4886645.5
902,138508.90625
903,3418209.5
904,4174642.5
905,4028714.5
906,4371544.5
907,4196409.0
908,4107935.25
909,3928015.5
910,3763572.5
911,3503141.5
912,3377280.0
913,98333.828125
914,3069206.25
915,3638891.25
916,4183625.25
917,4322250.5
918,4319021.0
919,4662323.5
920,4493386.5
921,4958919.5
922,5249488.5
923,5168165.0
924,5075583.5
925,5099231.5
926,6019508.5
927,5783053.0
928,5737966.5
929,5703452.5
930,156773.46875
931,4453563.0
932,4464118.0
933,4275865.0
934,4374837.0
935,3781161.75
936,4075614.5
937,118303.15625
938,3765614.0
939,4091858.75
940,4450110.0
941,119322.46875
942,3766852.5
943,4302876.0
944,4650153.5
945,4182636.5
946,138879.796875
947,9785.4677734375
948,4166650.0
949,4590136.5
950,4677851.5
951,4577292.5
952,4688719.5
953,4728634.0
954,5006038.0
955,5365049.0
956,147509.8125
957,3676847.75
958,3975500.5
959,3753415.0
960,3748606.5
961,133824.609375
962,3500340.5
963,4249055.0
964,124117.578125
965,4494026.5
966,4570511.0
967,4246059.5
968,4211594.5
969,4496848.5
970,4411063.0
971,4853798.5
972,4530957.5
973,4334527.0
974,4501166.5
975,114228.8203125
976,3265264.75
977,4041905.25
978,3962766.25
979,3798292.75
980,3657696.75
981,4150048.75
982,3785865.75
983,3760988.75
984,3937482.25
985,4088717.0
986,4272220.0
987,3992897.75
988,4053957.25
989,4398707.5
990,4385519.5
991,4280418.5
992,125754.78125
993,3521583.75
994,4461328.5
995,4224961.5
996,3975483.5
997,4348563.0
998,122843.75
999,3953045.75
1000,4490571.0
1001,4451415.0
1002,4377890.0
1003,3950879.5
1004,3477501.5
1005,3860720.5
1006,4192989.0
1007,3981527.0
1008,4513881.0
1009,4319515.5
1010,4695237.0
1011,4582587.0
1012,4572589.0
1013,4053787.0
1014,4775048.5
1015,5086993.5
1016,5081742.5
1017,5101280.5
1018,4828646.0
1019,4850777.0
1020,4910145.5
1021,4393744.0
1022,3968253.25
1023,100845.2265625
1024,3687835.0
1025,4166328.0
1026,4132797.0
1027,4329777.0
1028,3700759.25
1029,3489234.5
1030,3454256.0
1031,3884495.25
1032,4081290.25
1033,4020760.25
1034,3810182.5
1035,4521024.5
1036,4632919.5
1037,4844832.5
1038,4549098.5
1039,4738767.5
1040,5321258.0
1041,5567430.0
1042,5494145.0
1043,5673263.5
1044,5871645.5
1045,5908966.5
1046,179197.046875
1047,4212309.0
1048,4909200.0
1049,5080562.5
1050,5514486.0
1051,5439863.0
1052,150395.171875
1053,4047141.0
1054,4832066.5
1055,127492.234375
1056,3297398.75
1057,3636302.25
1058,4089441.0
1059,3566054.5
1060,4142169.0
1061,4150329.75
1062,3969969.0
1063,3743911.0
1064,3661445.75
1065,3837953.25
1066,3904149.0
1067,3500499.5
1068,3796082.5
1069,4358158.0
1070,4212592.5
1071,121197.796875
1072,3471277.25
1073,4299020.5
1074,4831782.0
1075,5208143.5
1076,4908283.0
1077,4864600.0
1078,5215354.0
1079,5320708.5
1080,158298.796875
1081,3564188.5
1082,4648520.0
1083,5076674.5
1084,5194311.0
1085,5496247.0
1086,5585487.0
1087,158309.859375
1088,4157842.5
1089,4340004.0
1090,4265369.0
1091,4473021.5
1092,4625981.5
1093,4522969.5
1094,4340713.5
1095,5151562.5
1096,4763235.0
1097,4874965.0
1098,4713721.5
1099,4181419.5
1100,3789677.0
1101,3992708.75
1102,103199.0546875
1103,3150265.0
1104,3641299.0
1105,4113456.5
1106,3854904.5
1107,4357501.5
1108,4517648.0
1109,4001930.0
1110,4117017.75
1111,4363632.0
1112,4397496.5
1113,128028.78125
1114,4137522.0
1115,4980243.0
1116,175248.734375
1117,4527290.0
1118,5093673.5
1119,4824078.5
1120,4400038.0
1121,136680.375
1122,3859213.25
1123,4312082.0
1124,4397974.0
1125,4493690.5
1126,3982918.75
1127,4308484.0
1128,4677474.5
1129,111900.625
1130,3474058.25
1131,4100944.75
1132,4571801.5
1133,5386804.0
1134,5484520.0
1135,5465056.0
1136,5007456.5
1137,4963279.5
1138,4782546.0
1139,4918612.0
1140,4664648.0
1141,4513857.0
1142,4468307.5
1143,4814317.0
1144,5048429.5
1145,4859081.0
1146,132795.796875
1147,0.0
1148,4373214.5
1149,4060492.5
1150,4014577.5
1151,3779628.75
1152,3268186.0
1153,3270279.5
1154,3484177.5
1155,116697.8125
1156,3181965.5
1157,4186120.75
1158,4894269.5
1159,4689899.5
1160,5178111.0
1161,4924398.5
1162,4670360.0
1163,4809572.0
1164,4402030.0
1165,4560309.5
1166,4352818.0
1167,5208166.5
1168,5394184.0
1169,176180.203125
1170,4553060.5
1171,4947855.0
1172,5635153.5
1173,5618811.0
1174,5554053.0
1175,5169506.5
1176,5362803.0
1177,5636480.0
1178,5012357.0
1179,5116458.0
1180,4799269.5
1181,4989066.0
1182,4718159.0
1183,5145316.5
1184,4801621.5
1185,4639774.0
1186,4456335.5
1187,4712191.0
1188,4392790.0
1189,4990953.5
1190,5058942.0
1191,4457250.0
1192,4902582.0
1193,4745977.0
1194,4785071.5
1195,4822633.0
1196,4754384.5
1197,4710103.5
1198,4779683.0
1199,137848.828125
1200,3656585.5
1201,3997207.75
1202,4506516.5
1203,4532610.5
1204,4509528.5
1205,4376415.0
1206,4031182.5
1207,3981363.75
1208,3868432.5
1209,101857.640625
1210,3480376.25
1211,4123409.75
1212,4170952.5
1213,124943.4296875
1214,9199.263671875
1215,4431937.0
1216,4283828.5
1217,4441497.5
1218,4603914.0
1219,4811680.5
1220,143220.109375
1221,4031317.25
1222,140702.4375
1223,4756142.5
1224,5105996.0
1225,5393098.5
1226,5681371.5
1227,5288476.5
1228,172541.5625
1229,4499604.5
1230,4960674.0
1231,4939268.5
1232,4917261.5
1233,4813546.0
1234,4916706.0
1235,4876119.0
1236,4793024.5
1237,4701855.0
1238,4395258.0
1239,4386607.5
1240,4577759.0
1241,4620112.5
1242,4177028.75
1243,4257891.5
1244,4115265.75
1245,3813536.5
1246,3595337.0
1247,3833193.75
1248,3874258.25
1249,4045165.75
1250,5046083.5
1251,5345078.0
1252,203357.4375
1253,4469824.5
1254,187175.453125
1255,4616895.0
1256,6066939.5
1257,6576701.0
1258,5940983.0
1259,6109437.5
1260,5810996.5
1261,6403524.0
1262,6234021.5
1263,6196184.0
1264,6152020.5
1265,6106936.0
1266,5834448.0
1267,5876126.0
1268,5455482.5
1269,5135629.5
1270,5339788.5
1271,4993239.5
1272,4550184.0
1273,4183202.5
1274,3926509.5
1275,3675002.25
1276,3655266.5
1277,3776433.75
1278,3840406.0
1279,4337413.5
1280,4463499.5
1281,4440741.5
1282,4825760.5
1283,5278312.5
1284,5325063.5
1285,5869426.0
1286,5785444.0
1287,5517109.5
1288,5083557.5
1289,176934.296875
1290,5552305.5
1291,199068.46875
1292,5318833.0
1293,6115186.5
1294,6115727.0
1295,6741393.5
1296,225135.984375
1297,5019468.5
1298,6397278.5
1299,5563232.5
1300,5844955.0
1301,5429220.0
1302,4868693.0
1303,4631510.5
1304,4610539.0
1305,4051791.5
1306,4189879.5
1307,4201618.5
1308,4058002.0
1309,3973853.25
1310,4289322.5
1311,4536952.0
1312,4221100.5
1313,4411221.0
1314,4510551.5
1315,4572058.0
1316,4437966.0
1317,4489522.5
1318,154133.046875
1319,3806779.0
1320,4398684.5
1321,4593862.0
1322,4473422.0
1323,4904036.0
1324,4883501.0
1325,5152226.5
1326,4739589.5
1327,5045377.5
1328,5186579.0
1329,4815778.5
1330,4710623.5
1331,4935776.0
1332,4475182.5
1333,4550592.0
1334,4573374.0
1335,4698362.0
1336,4659556.0
1337,5115166.5
1338,5146324.0
1339,145841.40625
1340,3351568.75
1341,3712567.0
1342,4092409.5
1343,4706534.0
1344,4479217.0
1345,5177300.0
1346,5370584.5
1347,5530769.5
1348,149706.90625
1349,5469491.0
1350,5359849.0
1351,135476.125
1352,4760470.5
1353,5560835.0
1354,6293590.0
1355,6064664.0
1356,5938995.0
1357,178004.0625
1358,5115728.0
1359,5748340.5
1360,5745433.0
1361,5780401.0
1362,5366698.5
1363,5025519.5
1364,4916437.0
1365,5046175.5
1366,4842843.5
1367,4330097.5
1368,4321432.5
1369,3955935.5
1370,3848120.5
1371,128389.765625
1372,3888910.25
1373,4528031.5
1374,4124784.75
1375,3800625.25
1376,4037844.25
1377,3938517.5
1378,4516646.5
1379,134626.953125
1380,3906243.0
1381,4241606.5
1382,4920245.5
1383,4462434.0
1384,4691563.5
1385,4828352.0
1386,5687400.0
1387,5834940.0
1388,5722929.0
1389,5526975.5
1390,177488.859375
1391,4323362.0
1392,109412.140625
1393,3770627.0
1394,3829915.75
1395,3801956.25
1396,3426575.5
1397,3098451.25
1398,2973052.75
1399,97486.3984375
1400,2247408.5
1401,2541835.25
1402,2697179.5
1403,2688977.0
1404,2727889.0
1405,2679269.5
1406,75965.2578125
1407,2883923.5
1408,3067588.5
1409,3337011.75
1410,3240042.75
1411,3543846.25
1412,3549571.75
1413,3527364.5
1414,3772946.25
1415,4010431.75
1416,130037.0390625
1417,3811175.0
1418,4604630.5
1419,4780082.5
1420,150240.78125
1421,3825844.0
1422,4496849.0
1423,4501697.5
1424,4655218.5
1425,4892186.5
1426,5169769.5
1427,4757545.0
1428,4712138.5
1429,5094851.5
1430,5397991.0
1431,5611330.0
1432,5404174.0
1433,5072833.0
1434,5356568.5
1435,5692226.0
1436,5873313.0
1437,5231839.5
1438,5955470.0
1439,5584638.5
1440,5489412.0
1441,5365607.0
1442,5348811.5
1443,5432149.0
1444,4903104.5
1445,4819647.0
1446,4641199.5
1447,4546372.5
1448,4101331.5
1449,4228577.5
1450,4202772.0
1451,3644234.25
1452,4255598.0
1453,4087959.75
1454,4377090.0
1455,3425883.25
1456,103920.78125
1457,3180362.5
1458,3382848.0
1459,3472875.0
1460,3364104.75
1461,3412387.0
1462,113181.078125
1463,2801713.0
1464,95783.7734375
1465,3547092.5
1466,4082736.25
1467,4151382.25
1468,4645913.0
1469,157102.46875
1470,4319920.5
1471,5030837.0
1472,5250551.5
1473,5056557.5
1474,115249.8515625
1475,4419142.5
1476,5070548.0
1477,5576227.5
1478,5115188.0
1479,167228.59375
1480,7459.0029296875
1481,3591581.75
1482,3839791.5
1483,3408411.25
1484,3178675.5
1485,110323.109375
1486,2838350.25
1487,3334170.0
1488,3662135.25
1489,3462596.5
1490,3727750.5
1491,4060597.25
1492,4223907.5
1493,4396172.5
1494,4533467.0
1495,4455150.5
1496,5076236.0
1497,5149772.0
1498,5120585.5
1499,5117330.5
1500,147729.859375
1501,3766373.75
1502,4444110.0
1503,4629967.5
1504,4940173.0
1505,4642553.0
1506,4732424.5
1507,4717571.0
1508,4422959.0
1509,4285038.5
1510,4412797.0
1511,121533.25
1512,4058534.25
1513,4524404.5
1514,4172080.5
1515,109508.6953125
1516,3810141.75
1517,4856807.0
1518,4536044.5
1519,4662774.5
1520,5075884.5
1521,5085660.5
1522,5225657.5
1523,5522816.0
1524,4793330.0
1525,4811722.0
1526,5123680.0
1527,5322880.0
1528,5533820.0
1529,161637.546875
1530,5143158.0
1531,5099642.5
1532,5801305.5
1533,5423931.0
1534,5674951.5
1535,159226.59375
1536,4546046.5
1537,5173076.5
1538,5186706.5
1539,5355827.0
1540,5295121.5
1541,4959614.5
1542,4951183.5
1543,4897729.0
1544,4809756.0
1545,4617329.5
1546,4149576.25
1547,4004567.25
1548,4085628.25
1549,3891457.75
1550,3484512.0
1551,2929988.25
1552,103641.2109375
1553,2552080.0
1554,2907879.5
1555,3312989.5
1556,3342388.0
1557,3310870.75
1558,99594.3359375
1559,3183496.5
1560,134929.9375
1561,3583243.25
1562,4040907.5
1563,4346701.0
1564,5004204.0
1565,4861183.5
1566,5210691.5
1567,4551762.5
1568,4695567.0
1569,4835110.5
1570,4530273.5
1571,4564782.5
1572,4502571.5
1573,4594923.0
1574,4732596.0
1575,4992705.5
1576,4591791.0
1577,4717747.5
1578,4007540.75
1579,4422088.0
1580,4452994.0
1581,4217050.0
1582,4740749.0
1583,4405580.5
1584,5120677.5
1585,5553242.0
1586,5158601.5
1587,4438592.0
1588,4964856.0
1589,5000552.5
1590,4941140.5
1591,5325211.5
1592,4873933.0
1593,5105101.0
1594,5000604.0
1595,5174503.0
1596,5073564.0
1597,5032829.5
1598,5126204.0
1599,121458.8671875
1600,3934457.25
1601,4735242.0
1602,4440984.0
1603,4217389.5
1604,4507868.0
1605,4783684.5
1606,4337077.5
1607,4323387.5
1608,4354955.5
1609,132244.859375
1610,13776.2978515625
1611,3933101.75
1612,124857.1875
1613,3630204.75
1614,4032126.0
1615,4583452.5
1616,4824483.0
1617,121339.703125
1618,3341480.5
1619,3553875.0
1620,3514542.5
1621,3632796.5
1622,3536078.25
1623,3461758.5
1624,3567107.5
1625,3698692.5
1626,3309880.75
1627,3473743.25
1628,3502045.75
1629,3336124.5
1630,3325252.0
1631,3843126.0
1632,3658427.5
1633,3778177.5
1634,3859277.25
1635,4155241.5
1636,3758241.25
1637,3816766.25
1638,3380702.5
1639,3770625.25
1640,4060997.0
1641,4463091.5
1642,4254637.5
1643,4638550.5
1644,5087411.5
1645,4981443.0
1646,5581058.0
1647,5319265.5
1648,5230505.0
1649,5265927.0
1650,5099333.5
1651,4523806.0
1652,4983932.5
1653,4869470.5
1654,4970727.0
1655,5317956.0
1656,4905221.0
1657,5182145.0
1658,5244583.5
1659,4926219.0
1660,137999.140625
1661,4061967.0
1662,4759073.5
1663,4795397.5
1664,4161642.0
1665,4353920.0
1666,4244534.0
1667,4370035.0
1668,4895708.5
1669,4997749.0
1670,4578664.5
1671,4469870.5
1672,4406695.5
1673,4738308.0
1674,4850161.5
1675,5477113.0
1676,5657814.0
1677,5616643.5
1678,5508434.0
1679,5550426.5
1680,5111506.5
1681,144154.59375
1682,4132209.0
1683,4591137.5
1684,5015389.5
1685,5212547.5
1686,5392083.0
1687,5865744.5
1688,5021497.5
1689,5416391.5
1690,5313702.0
1691,5814667.0
1692,5313885.0
1693,5438938.0
1694,4434095.0
1695,132368.5
1696,2747376.25
1697,3079269.25
1698,3361046.5
1699,3480346.5
1700,3449355.25
1701,2857464.0
1702,2807265.5
1703,2878564.5
1704,3214192.0
1705,3357331.25
1706,3969694.5
1707,3947875.25
1708,4231419.5
1709,4272324.5
1710,4174275.25
1711,4653689.0
1712,116940.2421875
1713,4177795.25
1714,5064591.0
1715,5454721.0
1716,5246061.5
1717,5471538.0
1718,6193648.0
1719,6254794.0
1720,5744973.0
1721,5903453.0
1722,6036817.0
1723,6077788.0
1724,5543019.5
1725,155801.0625
1726,7053.6455078125
1727,3082217.75
1728,3314923.5
1729,3329708.5
1730,3357155.75
1731,3757068.25
1732,3986578.0
1733,3990992.25
1734,4067280.75
1735,4751011.5
1736,4819904.0
1737,5224427.5
1738,5020354.5
1739,4947375.0
1740,5168387.5
1741,5023956.0
1742,4977396.0
1743,5291687.0
1744,5889476.5
1745,6279770.0
1746,6082403.0
1747,192537.828125
1748,5596498.0
1749,5507253.0
1750,5803083.5
1751,171795.0625
1752,5291810.0
1753,5376578.0
1754,5156687.5
1755,5820230.5
1756,5536696.5
1757,5636421.0
1758,5399009.0
1759,5738052.5
1760,4886531.0
1761,4771349.0
1762,4455953.5
1763,4296485.5
1764,4832856.0
1765,4886776.5
1766,5352108.0
1767,5274203.5
1768,4993988.5
1769,5140750.0
1770,5082782.0
1771,5272456.5
1772,5582939.5
1773,5502195.0
1774,5914929.5
1775,5278292.0
1776,5618304.0
1777,212851.90625
1778,4588126.0
1779,5567746.0
1780,5647833.5
1781,184119.546875
1782,4106697.5
1783,4706660.0
1784,4312358.0
1785,4729937.0
1786,4235320.0
1787,4280812.5
1788,4409819.0
1789,4273445.0
1790,3702748.75
1791,3331408.25
1792,3490228.75
1793,3469484.5
1794,3440094.25
1795,3358264.0
1796,3360754.75
1797,3448774.75
1798,3832312.25
1799,3703656.75
1800,3476081.25
1801,4272933.0
1802,145108.640625
1803,4253816.0
1804,4648785.0
1805,4877948.0
1806,138431.6875
1807,4762151.0
1808,4998427.0
1809,5243864.0
1810,162955.96875
1811,8039.8759765625
1812,4607318.5
1813,5107053.0
1814,5058394.0
1815,5197778.5
1816,5279920.5
1817,5318797.5
1818,5519715.5
1819,5064275.0
1820,4938543.0
1821,4596944.5
1822,4596035.5
1823,4473438.5
1824,4162800.5
1825,4284661.0
1826,120929.421875
1827,3734066.0
1828,100774.125
1829,3163143.25
1830,3640423.5
1831,4019844.25
1832,4071072.0
1833,4302466.5
1834,3976256.5
1835,4141078.25
1836,3886186.25
1837,4946775.0
1838,5328901.0
1839,5432564.0
1840,4650437.0
1841,4992000.5
1842,4712605.0
1843,5137007.0
1844,5735794.0
1845,5596043.0
1846,5627713.5
1847,5921955.5
1848,6203360.0
1849,6123151.5
1850,5197370.5
1851,5966797.5
1852,5626362.0
1853,5341479.5
1854,5641053.5
1855,5123937.5
1856,4855263.0
1857,4333535.0
1858,74566.5234375
1859,3573643.25
1860,4394893.5
1861,4460780.0
1862,4373685.0
1863,4553117.0
1864,4307242.0
1865,3366094.5
1866,3541132.25
1867,3644357.0
1868,123823.6875
1869,3346803.5
1870,4167793.25
1871,4319322.0
1872,4740362.5
1873,4547913.0
1874,4628139.5
1875,4451976.5
1876,4712478.5
1877,4929224.5
1878,5113993.5
1879,4934222.0
1880,4955370.0
1881,4812808.5
1882,5150897.5
1883,5775871.5
1884,5507580.0
1885,5310723.0
1886,5037674.5
1887,148059.34375
1888,4465638.5
1889,5106788.5
1890,5170155.0
1891,5243653.5
1892,5520179.0
1893,5601712.5
1894,6169667.5
1895,6045403.5
1896,5982137.5
1897,6066973.5
1898,5638954.0
1899,5326592.5
1900,5283213.0
1901,5013850.5
1902,5433719.5
1903,5169625.0
1904,4790540.5
1905,4482993.5
1906,3848603.0
1907,3972618.0
1908,3721269.75
1909,3998944.0
1910,3814663.75
1911,3535025.75
1912,3638789.75
1913,3940120.0
1914,3747208.75
1915,4017000.25
1916,4567275.0
1917,4476303.0
1918,4658335.5
1919,153658.921875
1920,4117081.25
1921,5008483.0
1922,5321527.5
1923,5457620.0
1924,5595241.0
1925,6120882.5
1926,6021928.5
1927,5557471.0
1928,5398675.5
1929,5734143.0
1930,5231622.0
1931,5546398.0
1932,5885182.0
1933,5242641.5
1934,5403947.5
1935,5204827.0
1936,5161080.5
1937,5114826.0
1938,4792593.0
1939,4283046.5
1940,4332905.0
1941,4964291.5
1942,4611850.0
1943,4638359.5
1944,4344328.5
1945,4948805.0
1946,4923727.0
1947,5360660.5
1948,188252.84375
1949,4038732.5
1950,5264242.0
1951,5817806.0
1952,5937410.5
1953,5992738.0
1954,206039.328125
1955,5129279.5
1956,5543007.5
1957,161058.34375
1958,4365205.5
1959,4980689.0
1960,5180794.0
1961,5200729.0
1962,5923106.5
1963,6464597.5
1964,6021859.5
1965,5727961.0
1966,183450.875
1967,4443162.5
1968,4515184.0
1969,152438.734375
1970,4199811.5
1971,4549559.0
1972,4376596.5
1973,4508237.5
1974,5139753.5
1975,5187915.0
1976,4826409.5
1977,5108192.5
1978,4698094.5
1979,4923046.0
1980,4398919.5
1981,118248.0703125
1982,3769564.5
1983,4657992.0
1984,4555734.0
1985,4501847.0
1986,4817028.0
1987,4744478.0
1988,4847363.5
1989,4354279.5
1990,4635632.5
1991,4906284.5
1992,4970078.0
1993,5077557.0
1994,5256257.5
1995,5342065.0
1996,5429345.5
1997,5636939.5
1998,5401112.0
1999,5499084.0
2000,5364126.5
2001,5572677.0
2002,5247727.5
2003,5650796.5
2004,5235470.0
2005,122287.953125
2006,4870899.5
2007,4488097.0
2008,4766302.5
2009,4523864.5
2010,4701145.0
2011,136115.078125
2012,3376537.25
2013,115538.7734375
2014,20896.205078125
2015,20873.89453125
2016,3371712.25
2017,3962535.25
2018,4274635.0
2019,4046335.0
2020,4312444.0
2021,4275102.5
2022,4179640.0
2023,4563994.0
2024,4212557.0
2025,4410131.5
2026,4379614.0
2027,4396099.0
2028,4067959.75
2029,4271968.5
2030,4309795.0
2031,133496.921875
2032,3423547.75
2033,3608447.0
2034,3330806.25
2035,90345.6796875
2036,3462937.0
2037,4060728.25
2038,3480946.0
2039,3573068.75
2040,3783178.25
2041,4190672.25
2042,4310936.0
2043,4641563.5
2044,4681946.0
2045,4474478.5
2046,4473794.5
2047,4254625.5
2048,3754512.0
2049,4077232.25
2050,3869465.0
2051,4445858.5
2052,4350664.5
2053,3999127.5
2054,3707078.25
2055,3780347.5
2056,4290521.0
2057,4545210.5
2058,4620559.5
2059,4587245.5
2060,4826111.0
2061,5173809.0
2062,5102812.5
2063,152735.875
2064,4459627.5
2065,5456655.0
2066,5796503.5
2067,5891468.0
2068,5438356.5
2069,5403839.0
2070,5827568.5
2071,5802210.0
2072,6185941.0
2073,5889117.5
2074,5895918.5
2075,5493579.0
2076,4806187.0
2077,5165230.0
2078,4297102.5
2079,4327861.5
2080,4234370.5
2081,4504408.0
2082,4591389.0
2083,4638266.5
2084,4423077.0
2085,4489799.5
2086,4431351.0
2087,4278482.0
2088,4290529.5
2089,4451671.5
2090,4652827.0
2091,4107965.25
2092,4357210.5
2093,145760.734375
2094,4099892.0
2095,4324713.0
2096,4658449.5
2097,4424049.0
2098,4244928.0
2099,4859444.5
2100,4554015.5
2101,4436429.5
2102,4481384.5
2103,156578.984375
2104,3792945.5
2105,3851386.5
2106,3892881.5
2107,4130066.5
2108,4780138.0
2109,149503.28125
2110,4310518.5
2111,5037630.0
2112,148985.90625
2113,26914.935546875
2114,4888666.0
2115,5593333.0
2116,5908001.0
2117,174356.890625
2118,4600209.5
2119,5373192.0
2120,5048581.5
2121,4947091.0
2122,4691550.5
2123,149533.453125
2124,4172328.5
2125,5246138.5
2126,5586693.5
2127,5854103.5
2128,5539761.5
2129,4748141.0
2130,4779614.0
2131,5323069.5
2132,4917130.5
2133,4873194.5
2134,5115097.5
2135,4746631.0
2136,4964955.0
2137,146695.859375
2138,4234958.0
2139,4727107.0
2140,5077877.0
2141,5454642.5
2142,5223896.0
2143,4900160.0
2144,5020807.0
2145,4765548.0
2146,4967256.0
2147,4676017.5
2148,4160750.0
2149,3922052.5
2150,3412806.0
2151,95887.6328125
2152,2471273.0
2153,3215850.75
2154,3628091.0
2155,3679295.0
2156,3582201.5
2157,89457.1875
2158,3502403.0
2159,3943156.0
2160,3676608.25
2161,100858.140625
2162,3593271.75
2163,4724191.5
2164,4992675.0
2165,4866449.5
2166,4573958.0
2167,4453920.5
2168,4544339.5
2169,4352371.5
2170,142579.21875
2171,3887680.25
2172,4828017.0
2173,4835401.0
2174,4205507.0
2175,4281008.5
2176,4329032.5
2177,4285753.5
2178,4825371.5
2179,5061828.0
2180,5347646.5
2181,5197695.5
2182,4585804.5
2183,4310527.5
2184,3920813.0
2185,99653.9921875
2186,2658457.25
2187,98258.1171875
2188,2909696.75
2189,3756048.75
2190,3916903.25
2191,4016598.5
2192,125662.625
2193,3686818.25
2194,156512.828125
2195,4052165.25
2196,4431281.5
2197,4779758.0
2198,5199016.5
2199,5222708.5
2200,5465985.0
2201,5239920.5
2202,5161382.5
2203,5153114.5
2204,4810757.5
2205,4349381.5
2206,134112.40625
2207,4398670.0
2208,150501.015625
2209,3731937.75
2210,4664942.5
2211,4395671.5
2212,5119592.0
2213,4736899.0
2214,4658137.5
2215,4242183.5
2216,4209936.5
2217,4009252.25
2218,4407989.0
2219,5043592.0
2220,4704500.0
2221,145487.1875
2222,3463536.75
2223,4561863.0
2224,4345104.5
2225,4734898.0
2226,4542167.5
2227,4251233.5
2228,4677605.0
2229,142400.296875
2230,6055.13525390625
2231,3646722.25
2232,4322254.0
2233,5017365.0
2234,4835301.5
2235,5235067.5
2236,5482768.5
2237,6310732.0
2238,6233030.0
2239,6289326.0
2240,6274974.5
2241,5678412.0
2242,5785290.0
2243,6046926.0
2244,6145143.5
2245,5740198.0
2246,5349130.5
2247,5285743.0
2248,5130415.0
2249,5138708.5
2250,5271113.5
2251,4961924.5
2252,4763172.0
2253,4886836.5
2254,4701174.5
2255,4439028.5
2256,4561705.0
2257,4326058.0
2258,4339999.0
2259,4076076.25
2260,128176.6796875
2261,3024087.25
2262,2811416.5
2263,3190507.0
2264,3481396.0
2265,3631387.25
2266,4249340.5
2267,4404024.0
2268,4220678.5
2269,4403445.5
2270,3848129.0
2271,4007152.25
2272,3776644.75
2273,3807410.75
2274,4276401.0
2275,4722432.5
2276,4253476.0
2277,4355212.0
2278,4163560.5
2279,4530433.0
2280,4715924.5
2281,135875.09375
2282,4061674.25
2283,4473650.5
2284,4811776.0
2285,4601753.0
2286,4479405.5
2287,4038153.5
2288,3667048.75
2289,3645405.5
2290,4166588.25
2291,4268253.5
2292,5195830.0
2293,5024082.5
2294,4683875.0
2295,4523994.5
2296,4817809.0
2297,4700035.0
2298,4985611.0
2299,4903444.5
2300,156225.390625
2301,4511733.5
2302,5298542.0
2303,4722591.0
2304,4516844.5
2305,5186492.5
2306,159306.203125
2307,5080196.5
2308,5666678.0
2309,5626807.5
2310,5153555.0
2311,5070655.5
2312,4947180.5
2313,5151962.0
2314,5169393.5
2315,4975027.0
2316,5356017.0
2317,5337817.0
2318,148872.765625
2319,4816288.5
2320,5781303.0
2321,5915467.0
2322,6013238.0
2323,6225236.5
2324,6194013.0
2325,4703522.5
2326,4889513.5
2327,5264855.0
2328,5003749.0
2329,4923800.5
2330,144975.515625
2331,4308782.0
2332,4810556.0
2333,4560735.0
2334,4874786.0
2335,5268594.0
2336,5155699.0
2337,5126980.0
2338,5127956.5
2339,4156383.0
2340,4257947.5
2341,4111774.75
2342,4209603.0
2343,4120122.5
2344,4029267.75
2345,4484209.5
2346,4328415.0
2347,4776649.5
2348,4593132.5
2349,4962441.5
2350,5240074.5
2351,5103368.0
2352,5179902.0
2353,5375319.0
2354,146482.75
2355,4034018.5
2356,4928324.0
2357,4632265.0
2358,4811715.5
2359,5411664.0
2360,5200673.0
2361,174369.296875
2362,4943281.0
2363,5474590.0
2364,5573760.0
2365,5217861.5
2366,5626345.0
2367,5811856.0
2368,5892303.0
2369,6274090.5
2370,5801482.0
2371,6337779.0
2372,6099076.5
2373,6519155.0
2374,6168568.0
2375,6343222.5
2376,6238528.0
2377,6442583.5
2378,6337614.0
2379,5756996.0
2380,5164454.0
2381,5349166.0
2382,5587154.0
2383,5477656.0
2384,5321295.5
2385,5346279.0
2386,5408865.5
2387,4987005.0
2388,5073366.0
2389,4787148.5
2390,4883250.5
2391,4246392.0
2392,4894159.0
2393,4546659.5
2394,5124452.0
2395,5003721.0
2396,4848195.0
2397,4528694.0
2398,4133367.75
2399,4753942.0
2400,5119149.0
2401,5358843.0
2402,5333286.5
2403,5731046.5
2404,5663749.0
2405,175228.1875
2406,5421303.0
2407,5393242.5
2408,6043595.0
2409,5956845.0
2410,5857553.5
2411,5519391.0
2412,5483804.0
2413,5327571.0
2414,5323995.0
2415,5221211.5
2416,5154730.0
2417,5267082.0
2418,5176762.5
2419,5608690.5
2420,5796355.5
2421,4938038.0
2422,4914925.5
2423,4674642.5
2424,4683851.5
2425,4580122.5
2426,4511135.5
2427,4457883.0
2428,4248087.0
2429,3853723.25
2430,4543409.0
2431,114252.859375
2432,3739299.0
2433,4358005.0
2434,4366662.5
2435,4210510.5
2436,124945.1875
2437,2820868.5
2438,3742973.0
2439,3629856.75
2440,3677424.25
2441,4059127.5
2442,5152752.0
2443,176302.671875
2444,3630047.0
2445,4298562.0
2446,139057.78125
2447,4732911.5
2448,5426367.5
2449,5444518.5
2450,5294103.5
2451,4988219.5
2452,5357231.5
2453,5382913.0
2454,4825699.5
2455,5459930.5
2456,5694676.0
2457,164859.453125
2458,999.3972778320312
2459,4424455.0
2460,4853890.0
2461,5216453.5
2462,4962495.0
2463,4930460.0
2464,5001646.0
2465,4898095.0
2466,4033554.0
2467,4025732.0
2468,4119342.75
2469,4459493.5
2470,4649508.0
2471,4288915.0
2472,4591198.0
2473,4457716.0
2474,4238555.5
2475,4370007.0
2476,5072782.5
2477,5313941.5
2478,5444440.0
2479,5311258.5
2480,179261.1875
2481,4489368.5
2482,5382471.0
2483,5018562.5
2484,5506671.0
2485,6118758.5
2486,6196647.5
2487,6077500.5
2488,5551289.0
2489,6009410.0
2490,5471521.5
2491,5667487.0
2492,120784.9140625
2493,4581281.5
2494,4980203.5
2495,5210408.5
2496,130161.3515625
2497,4056187.75
2498,4717260.0
2499,4643384.5
2500,163683.03125
2501,4212925.0
2502,4712366.5
2503,132371.875
2504,3886251.75
2505,4242774.5
2506,4081559.25
2507,4056916.0
2508,4010946.5
2509,3799478.0
2510,3577263.75
2511,3787123.5
2512,4231399.5
2513,111593.5625
2514,3334172.75
2515,3803803.75
2516,3789368.75
2517,4008614.5
2518,4643914.5
2519,4675436.5
2520,4511227.5
2521,4995107.5
2522,167602.546875
2523,4657815.0
2524,5096940.5
2525,4803148.5
2526,174095.046875
2527,4576542.5
2528,4786538.0
2529,4799780.5
2530,4438267.0
2531,4360319.0
2532,4425139.5
2533,4788880.5
2534,4859999.0
2535,5032275.5
2536,4542438.0
2537,3816067.25
2538,3909032.75
2539,3795863.25
2540,4073822.5
2541,3795057.0
2542,4345563.5
2543,4594543.0
2544,4607256.5
2545,124867.46875
2546,3486331.5
2547,4614341.5
2548,4563311.0
2549,4472267.0
2550,4902316.5
2551,5076823.5
2552,4857541.5
2553,5281941.0
2554,5041241.5
2555,160518.765625
2556,4341733.0
2557,4728672.0
2558,4831141.5
2559,4398823.5
2560,4954537.0
2561,5028471.0
2562,4891681.5
2563,5075136.0
2564,5277490.0
2565,5376314.5
2566,5148109.0
2567,5108470.0
2568,4458449.5
2569,4448503.5
2570,4240421.5
2571,4153196.5
2572,4095007.75
2573,4332665.0
2574,4543574.0
2575,132788.46875
2576,3493027.25
2577,4313199.5
2578,3588964.25
2579,3492667.5
2580,3358620.75
2581,3005345.0
2582,3303178.5
2583,3241356.75
2584,3498223.5
2585,3953763.5
2586,4233276.5
2587,4388406.0
2588,4497596.5
2589,4532229.5
2590,4519598.5
2591,4116389.25
2592,4256488.5
2593,4761038.5
2594,5420780.5
2595,5130977.0
2596,171085.0
2597,4461712.5
2598,4463302.5
2599,129821.7578125
2600,4259419.5
2601,137127.90625
2602,3869115.5
2603,4022999.0
2604,4271687.0
2605,4029181.5
2606,4262682.0
2607,4660693.5
2608,4378879.5
2609,4440388.5
2610,4094211.5
2611,4458469.5
2612,4172517.0
2613,3844735.5
2614,3433757.75
2615,3873112.5
2616,4290325.0
2617,4240434.0
2618,4674172.0
2619,4914531.5
2620,5314051.5
2621,5645121.0
2622,5771538.0
2623,5935223.0
2624,6094670.5
2625,5614122.5
2626,5424547.5
2627,5689056.5
2628,5547906.0
2629,5653925.0
2630,5489725.0
2631,5158500.5
2632,5146840.0
2633,5320702.0
2634,4750269.0
2635,4836583.0
2636,4775970.5
2637,4681056.5
2638,4536712.0
2639,4110663.5
2640,4212827.0
2641,3577000.0
2642,3386566.0
2643,3374295.5
2644,3803766.25
2645,4038049.25
2646,4134234.25
2647,4550080.0
2648,4359708.0
2649,4542030.5
2650,4688083.0
2651,5220955.0
2652,4873111.0
2653,134798.921875
2654,3700775.25
2655,4317314.0
2656,4393349.0
2657,4331718.5
2658,4530134.5
2659,4751238.5
2660,5322988.0
2661,5102313.0
2662,5074780.5
2663,5131762.0
2664,5271259.5
2665,4908894.5
2666,4729058.5
2667,4354560.0
2668,4539969.0
2669,4470074.0
2670,4621799.0
2671,4257890.0
2672,3726219.0
2673,3512355.25
2674,3746291.25
2675,3593133.5
2676,3299052.75
2677,3240433.0
2678,3440441.5
2679,3167854.0
2680,3185601.0
2681,3449555.0
2682,3503610.75
2683,3870619.0
2684,3569563.25
2685,3865363.25
2686,3484155.25
2687,3533549.75
2688,4055461.0
2689,4875119.5
2690,4913753.0
2691,4791545.0
2692,5040637.5
2693,4895239.0
2694,4318395.0
2695,4077733.25
2696,4153810.75
2697,102017.0625
2698,3962742.25
2699,4622875.0
2700,4339378.0
2701,4288764.0
2702,4060007.0
2703,4254238.0
2704,3841171.0
2705,3898526.5
2706,3965675.5
2707,4167886.75
2708,3901330.25
2709,4002275.75
2710,3922617.0
2711,3975685.5
2712,4000849.75
2713,4530482.5
2714,4259219.0
2715,4460407.0
2716,4741038.5
2717,4883565.0
2718,4959770.0
2719,5042019.5
2720,5330371.5
2721,5414013.5
2722,5728174.5
2723,5547649.5
2724,5905418.0
2725,5151378.0
2726,146618.4375
2727,4674104.5
2728,4526579.5
2729,5565642.5
2730,5298281.5
2731,4948914.0
2732,4936373.5
2733,4720522.5
2734,4868604.5
2735,4789283.0
2736,4466145.0
2737,4338414.0
2738,4489663.5
2739,4705066.0
2740,4573087.5
2741,4621213.0
2742,4337895.5
2743,4247165.0
2744,149113.65625
2745,4279498.5
2746,5256206.0
2747,5392738.0
2748,5294388.5
2749,5370541.5
2750,5463148.0
2751,5120122.5
2752,5789000.0
2753,6110917.0
2754,5699565.5
2755,5203920.0
2756,5215409.5
2757,4661548.5
2758,4750503.5
2759,4971415.5
2760,4814992.5
2761,4445864.5
2762,123280.890625
2763,3325169.25
2764,3541216.75
2765,4062299.75
2766,3721470.0
2767,3989170.25
2768,4151621.75
2769,4004390.0
2770,3734648.5
2771,3847183.0
2772,4379944.0
2773,4708265.5
2774,5053221.0
2775,5295252.0
2776,5217432.5
2777,5457355.5
2778,5353002.0
2779,5258967.0
2780,5034614.0
2781,4924081.5
2782,5179920.5
2783,5108344.0
2784,5437242.0
2785,5588868.5
2786,130203.7421875
2787,4972703.0
2788,5668973.5
2789,4992118.0
2790,4662399.0
2791,4781199.0
2792,4660382.5
2793,4473719.0
2794,4603357.5
2795,4351088.0
2796,4988958.0
2797,4679255.5
2798,4842884.5
2799,4746637.5
2800,4470835.0
2801,4257798.5
2802,4901809.5
2803,4384980.0
2804,4684348.5
2805,4960422.0
2806,4964067.0
2807,4825647.5
2808,4698177.0
2809,4655671.0
2810,5242186.5
2811,5019662.5
2812,5062882.0
2813,4965448.0
2814,5055276.5
2815,5053826.0
2816,4837619.5
2817,4754967.5
2818,4698946.5
2819,4935652.5
2820,143774.65625
2821,4357896.0
2822,4970779.5
2823,4871462.0
2824,4462201.5
2825,5079299.0
2826,144924.375
2827,4382969.0
2828,4887335.5
2829,4640957.0
2830,4654359.0
2831,4682193.5
2832,4899341.5
2833,176329.5625
2834,4023958.75
2835,5596623.0
2836,5636329.5
2837,153916.25
2838,4400620.0
2839,4601576.0
2840,5035490.0
2841,4937722.5
2842,4534863.0
2843,5108270.5
2844,5076414.5
2845,4951974.5
2846,4912995.0
2847,5239380.0
2848,5348881.0
2849,5887276.5
2850,5632569.5
2851,4925787.5
2852,5164395.5
2853,5069084.5
2854,5213088.5
2855,4967404.5
2856,4878930.5
2857,5144013.5
2858,5069701.0
2859,4662741.0
2860,4613742.0
2861,4713037.0
2862,143056.34375
2863,3977092.5
2864,4562090.0
2865,4778752.5
2866,4537364.5
2867,4853665.5
2868,4442299.0
2869,4848640.5
2870,4859490.0
2871,5067502.0
2872,4536110.5
2873,4476684.0
2874,4510397.0
2875,4730833.5
2876,5120773.5
2877,5105907.0
2878,5016670.5
2879,5046327.5
2880,4721312.0
2881,4057717.5
2882,4550719.0
2883,4499012.0
2884,4567765.0
2885,4889734.0
2886,4891509.5
2887,5251347.0
2888,4795344.5
2889,5099248.5
2890,146883.484375
2891,4266791.0
2892,4375553.5
2893,4888302.5
2894,4683148.0
2895,5700200.5
2896,5681447.5
2897,5949760.0
2898,6020119.5
2899,5941508.0
2900,5718818.5
2901,6264263.0
2902,6338839.5
2903,6261735.5
2904,6008209.5
2905,5908670.5
2906,166910.0625
2907,5139273.0
2908,5708742.5
2909,5711412.0
2910,5284051.0
2911,5254694.5
2912,5151091.0
2913,5249524.5
2914,5354270.5
2915,4961853.5
2916,5289898.0
2917,4638040.5
2918,4792745.0
2919,4429031.5
2920,162253.5
2921,3709964.75
2922,4134534.5
2923,4454851.0
2924,4137307.5
2925,4149611.0
2926,3976466.75
2927,4127570.0
2928,4659560.5
2929,4639504.5
2930,4522259.5
2931,4378936.0
2932,4980112.5
2933,5092899.5
2934,4953721.0
2935,5242291.0
2936,5377302.0
2937,5315910.0
2938,4747697.0
2939,5245091.0
2940,4858513.0
2941,5003346.5
2942,4702650.5
2943,4580342.5
2944,119556.5625
2945,3772998.0
2946,132419.734375
2947,3246512.25
2948,151632.265625
2949,3882975.0
2950,4609096.0
2951,4808683.0
2952,4600470.0
2953,4411401.5
2954,4470402.0
2955,4581960.5
2956,4711772.0
2957,5085795.5
2958,4944312.0
2959,5239928.5
2960,5505827.0
2961,5207462.5
2962,169789.953125
2963,4567496.5
2964,159932.75
2965,4469844.0
2966,5507665.5
2967,5851119.0
2968,5109243.0
2969,5429984.5
2970,5023391.0
2971,5008845.5
2972,5212339.0
2973,5268708.5
2974,5091694.5
2975,5100358.0
2976,4877704.0
2977,4856984.0
2978,4540494.0
2979,4772339.5
2980,5017288.5
2981,5004902.0
2982,4967340.5
2983,5310790.0
2984,5490450.5
2985,4956355.0
2986,4928287.0
2987,4964973.0
2988,4862440.0
2989,4963662.0
2990,5751171.0
2991,5793756.5
2992,5602498.5
2993,5843075.5
2994,5659794.0
2995,186038.328125
2996,4301514.5
2997,5543633.0
2998,5637804.0
2999,5265462.0
3000,5014611.5
3001,5171413.0
3002,5441983.0
3003,5128355.0
3004,5572948.0
3005,5732919.0
3006,6044047.5
3007,6079216.0
3008,5796840.5
3009,5654546.0
3010,5731400.5
3011,5769325.0
3012,5646327.0
3013,147360.703125
3014,3910210.75
3015,4591710.5
3016,4359378.0
3017,4723214.5
3018,4697764.0
3019,4862616.5
3020,4352901.5
3021,4113043.75
3022,4165979.25
3023,4631366.0
3024,4939212.0
3025,147041.671875
3026,4260986.0
3027,4811920.0
3028,5046125.5
3029,4780179.0
3030,5283789.0
3031,5534169.0
3032,5033702.5
3033,5782226.5
3034,5655860.5
3035,5547430.0
3036,5099418.5
3037,4910730.0
3038,5018433.5
3039,141878.09375
3040,4200449.0
3041,3907333.75
3042,3710769.0
3043,103666.2421875
3044,2922318.25
3045,3400738.5
3046,3627285.0
3047,3927715.75
3048,3949617.0
3049,4021489.5
3050,4193470.0
3051,4064630.75
3052,4287556.5
3053,4538881.5
3054,5008267.5
3055,166919.15625
3056,4249890.0
3057,5097748.0
3058,4726871.5
3059,112156.7890625
3060,4250361.5
3061,4845324.0
3062,5267436.5
3063,5186638.5
3064,5265827.5
3065,5431382.5
3066,5508702.0
3067,5354216.5
3068,5143743.5
3069,5112254.5
3070,4952356.0
3071,4874078.0
3072,4531079.0
3073,4410815.0
3074,5568369.5
3075,5666846.5
3076,5962715.0
3077,5989490.0
3078,178874.203125
3079,4909326.0
3080,4878589.0
3081,5207182.0
3082,4290781.5
3083,131086.09375
3084,4379519.0
3085,127115.140625
3086,4601131.0
3087,5275101.5
3088,5147213.5
3089,5274107.5
3090,5246132.5
3091,5242035.5
3092,4845738.0
3093,4730467.0
3094,4733571.0
3095,4416649.5
3096,4229879.0
3097,3907440.0
3098,3662649.0
3099,3872628.25
3100,3970757.0
3101,4385618.5
3102,3936913.5
3103,3521178.5
3104,3576787.0
3105,3565177.25
3106,3538039.25
3107,4005383.0
3108,4266699.5
3109,4641405.5
3110,4756448.5
3111,4307274.0
3112,4823839.5
3113,5229698.5
3114,5229027.0
3115,5077879.5
3116,5251333.5
3117,5484767.5
3118,5288391.0
3119,4952414.0
3120,4752670.0
3121,4705057.0
3122,4674760.5
3123,4703305.5
3124,4974401.5
3125,5004984.5
3126,4610427.5
3127,4327794.5
3128,4054572.5
3129,4087252.25
3130,4114509.25
3131,4325688.0
3132,4661330.5
3133,4642347.5
3134,4447639.0
3135,118400.0234375
3136,3423665.5
3137,3792398.0
3138,4052666.0
3139,4567822.0
3140,4673823.5
3141,4525779.0
3142,4461268.5
3143,4864697.0
3144,4841990.5
3145,4656560.0
3146,5000816.0
3147,5010805.0
3148,4914757.0
3149,142516.4375
3150,4637377.0
3151,5107374.0
3152,5099842.5
3153,5314079.5
3154,5381307.0
3155,5528141.5
3156,5429322.5
3157,5434489.5
3158,5472155.5
3159,6068559.5
3160,5755511.0
3161,5254560.0
3162,4966263.0
3163,5059098.0
3164,4729156.5
3165,4830955.0
3166,4387245.5
3167,4803496.0
3168,4764987.0
3169,4762720.0
3170,4584221.5
3171,4272505.0
3172,4301105.0
3173,4491768.5
3174,4202095.0
3175,4534481.5
3176,4169599.75
3177,4183820.25
3178,4633454.5
3179,4782512.0
3180,4708703.0
3181,143701.875
3182,4548512.0
3183,4687607.5
3184,5152278.0
3185,5289089.5
3186,147462.859375
3187,3743552.75
3188,3961284.5
3189,3965597.75
3190,3899602.0
3191,3863332.75
3192,3838044.5
3193,4026452.25
3194,4006495.75
3195,4016394.5
3196,3902047.75
3197,3944064.25
3198,4252728.0
3199,4214948.0
3200,4207686.5
3201,4403353.5
3202,4532378.0
3203,4668703.0
3204,4902304.0
3205,4732303.0
3206,4766992.5
3207,4623449.0
3208,130912.5078125
3209,4186602.5
3210,4845838.0
3211,4823627.5
3212,4768416.0
3213,4660359.0
3214,4390879.5
3215,140280.765625
3216,0.0
3217,2943389.75
3218,3393770.25
3219,3455793.25
3220,3673010.75
3221,3747728.5
3222,3915164.25
3223,3869196.0
3224,4036236.5
3225,4363894.5
3226,4000346.25
3227,4074806.0
3228,4246525.5
3229,3939273.25
3230,4177732.25
3231,4434893.5
3232,4279006.0
3233,3974416.25
3234,3706300.75
3235,3608805.75
3236,4076667.5
3237,4272661.0
3238,4502753.5
3239,4840432.5
3240,5158776.5
3241,5204867.0
3242,4969022.5
3243,5473850.5
3244,5365527.0
3245,5487021.5
3246,5665439.0
3247,5719913.0
3248,5359333.0
3249,5593440.5
3250,4454966.0
3251,95033.03125
3252,3847256.75
3253,4265257.5
3254,4146037.25
3255,4167620.0
3256,4300054.0
3257,4345579.5
3258,4536852.5
3259,4908919.0
3260,4704690.5
3261,5103448.0
3262,5167968.5
3263,121492.453125
3264,4011265.0
3265,4256672.5
3266,4423262.5
3267,4699995.5
3268,4503596.5
3269,4508368.0
3270,4632314.0
3271,4692463.5
3272,4909764.5
3273,4689749.5
3274,4720543.5
3275,4567763.0
3276,4729511.5
3277,4254267.0
3278,4440816.0
3279,4826160.0
3280,5086669.0
3281,141859.09375
3282,3717636.75
3283,3907234.5
3284,4379060.5
3285,3956499.75
3286,4139029.25
3287,4278826.0
3288,4297252.5
3289,4128105.0
3290,4129538.0
3291,3897068.0
3292,3883530.0
3293,3762375.5
3294,3479171.75
3295,3418513.75
3296,3505162.0
3297,3591449.0
3298,3645949.5
3299,4136575.5
3300,3887675.75
3301,126953.671875
3302,3715470.0
3303,4342848.5
3304,4402095.0
3305,4295750.0
3306,4391796.0
3307,118065.703125
3308,5878.0078125
3309,4228898.5
3310,4526766.0
3311,4884858.0
3312,4615455.5
3313,115528.7734375
3314,4195974.5
3315,150375.328125
3316,3833292.5
3317,4335627.0
3318,110948.2578125
3319,3721257.5
3320,3709759.0
3321,3849337.5
3322,3953442.5
3323,3792552.25
3324,3437512.0
3325,3240915.75
3326,2768227.0
3327,2477383.0
3328,2884357.75
3329,117486.0625
3330,2810492.75
3331,104579.6015625
3332,11258.318359375
3333,3223502.25
3334,102607.90625
3335,3308457.25
3336,3641401.25
3337,3564714.0
3338,3723878.5
3339,4208341.5
3340,4128312.5
3341,4026685.25
3342,4540298.5
3343,4068042.0
3344,4510730.5
3345,4660682.0
3346,4355956.5
3347,3880371.25
3348,3968893.0
3349,3900649.5
3350,4304204.5
3351,4414196.0
3352,4535804.5
3353,4061666.75
3354,4081963.75
3355,4211804.5
3356,4027941.0
3357,4385469.5
3358,3994139.75
3359,4000850.75
3360,4018168.75
3361,3735598.25
3362,3621607.75
3363,3165967.75
3364,3321006.0
3365,3290196.25
3366,3391910.25
3367,3725423.0
3368,4182020.5
3369,4058503.75
3370,3754076.25
3371,115026.15625
3372,3425627.25
3373,3660494.75
3374,4063321.5
3375,4717723.0
3376,4625540.5
3377,4661664.0
3378,4785852.5
3379,5253856.0
3380,5429007.0
3381,4831969.0
3382,5147812.0
3383,169076.328125
3384,9078.4228515625
3385,4925392.5
3386,5122738.5
3387,148526.203125
3388,3880670.75
3389,4955432.5
3390,5087585.0
3391,5024826.0
3392,4696884.5
3393,4775931.5
3394,4997439.0
3395,4604369.0
3396,4622065.5
3397,5108518.0
3398,4674805.0
3399,5001852.5
3400,4409886.5
3401,4155697.5
3402,4387963.0
3403,4454675.0
3404,4043601.0
3405,4415307.5
3406,5074633.5
3407,4709203.0
3408,4596192.0
3409,5263205.5
3410,5529054.5
3411,168407.28125
3412,4519454.5
3413,4840351.0
3414,5416011.5
3415,5217334.5
3416,128365.2734375
3417,3222.60888671875
3418,3756049.25
3419,4809759.0
3420,4692436.0
3421,4520886.5
3422,4604630.0
3423,5283005.0
3424,5082987.5
3425,5225868.5
3426,4775699.0
3427,4604280.0
3428,4255932.5
3429,4454937.5
3430,3965566.25
3431,4097605.25
3432,3947168.0
3433,3626597.75
3434,3520765.0
3435,3965282.25
3436,3891727.25
3437,4179053.0
3438,4352100.0
3439,4804081.5
3440,5091962.0
3441,5183050.0
3442,5424222.0
3443,168528.453125
3444,4964661.0
3445,5282714.0
3446,5446469.0
3447,5424224.5
3448,5128246.5
3449,4609029.5
3450,4711788.5
3451,4566832.5
3452,146506.015625
3453,4323576.0
3454,4157227.5
3455,4842912.0
3456,5386047.0
3457,5122061.5
3458,4852986.5
3459,5206368.5
3460,5211821.5
3461,4968090.5
3462,167024.75
3463,4073098.25
3464,5117587.5
3465,163644.515625
3466,4407899.0
3467,4943188.5
3468,4982188.0
3469,4910257.0
3470,5028808.0
3471,178181.09375
3472,4014321.75
3473,5202000.0
3474,5401297.0
3475,4983259.0
3476,141744.3125
3477,3957130.25
3478,4520494.5
3479,149342.6875
3480,4044745.75
3481,4885368.5
3482,5297964.5
3483,5540699.5
3484,5545284.0
3485,5641581.0
3486,158871.8125
3487,4215045.5
3488,4926107.5
3489,4716660.5
3490,4874390.0
3491,5109509.0
3492,4512073.0
3493,4897402.0
3494,4924497.0
3495,4440657.0
3496,4361073.0
3497,4503331.0
3498,4650715.5
3499,139332.734375
3500,4124659.5
3501,4313957.0
3502,4227051.0
3503,4096897.25
3504,4465835.5
3505,3766615.75
3506,135195.359375
3507,4081007.5
3508,4616215.0
3509,4502686.5
3510,4581963.0
3511,4354088.5
3512,4481278.0
3513,4397109.0
3514,4523265.5
3515,4789490.0
3516,5027846.0
3517,4919361.0
3518,4773631.5
3519,4561675.0
3520,4957220.5
3521,4793609.0
3522,4724820.5
3523,4517755.0
3524,4775602.5
3525,4739748.5
3526,4434321.0
3527,5092887.5
3528,5100790.5
3529,5280064.5
3530,5395590.0
3531,5013433.0
3532,112018.046875
3533,4598271.5
3534,4768578.5
3535,5000314.0
3536,5108331.5
3537,5437160.0
3538,4855006.5
3539,5041570.5
3540,4322116.0
3541,4356068.0
3542,4230158.0
3543,135538.890625
3544,3725279.5
3545,4057088.0
3546,4032994.25
3547,3833417.0
3548,3877260.75
3549,127476.75
3550,3096757.0
3551,3446846.25
3552,3227727.5
3553,3898348.0
3554,4206573.0
3555,4303133.5
3556,4811821.5
3557,5145284.0
3558,5622135.5
3559,6057300.5
3560,6211497.5
3561,6304482.0
3562,190405.296875
3563,4885750.5
3564,5660589.5
3565,6435113.0
3566,6403064.5
3567,6775440.0
3568,6438682.5
3569,6141016.0
3570,6066887.0
3571,6197852.5
3572,5828070.5
3573,4974881.0
3574,5027459.5
3575,4948920.0
3576,4958444.0
3577,4962036.5
3578,4641114.5
3579,4547171.0
3580,4289873.0
3581,4299787.0
3582,4424834.5
3583,4528136.5
3584,4684399.5
3585,4853007.5
3586,4629743.0
3587,4966364.5
3588,5258381.0
3589,5353372.5
3590,145776.4375
3591,3952698.25
3592,4792893.0
3593,4829845.0
3594,5074402.0
3595,5303458.5
3596,5495784.5
3597,5557219.0
3598,5734191.5
3599,6331410.5
3600,6126824.0
3601,6127345.0
3602,5947962.5
3603,5898647.5
3604,5742546.0
3605,5697140.5
3606,161610.96875
3607,4617036.0
3608,5368949.0
3609,5597397.5
3610,5015539.0
3611,4895388.0
3612,4559562.0
3613,4310945.5
3614,118786.921875
3615,3998787.25
3616,4349172.0
3617,4019192.5
3618,4034714.75
3619,4413161.5
3620,4186342.5
3621,4590259.0
3622,4486977.0
3623,4304852.5
3624,4427527.0
3625,4255256.0
3626,4509398.0
3627,4299746.5
3628,4921664.0
3629,4640935.5
3630,5049382.5
3631,4864447.0
3632,4716943.0
3633,4319361.0
3634,4482011.5
3635,4175631.0
3636,3981719.25
3637,4347512.5
3638,3901406.0
3639,3714944.0
3640,3513224.75
3641,3664774.75
3642,3415057.5
3643,3465763.0
3644,3110830.25
3645,3865198.25
3646,3588460.0
3647,3457117.75
3648,4100158.25
3649,4581746.5
3650,4549257.0
3651,5623967.0
3652,6068058.0
3653,5759655.0
3654,5281675.0
3655,5375103.5
3656,6065600.0
3657,6227722.0
3658,5992243.0
3659,6021179.5
3660,5437519.0
3661,5655589.5
3662,5284399.0
3663,5526106.0
3664,149545.03125
3665,4385866.5
3666,4333577.0
3667,4176929.75
3668,3857099.5
3669,3818922.25
3670,106872.5546875
3671,3233385.5
3672,4072614.5
3673,4036222.5
3674,3663393.5
3675,3452116.75
3676,3293190.25
3677,2959373.75
3678,4070889.5
3679,4503643.5
3680,4436849.0
3681,4977496.0
3682,158380.484375
3683,4275708.5
3684,5376248.0
3685,5238263.5
3686,157892.34375
3687,4725608.5
3688,5907359.5
3689,5882635.5
3690,5676045.5
3691,5296610.5
3692,5879166.5
3693,6518863.5
3694,6656160.5
3695,6195098.0
3696,6531562.5
3697,6037280.5
3698,4778183.5
3699,4964140.5
3700,4994288.0
3701,4472479.5
3702,4460048.5
3703,4421997.5
3704,3776321.75
3705,4039444.75
3706,3947464.0
3707,3948691.75
3708,3671015.0
3709,3230727.0
3710,3856506.5
3711,4278713.5
3712,4034362.0
3713,4544844.5
3714,4769019.5
3715,171980.046875
3716,4721182.0
3717,5690586.5
3718,6022231.5
3719,6226003.5
3720,6341644.5
3721,6035372.0
3722,4902141.0
3723,5139962.0
3724,4918128.0
3725,5522202.5
3726,5162877.0
3727,5163733.5
3728,5795558.0
3729,5358747.5
3730,4709523.5
3731,4687116.5
3732,5044746.5
3733,5076064.5
3734,5029285.5
3735,4877852.0
3736,4525885.0
3737,4676397.0
3738,4537990.5
3739,4797406.5
3740,4142940.75
3741,4019300.0
3742,3941241.25
3743,3608120.0
3744,3507316.25
3745,4038902.5
3746,4237973.0
3747,4510939.5
3748,4505572.5
3749,4629635.5
3750,4719386.0
3751,4660241.5
3752,4829972.0
3753,4995156.0
3754,4159705.0
3755,4210096.5
3756,4538886.0
3757,4306992.0
3758,4011486.0
3759,4319314.0
3760,4454374.0
3761,136250.875
3762,4133106.25
3763,4640160.5
3764,4137416.5
3765,101982.578125
3766,3167147.25
3767,125324.984375
3768,2553.235595703125
3769,3606555.25
3770,4250877.0
3771,4491853.5
3772,4575902.5
3773,4509926.0
3774,4758384.5
3775,4797150.0
3776,5491121.5
3777,5166033.0
3778,5729230.5
3779,5970458.0
3780,5691530.5
3781,5855992.0
3782,5755492.0
3783,5553735.0
3784,5398261.5
3785,5105413.0
3786,4841577.0
3787,4340321.0
3788,4193138.25
3789,4697536.0
3790,121998.4921875
3791,3968946.75
3792,4894441.0
3793,4756934.0
3794,4138213.5
3795,3546785.0
3796,3475551.75
3797,3705798.5
3798,3818534.25
3799,123325.8359375
3800,8733.4951171875
3801,3145709.0
3802,3840464.0
3803,3937172.5
3804,4772486.5
3805,4814926.5
3806,5006538.5
3807,5400717.5
3808,5552769.0
3809,156643.421875
3810,4585349.5
3811,5042127.0
3812,5259978.5
3813,5551727.5
3814,5841867.0
3815,6218475.5
3816,186527.359375
3817,4812678.0
3818,5111941.5
3819,5034181.0
3820,4945830.5
3821,4731630.5
3822,4270077.5
3823,3669144.75
3824,3221478.25
3825,3238925.75
3826,3361696.75
3827,3269349.5
3828,3040206.5
3829,3180880.75
3830,3146223.25
3831,3439579.5
3832,3415792.0
3833,3418766.75
3834,4500851.0
3835,4283809.0
3836,3827438.0
3837,4118798.75
3838,4256976.5
3839,4619624.0
3840,4934524.0
3841,5493438.5
3842,5233649.0
3843,4783030.5
3844,4652627.5
3845,4261730.5
3846,4210443.0
3847,4519837.0
3848,4022333.25
3849,3473412.0
3850,3471785.0
3851,3386189.0
3852,3540946.75
3853,3566658.5
3854,2832581.0
3855,3124784.5
3856,3086300.25
3857,80381.5234375
3858,2714077.5
3859,3020696.5
3860,3213124.75
3861,3425046.75
3862,4057747.0
3863,4288305.0
3864,4689532.0
3865,4747795.0
3866,4961982.5
3867,5023837.0
3868,5644859.5
3869,5338226.5
3870,4898837.0
3871,5336529.5
3872,5591550.0
3873,5756921.5
3874,6412335.0
3875,157443.703125
3876,4590130.5
3877,5259981.5
3878,5311335.5
3879,4340703.5
3880,4698625.0
3881,4691427.5
3882,4297034.5
3883,4518025.0
3884,4209924.0
3885,124240.015625
3886,3004770.0
3887,3357817.75
3888,92907.1015625
3889,2647148.75
3890,3268990.25
3891,3545523.25
3892,3322892.0
3893,3462994.25
3894,3370096.5
3895,3475017.0
3896,3908764.25
3897,4673488.0
3898,5197431.5
3899,5034501.0
3900,5231174.0
3901,5551665.5
3902,6004503.5
3903,6626389.0
3904,235111.8125
3905,6445801.5
3906,7604353.0
3907,7038688.0
3908,7236524.5
3909,7485712.0
3910,6880692.0
3911,6646715.5
3912,187014.96875
3913,4848333.5
3914,5459304.0
3915,4742148.0
3916,4959482.5
3917,4654932.5
3918,4351558.0
3919,4310316.0
3920,4201836.0
3921,4159105.5
3922,3968079.75
3923,3783303.75
3924,3639915.0
3925,3435609.25
3926,105404.671875
3927,3502273.5
3928,3964591.25
3929,4028791.5
3930,4751477.0
3931,4909865.5
3932,5151313.5
3933,5748918.5
3934,5208920.0
3935,5601772.5
3936,5769114.5
3937,5862456.5
3938,5434303.0
3939,5630283.5
3940,5557117.5
3941,5236553.5
3942,5027729.5
3943,4946468.0
3944,180963.609375
3945,4957236.0
3946,5646220.5
3947,5338102.0
3948,5607437.5
3949,5843060.5
3950,5546851.0
3951,150283.3125
3952,4197679.0
3953,4605659.0
3954,4722645.5
3955,4908563.0
3956,4635940.0
3957,4722299.5
3958,4091829.0
3959,4644940.0
3960,4938020.0
3961,4916288.0
3962,4750625.5
3963,4761533.5
3964,4463988.5
3965,4761392.0
3966,5114856.5
3967,4993387.5
3968,5078066.5
3969,5154482.0
3970,4859448.0
3971,4779299.0
3972,4856486.0
3973,4670447.0
3974,127856.5078125
3975,3311031.25
3976,4126563.25
3977,4786292.5
3978,4744575.0
3979,4540802.0
3980,4949349.5
3981,4682313.0
3982,4796466.0
3983,4663460.0
3984,4805182.5
3985,4519647.5
3986,4183910.75
3987,4636954.0
3988,4974307.0
3989,4625597.5
3990,4494423.0
3991,4421585.0
3992,4619150.0
3993,4498090.0
3994,4493195.5
3995,4475463.0
3996,4128496.25
3997,3872237.25
3998,4140449.0
3999,3963778.25
4000,4166880.5
4001,4078938.75
4002,3725205.75
4003,4225921.5
4004,3974245.75
4005,4195474.5
4006,4188318.75
4007,3499023.25
4008,3762752.75
4009,4103502.5
4010,4202072.5
4011,4545495.5
4012,5099748.5
4013,5356939.5
4014,5354401.5
4015,5671149.0
4016,5309500.5
4017,4662599.0
4018,4599700.0
4019,4768537.5
4020,4676481.0
4021,4639956.0
4022,162880.671875
4023,4400483.5
4024,4233618.0
4025,3891770.25
4026,3820568.5
4027,3784691.25
4028,4290635.0
4029,4259918.5
4030,4621419.5
4031,4703332.0
4032,4639586.5
4033,4361283.0
4034,4400988.5
4035,4274568.0
4036,4253213.0
4037,4058706.0
4038,4522594.5
4039,4423315.5
4040,4583927.0
4041,4973922.5
4042,5031011.5
4043,4739156.0
4044,5320096.0
4045,5300719.5
4046,4786360.0
4047,5281304.5
4048,4989632.5
4049,5087915.5
4050,5312267.0
4051,5179015.0
4052,4916322.0
4053,4798542.0
4054,4887552.0
4055,5599833.5
4056,6056755.0
4057,6367813.0
4058,6259471.0
4059,6046662.5
4060,5434701.0
4061,4393096.5
4062,4901898.5
4063,4313035.0
4064,3769613.0
4065,3629691.25
4066,4720769.5
4067,4328011.5
4068,4430717.0
4069,4178104.25
4070,4303927.5
4071,4130389.0
4072,4561218.0
4073,4363297.5
4074,4585535.5
4075,5003127.0
4076,5249538.0
4077,5162756.5
4078,5251956.5
4079,5423268.5
4080,5358621.5
4081,5244938.5
4082,5930625.5
4083,5973610.0
4084,5770411.5
4085,5537952.5
4086,6410137.0
4087,5916465.5
4088,5863596.5
4089,5677104.5
4090,5215359.5
4091,4849886.0
4092,5032321.5
4093,154659.359375
4094,3353338.5
4095,4428987.0
4096,4765867.0
4097,4687097.5
4098,4545909.0
4099,4552444.5
4100,5219038.5
4101,5445514.5
4102,4887832.0
4103,4770494.5
4104,5193176.5
4105,4936909.0
4106,4762395.5
4107,5205150.0
4108,5166422.5
4109,5592502.0
4110,5711761.0
4111,5791726.5
4112,5955053.5
4113,6045744.0
4114,5635624.5
4115,6338811.5
4116,6069588.0
4117,5716471.5
4118,5474174.5
4119,5307141.5
4120,4930000.5
4121,4955854.0
4122,5392397.5
4123,5124436.0
4124,4572832.0
4125,5070448.5
4126,5310934.0
4127,4912063.0
4128,4427930.0
4129,4532576.0
4130,4590949.0
4131,4003266.0
4132,4189801.75
4133,3975635.5
4134,4194434.0
4135,3908966.5
4136,3876525.25
4137,4347107.0
4138,4693831.0
4139,4317279.5
4140,5387669.5
4141,5419668.5
4142,5786501.5
4143,6195652.5
4144,6306564.5
4145,5274269.0
4146,4847817.0
4147,4926477.5
4148,4735089.5
4149,4837057.5
4150,4766941.0
4151,4957696.5
4152,151192.625
4153,3480672.25
4154,4365806.0
4155,4272387.5
4156,4591549.0
4157,4127772.25
4158,3903736.5
4159,3795536.25
4160,4281145.5
4161,3858822.5
4162,4095457.5
4163,4225112.0
4164,4153557.5
4165,3899265.0
4166,3900180.75
4167,4630507.5
4168,5368591.5
4169,5278250.0
4170,5545734.5
4171,5477123.0
4172,5787469.0
4173,5637136.0
4174,5522791.0
4175,5808084.5
4176,5310728.0
4177,5154633.5
4178,5193295.0
4179,5309948.0
4180,5193155.5
4181,4879502.5
4182,5022481.0
4183,5258573.5
4184,163559.9375
4185,4219334.5
4186,4938258.0
4187,4962994.5
4188,4827278.5
4189,4940975.5
4190,4990904.5
4191,4985717.5
4192,5015019.5
4193,4355837.0
4194,4991338.0
4195,4998246.5
4196,5940646.0
4197,5715816.5
4198,4999739.0
4199,6022283.0
4200,5902659.0
4201,6047545.0
4202,6479097.0
4203,7424060.5
4204,201554.140625
4205,5965196.0
4206,6520791.0
4207,6532971.0
4208,6359842.0
4209,6504799.0
4210,6738632.5
4211,6463458.5
4212,6033027.0
4213,5781861.5
4214,5744036.5
4215,5452793.0
4216,4906538.0
4217,5435315.0
4218,5362988.5
4219,163139.65625
4220,3764320.25
4221,4573593.0
4222,4499785.0
4223,137778.15625
4224,3688849.25
4225,4562918.0
4226,4712983.5
4227,4692600.0
4228,4654313.0
4229,4631502.5
4230,4865819.5
4231,5239877.5
4232,5251000.0
4233,4507506.5
4234,4926897.5
4235,4688173.5
4236,4505710.5
4237,4174627.25
4238,4915868.0
4239,4780810.0
4240,5047856.5
4241,4891410.5
4242,4359548.0
4243,4308429.0
4244,4484057.0
4245,4642742.5
4246,4654194.0
4247,4782286.5
4248,4715212.0
4249,4586745.0
4250,4789736.5
4251,4411122.0
4252,4680631.0
4253,4576063.5
4254,5211635.5
4255,5257671.5
4256,5016912.0
4257,4363170.5
4258,4215425.5
4259,4115459.75
4260,4327150.5
4261,4707509.5
4262,4431241.5
4263,4464144.5
4264,4932020.0
4265,4644770.0
4266,4550325.5
4267,4533665.5
4268,4646449.0
4269,4491867.0
4270,4869862.0
4271,4451906.0
4272,4308832.5
4273,4679157.0
4274,4640333.0
4275,4574209.0
4276,4463431.5
4277,4245628.0
4278,4163764.5
4279,3735201.75
4280,3832971.75
4281,3445948.5
4282,3672304.0
4283,4072986.25
4284,4240442.0
4285,4403049.5
4286,4295014.5
4287,4427522.5
4288,4532858.5
4289,4910492.5
4290,5350969.5
4291,5442412.0
4292,5665353.0
4293,5424560.0
4294,5601772.5
4295,5082890.0
4296,5928999.5
4297,5865286.5
4298,5511006.5
4299,5099307.5
4300,5457005.0
4301,5036230.0
4302,5204831.0
4303,5662829.5
4304,5091103.0
4305,5123552.0
4306,4798193.5
4307,4146694.5
4308,4001879.75
4309,4117586.75
4310,3802264.75
4311,3737697.0
4312,4184400.75
4313,4033723.75
4314,4457308.5
4315,5128357.0
4316,4850755.0
4317,4869996.0
4318,5035484.5
4319,5085706.0
4320,5023029.5
4321,4743590.5
4322,4259185.5
4323,4394450.5
4324,4711637.0
4325,145853.875
4326,4320522.5
4327,4620265.0
4328,4756497.0
4329,4645445.5
4330,4569209.0
4331,4449788.5
4332,4226907.5
4333,142827.046875
4334,3392434.75
4335,3704534.0
4336,120833.640625
4337,2445117.25
4338,104066.25
4339,2799205.75
4340,113939.9375
4341,3284168.75
4342,3621673.0
4343,3963166.75
4344,3636367.25
4345,3633606.75
4346,3676025.75
4347,3859506.75
4348,4678027.0
4349,5315717.0
4350,5134800.5
4351,4896288.5
4352,5036881.5
4353,5030011.5
4354,5085160.5
4355,5362397.5
4356,5702853.0
4357,5684645.0
4358,5665199.5
4359,5339650.5
4360,4934639.5
4361,4392152.0
4362,5144692.0
4363,4918387.5
4364,5086346.5
4365,5156333.5
4366,4823617.5
4367,5427489.5
4368,5349911.0
4369,5082184.0
4370,4821825.0
4371,4678809.5
4372,4463895.0
4373,4667122.0
4374,4388622.5
4375,122231.40625
4376,3559667.0
4377,4284606.5
4378,4434228.5
4379,4531940.5
4380,4550040.0
4381,4398050.0
4382,4329053.5
4383,4417381.0
4384,4769195.5
4385,4802958.0
4386,5065938.5
4387,5353944.0
4388,142450.40625
4389,4426959.0
4390,5517710.0
4391,5428602.5
4392,167046.40625
4393,5446783.0
4394,5389186.0
4395,5748591.0
4396,5628045.0
4397,5881110.0
4398,5911234.5
4399,5775397.0
4400,184288.75
4401,3255.4072265625
4402,4305500.5
4403,134607.296875
4404,3831948.5
4405,4472454.0
4406,4708234.0
4407,4578191.5
4408,4402589.0
4409,143025.609375
4410,3941088.0
4411,4861613.0
4412,4862810.5
4413,4901665.5
4414,4642220.0
4415,5057467.5
4416,4883880.0
4417,4849214.5
4418,4910132.5
4419,4657368.0
4420,5379688.0
4421,5096685.5
4422,5241617.5
4423,157213.3125
4424,4603875.5
4425,4829599.5
4426,4950214.5
4427,5375819.0
4428,5385846.5
4429,5066170.0
4430,4421192.0
4431,4452153.5
4432,161788.53125
4433,4384051.0
4434,3861890.75
4435,4772116.5
4436,4675540.0
4437,4505139.0
4438,4944769.0
4439,4841049.0
4440,5215306.5
4441,149173.390625
4442,4727034.0
4443,4985155.5
4444,5502794.5
4445,5174979.5
4446,5044905.0
4447,4789767.0
4448,4541953.5
4449,4337647.0
4450,4185804.5
4451,4066971.75
4452,4214005.5
4453,4329852.5
4454,4670365.5
4455,4249236.0
4456,3959704.25
4457,4253029.5
4458,4318558.5
4459,4117047.75
4460,4341562.0
4461,4204588.0
4462,4173306.5
4463,4279981.5
4464,3906195.0
4465,4088590.5
4466,4485706.5
4467,4912161.0
4468,4891577.5
4469,143562.0
4470,4152305.75
4471,5238728.0
4472,5416220.5
4473,5779479.0
4474,4817594.5
4475,4784929.5
4476,4362622.5
4477,4002729.25
4478,4147428.25
4479,3839665.0
4480,4062846.25
4481,137402.484375
4482,3853013.25
4483,4185804.0
4484,3896922.75
4485,4242672.0
4486,4723989.5
4487,4549246.5
4488,4526497.5
4489,4540435.5
4490,5366852.0
4491,5170980.0
4492,4506715.5
4493,4407852.5
4494,149320.234375
4495,3286750.75
4496,131733.46875
4497,3642683.5
4498,4318121.5
4499,3872881.0
4500,4209788.5
4501,4122986.5
4502,4316187.0
4503,147711.640625
4504,3699843.5
4505,4629536.5
4506,4686549.0
4507,4854436.0
4508,4709229.5
4509,4995315.0
4510,4815803.0
4511,5083364.0
4512,5057612.0
4513,5407280.5
4514,5408653.0
4515,5358555.0
4516,5287537.0
4517,5126760.0
4518,4590816.0
4519,5068487.5
4520,4818563.5
4521,4603569.0
4522,4348912.5
4523,4907655.5
4524,5124814.5
4525,5038161.0
4526,5315978.0
4527,5667993.5
4528,6029653.0
4529,5512497.5
4530,5847419.5
4531,5752717.5
4532,6012511.0
4533,5364165.0
4534,5545372.0
4535,176757.1875
4536,4729487.0
4537,5758449.5
4538,5777386.5
4539,5820551.0
4540,6051800.5
4541,5705258.5
4542,5401077.0
4543,5304428.5
4544,5135866.0
4545,4744921.0
4546,4679092.0
4547,4111478.25
4548,117141.8125
4549,3536241.75
4550,3728958.25
4551,4320662.5
4552,4571857.5
4553,4644601.5
4554,5010483.0
4555,4892152.0
4556,4916516.5
4557,4877149.0
4558,4954241.0
4559,5085225.0
4560,5185654.0
4561,5121361.0
4562,4721455.5
4563,4519145.0
4564,4382282.0
4565,4450015.5
4566,4860088.5
4567,5127682.0
4568,4907975.0
4569,4861677.5
4570,142086.765625
4571,3925366.0
4572,4033905.5
4573,4501574.0
4574,4752945.5
4575,4508768.5
4576,4117090.0
4577,4012807.5
4578,4383515.0
4579,4056388.25
4580,4641467.0
4581,4797953.5
4582,5089675.5
4583,4459893.5
4584,4423054.5
4585,4788343.5
4586,5031433.0
4587,4842674.0
4588,4773250.5
4589,4550271.5
4590,4965260.0
4591,4890973.5
4592,4412262.5
4593,4793156.0
4594,4533377.5
4595,4792720.5
4596,4376068.5
4597,4999744.5
4598,5533073.0
4599,5204451.5
4600,5720631.0
4601,5419789.0
4602,5619143.5
4603,5754157.5
4604,5232396.5
4605,4664633.0
4606,4537903.5
4607,4849436.5
4608,5086913.0
4609,5167300.0
4610,4777973.5
4611,5288334.5
4612,155377.578125
4613,4295434.5
4614,4574999.5
4615,4472676.0
4616,116071.109375
4617,3681902.25
4618,4498960.0
4619,4414530.0
4620,4296626.5
4621,4571366.0
4622,4025216.5
4623,4261694.5
4624,5036179.0
4625,5508381.5
4626,5735599.0
4627,5846999.0
4628,5631304.5
4629,6142886.0
4630,5621263.5
4631,5901954.5
4632,5484537.0
4633,5995293.0
4634,6196799.0
4635,5831762.0
4636,6143307.0
4637,6044582.0
4638,5958365.0
4639,5896798.0
4640,6057039.5
4641,5832385.5
4642,5842780.0
4643,5358314.5
4644,5480405.0
4645,147436.859375
4646,4161423.25
4647,4327667.0
4648,4285825.5
4649,4687618.0
4650,4396801.5
4651,3935449.0
4652,4495609.5
4653,4599729.0
4654,5066024.0
4655,5047367.0
4656,4603610.5
4657,4705380.0
4658,5103504.0
4659,4863595.0
4660,4777355.0
4661,4966702.5
4662,5298107.5
4663,5021313.5
4664,4981190.5
4665,161513.28125
4666,3917400.5
4667,4704610.0
4668,166025.484375
4669,3500698.0
4670,4486439.5
4671,4885965.0
4672,4747974.5
4673,5310598.0
4674,5254367.5
4675,5072118.5
4676,173315.875
4677,4082180.0
4678,4813774.5
4679,4911429.0
4680,5630172.0
4681,5401945.5
4682,4762397.0
4683,4645832.5
4684,4862252.0
4685,4690679.5
4686,4885427.5
4687,5127912.5
4688,4977168.0
4689,5214238.0
4690,5139039.5
4691,5076331.5
4692,5735235.0
4693,5756946.0
4694,5890762.0
4695,5442461.5
4696,5040557.5
4697,5323244.0
4698,151420.703125
4699,3834256.75
4700,4737714.0
4701,4980408.5
4702,4638775.5
4703,4237551.0
4704,4537605.5
4705,4527340.5
4706,4863780.5
4707,129265.5625
4708,3813256.0
4709,4402589.5
4710,4569718.0
4711,4581099.5
4712,133968.140625
4713,3934569.75
4714,4144118.75
4715,4062235.25
4716,142852.65625
4717,3677943.75
4718,4559769.0
4719,4654371.0
4720,114157.5625
4721,4400949.5
4722,4990130.0
4723,5064417.5
4724,4591859.5
4725,4520736.0
4726,4736069.0
4727,4936080.0
4728,4889962.0
4729,4557283.0
4730,4830265.5
4731,4678554.5
4732,4165661.5
4733,4250126.0
4734,4437630.0
4735,4175086.75
4736,4485715.5
4737,4066922.0
4738,3992534.5
4739,4358224.5
4740,5240812.0
4741,4971429.0
4742,5179553.5
4743,5201700.5
4744,4790060.5
4745,4866605.5
4746,4193746.75
4747,4148699.75
4748,4226901.0
4749,4311220.5
4750,4369630.0
4751,3928690.0
4752,4229501.5
4753,4373856.0
4754,4267928.0
4755,4832904.5
4756,4781968.5
4757,4878673.5
4758,4711394.5
4759,4880246.5
4760,4930645.5
4761,4780802.5
4762,4974312.5
4763,5027184.0
4764,5248023.5
4765,5546430.0
4766,5305190.0
4767,5332169.5
4768,5301745.0
4769,5204824.5
4770,5526569.5
4771,5491203.0
4772,5531734.5
4773,5744937.0
4774,6075472.5
4775,5939499.5
4776,5314146.5
4777,5618263.5
4778,5636082.5
4779,5968838.5
4780,6113958.5
4781,5363030.0
4782,5989379.5
4783,6250797.0
4784,6038481.0
4785,6002727.5
4786,5878084.5
4787,5947443.5
4788,5681527.5
4789,5133737.5
4790,5039889.5
4791,4767693.0
4792,4777989.5
4793,4888016.0
4794,4686607.0
4795,5018920.0
4796,152844.0
4797,4502175.0
4798,4965688.0
4799,4257482.5
4800,4204621.5
4801,4267655.5
4802,4645931.0
4803,4621499.5
4804,4506278.5
4805,4753168.5
4806,4884179.5
4807,4908531.0
4808,4734712.0
4809,5087485.0
4810,5139271.0
4811,4978986.5
4812,4702571.0
4813,5160837.5
4814,5265945.5
4815,151855.90625
4816,4520502.5
4817,4629243.0
4818,4658122.0
4819,129094.3984375
4820,3765036.5
4821,4679524.5
4822,4308049.0
4823,4388084.5
4824,4511927.0
4825,5170245.5
4826,5143775.0
4827,5543707.5
4828,5980062.5
4829,180680.5625
4830,4363752.5
4831,4920440.0
4832,5220422.5
4833,5452831.0
4834,5299831.5
4835,4609241.5
4836,4820604.0
4837,4610546.5
4838,4701331.0
4839,4468336.5
4840,4743665.5
4841,4745044.5
4842,4944483.0
4843,4592350.0
4844,4583141.5
4845,4527100.0
4846,4803803.0
4847,4826456.0
4848,4918637.5
4849,4217898.5
4850,4576977.5
4851,4897044.0
4852,4842177.5
4853,4768771.0
4854,5369582.5
4855,5360693.5
4856,4603265.0
4857,4781869.5
4858,5073759.0
4859,4795228.0
4860,5153956.0
4861,4973548.0
4862,162572.546875
4863,4318291.5
4864,4438066.0
4865,4325706.5
4866,5288422.5
4867,5365548.5
4868,5263244.0
4869,5466757.5
4870,5316564.5
4871,5214643.5
4872,4848495.0
4873,5105781.0
4874,4842207.5
4875,4466793.5
4876,4637992.0
4877,5253784.0
4878,4306001.5
4879,4800749.5
4880,4873282.5
4881,4512739.0
4882,4794504.0
4883,5179321.5
4884,4459357.5
4885,4821238.5
4886,4691002.0
4887,4261271.0
4888,4457016.0
4889,4806932.0
4890,4995887.0
4891,4452256.5
4892,4290859.0
4893,4342252.5
4894,4159254.25
4895,4134223.5
4896,4407701.0
4897,4617722.5
4898,4862673.5
4899,4212560.0
4900,4031294.75
4901,4312391.0
4902,4087961.0
4903,4378600.0
4904,4035036.75
4905,4141316.0
4906,4336314.0
4907,4236742.5
4908,4551557.0
4909,4874265.0
4910,5055213.5
4911,4887571.0
4912,5126353.0
4913,5330432.5
4914,5312365.0
4915,5386848.0
4916,5534582.0
4917,173177.8125
4918,4742472.0
4919,5371795.0
4920,5007563.5
4921,5346456.5
4922,5426898.0
4923,5338150.5
4924,5216034.0
4925,5925659.5
4926,5823340.5
4927,5805970.5
4928,5531979.0
4929,5280306.0
4930,4855759.0
4931,4457103.0
4932,5056711.5
4933,5569676.0
4934,5551918.5
4935,5596270.5
4936,5527818.0
4937,5095220.0
4938,4979470.0
4939,4323663.5
4940,4381987.5
4941,4323480.0
4942,5133079.5
4943,4908302.0
4944,4412743.5
4945,4347485.0
4946,4073181.0
4947,4139764.75
4948,4613119.0
4949,4047665.25
4950,3784529.0
4951,4589955.0
4952,4533933.5
4953,4370952.5
4954,5312263.5
4955,4871924.5
4956,4578737.5
4957,4683484.5
4958,4998276.5
4959,4253505.5
4960,4454748.0
4961,4136050.5
4962,4073559.75
4963,4274336.5
4964,4409846.5
4965,4243990.5
4966,4033681.5
4967,4328977.5
4968,4068549.5
4969,3710115.0
4970,3747784.75
4971,3320929.75
4972,3632313.25
4973,3985646.5
4974,3943026.25
4975,4434124.0
4976,4628381.5
4977,4681395.0
4978,4900525.5
4979,4986183.5
4980,4985615.5
4981,5190329.0
4982,5132316.5
4983,5391545.5
4984,4933689.0
4985,154561.5
4986,4211098.0
4987,4768385.5
4988,4875043.0
4989,4711397.5
4990,4435115.0
4991,4602190.0
4992,4141351.25
4993,4628408.5
4994,5136603.0
4995,4818691.0
4996,4867908.0
4997,4786135.5
4998,4338501.0
4999,4226734.5
5000,107535.1796875
5001,3581197.0
5002,4634556.5
5003,4112739.25
5004,3957876.75
5005,4423537.5
5006,4699419.0
5007,5212591.0
5008,5617273.5
5009,5493427.0
5010,5720530.0
5011,5365383.5
5012,5706986.0
5013,201661.359375
5014,5317592.0
5015,6408877.0
5016,6889774.0
5017,6318897.5
5018,6123738.0
5019,5810935.5
5020,6364269.0
5021,6696389.0
5022,6246525.5
5023,6839697.5
5024,6324529.0
5025,6028581.5
5026,5284287.0
5027,4417735.0
5028,4435574.5
5029,4286998.0
5030,4415672.5
5031,4554508.0
5032,4370584.0
5033,3727504.5
5034,4390153.0
5035,4672323.0
5036,4052061.75
5037,3709459.0
5038,4235513.5
5039,4270835.5
5040,4563523.5
5041,4584179.5
5042,4536555.5
5043,4589218.5
5044,5051779.5
5045,4633708.0
5046,4745324.5
5047,4821826.5
5048,5153995.0
5049,5128568.0
5050,5115262.5
5051,5044570.0
5052,139783.1875
5053,3766649.75
5054,3715717.25
5055,3532702.5
5056,3655187.75
5057,3596458.0
5058,3838272.5
5059,4543081.5
5060,4613138.5
5061,4511887.5
5062,4933739.5
5063,5413430.5
5064,5052845.0
5065,4774491.0
5066,4954412.5
5067,4758021.5
5068,4587310.0
5069,4333004.5
5070,4340806.0
5071,5012504.0
5072,5053754.0
5073,4975813.0
5074,5446259.0
5075,5506144.0
5076,5505214.5
5077,5817045.5
5078,6308742.0
5079,6191456.0
5080,187300.828125
5081,5129455.0
5082,5308517.5
5083,5592639.0
5084,5353869.0
5085,5731369.0
5086,5549617.5
5087,5186030.5
5088,143743.78125
5089,3862236.5
5090,4296445.0
5091,4806975.0
5092,4636501.0
5093,4814465.5
5094,4776528.5
5095,4681795.5
5096,4220750.0
5097,3734357.5
5098,3718114.25
5099,3694127.0
5100,3791126.0
5101,3500470.75
5102,4233318.0
5103,4640044.0
5104,4915928.0
5105,4841068.0
5106,4874631.0
5107,4601679.0
5108,5061342.5
5109,5121741.5
5110,5124021.0
5111,5132514.0
5112,5083439.0
5113,181004.046875
5114,3999699.0
5115,4857215.0
5116,4968829.0
5117,4921575.0
5118,4422007.0
5119,4153870.25
5120,4182958.5
5121,4642853.5
5122,4791756.0
5123,4728802.5
5124,5178131.5
5125,4589654.0
5126,4523182.5
5127,4035981.25
5128,4133247.0
5129,5182952.5
5130,4605610.0
5131,4520080.5
5132,4790104.5
5133,5160989.5
5134,5177886.0
5135,5421208.5
5136,5476422.5
5137,5596564.5
5138,173607.703125
5139,4032184.5
5140,4671167.0
5141,4235856.5
5142,131242.109375
5143,3669586.25
5144,4515064.5
5145,4342743.5
5146,4875127.5
5147,4382987.0
5148,117376.25
5149,3701417.5
5150,4022728.5
5151,3966949.0
5152,4482228.0
5153,4195526.0
5154,4543604.0
5155,4556264.0
5156,4469085.0
5157,4428764.0
5158,4375212.0
5159,4450894.5
5160,4845776.5
5161,4750633.5
5162,4123277.0
5163,4407821.0
5164,3749321.25
5165,3945054.5
5166,3788250.25
5167,3804263.75
5168,3878980.5
5169,4386677.5
5170,4416858.5
5171,4239424.0
5172,4122393.5
5173,4136083.5
5174,4318709.5
5175,4156815.75
5176,4098623.75
5177,4413898.0
5178,4395527.5
5179,4019309.75
5180,3801029.0
5181,3793377.0
5182,3972578.75
5183,3609572.25
5184,3955188.0
5185,4404652.0
5186,4579337.5
5187,4757150.5
5188,4718387.5
5189,4314983.0
5190,4399381.5
5191,4773977.0
5192,4946712.5
5193,5262786.0
5194,5038876.5
5195,5770552.0
5196,5596442.0
5197,5695843.0
5198,6192871.5
5199,6271968.0
5200,6298075.0
5201,6256197.0
5202,5846302.5
5203,5969524.0
5204,6335551.0
5205,5862902.5
5206,5461932.0
5207,6098003.0
5208,5746318.0
5209,5362245.0
5210,5322887.0
5211,5691178.5
5212,4990913.0
5213,4156499.75
5214,4397359.5
5215,4683285.5
5216,4686188.5
5217,4266420.0
5218,4288918.0
5219,4336130.0
5220,3966732.75
5221,4337024.0
5222,4379437.0
5223,4105650.5
5224,4687327.0
5225,4321115.5
5226,4582591.0
5227,4864638.0
5228,4993663.5
5229,5379795.5
5230,5371703.5
5231,5066417.0
5232,5388497.0
5233,5018581.5
5234,4791279.5
5235,4391742.0
5236,4933205.0
5237,5171508.5
5238,5499687.5
5239,5736304.5
5240,5530173.0
5241,5304804.0
5242,4995812.5
5243,5218848.5
5244,4659843.5
5245,5151496.0
5246,4943421.0
5247,4331477.5
5248,4415278.5
5249,4829330.5
5250,4846942.0
5251,5306732.0
5252,5138142.0
5253,5394707.5
5254,5404602.0
5255,5859128.0
5256,6069384.5
5257,6081922.5
5258,6310222.0
5259,6064504.5
5260,6129421.0
5261,5921598.0
5262,5858781.5
5263,5891453.5
5264,5465726.0
5265,5001972.0
5266,91028.4375
5267,3722494.5
5268,4521631.0
5269,4612204.5
5270,4387521.5
5271,3792542.0
5272,3844121.25
5273,3839030.25
5274,3300745.0
5275,3766910.75
5276,3594481.75
5277,3897428.0
5278,3933561.5
5279,4182679.5
5280,4237911.5
5281,4504315.5
5282,4490352.5
5283,4487624.0
5284,4970493.0
5285,4683720.0
5286,4786929.5
5287,4580185.0
5288,4752738.5
5289,4163233.0
5290,4382363.0
5291,4092899.75
5292,128585.703125
5293,3512587.25
5294,4233982.0
5295,4303834.5
5296,4463676.0
5297,4550369.5
5298,4655829.0
5299,4470307.0
5300,4403168.5
5301,4285834.0
5302,4021952.25
5303,4337704.0
5304,4663183.0
5305,4433509.5
5306,4513618.5
5307,5145856.5
5308,4920094.5
5309,4345925.0
5310,4482538.5
5311,4710758.5
5312,4637670.5
5313,5075380.5
5314,4952528.5
5315,5217827.0
5316,4921176.0
5317,5449618.5
5318,5196551.0
5319,5484423.0
5320,5603489.5
5321,5434432.5
5322,4755156.0
5323,4417588.5
5324,4650615.5
5325,4471314.0
5326,4424289.0
5327,4560558.5
5328,4540767.5
5329,4617155.0
5330,4483706.5
5331,4037559.25
5332,3632691.5
5333,3515445.75
5334,3981953.5
5335,3439291.75
5336,3540759.75
5337,3589712.25
5338,3636014.25
5339,2961240.0
5340,3438608.75
5341,92441.7265625
5342,3001831.75
5343,3027322.25
5344,3328370.25
5345,3520009.5
5346,4601503.0
5347,4836198.0
5348,5104160.5
5349,5137276.5
5350,4741295.0
5351,5307444.5
5352,5571658.0
5353,5241984.0
5354,5497329.5
5355,5342182.0
5356,5422922.5
5357,5470839.5
5358,5376906.5
5359,160643.59375
5360,4566116.5
5361,4713922.0
5362,4778030.5
5363,5075996.0
5364,5012790.5
5365,4686317.5
5366,4618977.5
5367,4677823.0
5368,5090885.5
5369,4969725.0
5370,5526936.5
5371,5490707.5
5372,5735016.0
5373,5981215.0
5374,5579353.5
5375,5762558.0
5376,5699213.5
5377,5204455.0
5378,5096368.0
5379,5253333.0
5380,5347063.5
5381,5194789.0
5382,5277945.5
5383,4929244.5
5384,5189953.5
5385,4777618.5
5386,4242033.0
5387,3958372.0
5388,4061671.5
5389,4584710.0
5390,4227034.0
5391,4231796.0
5392,4105665.5
5393,3892587.5
5394,3847540.25
5395,3465673.25
5396,3380217.5
5397,3553817.0
5398,3619281.0
5399,3170357.5
5400,3622329.5
5401,4053297.25
5402,114855.7890625
5403,3235655.25
5404,3553404.75
5405,77813.6640625
5406,3727445.5
5407,3739612.5
5408,4568358.5
5409,4665696.0
5410,4661114.0
5411,4789203.5
5412,4813456.0
5413,4552482.5
5414,5075045.0
5415,4882992.5
5416,4448442.0
5417,4746251.0
5418,4802141.5
5419,4686489.0
5420,4516875.0
5421,4742483.5
5422,4171967.75
5423,4267057.5
5424,3956581.25
5425,125805.625
5426,3891456.0
5427,4679578.0
5428,148759.921875
5429,4105716.75
5430,164664.109375
5431,4513287.0
5432,4558878.0
5433,4714472.0
5434,4954803.0
5435,5374184.0
5436,5838325.0
5437,6153997.0
5438,6024146.5
5439,6344214.0
5440,5716518.5
5441,5716396.0
5442,5256426.5
5443,5108363.5
5444,5523851.0
5445,5546751.0
5446,155638.75
5447,4711351.0
5448,4852279.5
5449,5043192.5
5450,4978010.5
5451,4581231.5
5452,4466575.0
5453,4110727.25
5454,3993659.25
5455,3823031.5
5456,3542935.0
5457,3576121.0
5458,3708935.25
5459,3688610.25
5460,3465395.0
5461,3368261.0
5462,3544555.0
5463,3575689.25
5464,3489420.0
5465,3570533.75
5466,4186851.0
5467,4806087.0
5468,4490145.5
5469,4891347.0
5470,155294.625
5471,4179802.5
5472,4719810.0
5473,5250383.0
5474,5195112.5
5475,5469990.5
5476,5661275.0
5477,5699020.0
5478,5287911.0
5479,5348668.5
5480,4976488.0
5481,5067131.5
5482,4828147.0
5483,4564801.0
5484,5089819.0
5485,4855344.5
5486,5405208.0
5487,4863880.5
5488,4740530.5
5489,4684649.0
5490,4829949.5
5491,4861504.0
5492,4350597.0
5493,4321013.5
5494,4639456.5
5495,4420706.5
5496,4803621.5
5497,4675593.5
5498,5010408.0
5499,5443032.5
5500,5483923.0
5501,5773635.0
5502,5762578.5
5503,5852237.0
5504,5448370.5
5505,5867504.5
5506,5857241.5
5507,6021539.0
5508,5853099.0
5509,6176088.0
5510,5342064.5
5511,5119342.5
5512,4654617.0
5513,4640126.0
5514,4154140.0
5515,4595100.5
5516,4837682.5
5517,4945110.5
5518,4373242.0
5519,4972888.0
5520,4926199.5
5521,5018506.0
5522,4922579.0
5523,4589506.0
5524,4880240.0
5525,5396640.0
5526,5392541.0
5527,5285678.5
5528,5055414.5
5529,4803988.5
5530,133318.265625
5531,4831821.5
5532,5117517.5
5533,5649653.0
5534,5538780.5
5535,182199.8125
5536,7272.091796875
5537,4451138.0
5538,4876791.5
5539,5490985.5
5540,5857504.5
5541,5638862.5
5542,6138528.5
5543,5943269.5
5544,5819306.0
5545,5876044.5
5546,5426502.0
5547,5142510.5
5548,5189455.5
5549,5133414.0
5550,5025564.0
5551,4482059.0
5552,4385710.0
5553,4663124.5
5554,4482964.5
5555,4578090.5
5556,4708567.0
5557,4532395.0
5558,4741471.5
5559,4513347.0
5560,4396035.5
5561,3822859.0
5562,3811262.25
5563,3600571.0
5564,3395292.5
5565,3480556.0
5566,3689761.75
5567,3488978.25
5568,3764860.0
5569,3566385.5
5570,3552467.0
5571,3874286.25
5572,3290417.25
5573,3380958.75
5574,3688210.75
5575,4225699.0
5576,4307401.0
5577,3976034.5
5578,4252233.0
5579,4818081.0
5580,5184461.5
5581,5444776.5
5582,5525018.5
5583,5875690.5
5584,177009.921875
5585,4632532.0
5586,5239151.0
5587,5476038.0
5588,5629543.0
5589,4845441.0
5590,4936398.5
5591,5315609.0
5592,5797002.5
5593,5716983.5
5594,5247534.0
5595,5612960.0
5596,5781123.5
5597,5339234.0
5598,5665085.5
5599,5723522.5
5600,6120896.5
5601,6344148.5
5602,5982709.5
5603,5749824.0
5604,6280839.0
5605,6634328.5
5606,6331997.5
5607,6072808.0
5608,5619517.5
5609,5314269.0
5610,5278610.0
5611,147393.078125
5612,4453262.0
5613,5222426.5
5614,5555702.5
5615,5490250.0
5616,5091753.0
5617,155661.125
5618,3907893.25
5619,4500736.5
5620,5024608.0
5621,5414249.5
5622,4924810.5
5623,4731749.0
5624,4995223.0
5625,4250170.5
5626,120572.2578125
5627,4374641.5
5628,5078584.5
5629,5349071.0
5630,165437.296875
5631,4973919.0
5632,5693111.5
5633,6064266.5
5634,5709533.0
5635,5620843.5
5636,6173903.0
5637,5898435.0
5638,6417668.0
5639,5925572.5
5640,6078250.0
5641,6487054.0
5642,6248855.0
5643,6171729.5
5644,6872161.0
5645,6483983.5
5646,6463090.5
5647,6429098.0
5648,6073291.5
5649,6090895.0
5650,165582.921875
5651,4803066.5
5652,5116794.5
5653,5279095.0
5654,5177692.0
5655,5831714.5
5656,5947614.0
5657,6098683.5
5658,5201019.5
5659,5311527.5
5660,5176081.5
5661,5889272.0
5662,5050090.5
5663,4832715.5
5664,131664.328125
5665,3969734.0
5666,4738265.5
5667,4912242.5
5668,5053550.5
5669,5158770.5
5670,4768026.0
5671,4753507.5
5672,4771034.5
5673,5104454.5
5674,5160863.5
5675,4818963.5
5676,5100473.0
5677,5662329.5
5678,5531188.0
5679,5731347.5
5680,5386025.0
5681,5963007.0
5682,5308390.5
5683,5333346.0
5684,5446465.0
5685,5345406.0
5686,5289909.0
5687,169227.625
5688,4133294.0
5689,4483635.0
5690,4255331.5
5691,4526651.0
5692,4405877.5
5693,4229188.0
5694,129541.1328125
5695,3301978.0
5696,3720668.0
5697,3872420.75
5698,4177231.25
5699,4606108.5
5700,5008998.0
5701,4819644.0
5702,4894416.5
5703,4863416.0
5704,4863561.0
5705,4738112.5
5706,4977846.0
5707,5075945.0
5708,5191650.5
5709,5353422.5
5710,5524760.5
5711,5568203.5
5712,5443891.0
5713,5313803.5
5714,5282899.5
5715,5085799.0
5716,4901362.0
5717,5246749.0
5718,4397408.0
5719,4598361.5
5720,4797212.0
5721,4470941.0
5722,4958022.0
5723,4784932.5
5724,4506389.0
5725,4743557.5
5726,4967615.0
5727,5747043.0
5728,5485885.5
5729,5844010.5
5730,5952989.5
5731,5835132.0
5732,5886785.5
5733,6050684.0
5734,5932438.0
5735,5422491.5
5736,5395241.0
5737,164054.203125
5738,4675466.5
5739,5023520.5
5740,4852326.5
5741,5320286.0
5742,4923004.0
5743,4923588.0
5744,4462345.0
5745,4978642.0
5746,4658224.5
5747,4862991.5
5748,5007025.0
5749,5182993.0
5750,4897553.5
5751,4464581.0
5752,4974184.0
5753,4389834.0
5754,4263381.5
5755,4755963.5
5756,4943216.0
5757,4987836.5
5758,5131429.0
5759,4906257.5
5760,5510853.5
5761,5293390.5
5762,5274757.5
5763,5155001.0
5764,5776768.5
5765,5763556.5
5766,5568720.0
5767,5395315.5
5768,5518032.5
5769,5435734.0
5770,5325966.0
5771,5494184.0
5772,5062897.5
5773,5090605.0
5774,5343626.5
5775,5185803.0
5776,5163219.5
5777,4738903.0
5778,4573285.0
5779,5377808.0
5780,5277333.0
5781,5446519.0
5782,4826010.5
5783,5053497.5
5784,5053614.5
5785,5164116.5
5786,5555996.0
5787,5169369.0
5788,5639654.5
5789,5095932.0
5790,5479940.0
5791,5393719.5
5792,5368732.0
5793,5187277.5
5794,5235649.5
5795,5608642.0
5796,5347573.5
5797,5677282.0
5798,5185266.0
5799,5226303.5
5800,6024563.0
5801,5918081.0
5802,5662683.0
5803,5966029.5
5804,5930983.0
5805,5770489.5
5806,5004763.5
5807,4876408.0
5808,5043392.0
5809,4949536.0
5810,4487452.0
5811,4545090.0
5812,4989370.0
5813,4780426.5
5814,5129360.5
5815,4736380.0
5816,4952802.0
5817,4560962.5
5818,4940754.0
5819,5185661.5
5820,4592883.5
5821,5291295.0
5822,4950171.0
5823,5157097.0
5824,5710859.0
5825,5858334.5
5826,6114426.5
5827,217383.9375
5828,5341581.5
5829,5863041.0
5830,5743805.5
5831,6237405.0
5832,6083919.0
5833,6635158.5
5834,6945656.5
5835,6690503.0
5836,7081802.5
5837,6667943.0
5838,6297746.5
5839,5794000.0
5840,5832851.0
5841,5204595.5
5842,5671433.0
5843,5932351.5
5844,5909014.0
5845,5408063.5
5846,5344229.5
5847,4862503.5
5848,5254381.0
5849,5255467.0
5850,4745100.0
5851,4687576.0
5852,4351446.0
5853,4190771.0
5854,4329099.5
5855,4955047.5
5856,4977811.0
5857,5289214.5
5858,5108264.0
5859,4700339.5
5860,5189485.5
5861,4947618.0
5862,4850818.0
5863,4903615.5
5864,4403929.5
5865,4495856.5
5866,4645906.5
5867,4676407.0
5868,4839431.0
5869,4768621.5
5870,5165527.0
5871,4657494.5
5872,4705859.5
5873,4051565.0
5874,4457690.5
5875,4162377.25
5876,4746311.5
5877,5074747.5
5878,5174218.0
5879,4919253.5
5880,4694789.0
5881,5134718.5
5882,5597946.5
5883,5611970.5
5884,6056134.0
5885,6283553.0
5886,5441760.0
5887,6242790.5
5888,6391962.5
5889,6208946.5
5890,6182761.5
5891,5977677.0
5892,6109836.5
5893,6030965.5
5894,5475617.5
5895,5371874.5
5896,5613465.0
5897,5566906.5
5898,5795218.0
5899,6165364.5
5900,6417670.0
5901,6308278.0
5902,5379927.0
5903,5234645.5
5904,4846898.5
5905,4860725.5
5906,4091037.75
5907,3993697.5
5908,3880555.75
5909,3984834.5
5910,4382750.0
5911,3990408.0
5912,4160438.5
5913,4142454.5
5914,4025223.75
5915,4367359.0
5916,4403962.5
5917,4846239.0
5918,4816552.0
5919,5137758.0
5920,5235899.0
5921,5525922.5
5922,164847.5
5923,4941870.0
5924,5635240.0
5925,5778362.5
5926,5519108.5
5927,5797216.0
5928,5209105.0
5929,5718531.0
5930,5349740.5
5931,5433635.0
5932,4671804.0
5933,5037551.0
5934,4024639.5
5935,3807820.0
5936,4442176.5
5937,4705434.5
5938,4583323.0
5939,4435013.5
5940,4503461.0
5941,4496990.0
5942,5027051.5
5943,5164061.0
5944,5056587.0
5945,166668.0
5946,5038133.0
5947,5427706.0
5948,4873379.5
5949,4988042.5
5950,4898736.5
5951,4906571.0
5952,5228835.5
5953,4823924.0
5954,5051222.0
5955,4870067.0
5956,4188358.0
5957,4010903.5
5958,4103767.75
5959,4052341.0
5960,4114890.25
5961,3818123.5
5962,4031200.75
5963,3850383.5
5964,4127743.5
5965,3647800.75
5966,110805.6015625
5967,3470039.25
5968,119773.875
5969,3312313.75
5970,3898844.5
5971,4124180.0
5972,3427242.0
5973,3874584.0
5974,3664147.75
5975,134508.078125
5976,4356203.5
5977,4559218.5
5978,5583579.0
5979,5451227.5
5980,5305772.0
5981,4756101.0
5982,4810050.0
5983,5388815.0
5984,5628417.5
5985,5468458.0
5986,6150342.0
5987,6080696.5
5988,6040527.5
5989,6084671.0
5990,6255587.5
5991,6000134.5
5992,5916254.5
5993,5552058.0
5994,4997540.5
5995,4596712.5
5996,4395901.5
5997,3668711.5
5998,3037060.75
5999,2816461.5
6000,3217668.75
6001,2882319.25
6002,2711528.5
6003,2468098.5
6004,2633558.75
6005,3420180.25
6006,3348882.5
6007,3734476.5
6008,3671624.25
6009,3747824.75
6010,3967185.5
6011,4187382.5
6012,4490219.0
6013,4670388.0
6014,4742974.5
6015,4891076.5
6016,5063370.5
6017,5308350.0
6018,5434439.5
6019,152202.34375
6020,4684707.5
6021,5156585.0
6022,5127367.0
6023,5357335.0
6024,5292764.5
6025,5456232.0
6026,5532383.0
6027,5456190.5
6028,6083108.0
6029,6025735.0
6030,5705397.5
6031,5256541.5
6032,5326383.5
6033,5547713.0
6034,5499657.5
6035,5113969.5
6036,5497629.5
6037,5016203.0
6038,5113270.5
6039,4337707.5
6040,4312632.5
6041,4565464.0
6042,4328883.0
6043,4153118.5
6044,4782400.0
6045,4608446.0
6046,4701847.0
6047,4609590.5
6048,142811.28125
6049,4565019.5
6050,4400573.0
6051,4089569.25
6052,4148434.5
6053,3966581.0
6054,3744384.25
6055,3836029.75
6056,4093984.25
6057,4503227.5
6058,4594211.0
6059,4828688.0
6060,4411320.0
6061,4357850.5
6062,4614974.0
6063,4141698.75
6064,4033515.25
6065,4206141.5
6066,4245448.5
6067,4356999.0
6068,4773124.0
6069,4977287.5
6070,5130969.0
6071,180693.453125
6072,5149415.0
6073,5817445.0
6074,6221529.5
6075,6317042.5
6076,6042017.5
6077,5427590.0
6078,6191312.0
6079,5568958.5
6080,4681963.5
6081,4859980.0
6082,5208776.5
6083,5024446.5
6084,5068718.5
6085,4743906.5
6086,4439550.0
6087,4183688.25
6088,108636.6796875
6089,3230795.5
6090,3524427.5
6091,3553754.0
6092,3476024.25
6093,3262687.5
6094,3404977.0
6095,3913393.5
6096,4063508.25
6097,4436115.0
6098,4681415.0
6099,4761541.5
6100,4547755.5
6101,4968443.0
6102,5383168.0
6103,5256429.5
6104,5286834.5
6105,5625581.0
6106,5499850.5
6107,5798344.5
6108,6287611.5
6109,5691291.5
6110,5775654.5
6111,5270914.0
6112,4704309.5
6113,4488567.0
6114,4961626.5
6115,4522654.0
6116,4153795.5
6117,4417239.5
6118,4058744.75
6119,3850707.75
6120,3509701.25
6121,3767644.75
6122,3715874.75
6123,4098545.5
6124,4222230.0
6125,3932239.25
6126,4004343.25
6127,4191935.25
6128,4668398.0
6129,5284957.0
6130,5985018.5
6131,5749414.5
6132,5660466.5
6133,5300936.0
6134,4888355.0
6135,5441494.0
6136,6099917.5
6137,5884762.5
6138,5595691.5
6139,5829515.5
6140,6126739.0
6141,5767999.0
6142,5382891.5
6143,4911533.5
6144,4594959.5
6145,4827288.5
6146,4587305.0
6147,4431906.5
6148,4110148.0
6149,3817394.75
6150,3768869.25
6151,3694845.75
6152,4035218.5
6153,4134727.0
6154,4110630.0
6155,4858419.5
6156,4925615.5
6157,4980447.0
6158,4985709.0
6159,4731814.5
6160,4609626.5
6161,4708376.5
6162,4875402.0
6163,5115601.0
6164,4699440.5
6165,4216613.0
6166,4495142.5
6167,3748749.5
6168,130558.109375
6169,3910448.75
6170,4248598.0
6171,4472568.0
6172,4752821.5
6173,4824787.5
6174,4907692.5
6175,4829152.0
6176,4397880.0
6177,4550138.0
6178,4426854.0
6179,4509653.0
6180,4340179.5
6181,4207351.0
6182,4175160.75
6183,4130912.75
6184,4137778.75
6185,4014191.75
6186,3972254.75
6187,135083.390625
6188,3743345.75
6189,3620253.5
6190,3907529.25
6191,4064395.75
6192,4144342.5
6193,3876830.0
6194,4119427.5
6195,4019460.25
6196,4184500.5
6197,4355465.5
6198,4731857.5
6199,128714.546875
6200,4625548.5
6201,5156748.0
6202,5067853.5
6203,5311876.0
6204,5208278.5
6205,5342363.5
6206,4933268.0
6207,4700073.5
6208,4904659.0
6209,4831755.0
6210,4767067.5
6211,5024518.5
6212,5318738.5
6213,5208657.5
6214,5474212.0
6215,5371827.0
6216,5072855.5
6217,4871579.5
6218,5338473.0
6219,4999992.5
6220,5546936.5
6221,5321013.0
6222,5146959.5
6223,4594202.0
6224,4880625.5
6225,4778272.0
6226,5124114.5
6227,5620800.5
6228,5530915.0
6229,5765908.5
6230,4964183.0
6231,5156283.0
6232,5499259.0
6233,5834737.5
6234,5788355.0
6235,6004534.5
6236,5906955.0
6237,5494505.5
6238,5007787.5
6239,5688922.5
6240,171182.453125
6241,5809778.5
6242,6181070.0
6243,6354512.5
6244,6012461.0
6245,5568967.0
6246,5774559.5
6247,5593299.5
6248,5546940.5
6249,5833868.0
6250,6106214.0
6251,5612553.5
6252,5298206.0
6253,156753.15625
6254,18899.7265625
6255,4833382.5
6256,5126830.0
6257,5254466.0
6258,5122554.5
6259,5083650.5
6260,4693057.5
6261,4369557.5
6262,4708354.5
6263,4712049.0
6264,5064205.5
6265,5251457.5
6266,5607441.0
6267,5532204.0
6268,5695517.5
6269,5779533.0
6270,4824918.5
6271,4945098.5
6272,4695332.5
6273,4113553.0
6274,3625623.5
6275,3822126.75
6276,4157868.75
6277,4040795.25
6278,4168998.5
6279,4975489.0
6280,4865260.5
6281,4668645.0
6282,4874210.0
6283,4756543.0
6284,5112155.5
6285,5606181.5
6286,5970143.5
6287,5907827.5
6288,6142711.5
6289,5787744.0
6290,5635889.0
6291,4942096.0
6292,4891691.5
6293,4916974.0
6294,5071831.0
6295,4885371.5
6296,156533.578125
6297,3718021.75
6298,4479733.5
6299,4516626.0
6300,4395416.0
6301,4376762.5
6302,4549764.0
6303,4986161.0
6304,5341896.0
6305,5065693.5
6306,5350510.5
6307,5677358.5
6308,5157300.0
6309,5430532.5
6310,5665353.5
6311,5602338.5
6312,5382614.5
6313,6102338.5
6314,5845694.5
6315,5867241.0
6316,5696268.5
6317,5315228.0
6318,5316029.0
6319,5005353.5
6320,5037290.5
6321,4954612.5
6322,4887404.5
6323,4848060.0
6324,5032075.5
6325,5305359.5
6326,5269446.0
6327,5703788.5
6328,5570694.5
6329,5625837.0
6330,5235229.5
6331,4874485.0
6332,5011254.0
6333,5412242.0
6334,5178788.0
6335,5142041.0
6336,5037599.0
6337,5623870.0
6338,5913029.0
6339,5779829.0
6340,5962105.5
6341,5525586.5
6342,5442204.5
6343,5313177.5
6344,4944652.0
6345,5011829.0
6346,5045028.5
6347,4887794.0
6348,5203604.5
6349,4993446.5
6350,5662601.0
6351,5661670.5
6352,5299642.0
6353,5213439.5
6354,5104826.0
6355,4897137.5
6356,4546183.5
6357,4714427.0
6358,5054887.0
6359,5311901.0
6360,5132848.5
6361,5076390.5
6362,4805130.0
6363,4803035.5
6364,4648541.0
6365,4879280.5
6366,4679169.5
6367,4990765.5
6368,4532535.0
6369,4772169.0
6370,5245054.0
6371,5136318.0
6372,5263562.5
6373,5587265.5
6374,5497112.0
6375,5959470.5
6376,6288758.0
6377,5817845.5
6378,196911.84375
6379,4988993.5
6380,5504943.5
6381,5204867.5
6382,5306743.5
6383,5178610.5
6384,127614.140625
6385,4124778.0
6386,4546355.0
6387,4477827.5
6388,4309478.5
6389,3965144.25
6390,3489040.25
6391,4072401.0
6392,3727166.75
6393,3450325.5
6394,3736619.5
6395,3954431.0
6396,4252981.5
6397,4709395.5
6398,5312174.5
6399,5411127.0
6400,5525060.5
6401,5990621.0
6402,6178576.0
6403,6391862.5
6404,7080672.5
6405,6833511.0
6406,6834647.0
6407,6786774.0
6408,6766161.0
6409,6397145.0
6410,6452003.0
6411,5415673.5
6412,144662.296875
6413,4591350.5
6414,4710997.0
6415,4704798.5
6416,5282559.0
6417,5131494.5
6418,5385371.0
6419,5751266.5
6420,5554794.5
6421,5464784.0
6422,4629541.0
6423,4137124.25
6424,4011947.25
6425,3668915.0
6426,3750814.25
6427,3857984.0
6428,4042038.0
6429,3976280.75
6430,4091551.25
6431,4434469.0
6432,4644770.0
6433,4844541.5
6434,4671282.5
6435,4129690.5
6436,4629856.0
6437,4632624.0
6438,4812734.0
6439,4839310.5
6440,5673282.0
6441,5567956.0
6442,5842637.5
6443,5914073.0
6444,6100730.0
6445,5763437.5
6446,5165003.0
6447,4938000.5
6448,4779572.5
6449,5307470.0
6450,5108092.5
6451,4597695.0
6452,3952514.25
6453,3575817.75
6454,3563538.75
6455,3542554.25
6456,3256720.25
6457,3489395.5
6458,4000263.25
6459,4409716.0
6460,4589739.5
6461,4688004.0
6462,4659612.5
6463,4553056.5
6464,4527796.0
6465,4317809.5
6466,4525363.0
6467,4747318.0
6468,5111645.0
6469,5516779.0
6470,5708656.5
6471,5841808.0
6472,5544278.0
6473,5901469.5
6474,6474247.0
6475,6356259.0
6476,6113161.5
6477,5801170.0
6478,5030114.0
6479,4823195.0
6480,4400856.0
6481,4429964.5
6482,3859114.5
6483,3706227.25
6484,3923731.0
6485,4298151.0
6486,4050673.5
6487,4366029.0
6488,3906928.0
6489,3910535.25
6490,4040910.25
6491,4345537.5
6492,4008562.25
6493,4253399.5
6494,4646723.0
6495,4091170.0
6496,4226101.0
6497,4340400.0
6498,4511580.0
6499,4996258.0
6500,4964832.0
6501,4623680.5
6502,4793636.5
6503,5414186.0
6504,5394755.0
6505,5691938.0
6506,5648221.0
6507,5378236.0
6508,5211869.5
6509,4885793.5
6510,4730657.0
6511,4125810.5
6512,4376690.0
6513,4368640.5
6514,4558094.5
6515,5001292.0
6516,4026250.75
6517,120805.671875
6518,3224732.75
6519,3940293.75
6520,3940599.0
6521,4099708.25
6522,3844658.25
6523,3639833.5
6524,3845463.25
6525,4184784.5
6526,4519720.5
6527,4923211.0
6528,4664696.5
6529,110700.2578125
6530,4585487.5
6531,5235393.0
6532,5545021.0
6533,5312645.5
6534,5528999.0
6535,5691015.0
6536,5640815.0
6537,5655052.0
6538,5525481.5
6539,5777417.5
6540,5577422.0
6541,5154243.0
6542,4775945.0
6543,4794203.0
6544,5119090.0
6545,4712748.0
6546,4500902.5
6547,4187365.0
6548,3923407.25
6549,4580145.0
6550,4185096.0
6551,4010469.0
6552,4040452.75
6553,3716725.25
6554,3592402.25
6555,3561650.5
6556,4005817.0
6557,4154533.75
6558,3839514.25
6559,4204212.0
6560,4021225.0
6561,3975251.0
6562,4092647.5
6563,4124937.75
6564,4432302.5
6565,4744726.0
6566,4894974.0
6567,5221950.0
6568,4648111.0
6569,4723875.5
6570,142300.609375
6571,2802677.25
6572,3539459.25
6573,4213176.0
6574,4079037.0
6575,3786233.5
6576,3281951.0
6577,3369870.5
6578,3858282.25
6579,3995444.0
6580,4227155.0
6581,4663412.5
6582,4651439.0
6583,4684805.5
6584,5108269.0
6585,5433383.0
6586,4883720.5
6587,5129100.5
6588,5186860.0
6589,5239873.0
6590,5445881.0
6591,5228819.0
6592,5180755.0
6593,5000456.5
6594,5155185.0
6595,5361380.5
6596,6071580.5
6597,6200864.5
6598,6290631.0
6599,6187553.5
6600,5043126.0
6601,5062678.0
6602,4804550.0
6603,4805317.5
6604,4615878.5
6605,4100393.75
6606,3697910.5
6607,3694195.25
6608,4337604.5
6609,4145575.5
6610,3902331.0
6611,4062128.75
6612,4301427.0
6613,3885448.75
6614,4434041.0
6615,4306364.0
6616,4335249.0
6617,4292606.5
6618,3875719.0
6619,4346791.5
6620,4378194.0
6621,4346982.0
6622,4145010.0
6623,4542249.0
6624,5181351.0
6625,5244482.0
6626,5050467.0
6627,5307357.5
6628,5172979.5
6629,5619250.5
6630,5584929.0
6631,5804794.5
6632,5214295.0
6633,5654713.5
6634,5297851.0
6635,5006024.0
6636,5167909.0
6637,4804129.5
6638,5030960.5
6639,4374821.5
6640,4635174.5
6641,4810518.5
6642,4625011.0
6643,4597863.5
6644,4534488.0
6645,4047025.0
6646,4042964.75
6647,4659024.0
6648,4778701.5
6649,4748268.0
6650,4415384.5
6651,4796769.0
6652,4562121.0
6653,4543952.0
6654,4425860.0
6655,4423715.0
6656,5229388.5
6657,5397594.0
6658,5657027.0
6659,4965024.0
6660,5184158.5
6661,4987689.0
6662,4953232.5
6663,5146144.5
6664,5227853.0
6665,5123179.5
6666,4501047.5
6667,4621287.5
6668,4494742.0
6669,3821121.0
6670,3676351.75
6671,3864431.0
6672,3476719.25
6673,3554443.25
6674,4108853.25
6675,3656150.25
6676,3788944.0
6677,3642775.75
6678,3401056.25
6679,3548769.0
6680,3868308.25
6681,3976865.25
6682,4181956.0
6683,4553580.0
6684,4727512.0
6685,5048881.0
6686,5227226.5
6687,4942120.0
6688,5026906.5
6689,5696636.5
6690,5824594.5
6691,5838153.0
6692,5700512.5
6693,5373129.5
6694,5617460.0
6695,5517263.5
6696,5646566.5
6697,5361503.0
6698,5658072.5
6699,5609842.5
6700,5318441.5
6701,4815767.5
6702,5240111.0
6703,5073823.5
6704,5083765.0
6705,4703310.0
6706,4525386.0
6707,4533062.0
6708,4064416.75
6709,3927976.25
6710,4159998.75
6711,4546185.5
6712,4649212.0
6713,4590360.0
6714,4526064.5
6715,4397365.0
6716,4824649.0
6717,5053142.0
6718,5514233.0
6719,5565921.5
6720,5739560.0
6721,6234162.0
6722,5915794.0
6723,5692380.5
6724,5320967.5
6725,5331601.5
6726,5810987.0
6727,5661410.5
6728,5772135.0
6729,5395652.5
6730,5088774.0
6731,4878006.5
6732,5330859.0
6733,5552416.5
6734,5448087.0
6735,5599100.5
6736,5686233.0
6737,5444699.0
6738,5284453.0
6739,5580908.5
6740,5054489.0
6741,5183689.5
6742,4329682.5
6743,4515116.0
6744,4616047.0
6745,4935227.0
6746,4937569.5
6747,5084263.5
6748,136487.03125
6749,4327265.5
6750,4896429.0
6751,5021973.0
6752,4340448.0
6753,4086651.75
6754,4130223.25
6755,4244274.0
6756,135247.296875
6757,3950071.75
6758,4784028.5
6759,4924759.0
6760,4568484.0
6761,4857909.0
6762,4626520.0
6763,5409232.5
6764,4781470.5
6765,5278753.0
6766,5165540.0
6767,4697065.0
6768,4392991.0
6769,4546539.0
6770,5109122.0
6771,5506142.5
6772,5306778.0
6773,4960758.5
6774,5154569.5
6775,5377306.0
6776,5474347.5
6777,5069653.0
6778,4889400.5
6779,4904200.0
6780,5057732.0
6781,4695746.0
6782,4938942.0
6783,4339117.5
6784,4227295.5
6785,4466024.0
6786,4345617.0
6787,4762915.5
6788,5029906.5
6789,4748427.0
6790,4919092.5
6791,5511656.0
6792,5796828.0
6793,5495914.0
6794,5065656.5
6795,4736505.5
6796,4434528.0
6797,4724728.5
6798,4615351.5
6799,4817117.5
6800,4712713.0
6801,4671061.0
6802,4688908.5
6803,4634776.5
6804,4091179.5
6805,4282464.0
6806,4255437.5
6807,5104242.5
6808,4960968.0
6809,4994012.5
6810,4931615.0
6811,4715361.0
6812,4856474.0
6813,150091.765625
6814,3692397.25
6815,4567589.5
6816,4725342.5
6817,4452049.0
6818,4114230.0
6819,4538626.0
6820,4613615.0
6821,4954649.0
6822,5045983.0
6823,5739337.5
6824,5725710.0
6825,5614437.5
6826,5476832.0
6827,5021803.5
6828,4727078.5
6829,4876387.0
6830,4921422.5
6831,4826927.0
6832,4646825.5
6833,4624285.5
6834,4510372.0
6835,4736124.0
6836,4644367.5
6837,5133912.0
6838,5733064.5
6839,5301577.0
6840,5157281.5
6841,5610032.5
6842,5855704.5
6843,5087810.0
6844,5442798.5
6845,5602005.0
6846,4917966.5
6847,4884570.5
6848,4844246.0
6849,4250862.0
6850,4110917.25
6851,4409161.0
6852,4346545.0
6853,135857.53125
6854,3711669.0
6855,4194226.25
6856,4747157.0
6857,5212353.5
6858,4725577.0
6859,5057092.5
6860,5118132.0
6861,5121853.0
6862,5412836.5
6863,5256338.5
6864,4992772.5
6865,5391041.5
6866,5152619.5
6867,5402270.0
6868,5079697.0
6869,5228241.0
6870,4643730.0
6871,4904315.0
6872,4579083.0
6873,4774387.5
6874,5179805.5
6875,161247.96875
6876,4112153.5
6877,4340971.0
6878,4626754.0
6879,5029459.5
6880,4817164.0
6881,4748653.0
6882,4523998.0
6883,4758678.0
6884,4963905.5
6885,5086838.5
6886,4894210.5
6887,5384844.0
6888,5039980.5
6889,4913356.5
6890,4794614.5
6891,4773176.5
6892,5353968.0
6893,4904601.0
6894,5627864.5
6895,5485100.5
6896,5405914.0
6897,5457299.5
6898,5599043.5
6899,6107991.5
6900,5670825.0
6901,6328686.5
6902,5969388.5
6903,5781519.5
6904,5417378.5
6905,5743915.5
6906,5574061.5
6907,5641275.0
6908,5300884.0
6909,5167713.0
6910,4923998.5
6911,4380492.5
6912,4058468.5
6913,4119395.5
6914,4359005.5
6915,4157500.75
6916,3943352.5
6917,3659137.75
6918,3445582.75
6919,3679881.25
6920,3883098.25
6921,3890076.25
6922,4499911.5
6923,4993119.5
6924,5347170.0
6925,4770939.0
6926,5059878.5
6927,5045879.5
6928,5022039.0
6929,5619381.5
6930,6145973.0
6931,6181614.5
6932,6599687.0
6933,6366523.5
6934,6023409.0
6935,6562944.0
6936,6668585.5
6937,6245208.5
6938,5992458.5
6939,5333091.0
6940,5310595.5
6941,5356196.5
6942,5222560.5
6943,5349638.0
6944,5162765.0
6945,5149188.5
6946,4703232.5
6947,4787210.0
6948,4945664.5
6949,4715824.0
6950,4574722.5
6951,4291595.0
6952,4437934.0
6953,4360928.5
6954,4636097.5
6955,4811006.0
6956,4756970.0
6957,4590265.0
6958,4679276.5
6959,4956906.0
6960,5447944.5
6961,5389178.0
6962,5520177.5
6963,5447518.5
6964,5727486.5
6965,5649561.5
6966,5307740.0
6967,4889173.0
6968,5241365.5
6969,5285714.0
6970,4895935.5
6971,5295409.0
6972,4799832.0
6973,4956653.5
6974,4830848.5
6975,5157734.5
6976,4965781.5
6977,5114130.0
6978,4987533.5
6979,4963402.0
6980,4408917.0
6981,3738837.25
6982,3688388.25
6983,4307887.0
6984,4145350.5
6985,4953368.0
6986,4711279.0
6987,4901787.5
6988,4788947.5
6989,4628972.0
6990,150591.609375
6991,3567384.0
6992,4211851.0
6993,4747643.5
6994,4851480.5
6995,4613399.0
6996,4575400.0
6997,5011863.0
6998,5458666.0
6999,5780805.5
7000,6017511.5
7001,5851103.5
7002,5520244.5
7003,6014966.0
7004,5601256.5
7005,4856289.5
7006,5242374.0
7007,4856942.0
7008,4534022.5
7009,4577920.0
7010,4286716.5
7011,4544040.5
7012,4372404.0
7013,4494774.0
7014,3981573.75
7015,4487702.0
7016,4495078.0
7017,4259308.0
7018,4984611.5
7019,5005402.0
7020,4628253.0
7021,4739949.0
7022,4556042.0
7023,4632113.0
7024,4505750.5
7025,4600405.5
7026,4600741.5
7027,5003851.0
7028,5864162.0
7029,5475410.0
7030,5601569.0
7031,5650859.0
7032,5310489.0
7033,5905168.0
7034,6017335.0
7035,5690080.5
7036,5739550.0
7037,5319103.5
7038,5110722.0
7039,4781372.5
7040,4533375.0
7041,4984139.5
7042,4487816.5
7043,4454121.0
7044,4751070.0
7045,5013435.0
7046,5632018.0
7047,5640066.0
7048,5384920.5
7049,5359658.5
7050,5456894.5
7051,5850038.0
7052,5459992.5
7053,5642136.0
7054,5864775.0
7055,5961670.5
7056,6317328.0
7057,6575099.0
7058,7061042.5
7059,6447809.5
7060,6162318.0
7061,5584448.0
7062,6068380.0
7063,5631541.5
7064,5912319.0
7065,5403959.0
7066,5598000.5
7067,5287211.5
7068,5625373.5
7069,5470778.5
7070,5218591.0
7071,5177535.0
7072,5200498.0
7073,5066048.0
7074,5232384.5
7075,5342699.0
7076,5371905.5
7077,5129177.0
7078,5539107.0
7079,5488383.5
7080,5427111.5
7081,5533031.0
7082,5241698.5
7083,5806077.0
7084,6082769.5
7085,6027959.0
7086,5521230.5
7087,5885231.5
7088,6379039.5
7089,5488224.5
7090,5444670.0
7091,5267139.0
7092,4902385.5
7093,4472233.5
7094,4434270.5
7095,4424472.0
7096,4691854.5
7097,4814147.0
7098,5046938.0
7099,4898126.0
7100,4586452.0
7101,4876126.5
7102,5154854.5
7103,4859583.5
7104,4844325.5
7105,4782425.0
7106,4520438.5
7107,4251263.5
7108,4160186.5
7109,4327833.0
7110,4459802.0
7111,5286771.5
7112,5382857.5
7113,5883458.0
7114,6237596.0
7115,6424639.5
7116,6025309.0
7117,5854157.0
7118,6344385.0
7119,6310072.0
7120,5779652.5
7121,5759306.0
7122,5339006.5
7123,4556706.0
7124,4426034.0
7125,4429872.0
7126,4351804.5
7127,4407128.0
7128,3841432.25
7129,3938199.25
7130,4438063.0
7131,4160509.25
7132,3815417.0
7133,3216272.25
7134,3416723.25
7135,3303173.25
7136,3099350.25
7137,3104789.5
7138,3481831.75
7139,3444044.0
7140,3607826.5
7141,3741007.0
7142,4047148.25
7143,4315472.5
7144,4354717.0
7145,4739644.5
7146,4764995.5
7147,4853688.0
7148,4863491.5
7149,4772125.5
7150,4430655.5
7151,4514546.5
7152,4494640.0
7153,4242826.0
7154,4170905.75
7155,4640003.0
7156,4499937.5
7157,4484118.5
7158,4142767.5
7159,4031741.0
7160,3854842.5
7161,3937726.25
7162,3917084.5
7163,3998221.5
7164,4111496.0
7165,4356746.0
7166,3543755.5
7167,3958070.75
7168,4684346.5
7169,4711326.0
7170,3867850.75
7171,3877759.25
7172,3995002.25
7173,4678153.5
7174,4382172.5
7175,4504508.0
7176,4637802.0
7177,4640317.5
7178,4185442.75
7179,4439826.5
7180,4403211.5
7181,4923078.0
7182,4631369.0
7183,5101705.5
7184,4324031.0
7185,4471318.0
7186,5019706.0
7187,4530732.0
7188,4718390.5
7189,4101701.75
7190,4730071.5
7191,4862322.5
7192,4658383.5
7193,4453836.5
7194,4828434.0
7195,4427478.0
7196,4351118.0
7197,4645082.0
7198,4815595.0
7199,4826054.5
7200,4559952.5
7201,4884256.0
7202,4582421.5
7203,4227432.0
7204,4120330.0
7205,4794093.5
7206,4776280.5
7207,5425418.0
7208,5348650.5
7209,5063031.5
7210,5536045.5
7211,5640921.0
7212,5761245.5
7213,5672126.5
7214,5025556.5
7215,5169978.0
7216,5173864.5
7217,5008046.0
7218,4860128.0
7219,4538523.5
7220,4223780.0
7221,4518648.0
7222,4245784.0
7223,3917479.0
7224,4359774.0
7225,4014108.5
7226,4402523.0
7227,4680445.5
7228,4357846.5
7229,4436516.5
7230,4393296.0
7231,4518005.5
7232,4165815.5
7233,4008151.75
7234,4233605.0
7235,4780048.0
7236,4985478.0
7237,4967903.0
7238,5215996.0
7239,5447542.0
7240,5208032.0
7241,4858885.0
7242,4856828.0
7243,4704277.0
7244,4951043.5
7245,4552010.5
7246,4042815.25
7247,4149491.75
7248,4780137.0
7249,4800257.0
7250,4989510.0
7251,4657133.0
7252,4532880.5
7253,4273147.0
7254,4592445.0
7255,4894484.0
7256,4846061.5
7257,5393314.5
7258,5530322.5
7259,5698213.0
7260,5373696.5
7261,5672523.0
7262,5612168.5
7263,5658114.5
7264,4894246.0
7265,5232634.5
7266,5024331.5
7267,5119855.5
7268,5435008.5
7269,5100705.0
7270,4990112.5
7271,5169439.0
7272,4755211.5
7273,4394879.5
7274,4081153.25
7275,3878691.75
7276,4207036.0
7277,3861305.5
7278,4268469.5
7279,4248271.5
7280,4670921.0
7281,4408622.0
7282,4308529.0
7283,3970412.25
7284,3920065.75
7285,4270458.5
7286,4424967.0
7287,4397904.0
7288,4618807.0
7289,4627260.5
7290,4765298.0
7291,4876386.5
7292,5464570.0
7293,5234768.5
7294,5061368.5
7295,5080173.0
7296,4949670.0
7297,5630262.0
7298,6025715.5
7299,5945479.0
7300,5353021.0
7301,5315642.0
7302,5527520.0
7303,5687536.0
7304,5195335.0
7305,5229025.5
7306,5009729.5
7307,4544521.5
7308,4806288.5
7309,5082334.0
7310,5109341.0
7311,5425274.0
7312,5627911.0
7313,5550998.0
7314,5233682.5
7315,5073788.5
7316,5611925.5
7317,5334971.0
7318,4779260.0
7319,4809417.0
7320,4539066.0
7321,4772579.0
7322,5106437.0
7323,4838947.0
7324,4829379.0
7325,5364680.5
7326,5331829.5
7327,4867161.5
7328,4785947.0
7329,5042093.0
7330,5236071.5
7331,4944881.0
7332,4768798.0
7333,4969856.0
7334,5140859.0
7335,4723618.5
7336,4876006.5
7337,4987888.5
7338,4801023.0
7339,4909215.0
7340,5273630.5
7341,5149757.5
7342,5550176.5
7343,5540762.0
7344,5330373.5
7345,5280379.5
7346,5752501.5
7347,5489190.0
7348,5279226.5
7349,5581074.0
7350,5467548.0
7351,6119733.0
7352,6247297.5
7353,6165494.0
7354,5767871.5
7355,6408486.5
7356,6169862.5
7357,6074092.5
7358,5794032.5
7359,5592285.5
7360,5629146.0
7361,5832449.5
7362,5976200.0
7363,5843580.0
7364,5769875.5
7365,5966804.0
7366,5278513.5
7367,4857191.5
7368,4334866.5
7369,4162014.75
7370,4142139.0
7371,4078673.25
7372,4023943.25
7373,4024176.5
7374,4071265.5
7375,3868448.5
7376,4132898.25
7377,4361444.0
7378,4077010.25
7379,4591222.0
7380,4628508.0
7381,5030860.0
7382,5351763.5
7383,5375069.5
7384,5498384.5
7385,6332915.5
7386,5728141.0
7387,5537478.0
7388,5709644.0
7389,5566778.5
7390,5503490.5
7391,5411805.0
7392,6225135.5
7393,5798801.5
7394,5421696.0
7395,5304641.5
7396,5080096.0
7397,4867751.5
7398,4711360.0
7399,4662651.5
7400,3989901.75
7401,4399836.0
7402,4140370.5
7403,4099690.5
7404,3783567.25
7405,4333501.5
7406,4400682.0
7407,3910336.5
7408,4238271.5
7409,4757208.5
7410,4981203.0
7411,5422522.5
7412,5150018.0
7413,4860258.5
7414,5269372.0
7415,4572675.5
7416,4508163.0
7417,4671483.0
7418,4899590.0
7419,4694034.5
7420,4521536.5
7421,5173238.0
7422,5047153.0
7423,4959256.0
7424,5374651.0
7425,5207918.5
7426,4888004.0
7427,5627430.5
7428,5320492.0
7429,4749870.5
7430,4761675.0
7431,4565748.5
7432,4484262.0
7433,4332231.0
7434,4293551.0
7435,4457711.0
7436,4691173.5
7437,4212408.0
7438,4212136.5
7439,4364890.5
7440,4787703.0
7441,4600028.0
7442,5159955.0
7443,4940316.0
7444,4065408.0
7445,4762963.5
7446,4954438.5
7447,4440443.0
7448,5024295.5
7449,5615210.0
7450,5478485.5
7451,5471721.5
7452,5358506.5
7453,5543967.0
7454,5643140.0
7455,5306183.5
7456,4939481.5
7457,5063950.5
7458,5207109.5
7459,4782564.0
7460,4505511.0
7461,4601075.5
7462,4364836.0
7463,4281315.5
7464,4303763.5
7465,4471031.0
7466,4407554.5
7467,4521081.5
7468,4419269.5
7469,4502684.0
7470,4496097.5
7471,4435104.5
7472,4620731.0
7473,4314290.5
7474,5033317.0
7475,5447853.5
7476,5565925.5
7477,5403126.0
7478,5426598.0
7479,5752319.0
7480,5436054.5
7481,5742985.5
7482,5427240.5
7483,5762128.0
7484,6336551.5
7485,5991138.5
7486,5813110.5
7487,6020458.5
7488,5633609.0
7489,5250272.0
7490,5119355.0
7491,5102633.5
7492,4590213.5
7493,4181810.0
7494,4108957.0
7495,4042359.5
7496,4121125.0
7497,3883886.0
7498,3926770.75
7499,3945929.75
7500,4490489.5
7501,4424851.0
7502,4742016.5
7503,4537642.0
7504,4326791.5
7505,4531304.5
7506,5155316.5
7507,5515715.0
7508,5670601.5
7509,5231101.0
7510,5614097.5
7511,6017610.5
7512,6061934.5
7513,5822847.0
7514,6007955.5
7515,6433112.0
7516,6198580.0
7517,6259947.0
7518,5609053.5
7519,5738803.5
7520,5623779.5
7521,5456223.0
7522,4886304.5
7523,5241633.0
7524,4635079.5
7525,4470166.0
7526,4500763.0
7527,4595164.5
7528,4340061.0
7529,4524344.0
7530,4292402.5
7531,4894137.5
7532,4772226.0
7533,4982464.0
7534,4905424.0
7535,4678458.5
7536,4862154.0
7537,4720728.0
7538,5026234.5
7539,4767272.0
7540,4976613.0
7541,4547892.5
7542,5054110.0
7543,5481325.0
7544,5544564.5
7545,5837856.0
7546,5517679.5
7547,5329787.0
7548,5906897.5
7549,5260493.5
7550,5596994.0
7551,5442236.0
7552,5723316.5
7553,5826375.0
7554,5691071.0
7555,5712266.5
7556,5777417.5
7557,5764536.0
7558,5547596.5
7559,6054000.0
7560,6159654.0
7561,6184749.0
7562,5391213.5
7563,5579305.0
7564,5059924.0
7565,5084443.0
7566,5120815.0
7567,4579275.5
7568,4783984.5
7569,4313350.0
7570,4207452.0
7571,4429267.0
7572,4991499.0
7573,5031396.5
7574,5444188.0
7575,5327848.0
7576,5828412.0
7577,5930668.0
7578,5234065.0
7579,4803148.5
7580,5153966.0
7581,4996623.0
7582,4512593.5
7583,4610625.5
7584,4612572.0
7585,4381843.0
7586,4782446.5
7587,3868847.5
7588,3716372.5
7589,3235536.5
7590,3153796.0
7591,3234891.75
7592,3125689.0
7593,3251370.0
7594,3734362.0
7595,3740617.75
7596,4050463.0
7597,4183966.75
7598,4303667.0
7599,4327635.0
7600,4180350.0
7601,4217246.5
7602,4442121.5
7603,4453210.5
7604,4640557.0
7605,4743161.0
7606,4406037.0
7607,5377362.0
7608,5560997.0
7609,5641008.0
7610,5505588.0
7611,4691289.5
7612,4432564.0
7613,4261636.0
7614,3986523.0
7615,4412338.0
7616,4494359.5
7617,4510243.5
7618,4084643.5
7619,3920116.25
7620,4032605.5
7621,4120983.75
7622,3983627.75
7623,3783368.5
7624,3508593.75
7625,3372996.0
7626,3417428.5
7627,3592393.75
7628,3736307.5
7629,4285086.5
7630,4479361.0
7631,4750966.5
7632,4599897.0
7633,4391891.0
7634,4706932.5
7635,4362361.5
7636,4584339.5
7637,5336744.5
7638,5604429.0
7639,6034356.5
7640,5820248.0
7641,5909364.0
7642,5883330.0
7643,5579207.5
7644,5734058.5
7645,5711674.5
7646,5579985.5
7647,5289238.0
7648,4976518.5
7649,4910763.0
7650,5022296.5
7651,4966399.5
7652,4756379.5
7653,4514752.0
7654,4586212.0
7655,4389276.0
7656,4011494.5
7657,4029652.75
7658,3662534.25
7659,3783636.25
7660,3857579.5
7661,3770111.0
7662,3805632.75
7663,3686041.75
7664,4317051.5
7665,4575698.5
7666,4588944.5
7667,5086024.5
7668,4949072.0
7669,4894997.0
7670,4815646.5
7671,5105221.5
7672,4971406.0
7673,5515210.0
7674,5319191.5
7675,4898147.0
7676,5111202.5
7677,4958550.0
7678,5354770.0
7679,5066649.5
7680,5100203.0
7681,5728362.0
7682,5883557.5
7683,5790333.0
7684,5538953.5
7685,5047562.0
7686,5297568.5
7687,4653633.0
7688,4858719.0
7689,5042881.5
7690,4611999.0
7691,4466531.0
7692,4141685.25
7693,4191467.5
7694,4848415.5
7695,4313502.5
7696,3963290.75
7697,4150544.75
7698,3996479.5
7699,4322590.0
7700,3778846.25
7701,4564653.0
7702,4456964.5
7703,4755288.5
7704,4969102.0
7705,4760652.5
7706,4922333.5
7707,5036889.0
7708,5442989.5
7709,5730563.0
7710,5782255.5
7711,6301092.0
7712,5813232.5
7713,5607605.5
7714,5623285.0
7715,5337747.5
7716,5547181.0
7717,5376697.5
7718,5508937.0
7719,5491562.5
7720,5799582.5
7721,5740728.0
7722,5534971.5
7723,5301966.0
7724,5269877.0
7725,5194780.5
7726,5314216.0
7727,5297341.0
7728,5054337.0
7729,4611778.5
7730,4269948.5
7731,4436388.5
7732,4394555.5
7733,4354379.0
7734,4040133.25
7735,4116174.0
7736,4124852.75
7737,4406323.0
7738,4168541.75
7739,4038849.5
7740,4236658.5
7741,3933995.0
7742,4293661.5
7743,4336854.0
7744,4789888.0
7745,4505190.0
7746,4692296.0
7747,4805033.5
7748,5178680.5
7749,5491643.0
7750,5540997.0
7751,5218378.0
7752,4743335.5
7753,5246015.0
7754,5054123.0
7755,4752405.0
7756,4792344.5
7757,4902781.0
7758,4999399.5
7759,4348775.5
7760,4280795.5
7761,4437349.0
7762,4069359.25
7763,3709874.75
7764,4261644.5
7765,4438070.0
7766,4928546.5
7767,4970968.0
7768,5254453.0
7769,5068408.5
7770,5404329.5
7771,5614506.0
7772,5693542.5
7773,5781199.5
7774,5802498.5
7775,5615237.0
7776,5701388.5
7777,5511365.5
7778,5467252.0
7779,5629074.5
7780,5342168.0
7781,5803446.0
7782,5741588.5
7783,5486729.0
7784,5316955.0
7785,5223900.5
7786,5289095.5
7787,4529661.0
7788,4533084.5
7789,4734708.5
7790,4246437.5
7791,4599384.0
7792,4442979.5
7793,4534590.0
7794,4649389.5
7795,4604063.5
7796,4413429.0
7797,4386445.0
7798,4402912.0
7799,4617058.5
7800,4775655.0
7801,5110766.0
7802,4874237.5
7803,4628424.5
7804,4586700.0
7805,4694564.0
7806,4484413.5
7807,4765980.5
7808,4780037.5
7809,4664751.0
7810,4783931.5
7811,5055145.0
7812,5428080.5
7813,5838093.5
7814,5420752.0
7815,5431128.0
7816,5145998.0
7817,5156679.5
7818,5513088.5
7819,4884749.0
7820,5377365.0
7821,5295768.5
7822,5315384.5
7823,4896942.0
7824,4495131.5
7825,4696962.0
7826,4490602.0
7827,4407336.5
7828,4743583.0
7829,4661355.0
7830,4902296.0
7831,4573151.5
7832,4483667.0
7833,4491999.5
7834,4395528.5
7835,4923078.5
7836,4903484.5
7837,5234463.5
7838,4891558.5
7839,4936632.0
7840,5015025.5
7841,5920511.0
7842,5724396.0
7843,5782648.5
7844,5383457.5
7845,5206901.0
7846,5311751.0
7847,4509993.0
7848,4542528.0
7849,4777915.0
7850,4721402.0
7851,4263181.0
7852,4287150.0
7853,4239845.0
7854,4709767.5
7855,4689873.5
7856,4733272.0
7857,4822727.5
7858,4853257.5
7859,4709984.5
7860,4566756.5
7861,3890954.5
7862,4345150.5
7863,4268477.0
7864,4494422.0
7865,4742586.0
7866,4862121.5
7867,4680583.5
7868,4916749.5
7869,4863612.0
7870,5280637.0
7871,5627543.0
7872,6004958.5
7873,5522298.5
7874,5947042.0
7875,5883007.0
7876,5740844.5
7877,5887543.5
7878,5885757.5
7879,5957679.5
7880,6109942.5
7881,5977214.0
7882,5667948.0
7883,5683656.5
7884,5338530.5
7885,5015196.5
7886,4890238.0
7887,5138739.5
7888,4537955.0
7889,4383872.0
7890,4452331.0
7891,5083923.0
7892,5269374.5
7893,5024456.5
7894,4978455.5
7895,5125776.5
7896,4999640.0
7897,5101455.0
7898,5125530.0
7899,4852206.0
7900,4300181.0
7901,4364167.5
7902,4071837.25
7903,4325233.5
7904,4671708.5
7905,4578946.0
7906,4995945.0
7907,4996113.0
7908,4891641.0
7909,4672838.5
7910,4994695.0
7911,5120113.0
7912,4802213.0
7913,5065521.5
7914,4665119.5
7915,5275080.5
7916,5349946.0
7917,5571781.0
7918,5125785.5
7919,5172513.0
7920,5661958.0
7921,5457556.5
7922,6263673.5
7923,6412444.0
7924,6649514.0
7925,6887730.5
7926,6469897.5
7927,6852194.5
7928,7125828.5
7929,6848474.0
7930,7005483.0
7931,7273489.0
7932,7120983.5
7933,6731754.0
7934,6569899.0
7935,6164023.5
7936,6210208.0
7937,5796777.5
7938,5644584.0
7939,5820179.0
7940,5192697.5
7941,5242441.0
7942,5019603.0
7943,4768735.5
7944,4786326.5
7945,4431627.5
7946,4265219.5
7947,3980412.0
7948,4258063.5
7949,4544749.0
7950,5092383.5
7951,5065264.0
7952,4558356.0
7953,4654742.0
7954,5093662.5
7955,5826790.0
7956,5820734.0
7957,5695184.0
7958,5233138.5
7959,5541945.5
7960,5660348.0
7961,5695489.5
7962,5675086.0
7963,5582017.5
7964,4791937.5
7965,4932668.5
7966,5096822.5
7967,5494515.5
7968,5313489.5
7969,5447137.0
7970,4795860.5
7971,4746022.0
7972,4664055.0
7973,4633362.5
7974,3698859.5
7975,3430059.75
7976,3500861.0
7977,3340680.75
7978,3888314.0
7979,3658557.0
7980,3487234.5
7981,3592530.25
7982,3763226.0
7983,3766042.25
7984,3920862.75
7985,4419889.0
7986,4152828.0
7987,4681797.0
7988,4651736.5
7989,4921155.0
7990,4271724.5
7991,4282984.0
7992,4363189.0
7993,4608060.5
7994,4344891.5
7995,4750066.5
7996,4751077.5
7997,5346824.0
7998,5478672.0
7999,5790443.0
8000,5420006.0
8001,5488845.0
8002,5544421.5
8003,5486748.5
8004,4803911.0
8005,4601337.0
8006,5052461.5
8007,4561262.5
8008,5048402.0
8009,4705274.5
8010,5095979.0
8011,4666965.5
8012,4310087.5
8013,4337796.0
8014,4245996.5
8015,4236621.0
8016,4120218.0
8017,4462272.5
8018,4418165.5
8019,4811957.0
8020,4974371.5
8021,4944927.0
8022,5493518.0
8023,5397812.5
8024,5809169.5
8025,6174072.5
8026,5659775.0
8027,5785439.0
8028,5163188.0
8029,4736287.0
8030,4940278.0
8031,5008643.5
8032,5125997.5
8033,4944315.0
8034,4497389.5
8035,4759276.5
8036,4390211.5
8037,4358535.0
8038,4403898.0
8039,4338144.5
8040,4411661.0
8041,4002041.75
8042,3978196.0
8043,4132861.25
8044,3924530.75
8045,4020529.0
8046,4027232.25
8047,4201924.0
8048,4313874.5
8049,4224555.5
8050,4515407.5
8051,4703335.0
8052,5368237.0
8053,5747550.5
8054,5930930.5
8055,6012812.5
8056,5787650.0
8057,5705255.5
8058,6494331.0
8059,6386806.0
8060,6386558.0
8061,5775162.5
8062,6071743.5
8063,5970408.0
8064,6040847.0
8065,5817773.0
8066,5962278.0
8067,6384960.0
8068,6705273.0
8069,6372087.0
8070,5648244.0
8071,5662249.0
8072,5175310.0
8073,4554340.0
8074,4314340.5
8075,4564583.0
8076,4196715.5
8077,4110790.5
8078,3841922.5
8079,4451279.5
8080,4510910.0
8081,4843171.5
8082,4827486.5
8083,5393586.5
8084,5205799.0
8085,5551369.0
8086,5140802.5
8087,5100471.5
8088,4946635.5
8089,5020570.5
8090,5262829.0
8091,5321315.0
8092,5157198.0
8093,5597337.5
8094,5115092.0
8095,5138257.0
8096,5258179.0
8097,5358779.5
8098,5429315.5
8099,5710800.5
8100,5025173.5
8101,5129453.5
8102,4908577.0
8103,4881036.0
8104,5315412.5
8105,6066315.5
8106,5729830.0
8107,6053868.0
8108,5795572.0
8109,5498479.0
8110,5387209.5
8111,5539766.5
8112,5585663.5
8113,5062933.0
8114,4488534.0
8115,5061932.0
8116,4355555.0
8117,4597395.5
8118,4984454.5
8119,4922978.5
8120,4750626.5
8121,5336093.5
8122,5392999.5
8123,5820227.5
8124,5461939.0
8125,5762673.0
8126,5890614.0
8127,6022027.5
8128,5369954.5
8129,5559583.5
8130,5120082.5
8131,5765475.5
8132,6070453.0
8133,6058199.5
8134,6568624.5
8135,5951435.0
8136,6169819.0
8137,6108238.5
8138,6044713.5
8139,6176359.5
8140,5854801.0
8141,6069551.5
8142,5699695.0
8143,5192434.0
8144,4962320.5
8145,4594647.0
8146,4627212.5
8147,4510777.0
8148,4475840.5
8149,4832714.5
8150,4768211.0
8151,4990765.0
8152,5057375.0
8153,4617419.0
8154,4400992.0
8155,4680697.5
8156,4642380.5
8157,4602027.5
8158,4335532.0
8159,4350082.5
8160,4268317.0
8161,4531096.0
8162,5391738.0
8163,6253960.5
8164,6566835.0
8165,6165649.0
8166,5836494.0
8167,5739351.0
8168,5780554.5
8169,5702619.5
8170,5719179.5
8171,5789069.5
8172,5849888.5
8173,5476333.5
8174,5910420.0
8175,5944129.5
8176,6240922.5
8177,6745628.0
8178,6805287.0
8179,6115107.0
8180,5703717.5
8181,5605701.0
8182,4939306.0
8183,4538118.0
8184,4138964.75
8185,3495612.75
8186,3473904.0
8187,3651485.5
8188,3560461.25
8189,3266019.75
8190,3326070.0
8191,3555536.0
8192,3881077.25
8193,3780266.0
8194,4549945.0
8195,4481402.5
8196,4540461.5
8197,4264946.0
8198,4498746.0
8199,4860832.0
8200,4914978.0
8201,4629931.0
8202,4671974.0
8203,5273860.0
8204,5566753.0
8205,5499301.0
8206,5272039.5
8207,4882658.0
8208,4763443.0
8209,4789809.0
8210,5278309.5
8211,5197204.5
8212,4979824.0
8213,5500275.0
8214,5160253.5
8215,5160174.5
8216,5247568.0
8217,5221609.5
8218,5459184.0
8219,4913595.0
8220,4888595.5
8221,4932984.5
8222,5268699.0
8223,4881314.5
8224,5001682.0
8225,4834945.5
8226,5105632.5
8227,4853182.5
8228,5176335.5
8229,5214516.5
8230,4763990.5
8231,4674301.0
8232,4356207.5
8233,4595851.0
8234,4775993.5
8235,5309458.5
8236,5157935.0
8237,5561319.5
8238,5759863.0
8239,5626515.5
8240,5437000.0
8241,5064036.5
8242,5156252.0
8243,4913855.0
8244,4561169.5
8245,4337750.0
8246,4628603.5
8247,5168462.5
8248,4681000.5
8249,4571769.0
8250,4419078.5
8251,4655431.5
8252,4910579.5
8253,4708864.5
8254,4735471.5
8255,4753681.5
8256,4799085.0
8257,5199994.5
8258,4897696.5
8259,5109119.0
8260,5512736.0
8261,5730712.5
8262,5615362.5
8263,6048133.0
8264,6250810.0
8265,5721823.5
8266,5438092.5
8267,5431844.0
8268,5381210.5
8269,5274019.0
8270,5288696.0
8271,5480888.0
8272,5046466.5
8273,5041819.5
8274,4752378.0
8275,4701467.5
8276,4470337.5
8277,4472825.5
8278,5253447.0
8279,4783104.0
8280,4322705.5
8281,4110694.75
8282,3879839.5
8283,3941033.25
8284,3538148.25
8285,3601866.25
8286,3573031.25
8287,3974517.25
8288,3719782.0
8289,3785066.25
8290,3971163.25
8291,4338392.5
8292,4431319.0
8293,4269590.5
8294,4342061.5
8295,4385124.5
8296,4269720.5
8297,4290074.5
8298,4591264.5
8299,5282669.0
8300,6074440.5
8301,6156887.0
8302,6298075.0
8303,5755820.0
8304,5543082.5
8305,4917347.5
8306,5060060.0
8307,5252735.0
8308,5050991.0
8309,5158761.0
8310,4492231.0
8311,4349866.5
8312,4524525.0
8313,4523477.0
8314,4297968.5
8315,4536251.5
8316,4826700.0
8317,4728208.5
8318,4557642.0
8319,4931048.0
8320,4981251.0
8321,5466698.0
8322,5573106.5
8323,5685721.0
8324,5597793.0
8325,4827456.0
8326,4218763.0
8327,4447924.5
8328,4883471.0
8329,5214955.0
8330,5377179.5
8331,5157413.5
8332,5165532.5
8333,4856737.0
8334,4411601.5
8335,4125421.5
8336,4519185.0
8337,4883208.5
8338,4672688.0
8339,4530457.0
8340,4834082.0
8341,5009884.5
8342,4870974.5
8343,4676661.0
8344,4951877.5
8345,5397914.0
8346,5935353.0
8347,5421328.5
8348,5378924.5
8349,5652163.0
8350,5884559.5
8351,6061394.0
8352,6208843.0
8353,6179943.5
8354,6326824.5
8355,6016794.5
8356,5570671.0
8357,5484844.5
8358,5760032.5
8359,5486355.0
8360,5328629.0
8361,5209895.5
8362,5347343.5
8363,5210864.0
8364,4940639.0
8365,4932296.0
8366,4694806.0
8367,4942117.5
8368,4818637.5
8369,4703748.0
8370,4425030.5
8371,4715534.0
8372,4451847.0
8373,4313934.0
8374,4294134.0
8375,4783783.5
8376,4558621.0
8377,4978936.5
8378,4580287.0
8379,4498878.5
8380,4972369.5
8381,4246904.0
8382,4666267.0
8383,4983714.5
8384,4799153.5
8385,4659830.5
8386,5093062.0
8387,5179384.5
8388,4930862.5
8389,5163618.5
8390,5553949.5
8391,6117847.5
8392,5943613.0
8393,5895502.0
8394,5917608.5
8395,5411853.0
8396,4962506.5
8397,5367446.0
8398,4839578.0
8399,4980829.5
8400,4878414.5
8401,4858885.0
8402,4571468.0
8403,4194603.5
8404,4743734.5
8405,4774755.5
8406,4860445.5
8407,5153468.0
8408,5268340.0
8409,5615897.0
8410,5442626.5
8411,5031728.5
8412,5058391.0
8413,5374266.0
8414,5376478.0
8415,5956966.5
8416,5698695.0
8417,5924558.0
8418,5924266.0
8419,5722821.5
8420,5368448.5
8421,5184067.5
8422,4845897.5
8423,4372612.5
8424,4553351.0
8425,4750318.0
8426,4827392.5
8427,5015065.5
8428,5175171.5
8429,5023224.0
8430,4690020.5
8431,4740204.5
8432,4684616.5
8433,4800626.0
8434,4792870.5
8435,5173900.0
8436,5507452.0
8437,6331423.0
8438,6586433.5
8439,6285150.5
8440,6024352.5
8441,6021583.5
8442,5247851.5
8443,4837747.5
8444,5106880.5
8445,5082380.0
8446,4868488.5
8447,4775386.0
8448,5206149.5
8449,5017509.5
8450,4752464.5
8451,4635760.5
8452,4971836.5
8453,5027932.0
8454,5442868.0
8455,5178873.0
8456,4781424.0
8457,5034458.5
8458,4657659.5
8459,4842342.5
8460,4654806.5
8461,4604643.0
8462,4578719.5
8463,3857300.5
8464,4729398.0
8465,4802975.5
8466,5203991.5
8467,5471711.0
8468,5523489.0
8469,5381637.5
8470,5308754.0
8471,4723246.5
8472,5746481.5
8473,5759226.0
8474,5668937.0
8475,5929037.5
8476,5941359.5
8477,5713819.0
8478,5458101.5
8479,5225349.5
8480,4768714.5
8481,4815550.0
8482,4834503.0
8483,5162090.0
8484,5207798.0
8485,4702361.0
8486,4105246.0
8487,3548995.25
8488,3397130.5
8489,3524301.5
8490,3637808.5
8491,3461501.0
8492,3437084.25
8493,3677990.25
8494,3310757.25
8495,3786979.25
8496,4217100.5
8497,4172268.75
8498,4433701.0
8499,4298201.5
8500,3999289.0
8501,3820416.0
8502,4082489.75
8503,4132470.5
8504,3733097.0
8505,3788046.75
8506,4032966.0
8507,4696007.5
8508,5233621.0
8509,5468898.0
8510,5085790.0
8511,5769072.5
8512,5956921.0
8513,6020229.5
8514,6503090.5
8515,6288459.0
8516,6601718.5
8517,6627111.5
8518,6729612.5
8519,6738666.5
8520,6998826.5
8521,6680572.0
8522,6505284.0
8523,6582548.5
8524,6193450.0
8525,5858332.5
8526,5686855.0
8527,5467990.5
8528,5414173.0
8529,5830956.5
8530,5195461.0
8531,5274189.0
8532,5173869.5
8533,5384386.0
8534,5347723.0
8535,5199007.5
8536,5211840.5
8537,5015601.5
8538,5193659.5
8539,5011736.0
8540,5834943.0
8541,5955766.5
8542,5623168.5
8543,5366534.5
8544,5202011.0
8545,5255306.0
8546,5344526.0
8547,5241515.0
8548,5165449.5
8549,5259240.5
8550,5412086.5
8551,5294214.5
8552,5421805.5
8553,5342745.0
8554,5505102.0
8555,5265446.0
8556,5280230.0
8557,5610389.5
8558,5507243.0
8559,5469536.0
8560,5251924.0
8561,5793587.5
8562,6035822.5
8563,6036215.0
8564,6541770.5
8565,6049007.5
8566,5893765.0
8567,5741063.0
8568,5940837.5
8569,5294345.5
8570,5310975.0
8571,4901155.5
8572,4381374.5
8573,4312237.5
8574,4322246.5
8575,4289547.5
8576,4368406.0
8577,4871026.5
8578,4762086.0
8579,4819904.0
8580,4567329.0
8581,4481467.0
8582,4333515.5
8583,4317514.0
8584,4211523.0
8585,4113935.75
8586,4450385.5
8587,4132818.5
8588,4278005.0
8589,4173188.25
8590,4417247.0
8591,4886867.0
8592,5176934.0
8593,4674062.0
8594,4733512.0
8595,4290204.5
8596,4170026.25
8597,4225618.5
8598,4791102.5
8599,4957924.5
8600,5024248.0
8601,4912779.5
8602,4514691.0
8603,4384552.0
8604,4401166.0
8605,4127483.5
8606,4221311.0
8607,4425656.5
8608,4443453.0
8609,4520314.5
8610,4276191.5
8611,4340910.0
8612,4361545.0
8613,4760940.5
8614,4100750.0
8615,3951497.5
8616,4114868.5
8617,4444647.5
8618,4891337.5
8619,4773494.0
8620,4957728.0
8621,5270585.5
8622,5388604.5
8623,5498596.0
8624,6097973.0
8625,5993632.0
8626,5547350.0
8627,5607899.5
8628,5916102.0
8629,6054570.5
8630,5810859.0
8631,5819679.0
8632,5754330.0
8633,5393214.5
8634,5751539.0
8635,5433136.0
8636,5045266.0
8637,4408067.0
8638,4516877.0
8639,4438257.5
8640,4231216.5
8641,3971392.5
8642,4183916.75
8643,4313699.5
8644,4307030.5
8645,4304836.5
8646,4270714.5
8647,4629792.5
8648,4748305.0
8649,4463317.5
8650,4490836.0
8651,4731403.0
8652,4478259.0
8653,4587212.5
8654,4571807.0
8655,4158660.0
8656,4521916.0
8657,4593538.5
8658,4825829.0
8659,4695723.0
8660,4886914.0
8661,4733939.5
8662,4537337.0
8663,4747570.5
8664,5280242.5
8665,4683980.5
8666,4553466.0
8667,4901562.0
8668,5532215.5
8669,5795364.0
8670,5409147.0
8671,5440767.5
8672,4887180.0
8673,4778248.5
8674,4573747.5
8675,5363285.5
8676,5227930.5
8677,5048312.5
8678,4478373.5
8679,4185284.75
8680,4291745.5
8681,4151764.25
8682,3821219.75
8683,3904042.5
8684,4244510.0
8685,4365204.0
8686,4449985.5
8687,4410095.0
8688,4587110.0
8689,5064756.5
8690,4803602.5
8691,4405728.5
8692,4645980.5
8693,4979611.5
8694,5342149.5
8695,5644206.5
8696,5486468.0
8697,5516677.0
8698,5473642.0
8699,5340638.0
8700,5418112.0
8701,5461215.5
8702,5688009.0
8703,5011040.5
8704,4781282.5
8705,4745449.0
8706,4990762.0
8707,4684443.0
8708,4208931.0
8709,4431088.5
8710,4648019.5
8711,4593796.5
8712,4795322.0
8713,4955129.5
8714,4845985.5
8715,4369999.0
8716,4612586.0
8717,4236237.5
8718,4099371.5
8719,3758377.75
8720,3964789.0
8721,4306180.5
8722,4272022.5
8723,4452598.0
8724,4691103.5
8725,4274348.5
8726,4289113.5
8727,4717800.0
8728,4344926.0
8729,4573435.0
8730,4781298.0
8731,5411510.5
8732,6281904.0
8733,5649731.0
8734,5294483.5
8735,5342905.5
8736,5190100.5
8737,5097287.0
8738,5345888.5
8739,5417941.0
8740,5760628.0
8741,5138102.5
8742,5189984.0
8743,4901508.0
8744,5247456.0
8745,5624957.0
8746,5275303.0
8747,4871081.0
8748,4846630.5
8749,5019904.5
8750,5150502.5
8751,4970156.5
8752,5112026.0
8753,5102921.0
8754,5338463.0
8755,5681787.5
8756,4874094.5
8757,4515745.5
8758,4164690.25
8759,4102912.5
8760,4708552.5
8761,4960644.0
8762,4946665.0
8763,4991741.0
8764,4746678.0
8765,4765455.5
8766,4835373.5
8767,4671006.5
8768,5156122.0
8769,5189973.0
8770,5924267.0
8771,6377113.0
8772,6249339.0
8773,6009481.5
8774,5838845.0
8775,5808347.0
8776,5548494.0
8777,5362904.0
8778,5372976.0
8779,5222034.0
8780,5078915.5
8781,4899969.0
8782,4509642.0
8783,4678843.5
8784,4455899.5
8785,4660701.5
8786,4570710.0
8787,4448427.0
8788,4345076.5
8789,4784804.0
8790,4648858.0
8791,4775670.5
8792,4324336.5
8793,4321682.0
8794,4310629.0
8795,4552410.0
8796,4888920.5
8797,4580609.0
8798,4863261.5
8799,4420448.0
8800,4782167.0
8801,4732347.5
8802,4898339.0
8803,5372207.5
8804,5884264.5
8805,5969145.5
8806,5267366.5
8807,4974094.5
8808,4880013.5
8809,4484905.0
8810,4408507.5
8811,4308476.5
8812,4752326.0
8813,4678710.5
8814,4206729.0
8815,4451823.5
8816,4496492.0
8817,4554367.5
8818,4566232.5
8819,4815242.5
8820,5019693.0
8821,5417158.5
8822,4839104.0
8823,4357152.0
8824,5051291.5
8825,5059058.5
8826,4329478.0
8827,4484621.5
8828,4400873.0
8829,4271489.5
8830,5027993.5
8831,4961252.0
8832,5327572.0
8833,5212147.0
8834,6070665.5
8835,5757634.5
8836,6105919.5
8837,6012627.0
8838,5924608.5
8839,5601410.0
8840,5579023.5
8841,5388780.0
8842,5696276.5
8843,5824801.5
8844,5497080.0
8845,5392141.0
8846,5812413.5
8847,5508505.5
8848,5045070.5
8849,4931988.0
8850,4559965.5
8851,4745890.0
8852,4753042.0
8853,4978017.5
8854,4974572.0
8855,5202560.0
8856,5257163.5
8857,4739376.0
8858,5103333.5
8859,4816617.5
8860,4583348.5
8861,4701649.5
8862,4643053.5
8863,5267798.0
8864,5565098.5
8865,4786292.0
8866,4867622.0
8867,4644642.0
8868,4091622.0
8869,3964643.0
8870,3978682.75
8871,3995391.0
8872,3893311.0
8873,4290014.0
8874,4706973.5
8875,5283454.0
8876,5419999.0
8877,5165205.5
8878,5153466.0
8879,5300034.5
8880,5003038.0
8881,4966514.0
8882,4584079.5
8883,4422279.5
8884,4522925.5
8885,4575452.5
8886,4355007.5
8887,4569696.5
8888,4543689.0
8889,4599888.5
8890,4635248.0
8891,4814866.5
8892,5052630.5
8893,4521987.0
8894,4992759.5
8895,4900374.5
8896,4978542.5
8897,4710601.0
8898,4577618.0
8899,4804094.5
8900,4714267.0
8901,4679308.5
8902,4760857.5
8903,4928872.5
8904,5196500.5
8905,5201845.5
8906,4851926.0
8907,4864190.0
8908,4957483.0
8909,5062463.5
8910,4864174.0
8911,4327596.5
8912,4001360.75
8913,4062224.25
8914,4203413.5
8915,4151299.5
8916,4684517.5
8917,4539388.0
8918,4831247.0
8919,4709643.0
8920,4535476.5
8921,5060274.5
8922,5314822.5
8923,4930287.0
8924,5096484.5
8925,5131585.0
8926,5235444.0
8927,5327922.0
8928,5170742.0
8929,5037433.0
8930,5314446.0
8931,5605556.0
8932,4943638.5
8933,4931229.0
8934,5131134.0
8935,5544495.5
8936,6216288.5
8937,6288559.0
8938,5936845.0
8939,5916416.5
8940,5844035.5
8941,5709388.0
8942,5622649.0
8943,5735927.0
8944,5438567.0
8945,6210040.5
8946,6090059.0
8947,6075464.0
8948,6255973.5
8949,5678427.5
8950,5445532.0
8951,5520614.0
8952,5163682.0
8953,5327644.0
8954,5351565.0
8955,5960812.0
8956,5589016.5
8957,5374853.5
8958,5718024.5
8959,5704731.0
8960,5457238.5
8961,5308696.0
8962,5169704.5
8963,5487553.5
8964,5336688.0
8965,5149400.0
8966,5183416.5
8967,5378633.0
8968,4911353.5
8969,5206429.5
8970,5344389.5
8971,4965981.0
8972,5270029.5
8973,5280889.0
8974,5616015.5
8975,5653644.5
8976,5657360.5
8977,5615027.0
8978,5809942.5
8979,6118115.5
8980,6031762.5
8981,5967846.0
8982,5966962.5
8983,5976916.5
8984,5599792.5
8985,5594903.5
8986,5462202.5
8987,5624253.0
8988,5231143.0
8989,5451135.5
8990,4938771.0
8991,4976445.0
8992,4221702.5
8993,4462977.0
8994,4094632.0
8995,4389508.5
8996,4259856.5
8997,4329219.0
8998,4360554.5
8999,4208102.0
9000,4246239.0
9001,4021948.25
9002,4106380.5
9003,4367884.0
9004,5073750.5
9005,5469411.0
9006,5271905.0
9007,5319323.5
9008,5549431.0
9009,5985443.0
9010,5268253.5
9011,5181750.5
9012,4999219.0
9013,4983407.5
9014,4810904.0
9015,4583346.0
9016,5055475.0
9017,4962359.5
9018,4835002.5
9019,5090791.5
9020,5091725.5
9021,4839732.0
9022,4500837.0
9023,4804366.0
9024,5057362.0
9025,5444996.0
9026,5029532.0
9027,5252886.5
9028,5175819.5
9029,5316277.5
9030,5760916.5
9031,5827859.0
9032,5916457.0
9033,5768093.5
9034,5809088.5
9035,5441071.0
9036,4983006.5
9037,5513404.0
9038,5399778.0
9039,5308518.0
9040,5600009.5
9041,5396866.0
9042,5486174.5
9043,5536812.5
9044,5343879.0
9045,5056504.5
9046,5376961.5
9047,4891774.5
9048,4765783.0
9049,4897203.0
9050,4756933.5
9051,4388953.5
9052,4519607.5
9053,4769373.5
9054,5123016.5
9055,5220583.0
9056,5018838.5
9057,5491569.5
9058,5577075.0
9059,5827811.5
9060,5634087.5
9061,5049129.5
9062,4558183.5
9063,5010049.5
9064,5077506.0
9065,5100858.0
9066,5270999.0
9067,5345083.0
9068,4660615.0
9069,4796950.5
9070,4338401.0
9071,4678176.5
9072,4704062.5
9073,4840728.0
9074,4653555.0
9075,4785353.5
9076,4599484.5
9077,4414028.0
9078,4385314.0
9079,4347356.5
9080,4424488.0
9081,4102184.5
9082,4034994.75
9083,4170326.5
9084,4381551.0
9085,4261427.0
9086,4322408.0
9087,5126797.5
9088,5209390.0
9089,5155942.5
9090,4961712.0
9091,5246878.0
9092,5424370.0
9093,5370049.0
9094,5651542.5
9095,5613520.5
9096,5607082.5
9097,5762967.0
9098,5903828.5
9099,5701496.5
9100,5543082.0
9101,5663159.5
9102,5294227.0
9103,5310564.0
9104,5080501.5
9105,4886791.5
9106,4540200.0
9107,4595656.0
9108,4511612.0
9109,4652018.5
9110,4638205.0
9111,4158167.5
9112,3967526.75
9113,4118460.5
9114,4144066.0
9115,4373168.5
9116,4583201.5
9117,4880275.0
9118,5229002.0
9119,4283389.0
9120,4261023.0
9121,4244628.5
9122,4791327.5
9123,4863975.5
9124,4549615.0
9125,4913524.0
9126,4587640.5
9127,5358136.0
9128,6038623.5
9129,5895934.5
9130,5435871.0
9131,5703705.0
9132,5212239.0
9133,5463152.0
9134,4959913.5
9135,4895594.0
9136,5218822.0
9137,5146106.5
9138,4943841.5
9139,4863744.5
9140,5141358.0
9141,4886295.0
9142,4359140.5
9143,4576574.0
9144,4857125.0
9145,5458692.0
9146,4756689.5
9147,4700822.0
9148,4624254.0
9149,4773685.0
9150,4295044.0
9151,4336653.5
9152,4799900.5
9153,4411949.5
9154,4550769.0
9155,4516450.0
9156,4319568.5
9157,4536884.0
9158,4822150.0
9159,5278049.5
9160,5587922.5
9161,5332353.5
9162,5036290.5
9163,5156587.0
9164,5149350.0
9165,5375169.0
9166,5319144.5
9167,5452463.0
9168,4845453.5
9169,5308013.0
9170,5238428.5
9171,5026809.0
9172,5032492.0
9173,4605052.0
9174,4318957.5
9175,4496706.0
9176,4258484.0
9177,4593609.0
9178,4540290.0
9179,4581377.0
9180,4336463.0
9181,4663570.0
9182,4295545.5
9183,4478150.5
9184,3669101.5
9185,3867522.25
9186,4660066.5
9187,4741682.0
9188,5069606.5
9189,4878579.5
9190,5210166.0
9191,4671581.0
9192,4750902.5
9193,4637786.5
9194,4729742.5
9195,5397728.5
9196,5286586.5
9197,5462157.0
9198,5568952.0
9199,5040008.5
9200,5363068.5
9201,5656991.0
9202,5337933.5
9203,5031503.0
9204,4631578.0
9205,4582229.0
9206,4173870.25
9207,4215237.0
9208,4254478.0
9209,4367534.5
9210,4264780.5
9211,4452250.0
9212,3968944.75
9213,4959741.0
9214,4582634.0
9215,4257248.0
9216,4072247.5
9217,4107896.25
9218,4254009.5
9219,4772815.0
9220,4887609.5
9221,4642552.5
9222,5058436.0
9223,4576821.5
9224,5656327.5
9225,5955234.0
9226,6093694.5
9227,5843109.5
9228,6283442.0
9229,6006937.0
9230,5605282.0
9231,5508653.0
9232,5385717.0
9233,5326533.5
9234,5417984.5
9235,5655316.5
9236,5681883.0
9237,5700102.5
9238,5781218.5
9239,6119443.0
9240,5876408.5
9241,5681870.5
9242,5628757.0
9243,5443781.5
9244,5112967.0
9245,4983875.0
9246,4934522.5
9247,5242011.0
9248,5368871.0
9249,5078963.0
9250,5142118.0
9251,5057936.0
9252,4888287.0
9253,4955331.0
9254,5116074.0
9255,5097615.0
9256,4942122.0
9257,5199300.0
9258,5196845.5
9259,4981858.0
9260,5255401.5
9261,5434335.5
9262,5530283.5
9263,5991106.0
9264,5753435.0
9265,5576251.0
9266,6019450.5
9267,6467314.5
9268,5680819.5
9269,5518362.0
9270,5295430.5
9271,5431706.5
9272,5448903.5
9273,5019298.0
9274,4843056.0
9275,5613204.0
9276,5860497.5
9277,5966316.0
9278,5649638.0
9279,5387824.0
9280,6007735.5
9281,5907676.5
9282,5619321.0
9283,6042003.0
9284,6193632.5
9285,5594573.5
9286,4765956.5
9287,4638748.0
9288,4765655.0
9289,4868465.5
9290,4908666.0
9291,4776180.5
9292,5152813.5
9293,5468996.0
9294,4612277.5
9295,4764384.0
9296,5056661.5
9297,5292669.0
9298,5516448.0
9299,5582885.5
9300,5845582.5
9301,5443570.0
9302,5704627.5
9303,5378145.0
9304,5634959.5
9305,5837344.0
9306,5964187.0
9307,6085681.0
9308,5878943.5
9309,5732086.0
9310,5165433.5
9311,5194949.5
9312,4734840.0
9313,4515899.0
9314,4500912.0
9315,4594056.0
9316,3976510.25
9317,3673619.25
9318,3676000.5
9319,4012793.25
9320,4110307.5
9321,4257808.5
9322,4326903.0
9323,4729727.0
9324,3872607.75
9325,4065988.75
9326,4269873.5
9327,4596527.5
9328,4701942.5
9329,4570166.5
9330,4334492.5
9331,4364419.0
9332,4551110.5
9333,4903190.0
9334,5038840.0
9335,4954367.5
9336,4945992.0
9337,4962052.5
9338,4416465.5
9339,4623321.5
9340,4275888.5
9341,4619665.0
9342,4132639.5
9343,4083726.5
9344,4189245.0
9345,4372735.0
9346,4389628.0
9347,4613627.5
9348,4792944.0
9349,4764096.0
9350,5092502.0
9351,4882625.5
9352,4616609.5
9353,4847550.0
9354,4394185.0
9355,4327151.0
9356,4867912.0
9357,4600429.0
9358,4920419.5
9359,4896232.0
9360,5103913.0
9361,4906658.5
9362,5077946.5
9363,5269025.0
9364,4882453.5
9365,5550478.5
9366,5507764.0
9367,5583912.0
9368,5319666.0
9369,5297124.5
9370,5903306.5
9371,5862401.0
9372,5899519.5
9373,5735087.5
9374,5448135.0
9375,6015619.5
9376,5493362.0
9377,5451932.0
9378,5194219.5
9379,5132385.5
9380,4178342.75
9381,4226027.0
9382,3664178.5
9383,3367640.75
9384,3393437.75
9385,3704793.25
9386,4228973.0
9387,4191142.25
9388,4623409.0
9389,4580680.5
9390,4260781.5
9391,4635527.5
9392,5088812.5
9393,5268807.0
9394,5359477.5
9395,5074653.0
9396,5239887.5
9397,5119924.0
9398,5806285.5
9399,6123929.5
9400,6436072.0
9401,6525430.0
9402,6281960.0
9403,6613342.0
9404,6180025.0
9405,5955644.5
9406,6092064.5
9407,5910810.0
9408,6070687.5
9409,5912691.0
9410,5828632.5
9411,5704283.5
9412,5570717.5
9413,5102990.0
9414,4881476.5
9415,4999668.5
9416,4771851.5
9417,4474850.5
9418,3814613.0
9419,3715441.0
9420,3635508.25
9421,4110682.75
9422,3787172.5
9423,3987417.75
9424,3622391.0
9425,3340507.75
9426,3539871.75
9427,3965019.0
9428,4329673.5
9429,4593048.5
9430,4258908.0
9431,4798742.0
9432,5042731.0
9433,4750218.5
9434,4995803.0
9435,4956488.0
9436,5005652.5
9437,4874717.5
9438,4741809.5
9439,4928892.0
9440,4717961.5
9441,4737577.5
9442,5200031.5
9443,5116716.0
9444,4698789.0
9445,4191094.5
9446,4445135.0
9447,4266605.5
9448,4009308.75
9449,4322607.5
9450,4339171.0
9451,4095198.0
9452,4295294.0
9453,4548213.0
9454,4413198.5
9455,4601568.5
9456,4047960.0
9457,3920015.5
9458,4208847.5
9459,4979698.0
9460,5150097.0
9461,4991501.0
9462,5170925.5
9463,4957374.0
9464,5073466.0
9465,4715735.0
9466,4795775.5
9467,4831825.5
9468,5187406.0
9469,5077444.5
9470,5945819.0
9471,5688456.0
9472,5739861.5
9473,5029241.0
9474,5142061.0
9475,5281245.0
9476,5649454.0
9477,5140092.5
9478,5107169.0
9479,5929959.5
9480,5793719.5
9481,5892201.5
9482,5901753.0
9483,6152344.0
9484,6067976.0
9485,6196065.0
9486,5771049.5
9487,5274796.5
9488,5402626.0
9489,5568965.5
9490,5235755.0
9491,4941687.0
9492,4940322.0
9493,4782047.5
9494,4554246.5
9495,4106858.5
9496,3994702.0
9497,4447653.5
9498,4152300.25
9499,4243555.0
9500,4037318.25
9501,4321360.5
9502,4573015.5
9503,4458587.5
9504,4076502.5
9505,3749711.0
9506,4268670.0
9507,3960438.0
9508,4140140.25
9509,4419787.5
9510,4418839.0
9511,4123693.5
9512,3963033.75
9513,4027422.75
9514,4120656.5
9515,4573550.5
9516,4750522.0
9517,4921135.0
9518,5244110.5
9519,5554290.0
9520,5747913.0
9521,5793476.5
9522,5575574.5
9523,5764378.0
9524,5546382.0
9525,5701696.0
9526,5484537.0
9527,5705111.0
9528,5476363.0
9529,4943250.5
9530,5007647.0
9531,4726775.5
9532,4491970.5
9533,4149514.75
9534,4002313.25
9535,4177722.25
9536,3939282.5
9537,4177843.0
9538,4439842.0
9539,4575643.0
9540,4369474.5
9541,4754368.5
9542,4527690.0
9543,4574079.5
9544,4626097.0
9545,4776487.5
9546,5395303.0
9547,5071884.0
9548,5301281.5
9549,5578931.0
9550,5334608.0
9551,5329426.5
9552,4791825.5
9553,4745148.5
9554,5366778.5
9555,5284131.0
9556,4900980.5
9557,5182693.0
9558,5164993.5
9559,5335310.5
9560,5388419.0
9561,5199023.0
9562,5427022.0
9563,5140155.0
9564,4598002.5
9565,3983366.5
9566,4105178.75
9567,4325968.0
9568,4170249.75
9569,3927900.0
9570,4215581.0
9571,3799086.25
9572,3941880.5
9573,4687636.0
9574,4482112.0
9575,4932844.0
9576,4734942.5
9577,4797890.0
9578,5127737.5
9579,5014865.0
9580,4899195.0
9581,5060647.0
9582,5325518.0
9583,5042031.0
9584,5144792.0
9585,5635356.0
9586,5970314.5
9587,6737858.5
9588,6174941.0
9589,6137044.5
9590,5902129.5
9591,5136540.0
9592,5054137.0
9593,5004306.0
9594,4804726.5
9595,4624132.5
9596,4527094.5
9597,4416443.0
9598,5051869.0
9599,4564623.5
9600,4456253.0
9601,3888504.75
9602,3593602.25
9603,3498686.25
9604,3740812.75
9605,3724722.75
9606,3588410.25
9607,3435766.0
9608,3638694.75
9609,3692668.25
9610,3631225.25
9611,3958459.25
9612,4173445.75
9613,4793149.5
9614,4641594.5
9615,5177730.0
9616,5324097.0
9617,6163296.5
9618,6158064.0
9619,6174219.0
9620,5827327.5
9621,6024765.5
9622,5766797.0
9623,5596447.5
9624,5109361.0
9625,5110452.0
9626,4668202.0
9627,4329849.5
9628,3987932.0
9629,4249665.5
9630,4351314.5
9631,4321181.5
9632,4851287.0
9633,4635124.5
9634,4364579.0
9635,4522860.5
9636,4027741.75
9637,4094958.0
9638,3952441.25
9639,3779424.5
9640,3731748.0
9641,4579064.5
9642,4576196.5
9643,4491547.0
9644,4838300.5
9645,4994872.5
9646,5148689.0
9647,5549822.5
9648,5691775.5
9649,5779944.0
9650,6311021.5
9651,6457166.0
9652,6016480.0
9653,5981819.5
9654,5768863.5
9655,5787755.5
9656,6070284.5
9657,5958209.5
9658,5740330.5
9659,5820295.0
9660,5541980.5
9661,5767555.0
9662,6094591.0
9663,5711129.5
9664,5148846.0
9665,4775092.0
9666,5363118.0
9667,5515141.0
9668,5029652.0
9669,4960962.0
9670,4605930.5
9671,4799818.0
9672,5049403.5
9673,4820056.5
9674,4757445.0
9675,4616789.0
9676,4406932.0
9677,4848737.5
9678,4845131.5
9679,4648223.0
9680,4467543.0
9681,4539177.0
9682,4448219.0
9683,4527017.0
9684,4590644.0
9685,4694553.5
9686,4213233.0
9687,4433591.5
9688,4565797.5
9689,4441704.0
9690,4271000.0
9691,4695282.5
9692,5041381.0
9693,5531752.5
9694,5258972.5
9695,5067363.5
9696,5333257.0
9697,4949964.5
9698,4888614.0
9699,4849979.5
9700,4641096.0
9701,4938496.0
9702,5105127.5
9703,5334022.0
9704,5704206.5
9705,5582219.0
9706,5576009.0
9707,5577475.0
9708,5839570.5
9709,5313279.0
9710,5764655.5
9711,5753288.5
9712,5699049.0
9713,5246816.0
9714,5117703.5
9715,4820611.5
9716,4713984.5
9717,4837963.0
9718,4842360.5
9719,4758021.0
9720,5116691.0
9721,4977343.0
9722,4990669.0
9723,4875500.0
9724,4706149.5
9725,4321449.0
9726,4522023.0
9727,4593158.5
9728,4955368.0
9729,4557337.0
9730,4602775.5
9731,4732613.0
9732,4643439.5
9733,4705537.0
9734,4913161.5
9735,4571852.5
9736,4279955.0
9737,4536382.0
9738,4304733.5
9739,4751810.0
9740,5005090.0
9741,5096508.5
9742,4735386.5
9743,4903384.5
9744,4417713.0
9745,4686148.0
9746,4719703.0
9747,4615065.0
9748,4871441.5
9749,5109695.5
9750,5685520.5
9751,5760046.5
9752,5629237.5
9753,5916880.0
9754,5694408.0
9755,5863450.5
9756,5601523.5
9757,5585480.0
9758,5316432.5
9759,5849266.0
9760,5444846.5
9761,5384321.5
9762,5174410.5
9763,4709032.0
9764,4964978.5
9765,4861082.0
9766,4225906.5
9767,4699780.5
9768,4691344.0
9769,4143150.0
9770,3976740.0
9771,4035726.25
9772,3908053.75
9773,4161571.5
9774,4014616.5
9775,3978147.5
9776,3877391.75
9777,3742341.25
9778,3943972.5
9779,3975699.25
9780,4151704.5
9781,4680462.0
9782,4501534.5
9783,4884836.5
9784,5224158.0
9785,4985717.5
9786,5281933.0
9787,5419537.5
9788,5154332.5
9789,5104031.0
9790,5346811.5
9791,5505800.5
9792,5871845.0
9793,5675091.5
9794,5849831.0
9795,5460027.5
9796,5113253.5
9797,5473411.0
9798,5554432.5
9799,5451288.0
9800,5012521.0
9801,4861210.0
9802,4719244.0
9803,4863567.0
9804,4459129.0
9805,4010732.0
9806,3804341.75
9807,3434623.25
9808,3506070.5
9809,3402596.75
9810,3166907.25
9811,3219821.75
9812,3169355.5
9813,3075178.25
9814,3418394.5
9815,3681775.0
9816,3851231.25
9817,4212736.0
9818,4445726.5
9819,4654075.5
9820,4579205.5
9821,4749969.0
9822,4635462.0
9823,5102549.5
9824,5093078.0
9825,5568937.5
9826,5820449.5
9827,6250399.0
9828,5676585.5
9829,5597663.5
9830,5838252.5
9831,5687668.0
9832,5409141.5
9833,5482942.5
9834,5601752.5
9835,5213521.5
9836,4492323.5
9837,4380509.5
9838,4188352.75
9839,4279149.0
9840,4722637.0
9841,4484549.5
9842,4378525.5
9843,4148216.0
9844,4122150.25
9845,4569330.0
9846,4381710.0
9847,4177096.25
9848,4561772.0
9849,4431817.0
9850,4189768.75
9851,4814013.0
9852,4686756.0
9853,5004385.0
9854,5416416.5
9855,5734086.5
9856,6156303.0
9857,6267933.0
9858,5986284.0
9859,5698009.5
9860,5841912.0
9861,5845116.5
9862,5801814.5
9863,5987925.5
9864,5849228.5
9865,6145840.0
9866,6001795.5
9867,5881085.5
9868,5239171.0
9869,5516621.5
9870,5132743.0
9871,5406382.0
9872,5121829.0
9873,4909393.5
9874,4480730.5
9875,4162688.0
9876,4160030.75
9877,4197664.0
9878,4266359.0
9879,4662516.0
9880,4643044.0
9881,4804209.0
9882,5215453.0
9883,4936060.5
9884,4799215.5
9885,4817886.0
9886,5290685.5
9887,5788931.5
9888,6090836.0
9889,5922700.5
9890,5940557.5
9891,5790491.5
9892,5621137.5
9893,5779923.0
9894,5312718.0
9895,5691191.5
9896,5967956.0
9897,6225420.5
9898,6066784.0
9899,5999760.0
9900,5752985.5
9901,5418607.5
9902,5380558.0
9903,5247602.5
9904,4670987.5
9905,4461029.5
9906,3761456.25
9907,4093660.75
9908,4339173.5
9909,4416197.5
9910,4510631.0
9911,4665623.0
9912,4807059.5
9913,4432798.0
9914,4858136.0
9915,4658047.0
9916,4560243.0
9917,5053668.0
9918,5206151.0
9919,5031554.0
9920,4874683.5
9921,5308408.0
9922,5326373.0
9923,5314891.5
9924,5135223.0
9925,5666085.0
9926,5843923.0
9927,5605175.0
9928,5318435.0
9929,5340029.0
9930,5553212.5
9931,5295494.5
9932,5595840.5
9933,5858648.5
9934,5419538.0
9935,5315954.5
9936,5634380.5
9937,5563298.0
9938,5374701.0
9939,5403058.0
9940,5406533.0
9941,5229026.0
9942,5662708.5
9943,5343855.0
9944,5699060.0
9945,5257900.5
9946,5069346.5
9947,5065300.5
9948,5056471.0
9949,4445661.5
9950,4717223.5
9951,4363746.0
9952,4327438.5
9953,4494842.5
9954,5119389.5
9955,4695947.0
9956,4916411.0
9957,5206283.0
9958,5228204.0
9959,5050873.5
9960,4966886.0
9961,4761505.0
9962,4897839.0
9963,5201568.0
9964,5201283.5
9965,5233107.0
9966,5328841.5
9967,5205152.5
9968,5040542.0
9969,5152939.0
9970,5418726.5
9971,5592852.0
9972,5989314.0
9973,5892001.5
9974,5654280.0
9975,5404213.5
9976,5252687.0
9977,5085379.5
9978,5827440.0
9979,5296620.5
9980,5498878.5
9981,5335343.5
9982,4993562.5
9983,4795601.0
9984,4461504.0
9985,4422421.5
9986,4825110.5
9987,4731794.0
9988,4796350.5
9989,4629573.5
9990,4518063.5
9991,4466898.0
9992,4596882.5
9993,5004807.0
9994,4251579.0
9995,4840949.0
9996,4793833.5
9997,4744015.0
9998,4232290.0
9999,4109513.5
10000,4732816.5
